"","contrast","estimate","SE","df","t.ratio","p.value"
"1","NR0 F Order1 - NR1 F Order1",-2.6,6.47954947535002,19,-0.401262465838267,1
"2","NR0 F Order1 - NR2 F Order1",-0.599999999999999,5.59184870412501,19,-0.107299040397389,1
"3","NR0 F Order1 - NR3 F Order1",-1,5.30028135631877,19,-0.188669229569831,1
"4","NR0 F Order1 - NR4 F Order1",3.10862446895044e-15,3.64667596778698,19,8.52454261472795e-16,1
"5","NR0 F Order1 - NR5 F Order1",0,3.10630372098698,19,0,1
"6","NR0 F Order1 - NR6 F Order1",4.44089209850063e-16,3.96453576849158,19,1.12015437817333e-16,1
"7","NR0 F Order1 - PR0 F Order1",-2.40000000000001,6.70378264522247,19,-0.358006833904496,1
"8","NR0 F Order1 - PR1 F Order1",-3.99999999999999,7.81810763660516,19,-0.511632761522954,1
"9","NR0 F Order1 - PR2 F Order1",-4.99999999999999,6.4017541455722,19,-0.781035929575374,1
"10","NR0 F Order1 - PR3 F Order1",-8.59999999999999,6.02628744343291,19,-1.42708094838253,0.999985334269833
"11","NR0 F Order1 - PR4 F Order1",-1.2,6.12698947281616,19,-0.195854751395295,1
"12","NR0 F Order1 - PR5 F Order1",2.22044604925031e-16,6.91108948681298,19,3.21287411121957e-17,1
"13","NR0 F Order1 - PR6 F Order1",-1.99840144432528e-15,4.50924975282289,19,-4.43178256665477e-16,1
"14","NR0 F Order1 - NR0 M Order1",0,0,19,NA,NA
"15","NR0 F Order1 - NR1 M Order1",4.44089209850063e-16,5.91499235019996,19,7.5078577208143e-17,1
"16","NR0 F Order1 - NR2 M Order1",-8.88178419700125e-16,5.10463612234217,19,-1.7399446276155e-16,1
"17","NR0 F Order1 - NR3 M Order1",-8.88178419700125e-16,4.83847276663311,19,-1.83565861076071e-16,1
"18","NR0 F Order1 - NR4 M Order1",2.22044604925031e-15,3.32894447911485,19,6.67012040357224e-16,1
"19","NR0 F Order1 - NR5 M Order1",-1.77635683940025e-15,2.835654364078,19,-6.26436304051401e-16,1
"20","NR0 F Order1 - NR6 M Order1",-0.5,3.61910945073153,19,-0.138155534339791,1
"21","NR0 F Order1 - PR0 M Order1",1.77635683940025e-15,6.11968829233333,19,2.90269169693765e-16,1
"22","NR0 F Order1 - PR1 M Order1",-6.66666666666667,7.13692318262008,19,-0.934109348815946,1
"23","NR0 F Order1 - PR2 M Order1",-6.66666666666666,5.84397525522018,19,-1.1407759916012,1
"24","NR0 F Order1 - PR3 M Order1",-6.5,5.50122261796391,19,-1.18155552890636,0.999999893119151
"25","NR0 F Order1 - PR4 M Order1",-7.83333333333334,5.59315057309683,19,-1.40052251963533,0.999990593854595
"26","NR0 F Order1 - PR5 M Order1",-10.1666666666667,6.30893268144045,19,-1.61147173064231,0.999796576136281
"27","NR0 F Order1 - PR6 M Order1",-7.83333333333334,4.11636301174282,19,-1.90297437592045,0.99619892776559
"28","NR0 F Order1 - NR0 F Order2",0,0,19,NA,NA
"29","NR0 F Order1 - NR1 F Order2",-11.3333333333333,5.91499235019996,19,-1.91603516324923,0.995780949766185
"30","NR0 F Order1 - NR2 F Order2",-10.3333333333333,5.10463612234217,19,-2.02430361061506,0.990669524707562
"31","NR0 F Order1 - NR3 F Order2",-11.8333333333333,4.83847276663311,19,-2.44567529963957,0.919656019999423
"32","NR0 F Order1 - NR4 F Order2",-0.666666666666667,3.32894447911485,19,-0.200263678426962,1
"33","NR0 F Order1 - NR5 F Order2",-1.66666666666667,2.835654364078,19,-0.587753813645259,1
"34","NR0 F Order1 - NR6 F Order2",-4.16666666666666,3.61910945073153,19,-1.15129611949825,0.999999949767473
"35","NR0 F Order1 - PR0 F Order2",-0.833333333333321,6.11968829233333,19,-0.136172512965621,1
"36","NR0 F Order1 - PR1 F Order2",-1,7.13692318262008,19,-0.140116402322392,1
"37","NR0 F Order1 - PR2 F Order2",-5.32907051820075e-15,5.84397525522018,19,-9.11891355706976e-16,1
"38","NR0 F Order1 - PR3 F Order2",-2.99760216648792e-15,5.50122261796391,19,-5.44897448196231e-16,1
"39","NR0 F Order1 - PR4 F Order2",-2.33333333333333,5.59315057309683,19,-0.417176920742437,1
"40","NR0 F Order1 - PR5 F Order2",-6.33333333333333,6.30893268144045,19,-1.00386763548209,1
"41","NR0 F Order1 - PR6 F Order2",-2.66666666666667,4.11636301174282,19,-0.647821064143133,1
"42","NR0 F Order1 - NR0 M Order2",0,0,19,NA,NA
"43","NR0 F Order1 - NR1 M Order2",4.44089209850063e-16,5.91499235019996,19,7.5078577208143e-17,1
"44","NR0 F Order1 - NR2 M Order2",-3.5527136788005e-15,5.10463612234217,19,-6.95977851046198e-16,1
"45","NR0 F Order1 - NR3 M Order2",-1.77635683940025e-15,4.83847276663311,19,-3.67131722152141e-16,1
"46","NR0 F Order1 - NR4 M Order2",-10,3.32894447911485,19,-3.00395517640443,0.659009229799925
"47","NR0 F Order1 - NR5 M Order2",-11.6666666666667,2.835654364078,19,-4.11427669551681,0.153444418880362
"48","NR0 F Order1 - NR6 M Order2",-15.8333333333333,3.61910945073153,19,-4.37492525409337,0.0987871010184181
"49","NR0 F Order1 - PR0 M Order2",-26.6666666666667,6.11968829233333,19,-4.35752041489994,0.101808454802191
"50","NR0 F Order1 - PR1 M Order2",-25.3333333333333,7.13692318262008,19,-3.54961552550059,0.358129128319672
"51","NR0 F Order1 - PR2 M Order2",-22,5.84397525522018,19,-3.76456077228396,0.264822125341175
"52","NR0 F Order1 - PR3 M Order2",-16.6666666666667,5.50122261796391,19,-3.02962956129837,0.644162115095582
"53","NR0 F Order1 - PR4 M Order2",-16.3333333333333,5.59315057309683,19,-2.92023844519706,0.706665729334555
"54","NR0 F Order1 - PR5 M Order2",-22.3333333333333,6.30893268144045,19,-3.53995429354212,0.362763255639937
"55","NR0 F Order1 - PR6 M Order2",-12.5,4.11636301174282,19,-3.03666123817094,0.640083411824901
"56","NR1 F Order1 - NR2 F Order1",2,1.22259430806186,19,1.63586562346305,0.999726489508288
"57","NR1 F Order1 - NR3 F Order1",1.6,2.06397674405503,19,0.775202532978416,1
"58","NR1 F Order1 - NR4 F Order1",2.60000000000001,7.49914615022645,19,0.346706137994323,1
"59","NR1 F Order1 - NR5 F Order1",2.6,7.3498060602173,19,0.353750830797178,1
"60","NR1 F Order1 - NR6 F Order1",2.6,7.97916145618446,19,0.325848776751447,1
"61","NR1 F Order1 - PR0 F Order1",0.199999999999997,9.42205326451184,19,0.0212267957296842,1
"62","NR1 F Order1 - PR1 F Order1",-1.39999999999999,10.2778248774012,19,-0.136215591985645,1
"63","NR1 F Order1 - PR2 F Order1",-2.39999999999998,9.18343283290574,19,-0.261340181135794,1
"64","NR1 F Order1 - PR3 F Order1",-5.99999999999999,8.93495010245347,19,-0.671520258221972,1
"65","NR1 F Order1 - PR4 F Order1",1.40000000000001,9.1210379526309,19,0.153491302993228,1
"66","NR1 F Order1 - PR5 F Order1",2.6,9.94054253876076,19,0.261555140462598,1
"67","NR1 F Order1 - PR6 F Order1",2.6,8.1323698020006,19,0.319710006222342,1
"68","NR1 F Order1 - NR0 M Order1",2.6,6.47954947535002,19,0.401262465838267,1
"69","NR1 F Order1 - NR1 M Order1",2.6,8.77335146374706,19,0.296351971164455,1
"70","NR1 F Order1 - NR2 M Order1",2.6,8.24874968374173,19,0.31519928470185,1
"71","NR1 F Order1 - NR3 M Order1",2.6,8.0867410071647,19,0.321513944578719,1
"72","NR1 F Order1 - NR4 M Order1",2.6,7.284671080326,19,0.356913849826649,1
"73","NR1 F Order1 - NR5 M Order1",2.6,7.07287049761435,19,0.367601810449799,1
"74","NR1 F Order1 - NR6 M Order1",2.1,7.42175953665187,19,0.28295177034897,1
"75","NR1 F Order1 - PR0 M Order1",2.6,8.91263968747926,19,0.291720532992326,1
"76","NR1 F Order1 - PR1 M Order1",-4.06666666666667,9.63951419513083,19,-0.421874648903038,1
"77","NR1 F Order1 - PR2 M Order1",-4.06666666666666,8.72562938630415,19,-0.466059981077096,1
"78","NR1 F Order1 - PR3 M Order1",-3.9,8.49988304013099,19,-0.458829842903332,1
"79","NR1 F Order1 - PR4 M Order1",-5.23333333333333,8.55966674216013,19,-0.611394519316607,1
"80","NR1 F Order1 - PR5 M Order1",-7.56666666666667,9.04362720275754,19,-0.836684938136269,1
"81","NR1 F Order1 - PR6 M Order1",-5.23333333333334,7.67652303116152,19,-0.681732251970003,1
"82","NR1 F Order1 - NR0 F Order2",2.6,6.47954947535002,19,0.401262465838267,1
"83","NR1 F Order1 - NR1 F Order2",-8.73333333333333,8.77335146374706,19,-0.995438672372914,1
"84","NR1 F Order1 - NR2 F Order2",-7.73333333333333,8.24874968374173,19,-0.937515821164475,1
"85","NR1 F Order1 - NR3 F Order2",-9.23333333333333,8.0867410071647,19,-1.14178670061929,1
"86","NR1 F Order1 - NR4 F Order2",1.93333333333334,7.284671080326,19,0.265397478076226,1
"87","NR1 F Order1 - NR5 F Order2",0.933333333333336,7.07287049761435,19,0.131959624264031,1
"88","NR1 F Order1 - NR6 F Order2",-1.56666666666666,7.42175953665187,19,-0.211091003276215,1
"89","NR1 F Order1 - PR0 F Order2",1.76666666666668,8.91263968747926,19,0.198220362161453,1
"90","NR1 F Order1 - PR1 F Order2",1.6,9.63951419513083,19,0.165983468420868,1
"91","NR1 F Order1 - PR2 F Order2",2.6,8.72562938630415,19,0.297972774786996,1
"92","NR1 F Order1 - PR3 F Order2",2.6,8.49988304013099,19,0.305886561935555,1
"93","NR1 F Order1 - PR4 F Order2",0.266666666666671,8.55966674216013,19,0.0311538608568977,1
"94","NR1 F Order1 - PR5 F Order2",-3.73333333333333,9.04362720275754,19,-0.412813713970317,1
"95","NR1 F Order1 - PR6 F Order2",-0.0666666666666631,7.67652303116152,19,-0.00868448728624161,1
"96","NR1 F Order1 - NR0 M Order2",2.6,6.47954947535002,19,0.401262465838267,1
"97","NR1 F Order1 - NR1 M Order2",2.6,8.77335146374707,19,0.296351971164455,1
"98","NR1 F Order1 - NR2 M Order2",2.6,8.24874968374173,19,0.315199284701849,1
"99","NR1 F Order1 - NR3 M Order2",2.6,8.0867410071647,19,0.321513944578719,1
"100","NR1 F Order1 - NR4 M Order2",-7.4,7.284671080326,19,-1.01583172642969,1
"101","NR1 F Order1 - NR5 M Order2",-9.06666666666666,7.07287049761435,19,-1.28189349285058,0.999998986891544
"102","NR1 F Order1 - NR6 M Order2",-13.2333333333333,7.42175953665187,19,-1.78304528299272,0.998677511431492
"103","NR1 F Order1 - PR0 M Order2",-24.0666666666667,8.91263968747926,19,-2.70028493359562,0.820965545950415
"104","NR1 F Order1 - PR1 M Order2",-22.7333333333333,9.63951419513083,19,-2.35834844714649,0.943263414886935
"105","NR1 F Order1 - PR2 M Order2",-19.4,8.72562938630415,19,-2.22333531956451,0.969761113389324
"106","NR1 F Order1 - PR3 M Order2",-14.0666666666667,8.49988304013099,19,-1.65492473252313,0.999657843825128
"107","NR1 F Order1 - PR4 M Order2",-13.7333333333333,8.55966674216013,19,-1.6044238341302,0.999813632540519
"108","NR1 F Order1 - PR5 M Order2",-19.7333333333333,9.04362720275754,19,-2.18201534527168,0.975677049078629
"109","NR1 F Order1 - PR6 M Order2",-9.9,7.67652303116152,19,-1.28964636200695,0.999998812411651
"110","NR2 F Order1 - NR3 F Order1",-0.400000000000002,1.23416283153272,19,-0.32410634138385,1
"111","NR2 F Order1 - NR4 F Order1",0.600000000000002,6.74071160801708,19,0.0890113737081395,1
"112","NR2 F Order1 - NR5 F Order1",0.599999999999999,6.56455126671529,19,0.0914000021665184,1
"113","NR2 F Order1 - NR6 F Order1",0.599999999999999,7.24050497415075,19,0.0828671483746027,1
"114","NR2 F Order1 - PR0 F Order1",-1.80000000000001,8.8004983909904,19,-0.204533870700184,1
"115","NR2 F Order1 - PR1 F Order1",-3.39999999999999,9.69275366880901,19,-0.350777510310727,1
"116","NR2 F Order1 - PR2 F Order1",-4.39999999999999,8.51862767961247,19,-0.51651512021478,1
"117","NR2 F Order1 - PR3 F Order1",-8,8.24248727576986,19,-0.97058081284727,1
"118","NR2 F Order1 - PR4 F Order1",-0.599999999999998,8.48116592448211,19,-0.070744990174996,1
"119","NR2 F Order1 - PR5 F Order1",0.599999999999999,9.34337179455191,19,0.0642166461094759,1
"120","NR2 F Order1 - PR6 F Order1",0.599999999999997,7.42177923530092,19,0.0808431483849802,1
"121","NR2 F Order1 - NR0 M Order1",0.599999999999999,5.59184870412501,19,0.107299040397389,1
"122","NR2 F Order1 - NR1 M Order1",0.599999999999999,8.13977311924286,19,0.0737121282387549,1
"123","NR2 F Order1 - NR2 M Order1",0.599999999999998,7.57139893753757,19,0.0792455931789977,1
"124","NR2 F Order1 - NR3 M Order1",0.599999999999998,7.39456493941833,19,0.0811406762825988,1
"125","NR2 F Order1 - NR4 M Order1",0.600000000000001,6.50773718544732,19,0.0921979457532071,1
"126","NR2 F Order1 - NR5 M Order1",0.599999999999997,6.26974541766563,19,0.0956976655398857,1
"127","NR2 F Order1 - NR6 M Order1",0.0999999999999983,6.66083516882071,19,0.0150131323573502,1
"128","NR2 F Order1 - PR0 M Order1",0.600000000000001,8.28971391093482,19,0.0723788548611492,1
"129","NR2 F Order1 - PR1 M Order1",-6.06666666666667,9.06666666666667,19,-0.669117647058824,1
"130","NR2 F Order1 - PR2 M Order1",-6.06666666666667,8.08831371260106,19,-0.750053334011414,1
"131","NR2 F Order1 - PR3 M Order1",-5.9,7.84424771550607,19,-0.752143508718779,1
"132","NR2 F Order1 - PR4 M Order1",-7.23333333333334,7.90898889006414,19,-0.91457118398793,1
"133","NR2 F Order1 - PR5 M Order1",-9.56666666666667,8.43038572716409,19,-1.13478397979363,1
"134","NR2 F Order1 - PR6 M Order1",-7.23333333333334,6.94357374658533,19,-1.04173061269645,1
"135","NR2 F Order1 - NR0 F Order2",0.599999999999999,5.59184870412501,19,0.107299040397389,1
"136","NR2 F Order1 - NR1 F Order2",-10.7333333333333,8.13977311924286,19,-1.31862807182662,0.999997885821106
"137","NR2 F Order1 - NR2 F Order2",-9.73333333333333,7.57139893753757,19,-1.28553962268152,0.999998908015497
"138","NR2 F Order1 - NR3 F Order2",-11.2333333333333,7.39456493941833,19,-1.51913377262422,0.999940213186725
"139","NR2 F Order1 - NR4 F Order2",-0.0666666666666687,6.50773718544732,19,-0.0102442161948011,1
"140","NR2 F Order1 - NR5 F Order2",-1.06666666666667,6.26974541766563,19,-0.17012918318202,1
"141","NR2 F Order1 - NR6 F Order2",-3.56666666666667,6.66083516882071,19,-0.535468387412165,1
"142","NR2 F Order1 - PR0 F Order2",-0.233333333333323,8.28971391093482,19,-0.0281473324460012,1
"143","NR2 F Order1 - PR1 F Order2",-0.400000000000002,9.06666666666667,19,-0.0441176470588237,1
"144","NR2 F Order1 - PR2 F Order2",0.599999999999993,8.08831371260106,19,0.0741810989681611,1
"145","NR2 F Order1 - PR3 F Order2",0.599999999999996,7.84424771550607,19,0.0764891703781803,1
"146","NR2 F Order1 - PR4 F Order2",-1.73333333333333,7.90898889006414,19,-0.219159915057015,1
"147","NR2 F Order1 - PR5 F Order2",-5.73333333333333,8.43038572716409,19,-0.680079597646355,1
"148","NR2 F Order1 - PR6 F Order2",-2.06666666666667,6.94357374658533,19,-0.297637317913272,1
"149","NR2 F Order1 - NR0 M Order2",0.599999999999999,5.59184870412501,19,0.107299040397389,1
"150","NR2 F Order1 - NR1 M Order2",0.599999999999999,8.13977311924286,19,0.0737121282387549,1
"151","NR2 F Order1 - NR2 M Order2",0.599999999999995,7.57139893753757,19,0.0792455931789974,1
"152","NR2 F Order1 - NR3 M Order2",0.599999999999997,7.39456493941833,19,0.0811406762825987,1
"153","NR2 F Order1 - NR4 M Order2",-9.4,6.50773718544732,19,-1.44443448346691,0.999980587049476
"154","NR2 F Order1 - NR5 M Order2",-11.0666666666667,6.26974541766563,19,-1.76509027551346,0.998889267262087
"155","NR2 F Order1 - NR6 M Order2",-15.2333333333333,6.66083516882071,19,-2.28700049576972,0.958704419763479
"156","NR2 F Order1 - PR0 M Order2",-26.0666666666667,8.28971391093482,19,-3.1444591389677,0.577300802019073
"157","NR2 F Order1 - PR1 M Order2",-24.7333333333333,9.06666666666667,19,-2.72794117647059,0.807807224304398
"158","NR2 F Order1 - PR2 M Order2",-21.4,8.08831371260106,19,-2.64579252986444,0.845617475062318
"159","NR2 F Order1 - PR3 M Order2",-16.0666666666667,7.84424771550607,19,-2.04821000679351,0.989057736504186
"160","NR2 F Order1 - PR4 M Order2",-15.7333333333333,7.90898889006414,19,-1.98929769051752,0.992684744412768
"161","NR2 F Order1 - PR5 M Order2",-21.7333333333333,8.43038572716409,19,-2.57797614921758,0.873734478313633
"162","NR2 F Order1 - PR6 M Order2",-11.9,6.94357374658533,19,-1.71381487895223,0.999342501516651
"163","NR3 F Order1 - NR4 F Order1",1,6.43905299782289,19,0.155302340319006,1
"164","NR3 F Order1 - NR5 F Order1",1,6.1577222947815,19,0.162397710083073,1
"165","NR3 F Order1 - NR6 F Order1",1,6.65200141363617,19,0.150330695653502,1
"166","NR3 F Order1 - PR0 F Order1",-1.4,8.49181236209223,19,-0.16486468851451,1
"167","NR3 F Order1 - PR1 F Order1",-2.99999999999999,9.43537576302469,19,-0.317952360917769,1
"168","NR3 F Order1 - PR2 F Order1",-3.99999999999999,8.18353074403686,19,-0.488786579425352,1
"169","NR3 F Order1 - PR3 F Order1",-7.59999999999999,7.81689578087893,19,-0.972252952200093,1
"170","NR3 F Order1 - PR4 F Order1",-0.199999999999996,8.28344364358757,19,-0.0241445476791311,1
"171","NR3 F Order1 - PR5 F Order1",1,9.23703453590728,19,0.108259852890306,1
"172","NR3 F Order1 - PR6 F Order1",0.999999999999999,7.23963263582859,19,0.138128555729616,1
"173","NR3 F Order1 - NR0 M Order1",1,5.30028135631877,19,0.188669229569831,1
"174","NR3 F Order1 - NR1 M Order1",1,7.94229922371755,19,0.125908124565966,1
"175","NR3 F Order1 - NR2 M Order1",1,7.35868822533343,19,0.135893785601263,1
"176","NR3 F Order1 - NR3 M Order1",1,7.17661488235161,19,0.139341460618035,1
"177","NR3 F Order1 - NR4 M Order1",1,6.25898185020292,19,0.159770394599815,1
"178","NR3 F Order1 - NR5 M Order1",0.999999999999999,6.01114948480363,19,0.166357533201932,1
"179","NR3 F Order1 - NR6 M Order1",0.5,6.41801649051439,19,0.0779056895131048,1
"180","NR3 F Order1 - PR0 M Order1",1,8.09589817447465,19,0.123519340096554,1
"181","NR3 F Order1 - PR1 M Order1",-5.66666666666667,8.88980623921356,19,-0.637434215570482,1
"182","NR3 F Order1 - PR2 M Order1",-5.66666666666666,7.88955190361063,19,-0.718249494508469,1
"183","NR3 F Order1 - PR3 M Order1",-5.5,7.63913822027969,19,-0.719976500150121,1
"184","NR3 F Order1 - PR4 M Order1",-6.83333333333333,7.70560288293354,19,-0.886800609523738,1
"185","NR3 F Order1 - PR5 M Order1",-9.16666666666667,8.23987949153917,19,-1.11247581667658,1
"186","NR3 F Order1 - PR6 M Order1",-6.83333333333334,6.71099298916224,19,-1.01822984234504,1
"187","NR3 F Order1 - NR0 F Order2",1,5.30028135631877,19,0.188669229569831,1
"188","NR3 F Order1 - NR1 F Order2",-10.3333333333333,7.94229922371755,19,-1.30105062051498,0.999998505051335
"189","NR3 F Order1 - NR2 F Order2",-9.33333333333333,7.35868822533343,19,-1.26834199894512,0.999999236301284
"190","NR3 F Order1 - NR3 F Order2",-10.8333333333333,7.17661488235161,19,-1.50953249002871,0.999947891321723
"191","NR3 F Order1 - NR4 F Order2",0.333333333333333,6.25898185020292,19,0.0532567981999383,1
"192","NR3 F Order1 - NR5 F Order2",-0.666666666666666,6.01114948480363,19,-0.110905022134622,1
"193","NR3 F Order1 - NR6 F Order2",-3.16666666666666,6.41801649051439,19,-0.493402700249663,1
"194","NR3 F Order1 - PR0 F Order2",0.166666666666679,8.09589817447465,19,0.0205865566827605,1
"195","NR3 F Order1 - PR1 F Order2",4.44089209850063e-16,8.88980623921356,19,4.9954880668957e-17,1
"196","NR3 F Order1 - PR2 F Order2",0.999999999999996,7.88955190361063,19,0.126749910795612,1
"197","NR3 F Order1 - PR3 F Order2",0.999999999999998,7.63913822027969,19,0.130904818209113,1
"198","NR3 F Order1 - PR4 F Order2",-1.33333333333333,7.70560288293354,19,-0.173034265272924,1
"199","NR3 F Order1 - PR5 F Order2",-5.33333333333333,8.23987949153917,19,-0.647258656975466,1
"200","NR3 F Order1 - PR6 F Order2",-1.66666666666666,6.71099298916224,19,-0.248348742035375,1
"201","NR3 F Order1 - NR0 M Order2",1,5.30028135631877,19,0.188669229569831,1
"202","NR3 F Order1 - NR1 M Order2",1,7.94229922371755,19,0.125908124565966,1
"203","NR3 F Order1 - NR2 M Order2",0.999999999999997,7.35868822533343,19,0.135893785601263,1
"204","NR3 F Order1 - NR3 M Order2",0.999999999999999,7.17661488235161,19,0.139341460618035,1
"205","NR3 F Order1 - NR4 M Order2",-9,6.25898185020292,19,-1.43793355139833,0.999982507581462
"206","NR3 F Order1 - NR5 M Order2",-10.6666666666667,6.01114948480363,19,-1.77448035415395,0.998782441315085
"207","NR3 F Order1 - NR6 M Order2",-14.8333333333333,6.41801649051439,19,-2.31120212222211,0.953840911598618
"208","NR3 F Order1 - PR0 M Order2",-25.6666666666667,8.09589817447465,19,-3.17032972914487,0.56227282161588
"209","NR3 F Order1 - PR1 M Order2",-24.3333333333333,8.88980623921356,19,-2.7372175139203,0.803301988318599
"210","NR3 F Order1 - PR2 M Order2",-21,7.88955190361063,19,-2.66174812670786,0.83858148787619
"211","NR3 F Order1 - PR3 M Order2",-15.6666666666667,7.63913822027969,19,-2.05084215194277,0.988867722377949
"212","NR3 F Order1 - PR4 M Order2",-15.3333333333333,7.70560288293354,19,-1.98989405063863,0.992653605290568
"213","NR3 F Order1 - PR5 M Order2",-21.3333333333333,8.23987949153917,19,-2.58903462790187,0.869353173661312
"214","NR3 F Order1 - PR6 M Order2",-11.5,6.71099298916224,19,-1.71360632004409,0.999343955888479
"215","NR4 F Order1 - NR5 F Order1",-3.10862446895044e-15,3.71813950834403,19,-8.3606988440704e-16,1
"216","NR4 F Order1 - NR6 F Order1",-2.66453525910038e-15,3.89308879308926,19,-6.84427045134515e-16,1
"217","NR4 F Order1 - PR0 F Order1",-2.40000000000001,6.24024853306228,19,-0.384600066373038,1
"218","NR4 F Order1 - PR1 F Order1",-4,5.58946377241663,19,-0.715632154150376,1
"219","NR4 F Order1 - PR2 F Order1",-4.99999999999999,5.02275523746067,19,-0.995469570706738,1
"220","NR4 F Order1 - PR3 F Order1",-8.6,5.29485019584985,19,-1.62421970063303,0.999762220513214
"221","NR4 F Order1 - PR4 F Order1",-1.2,4.54022953280187,19,-0.264303817974475,1
"222","NR4 F Order1 - PR5 F Order1",-2.88657986402541e-15,6.05370699828235,19,-4.76828473007437e-16,1
"223","NR4 F Order1 - PR6 F Order1",-5.10702591327572e-15,3.65100322670407,19,-1.39880071206787e-15,1
"224","NR4 F Order1 - NR0 M Order1",-3.10862446895044e-15,3.64667596778698,19,-8.52454261472795e-16,1
"225","NR4 F Order1 - NR1 M Order1",-2.66453525910038e-15,6.94876824458544,19,-3.83454328207968e-16,1
"226","NR4 F Order1 - NR2 M Order1",-3.99680288865056e-15,6.27340063725852,19,-6.3710308328039e-16,1
"227","NR4 F Order1 - NR3 M Order1",-3.99680288865056e-15,6.0588005683869,19,-6.59668996121897e-16,1
"228","NR4 F Order1 - NR4 M Order1",-8.88178419700125e-16,4.9376226019274,19,-1.79879770348067e-16,1
"229","NR4 F Order1 - NR5 M Order1",-4.88498130835069e-15,4.61943516964463,19,-1.05748454712624e-15,1
"230","NR4 F Order1 - NR6 M Order1",-0.500000000000004,5.13772311733606,19,-0.0973193744740485,1
"231","NR4 F Order1 - PR0 M Order1",-1.33226762955019e-15,7.12382133474421,19,-1.87015867881536e-16,1
"232","NR4 F Order1 - PR1 M Order1",-6.66666666666667,8.01460654858709,19,-0.831814590803831,1
"233","NR4 F Order1 - PR2 M Order1",-6.66666666666667,6.8884172636144,19,-0.967808193310378,1
"234","NR4 F Order1 - PR3 M Order1",-6.5,6.60012847650959,19,-0.984829314025333,1
"235","NR4 F Order1 - PR4 M Order1",-7.83333333333334,6.67694383287507,19,-1.1731914374904,0.999999912920155
"236","NR4 F Order1 - PR5 M Order1",-10.1666666666667,7.28703486975206,19,-1.39517195243126,0.999991418381235
"237","NR4 F Order1 - PR6 M Order1",-7.83333333333334,5.49933541971023,19,-1.42441454021113,0.999985962283764
"238","NR4 F Order1 - NR0 F Order2",-3.10862446895044e-15,3.64667596778698,19,-8.52454261472795e-16,1
"239","NR4 F Order1 - NR1 F Order2",-11.3333333333333,6.94876824458544,19,-1.63098450465151,0.999741999852854
"240","NR4 F Order1 - NR2 F Order2",-10.3333333333333,6.27340063725852,19,-1.64716617522598,0.999687414526415
"241","NR4 F Order1 - NR3 F Order2",-11.8333333333333,6.0588005683869,19,-1.95308183521939,0.994386856999581
"242","NR4 F Order1 - NR4 F Order2",-0.666666666666671,4.9376226019274,19,-0.135017744451841,1
"243","NR4 F Order1 - NR5 F Order2",-1.66666666666667,4.61943516964463,19,-0.36079447063544,1
"244","NR4 F Order1 - NR6 F Order2",-4.16666666666667,5.13772311733606,19,-0.810994787283731,1
"245","NR4 F Order1 - PR0 F Order2",-0.833333333333325,7.12382133474421,19,-0.116978415681062,1
"246","NR4 F Order1 - PR1 F Order2",-1,8.01460654858708,19,-0.124772188620575,1
"247","NR4 F Order1 - PR2 F Order2",-8.43769498715119e-15,6.88841726361439,19,-1.22491055118282e-15,1
"248","NR4 F Order1 - PR3 F Order2",-6.10622663543836e-15,6.60012847650959,19,-9.25167844409535e-16,1
"249","NR4 F Order1 - PR4 F Order2",-2.33333333333333,6.67694383287507,19,-0.349461279252458,1
"250","NR4 F Order1 - PR5 F Order2",-6.33333333333333,7.28703486975206,19,-0.869123511350622,1
"251","NR4 F Order1 - PR6 F Order2",-2.66666666666667,5.49933541971023,19,-0.484907077518683,1
"252","NR4 F Order1 - NR0 M Order2",-3.10862446895044e-15,3.64667596778698,19,-8.52454261472795e-16,1
"253","NR4 F Order1 - NR1 M Order2",-2.66453525910038e-15,6.94876824458544,19,-3.83454328207968e-16,1
"254","NR4 F Order1 - NR2 M Order2",-6.66133814775094e-15,6.27340063725852,19,-1.06183847213398e-15,1
"255","NR4 F Order1 - NR3 M Order2",-4.88498130835069e-15,6.0588005683869,19,-8.06262106371207e-16,1
"256","NR4 F Order1 - NR4 M Order2",-10,4.9376226019274,19,-2.02526616677761,0.990608481958049
"257","NR4 F Order1 - NR5 M Order2",-11.6666666666667,4.61943516964463,19,-2.52556129444808,0.893379176586672
"258","NR4 F Order1 - NR6 M Order2",-15.8333333333333,5.13772311733606,19,-3.08178019167818,0.613829538739987
"259","NR4 F Order1 - PR0 M Order2",-26.6666666666667,7.12382133474421,19,-3.74330930179402,0.273190893902989
"260","NR4 F Order1 - PR1 M Order2",-25.3333333333333,8.01460654858709,19,-3.16089544505456,0.56774714824438
"261","NR4 F Order1 - PR2 M Order2",-22,6.8884172636144,19,-3.19376703792425,0.548710549601759
"262","NR4 F Order1 - PR3 M Order2",-16.6666666666667,6.60012847650959,19,-2.52520336929573,0.893506855782898
"263","NR4 F Order1 - PR4 M Order2",-16.3333333333333,6.67694383287507,19,-2.44622895476721,0.919489341081977
"264","NR4 F Order1 - PR5 M Order2",-22.3333333333333,7.28703486975206,19,-3.06480396107851,0.623720503340997
"265","NR4 F Order1 - PR6 M Order2",-12.5,5.49933541971023,19,-2.27300192586883,0.961347682563367
"266","NR5 F Order1 - NR6 F Order1",4.44089209850063e-16,2.40576792277343,19,1.84593536910287e-16,1
"267","NR5 F Order1 - PR0 F Order1",-2.40000000000001,5.16672891869684,19,-0.464510532247033,1
"268","NR5 F Order1 - PR1 F Order1",-3.99999999999999,6.9509560114911,19,-0.575460410537388,1
"269","NR5 F Order1 - PR2 F Order1",-4.99999999999999,5.65685424949238,19,-0.883883476483182,1
"270","NR5 F Order1 - PR3 F Order1",-8.59999999999999,5.75831968668249,19,-1.49349123840581,0.999958771776884
"271","NR5 F Order1 - PR4 F Order1",-1.2,6.37949016276709,19,-0.188102805926971,1
"272","NR5 F Order1 - PR5 F Order1",2.22044604925031e-16,6.09356865452162,19,3.64391734161011e-17,1
"273","NR5 F Order1 - PR6 F Order1",-1.99840144432528e-15,4.99648999605741,19,-3.99961061845849e-16,1
"274","NR5 F Order1 - NR0 M Order1",0,3.10630372098698,19,0,1
"275","NR5 F Order1 - NR1 M Order1",4.44089209850063e-16,6.68103714328408,19,6.64701004239245e-17,1
"276","NR5 F Order1 - NR2 M Order1",-8.88178419700125e-16,5.97548598429768,19,-1.48637018316848e-16,1
"277","NR5 F Order1 - NR3 M Order1",-8.88178419700125e-16,5.7497775192148,19,-1.5447178899218e-16,1
"278","NR5 F Order1 - NR4 M Order1",2.22044604925031e-15,4.55313014881486,19,4.87674627492974e-16,1
"279","NR5 F Order1 - NR5 M Order1",-1.77635683940025e-15,4.2059551209603,19,-4.22343270033436e-16,1
"280","NR5 F Order1 - NR6 M Order1",-0.5,4.76938948120111,19,-0.104835220937771,1
"281","NR5 F Order1 - PR0 M Order1",1.77635683940025e-15,6.86292267203552,19,2.5883387068288e-16,1
"282","NR5 F Order1 - PR1 M Order1",-6.66666666666667,7.78362353416694,19,-0.856499114763544,1
"283","NR5 F Order1 - PR2 M Order1",-6.66666666666666,6.61824520478376,19,-1.00731635960661,1
"284","NR5 F Order1 - PR3 M Order1",-6.5,6.31763983615837,19,-1.02886523584297,1
"285","NR5 F Order1 - PR4 M Order1",-7.83333333333334,6.39784777408395,19,-1.22437007098921,0.999999707935424
"286","NR5 F Order1 - PR5 M Order1",-10.1666666666667,7.03219413739161,19,-1.4457317969378,0.999980181747429
"287","NR5 F Order1 - PR6 M Order1",-7.83333333333334,5.15689511736103,19,-1.51900187129304,0.99994032516882
"288","NR5 F Order1 - NR0 F Order2",0,3.10630372098698,19,0,1
"289","NR5 F Order1 - NR1 F Order2",-11.3333333333333,6.68103714328408,19,-1.69634341050264,0.999455120435734
"290","NR5 F Order1 - NR2 F Order2",-10.3333333333333,5.97548598429768,19,-1.72928751912182,0.999226562213431
"291","NR5 F Order1 - NR3 F Order2",-11.8333333333333,5.7497775192148,19,-2.05805064522728,0.988334119961599
"292","NR5 F Order1 - NR4 F Order2",-0.666666666666667,4.55313014881486,19,-0.146419418043694,1
"293","NR5 F Order1 - NR5 F Order2",-1.66666666666667,4.2059551209603,19,-0.39626354032188,1
"294","NR5 F Order1 - NR6 F Order2",-4.16666666666666,4.76938948120111,19,-0.873626841148092,1
"295","NR5 F Order1 - PR0 F Order2",-0.833333333333321,6.86292267203552,19,-0.121425429537319,1
"296","NR5 F Order1 - PR1 F Order2",-1,7.78362353416694,19,-0.128474867214532,1
"297","NR5 F Order1 - PR2 F Order2",-5.32907051820075e-15,6.61824520478376,19,-8.05208987172132e-16,1
"298","NR5 F Order1 - PR3 F Order2",-2.99760216648792e-15,6.31763983615837,19,-4.74481332305689e-16,1
"299","NR5 F Order1 - PR4 F Order2",-2.33333333333333,6.39784777408395,19,-0.364705978592531,1
"300","NR5 F Order1 - PR5 F Order2",-6.33333333333333,7.03219413739161,19,-0.900619807928468,1
"301","NR5 F Order1 - PR6 F Order2",-2.66666666666667,5.15689511736103,19,-0.517107020014651,1
"302","NR5 F Order1 - NR0 M Order2",0,3.10630372098698,19,0,1
"303","NR5 F Order1 - NR1 M Order2",4.44089209850063e-16,6.68103714328408,19,6.64701004239245e-17,1
"304","NR5 F Order1 - NR2 M Order2",-3.5527136788005e-15,5.97548598429768,19,-5.94548073267393e-16,1
"305","NR5 F Order1 - NR3 M Order2",-1.77635683940025e-15,5.7497775192148,19,-3.08943577984359e-16,1
"306","NR5 F Order1 - NR4 M Order2",-10,4.55313014881486,19,-2.1962912706554,0.973739277895444
"307","NR5 F Order1 - NR5 M Order2",-11.6666666666667,4.2059551209603,19,-2.77384478225316,0.78508807335402
"308","NR5 F Order1 - NR6 M Order2",-15.8333333333333,4.76938948120111,19,-3.31978199636275,0.477273748278043
"309","NR5 F Order1 - PR0 M Order2",-26.6666666666667,6.86292267203552,19,-3.88561374519428,0.220750061170104
"310","NR5 F Order1 - PR1 M Order2",-25.3333333333333,7.78362353416694,19,-3.25469663610147,0.51379717943148
"311","NR5 F Order1 - PR2 M Order2",-22,6.61824520478376,19,-3.3241439867018,0.474861010132985
"312","NR5 F Order1 - PR3 M Order2",-16.6666666666667,6.31763983615837,19,-2.63811598934094,0.848947063324591
"313","NR5 F Order1 - PR4 M Order2",-16.3333333333333,6.39784777408395,19,-2.55294185014772,0.883350450167042
"314","NR5 F Order1 - PR5 M Order2",-22.3333333333333,7.03219413739161,19,-3.17586984901091,0.559061847628499
"315","NR5 F Order1 - PR6 M Order2",-12.5,5.15689511736103,19,-2.42393915631868,0.926029328398458
"316","NR6 F Order1 - PR0 F Order1",-2.40000000000001,4.40199316896893,19,-0.5452075702703,1
"317","NR6 F Order1 - PR1 F Order1",-3.99999999999999,6.45238973817712,19,-0.619925355149121,1
"318","NR6 F Order1 - PR2 F Order1",-4.99999999999999,5.39834282564177,19,-0.926210165136294,1
"319","NR6 F Order1 - PR3 F Order1",-8.59999999999999,5.43368312295645,19,-1.58272019280373,0.999858521251083
"320","NR6 F Order1 - PR4 F Order1",-1.2,5.82595523377625,19,-0.205974806164479,1
"321","NR6 F Order1 - PR5 F Order1",-2.22044604925031e-16,5.99092881531532,19,-3.7063469083023e-17,1
"322","NR6 F Order1 - PR6 F Order1",-2.44249065417534e-15,4.64323692296732,19,-5.2603188135712e-16,1
"323","NR6 F Order1 - NR0 M Order1",-4.44089209850063e-16,3.96453576849158,19,-1.12015437817333e-16,1
"324","NR6 F Order1 - NR1 M Order1",0,7.12072175854197,19,0,1
"325","NR6 F Order1 - NR2 M Order1",-1.33226762955019e-15,6.46334695039417,19,-2.06126584225676e-16,1
"326","NR6 F Order1 - NR3 M Order1",-1.33226762955019e-15,6.25526678672456,19,-2.12983342673351e-16,1
"327","NR6 F Order1 - NR4 M Order1",1.77635683940025e-15,5.17681516037403,19,3.43137003035648e-16,1
"328","NR6 F Order1 - NR5 M Order1",-2.22044604925031e-15,4.8742670764089,19,-4.55544600745641e-16,1
"329","NR6 F Order1 - NR6 M Order1",-0.500000000000001,5.36800680662976,19,-0.0931444422504226,1
"330","NR6 F Order1 - PR0 M Order1",1.33226762955019e-15,7.29164786964996,19,1.82711460203048e-16,1
"331","NR6 F Order1 - PR1 M Order1",-6.66666666666667,8.16414210889724,19,-0.816578959276245,1
"332","NR6 F Order1 - PR2 M Order1",-6.66666666666666,7.06184045722324,19,-0.944040963124228,1
"333","NR6 F Order1 - PR3 M Order1",-6.5,6.78092870866866,19,-0.958570762097894,1
"334","NR6 F Order1 - PR4 M Order1",-7.83333333333334,6.85571857597601,19,-1.14259843757051,1
"335","NR6 F Order1 - PR5 M Order1",-10.1666666666667,7.45118617661621,19,-1.3644360006159,0.999995010136357
"336","NR6 F Order1 - PR6 M Order1",-7.83333333333334,5.71506678037042,19,-1.37064598444213,0.99999442053752
"337","NR6 F Order1 - NR0 F Order2",-4.44089209850063e-16,3.96453576849158,19,-1.12015437817333e-16,1
"338","NR6 F Order1 - NR1 F Order2",-11.3333333333333,7.12072175854197,19,-1.59159895831317,0.999841465606503
"339","NR6 F Order1 - NR2 F Order2",-10.3333333333333,6.46334695039417,19,-1.59875888028928,0.999826416713844
"340","NR6 F Order1 - NR3 F Order2",-11.8333333333333,6.25526678672456,19,-1.89173919143577,0.996530681039883
"341","NR6 F Order1 - NR4 F Order2",-0.666666666666668,5.17681516037403,19,-0.128779306584031,1
"342","NR6 F Order1 - NR5 F Order2",-1.66666666666667,4.8742670764089,19,-0.341931749028118,1
"343","NR6 F Order1 - NR6 F Order2",-4.16666666666666,5.36800680662976,19,-0.776203685420187,1
"344","NR6 F Order1 - PR0 F Order2",-0.833333333333322,7.29164786964996,19,-0.114286008900938,1
"345","NR6 F Order1 - PR1 F Order2",-1,8.16414210889724,19,-0.122486843891437,1
"346","NR6 F Order1 - PR2 F Order2",-5.77315972805081e-15,7.06184045722323,19,-8.17514890490865e-16,1
"347","NR6 F Order1 - PR3 F Order2",-3.44169137633799e-15,6.78092870866866,19,-5.07554573157239e-16,1
"348","NR6 F Order1 - PR4 F Order2",-2.33333333333333,6.85571857597601,19,-0.340348470765685,1
"349","NR6 F Order1 - PR5 F Order2",-6.33333333333333,7.45118617661621,19,-0.849976524973836,1
"350","NR6 F Order1 - PR6 F Order2",-2.66666666666667,5.71506678037042,19,-0.466602888320725,1
"351","NR6 F Order1 - NR0 M Order2",-4.44089209850063e-16,3.96453576849158,19,-1.12015437817333e-16,1
"352","NR6 F Order1 - NR1 M Order2",0,7.12072175854197,19,0,1
"353","NR6 F Order1 - NR2 M Order2",-3.99680288865056e-15,6.46334695039417,19,-6.18379752677027e-16,1
"354","NR6 F Order1 - NR3 M Order2",-2.22044604925031e-15,6.25526678672456,19,-3.54972237788918e-16,1
"355","NR6 F Order1 - NR4 M Order2",-10,5.17681516037403,19,-1.93168959876047,0.995231153913011
"356","NR6 F Order1 - NR5 M Order2",-11.6666666666667,4.8742670764089,19,-2.39352224319683,0.934392160618329
"357","NR6 F Order1 - NR6 M Order2",-15.8333333333333,5.36800680662976,19,-2.94957400459671,0.690129516724669
"358","NR6 F Order1 - PR0 M Order2",-26.6666666666667,7.29164786964996,19,-3.65715228483007,0.309061452695278
"359","NR6 F Order1 - PR1 M Order2",-25.3333333333333,8.16414210889724,19,-3.10300004524973,0.601456893960581
"360","NR6 F Order1 - PR2 M Order2",-22,7.06184045722324,19,-3.11533517830996,0.594264743103945
"361","NR6 F Order1 - PR3 M Order2",-16.6666666666667,6.78092870866866,19,-2.45787374896896,0.915933638543438
"362","NR6 F Order1 - PR4 M Order2",-16.3333333333333,6.85571857597601,19,-2.3824392953598,0.937279301277516
"363","NR6 F Order1 - PR5 M Order2",-22.3333333333333,7.45118617661621,19,-2.99728564069721,0.662852430878177
"364","NR6 F Order1 - PR6 M Order2",-12.5,5.71506678037042,19,-2.1872010390034,0.974985812346326
"365","PR0 F Order1 - PR1 F Order1",-1.59999999999999,6.09460503448056,19,-0.262527266483702,1
"366","PR0 F Order1 - PR2 F Order1",-2.59999999999998,6.22617564463891,19,-0.417591816934803,1
"367","PR0 F Order1 - PR3 F Order1",-6.19999999999999,5.7116071416328,19,-1.08550883249781,1
"368","PR0 F Order1 - PR4 F Order1",1.20000000000001,6.68892774560803,19,0.179400951189514,1
"369","PR0 F Order1 - PR5 F Order1",2.40000000000001,5.99725083216132,19,0.40018336187134,1
"370","PR0 F Order1 - PR6 F Order1",2.4,5.91848131302546,19,0.405509432752294,1
"371","PR0 F Order1 - NR0 M Order1",2.40000000000001,6.70378264522247,19,0.358006833904496,1
"372","PR0 F Order1 - NR1 M Order1",2.40000000000001,8.94023692400319,19,0.268449261513011,1
"373","PR0 F Order1 - NR2 M Order1",2.4,8.42603178820887,19,0.284831586246623,1
"374","PR0 F Order1 - NR3 M Order1",2.4,8.26749783597409,19,0.290293393190496,1
"375","PR0 F Order1 - NR4 M Order1",2.40000000000001,7.48482285023602,19,0.320648871459173,1
"376","PR0 F Order1 - NR5 M Order1",2.4,7.27884863332798,19,0.329722476850394,1
"377","PR0 F Order1 - NR6 M Order1",1.90000000000001,7.61831050632358,19,0.249399128379305,1
"378","PR0 F Order1 - PR0 M Order1",2.40000000000001,9.07696461101989,19,0.264405569796569,1
"379","PR0 F Order1 - PR1 M Order1",-4.26666666666667,9.79164818960556,19,-0.43574550311111,1
"380","PR0 F Order1 - PR2 M Order1",-4.26666666666666,8.89341039972921,19,-0.479755962549144,1
"381","PR0 F Order1 - PR3 M Order1",-4.1,8.67203275171304,19,-0.472784192286416,1
"382","PR0 F Order1 - PR4 M Order1",-5.43333333333333,8.73063772514467,19,-0.622329491199143,1
"383","PR0 F Order1 - PR5 M Order1",-7.76666666666666,9.20561422900902,19,-0.843688044431853,1
"384","PR0 F Order1 - PR6 M Order1",-5.43333333333334,7.86671126957323,19,-0.690674050075833,1
"385","PR0 F Order1 - NR0 F Order2",2.40000000000001,6.70378264522247,19,0.358006833904496,1
"386","PR0 F Order1 - NR1 F Order2",-8.93333333333333,8.94023692400319,19,-0.999227806742871,1
"387","PR0 F Order1 - NR2 F Order2",-7.93333333333332,8.42603178820887,19,-0.941526632315224,1
"388","PR0 F Order1 - NR3 F Order2",-9.43333333333333,8.26749783597409,19,-1.14101430934598,1
"389","PR0 F Order1 - NR4 F Order2",1.73333333333334,7.48482285023601,19,0.231579740498291,1
"390","PR0 F Order1 - NR5 F Order2",0.733333333333339,7.27884863332798,19,0.100748534593176,1
"391","PR0 F Order1 - NR6 F Order2",-1.76666666666666,7.61831050632358,19,-0.231897435159703,1
"392","PR0 F Order1 - PR0 F Order2",1.56666666666668,9.07696461101989,19,0.172598080283873,1
"393","PR0 F Order1 - PR1 F Order2",1.40000000000001,9.79164818960556,19,0.142978993208334,1
"394","PR0 F Order1 - PR2 F Order2",2.4,8.89341039972921,19,0.269862728933894,1
"395","PR0 F Order1 - PR3 F Order2",2.4,8.67203275171304,19,0.276751722314,1
"396","PR0 F Order1 - PR4 F Order2",0.0666666666666742,8.73063772514467,19,0.00763594467729097,1
"397","PR0 F Order1 - PR5 F Order2",-3.93333333333332,9.20561422900902,19,-0.427275490313127,1
"398","PR0 F Order1 - PR6 F Order2",-0.26666666666666,7.86671126957323,19,-0.0338981128871566,1
"399","PR0 F Order1 - NR0 M Order2",2.40000000000001,6.70378264522247,19,0.358006833904496,1
"400","PR0 F Order1 - NR1 M Order2",2.40000000000001,8.94023692400319,19,0.268449261513011,1
"401","PR0 F Order1 - NR2 M Order2",2.4,8.42603178820887,19,0.284831586246623,1
"402","PR0 F Order1 - NR3 M Order2",2.4,8.26749783597409,19,0.290293393190496,1
"403","PR0 F Order1 - NR4 M Order2",-7.6,7.48482285023602,19,-1.01538809295404,1
"404","PR0 F Order1 - NR5 M Order2",-9.26666666666666,7.27884863332798,19,-1.27309511895013,0.999999156125154
"405","PR0 F Order1 - NR6 M Order2",-13.4333333333333,7.61831050632358,19,-1.76329559187473,0.9989087483329
"406","PR0 F Order1 - PR0 M Order2",-24.2666666666667,9.0769646110199,19,-2.67343409460974,0.833331122385708
"407","PR0 F Order1 - PR1 M Order2",-22.9333333333333,9.79164818960556,19,-2.34213207922222,0.947069101053906
"408","PR0 F Order1 - PR2 M Order2",-19.6,8.89341039972921,19,-2.20387895296014,0.972664326008059
"409","PR0 F Order1 - PR3 M Order2",-14.2666666666667,8.67203275171304,19,-1.64513523819989,0.999694776589176
"410","PR0 F Order1 - PR4 M Order2",-13.9333333333333,8.73063772514467,19,-1.59591243755363,0.999832543772949
"411","PR0 F Order1 - PR5 M Order2",-19.9333333333333,9.20561422900902,19,-2.16534528141737,0.977803428126204
"412","PR0 F Order1 - PR6 M Order2",-10.1,7.86671126957323,19,-1.28389102560109,0.999998944349045
"413","PR1 F Order1 - PR2 F Order1",-0.999999999999995,2.90432224783998,19,-0.344314409581692,1
"414","PR1 F Order1 - PR3 F Order1",-4.6,3.72384445752768,19,-1.23528252924238,0.999999626837198
"415","PR1 F Order1 - PR4 F Order1",2.8,3.50783584004464,19,0.798212951711093,1
"416","PR1 F Order1 - PR5 F Order1",3.99999999999999,5.68732046178934,19,0.703318905075645,1
"417","PR1 F Order1 - PR6 F Order1",3.99999999999999,4.81117121094777,19,0.831398390250181,1
"418","PR1 F Order1 - NR0 M Order1",3.99999999999999,7.81810763660516,19,0.511632761522954,1
"419","PR1 F Order1 - NR1 M Order1",3.99999999999999,9.80356779547466,19,0.408014723154809,1
"420","PR1 F Order1 - NR2 M Order1",3.99999999999999,9.33702934337599,19,0.42840178100519,1
"421","PR1 F Order1 - NR3 M Order1",3.99999999999999,9.19421697215125,19,0.435056080590197,1
"422","PR1 F Order1 - NR4 M Order1",3.99999999999999,8.49733360311181,19,0.47073590220527,1
"423","PR1 F Order1 - NR5 M Order1",3.99999999999999,8.31647417419537,19,0.480973056155375,1
"424","PR1 F Order1 - NR6 M Order1",3.49999999999999,8.61514713942357,19,0.406261198254378,1
"425","PR1 F Order1 - PR0 M Order1",3.99999999999999,9.92841335827963,19,0.402884112058475,1
"426","PR1 F Order1 - PR1 M Order1",-2.66666666666668,10.585767781893,19,-0.251910557798937,1
"427","PR1 F Order1 - PR2 M Order1",-2.66666666666667,9.76088386372718,19,-0.273199302839406,1
"428","PR1 F Order1 - PR3 M Order1",-2.50000000000001,9.55961596037945,19,-0.261516781674227,1
"429","PR1 F Order1 - PR4 M Order1",-3.83333333333334,9.61281126158613,19,-0.398773389908504,1
"430","PR1 F Order1 - PR5 M Order1",-6.16666666666668,10.0461653677655,19,-0.613832884580346,1
"431","PR1 F Order1 - PR6 M Order1",-3.83333333333335,8.83556741030186,19,-0.433852536608329,1
"432","PR1 F Order1 - NR0 F Order2",3.99999999999999,7.81810763660516,19,0.511632761522954,1
"433","PR1 F Order1 - NR1 F Order2",-7.33333333333334,9.80356779547466,19,-0.748026992450486,1
"434","PR1 F Order1 - NR2 F Order2",-6.33333333333334,9.33702934337599,19,-0.678302819924885,1
"435","PR1 F Order1 - NR3 F Order2",-7.83333333333334,9.19421697215125,19,-0.851984824489138,1
"436","PR1 F Order1 - NR4 F Order2",3.33333333333333,8.49733360311181,19,0.392279918504391,1
"437","PR1 F Order1 - NR5 F Order2",2.33333333333333,8.31647417419537,19,0.280567616090635,1
"438","PR1 F Order1 - NR6 F Order2",-0.166666666666671,8.61514713942357,19,-0.0193457713454471,1
"439","PR1 F Order1 - PR0 F Order2",3.16666666666667,9.92841335827963,19,0.318949922046294,1
"440","PR1 F Order1 - PR1 F Order2",2.99999999999999,10.585767781893,19,0.283399377523802,1
"441","PR1 F Order1 - PR2 F Order2",3.99999999999999,9.76088386372718,19,0.409798954259107,1
"442","PR1 F Order1 - PR3 F Order2",3.99999999999999,9.55961596037945,19,0.418426850678761,1
"443","PR1 F Order1 - PR4 F Order2",1.66666666666666,9.61281126158613,19,0.173379734742827,1
"444","PR1 F Order1 - PR5 F Order2",-2.33333333333334,10.0461653677655,19,-0.232261091462833,1
"445","PR1 F Order1 - PR6 F Order2",1.33333333333333,8.83556741030186,19,0.150905230124635,1
"446","PR1 F Order1 - NR0 M Order2",3.99999999999999,7.81810763660516,19,0.511632761522954,1
"447","PR1 F Order1 - NR1 M Order2",3.99999999999999,9.80356779547466,19,0.408014723154809,1
"448","PR1 F Order1 - NR2 M Order2",3.99999999999999,9.33702934337599,19,0.428401781005189,1
"449","PR1 F Order1 - NR3 M Order2",3.99999999999999,9.19421697215125,19,0.435056080590197,1
"450","PR1 F Order1 - NR4 M Order2",-6.00000000000001,8.49733360311181,19,-0.706103853307907,1
"451","PR1 F Order1 - NR5 M Order2",-7.66666666666667,8.31647417419537,19,-0.921865024297805,1
"452","PR1 F Order1 - NR6 M Order2",-11.8333333333333,8.61514713942357,19,-1.37354976552671,0.999994123621729
"453","PR1 F Order1 - PR0 M Order2",-22.6666666666667,9.92841335827964,19,-2.28300996833136,0.959470462039269
"454","PR1 F Order1 - PR1 M Order2",-21.3333333333333,10.585767781893,19,-2.01528446239149,0.991226387168172
"455","PR1 F Order1 - PR2 M Order2",-18,9.76088386372718,19,-1.84409529416599,0.997684025944237
"456","PR1 F Order1 - PR3 M Order2",-12.6666666666667,9.55961596037945,19,-1.32501836048275,0.999997607675749
"457","PR1 F Order1 - PR4 M Order2",-12.3333333333333,9.61281126158613,19,-1.28301003709692,0.99999896331079
"458","PR1 F Order1 - PR5 M Order2",-18.3333333333333,10.0461653677655,19,-1.8249085757794,0.998047608190987
"459","PR1 F Order1 - PR6 M Order2",-8.50000000000001,8.83556741030186,19,-0.962020842044553,1
"460","PR2 F Order1 - PR3 F Order1",-3.60000000000001,2.36946955348919,19,-1.51932739321287,0.999940048466221
"461","PR2 F Order1 - PR4 F Order1",3.79999999999999,3.58109068948495,19,1.06112922835432,1
"462","PR2 F Order1 - PR5 F Order1",4.99999999999999,5.36672659877182,19,0.931666614271769,1
"463","PR2 F Order1 - PR6 F Order1",4.99999999999999,4.31602481172648,19,1.15847341433607,0.999999939705412
"464","PR2 F Order1 - NR0 M Order1",4.99999999999999,6.4017541455722,19,0.781035929575374,1
"465","PR2 F Order1 - NR1 M Order1",4.99999999999999,8.71605361636073,19,0.573654112293962,1
"466","PR2 F Order1 - NR2 M Order1",4.99999999999999,8.18778151161054,19,0.610666026311257,1
"467","PR2 F Order1 - NR3 M Order1",4.99999999999999,8.02454203389833,19,0.623088517560046,1
"468","PR2 F Order1 - NR4 M Order1",4.99999999999999,7.21556148095075,19,0.692946766956405,1
"469","PR2 F Order1 - NR5 M Order1",4.99999999999999,7.0016706444152,19,0.714115281041987,1
"470","PR2 F Order1 - NR6 M Order1",4.49999999999999,7.35393835687553,19,0.611917013934817,1
"471","PR2 F Order1 - PR0 M Order1",4.99999999999999,8.85624304858852,19,0.564573484779968,1
"472","PR2 F Order1 - PR1 M Order1",-1.66666666666668,9.58739425782474,19,-0.173839379277267,1
"473","PR2 F Order1 - PR2 M Order1",-1.66666666666668,8.66801608927767,19,-0.192277754159725,1
"474","PR2 F Order1 - PR3 M Order1",-1.50000000000001,8.44072902258736,19,-0.177709768431852,1
"475","PR2 F Order1 - PR4 M Order1",-2.83333333333335,8.50092874183076,19,-0.333296916064157,1
"476","PR2 F Order1 - PR5 M Order1",-5.16666666666668,8.98805249869505,19,-0.574837170501265,1
"477","PR2 F Order1 - PR6 M Order1",-2.83333333333335,7.6109723810296,19,-0.372269559195282,1
"478","PR2 F Order1 - NR0 F Order2",4.99999999999999,6.4017541455722,19,0.781035929575374,1
"479","PR2 F Order1 - NR1 F Order2",-6.33333333333335,8.71605361636072,19,-0.726628542239022,1
"480","PR2 F Order1 - NR2 F Order2",-5.33333333333334,8.18778151161054,19,-0.651377094732011,1
"481","PR2 F Order1 - NR3 F Order2",-6.83333333333335,8.02454203389833,19,-0.851554307332066,1
"482","PR2 F Order1 - NR4 F Order2",4.33333333333332,7.21556148095075,19,0.60055386469555,1
"483","PR2 F Order1 - NR5 F Order2",3.33333333333332,7.0016706444152,19,0.476076854027991,1
"484","PR2 F Order1 - NR6 F Order2",0.833333333333324,7.35393835687553,19,0.113317965543484,1
"485","PR2 F Order1 - PR0 F Order2",4.16666666666667,8.85624304858852,19,0.470477903983308,1
"486","PR2 F Order1 - PR1 F Order2",3.99999999999999,9.58739425782474,19,0.417214510265434,1
"487","PR2 F Order1 - PR2 F Order2",4.99999999999998,8.66801608927767,19,0.576833262479171,1
"488","PR2 F Order1 - PR3 F Order2",4.99999999999998,8.44072902258736,19,0.592365894772834,1
"489","PR2 F Order1 - PR4 F Order2",2.66666666666666,8.50092874183076,19,0.313691215119204,1
"490","PR2 F Order1 - PR5 F Order2",-1.33333333333334,8.98805249869505,19,-0.148345076258391,1
"491","PR2 F Order1 - PR6 F Order2",2.33333333333332,7.6109723810296,19,0.306574931101993,1
"492","PR2 F Order1 - NR0 M Order2",4.99999999999999,6.4017541455722,19,0.781035929575374,1
"493","PR2 F Order1 - NR1 M Order2",4.99999999999999,8.71605361636073,19,0.573654112293962,1
"494","PR2 F Order1 - NR2 M Order2",4.99999999999998,8.18778151161054,19,0.610666026311257,1
"495","PR2 F Order1 - NR3 M Order2",4.99999999999999,8.02454203389833,19,0.623088517560046,1
"496","PR2 F Order1 - NR4 M Order2",-5.00000000000001,7.21556148095075,19,-0.692946766956408,1
"497","PR2 F Order1 - NR5 M Order2",-6.66666666666668,7.0016706444152,19,-0.952153708055987,1
"498","PR2 F Order1 - NR6 M Order2",-10.8333333333333,7.35393835687553,19,-1.47313355206531,0.999969629432793
"499","PR2 F Order1 - PR0 M Order2",-21.6666666666667,8.85624304858852,19,-2.4464851007132,0.919412154844062
"500","PR2 F Order1 - PR1 M Order2",-20.3333333333333,9.58739425782474,19,-2.12084042718263,0.982800166233202
"501","PR2 F Order1 - PR2 M Order2",-17,8.66801608927767,19,-1.96123309242919,0.994034919701001
"502","PR2 F Order1 - PR3 M Order2",-11.6666666666667,8.44072902258736,19,-1.38218708780328,0.999993153415649
"503","PR2 F Order1 - PR4 M Order2",-11.3333333333333,8.50092874183076,19,-1.33318766425662,0.999997203326235
"504","PR2 F Order1 - PR5 M Order2",-17.3333333333333,8.98805249869505,19,-1.92848599135908,0.995348174133301
"505","PR2 F Order1 - PR6 M Order2",-7.50000000000001,7.6109723810296,19,-0.985419421399271,1
"506","PR3 F Order1 - PR4 F Order1",7.4,3.94328209543909,19,1.8766093373231,0.99693936127805
"507","PR3 F Order1 - PR5 F Order1",8.59999999999999,5.69505787595932,19,1.51008122960495,0.999947477472756
"508","PR3 F Order1 - PR6 F Order1",8.59999999999999,4.26577567451257,19,2.01604600339953,0.991180411549678
"509","PR3 F Order1 - NR0 M Order1",8.59999999999999,6.02628744343291,19,1.42708094838253,0.999985334269833
"510","PR3 F Order1 - NR1 M Order1",8.59999999999999,8.44412664837526,19,1.01845938107225,1
"511","PR3 F Order1 - NR2 M Order1",8.59999999999999,7.89768638858227,19,1.08892650035244,1
"512","PR3 F Order1 - NR3 M Order1",8.59999999999999,7.72832187892867,19,1.11279009010326,1
"513","PR3 F Order1 - NR4 M Order1",8.6,6.88462139089046,19,1.24916092138041,0.999999493572763
"514","PR3 F Order1 - NR5 M Order1",8.59999999999999,6.66011081164509,19,1.29126980664692,0.999998772537432
"515","PR3 F Order1 - NR6 M Order1",8.09999999999999,7.02951588427336,19,1.15228418760978,0.999999948482094
"516","PR3 F Order1 - PR0 M Order1",8.6,8.58875573911605,19,1.00130918391738,1
"517","PR3 F Order1 - PR1 M Order1",1.93333333333332,9.34086788609587,19,0.206975771085591,1
"518","PR3 F Order1 - PR2 M Order1",1.93333333333333,8.39453316953974,19,0.230308618035913,1
"519","PR3 F Order1 - PR3 M Order1",2.09999999999999,8.15963177130407,19,0.257364555026283,1
"520","PR3 F Order1 - PR4 M Order1",0.766666666666658,8.22188990951658,19,0.0932470119527222,1
"521","PR3 F Order1 - PR5 M Order1",-1.56666666666668,8.72460726507644,19,-0.179568732329976,1
"522","PR3 F Order1 - PR6 M Order1",0.766666666666653,7.29798498185092,19,0.1050518284942,1
"523","PR3 F Order1 - NR0 F Order2",8.59999999999999,6.02628744343291,19,1.42708094838253,0.999985334269833
"524","PR3 F Order1 - NR1 F Order2",-2.73333333333334,8.44412664837526,19,-0.323696392433819,1
"525","PR3 F Order1 - NR2 F Order2",-1.73333333333334,7.89768638858227,19,-0.21947355821057,1
"526","PR3 F Order1 - NR3 F Order2",-3.23333333333334,7.72832187892866,19,-0.418374568759752,1
"527","PR3 F Order1 - NR4 F Order2",7.93333333333333,6.88462139089045,19,1.15232674142844,0.999999948426052
"528","PR3 F Order1 - NR5 F Order2",6.93333333333333,6.66011081164509,19,1.04102372008744,1
"529","PR3 F Order1 - NR6 F Order2",4.43333333333333,7.02951588427336,19,0.630674061531281,1
"530","PR3 F Order1 - PR0 F Order2",7.76666666666667,8.58875573911604,19,0.904283100204456,1
"531","PR3 F Order1 - PR1 F Order2",7.59999999999999,9.34086788609587,19,0.813628893233015,1
"532","PR3 F Order1 - PR2 F Order2",8.59999999999999,8.39453316953974,19,1.02447626643561,1
"533","PR3 F Order1 - PR3 F Order2",8.59999999999999,8.15963177130407,19,1.05396913010764,1
"534","PR3 F Order1 - PR4 F Order2",6.26666666666666,8.22188990951658,19,0.762192967265737,1
"535","PR3 F Order1 - PR5 F Order2",2.26666666666667,8.72460726507644,19,0.259801570179538,1
"536","PR3 F Order1 - PR6 F Order2",5.93333333333333,7.29798498185092,19,0.813009803129043,1
"537","PR3 F Order1 - NR0 M Order2",8.59999999999999,6.02628744343291,19,1.42708094838253,0.999985334269833
"538","PR3 F Order1 - NR1 M Order2",8.59999999999999,8.44412664837526,19,1.01845938107225,1
"539","PR3 F Order1 - NR2 M Order2",8.59999999999999,7.89768638858227,19,1.08892650035244,1
"540","PR3 F Order1 - NR3 M Order2",8.59999999999999,7.72832187892867,19,1.11279009010326,1
"541","PR3 F Order1 - NR4 M Order2",-1.40000000000001,6.88462139089046,19,-0.203351777899138,1
"542","PR3 F Order1 - NR5 M Order2",-3.06666666666667,6.66011081164509,19,-0.460452799269444,1
"543","PR3 F Order1 - NR6 M Order2",-7.23333333333334,7.02951588427336,19,-1.02899452144577,1
"544","PR3 F Order1 - PR0 M Order2",-18.0666666666667,8.58875573911605,19,-2.1035254948962,0.984493453350416
"545","PR3 F Order1 - PR1 M Order2",-16.7333333333333,9.34086788609587,19,-1.79141098422357,0.998567718109616
"546","PR3 F Order1 - PR2 M Order2",-13.4,8.39453316953974,19,-1.5962769732834,0.999831769891536
"547","PR3 F Order1 - PR3 M Order2",-8.06666666666667,8.15963177130407,19,-0.988606703434297,1
"548","PR3 F Order1 - PR4 M Order2",-7.73333333333334,8.22188990951658,19,-0.940578555349209,1
"549","PR3 F Order1 - PR5 M Order2",-13.7333333333333,8.72460726507644,19,-1.57409186638191,0.999873520228291
"550","PR3 F Order1 - PR6 M Order2",-3.90000000000001,7.29798498185092,19,-0.534394084079204,1
"551","PR4 F Order1 - PR5 F Order1",1.2,4.45105940474416,19,0.269598738385962,1
"552","PR4 F Order1 - PR6 F Order1",1.19999999999999,2.16422264314992,19,0.554471603833445,1
"553","PR4 F Order1 - NR0 M Order1",1.2,6.12698947281616,19,0.195854751395295,1
"554","PR4 F Order1 - NR1 M Order1",1.2,8.51628642677805,19,0.140906486684947,1
"555","PR4 F Order1 - NR2 M Order1",1.2,7.97479215663459,19,0.150474141072337,1
"556","PR4 F Order1 - NR3 M Order1",1.2,7.80710053178837,19,0.153706231284447,1
"557","PR4 F Order1 - NR4 M Order1",1.2,6.97293850145183,19,0.17209387401741,1
"558","PR4 F Order1 - NR5 M Order1",1.19999999999999,6.75136546726028,19,0.17774182212757,1
"559","PR4 F Order1 - NR6 M Order1",0.699999999999996,7.11603493642171,19,0.0983693877635725,1
"560","PR4 F Order1 - PR0 M Order1",1.2,8.65971043368782,19,0.138572762818002,1
"561","PR4 F Order1 - PR1 M Order1",-5.46666666666667,9.40615078098474,19,-0.581179995298179,1
"562","PR4 F Order1 - PR2 M Order1",-5.46666666666667,8.46711561180227,19,-0.64563505652937,1
"563","PR4 F Order1 - PR3 M Order1",-5.3,8.23428505047024,19,-0.64365029477542,1
"564","PR4 F Order1 - PR4 M Order1",-6.63333333333334,8.29598296365978,19,-0.79958376992701,1
"565","PR4 F Order1 - PR5 M Order1",-8.96666666666667,8.7944659632605,19,-1.01958057534426,1
"566","PR4 F Order1 - PR6 M Order1",-6.63333333333334,7.38135789976644,19,-0.898660303891136,1
"567","PR4 F Order1 - NR0 F Order2",1.2,6.12698947281616,19,0.195854751395295,1
"568","PR4 F Order1 - NR1 F Order2",-10.1333333333333,8.51628642677805,19,-1.18987699867289,0.999999869322164
"569","PR4 F Order1 - NR2 F Order2",-9.13333333333333,7.97479215663459,19,-1.14527540705057,1
"570","PR4 F Order1 - NR3 F Order2",-10.6333333333333,7.80710053178837,19,-1.36200799388164,0.999995224767843
"571","PR4 F Order1 - NR4 F Order2",0.533333333333329,6.97293850145183,19,0.0764861662299595,1
"572","PR4 F Order1 - NR5 F Order2",-0.466666666666671,6.75136546726028,19,-0.0691218197162781,1
"573","PR4 F Order1 - NR6 F Order2",-2.96666666666667,7.11603493642171,19,-0.416898833855143,1
"574","PR4 F Order1 - PR0 F Order2",0.366666666666675,8.65971043368782,19,0.0423416775277238,1
"575","PR4 F Order1 - PR1 F Order2",0.199999999999996,9.40615078098474,19,0.021262682754811,1
"576","PR4 F Order1 - PR2 F Order2",1.19999999999999,8.46711561180227,19,0.141724768506446,1
"577","PR4 F Order1 - PR3 F Order2",1.19999999999999,8.23428505047024,19,0.145732142213302,1
"578","PR4 F Order1 - PR4 F Order2",-1.13333333333334,8.29598296365978,19,-0.13661230239959,1
"579","PR4 F Order1 - PR5 F Order2",-5.13333333333333,8.7944659632605,19,-0.583700403728685,1
"580","PR4 F Order1 - PR6 F Order2",-1.46666666666667,7.38135789976644,19,-0.198698760659347,1
"581","PR4 F Order1 - NR0 M Order2",1.2,6.12698947281616,19,0.195854751395295,1
"582","PR4 F Order1 - NR1 M Order2",1.2,8.51628642677805,19,0.140906486684947,1
"583","PR4 F Order1 - NR2 M Order2",1.19999999999999,7.97479215663459,19,0.150474141072336,1
"584","PR4 F Order1 - NR3 M Order2",1.19999999999999,7.80710053178837,19,0.153706231284447,1
"585","PR4 F Order1 - NR4 M Order2",-8.80000000000001,6.97293850145183,19,-1.26202174279434,0.999999332035782
"586","PR4 F Order1 - NR5 M Order2",-10.4666666666667,6.75136546726028,19,-1.55030367077937,0.99990785150905
"587","PR4 F Order1 - NR6 M Order2",-14.6333333333333,7.11603493642171,19,-2.05638862991469,0.988458888149767
"588","PR4 F Order1 - PR0 M Order2",-25.4666666666667,8.65971043368782,19,-2.94082196647093,0.695084247471872
"589","PR4 F Order1 - PR1 M Order2",-24.1333333333333,9.40615078098474,19,-2.56569705241391,0.878503807942658
"590","PR4 F Order1 - PR2 M Order2",-20.8,8.46711561180227,19,-2.45656265411175,0.916338748483211
"591","PR4 F Order1 - PR3 M Order2",-15.4666666666667,8.23428505047024,19,-1.87832538852701,0.996895112055642
"592","PR4 F Order1 - PR4 M Order2",-15.1333333333333,8.29598296365978,19,-1.82417603792393,0.998060480047262
"593","PR4 F Order1 - PR5 M Order2",-21.1333333333333,8.7944659632605,19,-2.40302633742848,0.931848444913716
"594","PR4 F Order1 - PR6 M Order2",-11.3,7.38135789976644,19,-1.53088363326178,0.999929453054709
"595","PR5 F Order1 - PR6 F Order1",-2.22044604925031e-15,3.74938591463217,19,-5.92215925435925e-16,1
"596","PR5 F Order1 - NR0 M Order1",-2.22044604925031e-16,6.91108948681298,19,-3.21287411121957e-17,1
"597","PR5 F Order1 - NR1 M Order1",2.22044604925031e-16,9.09671877094488,19,2.44093074124977e-17,1
"598","PR5 F Order1 - NR2 M Order1",-1.11022302462516e-15,8.59188383512355,19,-1.29217648414493e-16,1
"599","PR5 F Order1 - NR3 M Order1",-1.11022302462516e-15,8.43646706911057,19,-1.31598098532281e-16,1
"600","PR5 F Order1 - NR4 M Order1",1.99840144432528e-15,7.67105137772953,19,2.60512066198254e-16,1
"601","PR5 F Order1 - NR5 M Order1",-1.99840144432528e-15,7.47021375646316,19,-2.67515965335836e-16,1
"602","PR5 F Order1 - NR6 M Order1",-0.500000000000001,7.80135315897897,19,-0.064091445395537,1
"603","PR5 F Order1 - PR0 M Order1",1.55431223447522e-15,9.23112900408495,19,1.6837726282315e-16,1
"604","PR5 F Order1 - PR1 M Order1",-6.66666666666667,9.93472850204558,19,-0.671046688925016,1
"605","PR5 F Order1 - PR2 M Order1",-6.66666666666666,9.05070188871353,19,-0.736591122836581,1
"606","PR5 F Order1 - PR3 M Order1",-6.5,8.83326712984129,19,-0.735854571638749,1
"607","PR5 F Order1 - PR4 M Order1",-7.83333333333334,8.89080936855977,19,-0.88105964357239,1
"608","PR5 F Order1 - PR5 M Order1",-10.1666666666667,9.35765940145741,19,-1.08645401916245,1
"609","PR5 F Order1 - PR6 M Order1",-7.83333333333334,8.0441035758611,19,-0.973798168989241,1
"610","PR5 F Order1 - NR0 F Order2",-2.22044604925031e-16,6.91108948681298,19,-3.21287411121957e-17,1
"611","PR5 F Order1 - NR1 F Order2",-11.3333333333333,9.09671877094488,19,-1.24587047469603,0.99999952864727
"612","PR5 F Order1 - NR2 F Order2",-10.3333333333333,8.59188383512355,19,-1.20268541004835,0.999999822892784
"613","PR5 F Order1 - NR3 F Order2",-11.8333333333333,8.43646706911057,19,-1.40264084911326,0.999990248006081
"614","PR5 F Order1 - NR4 F Order2",-0.666666666666668,7.67105137772953,19,-0.0869068180930353,1
"615","PR5 F Order1 - NR5 F Order2",-1.66666666666667,7.47021375646316,19,-0.223108296630024,1
"616","PR5 F Order1 - NR6 F Order2",-4.16666666666666,7.80135315897897,19,-0.534095378296141,1
"617","PR5 F Order1 - PR0 F Order2",-0.833333333333322,9.23112900408495,19,-0.0902742592985707,1
"618","PR5 F Order1 - PR1 F Order2",-1,9.93472850204558,19,-0.100657003338752,1
"619","PR5 F Order1 - PR2 F Order2",-5.55111512312578e-15,9.05070188871353,19,-6.13335318230752e-16,1
"620","PR5 F Order1 - PR3 F Order2",-3.21964677141295e-15,8.83326712984129,19,-3.6449104550864e-16,1
"621","PR5 F Order1 - PR4 F Order2",-2.33333333333333,8.89080936855977,19,-0.262443298085392,1
"622","PR5 F Order1 - PR5 F Order2",-6.33333333333333,9.35765940145741,19,-0.676807421773328,1
"623","PR5 F Order1 - PR6 F Order2",-2.66666666666667,8.0441035758611,19,-0.331505759655911,1
"624","PR5 F Order1 - NR0 M Order2",-2.22044604925031e-16,6.91108948681298,19,-3.21287411121957e-17,1
"625","PR5 F Order1 - NR1 M Order2",2.22044604925031e-16,9.09671877094488,19,2.44093074124977e-17,1
"626","PR5 F Order1 - NR2 M Order2",-3.77475828372553e-15,8.59188383512355,19,-4.39340004609275e-16,1
"627","PR5 F Order1 - NR3 M Order2",-1.99840144432528e-15,8.43646706911057,19,-2.36876577358106e-16,1
"628","PR5 F Order1 - NR4 M Order2",-10,7.67105137772953,19,-1.30360227139553,0.999998426953729
"629","PR5 F Order1 - NR5 M Order2",-11.6666666666667,7.47021375646316,19,-1.56175807641017,0.999892519249582
"630","PR5 F Order1 - NR6 M Order2",-15.8333333333333,7.80135315897897,19,-2.02956243752534,0.990332167207919
"631","PR5 F Order1 - PR0 M Order2",-26.6666666666667,9.23112900408496,19,-2.8887762975543,0.724149899036684
"632","PR5 F Order1 - PR1 M Order2",-25.3333333333333,9.93472850204558,19,-2.54997741791506,0.884461036656971
"633","PR5 F Order1 - PR2 M Order2",-22,9.05070188871353,19,-2.43075070536072,0.924067823693609
"634","PR5 F Order1 - PR3 M Order2",-16.6666666666667,8.83326712984129,19,-1.88680659394551,0.996668591915123
"635","PR5 F Order1 - PR4 M Order2",-16.3333333333333,8.89080936855977,19,-1.83710308659775,0.997822573056973
"636","PR5 F Order1 - PR5 M Order2",-22.3333333333333,9.35765940145741,19,-2.38663669783226,0.936195864390448
"637","PR5 F Order1 - PR6 M Order2",-12.5,8.0441035758611,19,-1.55393324838708,0.999903218039383
"638","PR6 F Order1 - NR0 M Order1",1.99840144432528e-15,4.50924975282289,19,4.43178256665477e-16,1
"639","PR6 F Order1 - NR1 M Order1",2.44249065417534e-15,7.43777304280369,19,3.28390049026642e-16,1
"640","PR6 F Order1 - NR2 M Order1",1.11022302462516e-15,6.8110677044685,19,1.63002787932467e-16,1
"641","PR6 F Order1 - NR3 M Order1",1.11022302462516e-15,6.61393619917698,19,1.67861163336185e-16,1
"642","PR6 F Order1 - NR4 M Order1",4.21884749357559e-15,5.60492682185616,19,7.52703403213828e-16,1
"643","PR6 F Order1 - NR5 M Order1",2.22044604925031e-16,5.32675032321283,19,4.1684815591489e-17,1
"644","PR6 F Order1 - NR6 M Order1",-0.499999999999998,5.78197946638585,19,-0.0864755751740042,1
"645","PR6 F Order1 - PR0 M Order1",3.77475828372553e-15,7.60157339822848,19,4.96575917375898e-16,1
"646","PR6 F Order1 - PR1 M Order1",-6.66666666666667,8.44209724227062,19,-0.789693185869247,1
"647","PR6 F Order1 - PR2 M Order1",-6.66666666666666,7.38142128027923,19,-0.903168429700367,1
"648","PR6 F Order1 - PR3 M Order1",-6.5,7.11314161434531,19,-0.913801573539775,1
"649","PR6 F Order1 - PR4 M Order1",-7.83333333333333,7.1844740006953,19,-1.0903141040771,1
"650","PR6 F Order1 - PR5 M Order1",-10.1666666666667,7.7547382233239,19,-1.3110264168671,0.999998177918531
"651","PR6 F Order1 - PR6 M Order1",-7.83333333333334,6.10555302800473,19,-1.28298506251664,0.999998963843721
"652","PR6 F Order1 - NR0 F Order2",1.99840144432528e-15,4.50924975282289,19,4.43178256665477e-16,1
"653","PR6 F Order1 - NR1 F Order2",-11.3333333333333,7.43777304280369,19,-1.52375358432034,0.999936170766023
"654","PR6 F Order1 - NR2 F Order2",-10.3333333333333,6.8110677044685,19,-1.51713854298556,0.999941887223479
"655","PR6 F Order1 - NR3 F Order2",-11.8333333333333,6.61393619917698,19,-1.78915141860695,0.998598107219764
"656","PR6 F Order1 - NR4 F Order2",-0.666666666666665,5.60492682185616,19,-0.118942974253835,1
"657","PR6 F Order1 - NR5 F Order2",-1.66666666666666,5.32675032321283,19,-0.312886199941396,1
"658","PR6 F Order1 - NR6 F Order2",-4.16666666666666,5.78197946638585,19,-0.720629793116703,1
"659","PR6 F Order1 - PR0 F Order2",-0.833333333333319,7.60157339822848,19,-0.109626427277217,1
"660","PR6 F Order1 - PR1 F Order2",-0.999999999999998,8.44209724227062,19,-0.118453977880387,1
"661","PR6 F Order1 - PR2 F Order2",-3.33066907387547e-15,7.38142128027923,19,-4.51223273595553e-16,1
"662","PR6 F Order1 - PR3 F Order2",-9.99200722162641e-16,7.11314161434531,19,-1.40472491106816e-16,1
"663","PR6 F Order1 - PR4 F Order2",-2.33333333333333,7.1844740006953,19,-0.324774413980413,1
"664","PR6 F Order1 - PR5 F Order2",-6.33333333333333,7.7547382233239,19,-0.816704980999176,1
"665","PR6 F Order1 - PR6 F Order2",-2.66666666666666,6.10555302800473,19,-0.436760872346091,1
"666","PR6 F Order1 - NR0 M Order2",1.99840144432528e-15,4.50924975282289,19,4.43178256665477e-16,1
"667","PR6 F Order1 - NR1 M Order2",2.44249065417534e-15,7.43777304280369,19,3.28390049026642e-16,1
"668","PR6 F Order1 - NR2 M Order2",-1.55431223447522e-15,6.8110677044685,19,-2.28203903105454e-16,1
"669","PR6 F Order1 - NR3 M Order2",2.22044604925031e-16,6.61393619917698,19,3.35722326672371e-17,1
"670","PR6 F Order1 - NR4 M Order2",-10,5.60492682185616,19,-1.78414461380753,0.998663504071414
"671","PR6 F Order1 - NR5 M Order2",-11.6666666666667,5.32675032321283,19,-2.19020339958977,0.974579035748818
"672","PR6 F Order1 - NR6 M Order2",-15.8333333333333,5.78197946638585,19,-2.73839321384348,0.802727789044164
"673","PR6 F Order1 - PR0 M Order2",-26.6666666666667,7.60157339822848,19,-3.50804567287099,0.378322782550819
"674","PR6 F Order1 - PR1 M Order2",-25.3333333333333,8.44209724227062,19,-3.00083410630314,0.660808471941219
"675","PR6 F Order1 - PR2 M Order2",-22,7.38142128027923,19,-2.98045581801121,0.672520434681863
"676","PR6 F Order1 - PR3 M Order2",-16.6666666666667,7.11314161434531,19,-2.3430809577943,0.946851298755383
"677","PR6 F Order1 - PR4 M Order2",-16.3333333333333,7.1844740006953,19,-2.2734208978629,0.961270348935142
"678","PR6 F Order1 - PR5 M Order2",-22.3333333333333,7.7547382233239,19,-2.8799596698392,0.728996773918557
"679","PR6 F Order1 - PR6 M Order2",-12.5,6.10555302800473,19,-2.0473165891223,0.989121651332703
"680","NR0 M Order1 - NR1 M Order1",4.44089209850063e-16,5.91499235019996,19,7.5078577208143e-17,1
"681","NR0 M Order1 - NR2 M Order1",-8.88178419700125e-16,5.10463612234217,19,-1.7399446276155e-16,1
"682","NR0 M Order1 - NR3 M Order1",-8.88178419700125e-16,4.83847276663311,19,-1.83565861076071e-16,1
"683","NR0 M Order1 - NR4 M Order1",2.22044604925031e-15,3.32894447911485,19,6.67012040357224e-16,1
"684","NR0 M Order1 - NR5 M Order1",-1.77635683940025e-15,2.835654364078,19,-6.26436304051401e-16,1
"685","NR0 M Order1 - NR6 M Order1",-0.5,3.61910945073153,19,-0.138155534339791,1
"686","NR0 M Order1 - PR0 M Order1",1.77635683940025e-15,6.11968829233333,19,2.90269169693765e-16,1
"687","NR0 M Order1 - PR1 M Order1",-6.66666666666667,7.13692318262008,19,-0.934109348815946,1
"688","NR0 M Order1 - PR2 M Order1",-6.66666666666666,5.84397525522018,19,-1.1407759916012,1
"689","NR0 M Order1 - PR3 M Order1",-6.5,5.50122261796391,19,-1.18155552890636,0.999999893119151
"690","NR0 M Order1 - PR4 M Order1",-7.83333333333334,5.59315057309683,19,-1.40052251963533,0.999990593854595
"691","NR0 M Order1 - PR5 M Order1",-10.1666666666667,6.30893268144045,19,-1.61147173064231,0.999796576136281
"692","NR0 M Order1 - PR6 M Order1",-7.83333333333334,4.11636301174282,19,-1.90297437592045,0.99619892776559
"693","NR0 M Order1 - NR0 F Order2",0,0,19,NA,NA
"694","NR0 M Order1 - NR1 F Order2",-11.3333333333333,5.91499235019996,19,-1.91603516324923,0.995780949766185
"695","NR0 M Order1 - NR2 F Order2",-10.3333333333333,5.10463612234217,19,-2.02430361061506,0.990669524707562
"696","NR0 M Order1 - NR3 F Order2",-11.8333333333333,4.83847276663311,19,-2.44567529963957,0.919656019999423
"697","NR0 M Order1 - NR4 F Order2",-0.666666666666667,3.32894447911485,19,-0.200263678426962,1
"698","NR0 M Order1 - NR5 F Order2",-1.66666666666667,2.835654364078,19,-0.587753813645259,1
"699","NR0 M Order1 - NR6 F Order2",-4.16666666666666,3.61910945073153,19,-1.15129611949825,0.999999949767473
"700","NR0 M Order1 - PR0 F Order2",-0.833333333333321,6.11968829233333,19,-0.136172512965621,1
"701","NR0 M Order1 - PR1 F Order2",-1,7.13692318262008,19,-0.140116402322392,1
"702","NR0 M Order1 - PR2 F Order2",-5.32907051820075e-15,5.84397525522018,19,-9.11891355706976e-16,1
"703","NR0 M Order1 - PR3 F Order2",-2.99760216648792e-15,5.50122261796391,19,-5.44897448196231e-16,1
"704","NR0 M Order1 - PR4 F Order2",-2.33333333333333,5.59315057309683,19,-0.417176920742437,1
"705","NR0 M Order1 - PR5 F Order2",-6.33333333333333,6.30893268144045,19,-1.00386763548209,1
"706","NR0 M Order1 - PR6 F Order2",-2.66666666666667,4.11636301174282,19,-0.647821064143133,1
"707","NR0 M Order1 - NR0 M Order2",0,0,19,NA,NA
"708","NR0 M Order1 - NR1 M Order2",4.44089209850063e-16,5.91499235019996,19,7.5078577208143e-17,1
"709","NR0 M Order1 - NR2 M Order2",-3.5527136788005e-15,5.10463612234217,19,-6.95977851046198e-16,1
"710","NR0 M Order1 - NR3 M Order2",-1.77635683940025e-15,4.83847276663311,19,-3.67131722152141e-16,1
"711","NR0 M Order1 - NR4 M Order2",-10,3.32894447911485,19,-3.00395517640443,0.659009229799925
"712","NR0 M Order1 - NR5 M Order2",-11.6666666666667,2.835654364078,19,-4.11427669551681,0.153444418880362
"713","NR0 M Order1 - NR6 M Order2",-15.8333333333333,3.61910945073153,19,-4.37492525409337,0.0987871010184181
"714","NR0 M Order1 - PR0 M Order2",-26.6666666666667,6.11968829233333,19,-4.35752041489994,0.101808454802191
"715","NR0 M Order1 - PR1 M Order2",-25.3333333333333,7.13692318262008,19,-3.54961552550059,0.358129128319672
"716","NR0 M Order1 - PR2 M Order2",-22,5.84397525522018,19,-3.76456077228396,0.264822125341175
"717","NR0 M Order1 - PR3 M Order2",-16.6666666666667,5.50122261796391,19,-3.02962956129837,0.644162115095582
"718","NR0 M Order1 - PR4 M Order2",-16.3333333333333,5.59315057309683,19,-2.92023844519706,0.706665729334555
"719","NR0 M Order1 - PR5 M Order2",-22.3333333333333,6.30893268144045,19,-3.53995429354212,0.362763255639937
"720","NR0 M Order1 - PR6 M Order2",-12.5,4.11636301174282,19,-3.03666123817094,0.640083411824901
"721","NR1 M Order1 - NR2 M Order1",-1.33226762955019e-15,1.11607080200484,19,-1.19371246623152e-15,1
"722","NR1 M Order1 - NR3 M Order1",-1.33226762955019e-15,1.88414436814168,19,-7.07094239739282e-16,1
"723","NR1 M Order1 - NR4 M Order1",1.77635683940025e-15,6.84575251417842,19,2.59483064238912e-16,1
"724","NR1 M Order1 - NR5 M Order1",-2.22044604925031e-15,6.70942428744865,19,-3.30944348444934e-16,1
"725","NR1 M Order1 - NR6 M Order1",-0.500000000000001,7.28394453254666,19,-0.0686441251393203,1
"726","NR1 M Order1 - PR0 M Order1",1.33226762955019e-15,8.60111851831387,19,1.54894694999664e-16,1
"727","NR1 M Order1 - PR1 M Order1",-6.66666666666667,9.38232754573398,19,-0.710555737280555,1
"728","NR1 M Order1 - PR2 M Order1",-6.66666666666666,8.38328886319341,19,-0.795232846614229,1
"729","NR1 M Order1 - PR3 M Order1",-6.5,8.15645620216144,19,-0.796914718708049,1
"730","NR1 M Order1 - PR4 M Order1",-7.83333333333334,8.32633039086114,19,-0.940790596290905,1
"731","NR1 M Order1 - PR5 M Order1",-10.1666666666667,9.0744323038649,19,-1.12036393310649,1
"732","NR1 M Order1 - PR6 M Order1",-7.83333333333334,7.42380397754925,19,-1.05516435469236,1
"733","NR1 M Order1 - NR0 F Order2",-4.44089209850063e-16,5.91499235019996,19,-7.5078577208143e-17,1
"734","NR1 M Order1 - NR1 F Order2",-11.3333333333333,8.36506240298588,19,-1.35484145692541,0.999995810082474
"735","NR1 M Order1 - NR2 F Order2",-10.3333333333333,7.81309442183086,19,-1.32256603791458,0.99999771815841
"736","NR1 M Order1 - NR3 F Order2",-11.8333333333333,7.64185535170447,19,-1.54848957337225,0.99991009265939
"737","NR1 M Order1 - NR4 F Order2",-0.666666666666668,6.78741525530546,19,-0.0982209930570493,1
"738","NR1 M Order1 - NR5 F Order2",-1.66666666666667,6.55957850592846,19,-0.254081365923185,1
"739","NR1 M Order1 - NR6 F Order2",-4.16666666666666,6.93434118855557,19,-0.600874193145173,1
"740","NR1 M Order1 - PR0 F Order2",-0.833333333333322,8.51103514845554,19,-0.0979121010309238,1
"741","NR1 M Order1 - PR1 F Order2",-1,9.26945559445342,19,-0.107881200768508,1
"742","NR1 M Order1 - PR2 F Order2",-5.77315972805081e-15,8.31499737140967,19,-6.94306861467122e-16,1
"743","NR1 M Order1 - PR3 F Order2",-3.44169137633799e-15,8.07778340854232,19,-4.26068786729088e-16,1
"744","NR1 M Order1 - PR4 F Order2",-2.33333333333333,8.14066753013887,19,-0.286626781488708,1
"745","NR1 M Order1 - PR5 F Order2",-6.33333333333333,8.64810765901254,19,-0.732337475786753,1
"746","NR1 M Order1 - PR6 F Order2",-2.66666666666667,7.20635684291088,19,-0.370043660728507,1
"747","NR1 M Order1 - NR0 M Order2",-4.44089209850063e-16,5.91499235019996,19,-7.5078577208143e-17,1
"748","NR1 M Order1 - NR1 M Order2",0,8.36506240298588,19,0,1
"749","NR1 M Order1 - NR2 M Order2",-3.99680288865056e-15,7.81309442183086,19,-5.11551847816269e-16,1
"750","NR1 M Order1 - NR3 M Order2",-2.22044604925031e-15,7.64185535170447,19,-2.90563737084484e-16,1
"751","NR1 M Order1 - NR4 M Order2",-10,6.78741525530546,19,-1.47331489585574,0.999969545332052
"752","NR1 M Order1 - NR5 M Order2",-11.6666666666667,6.55957850592846,19,-1.77856956146229,0.99873326194432
"753","NR1 M Order1 - NR6 M Order2",-15.8333333333333,6.93434118855557,19,-2.28332193395166,0.959410937350877
"754","NR1 M Order1 - PR0 M Order2",-26.6666666666667,8.51103514845554,19,-3.1331872329896,0.583862200777981
"755","NR1 M Order1 - PR1 M Order2",-25.3333333333333,9.26945559445342,19,-2.73299041946887,0.805360536887066
"756","NR1 M Order1 - PR2 M Order2",-22,8.31499737140967,19,-2.64582164218655,0.845604778754186
"757","NR1 M Order1 - PR3 M Order2",-16.6666666666667,8.07778340854233,19,-2.06327228940572,0.987935269170817
"758","NR1 M Order1 - PR4 M Order2",-16.3333333333333,8.14066753013887,19,-2.00638747042095,0.991749562530753
"759","NR1 M Order1 - PR5 M Order2",-22.3333333333333,8.64810765901254,19,-2.58245320409013,0.871970472352033
"760","NR1 M Order1 - PR6 M Order2",-12.5,7.20635684291088,19,-1.73457965966488,0.999183073221028
"761","NR2 M Order1 - NR3 M Order1",0,1.12663137077486,19,0,1
"762","NR2 M Order1 - NR4 M Order1",3.10862446895044e-15,6.15339966891312,19,5.05188129523775e-16,1
"763","NR2 M Order1 - NR5 M Order1",-8.88178419700125e-16,5.99258801446513,19,-1.4821282850685e-16,1
"764","NR2 M Order1 - NR6 M Order1",-0.5,6.60964650345121,19,-0.0756470107348291,1
"765","NR2 M Order1 - PR0 M Order1",2.66453525910038e-15,8.03371914338893,19,3.31668958242467e-16,1
"766","NR2 M Order1 - PR1 M Order1",-6.66666666666667,8.84823304791276,19,-0.753446098285046,1
"767","NR2 M Order1 - PR2 M Order1",-6.66666666666666,7.77640756518607,19,-0.857293886770086,1
"768","NR2 M Order1 - PR3 M Order1",-6.5,7.52432701814743,19,-0.863864633251994,1
"769","NR2 M Order1 - PR4 M Order1",-7.83333333333333,7.74220981797168,19,-1.01176970367687,1
"770","NR2 M Order1 - PR5 M Order1",-10.1666666666667,8.52929249172267,19,-1.19197069118371,0.999999862602896
"771","NR2 M Order1 - PR6 M Order1",-7.83333333333334,6.77512650666293,19,-1.15618997307722,0.999999943094252
"772","NR2 M Order1 - NR0 F Order2",8.88178419700125e-16,5.10463612234217,19,1.7399446276155e-16,1
"773","NR2 M Order1 - NR1 F Order2",-11.3333333333333,7.81309442183086,19,-1.45055629964825,0.999978606614022
"774","NR2 M Order1 - NR2 F Order2",-10.3333333333333,7.2190456351959,19,-1.43139881024632,0.999984263210295
"775","NR2 M Order1 - NR3 F Order2",-11.8333333333333,7.03335827716538,19,-1.68245848810967,0.99953233676849
"776","NR2 M Order1 - NR4 F Order2",-0.666666666666667,6.09419242283584,19,-0.109393767116471,1
"777","NR2 M Order1 - NR5 F Order2",-1.66666666666667,5.83937030971963,19,-0.28541890276979,1
"778","NR2 M Order1 - NR6 F Order2",-4.16666666666666,6.25741665209332,19,-0.665876494778843,1
"779","NR2 M Order1 - PR0 F Order2",-0.833333333333321,7.96918406970514,19,-0.104569467343745,1
"780","NR2 M Order1 - PR1 F Order2",-1,8.77456451660938,19,-0.113965769823346,1
"781","NR2 M Order1 - PR2 F Order2",-4.44089209850063e-15,7.75946884297799,19,-5.72319083737214e-16,1
"782","NR2 M Order1 - PR3 F Order2",-2.1094237467878e-15,7.50471586630154,19,-2.81079761628252e-16,1
"783","NR2 M Order1 - PR4 F Order2",-2.33333333333333,7.57236048236307,19,-0.308138174188609,1
"784","NR2 M Order1 - PR5 F Order2",-6.33333333333333,8.11541382311881,19,-0.780407933763183,1
"785","NR2 M Order1 - PR6 F Order2",-2.66666666666667,6.55757229361331,19,-0.406654558618262,1
"786","NR2 M Order1 - NR0 M Order2",8.88178419700125e-16,5.10463612234217,19,1.7399446276155e-16,1
"787","NR2 M Order1 - NR1 M Order2",1.33226762955019e-15,7.81309442183086,19,1.70517282605423e-16,1
"788","NR2 M Order1 - NR2 M Order2",-2.66453525910038e-15,7.2190456351959,19,-3.69097993522806e-16,1
"789","NR2 M Order1 - NR3 M Order2",-8.88178419700125e-16,7.03335827716538,19,-1.26280844043407e-16,1
"790","NR2 M Order1 - NR4 M Order2",-10,6.09419242283584,19,-1.64090650674707,0.999709621312932
"791","NR2 M Order1 - NR5 M Order2",-11.6666666666667,5.83937030971963,19,-1.99793231938853,0.992223448262586
"792","NR2 M Order1 - NR6 M Order2",-15.8333333333333,6.25741665209332,19,-2.53033068015961,0.891669382747324
"793","NR2 M Order1 - PR0 M Order2",-26.6666666666667,7.96918406970514,19,-3.34622295499988,0.462724111655034
"794","NR2 M Order1 - PR1 M Order2",-25.3333333333333,8.77456451660938,19,-2.88713283552475,0.725055226323557
"795","NR2 M Order1 - PR2 M Order2",-22,7.75946884297799,19,-2.83524561348154,0.753172668928596
"796","NR2 M Order1 - PR3 M Order2",-16.6666666666667,7.50471586630155,19,-2.22082580654453,0.970147621104768
"797","NR2 M Order1 - PR4 M Order2",-16.3333333333333,7.57236048236307,19,-2.15696721932027,0.97881820029709
"798","NR2 M Order1 - PR5 M Order2",-22.3333333333333,8.11541382311881,19,-2.75196481905965,0.796048466517352
"799","NR2 M Order1 - PR6 M Order2",-12.5,6.55757229361331,19,-1.9061932435231,0.996099218528368
"800","NR3 M Order1 - NR4 M Order1",3.10862446895044e-15,5.87802429313143,19,5.28855328580883e-16,1
"801","NR3 M Order1 - NR5 M Order1",-8.88178419700125e-16,5.62120567284051,19,-1.58004967509277e-16,1
"802","NR3 M Order1 - NR6 M Order1",-0.5,6.0724187113413,19,-0.0823395130948665,1
"803","NR3 M Order1 - PR0 M Order1",2.66453525910038e-15,7.75192864136524,19,3.43725462703835e-16,1
"804","NR3 M Order1 - PR1 M Order1",-6.66666666666667,8.61328023991023,19,-0.77399857905194,1
"805","NR3 M Order1 - PR2 M Order1",-6.66666666666666,7.47050731424338,19,-0.892398117856856,1
"806","NR3 M Order1 - PR3 M Order1",-6.5,7.13581691475725,19,-0.910897809970104,1
"807","NR3 M Order1 - PR4 M Order1",-7.83333333333333,7.56171489569282,19,-1.03592021669519,1
"808","NR3 M Order1 - PR5 M Order1",-10.1666666666667,8.43222029961781,19,-1.2056927245043,0.999999809965606
"809","NR3 M Order1 - PR6 M Order1",-7.83333333333334,6.6088501711565,19,-1.18527930433662,0.999999883018495
"810","NR3 M Order1 - NR0 F Order2",8.88178419700125e-16,4.83847276663311,19,1.83565861076071e-16,1
"811","NR3 M Order1 - NR1 F Order2",-11.3333333333333,7.64185535170447,19,-1.4830604364692,0.999964706112643
"812","NR3 M Order1 - NR2 F Order2",-10.3333333333333,7.03335827716538,19,-1.46918910229295,0.999971407828736
"813","NR3 M Order1 - NR3 F Order2",-11.8333333333333,6.84263380774542,19,-1.72935358895558,0.999226031776713
"814","NR3 M Order1 - NR4 F Order2",-0.666666666666667,5.87304776572433,19,-0.113512897095337,1
"815","NR3 M Order1 - NR5 F Order2",-1.66666666666667,5.60818637225662,19,-0.297184607649912,1
"816","NR3 M Order1 - NR6 F Order2",-4.16666666666666,6.04224891326272,19,-0.68958871547328,1
"817","NR3 M Order1 - PR0 F Order2",-0.833333333333321,7.80137189914517,19,-0.106818819062405,1
"818","NR3 M Order1 - PR1 F Order2",-1,8.62244114088755,19,-0.115976436795609,1
"819","NR3 M Order1 - PR2 F Order2",-4.44089209850063e-15,7.58701953978478,19,-5.85327621105165e-16,1
"820","NR3 M Order1 - PR3 F Order2",-2.1094237467878e-15,7.32627251785299,19,-2.87925918896336e-16,1
"821","NR3 M Order1 - PR4 F Order2",-2.33333333333333,7.39554947564977,19,-0.315505067069857,1
"822","NR3 M Order1 - PR5 F Order2",-6.33333333333333,7.95068866780719,19,-0.796576698944001,1
"823","NR3 M Order1 - PR6 F Order2",-2.66666666666667,6.35257925238991,19,-0.419777000918711,1
"824","NR3 M Order1 - NR0 M Order2",8.88178419700125e-16,4.83847276663311,19,1.83565861076071e-16,1
"825","NR3 M Order1 - NR1 M Order2",1.33226762955019e-15,7.64185535170447,19,1.7433824225069e-16,1
"826","NR3 M Order1 - NR2 M Order2",-2.66453525910038e-15,7.03335827716538,19,-3.7884253213022e-16,1
"827","NR3 M Order1 - NR3 M Order2",-8.88178419700125e-16,6.84263380774542,19,-1.29800665161237e-16,1
"828","NR3 M Order1 - NR4 M Order2",-10,5.87304776572433,19,-1.70269345643006,0.999416283984501
"829","NR3 M Order1 - NR5 M Order2",-11.6666666666667,5.60818637225662,19,-2.08029225354938,0.986561105334884
"830","NR3 M Order1 - NR6 M Order2",-15.8333333333333,6.04224891326272,19,-2.62043711879847,0.856474966732309
"831","NR3 M Order1 - PR0 M Order2",-26.6666666666667,7.80137189914517,19,-3.41820220999702,0.424122796537884
"832","NR3 M Order1 - PR1 M Order2",-25.3333333333333,8.62244114088755,19,-2.93806973215542,0.6966387518824
"833","NR3 M Order1 - PR2 M Order2",-22,7.58701953978478,19,-2.89968938192877,0.718117458634491
"834","NR3 M Order1 - PR3 M Order2",-16.6666666666667,7.32627251785299,19,-2.27491765096815,0.960993187720213
"835","NR3 M Order1 - PR4 M Order2",-16.3333333333333,7.39554947564977,19,-2.208535469489,0.971988869853551
"836","NR3 M Order1 - PR5 M Order2",-22.3333333333333,7.95068866780719,19,-2.80898099101306,0.767021765426228
"837","NR3 M Order1 - PR6 M Order2",-12.5,6.35257925238991,19,-1.96770469180646,0.993742997513574
"838","NR4 M Order1 - NR5 M Order1",-3.99680288865056e-15,3.39418146778532,19,-1.17754543373264e-15,1
"839","NR4 M Order1 - NR6 M Order1",-0.500000000000003,3.55388758390925,19,-0.140691000543694,1
"840","NR4 M Order1 - PR0 M Order1",-4.44089209850063e-16,5.69654147666122,19,-7.79576891820238e-17,1
"841","NR4 M Order1 - PR1 M Order1",-6.66666666666667,5.10245898751751,19,-1.30655957901392,0.999998331777416
"842","NR4 M Order1 - PR2 M Order1",-6.66666666666667,4.58512724064071,19,-1.45397637116284,0.999977422548306
"843","NR4 M Order1 - PR3 M Order1",-6.5,4.83351481812935,19,-1.34477709173872,0.9999965217408
"844","NR4 M Order1 - PR4 M Order1",-7.83333333333334,4.14464355227788,19,-1.88998962987497,0.996580125916646
"845","NR4 M Order1 - PR5 M Order1",-10.1666666666667,5.52625313247688,19,-1.83970339811596,0.997771882074027
"846","NR4 M Order1 - PR6 M Order1",-7.83333333333334,3.33289470798327,19,-2.3503092715681,0.945172260043187
"847","NR4 M Order1 - NR0 F Order2",-2.22044604925031e-15,3.32894447911485,19,-6.67012040357224e-16,1
"848","NR4 M Order1 - NR1 F Order2",-11.3333333333333,6.78741525530546,19,-1.66975688196984,0.999594477156014
"849","NR4 M Order1 - NR2 F Order2",-10.3333333333333,6.09419242283584,19,-1.6956033903053,0.999459497592218
"850","NR4 M Order1 - NR3 F Order2",-11.8333333333333,5.87304776572433,19,-2.01485392344224,0.991252295387907
"851","NR4 M Order1 - NR4 F Order2",-0.66666666666667,4.70783843075126,19,-0.141607805041068,1
"852","NR4 M Order1 - NR5 F Order2",-1.66666666666667,4.37296318502041,19,-0.381129818877926,1
"853","NR4 M Order1 - NR6 F Order2",-4.16666666666667,4.91729850236932,19,-0.847348735216914,1
"854","NR4 M Order1 - PR0 F Order2",-0.833333333333324,6.9665239639544,19,-0.119619675127092,1
"855","NR4 M Order1 - PR1 F Order2",-1,7.87512183141627,19,-0.126982162486769,1
"856","NR4 M Order1 - PR2 F Order2",-7.54951656745106e-15,6.7256165612273,19,-1.12250178087367e-15,1
"857","NR4 M Order1 - PR3 F Order2",-5.21804821573824e-15,6.43003278665256,19,-8.11511914304674e-16,1
"858","NR4 M Order1 - PR4 F Order2",-2.33333333333333,6.50885586553909,19,-0.358485943080578,1
"859","NR4 M Order1 - PR5 F Order2",-6.33333333333333,7.13333743236478,19,-0.887849957103986,1
"860","NR4 M Order1 - PR6 F Order2",-2.66666666666667,5.29398864651915,19,-0.503715977634373,1
"861","NR4 M Order1 - NR0 M Order2",-2.22044604925031e-15,3.32894447911485,19,-6.67012040357224e-16,1
"862","NR4 M Order1 - NR1 M Order2",-1.77635683940025e-15,6.78741525530546,19,-2.61713299184361e-16,1
"863","NR4 M Order1 - NR2 M Order2",-5.77315972805081e-15,6.09419242283584,19,-9.47321536224871e-16,1
"864","NR4 M Order1 - NR3 M Order2",-3.99680288865056e-15,5.87304776572433,19,-6.80533012514608e-16,1
"865","NR4 M Order1 - NR4 M Order2",-10,4.70783843075126,19,-2.124117075616,0.982464486549749
"866","NR4 M Order1 - NR5 M Order2",-11.6666666666667,4.37296318502041,19,-2.66790873214548,0.835823717922692
"867","NR4 M Order1 - NR6 M Order2",-15.8333333333333,4.91729850236932,19,-3.21992519382427,0.533652110688194
"868","NR4 M Order1 - PR0 M Order2",-26.6666666666667,6.9665239639544,19,-3.82782960406698,0.241028258842387
"869","NR4 M Order1 - PR1 M Order2",-25.3333333333333,7.87512183141627,19,-3.21688144966481,0.535399418755934
"870","NR4 M Order1 - PR2 M Order2",-22,6.7256165612273,19,-3.27107556604229,0.504520361105425
"871","NR4 M Order1 - PR3 M Order2",-16.6666666666667,6.43003278665256,19,-2.59200337224769,0.86816319937926
"872","NR4 M Order1 - PR4 M Order2",-16.3333333333333,6.50885586553909,19,-2.50940160156405,0.89905506082308
"873","NR4 M Order1 - PR5 M Order2",-22.3333333333333,7.13333743236479,19,-3.13083932241932,0.585229697811223
"874","NR4 M Order1 - PR6 M Order2",-12.5,5.29398864651915,19,-2.36116864516112,0.942583412615023
"875","NR5 M Order1 - NR6 M Order1",-0.499999999999999,2.19615559904226,19,-0.227670571346606,1
"876","NR5 M Order1 - PR0 M Order1",3.5527136788005e-15,4.71655662880756,19,7.53243087785993e-16,1
"877","NR5 M Order1 - PR1 M Order1",-6.66666666666667,6.34532567286635,19,-1.05064215934171,1
"878","NR5 M Order1 - PR2 M Order1",-6.66666666666666,5.16397779494323,19,-1.2909944487358,0.99999877938626
"879","NR5 M Order1 - PR3 M Order1",-6.5,5.25660264287013,19,-1.2365401080518,0.999999616257113
"880","NR5 M Order1 - PR4 M Order1",-7.83333333333333,5.82365111254974,19,-1.34508973527841,0.999996501410187
"881","NR5 M Order1 - PR5 M Order1",-10.1666666666667,5.56264167964649,19,-1.82766880417017,0.997998460669284
"882","NR5 M Order1 - PR6 M Order1",-7.83333333333334,4.5611504653159,19,-1.71740296508522,0.9993170418835
"883","NR5 M Order1 - NR0 F Order2",1.77635683940025e-15,2.835654364078,19,6.26436304051401e-16,1
"884","NR5 M Order1 - NR1 F Order2",-11.3333333333333,6.55957850592846,19,-1.72775328827766,0.999238792218192
"885","NR5 M Order1 - NR2 F Order2",-10.3333333333333,5.83937030971963,19,-1.7695971971727,0.998839035108027
"886","NR5 M Order1 - NR3 F Order2",-11.8333333333333,5.60818637225662,19,-2.11001071431437,0.983874905892257
"887","NR5 M Order1 - NR4 F Order2",-0.666666666666666,4.37296318502041,19,-0.15245192755117,1
"888","NR5 M Order1 - NR5 F Order2",-1.66666666666667,4.01022085988157,19,-0.415604707296816,1
"889","NR5 M Order1 - NR6 F Order2",-4.16666666666666,4.59770474137791,19,-0.906249291993016,1
"890","NR5 M Order1 - PR0 F Order2",-0.83333333333332,6.74474020758667,19,-0.123553066194598,1
"891","NR5 M Order1 - PR1 F Order2",-0.999999999999999,7.67962291959277,19,-0.130214726747681,1
"892","NR5 M Order1 - PR2 F Order2",-3.5527136788005e-15,6.49561255434315,19,-5.46940515475335e-16,1
"893","NR5 M Order1 - PR3 F Order2",-1.22124532708767e-15,6.18905372128182,19,-1.97323432964925e-16,1
"894","NR5 M Order1 - PR4 F Order2",-2.33333333333333,6.27090655374867,19,-0.372088678619919,1
"895","NR5 M Order1 - PR5 F Order2",-6.33333333333333,6.91690445585755,19,-0.91563117197173,1
"896","NR5 M Order1 - PR6 F Order2",-2.66666666666666,4.99853779789241,19,-0.533489347182899,1
"897","NR5 M Order1 - NR0 M Order2",1.77635683940025e-15,2.835654364078,19,6.26436304051401e-16,1
"898","NR5 M Order1 - NR1 M Order2",2.22044604925031e-15,6.55957850592846,19,3.38504379091355e-16,1
"899","NR5 M Order1 - NR2 M Order2",-1.77635683940025e-15,5.83937030971963,19,-3.04203492017539e-16,1
"900","NR5 M Order1 - NR3 M Order2",0,5.60818637225662,19,0,1
"901","NR5 M Order1 - NR4 M Order2",-10,4.37296318502041,19,-2.28677891326755,0.958747219603099
"902","NR5 M Order1 - NR5 M Order2",-11.6666666666667,4.01022085988157,19,-2.90923295107772,0.712813491365594
"903","NR5 M Order1 - NR6 M Order2",-15.8333333333333,4.59770474137791,19,-3.44374730957346,0.410814990678057
"904","NR5 M Order1 - PR0 M Order2",-26.6666666666667,6.74474020758667,19,-3.95369811822719,0.198599448674839
"905","NR5 M Order1 - PR1 M Order2",-25.3333333333333,7.67962291959277,19,-3.29877307760792,0.4889596840861
"906","NR5 M Order1 - PR2 M Order2",-22,6.49561255434315,19,-3.38690151482175,0.440717024389113
"907","NR5 M Order1 - PR3 M Order2",-16.6666666666667,6.18905372128182,19,-2.69292648234031,0.824395381241675
"908","NR5 M Order1 - PR4 M Order2",-16.3333333333333,6.27090655374867,19,-2.60462075033943,0.863041255731774
"909","NR5 M Order1 - PR5 M Order2",-22.3333333333333,6.91690445585755,19,-3.22880465905821,0.528562762595016
"910","NR5 M Order1 - PR6 M Order2",-12.5,4.99853779789241,19,-2.50073131491984,0.902025419628421
"911","NR6 M Order1 - PR0 M Order1",0.500000000000002,4.01845159437989,19,0.124426035316511,1
"912","NR6 M Order1 - PR1 M Order1",-6.16666666666667,5.89019901569077,19,-1.04693689470244,1
"913","NR6 M Order1 - PR2 M Order1",-6.16666666666666,4.92799023125029,19,-1.25135529440814,0.999999468859634
"914","NR6 M Order1 - PR3 M Order1",-6,4.96025136129727,19,-1.20961611881516,0.999999791781306
"915","NR6 M Order1 - PR4 M Order1",-7.33333333333334,5.3183451675909,19,-1.37887502639382,0.999993541418212
"916","NR6 M Order1 - PR5 M Order1",-9.66666666666667,5.46894475425984,19,-1.76755610104439,0.998862018629234
"917","NR6 M Order1 - PR6 M Order1",-7.33333333333334,4.23867600425013,19,-1.7300999948994,0.999220017589455
"918","NR6 M Order1 - NR0 F Order2",0.5,3.61910945073153,19,0.138155534339791,1
"919","NR6 M Order1 - NR1 F Order2",-10.8333333333333,6.93434118855557,19,-1.56227290217745,0.999891779926427
"920","NR6 M Order1 - NR2 F Order2",-9.83333333333333,6.25741665209332,19,-1.57146852767807,0.99987779311219
"921","NR6 M Order1 - NR3 F Order2",-11.3333333333333,6.04224891326272,19,-1.87568130608732,0.996963072681616
"922","NR6 M Order1 - NR4 F Order2",-0.166666666666667,4.91729850236932,19,-0.0338939494086766,1
"923","NR6 M Order1 - NR5 F Order2",-1.16666666666667,4.59770474137791,19,-0.253749801758045,1
"924","NR6 M Order1 - NR6 F Order2",-3.66666666666666,5.11819366893717,19,-0.716398578060856,1
"925","NR6 M Order1 - PR0 F Order2",-0.333333333333321,7.10974950414541,19,-0.0468839771554494,1
"926","NR6 M Order1 - PR1 F Order2",-0.5,8.00210133221232,19,-0.0624835876530654,1
"927","NR6 M Order1 - PR2 F Order2",0.499999999999995,6.87386354243376,19,0.0727392967453301,1
"928","NR6 M Order1 - PR3 F Order2",0.499999999999997,6.58493762375711,19,0.0759308635204227,1
"929","NR6 M Order1 - PR4 F Order2",-1.83333333333333,6.66192814053916,19,-0.275195603233414,1
"930","NR6 M Order1 - PR5 F Order2",-5.83333333333333,7.27327882012794,19,-0.802022509736636,1
"931","NR6 M Order1 - PR6 F Order2",-2.16666666666667,5.48109456776826,19,-0.395298172632856,1
"932","NR6 M Order1 - NR0 M Order2",0.5,3.61910945073153,19,0.138155534339791,1
"933","NR6 M Order1 - NR1 M Order2",0.500000000000001,6.93434118855557,19,0.0721049031774209,1
"934","NR6 M Order1 - NR2 M Order2",0.499999999999997,6.25741665209332,19,0.0799051793734608,1
"935","NR6 M Order1 - NR3 M Order2",0.499999999999999,6.04224891326272,19,0.0827506458567934,1
"936","NR6 M Order1 - NR4 M Order2",-9.5,4.91729850236932,19,-1.93195511629456,0.995221348532708
"937","NR6 M Order1 - NR5 M Order2",-11.1666666666667,4.59770474137791,19,-2.42874810254129,0.924647889170602
"938","NR6 M Order1 - NR6 M Order2",-15.3333333333333,5.11819366893717,19,-2.99584859916358,0.663679664509677
"939","NR6 M Order1 - PR0 M Order2",-26.1666666666667,7.10974950414541,19,-3.68039220670291,0.299079843886245
"940","NR6 M Order1 - PR1 M Order2",-24.8333333333333,8.00210133221232,19,-3.10335152010225,0.601251940813268
"941","NR6 M Order1 - PR2 M Order2",-21.5,6.87386354243376,19,-3.12778976004922,0.587006197765679
"942","NR6 M Order1 - PR3 M Order2",-16.1666666666667,6.58493762375711,19,-2.45509792049368,0.916789898759026
"943","NR6 M Order1 - PR4 M Order2",-15.8333333333333,6.66192814053917,19,-2.37668930065221,0.938743765277421
"944","NR6 M Order1 - PR5 M Order2",-21.8333333333333,7.27327882012794,19,-3.00185567929998,0.660219701897462
"945","NR6 M Order1 - PR6 M Order2",-12,5.48109456776826,19,-2.1893437253512,0.97469600411081
"946","PR0 M Order1 - PR1 M Order1",-6.66666666666667,5.56358776078259,19,-1.19826754844412,0.999999840407189
"947","PR0 M Order1 - PR2 M Order1",-6.66666666666667,5.68369474593,19,-1.17294593828083,0.999999913446025
"948","PR0 M Order1 - PR3 M Order1",-6.5,5.21396011846649,19,-1.24665318727289,0.99999952051389
"949","PR0 M Order1 - PR4 M Order1",-7.83333333333334,6.10612768631949,19,-1.28286431855717,0.999998966416711
"950","PR0 M Order1 - PR5 M Order1",-10.1666666666667,5.47471593965231,19,-1.85702176674254,0.997408492797948
"951","PR0 M Order1 - PR6 M Order1",-7.83333333333334,5.40280953552806,19,-1.44986294294154,0.999978839720258
"952","PR0 M Order1 - NR0 F Order2",-1.77635683940025e-15,6.11968829233333,19,-2.90269169693765e-16,1
"953","PR0 M Order1 - NR1 F Order2",-11.3333333333333,8.51103514845554,19,-1.33160457402058,0.999997286268956
"954","PR0 M Order1 - NR2 F Order2",-10.3333333333333,7.96918406970514,19,-1.29666139506245,0.999998631100874
"955","PR0 M Order1 - NR3 F Order2",-11.8333333333333,7.80137189914517,19,-1.51682723068618,0.999942144611318
"956","PR0 M Order1 - NR4 F Order2",-0.666666666666669,6.9665239639544,19,-0.0956957401016748,1
"957","PR0 M Order1 - NR5 F Order2",-1.66666666666667,6.74474020758667,19,-0.2471061323892,1
"958","PR0 M Order1 - NR6 F Order2",-4.16666666666667,7.10974950414541,19,-0.586049714443139,1
"959","PR0 M Order1 - PR0 F Order2",-0.833333333333323,8.65454618051364,19,-0.0962885073292041,1
"960","PR0 M Order1 - PR1 F Order2",-1,9.40139656167856,19,-0.106367175710484,1
"961","PR0 M Order1 - PR2 F Order2",-7.105427357601e-15,8.46183381891581,19,-8.39703013514321e-16,1
"962","PR0 M Order1 - PR3 F Order2",-4.77395900588817e-15,8.22885381372882,19,-5.80148719852505e-16,1
"963","PR0 M Order1 - PR4 F Order2",-2.33333333333333,8.29059214583946,19,-0.281443507567103,1
"964","PR0 M Order1 - PR5 F Order2",-6.33333333333333,8.78938088685825,19,-0.720566489819873,1
"965","PR0 M Order1 - PR6 F Order2",-2.66666666666667,7.37529858648218,19,-0.361567282381525,1
"966","PR0 M Order1 - NR0 M Order2",-1.77635683940025e-15,6.11968829233333,19,-2.90269169693765e-16,1
"967","PR0 M Order1 - NR1 M Order2",-1.33226762955019e-15,8.51103514845554,19,-1.56534147293699e-16,1
"968","PR0 M Order1 - NR2 M Order2",-5.32907051820075e-15,7.96918406970514,19,-6.68709678630617e-16,1
"969","PR0 M Order1 - NR3 M Order2",-3.5527136788005e-15,7.80137189914517,19,-4.55396015563594e-16,1
"970","PR0 M Order1 - NR4 M Order2",-10,6.9665239639544,19,-1.43543610152512,0.999983198518793
"971","PR0 M Order1 - NR5 M Order2",-11.6666666666667,6.74474020758667,19,-1.7297429267244,0.999222899661746
"972","PR0 M Order1 - NR6 M Order2",-15.8333333333333,7.10974950414541,19,-2.22698891488393,0.969191929304723
"973","PR0 M Order1 - PR0 M Order2",-26.6666666666667,8.65454618051364,19,-3.08123223453457,0.614148945656491
"974","PR0 M Order1 - PR1 M Order2",-25.3333333333333,9.40139656167857,19,-2.69463511799892,0.823601698724241
"975","PR0 M Order1 - PR2 M Order2",-22,8.46183381891581,19,-2.59990924790092,0.864966023673556
"976","PR0 M Order1 - PR3 M Order2",-16.6666666666667,8.22885381372882,19,-2.02539345623815,0.990600386035782
"977","PR0 M Order1 - PR4 M Order2",-16.3333333333333,8.29059214583946,19,-1.97010455296972,0.993631862623816
"978","PR0 M Order1 - PR5 M Order2",-22.3333333333333,8.78938088685825,19,-2.54094499041745,0.887807915158163
"979","PR0 M Order1 - PR6 M Order2",-12.5,7.37529858648218,19,-1.6948466361634,0.999463942258386
"980","PR1 M Order1 - PR2 M Order1",6.66133814775094e-15,2.65127134901011,19,2.51250712238038e-15,1
"981","PR1 M Order1 - PR3 M Order1",0.16666666666667,3.3993893500475,19,0.0490284134897174,1
"982","PR1 M Order1 - PR4 M Order1",-1.16666666666666,3.20220136269589,19,-0.364332699454123,1
"983","PR1 M Order1 - PR5 M Order1",-3.5,5.1917895144712,19,-0.674141351502091,1
"984","PR1 M Order1 - PR6 M Order1",-1.16666666666667,4.39197833375924,19,-0.265635797357881,1
"985","PR1 M Order1 - NR0 F Order2",6.66666666666667,7.13692318262008,19,0.934109348815946,1
"986","PR1 M Order1 - NR1 F Order2",-4.66666666666667,9.26945559445342,19,-0.503445603586371,1
"987","PR1 M Order1 - NR2 F Order2",-3.66666666666666,8.77456451660938,19,-0.417874489352266,1
"988","PR1 M Order1 - NR3 F Order2",-5.16666666666666,8.62244114088755,19,-0.599211590110644,1
"989","PR1 M Order1 - NR4 F Order2",6,7.87512183141627,19,0.761892974920612,1
"990","PR1 M Order1 - NR5 F Order2",5,7.67962291959277,19,0.651073633738405,1
"991","PR1 M Order1 - NR6 F Order2",2.50000000000001,8.00210133221232,19,0.312417938265328,1
"992","PR1 M Order1 - PR0 F Order2",5.83333333333335,9.40139656167856,19,0.620475191644489,1
"993","PR1 M Order1 - PR1 F Order2",5.66666666666667,10.0931335584763,19,0.56143779667988,1
"994","PR1 M Order1 - PR2 F Order2",6.66666666666667,9.2243004774479,19,0.722728697202104,1
"995","PR1 M Order1 - PR3 F Order2",6.66666666666667,9.01105558783307,19,0.739831932195397,1
"996","PR1 M Order1 - PR4 F Order2",4.33333333333334,9.06746964968471,19,0.477898851691664,1
"997","PR1 M Order1 - PR5 F Order2",0.333333333333342,9.52566554596409,19,0.0349931804475931,1
"998","PR1 M Order1 - PR6 F Order2",4.00000000000001,8.23893906756594,19,0.485499403163051,1
"999","PR1 M Order1 - NR0 M Order2",6.66666666666667,7.13692318262008,19,0.934109348815946,1
"1000","PR1 M Order1 - NR1 M Order2",6.66666666666667,9.26945559445343,19,0.719208005123387,1
"1001","PR1 M Order1 - NR2 M Order2",6.66666666666667,8.77456451660938,19,0.759771798822304,1
"1002","PR1 M Order1 - NR3 M Order2",6.66666666666667,8.62244114088755,19,0.773176245304057,1
"1003","PR1 M Order1 - NR4 M Order2",-3.33333333333333,7.87512183141627,19,-0.423273874955895,1
"1004","PR1 M Order1 - NR5 M Order2",-5,7.67962291959277,19,-0.651073633738404,1
"1005","PR1 M Order1 - NR6 M Order2",-9.16666666666666,8.00210133221232,19,-1.1455324403062,1
"1006","PR1 M Order1 - PR0 M Order2",-20,9.40139656167857,19,-2.12734351420967,0.982129113149718
"1007","PR1 M Order1 - PR1 M Order2",-18.6666666666667,10.0931335584763,19,-1.84944215376901,0.997573179681029
"1008","PR1 M Order1 - PR2 M Order2",-15.3333333333333,9.2243004774479,19,-1.66227600356484,0.999627610170523
"1009","PR1 M Order1 - PR3 M Order2",-10,9.01105558783307,19,-1.10974789829309,1
"1010","PR1 M Order1 - PR4 M Order2",-9.66666666666666,9.06746964968471,19,-1.06608205377371,1
"1011","PR1 M Order1 - PR5 M Order2",-15.6666666666667,9.52566554596409,19,-1.64467948103683,0.999696407732636
"1012","PR1 M Order1 - PR6 M Order2",-5.83333333333333,8.23893906756594,19,-0.708019962946114,1
"1013","PR2 M Order1 - PR3 M Order1",0.166666666666664,2.16301987294621,19,0.0770527671757589,1
"1014","PR2 M Order1 - PR4 M Order1",-1.16666666666667,3.26907358517106,19,-0.356879903823157,1
"1015","PR2 M Order1 - PR5 M Order1",-3.50000000000001,4.8991286968505,19,-0.71441274899556,1
"1016","PR2 M Order1 - PR6 M Order1",-1.16666666666668,3.9399735802243,19,-0.296110276607555,1
"1017","PR2 M Order1 - NR0 F Order2",6.66666666666666,5.84397525522018,19,1.1407759916012,1
"1018","PR2 M Order1 - NR1 F Order2",-4.66666666666667,8.31499737140967,19,-0.561234893797148,1
"1019","PR2 M Order1 - NR2 F Order2",-3.66666666666667,7.75946884297799,19,-0.472540935580256,1
"1020","PR2 M Order1 - NR3 F Order2",-5.16666666666667,7.58701953978478,19,-0.680987657877211,1
"1021","PR2 M Order1 - NR4 F Order2",6,6.72561656122731,19,0.892111518011533,1
"1022","PR2 M Order1 - NR5 F Order2",5,6.49561255434315,19,0.76975034427767,1
"1023","PR2 M Order1 - NR6 F Order2",2.5,6.87386354243376,19,0.363696483726654,1
"1024","PR2 M Order1 - PR0 F Order2",5.83333333333334,8.46183381891581,19,0.689369876337367,1
"1025","PR2 M Order1 - PR1 F Order2",5.66666666666666,9.2243004774479,19,0.614319392621788,1
"1026","PR2 M Order1 - PR2 F Order2",6.66666666666666,8.26462906410515,19,0.806650439476015,1
"1027","PR2 M Order1 - PR3 F Order2",6.66666666666666,8.02592655560861,19,0.83064137460963,1
"1028","PR2 M Order1 - PR4 F Order2",4.33333333333333,8.08921381327995,19,0.535692767351428,1
"1029","PR2 M Order1 - PR5 F Order2",0.333333333333335,8.59969059690947,19,0.0387610844340293,1
"1030","PR2 M Order1 - PR6 F Order2",4,7.14818097337149,19,0.559582922550626,1
"1031","PR2 M Order1 - NR0 M Order2",6.66666666666666,5.84397525522018,19,1.1407759916012,1
"1032","PR2 M Order1 - NR1 M Order2",6.66666666666666,8.31499737140967,19,0.801764133995925,1
"1033","PR2 M Order1 - NR2 M Order2",6.66666666666666,7.75946884297799,19,0.859165337418646,1
"1034","PR2 M Order1 - NR3 M Order2",6.66666666666666,7.58701953978478,19,0.878693752099626,1
"1035","PR2 M Order1 - NR4 M Order2",-3.33333333333334,6.72561656122731,19,-0.495617510006408,1
"1036","PR2 M Order1 - NR5 M Order2",-5,6.49561255434315,19,-0.769750344277671,1
"1037","PR2 M Order1 - NR6 M Order2",-9.16666666666667,6.87386354243376,19,-1.3335537736644,0.999997183817053
"1038","PR2 M Order1 - PR0 M Order2",-20,8.46183381891581,19,-2.36355386172811,0.942004044886838
"1039","PR2 M Order1 - PR1 M Order2",-18.6666666666667,9.22430047744791,19,-2.02364035216589,0.990711404012514
"1040","PR2 M Order1 - PR2 M Order2",-15.3333333333333,8.26462906410515,19,-1.85529601079484,0.997446784335922
"1041","PR2 M Order1 - PR3 M Order2",-10,8.02592655560861,19,-1.24596206191445,0.9999995277022
"1042","PR2 M Order1 - PR4 M Order2",-9.66666666666667,8.08921381327995,19,-1.19500694255319,0.99999985228593
"1043","PR2 M Order1 - PR5 M Order2",-15.6666666666667,8.59969059690947,19,-1.82177096839936,0.998102241176476
"1044","PR2 M Order1 - PR6 M Order2",-5.83333333333334,7.14818097337149,19,-0.816058428719664,1
"1045","PR3 M Order1 - PR4 M Order1",-1.33333333333334,3.59970759046372,19,-0.370400456099706,1
"1046","PR3 M Order1 - PR5 M Order1",-3.66666666666667,5.19885277493397,19,-0.705283804985849,1
"1047","PR3 M Order1 - PR6 M Order1",-1.33333333333334,3.89410260364558,19,-0.342398100164362,1
"1048","PR3 M Order1 - NR0 F Order2",6.5,5.50122261796391,19,1.18155552890636,0.999999893119151
"1049","PR3 M Order1 - NR1 F Order2",-4.83333333333334,8.07778340854232,19,-0.598348963927659,1
"1050","PR3 M Order1 - NR2 F Order2",-3.83333333333333,7.50471586630154,19,-0.510789935505242,1
"1051","PR3 M Order1 - NR3 F Order2",-5.33333333333333,7.32627251785299,19,-0.727973648309809,1
"1052","PR3 M Order1 - NR4 F Order2",5.83333333333333,6.43003278665256,19,0.907201180286692,1
"1053","PR3 M Order1 - NR5 F Order2",4.83333333333333,6.18905372128182,19,0.780948679878691,1
"1054","PR3 M Order1 - NR6 F Order2",2.33333333333334,6.58493762375711,19,0.354344029761975,1
"1055","PR3 M Order1 - PR0 F Order2",5.66666666666668,8.22885381372882,19,0.688633775120972,1
"1056","PR3 M Order1 - PR1 F Order2",5.5,9.01105558783307,19,0.610361344061202,1
"1057","PR3 M Order1 - PR2 F Order2",6.5,8.02592655560861,19,0.809875340244389,1
"1058","PR3 M Order1 - PR3 F Order2",6.5,7.77990363595818,19,0.835485926838148,1
"1059","PR3 M Order1 - PR4 F Order2",4.16666666666667,7.84517581866277,19,0.53111195503798,1
"1060","PR3 M Order1 - PR5 F Order2",0.166666666666672,8.3705484809148,19,0.0199110807429978,1
"1061","PR3 M Order1 - PR6 F Order2",3.83333333333333,6.87080015259082,19,0.557916581504393,1
"1062","PR3 M Order1 - NR0 M Order2",6.5,5.50122261796391,19,1.18155552890636,0.999999893119151
"1063","PR3 M Order1 - NR1 M Order2",6.5,8.07778340854233,19,0.804676192868231,1
"1064","PR3 M Order1 - NR2 M Order2",6.5,7.50471586630155,19,0.866122064552367,1
"1065","PR3 M Order1 - NR3 M Order2",6.5,7.32627251785299,19,0.88721788387758,1
"1066","PR3 M Order1 - NR4 M Order2",-3.5,6.43003278665256,19,-0.544320708172016,1
"1067","PR3 M Order1 - NR5 M Order2",-5.16666666666667,6.18905372128182,19,-0.834807209525497,1
"1068","PR3 M Order1 - NR6 M Order2",-9.33333333333333,6.58493762375711,19,-1.4173761190479,0.999987504826629
"1069","PR3 M Order1 - PR0 M Order2",-20.1666666666667,8.22885381372882,19,-2.45072608204816,0.918127475798444
"1070","PR3 M Order1 - PR1 M Order2",-18.8333333333333,9.01105558783307,19,-2.090025208452,0.985722591373266
"1071","PR3 M Order1 - PR2 M Order2",-15.5,8.02592655560861,19,-1.93124119596739,0.995247675898949
"1072","PR3 M Order1 - PR3 M Order2",-10.1666666666667,7.77990363595818,19,-1.30678568043915,0.999998324285713
"1073","PR3 M Order1 - PR4 M Order2",-9.83333333333333,7.84517581866277,19,-1.25342421388963,0.999999444539658
"1074","PR3 M Order1 - PR5 M Order2",-15.8333333333333,8.3705484809148,19,-1.89155267058473,0.996535980263354
"1075","PR3 M Order1 - PR6 M Order2",-6,6.87080015259083,19,-0.873260736267745,1
"1076","PR4 M Order1 - PR5 M Order1",-2.33333333333333,4.06324273462315,19,-0.574253985234712,1
"1077","PR4 M Order1 - PR6 M Order1",-4.88498130835069e-15,1.97565593519444,19,-2.4725870640375e-15,1
"1078","PR4 M Order1 - NR0 F Order2",7.83333333333334,5.59315057309683,19,1.40052251963533,0.999990593854595
"1079","PR4 M Order1 - NR1 F Order2",-3.5,8.14066753013887,19,-0.429940172233062,1
"1080","PR4 M Order1 - NR2 F Order2",-2.49999999999999,7.57236048236307,19,-0.330148043773509,1
"1081","PR4 M Order1 - NR3 F Order2",-4,7.39554947564977,19,-0.540865829262613,1
"1082","PR4 M Order1 - NR4 F Order2",7.16666666666667,6.50885586553909,19,1.1010639680332,1
"1083","PR4 M Order1 - NR5 F Order2",6.16666666666667,6.27090655374867,19,0.98337722206693,1
"1084","PR4 M Order1 - NR6 F Order2",3.66666666666667,6.66192814053916,19,0.550391206466829,1
"1085","PR4 M Order1 - PR0 F Order2",7.00000000000001,8.29059214583946,19,0.844330522701311,1
"1086","PR4 M Order1 - PR1 F Order2",6.83333333333334,9.0674696496847,19,0.753609727667624,1
"1087","PR4 M Order1 - PR2 F Order2",7.83333333333333,8.08921381327995,19,0.968367694827581,1
"1088","PR4 M Order1 - PR3 F Order2",7.83333333333333,7.84517581866277,19,0.998490475471402,1
"1089","PR4 M Order1 - PR4 F Order2",5.5,7.90990939686838,19,0.695330341227109,1
"1090","PR4 M Order1 - PR5 F Order2",1.50000000000001,8.43124930910483,19,0.177909577217717,1
"1091","PR4 M Order1 - PR6 F Order2",5.16666666666667,6.94462221994673,19,0.743980954331351,1
"1092","PR4 M Order1 - NR0 M Order2",7.83333333333334,5.59315057309683,19,1.40052251963533,0.999990593854595
"1093","PR4 M Order1 - NR1 M Order2",7.83333333333334,8.14066753013887,19,0.962247052140662,1
"1094","PR4 M Order1 - NR2 M Order2",7.83333333333333,7.57236048236307,19,1.03446387049033,1
"1095","PR4 M Order1 - NR3 M Order2",7.83333333333333,7.39554947564977,19,1.05919558230595,1
"1096","PR4 M Order1 - NR4 M Order2",-2.16666666666667,6.50885586553909,19,-0.332879804289108,1
"1097","PR4 M Order1 - NR5 M Order2",-3.83333333333333,6.27090655374867,19,-0.61128854344701,1
"1098","PR4 M Order1 - NR6 M Order2",-8,6.66192814053917,19,-1.20085354138217,0.999999830361601
"1099","PR4 M Order1 - PR0 M Order2",-18.8333333333333,8.29059214583946,19,-2.27165116822019,0.961596262730703
"1100","PR4 M Order1 - PR1 M Order2",-17.5,9.06746964968471,19,-1.92997613183172,0.99529403755973
"1101","PR4 M Order1 - PR2 M Order2",-14.1666666666667,8.08921381327995,19,-1.75130327787967,0.999031592951856
"1102","PR4 M Order1 - PR3 M Order2",-8.83333333333333,7.84517581866277,19,-1.12595734468052,1
"1103","PR4 M Order1 - PR4 M Order2",-8.5,7.90990939686838,19,-1.07460143644189,1
"1104","PR4 M Order1 - PR5 M Order2",-14.5,8.43124930910483,19,-1.71979257977125,0.999299619387291
"1105","PR4 M Order1 - PR6 M Order2",-4.66666666666667,6.94462221994673,19,-0.671982797460574,1
"1106","PR5 M Order1 - PR6 M Order1",2.33333333333333,3.42270540372697,19,0.681721929907427,1
"1107","PR5 M Order1 - NR0 F Order2",10.1666666666667,6.30893268144045,19,1.61147173064231,0.999796576136281
"1108","PR5 M Order1 - NR1 F Order2",-1.16666666666667,8.64810765901254,19,-0.134904271855455,1
"1109","PR5 M Order1 - NR2 F Order2",-0.166666666666661,8.11541382311881,19,-0.0205370508885041,1
"1110","PR5 M Order1 - NR3 F Order2",-1.66666666666666,7.95068866780719,19,-0.209625447090526,1
"1111","PR5 M Order1 - NR4 F Order2",9.5,7.13333743236478,19,1.33177493565598,0.999997277452691
"1112","PR5 M Order1 - NR5 F Order2",8.5,6.91690445585755,19,1.22887341501469,0.999999676683571
"1113","PR5 M Order1 - NR6 F Order2",6.00000000000001,7.27327882012794,19,0.824937438586256,1
"1114","PR5 M Order1 - PR0 F Order2",9.33333333333335,8.78938088685825,19,1.06188745868192,1
"1115","PR5 M Order1 - PR1 F Order2",9.16666666666667,9.52566554596409,19,0.962312462308786,1
"1116","PR5 M Order1 - PR2 F Order2",10.1666666666667,8.59969059690947,19,1.18221307523788,0.999999891396795
"1117","PR5 M Order1 - PR3 F Order2",10.1666666666667,8.3705484809148,19,1.21457592532283,0.999999766480892
"1118","PR5 M Order1 - PR4 F Order2",7.83333333333334,8.43124930910483,19,0.929083347692517,1
"1119","PR5 M Order1 - PR5 F Order2",3.83333333333334,8.92217816219194,19,0.429640975964505,1
"1120","PR5 M Order1 - PR6 F Order2",7.5,7.53306551301605,19,0.995610616559896,1
"1121","PR5 M Order1 - NR0 M Order2",10.1666666666667,6.30893268144045,19,1.61147173064231,0.999796576136281
"1122","PR5 M Order1 - NR1 M Order2",10.1666666666667,8.64810765901254,19,1.1755943690261,0.999999907613378
"1123","PR5 M Order1 - NR2 M Order2",10.1666666666667,8.11541382311881,19,1.2527601041988,0.999999452456165
"1124","PR5 M Order1 - NR3 M Order2",10.1666666666667,7.95068866780719,19,1.27871522725221,0.999999051335702
"1125","PR5 M Order1 - NR4 M Order2",0.166666666666668,7.13333743236479,19,0.0233644725553682,1
"1126","PR5 M Order1 - NR5 M Order2",-1.5,6.91690445585755,19,-0.216860014414357,1
"1127","PR5 M Order1 - NR6 M Order2",-5.66666666666666,7.27327882012794,19,-0.779107580887018,1
"1128","PR5 M Order1 - PR0 M Order2",-16.5,8.78938088685825,19,-1.87726532874125,0.996922508263249
"1129","PR5 M Order1 - PR1 M Order2",-15.1666666666667,9.52566554596409,19,-1.59218971036545,0.999840269038092
"1130","PR5 M Order1 - PR2 M Order2",-11.8333333333333,8.59969059690947,19,-1.37601849740803,0.999993859941896
"1131","PR5 M Order1 - PR3 M Order2",-6.5,8.3705484809148,19,-0.776532148976888,1
"1132","PR5 M Order1 - PR4 M Order2",-6.16666666666666,8.43124930910483,19,-0.731406039672831,1
"1133","PR5 M Order1 - PR5 M Order2",-12.1666666666667,8.92217816219194,19,-1.36364309762647,0.999995081176394
"1134","PR5 M Order1 - PR6 M Order2",-2.33333333333333,7.53306551301605,19,-0.309745525151967,1
"1135","PR6 M Order1 - NR0 F Order2",7.83333333333334,4.11636301174282,19,1.90297437592045,0.99619892776559
"1136","PR6 M Order1 - NR1 F Order2",-3.5,7.20635684291088,19,-0.485682304706165,1
"1137","PR6 M Order1 - NR2 F Order2",-2.49999999999999,6.55757229361331,19,-0.381238648704619,1
"1138","PR6 M Order1 - NR3 F Order2",-3.99999999999999,6.35257925238991,19,-0.629665501378066,1
"1139","PR6 M Order1 - NR4 F Order2",7.16666666666667,5.29398864651915,19,1.35373668989238,0.99999589417615
"1140","PR6 M Order1 - NR5 F Order2",6.16666666666667,4.99853779789241,19,1.23369411536046,0.999999639814489
"1141","PR6 M Order1 - NR6 F Order2",3.66666666666668,5.48109456776826,19,0.668966138301758,1
"1142","PR6 M Order1 - PR0 F Order2",7.00000000000002,7.37529858648218,19,0.949114116251506,1
"1143","PR6 M Order1 - PR1 F Order2",6.83333333333334,8.23893906756594,19,0.829394813736878,1
"1144","PR6 M Order1 - PR2 F Order2",7.83333333333334,7.14818097337149,19,1.09584988999498,1
"1145","PR6 M Order1 - PR3 F Order2",7.83333333333334,6.87080015259082,19,1.14009040568289,1
"1146","PR6 M Order1 - PR4 F Order2",5.50000000000001,6.94462221994673,19,0.791979725578536,1
"1147","PR6 M Order1 - PR5 F Order2",1.50000000000001,7.53306551301605,19,0.199122123311981,1
"1148","PR6 M Order1 - PR6 F Order2",5.16666666666667,5.82141639885766,19,0.887527418186497,1
"1149","PR6 M Order1 - NR0 M Order2",7.83333333333334,4.11636301174282,19,1.90297437592045,0.99619892776559
"1150","PR6 M Order1 - NR1 M Order2",7.83333333333334,7.20635684291088,19,1.08700325338999,1
"1151","PR6 M Order1 - NR2 M Order2",7.83333333333334,6.55757229361331,19,1.19454776594115,0.999999853891094
"1152","PR6 M Order1 - NR3 M Order2",7.83333333333334,6.35257925238991,19,1.23309494019872,0.999999644600178
"1153","PR6 M Order1 - NR4 M Order2",-2.16666666666666,5.29398864651915,19,-0.409269231827927,1
"1154","PR6 M Order1 - NR5 M Order2",-3.83333333333333,4.99853779789241,19,-0.766890936575416,1
"1155","PR6 M Order1 - NR6 M Order2",-7.99999999999999,5.48109456776826,19,-1.45956248356747,0.999975361365767
"1156","PR6 M Order1 - PR0 M Order2",-18.8333333333333,7.37529858648218,19,-2.55356893181952,0.883114755199523
"1157","PR6 M Order1 - PR1 M Order2",-17.5,8.23893906756594,19,-2.12405988883834,0.982470387474439
"1158","PR6 M Order1 - PR2 M Order2",-14.1666666666667,7.14818097337149,19,-1.98185618403347,0.993064498666362
"1159","PR6 M Order1 - PR3 M Order2",-8.83333333333333,6.87080015259083,19,-1.28563386172751,0.999998905903542
"1160","PR6 M Order1 - PR4 M Order2",-8.49999999999999,6.94462221994673,19,-1.22396866680319,0.999999710580537
"1161","PR6 M Order1 - PR5 M Order2",-14.5,7.53306551301606,19,-1.9248471920158,0.995478239228866
"1162","PR6 M Order1 - PR6 M Order2",-4.66666666666666,5.82141639885766,19,-0.801637668039414,1
"1163","NR0 F Order2 - NR1 F Order2",-11.3333333333333,5.91499235019996,19,-1.91603516324923,0.995780949766185
"1164","NR0 F Order2 - NR2 F Order2",-10.3333333333333,5.10463612234217,19,-2.02430361061506,0.990669524707562
"1165","NR0 F Order2 - NR3 F Order2",-11.8333333333333,4.83847276663311,19,-2.44567529963957,0.919656019999423
"1166","NR0 F Order2 - NR4 F Order2",-0.666666666666667,3.32894447911485,19,-0.200263678426962,1
"1167","NR0 F Order2 - NR5 F Order2",-1.66666666666667,2.835654364078,19,-0.587753813645259,1
"1168","NR0 F Order2 - NR6 F Order2",-4.16666666666666,3.61910945073153,19,-1.15129611949825,0.999999949767473
"1169","NR0 F Order2 - PR0 F Order2",-0.833333333333321,6.11968829233333,19,-0.136172512965621,1
"1170","NR0 F Order2 - PR1 F Order2",-1,7.13692318262008,19,-0.140116402322392,1
"1171","NR0 F Order2 - PR2 F Order2",-5.32907051820075e-15,5.84397525522018,19,-9.11891355706976e-16,1
"1172","NR0 F Order2 - PR3 F Order2",-2.99760216648792e-15,5.50122261796391,19,-5.44897448196231e-16,1
"1173","NR0 F Order2 - PR4 F Order2",-2.33333333333333,5.59315057309683,19,-0.417176920742437,1
"1174","NR0 F Order2 - PR5 F Order2",-6.33333333333333,6.30893268144045,19,-1.00386763548209,1
"1175","NR0 F Order2 - PR6 F Order2",-2.66666666666667,4.11636301174282,19,-0.647821064143133,1
"1176","NR0 F Order2 - NR0 M Order2",0,0,19,NA,NA
"1177","NR0 F Order2 - NR1 M Order2",4.44089209850063e-16,5.91499235019996,19,7.5078577208143e-17,1
"1178","NR0 F Order2 - NR2 M Order2",-3.5527136788005e-15,5.10463612234217,19,-6.95977851046198e-16,1
"1179","NR0 F Order2 - NR3 M Order2",-1.77635683940025e-15,4.83847276663311,19,-3.67131722152141e-16,1
"1180","NR0 F Order2 - NR4 M Order2",-10,3.32894447911485,19,-3.00395517640443,0.659009229799925
"1181","NR0 F Order2 - NR5 M Order2",-11.6666666666667,2.835654364078,19,-4.11427669551681,0.153444418880362
"1182","NR0 F Order2 - NR6 M Order2",-15.8333333333333,3.61910945073153,19,-4.37492525409337,0.0987871010184181
"1183","NR0 F Order2 - PR0 M Order2",-26.6666666666667,6.11968829233333,19,-4.35752041489994,0.101808454802191
"1184","NR0 F Order2 - PR1 M Order2",-25.3333333333333,7.13692318262008,19,-3.54961552550059,0.358129128319672
"1185","NR0 F Order2 - PR2 M Order2",-22,5.84397525522018,19,-3.76456077228396,0.264822125341175
"1186","NR0 F Order2 - PR3 M Order2",-16.6666666666667,5.50122261796391,19,-3.02962956129837,0.644162115095582
"1187","NR0 F Order2 - PR4 M Order2",-16.3333333333333,5.59315057309683,19,-2.92023844519706,0.706665729334555
"1188","NR0 F Order2 - PR5 M Order2",-22.3333333333333,6.30893268144045,19,-3.53995429354212,0.362763255639937
"1189","NR0 F Order2 - PR6 M Order2",-12.5,4.11636301174282,19,-3.03666123817094,0.640083411824901
"1190","NR1 F Order2 - NR2 F Order2",1.00000000000001,1.11607080200484,19,0.896000503017973,1
"1191","NR1 F Order2 - NR3 F Order2",-0.499999999999997,1.88414436814168,19,-0.265372446217136,1
"1192","NR1 F Order2 - NR4 F Order2",10.6666666666667,6.84575251417842,19,1.55814377522042,0.999897584789604
"1193","NR1 F Order2 - NR5 F Order2",9.66666666666667,6.70942428744865,19,1.44075948285908,0.999981694887485
"1194","NR1 F Order2 - NR6 F Order2",7.16666666666667,7.28394453254666,19,0.983899126996924,1
"1195","NR1 F Order2 - PR0 F Order2",10.5,8.60111851831387,19,1.22077145869377,0.999999730869203
"1196","NR1 F Order2 - PR1 F Order2",10.3333333333333,9.38232754573398,19,1.10136139278486,1
"1197","NR1 F Order2 - PR2 F Order2",11.3333333333333,8.38328886319341,19,1.35189583924419,0.999996030984316
"1198","NR1 F Order2 - PR3 F Order2",11.3333333333333,8.15645620216144,19,1.38949233005506,0.999992221273889
"1199","NR1 F Order2 - PR4 F Order2",9.00000000000001,8.32633039086114,19,1.08090834467466,1
"1200","NR1 F Order2 - PR5 F Order2",5.00000000000001,9.0744323038649,19,0.550998655626143,1
"1201","NR1 F Order2 - PR6 F Order2",8.66666666666667,7.42380397754925,19,1.16741588178729,0.999999924535327
"1202","NR1 F Order2 - NR0 M Order2",11.3333333333333,5.91499235019996,19,1.91603516324923,0.995780949766185
"1203","NR1 F Order2 - NR1 M Order2",11.3333333333333,8.36506240298588,19,1.35484145692541,0.999995810082474
"1204","NR1 F Order2 - NR2 M Order2",11.3333333333333,7.81309442183086,19,1.45055629964825,0.999978606614022
"1205","NR1 F Order2 - NR3 M Order2",11.3333333333333,7.64185535170447,19,1.4830604364692,0.999964706112643
"1206","NR1 F Order2 - NR4 M Order2",1.33333333333333,6.78741525530546,19,0.196441986114099,1
"1207","NR1 F Order2 - NR5 M Order2",-0.33333333333333,6.55957850592846,19,-0.0508162731846365,1
"1208","NR1 F Order2 - NR6 M Order2",-4.5,6.93434118855557,19,-0.648944128596786,1
"1209","NR1 F Order2 - PR0 M Order2",-15.3333333333333,8.51103514845554,19,-1.80158265896902,0.998423922214648
"1210","NR1 F Order2 - PR1 M Order2",-14,9.26945559445342,19,-1.51033681075911,0.999947283717392
"1211","NR1 F Order2 - PR2 M Order2",-10.6666666666667,8.31499737140967,19,-1.28282261439348,0.999998967304037
"1212","NR1 F Order2 - PR3 M Order2",-5.33333333333333,8.07778340854232,19,-0.66024713260983,1
"1213","NR1 F Order2 - PR4 M Order2",-4.99999999999999,8.14066753013887,19,-0.61420024604723,1
"1214","NR1 F Order2 - PR5 M Order2",-11,8.64810765901254,19,-1.27195456320857,0.999999176042379
"1215","NR1 F Order2 - PR6 M Order2",-1.16666666666666,7.20635684291088,19,-0.161894101568722,1
"1216","NR2 F Order2 - NR3 F Order2",-1.5,1.12663137077486,19,-1.33140265654803,0.99999729668437
"1217","NR2 F Order2 - NR4 F Order2",9.66666666666666,6.15339966891312,19,1.57094731153293,0.999878626689959
"1218","NR2 F Order2 - NR5 F Order2",8.66666666666666,5.99258801446513,19,1.44623101834245,0.999980023758676
"1219","NR2 F Order2 - NR6 F Order2",6.16666666666667,6.60964650345121,19,0.932979799062893,1
"1220","NR2 F Order2 - PR0 F Order2",9.50000000000001,8.03371914338893,19,1.18251582242798,0.999999890595129
"1221","NR2 F Order2 - PR1 F Order2",9.33333333333333,8.84823304791276,19,1.05482453759906,1
"1222","NR2 F Order2 - PR2 F Order2",10.3333333333333,7.77640756518607,19,1.32880552449363,0.999997427389367
"1223","NR2 F Order2 - PR3 F Order2",10.3333333333333,7.52432701814743,19,1.37332326311855,0.999994147289503
"1224","NR2 F Order2 - PR4 F Order2",8,7.74220981797168,19,1.03329671864871,1
"1225","NR2 F Order2 - PR5 F Order2",4,8.52929249172267,19,0.468972075219819,1
"1226","NR2 F Order2 - PR6 F Order2",7.66666666666666,6.77512650666292,19,1.131590186416,1
"1227","NR2 F Order2 - NR0 M Order2",10.3333333333333,5.10463612234217,19,2.02430361061506,0.990669524707562
"1228","NR2 F Order2 - NR1 M Order2",10.3333333333333,7.81309442183086,19,1.32256603791458,0.99999771815841
"1229","NR2 F Order2 - NR2 M Order2",10.3333333333333,7.2190456351959,19,1.43139881024632,0.999984263210295
"1230","NR2 F Order2 - NR3 M Order2",10.3333333333333,7.03335827716538,19,1.46918910229295,0.999971407828736
"1231","NR2 F Order2 - NR4 M Order2",0.333333333333328,6.09419242283584,19,0.0546968835582347,1
"1232","NR2 F Order2 - NR5 M Order2",-1.33333333333334,5.83937030971963,19,-0.228335122215833,1
"1233","NR2 F Order2 - NR6 M Order2",-5.5,6.25741665209332,19,-0.878956973108074,1
"1234","NR2 F Order2 - PR0 M Order2",-16.3333333333333,7.96918406970514,19,-2.04956155993743,0.988960488071548
"1235","NR2 F Order2 - PR1 M Order2",-15,8.77456451660938,19,-1.70948654735018,0.99937212224501
"1236","NR2 F Order2 - PR2 M Order2",-11.6666666666667,7.75946884297799,19,-1.50353934048263,0.999952225117069
"1237","NR2 F Order2 - PR3 M Order2",-6.33333333333334,7.50471586630154,19,-0.843913806486922,1
"1238","NR2 F Order2 - PR4 M Order2",-6,7.57236048236307,19,-0.792355305056424,1
"1239","NR2 F Order2 - PR5 M Order2",-12,8.11541382311881,19,-1.47866766397235,0.99996696698301
"1240","NR2 F Order2 - PR6 M Order2",-2.16666666666667,6.55757229361331,19,-0.330406828877339,1
"1241","NR3 F Order2 - NR4 F Order2",11.1666666666667,5.87802429313143,19,1.89973128891541,0.996297259611686
"1242","NR3 F Order2 - NR5 F Order2",10.1666666666667,5.6212056728405,19,1.80862741169356,0.998317342890515
"1243","NR3 F Order2 - NR6 F Order2",7.66666666666667,6.0724187113413,19,1.26253920078795,0.999999324635163
"1244","NR3 F Order2 - PR0 F Order2",11,7.75192864136524,19,1.41900171027151,0.999987162878901
"1245","NR3 F Order2 - PR1 F Order2",10.8333333333333,8.61328023991023,19,1.2577476909594,0.999999390359595
"1246","NR3 F Order2 - PR2 F Order2",11.8333333333333,7.47050731424338,19,1.58400665919592,0.999856155058111
"1247","NR3 F Order2 - PR3 F Order2",11.8333333333333,7.13581691475725,19,1.65830114122762,0.999644236758046
"1248","NR3 F Order2 - PR4 F Order2",9.5,7.56171489569282,19,1.25632877343884,0.999999408656883
"1249","NR3 F Order2 - PR5 F Order2",5.50000000000001,8.43222029961781,19,0.652259998502328,1
"1250","NR3 F Order2 - PR6 F Order2",9.16666666666667,6.6088501711565,19,1.38702897315988,0.999992547758217
"1251","NR3 F Order2 - NR0 M Order2",11.8333333333333,4.83847276663311,19,2.44567529963957,0.919656019999423
"1252","NR3 F Order2 - NR1 M Order2",11.8333333333333,7.64185535170447,19,1.54848957337225,0.99991009265939
"1253","NR3 F Order2 - NR2 M Order2",11.8333333333333,7.03335827716538,19,1.68245848810967,0.99953233676849
"1254","NR3 F Order2 - NR3 M Order2",11.8333333333333,6.84263380774542,19,1.72935358895558,0.999226031776713
"1255","NR3 F Order2 - NR4 M Order2",1.83333333333333,5.87304776572433,19,0.312160467012177,1
"1256","NR3 F Order2 - NR5 M Order2",0.166666666666667,5.60818637225662,19,0.0297184607649912,1
"1257","NR3 F Order2 - NR6 M Order2",-4,6.04224891326272,19,-0.662005166854349,1
"1258","NR3 F Order2 - PR0 M Order2",-14.8333333333333,7.80137189914517,19,-1.90137497931084,0.996247686986976
"1259","NR3 F Order2 - PR1 M Order2",-13.5,8.62244114088755,19,-1.56568189674072,0.999886769622468
"1260","NR3 F Order2 - PR2 M Order2",-10.1666666666667,7.58701953978478,19,-1.34000797195193,0.999996818765068
"1261","NR3 F Order2 - PR3 M Order2",-4.83333333333333,7.32627251785299,19,-0.659726118780765,1
"1262","NR3 F Order2 - PR4 M Order2",-4.5,7.39554947564977,19,-0.60847405792044,1
"1263","NR3 F Order2 - PR5 M Order2",-10.5,7.95068866780719,19,-1.32064031667032,0.999997801614537
"1264","NR3 F Order2 - PR6 M Order2",-0.666666666666668,6.35257925238991,19,-0.104944250229678,1
"1265","NR4 F Order2 - NR5 F Order2",-1,3.39418146778532,19,-0.294621843142786,1
"1266","NR4 F Order2 - NR6 F Order2",-3.5,3.55388758390925,19,-0.98483700380585,1
"1267","NR4 F Order2 - PR0 F Order2",-0.166666666666654,5.69654147666122,19,-0.0292575183292334,1
"1268","NR4 F Order2 - PR1 F Order2",-0.333333333333333,5.10245898751751,19,-0.0653279789506959,1
"1269","NR4 F Order2 - PR2 F Order2",0.666666666666662,4.58512724064071,19,0.145397637116283,1
"1270","NR4 F Order2 - PR3 F Order2",0.666666666666664,4.83351481812935,19,0.137925855562945,1
"1271","NR4 F Order2 - PR4 F Order2",-1.66666666666666,4.14464355227788,19,-0.402125453164886,1
"1272","NR4 F Order2 - PR5 F Order2",-5.66666666666666,5.52625313247688,19,-1.02540845140889,1
"1273","NR4 F Order2 - PR6 F Order2",-2,3.33289470798327,19,-0.600078962953556,1
"1274","NR4 F Order2 - NR0 M Order2",0.666666666666667,3.32894447911485,19,0.200263678426962,1
"1275","NR4 F Order2 - NR1 M Order2",0.666666666666668,6.78741525530546,19,0.0982209930570493,1
"1276","NR4 F Order2 - NR2 M Order2",0.666666666666664,6.09419242283584,19,0.109393767116471,1
"1277","NR4 F Order2 - NR3 M Order2",0.666666666666666,5.87304776572433,19,0.113512897095337,1
"1278","NR4 F Order2 - NR4 M Order2",-9.33333333333334,4.70783843075126,19,-1.98250927057494,0.993031816780191
"1279","NR4 F Order2 - NR5 M Order2",-11,4.37296318502041,19,-2.51545680459431,0.896949511648278
"1280","NR4 F Order2 - NR6 M Order2",-15.1666666666667,4.91729850236932,19,-3.08434939618957,0.612331842028103
"1281","NR4 F Order2 - PR0 M Order2",-26,6.9665239639544,19,-3.7321338639653,0.277667926860643
"1282","NR4 F Order2 - PR1 M Order2",-24.6666666666667,7.87512183141627,19,-3.13222667467363,0.584421631464225
"1283","NR4 F Order2 - PR2 M Order2",-21.3333333333333,6.7256165612273,19,-3.17195206404101,0.561332239456421
"1284","NR4 F Order2 - PR3 M Order2",-16,6.43003278665256,19,-2.48832323735778,0.9061848220264
"1285","NR4 F Order2 - PR4 M Order2",-15.6666666666667,6.50885586553909,19,-2.40697704639817,0.93077255439171
"1286","NR4 F Order2 - PR5 M Order2",-21.6666666666667,7.13333743236479,19,-3.03738143219785,0.639665409880834
"1287","NR4 F Order2 - PR6 M Order2",-11.8333333333333,5.29398864651915,19,-2.23523965075253,0.967878115711709
"1288","NR5 F Order2 - NR6 F Order2",-2.5,2.19615559904226,19,-1.13835285673303,1
"1289","NR5 F Order2 - PR0 F Order2",0.833333333333345,4.71655662880756,19,0.176682567160023,1
"1290","NR5 F Order2 - PR1 F Order2",0.666666666666667,6.34532567286635,19,0.105064215934171,1
"1291","NR5 F Order2 - PR2 F Order2",1.66666666666666,5.16397779494322,19,0.32274861218395,1
"1292","NR5 F Order2 - PR3 F Order2",1.66666666666666,5.25660264287013,19,0.317061566167127,1
"1293","NR5 F Order2 - PR4 F Order2",-0.666666666666665,5.82365111254973,19,-0.114475722151354,1
"1294","NR5 F Order2 - PR5 F Order2",-4.66666666666666,5.56264167964649,19,-0.838929942897783,1
"1295","NR5 F Order2 - PR6 F Order2",-0.999999999999999,4.5611504653159,19,-0.219242931713006,1
"1296","NR5 F Order2 - NR0 M Order2",1.66666666666667,2.835654364078,19,0.587753813645259,1
"1297","NR5 F Order2 - NR1 M Order2",1.66666666666667,6.55957850592846,19,0.254081365923185,1
"1298","NR5 F Order2 - NR2 M Order2",1.66666666666666,5.83937030971963,19,0.28541890276979,1
"1299","NR5 F Order2 - NR3 M Order2",1.66666666666667,5.60818637225662,19,0.297184607649911,1
"1300","NR5 F Order2 - NR4 M Order2",-8.33333333333334,4.37296318502041,19,-1.90564909438963,0.996116223555632
"1301","NR5 F Order2 - NR5 M Order2",-10,4.01022085988157,19,-2.4936282437809,0.904419694383783
"1302","NR5 F Order2 - NR6 M Order2",-14.1666666666667,4.59770474137791,19,-3.08124759277626,0.614139993364443
"1303","NR5 F Order2 - PR0 M Order2",-25,6.74474020758667,19,-3.70659198583799,0.28809741910194
"1304","NR5 F Order2 - PR1 M Order2",-23.6666666666667,7.67962291959277,19,-3.08174853302845,0.61384799292597
"1305","NR5 F Order2 - PR2 M Order2",-20.3333333333333,6.49561255434315,19,-3.13031806672919,0.585533325143881
"1306","NR5 F Order2 - PR3 M Order2",-15,6.18905372128182,19,-2.42363383410628,0.926116488703042
"1307","NR5 F Order2 - PR4 M Order2",-14.6666666666667,6.27090655374867,19,-2.33884312275378,0.947819364676348
"1308","NR5 F Order2 - PR5 M Order2",-20.6666666666667,6.91690445585755,19,-2.9878490874867,0.668278870561312
"1309","NR5 F Order2 - PR6 M Order2",-10.8333333333333,4.99853779789241,19,-2.16730047293053,0.97756147775652
"1310","NR6 F Order2 - PR0 F Order2",3.33333333333334,4.01845159437989,19,0.829506902110073,1
"1311","NR6 F Order2 - PR1 F Order2",3.16666666666666,5.89019901569077,19,0.537616243225577,1
"1312","NR6 F Order2 - PR2 F Order2",4.16666666666666,4.92799023125029,19,0.845510334059556,1
"1313","NR6 F Order2 - PR3 F Order2",4.16666666666666,4.96025136129727,19,0.840011193621634,1
"1314","NR6 F Order2 - PR4 F Order2",1.83333333333333,5.3183451675909,19,0.344718756598454,1
"1315","NR6 F Order2 - PR5 F Order2",-2.16666666666667,5.46894475425984,19,-0.396176367475465,1
"1316","NR6 F Order2 - PR6 F Order2",1.5,4.23867600425013,19,0.353884089865785,1
"1317","NR6 F Order2 - NR0 M Order2",4.16666666666666,3.61910945073153,19,1.15129611949825,0.999999949767473
"1318","NR6 F Order2 - NR1 M Order2",4.16666666666666,6.93434118855557,19,0.600874193145173,1
"1319","NR6 F Order2 - NR2 M Order2",4.16666666666666,6.25741665209332,19,0.665876494778843,1
"1320","NR6 F Order2 - NR3 M Order2",4.16666666666666,6.04224891326272,19,0.68958871547328,1
"1321","NR6 F Order2 - NR4 M Order2",-5.83333333333334,4.91729850236932,19,-1.18628822930368,0.999999880132632
"1322","NR6 F Order2 - NR5 M Order2",-7.5,4.59770474137791,19,-1.63124872558743,0.999741180415831
"1323","NR6 F Order2 - NR6 M Order2",-11.6666666666667,5.11819366893717,19,-2.27945002110273,0.960145386848743
"1324","NR6 F Order2 - PR0 M Order2",-22.5,7.10974950414541,19,-3.16466845799295,0.565556913102836
"1325","NR6 F Order2 - PR1 M Order2",-21.1666666666667,8.00210133221232,19,-2.64513854397977,0.845902550384664
"1326","NR6 F Order2 - PR2 M Order2",-17.8333333333333,6.87386354243376,19,-2.59436825058347,0.86721112555527
"1327","NR6 F Order2 - PR3 M Order2",-12.5,6.58493762375711,19,-1.89827158801058,0.996340830450023
"1328","NR6 F Order2 - PR4 M Order2",-12.1666666666667,6.66192814053916,19,-1.82629809418539,0.998022995117735
"1329","NR6 F Order2 - PR5 M Order2",-18.1666666666667,7.27327882012794,19,-2.49772724460838,0.903042330062003
"1330","NR6 F Order2 - PR6 M Order2",-8.33333333333334,5.48109456776826,19,-1.52037758704945,0.999939147948734
"1331","PR0 F Order2 - PR1 F Order2",-0.166666666666679,5.56358776078259,19,-0.0299566887111052,1
"1332","PR0 F Order2 - PR2 F Order2",0.833333333333316,5.68369474593,19,0.1466182422851,1
"1333","PR0 F Order2 - PR3 F Order2",0.833333333333318,5.21396011846649,19,0.15982733170165,1
"1334","PR0 F Order2 - PR4 F Order2",-1.50000000000001,6.10612768631949,19,-0.245654869510949,1
"1335","PR0 F Order2 - PR5 F Order2",-5.50000000000001,5.47471593965231,19,-1.00461833282793,1
"1336","PR0 F Order2 - PR6 F Order2",-1.83333333333334,5.40280953552806,19,-0.339329624943767,1
"1337","PR0 F Order2 - NR0 M Order2",0.833333333333321,6.11968829233333,19,0.136172512965621,1
"1338","PR0 F Order2 - NR1 M Order2",0.833333333333322,8.51103514845554,19,0.0979121010309237,1
"1339","PR0 F Order2 - NR2 M Order2",0.833333333333318,7.96918406970514,19,0.104569467343744,1
"1340","PR0 F Order2 - NR3 M Order2",0.83333333333332,7.80137189914517,19,0.106818819062405,1
"1341","PR0 F Order2 - NR4 M Order2",-9.16666666666668,6.9665239639544,19,-1.31581642639803,0.999997998528972
"1342","PR0 F Order2 - NR5 M Order2",-10.8333333333333,6.74474020758667,19,-1.6061898605298,0.999809481262006
"1343","PR0 F Order2 - NR6 M Order2",-15,7.10974950414541,19,-2.1097789719953,0.983897329006299
"1344","PR0 F Order2 - PR0 M Order2",-25.8333333333333,8.65454618051364,19,-2.98494372720536,0.669946770459622
"1345","PR0 F Order2 - PR1 M Order2",-24.5,9.40139656167857,19,-2.60599580490685,0.862476792016437
"1346","PR0 F Order2 - PR2 M Order2",-21.1666666666667,8.46183381891581,19,-2.50142783699559,0.901788737779899
"1347","PR0 F Order2 - PR3 M Order2",-15.8333333333333,8.22885381372882,19,-1.92412378342624,0.995503739477011
"1348","PR0 F Order2 - PR4 M Order2",-15.5,8.29059214583946,19,-1.8695890145529,0.997114983893386
"1349","PR0 F Order2 - PR5 M Order2",-21.5,8.78938088685825,19,-2.44613361017799,0.919518060132227
"1350","PR0 F Order2 - PR6 M Order2",-11.6666666666667,7.37529858648218,19,-1.58185686041917,0.999860089835459
"1351","PR1 F Order2 - PR2 F Order2",0.999999999999995,2.65127134901011,19,0.377177538003932,1
"1352","PR1 F Order2 - PR3 F Order2",0.999999999999997,3.3993893500475,19,0.294170480938297,1
"1353","PR1 F Order2 - PR4 F Order2",-1.33333333333333,3.20220136269589,19,-0.416380227947569,1
"1354","PR1 F Order2 - PR5 F Order2",-5.33333333333333,5.1917895144712,19,-1.02726301181271,1
"1355","PR1 F Order2 - PR6 F Order2",-1.66666666666667,4.39197833375923,19,-0.379479710511257,1
"1356","PR1 F Order2 - NR0 M Order2",1,7.13692318262008,19,0.140116402322392,1
"1357","PR1 F Order2 - NR1 M Order2",1,9.26945559445342,19,0.107881200768508,1
"1358","PR1 F Order2 - NR2 M Order2",0.999999999999997,8.77456451660938,19,0.113965769823345,1
"1359","PR1 F Order2 - NR3 M Order2",0.999999999999999,8.62244114088755,19,0.115976436795608,1
"1360","PR1 F Order2 - NR4 M Order2",-9,7.87512183141627,19,-1.14283946238092,1
"1361","PR1 F Order2 - NR5 M Order2",-10.6666666666667,7.67962291959277,19,-1.3889570853086,0.99999229329959
"1362","PR1 F Order2 - NR6 M Order2",-14.8333333333333,8.00210133221232,19,-1.85367976704094,0.997482217628487
"1363","PR1 F Order2 - PR0 M Order2",-25.6666666666667,9.40139656167857,19,-2.73009084323574,0.806767208195399
"1364","PR1 F Order2 - PR1 M Order2",-24.3333333333333,10.0931335584763,19,-2.41087995044889,0.929698986781851
"1365","PR1 F Order2 - PR2 M Order2",-21,9.2243004774479,19,-2.27659539618663,0.960680852984439
"1366","PR1 F Order2 - PR3 M Order2",-15.6666666666667,9.01105558783307,19,-1.73860504065918,0.999148605533326
"1367","PR1 F Order2 - PR4 M Order2",-15.3333333333333,9.06746964968471,19,-1.69102670598589,0.999485898858909
"1368","PR1 F Order2 - PR5 M Order2",-21.3333333333333,9.52566554596409,19,-2.2395635486459,0.967173698096937
"1369","PR1 F Order2 - PR6 M Order2",-11.5,8.23893906756594,19,-1.39581078409377,0.999991323514862
"1370","PR2 F Order2 - PR3 F Order2",2.33146835171283e-15,2.16301987294621,19,1.07787652849309e-15,1
"1371","PR2 F Order2 - PR4 F Order2",-2.33333333333333,3.26907358517106,19,-0.713759807646309,1
"1372","PR2 F Order2 - PR5 F Order2",-6.33333333333332,4.8991286968505,19,-1.29274687913482,0.999998735191346
"1373","PR2 F Order2 - PR6 F Order2",-2.66666666666666,3.9399735802243,19,-0.67682348938869,1
"1374","PR2 F Order2 - NR0 M Order2",5.32907051820075e-15,5.84397525522018,19,9.11891355706976e-16,1
"1375","PR2 F Order2 - NR1 M Order2",5.77315972805081e-15,8.31499737140967,19,6.94306861467122e-16,1
"1376","PR2 F Order2 - NR2 M Order2",1.77635683940025e-15,7.75946884297799,19,2.28927633494886e-16,1
"1377","PR2 F Order2 - NR3 M Order2",3.5527136788005e-15,7.58701953978478,19,4.68262096884132e-16,1
"1378","PR2 F Order2 - NR4 M Order2",-10,6.7256165612273,19,-1.48685253001922,0.999962643736754
"1379","PR2 F Order2 - NR5 M Order2",-11.6666666666667,6.49561255434315,19,-1.7960841366479,0.99850309662261
"1380","PR2 F Order2 - NR6 M Order2",-15.8333333333333,6.87386354243376,19,-2.30341106360214,0.955447704513939
"1381","PR2 F Order2 - PR0 M Order2",-26.6666666666667,8.46183381891581,19,-3.15140514897081,0.573261135841907
"1382","PR2 F Order2 - PR1 M Order2",-25.3333333333333,9.2243004774479,19,-2.74636904936799,0.798813757790223
"1383","PR2 F Order2 - PR2 M Order2",-22,8.26462906410515,19,-2.66194645027085,0.838493062791915
"1384","PR2 F Order2 - PR3 M Order2",-16.6666666666667,8.02592655560861,19,-2.07660343652408,0.986868749520045
"1385","PR2 F Order2 - PR4 M Order2",-16.3333333333333,8.08921381327995,19,-2.01914966155538,0.990991059606199
"1386","PR2 F Order2 - PR5 M Order2",-22.3333333333333,8.59969059690947,19,-2.59699265707994,0.866150272581863
"1387","PR2 F Order2 - PR6 M Order2",-12.5,7.14818097337149,19,-1.74869663297071,0.999056673099296
"1388","PR3 F Order2 - PR4 F Order2",-2.33333333333333,3.59970759046371,19,-0.648200798174484,1
"1389","PR3 F Order2 - PR5 F Order2",-6.33333333333333,5.19885277493396,19,-1.21821748133919,0.999999746119047
"1390","PR3 F Order2 - PR6 F Order2",-2.66666666666666,3.89410260364558,19,-0.684796200328719,1
"1391","PR3 F Order2 - NR0 M Order2",2.99760216648792e-15,5.50122261796391,19,5.44897448196231e-16,1
"1392","PR3 F Order2 - NR1 M Order2",3.44169137633799e-15,8.07778340854233,19,4.26068786729088e-16,1
"1393","PR3 F Order2 - NR2 M Order2",-5.55111512312578e-16,7.50471586630155,19,-7.39683583232242e-17,1
"1394","PR3 F Order2 - NR3 M Order2",1.22124532708767e-15,7.32627251785299,19,1.66693953045247e-16,1
"1395","PR3 F Order2 - NR4 M Order2",-10,6.43003278665256,19,-1.55520202334862,0.999901550228257
"1396","PR3 F Order2 - NR5 M Order2",-11.6666666666667,6.18905372128182,19,-1.88504853763822,0.996716638011556
"1397","PR3 F Order2 - NR6 M Order2",-15.8333333333333,6.58493762375711,19,-2.4044773448134,0.931454558928881
"1398","PR3 F Order2 - PR0 M Order2",-26.6666666666667,8.22885381372882,19,-3.24062952998104,0.521804904062934
"1399","PR3 F Order2 - PR1 M Order2",-25.3333333333333,9.01105558783307,19,-2.81136134234251,0.765778276910336
"1400","PR3 F Order2 - PR2 M Order2",-22,8.02592655560861,19,-2.74111653621178,0.801395013029827
"1401","PR3 F Order2 - PR3 M Order2",-16.6666666666667,7.77990363595818,19,-2.1422716072773,0.980513673554289
"1402","PR3 F Order2 - PR4 M Order2",-16.3333333333333,7.84517581866277,19,-2.08195886374888,0.986420295643267
"1403","PR3 F Order2 - PR5 M Order2",-22.3333333333333,8.3705484809148,19,-2.66808481956162,0.835744560509258
"1404","PR3 F Order2 - PR6 M Order2",-12.5,6.87080015259082,19,-1.8192932005578,0.998144458736499
"1405","PR4 F Order2 - PR5 F Order2",-4,4.06324273462315,19,-0.984435403259505,1
"1406","PR4 F Order2 - PR6 F Order2",-0.333333333333334,1.97565593519444,19,-0.168720336064249,1
"1407","PR4 F Order2 - NR0 M Order2",2.33333333333333,5.59315057309683,19,0.417176920742437,1
"1408","PR4 F Order2 - NR1 M Order2",2.33333333333333,8.14066753013887,19,0.286626781488708,1
"1409","PR4 F Order2 - NR2 M Order2",2.33333333333333,7.57236048236307,19,0.308138174188609,1
"1410","PR4 F Order2 - NR3 M Order2",2.33333333333333,7.39554947564977,19,0.315505067069857,1
"1411","PR4 F Order2 - NR4 M Order2",-7.66666666666667,6.50885586553909,19,-1.17788238440761,0.999999902281678
"1412","PR4 F Order2 - NR5 M Order2",-9.33333333333334,6.27090655374867,19,-1.48835471447968,0.999961797305061
"1413","PR4 F Order2 - NR6 M Order2",-13.5,6.66192814053916,19,-2.02644035108241,0.990533591625615
"1414","PR4 F Order2 - PR0 M Order2",-24.3333333333333,8.29059214583946,19,-2.93505372177122,0.698340200521362
"1415","PR4 F Order2 - PR1 M Order2",-23,9.06746964968471,19,-2.53654005897883,0.889419833631285
"1416","PR4 F Order2 - PR2 M Order2",-19.6666666666667,8.08921381327995,19,-2.43122102105648,0.923931185513704
"1417","PR4 F Order2 - PR3 M Order2",-14.3333333333333,7.84517581866277,19,-1.82702512533065,0.998010013542105
"1418","PR4 F Order2 - PR4 M Order2",-14,7.90990939686838,19,-1.769931777669,0.998835230191735
"1419","PR4 F Order2 - PR5 M Order2",-20,8.43124930910483,19,-2.37212769623621,0.939889378739575
"1420","PR4 F Order2 - PR6 M Order2",-10.1666666666667,6.94462221994673,19,-1.46396252303911,0.999973619889995
"1421","PR5 F Order2 - PR6 F Order2",3.66666666666666,3.42270540372697,19,1.07127731842596,1
"1422","PR5 F Order2 - NR0 M Order2",6.33333333333333,6.30893268144045,19,1.00386763548209,1
"1423","PR5 F Order2 - NR1 M Order2",6.33333333333333,8.64810765901254,19,0.732337475786753,1
"1424","PR5 F Order2 - NR2 M Order2",6.33333333333333,8.11541382311881,19,0.780407933763183,1
"1425","PR5 F Order2 - NR3 M Order2",6.33333333333333,7.95068866780719,19,0.796576698944001,1
"1426","PR5 F Order2 - NR4 M Order2",-3.66666666666667,7.13333743236479,19,-0.514018396218098,1
"1427","PR5 F Order2 - NR5 M Order2",-5.33333333333334,6.91690445585755,19,-0.771057829028827,1
"1428","PR5 F Order2 - NR6 M Order2",-9.5,7.27327882012794,19,-1.30615094442824,0.999998345239196
"1429","PR5 F Order2 - PR0 M Order2",-20.3333333333333,8.78938088685825,19,-2.31339767784275,0.953380987393896
"1430","PR5 F Order2 - PR1 M Order2",-19,9.52566554596409,19,-1.99461128551276,0.992403540811031
"1431","PR5 F Order2 - PR2 M Order2",-15.6666666666667,8.59969059690947,19,-1.82177096839937,0.998102241176476
"1432","PR5 F Order2 - PR3 M Order2",-10.3333333333333,8.3705484809148,19,-1.23448700606582,0.999999633389781
"1433","PR5 F Order2 - PR4 M Order2",-10,8.43124930910483,19,-1.18606384811811,0.999999880780104
"1434","PR5 F Order2 - PR5 M Order2",-16,8.92217816219194,19,-1.79328407359097,0.99854210590617
"1435","PR5 F Order2 - PR6 M Order2",-6.16666666666667,7.53306551301605,19,-0.818613173615915,1
"1436","PR6 F Order2 - NR0 M Order2",2.66666666666667,4.11636301174282,19,0.647821064143133,1
"1437","PR6 F Order2 - NR1 M Order2",2.66666666666667,7.20635684291088,19,0.370043660728507,1
"1438","PR6 F Order2 - NR2 M Order2",2.66666666666666,6.55757229361331,19,0.406654558618262,1
"1439","PR6 F Order2 - NR3 M Order2",2.66666666666666,6.35257925238991,19,0.419777000918711,1
"1440","PR6 F Order2 - NR4 M Order2",-7.33333333333334,5.29398864651915,19,-1.38521893849453,0.999992779653452
"1441","PR6 F Order2 - NR5 M Order2",-9,4.99853779789241,19,-1.80052654674229,0.998439397788067
"1442","PR6 F Order2 - NR6 M Order2",-13.1666666666667,5.48109456776826,19,-2.40219658753813,0.932073026834658
"1443","PR6 F Order2 - PR0 M Order2",-24,7.37529858648218,19,-3.25410554143373,0.514132935107606
"1444","PR6 F Order2 - PR1 M Order2",-22.6666666666667,8.23893906756594,19,-2.75116328459062,0.796445528637585
"1445","PR6 F Order2 - PR2 M Order2",-19.3333333333333,7.14818097337149,19,-2.70465079232803,0.818916218458389
"1446","PR6 F Order2 - PR3 M Order2",-14,6.87080015259083,19,-2.03760838462474,0.989797472558701
"1447","PR6 F Order2 - PR4 M Order2",-13.6666666666667,6.94462221994673,19,-1.96794962113454,0.993731727213983
"1448","PR6 F Order2 - PR5 M Order2",-19.6666666666667,7.53306551301606,19,-2.61071228342373,0.860531368155327
"1449","PR6 F Order2 - PR6 M Order2",-9.83333333333334,5.82141639885766,19,-1.68916508622591,0.99949631422016
"1450","NR0 M Order2 - NR1 M Order2",4.44089209850063e-16,5.91499235019996,19,7.5078577208143e-17,1
"1451","NR0 M Order2 - NR2 M Order2",-3.5527136788005e-15,5.10463612234217,19,-6.95977851046198e-16,1
"1452","NR0 M Order2 - NR3 M Order2",-1.77635683940025e-15,4.83847276663311,19,-3.67131722152141e-16,1
"1453","NR0 M Order2 - NR4 M Order2",-10,3.32894447911485,19,-3.00395517640443,0.659009229799925
"1454","NR0 M Order2 - NR5 M Order2",-11.6666666666667,2.835654364078,19,-4.11427669551681,0.153444418880362
"1455","NR0 M Order2 - NR6 M Order2",-15.8333333333333,3.61910945073153,19,-4.37492525409337,0.0987871010184181
"1456","NR0 M Order2 - PR0 M Order2",-26.6666666666667,6.11968829233333,19,-4.35752041489994,0.101808454802191
"1457","NR0 M Order2 - PR1 M Order2",-25.3333333333333,7.13692318262008,19,-3.54961552550059,0.358129128319672
"1458","NR0 M Order2 - PR2 M Order2",-22,5.84397525522018,19,-3.76456077228396,0.264822125341175
"1459","NR0 M Order2 - PR3 M Order2",-16.6666666666667,5.50122261796391,19,-3.02962956129837,0.644162115095582
"1460","NR0 M Order2 - PR4 M Order2",-16.3333333333333,5.59315057309683,19,-2.92023844519706,0.706665729334555
"1461","NR0 M Order2 - PR5 M Order2",-22.3333333333333,6.30893268144045,19,-3.53995429354212,0.362763255639937
"1462","NR0 M Order2 - PR6 M Order2",-12.5,4.11636301174282,19,-3.03666123817094,0.640083411824901
"1463","NR1 M Order2 - NR2 M Order2",-3.99680288865056e-15,1.11607080200484,19,-3.58113739869456e-15,1
"1464","NR1 M Order2 - NR3 M Order2",-2.22044604925031e-15,1.88414436814168,19,-1.17849039956547e-15,1
"1465","NR1 M Order2 - NR4 M Order2",-10,6.84575251417842,19,-1.46075978926915,0.999974898049366
"1466","NR1 M Order2 - NR5 M Order2",-11.6666666666667,6.70942428744865,19,-1.73884765172648,0.999146488943426
"1467","NR1 M Order2 - NR6 M Order2",-15.8333333333333,7.28394453254666,19,-2.17373062941181,0.976751888758502
"1468","NR1 M Order2 - PR0 M Order2",-26.6666666666667,8.60111851831387,19,-3.10037195858734,0.602989405791436
"1469","NR1 M Order2 - PR1 M Order2",-25.3333333333333,9.38232754573398,19,-2.70011180166611,0.82104659432546
"1470","NR1 M Order2 - PR2 M Order2",-22,8.38328886319341,19,-2.62426839382696,0.854860295516335
"1471","NR1 M Order2 - PR3 M Order2",-16.6666666666667,8.15645620216144,19,-2.04337107361038,0.989400420821016
"1472","NR1 M Order2 - PR4 M Order2",-16.3333333333333,8.32633039086114,19,-1.96164847737252,0.99401651890301
"1473","NR1 M Order2 - PR5 M Order2",-22.3333333333333,9.07443230386491,19,-2.46112732846343,0.914923097793752
"1474","NR1 M Order2 - PR6 M Order2",-12.5,7.42380397754925,19,-1.68377290642398,0.99952545818974
"1475","NR2 M Order2 - NR3 M Order2",1.77635683940025e-15,1.12663137077487,19,1.5766974766365e-15,1
"1476","NR2 M Order2 - NR4 M Order2",-10,6.15339966891312,19,-1.62511790848234,0.999759618305889
"1477","NR2 M Order2 - NR5 M Order2",-11.6666666666667,5.99258801446513,19,-1.94684944776868,0.994644446757363
"1478","NR2 M Order2 - NR6 M Order2",-15.8333333333333,6.60964650345121,19,-2.39548867326959,0.933871009034616
"1479","NR2 M Order2 - PR0 M Order2",-26.6666666666667,8.03371914338893,19,-3.31934265944697,0.477517022706161
"1480","NR2 M Order2 - PR1 M Order2",-25.3333333333333,8.84823304791276,19,-2.86309517348317,0.738197496959264
"1481","NR2 M Order2 - PR2 M Order2",-22,7.77640756518607,19,-2.82906982634129,0.756454010886238
"1482","NR2 M Order2 - PR3 M Order2",-16.6666666666667,7.52432701814743,19,-2.21503752115896,0.971025417139484
"1483","NR2 M Order2 - PR4 M Order2",-16.3333333333333,7.74220981797168,19,-2.10964746724112,0.983910042644229
"1484","NR2 M Order2 - PR5 M Order2",-22.3333333333333,8.52929249172267,19,-2.61842741997732,0.857318208982447
"1485","NR2 M Order2 - PR6 M Order2",-12.5,6.77512650666293,19,-1.8449839995913,0.997665900774521
"1486","NR3 M Order2 - NR4 M Order2",-10,5.87802429313143,19,-1.70125190052126,0.999425303979173
"1487","NR3 M Order2 - NR5 M Order2",-11.6666666666667,5.62120567284051,19,-2.07547407899261,0.986961837214941
"1488","NR3 M Order2 - NR6 M Order2",-15.8333333333333,6.0724187113413,19,-2.60741791467077,0.861891723270317
"1489","NR3 M Order2 - PR0 M Order2",-26.6666666666667,7.75192864136524,19,-3.44000414611276,0.412751336782236
"1490","NR3 M Order2 - PR1 M Order2",-25.3333333333333,8.61328023991023,19,-2.94119460039737,0.694873643286301
"1491","NR3 M Order2 - PR2 M Order2",-22,7.47050731424338,19,-2.94491378892763,0.692769907226503
"1492","NR3 M Order2 - PR3 M Order2",-16.6666666666667,7.13581691475725,19,-2.33563541017975,0.948544124912245
"1493","NR3 M Order2 - PR4 M Order2",-16.3333333333333,7.56171489569282,19,-2.16000385608784,0.978454492804425
"1494","NR3 M Order2 - PR5 M Order2",-22.3333333333333,8.43222029961781,19,-2.64857090300945,0.844403439700782
"1495","NR3 M Order2 - PR6 M Order2",-12.5,6.6088501711565,19,-1.89140314521801,0.996540223591694
"1496","NR4 M Order2 - NR5 M Order2",-1.66666666666666,3.39418146778532,19,-0.491036405237977,1
"1497","NR4 M Order2 - NR6 M Order2",-5.83333333333333,3.55388758390925,19,-1.64139500634308,0.999707939337879
"1498","NR4 M Order2 - PR0 M Order2",-16.6666666666667,5.69654147666122,19,-2.92575183292356,0.703573886619107
"1499","NR4 M Order2 - PR1 M Order2",-15.3333333333333,5.10245898751752,19,-3.00508703173201,0.658356404790355
"1500","NR4 M Order2 - PR2 M Order2",-12,4.58512724064071,19,-2.61715746809311,0.857849734320167
"1501","NR4 M Order2 - PR3 M Order2",-6.66666666666667,4.83351481812935,19,-1.37925855562946,0.999993497524826
"1502","NR4 M Order2 - PR4 M Order2",-6.33333333333333,4.14464355227788,19,-1.52807672202657,0.999932169582394
"1503","NR4 M Order2 - PR5 M Order2",-12.3333333333333,5.52625313247688,19,-2.23177133541936,0.968435224605144
"1504","NR4 M Order2 - PR6 M Order2",-2.5,3.33289470798327,19,-0.750098703691946,1
"1505","NR5 M Order2 - NR6 M Order2",-4.16666666666667,2.19615559904226,19,-1.89725476122172,0.996370931875369
"1506","NR5 M Order2 - PR0 M Order2",-15,4.71655662880756,19,-3.18028620888038,0.556504339623411
"1507","NR5 M Order2 - PR1 M Order2",-13.6666666666667,6.34532567286635,19,-2.1538164266505,0.979190699256126
"1508","NR5 M Order2 - PR2 M Order2",-10.3333333333333,5.16397779494323,19,-2.0010413955405,0.99205177905759
"1509","NR5 M Order2 - PR3 M Order2",-5,5.25660264287013,19,-0.951184698501384,1
"1510","NR5 M Order2 - PR4 M Order2",-4.66666666666667,5.82365111254974,19,-0.801330055059477,1
"1511","NR5 M Order2 - PR5 M Order2",-10.6666666666667,5.56264167964649,19,-1.91755415519493,0.995729986932611
"1512","NR5 M Order2 - PR6 M Order2",-0.833333333333335,4.5611504653159,19,-0.182702443094172,1
"1513","NR6 M Order2 - PR0 M Order2",-10.8333333333333,4.01845159437989,19,-2.69589743185773,0.823014275920317
"1514","NR6 M Order2 - PR1 M Order2",-9.5,5.89019901569077,19,-1.61284872967673,0.999793088024466
"1515","NR6 M Order2 - PR2 M Order2",-6.16666666666667,4.92799023125029,19,-1.25135529440815,0.999999468859634
"1516","NR6 M Order2 - PR3 M Order2",-0.833333333333336,4.96025136129727,19,-0.168002238724328,1
"1517","NR6 M Order2 - PR4 M Order2",-0.499999999999999,5.3183451675909,19,-0.0940142063450329,1
"1518","NR6 M Order2 - PR5 M Order2",-6.5,5.46894475425984,19,-1.1885291024264,0.999999873484781
"1519","NR6 M Order2 - PR6 M Order2",3.33333333333333,4.23867600425013,19,0.786409088590633,1
"1520","PR0 M Order2 - PR1 M Order2",1.33333333333333,5.56358776078259,19,0.239653509688823,1
"1521","PR0 M Order2 - PR2 M Order2",4.66666666666666,5.68369474593,19,0.821062156796577,1
"1522","PR0 M Order2 - PR3 M Order2",10,5.21396011846649,19,1.91792798041984,0.995717368012226
"1523","PR0 M Order2 - PR4 M Order2",10.3333333333333,6.10612768631949,19,1.69228910107542,0.999478730451814
"1524","PR0 M Order2 - PR5 M Order2",4.33333333333334,5.47471593965231,19,0.791517474349279,1
"1525","PR0 M Order2 - PR6 M Order2",14.1666666666667,5.40280953552807,19,2.62209255638363,0.855778435360469
"1526","PR1 M Order2 - PR2 M Order2",3.33333333333333,2.65127134901011,19,1.25725846001311,0.99999939672662
"1527","PR1 M Order2 - PR3 M Order2",8.66666666666667,3.3993893500475,19,2.54947750146525,0.884647733660539
"1528","PR1 M Order2 - PR4 M Order2",9,3.20220136269589,19,2.81056653864609,0.766193745482137
"1529","PR1 M Order2 - PR5 M Order2",3.00000000000001,5.1917895144712,19,0.577835444144651,1
"1530","PR1 M Order2 - PR6 M Order2",12.8333333333333,4.39197833375924,19,2.92199377093668,0.705682212849766
"1531","PR2 M Order2 - PR3 M Order2",5.33333333333334,2.16301987294621,19,2.46568854962433,0.913493859804317
"1532","PR2 M Order2 - PR4 M Order2",5.66666666666667,3.26907358517106,19,1.73341667571247,0.999192805803485
"1533","PR2 M Order2 - PR5 M Order2",-0.333333333333323,4.8991286968505,19,-0.0680393094281464,1
"1534","PR2 M Order2 - PR6 M Order2",9.50000000000001,3.9399735802243,19,2.41118368094721,0.929614993686365
"1535","PR3 M Order2 - PR4 M Order2",0.333333333333336,3.59970759046372,19,0.0926001140249273,1
"1536","PR3 M Order2 - PR5 M Order2",-5.66666666666666,5.19885277493397,19,-1.08998406225086,1
"1537","PR3 M Order2 - PR6 M Order2",4.16666666666667,3.89410260364558,19,1.06999406301362,1
"1538","PR4 M Order2 - PR5 M Order2",-6,4.06324273462315,19,-1.47665310488926,0.999967959630804
"1539","PR4 M Order2 - PR6 M Order2",3.83333333333333,1.97565593519444,19,1.94028386473886,0.994905335770677
"1540","PR5 M Order2 - PR6 M Order2",9.83333333333333,3.42270540372697,19,2.87297099032416,0.732821062547642
