"contrast","estimate","SE","df","t.ratio","p.value","contrast_pretty"
"NR X0 Order1 F - PR X0 Order1 F",-0.200000000000008,0.399319596752872,19,-0.500851953238305,1,"NANA OrderNA SexNA - NANA OrderNA SexNA"
"NR X0 Order1 F - NR X1 Order1 F",0.519999999999998,0.148489470357388,19,3.50193181205677,0.381895119092208,"NANA OrderNA SexNA - NANA OrderNA SexNA"
"NR X0 Order1 F - PR X1 Order1 F",0.0600000000000024,0.303465365519981,19,0.197716137712104,1,"NANA OrderNA SexNA - NANA OrderNA SexNA"
"NR X0 Order1 F - NR X2 Order1 F",0.479999999999996,0.200516875957759,19,2.39381347683231,0.934578697995485,"NANA OrderNA SexNA - NANA OrderNA SexNA"
"NR X0 Order1 F - PR X2 Order1 F",0.0799999999999922,0.311160814743082,19,0.257101782131681,1,"NANA OrderNA SexNA - NANA OrderNA SexNA"
"NR X0 Order1 F - NR X3 Order1 F",0.460000000000003,0.272872954179793,19,1.68576618882102,0.999519879234508,"NANA OrderNA SexNA - NANA OrderNA SexNA"
"NR X0 Order1 F - PR X3 Order1 F",-0.0999999999999973,0.310065075229689,19,-0.322512943213355,1,"NANA OrderNA SexNA - NANA OrderNA SexNA"
"NR X0 Order1 F - NR X4 Order1 F",0.540000000000007,0.455708432485725,19,1.1849681978771,0.999999886403452,"NANA OrderNA SexNA - NANA OrderNA SexNA"
"NR X0 Order1 F - PR X4 Order1 F",-0.440000000000007,0.376810250540349,19,-1.16769647155045,0.999999925693138,"NANA OrderNA SexNA - NANA OrderNA SexNA"
"NR X0 Order1 F - NR X5 Order1 F",0.159999999999994,0.473160334088125,19,0.33815176056198,1,"NANA OrderNA SexNA - NANA OrderNA SexNA"
"NR X0 Order1 F - PR X5 Order1 F",-0.140000000000003,0.40765052111879,19,-0.343431426545894,1,"NANA OrderNA SexNA - NANA OrderNA SexNA"
"NR X0 Order1 F - NR X6 Order1 F",0.339999999999998,0.446844688273897,19,0.760890772392022,1,"NANA OrderNA SexNA - NANA OrderNA SexNA"
"NR X0 Order1 F - PR X6 Order1 F",-0.320000000000009,0.36768121203593,19,-0.870319150190188,1,"NANA OrderNA SexNA - NANA OrderNA SexNA"
"NR X0 Order1 F - NR X0 Order2 F",1.33,0.822785526970311,19,1.61646013013546,0.999786158074513,"NANA OrderNA SexNA - NANA OrderNA SexNA"
"NR X0 Order1 F - PR X0 Order2 F",0.896666666666658,0.792584048340749,19,1.1313206069991,1,"NANA OrderNA SexNA - NANA OrderNA SexNA"
"NR X0 Order1 F - NR X1 Order2 F",1.06333333333333,0.800982218666484,19,1.3275367524433,0.999997532698902,"NANA OrderNA SexNA - NANA OrderNA SexNA"
"NR X0 Order1 F - PR X1 Order2 F",2.11333333333334,0.787170148128893,19,2.68472240513279,0.82865295536446,"NANA OrderNA SexNA - NANA OrderNA SexNA"
"NR X0 Order1 F - NR X2 Order2 F",0.813333333333329,0.811335625420223,19,1.00246224601819,1,"NANA OrderNA SexNA - NANA OrderNA SexNA"
"NR X0 Order1 F - PR X2 Order2 F",2.14666666666666,0.765505986393757,19,2.8042454335066,0.770026127602217,"NANA OrderNA SexNA - NANA OrderNA SexNA"
"NR X0 Order1 F - NR X3 Order2 F",0.563333333333335,0.787290861489447,19,0.715533941633192,1,"NANA OrderNA SexNA - NANA OrderNA SexNA"
"NR X0 Order1 F - PR X3 Order2 F",1.93,0.787522950561327,19,2.450722227999,0.918433486121654,"NANA OrderNA SexNA - NANA OrderNA SexNA"
"NR X0 Order1 F - NR X4 Order2 F",0.630000000000008,0.807508260417981,19,0.780177777591908,1,"NANA OrderNA SexNA - NANA OrderNA SexNA"
"NR X0 Order1 F - PR X4 Order2 F",1.74666666666666,0.785980595864824,19,2.22227708400966,0.970075732491354,"NANA OrderNA SexNA - NANA OrderNA SexNA"
"NR X0 Order1 F - NR X5 Order2 F",0.796666666666662,0.832061836995782,19,0.95746088961739,1,"NANA OrderNA SexNA - NANA OrderNA SexNA"
"NR X0 Order1 F - PR X5 Order2 F",1.54666666666666,0.829113526464309,19,1.86544618716125,0.997237164861294,"NANA OrderNA SexNA - NANA OrderNA SexNA"
"NR X0 Order1 F - NR X6 Order2 F",0.613333333333331,0.786895224008414,19,0.779434560816158,1,"NANA OrderNA SexNA - NANA OrderNA SexNA"
"NR X0 Order1 F - PR X6 Order2 F",1.19666666666666,0.865986237617372,19,1.38185413888228,0.999993302265592,"NANA OrderNA SexNA - NANA OrderNA SexNA"
"NR X0 Order1 F - NR X0 Order1 M",-4.63666666666667,0.822785526970311,19,-5.63532842360507,0.00960498202619775,"NANA OrderNA SexNA - NANA OrderNA SexNA"
"NR X0 Order1 F - PR X0 Order1 M",-3.98666666666668,0.792584048340749,19,-5.02996076569121,0.0302352812585223,"NANA OrderNA SexNA - NANA OrderNA SexNA"
"NR X0 Order1 F - NR X1 Order1 M",-3.77,0.800982218666484,19,-4.70672121320807,0.0548847338562892,"NANA OrderNA SexNA - NANA OrderNA SexNA"
"NR X0 Order1 F - PR X1 Order1 M",-3.68666666666666,0.787170148128893,19,-4.68344318624111,0.0572520603249002,"NANA OrderNA SexNA - NANA OrderNA SexNA"
"NR X0 Order1 F - NR X2 Order1 M",-4.12000000000001,0.811335625420223,19,-5.07804645933808,0.0276334754008649,"NANA OrderNA SexNA - NANA OrderNA SexNA"
"NR X0 Order1 F - PR X2 Order1 M",-3.32000000000001,0.765505986393757,19,-4.33700070151023,0.105693544184351,"NANA OrderNA SexNA - NANA OrderNA SexNA"
"NR X0 Order1 F - NR X3 Order1 M",-3.83666666666666,0.787290861489447,19,-4.87325187467338,0.0404533625464303,"NANA OrderNA SexNA - NANA OrderNA SexNA"
"NR X0 Order1 F - PR X3 Order1 M",-3.73666666666666,0.787522950561327,19,-4.74483526353519,0.0512061060755844,"NANA OrderNA SexNA - NANA OrderNA SexNA"
"NR X0 Order1 F - NR X4 Order1 M",-3.85333333333333,0.807508260417981,19,-4.77188101003297,0.0487380416634025,"NANA OrderNA SexNA - NANA OrderNA SexNA"
"NR X0 Order1 F - PR X4 Order1 M",-3.82000000000001,0.785980595864824,19,-4.86017087457079,0.0414417334040716,"NANA OrderNA SexNA - NANA OrderNA SexNA"
"NR X0 Order1 F - NR X5 Order1 M",-3.98666666666667,0.832061836995782,19,-4.79131056059585,0.0470348348159096,"NANA OrderNA SexNA - NANA OrderNA SexNA"
"NR X0 Order1 F - PR X5 Order1 M",-3.97,0.829113526464309,19,-4.78824657092469,0.04729963333613,"NANA OrderNA SexNA - NANA OrderNA SexNA"
"NR X0 Order1 F - NR X6 Order1 M",-3.97,0.786895224008414,19,-5.04514435832636,0.0293891775330942,"NANA OrderNA SexNA - NANA OrderNA SexNA"
"NR X0 Order1 F - PR X6 Order1 M",-3.85333333333334,0.865986237617371,19,-4.44964731071847,0.0868966003360714,"NANA OrderNA SexNA - NANA OrderNA SexNA"
"NR X0 Order1 F - NR X0 Order2 M",-2.80333333333333,0.822785526970311,19,-3.40712523670155,0.430538214513976,"NANA OrderNA SexNA - NANA OrderNA SexNA"
"NR X0 Order1 F - PR X0 Order2 M",-4.30333333333335,0.792584048340749,19,-5.42949778303292,0.0142214609729857,"NANA OrderNA SexNA - NANA OrderNA SexNA"
"NR X0 Order1 F - NR X1 Order2 M",-3.70333333333334,0.800982218666484,19,-4.62349006885426,0.0637963660467581,"NANA OrderNA SexNA - NANA OrderNA SexNA"
"NR X0 Order1 F - PR X1 Order2 M",-3.43666666666666,0.787170148128893,19,-4.36584984178533,0.100560382389684,"NANA OrderNA SexNA - NANA OrderNA SexNA"
"NR X0 Order1 F - NR X2 Order2 M",-3.75333333333335,0.811335625420223,19,-4.62611675826431,0.0634956120330843,"NANA OrderNA SexNA - NANA OrderNA SexNA"
"NR X0 Order1 F - PR X2 Order2 M",-3.07000000000001,0.765505986393757,19,-4.01041932338447,0.181878057442745,"NANA OrderNA SexNA - NANA OrderNA SexNA"
"NR X0 Order1 F - NR X3 Order2 M",-3.21999999999999,0.787290861489447,19,-4.08997507466071,0.159971778333539,"NANA OrderNA SexNA - NANA OrderNA SexNA"
"NR X0 Order1 F - PR X3 Order2 M",-2.67,0.787522950561327,19,-3.39037738277581,0.439442264738971,"NANA OrderNA SexNA - NANA OrderNA SexNA"
"NR X0 Order1 F - NR X4 Order2 M",-3.81999999999999,0.807508260417981,19,-4.73060176254134,0.0525518533560536,"NANA OrderNA SexNA - NANA OrderNA SexNA"
"NR X0 Order1 F - PR X4 Order2 M",-2.40333333333334,0.785980595864824,19,-3.05775148391409,0.628441893020129,"NANA OrderNA SexNA - NANA OrderNA SexNA"
"NR X0 Order1 F - NR X5 Order2 M",-4.02000000000001,0.832061836995782,19,-4.83137168568445,0.0436993777071101,"NANA OrderNA SexNA - NANA OrderNA SexNA"
"NR X0 Order1 F - PR X5 Order2 M",-2.47,0.829113526464309,19,-2.97908539803123,0.673907714945924,"NANA OrderNA SexNA - NANA OrderNA SexNA"
"NR X0 Order1 F - NR X6 Order2 M",-3.65333333333334,0.786895224008414,19,-4.64271890573106,0.0616250126915331,"NANA OrderNA SexNA - NANA OrderNA SexNA"
"NR X0 Order1 F - PR X6 Order2 M",-2.67000000000001,0.865986237617372,19,-3.08318987533348,0.613626401663056,"NANA OrderNA SexNA - NANA OrderNA SexNA"
"PR X0 Order1 F - NR X1 Order1 F",0.720000000000006,0.375985255403322,19,1.91496871128006,0.995848072725883,"NANA OrderNA SexNA - NANA OrderNA SexNA"
"PR X0 Order1 F - PR X1 Order1 F",0.260000000000011,0.186763759210363,19,1.39213304068889,0.999991985189849,"NANA OrderNA SexNA - NANA OrderNA SexNA"
"PR X0 Order1 F - NR X2 Order1 F",0.680000000000004,0.354588963919259,19,1.91771337856652,0.9957568324156,"NANA OrderNA SexNA - NANA OrderNA SexNA"
"PR X0 Order1 F - PR X2 Order1 F",0.28,0.230095327308319,19,1.2168869454042,0.999999758803619,"NANA OrderNA SexNA - NANA OrderNA SexNA"
"PR X0 Order1 F - NR X3 Order1 F",0.660000000000011,0.325554856993843,19,2.02730810436809,0.990539903375781,"NANA OrderNA SexNA - NANA OrderNA SexNA"
"PR X0 Order1 F - PR X3 Order1 F",0.100000000000011,0.237568088116287,19,0.420931955941245,1,"NANA OrderNA SexNA - NANA OrderNA SexNA"
"PR X0 Order1 F - NR X4 Order1 F",0.740000000000016,0.435128535153996,19,1.70064691284409,0.999434839885278,"NANA OrderNA SexNA - NANA OrderNA SexNA"
"PR X0 Order1 F - PR X4 Order1 F",-0.239999999999999,0.224788399525873,19,-1.06767075394554,1,"NANA OrderNA SexNA - NANA OrderNA SexNA"
"PR X0 Order1 F - NR X5 Order1 F",0.360000000000002,0.485585195878272,19,0.741373507791716,1,"NANA OrderNA SexNA - NANA OrderNA SexNA"
"PR X0 Order1 F - PR X5 Order1 F",0.0600000000000051,0.326523420078329,19,0.183754047368522,1,"NANA OrderNA SexNA - NANA OrderNA SexNA"
"PR X0 Order1 F - NR X6 Order1 F",0.540000000000006,0.399258083880414,19,1.35250861986741,0.999996053003314,"NANA OrderNA SexNA - NANA OrderNA SexNA"
"PR X0 Order1 F - PR X6 Order1 F",-0.12,0.397024017126721,19,-0.302248717517004,1,"NANA OrderNA SexNA - NANA OrderNA SexNA"
"PR X0 Order1 F - NR X0 Order2 F",1.53000000000001,0.786404580189288,19,1.94556343966325,0.99473488232149,"NANA OrderNA SexNA - NANA OrderNA SexNA"
"PR X0 Order1 F - PR X0 Order2 F",1.09666666666667,0.754748709197365,19,1.45302224873351,0.999978079132172,"NANA OrderNA SexNA - NANA OrderNA SexNA"
"PR X0 Order1 F - NR X1 Order2 F",1.26333333333334,0.763563130966105,19,1.654523748069,0.99966311046654,"NANA OrderNA SexNA - NANA OrderNA SexNA"
"PR X0 Order1 F - PR X1 Order2 F",2.31333333333334,0.749061400992029,19,3.08830935657565,0.610642157098628,"NANA OrderNA SexNA - NANA OrderNA SexNA"
"PR X0 Order1 F - NR X2 Order2 F",1.01333333333334,0.774416966128004,19,1.30851127707066,0.999998297046715,"NANA OrderNA SexNA - NANA OrderNA SexNA"
"PR X0 Order1 F - PR X2 Order2 F",2.34666666666667,0.726261354854819,19,3.23116003760901,0.52783032241745,"NANA OrderNA SexNA - NANA OrderNA SexNA"
"PR X0 Order1 F - NR X3 Order2 F",0.763333333333344,0.749188254670128,19,1.0188805398043,1,"NANA OrderNA SexNA - NANA OrderNA SexNA"
"PR X0 Order1 F - PR X3 Order2 F",2.13000000000001,0.749432143700613,19,2.84215191182261,0.750041164892847,"NANA OrderNA SexNA - NANA OrderNA SexNA"
"PR X0 Order1 F - NR X4 Order2 F",0.830000000000016,0.770406211679366,19,1.07735372251315,1,"NANA OrderNA SexNA - NANA OrderNA SexNA"
"PR X0 Order1 F - PR X4 Order2 F",1.94666666666667,0.747811231145201,19,2.60315248767464,0.864058020312928,"NANA OrderNA SexNA - NANA OrderNA SexNA"
"PR X0 Order1 F - NR X5 Order2 F",0.99666666666667,0.796104918296373,19,1.25192878948605,0.999999472688376,"NANA OrderNA SexNA - NANA OrderNA SexNA"
"PR X0 Order1 F - PR X5 Order2 F",1.74666666666667,0.793022937951331,19,2.20254242730854,0.972996025255138,"NANA OrderNA SexNA - NANA OrderNA SexNA"
"PR X0 Order1 F - NR X6 Order2 F",0.813333333333339,0.748772484749627,19,1.08622225028114,1,"NANA OrderNA SexNA - NANA OrderNA SexNA"
"PR X0 Order1 F - PR X6 Order2 F",1.39666666666667,0.831497627232675,19,1.67970012291549,0.999551223312649,"NANA OrderNA SexNA - NANA OrderNA SexNA"
"PR X0 Order1 F - NR X0 Order1 M",-4.43666666666666,0.786404580189288,19,-5.64171010499297,0.00948860951703734,"NANA OrderNA SexNA - NANA OrderNA SexNA"
"PR X0 Order1 F - PR X0 Order1 M",-3.78666666666667,0.754748709197365,19,-5.01712241507983,0.0309689889334224,"NANA OrderNA SexNA - NANA OrderNA SexNA"
"PR X0 Order1 F - NR X1 Order1 M",-3.56999999999999,0.763563130966105,19,-4.67544837515009,0.0580869541631686,"NANA OrderNA SexNA - NANA OrderNA SexNA"
"PR X0 Order1 F - PR X1 Order1 M",-3.48666666666666,0.749061400992029,19,-4.65471410227392,0.0603055984346097,"NANA OrderNA SexNA - NANA OrderNA SexNA"
"PR X0 Order1 F - NR X2 Order1 M",-3.92,0.774416966128004,19,-5.06187257182594,0.0284834747296735,"NANA OrderNA SexNA - NANA OrderNA SexNA"
"PR X0 Order1 F - PR X2 Order1 M",-3.12,0.726261354854819,19,-4.29597414091198,0.113395726427815,"NANA OrderNA SexNA - NANA OrderNA SexNA"
"PR X0 Order1 F - NR X3 Order1 M",-3.63666666666666,0.749188254670128,19,-4.85414265906758,0.0419049156880914,"NANA OrderNA SexNA - NANA OrderNA SexNA"
"PR X0 Order1 F - PR X3 Order1 M",-3.53666666666666,0.749432143700613,19,-4.71912860476332,0.0536607756285338,"NANA OrderNA SexNA - NANA OrderNA SexNA"
"PR X0 Order1 F - NR X4 Order1 M",-3.65333333333332,0.770406211679366,19,-4.7420870677686,0.0514633863559961,"NANA OrderNA SexNA - NANA OrderNA SexNA"
"PR X0 Order1 F - PR X4 Order1 M",-3.62,0.747811231145201,19,-4.84079383838127,0.0429481793743774,"NANA OrderNA SexNA - NANA OrderNA SexNA"
"PR X0 Order1 F - NR X5 Order1 M",-3.78666666666666,0.796104918296373,19,-4.75649198948545,0.0501282477220417,"NANA OrderNA SexNA - NANA OrderNA SexNA"
"PR X0 Order1 F - PR X5 Order1 M",-3.76999999999999,0.793022937951331,19,-4.75396084978234,0.0503604587933983,"NANA OrderNA SexNA - NANA OrderNA SexNA"
"PR X0 Order1 F - NR X6 Order1 M",-3.77,0.748772484749627,19,-5.03490723388507,0.0299570906640259,"NANA OrderNA SexNA - NANA OrderNA SexNA"
"PR X0 Order1 F - PR X6 Order1 M",-3.65333333333333,0.831497627232675,19,-4.39367860313934,0.0958217668300787,"NANA OrderNA SexNA - NANA OrderNA SexNA"
"PR X0 Order1 F - NR X0 Order2 M",-2.60333333333332,0.786404580189288,19,-3.31042493764049,0.483067945179976,"NANA OrderNA SexNA - NANA OrderNA SexNA"
"PR X0 Order1 F - PR X0 Order2 M",-4.10333333333334,0.754748709197365,19,-5.43668811000289,0.0140282241577881,"NANA OrderNA SexNA - NANA OrderNA SexNA"
"PR X0 Order1 F - NR X1 Order2 M",-3.50333333333333,0.763563130966105,19,-4.58813841482984,0.0679750471610795,"NANA OrderNA SexNA - NANA OrderNA SexNA"
"PR X0 Order1 F - PR X1 Order2 M",-3.23666666666666,0.749061400992029,19,-4.32096309111661,0.108647174186993,"NANA OrderNA SexNA - NANA OrderNA SexNA"
"PR X0 Order1 F - NR X2 Order2 M",-3.55333333333334,0.774416966128004,19,-4.58839809657012,0.0679434471802878,"NANA OrderNA SexNA - NANA OrderNA SexNA"
"PR X0 Order1 F - PR X2 Order2 M",-2.87000000000001,0.726261354854819,19,-3.95174544372353,0.199568817434524,"NANA OrderNA SexNA - NANA OrderNA SexNA"
"PR X0 Order1 F - NR X3 Order2 M",-3.01999999999998,0.749188254670128,19,-4.03102955922568,0.175977274606314,"NANA OrderNA SexNA - NANA OrderNA SexNA"
"PR X0 Order1 F - PR X3 Order2 M",-2.46999999999999,0.749432143700613,19,-3.29582874281773,0.491211256273614,"NANA OrderNA SexNA - NANA OrderNA SexNA"
"PR X0 Order1 F - NR X4 Order2 M",-3.61999999999998,0.770406211679366,19,-4.69881984999698,0.055677795576122,"NANA OrderNA SexNA - NANA OrderNA SexNA"
"PR X0 Order1 F - PR X4 Order2 M",-2.20333333333334,0.747811231145201,19,-2.94637636019339,0.692535245463662,"NANA OrderNA SexNA - NANA OrderNA SexNA"
"PR X0 Order1 F - NR X5 Order2 M",-3.82,0.796104918296373,19,-4.79836251756191,0.0464307077718452,"NANA OrderNA SexNA - NANA OrderNA SexNA"
"PR X0 Order1 F - PR X5 Order2 M",-2.27,0.79302293795133,19,-2.8624644904525,0.739103792841085,"NANA OrderNA SexNA - NANA OrderNA SexNA"
"PR X0 Order1 F - NR X6 Order2 M",-3.45333333333333,0.748772484749627,19,-4.61199283316087,0.065128449249751,"NANA OrderNA SexNA - NANA OrderNA SexNA"
"PR X0 Order1 F - PR X6 Order2 M",-2.47000000000001,0.831497627232675,19,-2.9705436541298,0.678792311442307,"NANA OrderNA SexNA - NANA OrderNA SexNA"
"NR X1 Order1 F - PR X1 Order1 F",-0.459999999999995,0.296446794137476,19,-1.55171183867373,0.999907251476142,"NANA OrderNA SexNA - NANA OrderNA SexNA"
"NR X1 Order1 F - NR X2 Order1 F",-0.0400000000000017,0.190760251845636,19,-0.209687288693506,1,"NANA OrderNA SexNA - NANA OrderNA SexNA"
"NR X1 Order1 F - PR X2 Order1 F",-0.440000000000005,0.289984875588668,19,-1.5173205123433,0.999942501145706,"NANA OrderNA SexNA - NANA OrderNA SexNA"
"NR X1 Order1 F - NR X3 Order1 F",-0.0599999999999947,0.262651794039717,19,-0.228439330556873,1,"NANA OrderNA SexNA - NANA OrderNA SexNA"
"NR X1 Order1 F - PR X3 Order1 F",-0.619999999999995,0.282991537905846,19,-2.19087823115854,0.974620613387884,"NANA OrderNA SexNA - NANA OrderNA SexNA"
"NR X1 Order1 F - NR X4 Order1 F",0.0200000000000097,0.391998925884673,19,0.0510205479641894,1,"NANA OrderNA SexNA - NANA OrderNA SexNA"
"NR X1 Order1 F - PR X4 Order1 F",-0.960000000000005,0.334275860446418,19,-2.87187952704077,0.733984774499081,"NANA OrderNA SexNA - NANA OrderNA SexNA"
"NR X1 Order1 F - NR X5 Order1 F",-0.360000000000004,0.418543841632416,19,-0.860124947952697,1,"NANA OrderNA SexNA - NANA OrderNA SexNA"
"NR X1 Order1 F - PR X5 Order1 F",-0.660000000000001,0.340489843216113,19,-1.93838381129357,0.995015681556506,"NANA OrderNA SexNA - NANA OrderNA SexNA"
"NR X1 Order1 F - NR X6 Order1 F",-0.18,0.372162952425272,19,-0.483659103699052,1,"NANA OrderNA SexNA - NANA OrderNA SexNA"
"NR X1 Order1 F - PR X6 Order1 F",-0.840000000000006,0.345603971712071,19,-2.43052762339151,0.924422657462134,"NANA OrderNA SexNA - NANA OrderNA SexNA"
"NR X1 Order1 F - NR X0 Order2 F",0.810000000000002,0.796549943735795,19,1.01688538976116,1,"NANA OrderNA SexNA - NANA OrderNA SexNA"
"NR X1 Order1 F - PR X0 Order2 F",0.37666666666666,0.765313833115472,19,0.492172819003297,1,"NANA OrderNA SexNA - NANA OrderNA SexNA"
"NR X1 Order1 F - NR X1 Order2 F",0.543333333333333,0.774007948340047,19,0.701973842127302,1,"NANA OrderNA SexNA - NANA OrderNA SexNA"
"NR X1 Order1 F - PR X1 Order2 F",1.59333333333334,0.759705621658119,19,2.09730359748525,0.985158155638548,"NANA OrderNA SexNA - NANA OrderNA SexNA"
"NR X1 Order1 F - NR X2 Order2 F",0.293333333333331,0.784717329074431,19,0.373807640617948,1,"NANA OrderNA SexNA - NANA OrderNA SexNA"
"NR X1 Order1 F - PR X2 Order2 F",1.62666666666666,0.737234836858897,19,2.20644302919451,0.972436100889756,"NANA OrderNA SexNA - NANA OrderNA SexNA"
"NR X1 Order1 F - NR X3 Order2 F",0.0433333333333377,0.759830698286454,19,0.0570302482264295,1,"NANA OrderNA SexNA - NANA OrderNA SexNA"
"NR X1 Order1 F - PR X3 Order2 F",1.41000000000001,0.76007117241381,19,1.85508943264112,0.997472237038284,"NANA OrderNA SexNA - NANA OrderNA SexNA"
"NR X1 Order1 F - NR X4 Order2 F",0.110000000000011,0.78075948929037,19,0.140888457340415,1,"NANA OrderNA SexNA - NANA OrderNA SexNA"
"NR X1 Order1 F - PR X4 Order2 F",1.22666666666666,0.758472996585712,19,1.61728456014721,0.999783982804702,"NANA OrderNA SexNA - NANA OrderNA SexNA"
"NR X1 Order1 F - NR X5 Order2 F",0.276666666666664,0.806128209442196,19,0.343204298554575,1,"NANA OrderNA SexNA - NANA OrderNA SexNA"
"NR X1 Order1 F - PR X5 Order2 F",1.02666666666667,0.803084696180775,19,1.2784039735151,0.999999075059457,"NANA OrderNA SexNA - NANA OrderNA SexNA"
"NR X1 Order1 F - NR X6 Order2 F",0.0933333333333329,0.759420754944805,19,0.122900688091039,1,"NANA OrderNA SexNA - NANA OrderNA SexNA"
"NR X1 Order1 F - PR X6 Order2 F",0.676666666666661,0.841099252892532,19,0.804502755578026,1,"NANA OrderNA SexNA - NANA OrderNA SexNA"
"NR X1 Order1 F - NR X0 Order1 M",-5.15666666666667,0.796549943735795,19,-6.47375184345888,0.00194097609130561,"NANA OrderNA SexNA - NANA OrderNA SexNA"
"NR X1 Order1 F - PR X0 Order1 M",-4.50666666666667,0.765313833115472,19,-5.88865178134929,0.00591805487909514,"NANA OrderNA SexNA - NANA OrderNA SexNA"
"NR X1 Order1 F - NR X1 Order1 M",-4.29,0.774007948340047,19,-5.54257874121373,0.0114652804991646,"NANA OrderNA SexNA - NANA OrderNA SexNA"
"NR X1 Order1 F - PR X1 Order1 M",-4.20666666666666,0.759705621658118,19,-5.53723251051542,0.011582787092708,"NANA OrderNA SexNA - NANA OrderNA SexNA"
"NR X1 Order1 F - NR X2 Order1 M",-4.64,0.784717329074431,19,-5.91295722432032,0.0056493209887144,"NANA OrderNA SexNA - NANA OrderNA SexNA"
"NR X1 Order1 F - PR X2 Order1 M",-3.84000000000001,0.737234836858897,19,-5.20865239678705,0.0216146078954187,"NANA OrderNA SexNA - NANA OrderNA SexNA"
"NR X1 Order1 F - NR X3 Order1 M",-4.35666666666666,0.759830698286454,19,-5.73373341784121,0.00795842614554787,"NANA OrderNA SexNA - NANA OrderNA SexNA"
"NR X1 Order1 F - PR X3 Order1 M",-4.25666666666666,0.76007117241381,19,-5.60035273163758,0.0102684140860684,"NANA OrderNA SexNA - NANA OrderNA SexNA"
"NR X1 Order1 F - NR X4 Order1 M",-4.37333333333332,0.78075948929037,19,-5.60138351607898,0.0102482260756592,"NANA OrderNA SexNA - NANA OrderNA SexNA"
"NR X1 Order1 F - PR X4 Order1 M",-4.34000000000001,0.758472996585712,19,-5.72202309052088,0.0081385932479755,"NANA OrderNA SexNA - NANA OrderNA SexNA"
"NR X1 Order1 F - NR X5 Order1 M",-4.50666666666667,0.806128209442196,19,-5.59050857404566,0.0104632120009387,"NANA OrderNA SexNA - NANA OrderNA SexNA"
"NR X1 Order1 F - PR X5 Order1 M",-4.49,0.803084696180775,19,-5.59094205300271,0.0104545575749371,"NANA OrderNA SexNA - NANA OrderNA SexNA"
"NR X1 Order1 F - NR X6 Order1 M",-4.49,0.759420754944805,19,-5.9124009592368,0.00565533246842231,"NANA OrderNA SexNA - NANA OrderNA SexNA"
"NR X1 Order1 F - PR X6 Order1 M",-4.37333333333334,0.841099252892532,19,-5.19954490304621,0.0219892431246307,"NANA OrderNA SexNA - NANA OrderNA SexNA"
"NR X1 Order1 F - NR X0 Order2 M",-3.32333333333333,0.796549943735795,19,-4.17215939749741,0.139719483889165,"NANA OrderNA SexNA - NANA OrderNA SexNA"
"NR X1 Order1 F - PR X0 Order2 M",-4.82333333333335,0.765313833115472,19,-6.30242539024588,0.00268696441431338,"NANA OrderNA SexNA - NANA OrderNA SexNA"
"NR X1 Order1 F - NR X1 Order2 M",-4.22333333333334,0.774007948340047,19,-5.45644698144352,0.0135104489075342,"NANA OrderNA SexNA - NANA OrderNA SexNA"
"NR X1 Order1 F - PR X1 Order2 M",-3.95666666666666,0.759705621658119,19,-5.20815767827401,0.021634797219789,"NANA OrderNA SexNA - NANA OrderNA SexNA"
"NR X1 Order1 F - NR X2 Order2 M",-4.27333333333334,0.784717329074431,19,-5.44569767354789,0.0137897474900434,"NANA OrderNA SexNA - NANA OrderNA SexNA"
"NR X1 Order1 F - PR X2 Order2 M",-3.59000000000001,0.737234836858897,19,-4.8695474230379,0.0407309584468417,"NANA OrderNA SexNA - NANA OrderNA SexNA"
"NR X1 Order1 F - NR X3 Order2 M",-3.73999999999999,0.759830698286454,19,-4.92214911615748,0.0369543200489764,"NANA OrderNA SexNA - NANA OrderNA SexNA"
"NR X1 Order1 F - PR X3 Order2 M",-3.18999999999999,0.76007117241381,19,-4.19697538306747,0.134054123824481,"NANA OrderNA SexNA - NANA OrderNA SexNA"
"NR X1 Order1 F - NR X4 Order2 M",-4.33999999999999,0.78075948929037,19,-5.55869004415765,0.0111182585513839,"NANA OrderNA SexNA - NANA OrderNA SexNA"
"NR X1 Order1 F - PR X4 Order2 M",-2.92333333333334,0.758472996585712,19,-3.85423521535086,0.231992516714904,"NANA OrderNA SexNA - NANA OrderNA SexNA"
"NR X1 Order1 F - NR X5 Order2 M",-4.54000000000001,0.806128209442196,19,-5.63185848953416,0.00966885177681176,"NANA OrderNA SexNA - NANA OrderNA SexNA"
"NR X1 Order1 F - PR X5 Order2 M",-2.99,0.803084696180775,19,-3.72314403975014,0.281765751603432,"NANA OrderNA SexNA - NANA OrderNA SexNA"
"NR X1 Order1 F - NR X6 Order2 M",-4.17333333333334,0.759420754944805,19,-5.49541648178507,0.0125439417475049,"NANA OrderNA SexNA - NANA OrderNA SexNA"
"NR X1 Order1 F - PR X6 Order2 M",-3.19000000000001,0.841099252892532,19,-3.79265584772502,0.254477675322747,"NANA OrderNA SexNA - NANA OrderNA SexNA"
"PR X1 Order1 F - NR X2 Order1 F",0.419999999999993,0.310002829641869,19,1.35482634298919,0.999995881011819,"NANA OrderNA SexNA - NANA OrderNA SexNA"
"PR X1 Order1 F - PR X2 Order1 F",0.0199999999999897,0.223088370500642,19,0.0896505719016499,1,"NANA OrderNA SexNA - NANA OrderNA SexNA"
"PR X1 Order1 F - NR X3 Order1 F",0.400000000000001,0.247052803504227,19,1.61908707096763,0.999779159070154,"NANA OrderNA SexNA - NANA OrderNA SexNA"
"PR X1 Order1 F - PR X3 Order1 F",-0.16,0.199701531677616,19,-0.801195657619152,1,"NANA OrderNA SexNA - NANA OrderNA SexNA"
"PR X1 Order1 F - NR X4 Order1 F",0.480000000000005,0.4422192835425,19,1.08543434866714,1,"NANA OrderNA SexNA - NANA OrderNA SexNA"
"PR X1 Order1 F - PR X4 Order1 F",-0.50000000000001,0.200525625085149,19,-2.49344690878133,0.904816586434139,"NANA OrderNA SexNA - NANA OrderNA SexNA"
"PR X1 Order1 F - NR X5 Order1 F",0.0999999999999916,0.508006078151233,19,0.196848038440638,1,"NANA OrderNA SexNA - NANA OrderNA SexNA"
"PR X1 Order1 F - PR X5 Order1 F",-0.200000000000006,0.306336588188806,19,-0.652876632146658,1,"NANA OrderNA SexNA - NANA OrderNA SexNA"
"PR X1 Order1 F - NR X6 Order1 F",0.279999999999995,0.405549226899272,19,0.690421732870275,1,"NANA OrderNA SexNA - NANA OrderNA SexNA"
"PR X1 Order1 F - PR X6 Order1 F",-0.380000000000011,0.327398035553378,19,-1.16066670759867,0.999999937704074,"NANA OrderNA SexNA - NANA OrderNA SexNA"
"PR X1 Order1 F - NR X0 Order2 F",1.27,0.779851912768029,19,1.62851431048264,0.999752358731621,"NANA OrderNA SexNA - NANA OrderNA SexNA"
"PR X1 Order1 F - PR X0 Order2 F",0.836666666666656,0.74791874969167,19,1.11865983706328,1,"NANA OrderNA SexNA - NANA OrderNA SexNA"
"PR X1 Order1 F - NR X1 Order2 F",1.00333333333333,0.756812722591279,19,1.32573528877524,0.99999761666433,"NANA OrderNA SexNA - NANA OrderNA SexNA"
"PR X1 Order1 F - PR X1 Order2 F",2.05333333333333,0.742179105446524,19,2.76662778332727,0.789247045647867,"NANA OrderNA SexNA - NANA OrderNA SexNA"
"PR X1 Order1 F - NR X2 Order2 F",0.753333333333326,0.767761994065977,19,0.981206857275862,1,"NANA OrderNA SexNA - NANA OrderNA SexNA"
"PR X1 Order1 F - PR X2 Order2 F",2.08666666666666,0.719160898311928,19,2.90152964595913,0.717675812921002,"NANA OrderNA SexNA - NANA OrderNA SexNA"
"PR X1 Order1 F - NR X3 Order2 F",0.503333333333333,0.742307135248568,19,0.678066139246779,1,"NANA OrderNA SexNA - NANA OrderNA SexNA"
"PR X1 Order1 F - PR X3 Order2 F",1.87,0.742553284362112,19,2.51833779390851,0.896293258963991,"NANA OrderNA SexNA - NANA OrderNA SexNA"
"PR X1 Order1 F - NR X4 Order2 F",0.570000000000006,0.763716290974217,19,0.74635045335081,1,"NANA OrderNA SexNA - NANA OrderNA SexNA"
"PR X1 Order1 F - PR X4 Order2 F",1.68666666666666,0.740917323007206,19,2.27645732430831,0.96089056380442,"NANA OrderNA SexNA - NANA OrderNA SexNA"
"PR X1 Order1 F - NR X5 Order2 F",0.736666666666659,0.789632752006233,19,0.932923140276285,1,"NANA OrderNA SexNA - NANA OrderNA SexNA"
"PR X1 Order1 F - PR X5 Order2 F",1.48666666666666,0.786525411046727,19,1.89016991159659,0.996601842547293,"NANA OrderNA SexNA - NANA OrderNA SexNA"
"PR X1 Order1 F - NR X6 Order2 F",0.553333333333328,0.741887509008874,19,0.74584532912888,1,"NANA OrderNA SexNA - NANA OrderNA SexNA"
"PR X1 Order1 F - PR X6 Order2 F",1.13666666666666,0.825303063243334,19,1.37727183781398,0.999993823115352,"NANA OrderNA SexNA - NANA OrderNA SexNA"
"PR X1 Order1 F - NR X0 Order1 M",-4.69666666666667,0.779851912768029,19,-6.02251092774292,0.0045820503697378,"NANA OrderNA SexNA - NANA OrderNA SexNA"
"PR X1 Order1 F - PR X0 Order1 M",-4.04666666666668,0.74791874969167,19,-5.41056988922248,0.0147427717148901,"NANA OrderNA SexNA - NANA OrderNA SexNA"
"PR X1 Order1 F - NR X1 Order1 M",-3.83000000000001,0.756812722591279,19,-5.06069716545769,0.0285462227108866,"NANA OrderNA SexNA - NANA OrderNA SexNA"
"PR X1 Order1 F - PR X1 Order1 M",-3.74666666666667,0.742179105446524,19,-5.04819744879846,0.0292218268508588,"NANA OrderNA SexNA - NANA OrderNA SexNA"
"PR X1 Order1 F - NR X2 Order1 M",-4.18000000000001,0.767761994065977,19,-5.44439557090241,0.0138239643900131,"NANA OrderNA SexNA - NANA OrderNA SexNA"
"PR X1 Order1 F - PR X2 Order1 M",-3.38000000000001,0.719160898311928,19,-4.69992182268783,0.055566548639475,"NANA OrderNA SexNA - NANA OrderNA SexNA"
"PR X1 Order1 F - NR X3 Order1 M",-3.89666666666667,0.742307135248568,19,-5.24939944887076,0.0200133648691682,"NANA OrderNA SexNA - NANA OrderNA SexNA"
"PR X1 Order1 F - PR X3 Order1 M",-3.79666666666667,0.742553284362112,19,-5.1129888542991,0.0258801277414538,"NANA OrderNA SexNA - NANA OrderNA SexNA"
"PR X1 Order1 F - NR X4 Order1 M",-3.91333333333333,0.763716290974217,19,-5.12406685516866,0.025347127142629,"NANA OrderNA SexNA - NANA OrderNA SexNA"
"PR X1 Order1 F - PR X4 Order1 M",-3.88000000000001,0.740917323007206,19,-5.23675163141283,0.0204975691016649,"NANA OrderNA SexNA - NANA OrderNA SexNA"
"PR X1 Order1 F - NR X5 Order1 M",-4.04666666666667,0.789632752006233,19,-5.12474521400644,0.0253148373887574,"NANA OrderNA SexNA - NANA OrderNA SexNA"
"PR X1 Order1 F - PR X5 Order1 M",-4.03000000000001,0.786525411046727,19,-5.12380139713069,0.025359773774194,"NANA OrderNA SexNA - NANA OrderNA SexNA"
"PR X1 Order1 F - NR X6 Order1 M",-4.03000000000001,0.741887509008874,19,-5.43209037901702,0.0141514854650276,"NANA OrderNA SexNA - NANA OrderNA SexNA"
"PR X1 Order1 F - PR X6 Order1 M",-3.91333333333334,0.825303063243334,19,-4.74169248561183,0.0515004261547133,"NANA OrderNA SexNA - NANA OrderNA SexNA"
"PR X1 Order1 F - NR X0 Order2 M",-2.86333333333333,0.779851912768029,19,-3.67163725119316,0.303293950645484,"NANA OrderNA SexNA - NANA OrderNA SexNA"
"PR X1 Order1 F - PR X0 Order2 M",-4.36333333333335,0.74791874969167,19,-5.8339670387086,0.00657041019913218,"NANA OrderNA SexNA - NANA OrderNA SexNA"
"PR X1 Order1 F - NR X1 Order2 M",-3.76333333333334,0.756812722591279,19,-4.97260844195104,0.0336481049248611,"NANA OrderNA SexNA - NANA OrderNA SexNA"
"PR X1 Order1 F - PR X1 Order2 M",-3.49666666666667,0.742179105446524,19,-4.71135153362062,0.0544249286685367,"NANA OrderNA SexNA - NANA OrderNA SexNA"
"PR X1 Order1 F - NR X2 Order2 M",-3.81333333333335,0.767761994065977,19,-4.96681701205133,0.0340126371681576,"NANA OrderNA SexNA - NANA OrderNA SexNA"
"PR X1 Order1 F - PR X2 Order2 M",-3.13000000000002,0.719160898311928,19,-4.35229446893874,0.102943848435278,"NANA OrderNA SexNA - NANA OrderNA SexNA"
"PR X1 Order1 F - NR X3 Order2 M",-3.27999999999999,0.742307135248568,19,-4.41865616568762,0.0917409754345061,"NANA OrderNA SexNA - NANA OrderNA SexNA"
"PR X1 Order1 F - PR X3 Order2 M",-2.73,0.742553284362112,19,-3.6765038381659,0.301212413993487,"NANA OrderNA SexNA - NANA OrderNA SexNA"
"PR X1 Order1 F - NR X4 Order2 M",-3.87999999999999,0.763716290974217,19,-5.08042062982651,0.0275107878832684,"NANA OrderNA SexNA - NANA OrderNA SexNA"
"PR X1 Order1 F - PR X4 Order2 M",-2.46333333333335,0.740917323007206,19,-3.32470743609458,0.475149252200558,"NANA OrderNA SexNA - NANA OrderNA SexNA"
"PR X1 Order1 F - NR X5 Order2 M",-4.08000000000001,0.789632752006233,19,-5.16695893076103,0.023382188585675,"NANA OrderNA SexNA - NANA OrderNA SexNA"
"PR X1 Order1 F - PR X5 Order2 M",-2.53000000000001,0.786525411046727,19,-3.21667928901753,0.536132577375789,"NANA OrderNA SexNA - NANA OrderNA SexNA"
"PR X1 Order1 F - NR X6 Order2 M",-3.71333333333334,0.741887509008874,19,-5.00525118463604,0.0316626749431363,"NANA OrderNA SexNA - NANA OrderNA SexNA"
"PR X1 Order1 F - PR X6 Order2 M",-2.73000000000002,0.825303063243334,19,-3.3078757629609,0.484486531246888,"NANA OrderNA SexNA - NANA OrderNA SexNA"
"NR X2 Order1 F - PR X2 Order1 F",-0.400000000000004,0.279127713962183,19,-1.43303577535191,0.999984078759044,"NANA OrderNA SexNA - NANA OrderNA SexNA"
"NR X2 Order1 F - NR X3 Order1 F",-0.0199999999999929,0.224421283038626,19,-0.0891181073791056,1,"NANA OrderNA SexNA - NANA OrderNA SexNA"
"NR X2 Order1 F - PR X3 Order1 F",-0.579999999999993,0.284197855468039,19,-2.04083172635066,0.989643464538426,"NANA OrderNA SexNA - NANA OrderNA SexNA"
"NR X2 Order1 F - NR X4 Order1 F",0.0600000000000114,0.35787383839913,19,0.167656848761028,1,"NANA OrderNA SexNA - NANA OrderNA SexNA"
"NR X2 Order1 F - PR X4 Order1 F",-0.920000000000003,0.364999399182394,19,-2.52055209422487,0.895514107887231,"NANA OrderNA SexNA - NANA OrderNA SexNA"
"NR X2 Order1 F - NR X5 Order1 F",-0.320000000000002,0.390182143701064,19,-0.820129791088462,1,"NANA OrderNA SexNA - NANA OrderNA SexNA"
"NR X2 Order1 F - PR X5 Order1 F",-0.619999999999999,0.394763975675628,19,-1.57055870900805,0.999880713938172,"NANA OrderNA SexNA - NANA OrderNA SexNA"
"NR X2 Order1 F - NR X6 Order1 F",-0.139999999999998,0.360803197558477,19,-0.388023168717367,1,"NANA OrderNA SexNA - NANA OrderNA SexNA"
"NR X2 Order1 F - PR X6 Order1 F",-0.800000000000004,0.419147003480063,19,-1.90863824232983,0.996052398455713,"NANA OrderNA SexNA - NANA OrderNA SexNA"
"NR X2 Order1 F - NR X0 Order2 F",0.850000000000004,0.809026199707319,19,1.05064582618895,1,"NANA OrderNA SexNA - NANA OrderNA SexNA"
"NR X2 Order1 F - PR X0 Order2 F",0.416666666666662,0.778290975217666,19,0.535361040965601,1,"NANA OrderNA SexNA - NANA OrderNA SexNA"
"NR X2 Order1 F - NR X1 Order2 F",0.583333333333335,0.786841714095623,19,0.741360457743149,1,"NANA OrderNA SexNA - NANA OrderNA SexNA"
"NR X2 Order1 F - PR X1 Order2 F",1.63333333333334,0.772776947460467,19,2.11358961819561,0.983621171851197,"NANA OrderNA SexNA - NANA OrderNA SexNA"
"NR X2 Order1 F - NR X2 Order2 F",0.333333333333333,0.797378746579741,19,0.418036390815689,1,"NANA OrderNA SexNA - NANA OrderNA SexNA"
"NR X2 Order1 F - PR X2 Order2 F",1.66666666666666,0.750697531383801,19,2.22015738295344,0.970399937032203,"NANA OrderNA SexNA - NANA OrderNA SexNA"
"NR X2 Order1 F - NR X3 Order2 F",0.0833333333333394,0.772899908788873,19,0.107819049252991,1,"NANA OrderNA SexNA - NANA OrderNA SexNA"
"NR X2 Order1 F - PR X3 Order2 F",1.45000000000001,0.773136317916752,19,1.87547779918953,0.99699243716845,"NANA OrderNA SexNA - NANA OrderNA SexNA"
"NR X2 Order1 F - NR X4 Order2 F",0.150000000000012,0.793484063522594,19,0.189039713455746,1,"NANA OrderNA SexNA - NANA OrderNA SexNA"
"NR X2 Order1 F - PR X4 Order2 F",1.26666666666666,0.771565204954887,19,1.64168453752489,0.999710163100882,"NANA OrderNA SexNA - NANA OrderNA SexNA"
"NR X2 Order1 F - NR X5 Order2 F",0.316666666666666,0.818458471155287,19,0.38690621189329,1,"NANA OrderNA SexNA - NANA OrderNA SexNA"
"NR X2 Order1 F - PR X5 Order2 F",1.06666666666667,0.815460978948187,19,1.30805359692685,0.99999831240454,"NANA OrderNA SexNA - NANA OrderNA SexNA"
"NR X2 Order1 F - NR X6 Order2 F",0.133333333333335,0.772496900957088,19,0.172600476672645,1,"NANA OrderNA SexNA - NANA OrderNA SexNA"
"NR X2 Order1 F - PR X6 Order2 F",0.716666666666663,0.8529241069191,19,0.84024670055977,1,"NANA OrderNA SexNA - NANA OrderNA SexNA"
"NR X2 Order1 F - NR X0 Order1 M",-5.11666666666666,0.809026199707319,19,-6.3244758556864,0.00257662585586149,"NANA OrderNA SexNA - NANA OrderNA SexNA"
"NR X2 Order1 F - PR X0 Order1 M",-4.46666666666667,0.778290975217666,19,-5.73907035915131,0.00787763999534496,"NANA OrderNA SexNA - NANA OrderNA SexNA"
"NR X2 Order1 F - NR X1 Order1 M",-4.25,0.786841714095623,19,-5.40134047784293,0.0150037505156666,"NANA OrderNA SexNA - NANA OrderNA SexNA"
"NR X2 Order1 F - PR X1 Order1 M",-4.16666666666666,0.772776947460467,19,-5.39181025049899,0.0152780084227082,"NANA OrderNA SexNA - NANA OrderNA SexNA"
"NR X2 Order1 F - NR X2 Order1 M",-4.6,0.797378746579741,19,-5.76890219325652,0.00744090447999335,"NANA OrderNA SexNA - NANA OrderNA SexNA"
"NR X2 Order1 F - PR X2 Order1 M",-3.8,0.750697531383801,19,-5.06195883313385,0.0284788750050445,"NANA OrderNA SexNA - NANA OrderNA SexNA"
"NR X2 Order1 F - NR X3 Order1 M",-4.31666666666666,0.772899908788873,19,-5.58502675130449,0.0105732720255753,"NANA OrderNA SexNA - NANA OrderNA SexNA"
"NR X2 Order1 F - PR X3 Order1 M",-4.21666666666666,0.773136317916752,19,-5.45397566890745,0.013574162556629,"NANA OrderNA SexNA - NANA OrderNA SexNA"
"NR X2 Order1 F - NR X4 Order1 M",-4.33333333333332,0.793484063522594,19,-5.46114727760998,0.0133900826161342,"NANA OrderNA SexNA - NANA OrderNA SexNA"
"NR X2 Order1 F - PR X4 Order1 M",-4.3,0.771565204954888,19,-5.57308698265031,0.0108169798791481,"NANA OrderNA SexNA - NANA OrderNA SexNA"
"NR X2 Order1 F - NR X5 Order1 M",-4.46666666666667,0.818458471155287,19,-5.45741393617906,0.0134855999685394,"NANA OrderNA SexNA - NANA OrderNA SexNA"
"NR X2 Order1 F - PR X5 Order1 M",-4.45,0.815460978948187,19,-5.4570360996792,0.0134953042904524,"NANA OrderNA SexNA - NANA OrderNA SexNA"
"NR X2 Order1 F - NR X6 Order1 M",-4.45,0.772496900957088,19,-5.76054090894948,0.00756081690877419,"NANA OrderNA SexNA - NANA OrderNA SexNA"
"NR X2 Order1 F - PR X6 Order1 M",-4.33333333333334,0.8529241069191,19,-5.08056144524515,0.0275035276982347,"NANA OrderNA SexNA - NANA OrderNA SexNA"
"NR X2 Order1 F - NR X0 Order2 M",-3.28333333333333,0.809026199707319,19,-4.05837701488671,0.168393068560235,"NANA OrderNA SexNA - NANA OrderNA SexNA"
"NR X2 Order1 F - PR X0 Order2 M",-4.78333333333335,0.778290975217666,19,-6.14594475028518,0.0036200908703915,"NANA OrderNA SexNA - NANA OrderNA SexNA"
"NR X2 Order1 F - NR X1 Order2 M",-4.18333333333334,0.786841714095623,19,-5.31661356838657,0.017622005207794,"NANA OrderNA SexNA - NANA OrderNA SexNA"
"NR X2 Order1 F - PR X1 Order2 M",-3.91666666666666,0.772776947460467,19,-5.06830163546904,0.0281426175807094,"NANA OrderNA SexNA - NANA OrderNA SexNA"
"NR X2 Order1 F - NR X2 Order2 M",-4.23333333333334,0.797378746579741,19,-5.30906216335927,0.0178760448993529,"NANA OrderNA SexNA - NANA OrderNA SexNA"
"NR X2 Order1 F - PR X2 Order2 M",-3.55000000000001,0.750697531383801,19,-4.72893522569084,0.0527115807400514,"NANA OrderNA SexNA - NANA OrderNA SexNA"
"NR X2 Order1 F - NR X3 Order2 M",-3.69999999999999,0.772899908788874,19,-4.78716578683241,0.047393373877754,"NANA OrderNA SexNA - NANA OrderNA SexNA"
"NR X2 Order1 F - PR X3 Order2 M",-3.14999999999999,0.773136317916752,19,-4.07431383961861,0.164100420692449,"NANA OrderNA SexNA - NANA OrderNA SexNA"
"NR X2 Order1 F - NR X4 Order2 M",-4.29999999999999,0.793484063522594,19,-5.4191384523976,0.0145044848039861,"NANA OrderNA SexNA - NANA OrderNA SexNA"
"NR X2 Order1 F - PR X4 Order2 M",-2.88333333333334,0.771565204954888,19,-3.73699243410273,0.276167372092497,"NANA OrderNA SexNA - NANA OrderNA SexNA"
"NR X2 Order1 F - NR X5 Order2 M",-4.50000000000001,0.818458471155287,19,-5.49814090585204,0.012478986057268,"NANA OrderNA SexNA - NANA OrderNA SexNA"
"NR X2 Order1 F - PR X5 Order2 M",-2.95,0.815460978948187,19,-3.61758572900082,0.327072457146452,"NANA OrderNA SexNA - NANA OrderNA SexNA"
"NR X2 Order1 F - NR X6 Order2 M",-4.13333333333334,0.772496900957088,19,-5.35061477685195,0.0165213535420942,"NANA OrderNA SexNA - NANA OrderNA SexNA"
"NR X2 Order1 F - PR X6 Order2 M",-3.15000000000001,0.8529241069191,19,-3.69317735827437,0.294155765156103,"NANA OrderNA SexNA - NANA OrderNA SexNA"
"PR X2 Order1 F - NR X3 Order1 F",0.380000000000011,0.300169542735378,19,1.26595122388886,0.999999287749448,"NANA OrderNA SexNA - NANA OrderNA SexNA"
"PR X2 Order1 F - PR X3 Order1 F",-0.179999999999989,0.215325131558539,19,-0.835945152788886,1,"NANA OrderNA SexNA - NANA OrderNA SexNA"
"PR X2 Order1 F - NR X4 Order1 F",0.460000000000015,0.443771713083803,19,1.03656899806308,1,"NANA OrderNA SexNA - NANA OrderNA SexNA"
"PR X2 Order1 F - PR X4 Order1 F",-0.52,0.271474208008855,19,-1.91546741701163,0.995831614922644,"NANA OrderNA SexNA - NANA OrderNA SexNA"
"PR X2 Order1 F - NR X5 Order1 F",0.0800000000000018,0.480912874627469,19,0.16635029798687,1,"NANA OrderNA SexNA - NANA OrderNA SexNA"
"PR X2 Order1 F - PR X5 Order1 F",-0.219999999999995,0.310906992354203,19,-0.707607115343866,1,"NANA OrderNA SexNA - NANA OrderNA SexNA"
"PR X2 Order1 F - NR X6 Order1 F",0.260000000000006,0.411015003781289,19,0.632580313633411,1,"NANA OrderNA SexNA - NANA OrderNA SexNA"
"PR X2 Order1 F - PR X6 Order1 F",-0.400000000000001,0.386186937735073,19,-1.03576781324076,1,"NANA OrderNA SexNA - NANA OrderNA SexNA"
"PR X2 Order1 F - NR X0 Order2 F",1.25000000000001,0.753527765624633,19,1.65886388932706,0.999645769289857,"NANA OrderNA SexNA - NANA OrderNA SexNA"
"PR X2 Order1 F - PR X0 Order2 F",0.816666666666666,0.720428722261717,19,1.13358426924293,1,"NANA OrderNA SexNA - NANA OrderNA SexNA"
"PR X2 Order1 F - NR X1 Order2 F",0.983333333333338,0.72965785461086,19,1.34766360304278,0.999996391647734,"NANA OrderNA SexNA - NANA OrderNA SexNA"
"PR X2 Order1 F - PR X1 Order2 F",2.03333333333334,0.714468272410121,19,2.8459392975902,0.748013291606496,"NANA OrderNA SexNA - NANA OrderNA SexNA"
"PR X2 Order1 F - NR X2 Order2 F",0.733333333333337,0.741008479878242,19,0.989642295934094,1,"NANA OrderNA SexNA - NANA OrderNA SexNA"
"PR X2 Order1 F - PR X2 Order2 F",2.06666666666667,0.690526962094977,19,2.99288337764053,0.665990826892105,"NANA OrderNA SexNA - NANA OrderNA SexNA"
"PR X2 Order1 F - NR X3 Order2 F",0.483333333333343,0.714601266973572,19,0.676367865089747,1,"NANA OrderNA SexNA - NANA OrderNA SexNA"
"PR X2 Order1 F - PR X3 Order2 F",1.85000000000001,0.714856956206106,19,2.58793033199026,0.870199031949169,"NANA OrderNA SexNA - NANA OrderNA SexNA"
"PR X2 Order1 F - NR X4 Order2 F",0.550000000000016,0.736815893435201,19,0.746455125222384,1,"NANA OrderNA SexNA - NANA OrderNA SexNA"
"PR X2 Order1 F - PR X4 Order2 F",1.66666666666667,0.713157463153449,19,2.33702478453633,0.948454850099401,"NANA OrderNA SexNA - NANA OrderNA SexNA"
"PR X2 Order1 F - NR X5 Order2 F",0.71666666666667,0.763645841185713,19,0.938480415939804,1,"NANA OrderNA SexNA - NANA OrderNA SexNA"
"PR X2 Order1 F - PR X5 Order2 F",1.46666666666667,0.760432317791348,19,1.92872742563935,0.995374039927141,"NANA OrderNA SexNA - NANA OrderNA SexNA"
"PR X2 Order1 F - NR X6 Order2 F",0.533333333333338,0.714165361623407,19,0.74679249651788,1,"NANA OrderNA SexNA - NANA OrderNA SexNA"
"PR X2 Order1 F - PR X6 Order2 F",1.11666666666667,0.800475005180131,19,1.39500504005791,0.999991577269259,"NANA OrderNA SexNA - NANA OrderNA SexNA"
"PR X2 Order1 F - NR X0 Order1 M",-4.71666666666666,0.753527765624633,19,-6.25944640906072,0.00291595490286178,"NANA OrderNA SexNA - NANA OrderNA SexNA"
"PR X2 Order1 F - PR X0 Order1 M",-4.06666666666667,0.720428722261717,19,-5.64478697337296,0.0094330033704354,"NANA OrderNA SexNA - NANA OrderNA SexNA"
"PR X2 Order1 F - NR X1 Order1 M",-3.85,0.72965785461086,19,-5.27644563225222,0.0190151603144977,"NANA OrderNA SexNA - NANA OrderNA SexNA"
"PR X2 Order1 F - PR X1 Order1 M",-3.76666666666666,0.714468272410121,19,-5.27198591192935,0.0191763361553109,"NANA OrderNA SexNA - NANA OrderNA SexNA"
"PR X2 Order1 F - NR X2 Order1 M",-4.2,0.741008479878242,19,-5.66795133125887,0.0090246416405575,"NANA OrderNA SexNA - NANA OrderNA SexNA"
"PR X2 Order1 F - PR X2 Order1 M",-3.4,0.690526962094977,19,-4.92377587934409,0.0368430355202519,"NANA OrderNA SexNA - NANA OrderNA SexNA"
"PR X2 Order1 F - NR X3 Order1 M",-3.91666666666666,0.714601266973572,19,-5.48091201020989,0.0128954235158276,"NANA OrderNA SexNA - NANA OrderNA SexNA"
"PR X2 Order1 F - PR X3 Order1 M",-3.81666666666666,0.714856956206106,19,-5.33906347770958,0.0168874916492987,"NANA OrderNA SexNA - NANA OrderNA SexNA"
"PR X2 Order1 F - NR X4 Order1 M",-3.93333333333332,0.736815893435201,19,-5.33828513795385,0.0169124469760943,"NANA OrderNA SexNA - NANA OrderNA SexNA"
"PR X2 Order1 F - PR X4 Order1 M",-3.9,0.713157463153449,19,-5.46863799581502,0.0132004428210131,"NANA OrderNA SexNA - NANA OrderNA SexNA"
"PR X2 Order1 F - NR X5 Order1 M",-4.06666666666666,0.763645841185713,19,-5.32533073230956,0.0173331485492326,"NANA OrderNA SexNA - NANA OrderNA SexNA"
"PR X2 Order1 F - PR X5 Order1 M",-4.05,0.760432317791348,19,-5.32591777761773,0.0173138637094381,"NANA OrderNA SexNA - NANA OrderNA SexNA"
"PR X2 Order1 F - NR X6 Order1 M",-4.05,0.714165361623407,19,-5.67095552043259,0.00897298581674344,"NANA OrderNA SexNA - NANA OrderNA SexNA"
"PR X2 Order1 F - PR X6 Order1 M",-3.93333333333333,0.800475005180131,19,-4.9137490963234,0.037534091525618,"NANA OrderNA SexNA - NANA OrderNA SexNA"
"PR X2 Order1 F - NR X0 Order2 M",-2.88333333333332,0.753527765624633,19,-3.82644603804771,0.241944220911101,"NANA OrderNA SexNA - NANA OrderNA SexNA"
"PR X2 Order1 F - PR X0 Order2 M",-4.38333333333334,0.720428722261717,19,-6.08434005736513,0.00407171078347268,"NANA OrderNA SexNA - NANA OrderNA SexNA"
"PR X2 Order1 F - NR X1 Order2 M",-3.78333333333333,0.72965785461086,19,-5.18507860831712,0.0225973580839371,"NANA OrderNA SexNA - NANA OrderNA SexNA"
"PR X2 Order1 F - PR X1 Order2 M",-3.51666666666666,0.714468272410121,19,-4.92207534255351,0.0369593744141922,"NANA OrderNA SexNA - NANA OrderNA SexNA"
"PR X2 Order1 F - NR X2 Order2 M",-3.83333333333334,0.741008479878242,19,-5.17313018329184,0.0231119548039986,"NANA OrderNA SexNA - NANA OrderNA SexNA"
"PR X2 Order1 F - PR X2 Order2 M",-3.15000000000001,0.690526962094977,19,-4.56173353527468,0.0712601410101543,"NANA OrderNA SexNA - NANA OrderNA SexNA"
"PR X2 Order1 F - NR X3 Order2 M",-3.29999999999998,0.714601266973572,19,-4.61795990647471,0.0644339028379145,"NANA OrderNA SexNA - NANA OrderNA SexNA"
"PR X2 Order1 F - PR X3 Order2 M",-2.74999999999999,0.714856956206106,19,-3.84692346647196,0.23457997315865,"NANA OrderNA SexNA - NANA OrderNA SexNA"
"PR X2 Order1 F - NR X4 Order2 M",-3.89999999999998,0.736815893435201,19,-5.29304543339491,0.0184268095563968,"NANA OrderNA SexNA - NANA OrderNA SexNA"
"PR X2 Order1 F - PR X4 Order2 M",-2.48333333333334,0.713157463153449,19,-3.48216692895914,0.39177587948929,"NANA OrderNA SexNA - NANA OrderNA SexNA"
"PR X2 Order1 F - NR X5 Order2 M",-4.1,0.763645841185713,19,-5.36898098421374,0.0159552022491206,"NANA OrderNA SexNA - NANA OrderNA SexNA"
"PR X2 Order1 F - PR X5 Order2 M",-2.55,0.760432317791348,19,-3.35335563775931,0.459424059153903,"NANA OrderNA SexNA - NANA OrderNA SexNA"
"PR X2 Order1 F - NR X6 Order2 M",-3.73333333333333,0.714165361623407,19,-5.22754747562511,0.0208571122216744,"NANA OrderNA SexNA - NANA OrderNA SexNA"
"PR X2 Order1 F - PR X6 Order2 M",-2.75000000000001,0.800475005180131,19,-3.43546017327696,0.415677962865255,"NANA OrderNA SexNA - NANA OrderNA SexNA"
"NR X3 Order1 F - PR X3 Order1 F",-0.56,0.234416034419539,19,-2.38891508162687,0.935862719226714,"NANA OrderNA SexNA - NANA OrderNA SexNA"
"NR X3 Order1 F - NR X4 Order1 F",0.0800000000000043,0.356734704118911,19,0.224256286468102,1,"NANA OrderNA SexNA - NANA OrderNA SexNA"
"NR X3 Order1 F - PR X4 Order1 F",-0.90000000000001,0.288827028914504,19,-3.11605185768961,0.594467450384736,"NANA OrderNA SexNA - NANA OrderNA SexNA"
"NR X3 Order1 F - NR X5 Order1 F",-0.300000000000009,0.407667735363178,19,-0.735893410187953,1,"NANA OrderNA SexNA - NANA OrderNA SexNA"
"NR X3 Order1 F - PR X5 Order1 F",-0.600000000000006,0.375523027069779,19,-1.59777152597493,0.99983057069989,"NANA OrderNA SexNA - NANA OrderNA SexNA"
"NR X3 Order1 F - NR X6 Order1 F",-0.120000000000005,0.365191610364617,19,-0.328594624285574,1,"NANA OrderNA SexNA - NANA OrderNA SexNA"
"NR X3 Order1 F - PR X6 Order1 F",-0.780000000000011,0.387497594785972,19,-2.01291571998229,0.991425434071288,"NANA OrderNA SexNA - NANA OrderNA SexNA"
"NR X3 Order1 F - NR X0 Order2 F",0.869999999999997,0.779998125653768,19,1.11538729566919,1,"NANA OrderNA SexNA - NANA OrderNA SexNA"
"NR X3 Order1 F - PR X0 Order2 F",0.436666666666655,0.748071204041293,19,0.583723400002109,1,"NANA OrderNA SexNA - NANA OrderNA SexNA"
"NR X3 Order1 F - NR X1 Order2 F",0.603333333333328,0.756963385674276,19,0.797044275524502,1,"NANA OrderNA SexNA - NANA OrderNA SexNA"
"NR X3 Order1 F - PR X1 Order2 F",1.65333333333333,0.742332738559227,19,2.22721327977834,0.969310773432874,"NANA OrderNA SexNA - NANA OrderNA SexNA"
"NR X3 Order1 F - NR X2 Order2 F",0.353333333333326,0.767910508918587,19,0.460123060212978,1,"NANA OrderNA SexNA - NANA OrderNA SexNA"
"NR X3 Order1 F - PR X2 Order2 F",1.68666666666666,0.719319447697793,19,2.34480893303371,0.946682244449061,"NANA OrderNA SexNA - NANA OrderNA SexNA"
"NR X3 Order1 F - NR X3 Order2 F",0.103333333333332,0.742460741868803,19,0.139176831186034,1,"NANA OrderNA SexNA - NANA OrderNA SexNA"
"NR X3 Order1 F - PR X3 Order2 F",1.47,0.742706840073792,19,1.97924661613989,0.993241084434388,"NANA OrderNA SexNA - NANA OrderNA SexNA"
"NR X3 Order1 F - NR X4 Order2 F",0.170000000000005,0.763865592414564,19,0.222552241766301,1,"NANA OrderNA SexNA - NANA OrderNA SexNA"
"NR X3 Order1 F - PR X4 Order2 F",1.28666666666666,0.741071217702862,19,1.73622539363356,0.999177145139831,"NANA OrderNA SexNA - NANA OrderNA SexNA"
"NR X3 Order1 F - NR X5 Order2 F",0.336666666666659,0.789777154149432,19,0.426280584210162,1,"NANA OrderNA SexNA - NANA OrderNA SexNA"
"NR X3 Order1 F - PR X5 Order2 F",1.08666666666666,0.786670383577303,19,1.38134940548436,0.999993361546459,"NANA OrderNA SexNA - NANA OrderNA SexNA"
"NR X3 Order1 F - NR X6 Order2 F",0.153333333333328,0.74204120249406,19,0.206637222863046,1,"NANA OrderNA SexNA - NANA OrderNA SexNA"
"NR X3 Order1 F - PR X6 Order2 F",0.736666666666656,0.825441225269413,19,0.892451993085537,1,"NANA OrderNA SexNA - NANA OrderNA SexNA"
"NR X3 Order1 F - NR X0 Order1 M",-5.09666666666667,0.779998125653768,19,-6.53420373593182,0.00173114661039853,"NANA OrderNA SexNA - NANA OrderNA SexNA"
"NR X3 Order1 F - PR X0 Order1 M",-4.44666666666668,0.748071204041293,19,-5.94417569162471,0.00532201682448097,"NANA OrderNA SexNA - NANA OrderNA SexNA"
"NR X3 Order1 F - NR X1 Order1 M",-4.23000000000001,0.756963385674276,19,-5.58811704773814,0.0105110868593912,"NANA OrderNA SexNA - NANA OrderNA SexNA"
"NR X3 Order1 F - PR X1 Order1 M",-4.14666666666667,0.742332738559227,19,-5.58599459686342,0.0105537571932849,"NANA OrderNA SexNA - NANA OrderNA SexNA"
"NR X3 Order1 F - NR X2 Order1 M",-4.58000000000001,0.767910508918587,19,-5.9642366484212,0.0051217985730041,"NANA OrderNA SexNA - NANA OrderNA SexNA"
"NR X3 Order1 F - PR X2 Order1 M",-3.78000000000001,0.719319447697793,19,-5.25496705545503,0.0198037770376572,"NANA OrderNA SexNA - NANA OrderNA SexNA"
"NR X3 Order1 F - NR X3 Order1 M",-4.29666666666667,0.742460741868803,19,-5.78706243221936,0.00718696031979427,"NANA OrderNA SexNA - NANA OrderNA SexNA"
"NR X3 Order1 F - PR X3 Order1 M",-4.19666666666667,0.742706840073792,19,-5.6505022442633,0.00933057347261779,"NANA OrderNA SexNA - NANA OrderNA SexNA"
"NR X3 Order1 F - NR X4 Order1 M",-4.31333333333333,0.763865592414564,19,-5.64671766363892,0.00939827684390004,"NANA OrderNA SexNA - NANA OrderNA SexNA"
"NR X3 Order1 F - PR X4 Order1 M",-4.28000000000001,0.741071217702862,19,-5.77542333011793,0.00734870136129351,"NANA OrderNA SexNA - NANA OrderNA SexNA"
"NR X3 Order1 F - NR X5 Order1 M",-4.44666666666667,0.789777154149432,19,-5.63028019144921,0.00969804236088989,"NANA OrderNA SexNA - NANA OrderNA SexNA"
"NR X3 Order1 F - PR X5 Order1 M",-4.43000000000001,0.786670383577303,19,-5.63132932481205,0.00967862892444848,"NANA OrderNA SexNA - NANA OrderNA SexNA"
"NR X3 Order1 F - NR X6 Order1 M",-4.43000000000001,0.74204120249406,19,-5.97001889532606,0.0050655048074163,"NANA OrderNA SexNA - NANA OrderNA SexNA"
"NR X3 Order1 F - PR X6 Order1 M",-4.31333333333334,0.825441225269413,19,-5.22548814050998,0.0209383953121919,"NANA OrderNA SexNA - NANA OrderNA SexNA"
"NR X3 Order1 F - NR X0 Order2 M",-3.26333333333333,0.779998125653768,19,-4.18377073739519,0.137043451194671,"NANA OrderNA SexNA - NANA OrderNA SexNA"
"NR X3 Order1 F - PR X0 Order2 M",-4.76333333333335,0.748071204041293,19,-6.36748655422168,0.00237441441943675,"NANA OrderNA SexNA - NANA OrderNA SexNA"
"NR X3 Order1 F - NR X1 Order2 M",-4.16333333333334,0.756963385674276,19,-5.50004585707246,0.0124337658785449,"NANA OrderNA SexNA - NANA OrderNA SexNA"
"NR X3 Order1 F - PR X1 Order2 M",-3.89666666666667,0.742332738559227,19,-5.24921839528403,0.0200202167508794,"NANA OrderNA SexNA - NANA OrderNA SexNA"
"NR X3 Order1 F - NR X2 Order2 M",-4.21333333333335,0.767910508918587,19,-5.48675045386056,0.0127527873646074,"NANA OrderNA SexNA - NANA OrderNA SexNA"
"NR X3 Order1 F - PR X2 Order2 M",-3.53000000000002,0.719319447697793,19,-4.90741632427415,0.0379769232097521,"NANA OrderNA SexNA - NANA OrderNA SexNA"
"NR X3 Order1 F - NR X3 Order2 M",-3.68,0.742460741868803,19,-4.95649102030269,0.0346720196695005,"NANA OrderNA SexNA - NANA OrderNA SexNA"
"NR X3 Order1 F - PR X3 Order2 M",-3.13,0.742706840073792,19,-4.21431422348152,0.130214811303311,"NANA OrderNA SexNA - NANA OrderNA SexNA"
"NR X3 Order1 F - NR X4 Order2 M",-4.27999999999999,0.763865592414564,19,-5.60307996917494,0.010215086614767,"NANA OrderNA SexNA - NANA OrderNA SexNA"
"NR X3 Order1 F - PR X4 Order2 M",-2.86333333333335,0.741071217702862,19,-3.8637761998219,0.228649332069111,"NANA OrderNA SexNA - NANA OrderNA SexNA"
"NR X3 Order1 F - NR X5 Order2 M",-4.48000000000001,0.789777154149432,19,-5.67248618988587,0.00894677980401504,"NANA OrderNA SexNA - NANA OrderNA SexNA"
"NR X3 Order1 F - PR X5 Order2 M",-2.93000000000001,0.786670383577303,19,-3.72455867306982,0.281190173530479,"NANA OrderNA SexNA - NANA OrderNA SexNA"
"NR X3 Order1 F - NR X6 Order2 M",-4.11333333333334,0.74204120249406,19,-5.54326810897845,0.0114502148362307,"NANA OrderNA SexNA - NANA OrderNA SexNA"
"NR X3 Order1 F - PR X6 Order2 M",-3.13000000000002,0.825441225269413,19,-3.79191140953546,0.25475917377176,"NANA OrderNA SexNA - NANA OrderNA SexNA"
"PR X3 Order1 F - NR X4 Order1 F",0.640000000000005,0.446687614067598,19,1.43276862810696,0.999984147742211,"NANA OrderNA SexNA - NANA OrderNA SexNA"
"PR X3 Order1 F - PR X4 Order1 F",-0.34000000000001,0.203702569552044,19,-1.66910020206271,0.999601747209987,"NANA OrderNA SexNA - NANA OrderNA SexNA"
"PR X3 Order1 F - NR X5 Order1 F",0.259999999999991,0.497735221656247,19,0.522366086801782,1,"NANA OrderNA SexNA - NANA OrderNA SexNA"
"PR X3 Order1 F - PR X5 Order1 F",-0.0400000000000058,0.260640237364328,19,-0.153468245749381,1,"NANA OrderNA SexNA - NANA OrderNA SexNA"
"PR X3 Order1 F - NR X6 Order1 F",0.439999999999995,0.41246371451253,19,1.06676050406036,1,"NANA OrderNA SexNA - NANA OrderNA SexNA"
"PR X3 Order1 F - PR X6 Order1 F",-0.220000000000011,0.30624494267217,19,-0.718379210054473,1,"NANA OrderNA SexNA - NANA OrderNA SexNA"
"PR X3 Order1 F - NR X0 Order2 F",1.43,0.780279227273557,19,1.83267726477441,0.997924329318297,"NANA OrderNA SexNA - NANA OrderNA SexNA"
"PR X3 Order1 F - PR X0 Order2 F",0.996666666666655,0.748364298191074,19,1.33179344481795,0.999997323449763,"NANA OrderNA SexNA - NANA OrderNA SexNA"
"PR X3 Order1 F - NR X1 Order2 F",1.16333333333333,0.757253038120476,19,1.5362544285339,0.999924954859489,"NANA OrderNA SexNA - NANA OrderNA SexNA"
"PR X3 Order1 F - PR X1 Order2 F",2.21333333333333,0.742628097521276,19,2.98040612888327,0.673151294270428,"NANA OrderNA SexNA - NANA OrderNA SexNA"
"PR X3 Order1 F - NR X2 Order2 F",0.913333333333326,0.768196033704179,19,1.1889326334182,0.999999874994357,"NANA OrderNA SexNA - NANA OrderNA SexNA"
"PR X3 Order1 F - PR X2 Order2 F",2.24666666666666,0.719624252181294,19,3.12199965448171,0.591000789555819,"NANA OrderNA SexNA - NANA OrderNA SexNA"
"PR X3 Order1 F - NR X3 Order2 F",0.663333333333333,0.74275604992999,19,0.8930702528722,1,"NANA OrderNA SexNA - NANA OrderNA SexNA"
"PR X3 Order1 F - PR X3 Order2 F",2.03,0.743002050322626,19,2.73215935153683,0.806262925490754,"NANA OrderNA SexNA - NANA OrderNA SexNA"
"PR X3 Order1 F - NR X4 Order2 F",0.730000000000005,0.764152628580234,19,0.955306535235398,1,"NANA OrderNA SexNA - NANA OrderNA SexNA"
"PR X3 Order1 F - PR X4 Order2 F",1.84666666666666,0.741367079252128,19,2.49089380732892,0.905666338550984,"NANA OrderNA SexNA - NANA OrderNA SexNA"
"PR X3 Order1 F - NR X5 Order2 F",0.896666666666659,0.79005477639693,19,1.13494240330517,1,"NANA OrderNA SexNA - NANA OrderNA SexNA"
"PR X3 Order1 F - PR X5 Order2 F",1.64666666666666,0.786949101841338,19,2.09246908448554,0.985592336828203,"NANA OrderNA SexNA - NANA OrderNA SexNA"
"PR X3 Order1 F - NR X6 Order2 F",0.713333333333328,0.74233667745172,19,0.960929663049987,1,"NANA OrderNA SexNA - NANA OrderNA SexNA"
"PR X3 Order1 F - PR X6 Order2 F",1.29666666666666,0.825706856496601,19,1.57037168392702,0.999881007255911,"NANA OrderNA SexNA - NANA OrderNA SexNA"
"PR X3 Order1 F - NR X0 Order1 M",-4.53666666666667,0.780279227273557,19,-5.81415794255941,0.00682407146872077,"NANA OrderNA SexNA - NANA OrderNA SexNA"
"PR X3 Order1 F - PR X0 Order1 M",-3.88666666666668,0.748364298191074,19,-5.19354901892224,0.0222393302264877,"NANA OrderNA SexNA - NANA OrderNA SexNA"
"PR X3 Order1 F - NR X1 Order1 M",-3.67000000000001,0.757253038120476,19,-4.8464645438849,0.042502007456208,"NANA OrderNA SexNA - NANA OrderNA SexNA"
"PR X3 Order1 F - PR X1 Order1 M",-3.58666666666667,0.742628097521276,19,-4.82969426909397,0.0438344153921704,"NANA OrderNA SexNA - NANA OrderNA SexNA"
"PR X3 Order1 F - NR X2 Order1 M",-4.02000000000001,0.768196033704179,19,-5.23303925511812,0.0206418519146407,"NANA OrderNA SexNA - NANA OrderNA SexNA"
"PR X3 Order1 F - PR X2 Order1 M",-3.22000000000001,0.719624252181294,19,-4.47455736829281,0.0831726217452532,"NANA OrderNA SexNA - NANA OrderNA SexNA"
"PR X3 Order1 F - NR X3 Order1 M",-3.73666666666667,0.74275604992999,19,-5.03081283150622,0.030187183825812,"NANA OrderNA SexNA - NANA OrderNA SexNA"
"PR X3 Order1 F - PR X3 Order1 M",-3.63666666666667,0.743002050322626,19,-4.89455805012591,0.0388914777047548,"NANA OrderNA SexNA - NANA OrderNA SexNA"
"PR X3 Order1 F - NR X4 Order1 M",-3.75333333333333,0.764152628580234,19,-4.91175871541118,0.0376727379553748,"NANA OrderNA SexNA - NANA OrderNA SexNA"
"PR X3 Order1 F - PR X4 Order1 M",-3.72000000000001,0.741367079252128,19,-5.01775720032329,0.0309323112396702,"NANA OrderNA SexNA - NANA OrderNA SexNA"
"PR X3 Order1 F - NR X5 Order1 M",-3.88666666666667,0.79005477639693,19,-4.91949011990275,0.037136911214174,"NANA OrderNA SexNA - NANA OrderNA SexNA"
"PR X3 Order1 F - PR X5 Order1 M",-3.87000000000001,0.786949101841338,19,-4.91772592527879,0.0372585331871125,"NANA OrderNA SexNA - NANA OrderNA SexNA"
"PR X3 Order1 F - NR X6 Order1 M",-3.87000000000001,0.74233667745172,19,-5.21326793832264,0.021427132216153,"NANA OrderNA SexNA - NANA OrderNA SexNA"
"PR X3 Order1 F - PR X6 Order1 M",-3.75333333333334,0.825706856496601,19,-4.54560029846233,0.0733388586355589,"NANA OrderNA SexNA - NANA OrderNA SexNA"
"PR X3 Order1 F - NR X0 Order2 M",-2.70333333333333,0.780279227273557,19,-3.46457170566912,0.400690673193868,"NANA OrderNA SexNA - NANA OrderNA SexNA"
"PR X3 Order1 F - PR X0 Order2 M",-4.20333333333335,0.748364298191074,19,-5.61669409336274,0.00995296462456485,"NANA OrderNA SexNA - NANA OrderNA SexNA"
"PR X3 Order1 F - NR X1 Order2 M",-3.60333333333334,0.757253038120476,19,-4.75842704081706,0.04995140464204,"NANA OrderNA SexNA - NANA OrderNA SexNA"
"PR X3 Order1 F - PR X1 Order2 M",-3.33666666666667,0.742628097521276,19,-4.49305201056047,0.0805025423345654,"NANA OrderNA SexNA - NANA OrderNA SexNA"
"PR X3 Order1 F - NR X2 Order2 M",-3.65333333333335,0.768196033704179,19,-4.75573053367286,0.0501979985180037,"NANA OrderNA SexNA - NANA OrderNA SexNA"
"PR X3 Order1 F - PR X2 Order2 M",-2.97000000000002,0.719624252181294,19,-4.12715384590984,0.150520392186411,"NANA OrderNA SexNA - NANA OrderNA SexNA"
"PR X3 Order1 F - NR X3 Order2 M",-3.12,0.74275604992999,19,-4.20057164165014,0.133249835079589,"NANA OrderNA SexNA - NANA OrderNA SexNA"
"PR X3 Order1 F - PR X3 Order2 M",-2.57,0.743002050322626,19,-3.45894065687175,0.403566837369414,"NANA OrderNA SexNA - NANA OrderNA SexNA"
"PR X3 Order1 F - NR X4 Order2 M",-3.71999999999999,0.764152628580234,19,-4.86813741243239,0.0408370950092677,"NANA OrderNA SexNA - NANA OrderNA SexNA"
"PR X3 Order1 F - PR X4 Order2 M",-2.30333333333335,0.741367079252128,19,-3.10687296184893,0.599818678418668,"NANA OrderNA SexNA - NANA OrderNA SexNA"
"PR X3 Order1 F - NR X5 Order2 M",-3.92000000000001,0.79005477639693,19,-4.96168128731187,0.0343390676776606,"NANA OrderNA SexNA - NANA OrderNA SexNA"
"PR X3 Order1 F - PR X5 Order2 M",-2.37000000000001,0.786949101841338,19,-3.01163060540329,0.65518792227552,"NANA OrderNA SexNA - NANA OrderNA SexNA"
"PR X3 Order1 F - NR X6 Order2 M",-3.55333333333334,0.74233667745172,19,-4.7866870131369,0.0474349559205403,"NANA OrderNA SexNA - NANA OrderNA SexNA"
"PR X3 Order1 F - PR X6 Order2 M",-2.57000000000002,0.825706856496601,19,-3.11248475143381,0.596546897750107,"NANA OrderNA SexNA - NANA OrderNA SexNA"
"NR X4 Order1 F - PR X4 Order1 F",-0.980000000000015,0.388221315068717,19,-2.52433331700643,0.894175734564214,"NANA OrderNA SexNA - NANA OrderNA SexNA"
"NR X4 Order1 F - NR X5 Order1 F",-0.380000000000013,0.154056266777218,19,-2.4666312377252,0.913513159647242,"NANA OrderNA SexNA - NANA OrderNA SexNA"
"NR X4 Order1 F - PR X5 Order1 F",-0.68000000000001,0.509278815856994,19,-1.33522145203651,0.999997143219348,"NANA OrderNA SexNA - NANA OrderNA SexNA"
"NR X4 Order1 F - NR X6 Order1 F",-0.20000000000001,0.153211240483609,19,-1.30538725075727,0.999998399374254,"NANA OrderNA SexNA - NANA OrderNA SexNA"
"NR X4 Order1 F - PR X6 Order1 F",-0.860000000000016,0.549069388130914,19,-1.56628655428696,0.999887256822989,"NANA OrderNA SexNA - NANA OrderNA SexNA"
"NR X4 Order1 F - NR X0 Order2 F",0.789999999999992,0.8044179909062,19,0.982076493726893,1,"NANA OrderNA SexNA - NANA OrderNA SexNA"
"NR X4 Order1 F - PR X0 Order2 F",0.356666666666651,0.77349967962887,19,0.461107710914349,1,"NANA OrderNA SexNA - NANA OrderNA SexNA"
"NR X4 Order1 F - NR X1 Order2 F",0.523333333333323,0.782102803550555,19,0.669136245206536,1,"NANA OrderNA SexNA - NANA OrderNA SexNA"
"NR X4 Order1 F - PR X1 Order2 F",1.57333333333333,0.767951250280262,19,2.0487411574096,0.989089039183068,"NANA OrderNA SexNA - NANA OrderNA SexNA"
"NR X4 Order1 F - NR X2 Order2 F",0.273333333333321,0.792702830686114,19,0.344811854773801,1,"NANA OrderNA SexNA - NANA OrderNA SexNA"
"NR X4 Order1 F - PR X2 Order2 F",1.60666666666665,0.745728969469762,19,2.15449142040043,0.979226144570871,"NANA OrderNA SexNA - NANA OrderNA SexNA"
"NR X4 Order1 F - NR X3 Order2 F",0.0233333333333281,0.768074984156201,19,0.0303789783740474,1,"NANA OrderNA SexNA - NANA OrderNA SexNA"
"NR X4 Order1 F - PR X3 Order2 F",1.39,0.768312877910147,19,1.80915879450163,0.998323824061184,"NANA OrderNA SexNA - NANA OrderNA SexNA"
"NR X4 Order1 F - NR X4 Order2 F",0.0900000000000009,0.78878506029528,19,0.114099524103955,1,"NANA OrderNA SexNA - NANA OrderNA SexNA"
"NR X4 Order1 F - PR X4 Order2 F",1.20666666666665,0.76673188128431,19,1.57377917381684,0.999875561787125,"NANA OrderNA SexNA - NANA OrderNA SexNA"
"NR X4 Order1 F - NR X5 Order2 F",0.256666666666655,0.813903668308818,19,0.315352635281732,1,"NANA OrderNA SexNA - NANA OrderNA SexNA"
"NR X4 Order1 F - PR X5 Order2 F",1.00666666666666,0.810889339224432,19,1.24143532042174,0.99999958083447,"NANA OrderNA SexNA - NANA OrderNA SexNA"
"NR X4 Order1 F - NR X6 Order2 F",0.0733333333333233,0.76766944336023,19,0.0955272272038468,1,"NANA OrderNA SexNA - NANA OrderNA SexNA"
"NR X4 Order1 F - PR X6 Order2 F",0.656666666666651,0.84855432615976,19,0.773865203938656,1,"NANA OrderNA SexNA - NANA OrderNA SexNA"
"NR X4 Order1 F - NR X0 Order1 M",-5.17666666666667,0.8044179909062,19,-6.43529449264929,0.00208771849755762,"NANA OrderNA SexNA - NANA OrderNA SexNA"
"NR X4 Order1 F - PR X0 Order1 M",-4.52666666666668,0.77349967962887,19,-5.85218945253941,0.00634540163960429,"NANA OrderNA SexNA - NANA OrderNA SexNA"
"NR X4 Order1 F - NR X1 Order1 M",-4.31000000000001,0.782102803550555,19,-5.51078449077751,0.0121818644574646,"NANA OrderNA SexNA - NANA OrderNA SexNA"
"NR X4 Order1 F - PR X1 Order1 M",-4.22666666666667,0.767951250280262,19,-5.50382158388851,0.0123446150575813,"NANA OrderNA SexNA - NANA OrderNA SexNA"
"NR X4 Order1 F - NR X2 Order1 M",-4.66000000000001,0.792702830686114,19,-5.87862162163166,0.0060326522408104,"NANA OrderNA SexNA - NANA OrderNA SexNA"
"NR X4 Order1 F - PR X2 Order1 M",-3.86000000000002,0.745728969469762,19,-5.17614328801603,0.0229811203329591,"NANA OrderNA SexNA - NANA OrderNA SexNA"
"NR X4 Order1 F - NR X3 Order1 M",-4.37666666666667,0.768074984156201,19,-5.6982283721619,0.0085172980841377,"NANA OrderNA SexNA - NANA OrderNA SexNA"
"NR X4 Order1 F - PR X3 Order1 M",-4.27666666666667,0.768312877910147,19,-5.56630871305898,0.0109578041628966,"NANA OrderNA SexNA - NANA OrderNA SexNA"
"NR X4 Order1 F - NR X4 Order1 M",-4.39333333333333,0.78878506029528,19,-5.56974713959301,0.0108861422754211,"NANA OrderNA SexNA - NANA OrderNA SexNA"
"NR X4 Order1 F - PR X4 Order1 M",-4.36000000000002,0.76673188128431,19,-5.68647281589076,0.00871082017526315,"NANA OrderNA SexNA - NANA OrderNA SexNA"
"NR X4 Order1 F - NR X5 Order1 M",-4.52666666666668,0.813903668308818,19,-5.56167374951446,0.0110551441455295,"NANA OrderNA SexNA - NANA OrderNA SexNA"
"NR X4 Order1 F - PR X5 Order1 M",-4.51000000000001,0.810889339224432,19,-5.56179466400873,0.011052593937465,"NANA OrderNA SexNA - NANA OrderNA SexNA"
"NR X4 Order1 F - NR X6 Order1 M",-4.51000000000001,0.76766944336023,19,-5.8749244730374,0.00607545141787069,"NANA OrderNA SexNA - NANA OrderNA SexNA"
"NR X4 Order1 F - PR X6 Order1 M",-4.39333333333335,0.84855432615976,19,-5.17743319183338,0.0229253310192171,"NANA OrderNA SexNA - NANA OrderNA SexNA"
"NR X4 Order1 F - NR X0 Order2 M",-3.34333333333334,0.8044179909062,19,-4.15621402197504,0.143467609601736,"NANA OrderNA SexNA - NANA OrderNA SexNA"
"NR X4 Order1 F - PR X0 Order2 M",-4.84333333333336,0.77349967962887,19,-6.26158414914563,0.00290411218758069,"NANA OrderNA SexNA - NANA OrderNA SexNA"
"NR X4 Order1 F - NR X1 Order2 M",-4.24333333333335,0.782102803550555,19,-5.42554420476395,0.0143288272667518,"NANA OrderNA SexNA - NANA OrderNA SexNA"
"NR X4 Order1 F - PR X1 Order2 M",-3.97666666666667,0.767951250280262,19,-5.17828008641876,0.0228887739152563,"NANA OrderNA SexNA - NANA OrderNA SexNA"
"NR X4 Order1 F - NR X2 Order2 M",-4.29333333333335,0.792702830686114,19,-5.41606913352045,0.0145894014501643,"NANA OrderNA SexNA - NANA OrderNA SexNA"
"NR X4 Order1 F - PR X2 Order2 M",-3.61000000000002,0.745728969469762,19,-4.84090084708235,0.0429397188325206,"NANA OrderNA SexNA - NANA OrderNA SexNA"
"NR X4 Order1 F - NR X3 Order2 M",-3.76,0.768074984156201,19,-4.89535537227618,0.0388341609249855,"NANA OrderNA SexNA - NANA OrderNA SexNA"
"NR X4 Order1 F - PR X3 Order2 M",-3.21,0.768312877910147,19,-4.17798541751816,0.138371198323011,"NANA OrderNA SexNA - NANA OrderNA SexNA"
"NR X4 Order1 F - NR X4 Order2 M",-4.36,0.78878506029528,19,-5.52748805659154,0.0118000390912987,"NANA OrderNA SexNA - NANA OrderNA SexNA"
"NR X4 Order1 F - PR X4 Order2 M",-2.94333333333335,0.76673188128431,19,-3.8388038963544,0.237479196906511,"NANA OrderNA SexNA - NANA OrderNA SexNA"
"NR X4 Order1 F - NR X5 Order2 M",-4.56000000000002,0.813903668308818,19,-5.6026286372134,0.0102238927862365,"NANA OrderNA SexNA - NANA OrderNA SexNA"
"NR X4 Order1 F - PR X5 Order2 M",-3.01000000000001,0.810889339224432,19,-3.71197382232069,0.286340146122889,"NANA OrderNA SexNA - NANA OrderNA SexNA"
"NR X4 Order1 F - NR X6 Order2 M",-4.19333333333335,0.76766944336023,19,-5.46242053738437,0.013357659289725,"NANA OrderNA SexNA - NANA OrderNA SexNA"
"NR X4 Order1 F - PR X6 Order2 M",-3.21000000000002,0.84855432615976,19,-3.7829045248373,0.258183393320233,"NANA OrderNA SexNA - NANA OrderNA SexNA"
"PR X4 Order1 F - NR X5 Order1 F",0.600000000000001,0.44905358567438,19,1.3361434339711,0.999997092884036,"NANA OrderNA SexNA - NANA OrderNA SexNA"
"PR X4 Order1 F - PR X5 Order1 F",0.300000000000004,0.268099222271263,19,1.11898869925279,1,"NANA OrderNA SexNA - NANA OrderNA SexNA"
"PR X4 Order1 F - NR X6 Order1 F",0.780000000000005,0.352604345636017,19,2.21211113718143,0.971607378535361,"NANA OrderNA SexNA - NANA OrderNA SexNA"
"PR X4 Order1 F - PR X6 Order1 F",0.119999999999999,0.339188919051047,19,0.353785142320464,1,"NANA OrderNA SexNA - NANA OrderNA SexNA"
"PR X4 Order1 F - NR X0 Order2 F",1.77000000000001,0.778410811726601,19,2.27386358634196,0.961370824639814,"NANA OrderNA SexNA - NANA OrderNA SexNA"
"PR X4 Order1 F - PR X0 Order2 F",1.33666666666667,0.746415998023397,19,1.79077976651937,0.998589007494878,"NANA OrderNA SexNA - NANA OrderNA SexNA"
"PR X4 Order1 F - NR X1 Order2 F",1.50333333333334,0.755327666010545,19,1.99030619555295,0.992682392900732,"NANA OrderNA SexNA - NANA OrderNA SexNA"
"PR X4 Order1 F - PR X1 Order2 F",2.55333333333334,0.740664708573533,19,3.4473538482087,0.409519688557811,"NANA OrderNA SexNA - NANA OrderNA SexNA"
"PR X4 Order1 F - NR X2 Order2 F",1.25333333333334,0.76629815704925,19,1.63556876889733,0.999730480326581,"NANA OrderNA SexNA - NANA OrderNA SexNA"
"PR X4 Order1 F - PR X2 Order2 F",2.58666666666667,0.71759792615763,19,3.60461836967248,0.332955389973315,"NANA OrderNA SexNA - NANA OrderNA SexNA"
"PR X4 Order1 F - NR X3 Order2 F",1.00333333333334,0.740793000105865,19,1.35440444657274,0.999995912767981,"NANA OrderNA SexNA - NANA OrderNA SexNA"
"PR X4 Order1 F - PR X3 Order2 F",2.37000000000001,0.741039652165707,19,3.19820942519557,0.546765541130565,"NANA OrderNA SexNA - NANA OrderNA SexNA"
"PR X4 Order1 F - NR X4 Order2 F",1.07000000000002,0.762244684510379,19,1.40374871972682,0.999990216483061,"NANA OrderNA SexNA - NANA OrderNA SexNA"
"PR X4 Order1 F - PR X4 Order2 F",2.18666666666667,0.739400341829159,19,2.95735144138181,0.686309085521255,"NANA OrderNA SexNA - NANA OrderNA SexNA"
"PR X4 Order1 F - NR X5 Order2 F",1.23666666666667,0.788209533693833,19,1.56895674792362,0.999883205738847,"NANA OrderNA SexNA - NANA OrderNA SexNA"
"PR X4 Order1 F - PR X5 Order2 F",1.98666666666667,0.785096559785569,19,2.5304742988675,0.891981019653181,"NANA OrderNA SexNA - NANA OrderNA SexNA"
"PR X4 Order1 F - NR X6 Order2 F",1.05333333333334,0.740372515689436,19,1.42270723319932,0.999986557084733,"NANA OrderNA SexNA - NANA OrderNA SexNA"
"PR X4 Order1 F - PR X6 Order2 F",1.63666666666667,0.823941461612258,19,1.98638707107189,0.992884449417152,"NANA OrderNA SexNA - NANA OrderNA SexNA"
"PR X4 Order1 F - NR X0 Order1 M",-4.19666666666666,0.778410811726601,19,-5.39132628098779,0.0152920668329252,"NANA OrderNA SexNA - NANA OrderNA SexNA"
"PR X4 Order1 F - PR X0 Order1 M",-3.54666666666667,0.746415998023397,19,-4.75159519096413,0.0505784054639918,"NANA OrderNA SexNA - NANA OrderNA SexNA"
"PR X4 Order1 F - NR X1 Order1 M",-3.33,0.755327666010545,19,-4.40868268150197,0.0933512166148101,"NANA OrderNA SexNA - NANA OrderNA SexNA"
"PR X4 Order1 F - PR X1 Order1 M",-3.24666666666666,0.740664708573533,19,-4.38344993231756,0.0975396208418361,"NANA OrderNA SexNA - NANA OrderNA SexNA"
"PR X4 Order1 F - NR X2 Order1 M",-3.68,0.76629815704925,19,-4.80230830016662,0.046095894899597,"NANA OrderNA SexNA - NANA OrderNA SexNA"
"PR X4 Order1 F - PR X2 Order1 M",-2.88,0.71759792615763,19,-4.01338952499616,0.181017766276158,"NANA OrderNA SexNA - NANA OrderNA SexNA"
"PR X4 Order1 F - NR X3 Order1 M",-3.39666666666666,0.740793000105865,19,-4.58517651514154,0.0683364373887396,"NANA OrderNA SexNA - NANA OrderNA SexNA"
"PR X4 Order1 F - PR X3 Order1 M",-3.29666666666666,0.741039652165707,19,-4.44870481226216,0.0870404346083873,"NANA OrderNA SexNA - NANA OrderNA SexNA"
"PR X4 Order1 F - NR X4 Order1 M",-3.41333333333332,0.762244684510379,19,-4.47800214641817,0.0826692498472512,"NANA OrderNA SexNA - NANA OrderNA SexNA"
"PR X4 Order1 F - PR X4 Order1 M",-3.38,0.739400341829159,19,-4.57127189262372,0.070056878584013,"NANA OrderNA SexNA - NANA OrderNA SexNA"
"PR X4 Order1 F - NR X5 Order1 M",-3.54666666666666,0.788209533693833,19,-4.4996495412149,0.0795691832957918,"NANA OrderNA SexNA - NANA OrderNA SexNA"
"PR X4 Order1 F - PR X5 Order1 M",-3.53,0.785096559785569,19,-4.49626221896086,0.0800471465202978,"NANA OrderNA SexNA - NANA OrderNA SexNA"
"PR X4 Order1 F - NR X6 Order1 M",-3.53,0.740372515689437,19,-4.76787012644959,0.0490968242752617,"NANA OrderNA SexNA - NANA OrderNA SexNA"
"PR X4 Order1 F - PR X6 Order1 M",-3.41333333333333,0.823941461612258,19,-4.14268912582,0.146714075195932,"NANA OrderNA SexNA - NANA OrderNA SexNA"
"PR X4 Order1 F - NR X0 Order2 M",-2.36333333333332,0.778410811726601,19,-3.03610034409876,0.641022067431396,"NANA OrderNA SexNA - NANA OrderNA SexNA"
"PR X4 Order1 F - PR X0 Order2 M",-3.86333333333334,0.746415998023397,19,-5.17584476158594,0.0229940506474662,"NANA OrderNA SexNA - NANA OrderNA SexNA"
"PR X4 Order1 F - NR X1 Order2 M",-3.26333333333333,0.755327666010545,19,-4.32042076595639,0.108748325373567,"NANA OrderNA SexNA - NANA OrderNA SexNA"
"PR X4 Order1 F - PR X1 Order2 M",-2.99666666666666,0.740664708573533,19,-4.04591528660522,0.171814631693684,"NANA OrderNA SexNA - NANA OrderNA SexNA"
"PR X4 Order1 F - NR X2 Order2 M",-3.31333333333334,0.76629815704925,19,-4.32381743692539,0.108116177172698,"NANA OrderNA SexNA - NANA OrderNA SexNA"
"PR X4 Order1 F - PR X2 Order2 M",-2.63000000000001,0.71759792615763,19,-3.66500501761803,0.306146567403757,"NANA OrderNA SexNA - NANA OrderNA SexNA"
"PR X4 Order1 F - NR X3 Order2 M",-2.77999999999999,0.740793000105865,19,-3.75273524399218,0.269901058427947,"NANA OrderNA SexNA - NANA OrderNA SexNA"
"PR X4 Order1 F - PR X3 Order2 M",-2.22999999999999,0.741039652165707,19,-3.00928566168188,0.656541804140402,"NANA OrderNA SexNA - NANA OrderNA SexNA"
"PR X4 Order1 F - NR X4 Order2 M",-3.37999999999998,0.762244684510379,19,-4.43427165670705,0.0892702551925705,"NANA OrderNA SexNA - NANA OrderNA SexNA"
"PR X4 Order1 F - PR X4 Order2 M",-1.96333333333334,0.739400341829159,19,-2.65530487648459,0.841892257974646,"NANA OrderNA SexNA - NANA OrderNA SexNA"
"PR X4 Order1 F - NR X5 Order2 M",-3.58,0.788209533693833,19,-4.54193948051204,0.0738182597368072,"NANA OrderNA SexNA - NANA OrderNA SexNA"
"PR X4 Order1 F - PR X5 Order2 M",-2.03,0.785096559785569,19,-2.58566920807097,0.871098217768751,"NANA OrderNA SexNA - NANA OrderNA SexNA"
"PR X4 Order1 F - NR X6 Order2 M",-3.21333333333333,0.740372515689437,19,-4.34015750887385,0.105120663123569,"NANA OrderNA SexNA - NANA OrderNA SexNA"
"PR X4 Order1 F - PR X6 Order2 M",-2.23000000000001,0.823941461612258,19,-2.70650295427108,0.818527047132029,"NANA OrderNA SexNA - NANA OrderNA SexNA"
"NR X5 Order1 F - PR X5 Order1 F",-0.299999999999997,0.550772981538657,19,-0.544689028067258,1,"NANA OrderNA SexNA - NANA OrderNA SexNA"
"NR X5 Order1 F - NR X6 Order1 F",0.180000000000004,0.216624827269345,19,0.830929687372337,1,"NANA OrderNA SexNA - NANA OrderNA SexNA"
"NR X5 Order1 F - PR X6 Order1 F",-0.480000000000003,0.598210782543141,19,-0.802392758551433,1,"NANA OrderNA SexNA - NANA OrderNA SexNA"
"NR X5 Order1 F - NR X0 Order2 F",1.17000000000001,0.833904716393541,19,1.40303799342928,0.999990334121452,"NANA OrderNA SexNA - NANA OrderNA SexNA"
"NR X5 Order1 F - PR X0 Order2 F",0.736666666666664,0.804120964977155,19,0.91611423996089,1,"NANA OrderNA SexNA - NANA OrderNA SexNA"
"NR X5 Order1 F - NR X1 Order2 F",0.903333333333337,0.812399881370907,19,1.11193188729789,1,"NANA OrderNA SexNA - NANA OrderNA SexNA"
"NR X5 Order1 F - PR X1 Order2 F",1.95333333333334,0.798785261967722,19,2.44537978645414,0.920045820671663,"NANA OrderNA SexNA - NANA OrderNA SexNA"
"NR X5 Order1 F - NR X2 Order2 F",0.653333333333335,0.822609597383598,19,0.794220411980768,1,"NANA OrderNA SexNA - NANA OrderNA SexNA"
"NR X5 Order1 F - PR X2 Order2 F",1.98666666666667,0.777444832664196,19,2.55537960148071,0.882814138052978,"NANA OrderNA SexNA - NANA OrderNA SexNA"
"NR X5 Order1 F - NR X3 Order2 F",0.403333333333341,0.798904220302018,19,0.504858183351272,1,"NANA OrderNA SexNA - NANA OrderNA SexNA"
"NR X5 Order1 F - PR X3 Order2 F",1.77000000000001,0.799132936558367,19,2.21490057414338,0.971192931383467,"NANA OrderNA SexNA - NANA OrderNA SexNA"
"NR X5 Order1 F - NR X4 Order2 F",0.470000000000014,0.818834930419345,19,0.573986260893042,1,"NANA OrderNA SexNA - NANA OrderNA SexNA"
"NR X5 Order1 F - PR X4 Order2 F",1.58666666666667,0.797613032558774,19,1.9892687329551,0.992736322142071,"NANA OrderNA SexNA - NANA OrderNA SexNA"
"NR X5 Order1 F - NR X5 Order2 F",0.636666666666668,0.84305868906997,19,0.755186649424151,1,"NANA OrderNA SexNA - NANA OrderNA SexNA"
"NR X5 Order1 F - PR X5 Order2 F",1.38666666666667,0.840148970360413,19,1.65050094160302,0.999678522026892,"NANA OrderNA SexNA - NANA OrderNA SexNA"
"NR X5 Order1 F - NR X6 Order2 F",0.453333333333337,0.798514336877449,19,0.567720969301659,1,"NANA OrderNA SexNA - NANA OrderNA SexNA"
"NR X5 Order1 F - PR X6 Order2 F",1.03666666666666,0.876557594442185,19,1.18265664827919,0.999999892600557,"NANA OrderNA SexNA - NANA OrderNA SexNA"
"NR X5 Order1 F - NR X0 Order1 M",-4.79666666666666,0.833904716393541,19,-5.75205604713595,0.00768447287523311,"NANA OrderNA SexNA - NANA OrderNA SexNA"
"NR X5 Order1 F - PR X0 Order1 M",-4.14666666666667,0.804120964977155,19,-5.15676974892015,0.023835105676278,"NANA OrderNA SexNA - NANA OrderNA SexNA"
"NR X5 Order1 F - NR X1 Order1 M",-3.93,0.812399881370907,19,-4.83751917020003,0.0432078556471219,"NANA OrderNA SexNA - NANA OrderNA SexNA"
"NR X5 Order1 F - PR X1 Order1 M",-3.84666666666666,0.798785261967722,19,-4.81564551803423,0.044981048543023,"NANA OrderNA SexNA - NANA OrderNA SexNA"
"NR X5 Order1 F - NR X2 Order1 M",-4.28,0.822609597383598,19,-5.20295412746584,0.0218482697259665,"NANA OrderNA SexNA - NANA OrderNA SexNA"
"NR X5 Order1 F - PR X2 Order1 M",-3.48,0.777444832664196,19,-4.47620185225815,0.0829319718473882,"NANA OrderNA SexNA - NANA OrderNA SexNA"
"NR X5 Order1 F - NR X3 Order1 M",-3.99666666666666,0.798904220302018,19,-5.00268563502613,0.0318145455197343,"NANA OrderNA SexNA - NANA OrderNA SexNA"
"NR X5 Order1 F - PR X3 Order1 M",-3.89666666666666,0.799132936558367,19,-4.87611821313293,0.0402398101094598,"NANA OrderNA SexNA - NANA OrderNA SexNA"
"NR X5 Order1 F - NR X4 Order1 M",-4.01333333333332,0.818834930419346,19,-4.90127275259007,0.0384112953148585,"NANA OrderNA SexNA - NANA OrderNA SexNA"
"NR X5 Order1 F - PR X4 Order1 M",-3.98,0.797613032558774,19,-4.98988837636216,0.0325826265403799,"NANA OrderNA SexNA - NANA OrderNA SexNA"
"NR X5 Order1 F - NR X5 Order1 M",-4.14666666666667,0.84305868906997,19,-4.91859786326514,0.0371983750148419,"NANA OrderNA SexNA - NANA OrderNA SexNA"
"NR X5 Order1 F - PR X5 Order1 M",-4.13,0.840148970360413,19,-4.91579487174552,0.037392095143886,"NANA OrderNA SexNA - NANA OrderNA SexNA"
"NR X5 Order1 F - NR X6 Order1 M",-4.13,0.798514336877449,19,-5.17210500709375,0.0231566348955221,"NANA OrderNA SexNA - NANA OrderNA SexNA"
"NR X5 Order1 F - PR X6 Order1 M",-4.01333333333334,0.876557594442186,19,-4.57851641327379,0.0691555640201095,"NANA OrderNA SexNA - NANA OrderNA SexNA"
"NR X5 Order1 F - NR X0 Order2 M",-2.96333333333333,0.833904716393541,19,-3.55356346483937,0.356773968982958,"NANA OrderNA SexNA - NANA OrderNA SexNA"
"NR X5 Order1 F - PR X0 Order2 M",-4.46333333333334,0.804120964977155,19,-5.55057451270425,0.0112917386066252,"NANA OrderNA SexNA - NANA OrderNA SexNA"
"NR X5 Order1 F - NR X1 Order2 M",-3.86333333333334,0.812399881370907,19,-4.75545777630352,0.0502230058788663,"NANA OrderNA SexNA - NANA OrderNA SexNA"
"NR X5 Order1 F - PR X1 Order2 M",-3.59666666666666,0.798785261967722,19,-4.50267028939249,0.0791451509880039,"NANA OrderNA SexNA - NANA OrderNA SexNA"
"NR X5 Order1 F - NR X2 Order2 M",-3.91333333333334,0.822609597383598,19,-4.75721818196644,0.0500618123206709,"NANA OrderNA SexNA - NANA OrderNA SexNA"
"NR X5 Order1 F - PR X2 Order2 M",-3.23000000000001,0.777444832664196,19,-4.15463562723962,0.143843280469012,"NANA OrderNA SexNA - NANA OrderNA SexNA"
"NR X5 Order1 F - NR X3 Order2 M",-3.37999999999999,0.798904220302018,19,-4.23079502411717,0.126654524270844,"NANA OrderNA SexNA - NANA OrderNA SexNA"
"NR X5 Order1 F - PR X3 Order2 M",-2.82999999999999,0.799132936558367,19,-3.54133820611622,0.36262995518279,"NANA OrderNA SexNA - NANA OrderNA SexNA"
"NR X5 Order1 F - NR X4 Order2 M",-3.97999999999999,0.818834930419346,19,-4.86056450713666,0.0414116585531343,"NANA OrderNA SexNA - NANA OrderNA SexNA"
"NR X5 Order1 F - PR X4 Order2 M",-2.56333333333334,0.797613032558774,19,-3.21375557908083,0.537812626787861,"NANA OrderNA SexNA - NANA OrderNA SexNA"
"NR X5 Order1 F - NR X5 Order2 M",-4.18000000000001,0.84305868906997,19,-4.95813643129783,0.0345661336811766,"NANA OrderNA SexNA - NANA OrderNA SexNA"
"NR X5 Order1 F - PR X5 Order2 M",-2.63,0.840148970360413,19,-3.13039721856918,0.586108066198544,"NANA OrderNA SexNA - NANA OrderNA SexNA"
"NR X5 Order1 F - NR X6 Order2 M",-3.81333333333334,0.798514336877449,19,-4.77553521236098,0.0484133231724,"NANA OrderNA SexNA - NANA OrderNA SexNA"
"NR X5 Order1 F - PR X6 Order2 M",-2.83000000000001,0.876557594442186,19,-3.22853856716732,0.529330885842451,"NANA OrderNA SexNA - NANA OrderNA SexNA"
"PR X5 Order1 F - NR X6 Order1 F",0.480000000000001,0.491503243729369,19,0.976595792853604,1,"NANA OrderNA SexNA - NANA OrderNA SexNA"
"PR X5 Order1 F - PR X6 Order1 F",-0.180000000000005,0.251549583546576,19,-0.715564690913818,1,"NANA OrderNA SexNA - NANA OrderNA SexNA"
"PR X5 Order1 F - NR X0 Order2 F",1.47,0.830373339553321,19,1.77028804993999,0.998841927596216,"NANA OrderNA SexNA - NANA OrderNA SexNA"
"PR X5 Order1 F - PR X0 Order2 F",1.03666666666666,0.800458202115097,19,1.29509156621472,0.999998697926191,"NANA OrderNA SexNA - NANA OrderNA SexNA"
"PR X5 Order1 F - NR X1 Order2 F",1.20333333333333,0.808774612774787,19,1.48784755891987,0.99996260430703,"NANA OrderNA SexNA - NANA OrderNA SexNA"
"PR X5 Order1 F - PR X1 Order2 F",2.25333333333334,0.795097919601345,19,2.83403248553731,0.754370178548331,"NANA OrderNA SexNA - NANA OrderNA SexNA"
"PR X5 Order1 F - NR X2 Order2 F",0.953333333333332,0.81902952127817,19,1.1639792077892,0.999999932290029,"NANA OrderNA SexNA - NANA OrderNA SexNA"
"PR X5 Order1 F - PR X2 Order2 F",2.28666666666666,0.77365578576897,19,2.95566414512605,0.687267960316729,"NANA OrderNA SexNA - NANA OrderNA SexNA"
"PR X5 Order1 F - NR X3 Order2 F",0.703333333333338,0.795217429533532,19,0.884454121869421,1,"NANA OrderNA SexNA - NANA OrderNA SexNA"
"PR X5 Order1 F - PR X3 Order2 F",2.07000000000001,0.795447205859661,19,2.60230972558751,0.864401977638774,"NANA OrderNA SexNA - NANA OrderNA SexNA"
"PR X5 Order1 F - NR X4 Order2 F",0.770000000000011,0.815238278230603,19,0.944509133785061,1,"NANA OrderNA SexNA - NANA OrderNA SexNA"
"PR X5 Order1 F - PR X4 Order2 F",1.88666666666666,0.793920245821422,19,2.37639319137735,0.939069728345852,"NANA OrderNA SexNA - NANA OrderNA SexNA"
"PR X5 Order1 F - NR X5 Order2 F",0.936666666666665,0.839565816499171,19,1.11565603108091,1,"NANA OrderNA SexNA - NANA OrderNA SexNA"
"PR X5 Order1 F - PR X5 Order2 F",1.68666666666667,0.836643950205346,19,2.01599099145185,0.991241978378578,"NANA OrderNA SexNA - NANA OrderNA SexNA"
"PR X5 Order1 F - NR X6 Order2 F",0.753333333333334,0.794825737640884,19,0.947796853646557,1,"NANA OrderNA SexNA - NANA OrderNA SexNA"
"PR X5 Order1 F - PR X6 Order2 F",1.33666666666666,0.873198730754812,19,1.53077028125226,0.999930471554472,"NANA OrderNA SexNA - NANA OrderNA SexNA"
"PR X5 Order1 F - NR X0 Order1 M",-4.49666666666666,0.830373339553321,19,-5.41523487385269,0.0146125668507648,"NANA OrderNA SexNA - NANA OrderNA SexNA"
"PR X5 Order1 F - PR X0 Order1 M",-3.84666666666667,0.800458202115097,19,-4.80558092415369,0.0458199387951441,"NANA OrderNA SexNA - NANA OrderNA SexNA"
"PR X5 Order1 F - NR X1 Order1 M",-3.63,0.808774612774787,19,-4.48827144505192,0.0811851009437857,"NANA OrderNA SexNA - NANA OrderNA SexNA"
"PR X5 Order1 F - PR X1 Order1 M",-3.54666666666666,0.795097919601344,19,-4.46066651569775,0.0852309285067604,"NANA OrderNA SexNA - NANA OrderNA SexNA"
"PR X5 Order1 F - NR X2 Order1 M",-3.98,0.81902952127817,19,-4.85940969965143,0.041499948742161,"NANA OrderNA SexNA - NANA OrderNA SexNA"
"PR X5 Order1 F - PR X2 Order1 M",-3.18000000000001,0.77365578576897,19,-4.11035509395082,0.154730544936764,"NANA OrderNA SexNA - NANA OrderNA SexNA"
"PR X5 Order1 F - NR X3 Order1 M",-3.69666666666666,0.795217429533532,19,-4.6486237969345,0.0609721729738246,"NANA OrderNA SexNA - NANA OrderNA SexNA"
"PR X5 Order1 F - PR X3 Order1 M",-3.59666666666666,0.795447205859661,19,-4.52156552964398,0.0765394300720397,"NANA OrderNA SexNA - NANA OrderNA SexNA"
"PR X5 Order1 F - NR X4 Order1 M",-3.71333333333332,0.815238278230603,19,-4.5549055196387,0.0721331842585806,"NANA OrderNA SexNA - NANA OrderNA SexNA"
"PR X5 Order1 F - PR X4 Order1 M",-3.68000000000001,0.793920245821422,19,-4.63522629554878,0.0624627719210548,"NANA OrderNA SexNA - NANA OrderNA SexNA"
"PR X5 Order1 F - NR X5 Order1 M",-3.84666666666667,0.839565816499171,19,-4.58173330913654,0.068758789475172,"NANA OrderNA SexNA - NANA OrderNA SexNA"
"PR X5 Order1 F - PR X5 Order1 M",-3.83,0.836643950205346,19,-4.57781353592525,0.069242539068004,"NANA OrderNA SexNA - NANA OrderNA SexNA"
"PR X5 Order1 F - NR X6 Order1 M",-3.83,0.794825737640884,19,-4.8186663046013,0.0447321203437605,"NANA OrderNA SexNA - NANA OrderNA SexNA"
"PR X5 Order1 F - PR X6 Order1 M",-3.71333333333334,0.873198730754812,19,-4.25256382372825,0.122082387268702,"NANA OrderNA SexNA - NANA OrderNA SexNA"
"PR X5 Order1 F - NR X0 Order2 M",-2.66333333333333,0.830373339553322,19,-3.20739263469851,0.541473106394802,"NANA OrderNA SexNA - NANA OrderNA SexNA"
"PR X5 Order1 F - PR X0 Order2 M",-4.16333333333335,0.800458202115097,19,-5.20118767267589,0.0219212033068256,"NANA OrderNA SexNA - NANA OrderNA SexNA"
"PR X5 Order1 F - NR X1 Order2 M",-3.56333333333334,0.808774612774787,19,-4.40584221741093,0.0938144646716331,"NANA OrderNA SexNA - NANA OrderNA SexNA"
"PR X5 Order1 F - PR X1 Order2 M",-3.29666666666666,0.795097919601345,19,-4.14623983461003,0.145855748537131,"NANA OrderNA SexNA - NANA OrderNA SexNA"
"PR X5 Order1 F - NR X2 Order2 M",-3.61333333333334,0.81902952127817,19,-4.41172538896328,0.092857277841097,"NANA OrderNA SexNA - NANA OrderNA SexNA"
"PR X5 Order1 F - PR X2 Order2 M",-2.93000000000001,0.77365578576897,19,-3.78721397021255,0.256540795464015,"NANA OrderNA SexNA - NANA OrderNA SexNA"
"PR X5 Order1 F - NR X3 Order2 M",-3.07999999999999,0.795217429533532,19,-3.87315454316273,0.225399603185433,"NANA OrderNA SexNA - NANA OrderNA SexNA"
"PR X5 Order1 F - PR X3 Order2 M",-2.52999999999999,0.795447205859661,19,-3.18060077571805,0.55694208158821,"NANA OrderNA SexNA - NANA OrderNA SexNA"
"PR X5 Order1 F - NR X4 Order2 M",-3.67999999999999,0.815238278230603,19,-4.5140176783493,0.0775707156801233,"NANA OrderNA SexNA - NANA OrderNA SexNA"
"PR X5 Order1 F - PR X4 Order2 M",-2.26333333333334,0.793920245821422,19,-2.85083211474423,0.745385645894548,"NANA OrderNA SexNA - NANA OrderNA SexNA"
"PR X5 Order1 F - NR X5 Order2 M",-3.88000000000001,0.839565816499171,19,-4.62143637074085,0.0640324356571078,"NANA OrderNA SexNA - NANA OrderNA SexNA"
"PR X5 Order1 F - PR X5 Order2 M",-2.33,0.836643950205346,19,-2.78493617198586,0.779973013393673,"NANA OrderNA SexNA - NANA OrderNA SexNA"
"PR X5 Order1 F - NR X6 Order2 M",-3.51333333333334,0.794825737640884,19,-4.42025612275873,0.0914850097275903,"NANA OrderNA SexNA - NANA OrderNA SexNA"
"PR X5 Order1 F - PR X6 Order2 M",-2.53000000000001,0.873198730754812,19,-2.89739312586154,0.719967311305554,"NANA OrderNA SexNA - NANA OrderNA SexNA"
"NR X6 Order1 F - PR X6 Order1 F",-0.660000000000006,0.528921444769299,19,-1.24782234966457,0.999999517759347,"NANA OrderNA SexNA - NANA OrderNA SexNA"
"NR X6 Order1 F - NR X0 Order2 F",0.990000000000002,0.779518894961719,19,1.27001411562784,0.999999223913242,"NANA OrderNA SexNA - NANA OrderNA SexNA"
"NR X6 Order1 F - PR X0 Order2 F",0.55666666666666,0.74757150687726,19,0.744633338143071,1,"NANA OrderNA SexNA - NANA OrderNA SexNA"
"NR X6 Order1 F - NR X1 Order2 F",0.723333333333333,0.756469562395217,19,0.956196216332929,1,"NANA OrderNA SexNA - NANA OrderNA SexNA"
"NR X6 Order1 F - PR X1 Order2 F",1.77333333333334,0.74182917596694,19,2.39048744749339,0.935452364708691,"NANA OrderNA SexNA - NANA OrderNA SexNA"
"NR X6 Order1 F - NR X2 Order2 F",0.473333333333331,0.767423729947512,19,0.616782248010112,1,"NANA OrderNA SexNA - NANA OrderNA SexNA"
"NR X6 Order1 F - PR X2 Order2 F",1.80666666666666,0.718799763087889,19,2.5134491682432,0.898001363918874,"NANA OrderNA SexNA - NANA OrderNA SexNA"
"NR X6 Order1 F - NR X3 Order2 F",0.223333333333338,0.741957266151712,19,0.301005655610995,1,"NANA OrderNA SexNA - NANA OrderNA SexNA"
"NR X6 Order1 F - PR X3 Order2 F",1.59000000000001,0.742203531298084,19,2.14226951631335,0.980622769819416,"NANA OrderNA SexNA - NANA OrderNA SexNA"
"NR X6 Order1 F - NR X4 Order2 F",0.29000000000001,0.763376234142642,19,0.37989131312912,1,"NANA OrderNA SexNA - NANA OrderNA SexNA"
"NR X6 Order1 F - PR X4 Order2 F",1.40666666666666,0.740566797315779,19,1.8994460348009,0.996334338402785,"NANA OrderNA SexNA - NANA OrderNA SexNA"
"NR X6 Order1 F - NR X5 Order2 F",0.456666666666664,0.78930386087699,19,0.578568900143558,1,"NANA OrderNA SexNA - NANA OrderNA SexNA"
"NR X6 Order1 F - PR X5 Order2 F",1.20666666666667,0.786195220016383,19,1.53481811634713,0.999926436123285,"NANA OrderNA SexNA - NANA OrderNA SexNA"
"NR X6 Order1 F - NR X6 Order2 F",0.273333333333333,0.741537441925746,19,0.368603549705456,1,"NANA OrderNA SexNA - NANA OrderNA SexNA"
"NR X6 Order1 F - PR X6 Order2 F",0.856666666666661,0.824988392617265,19,1.03839844818773,1,"NANA OrderNA SexNA - NANA OrderNA SexNA"
"NR X6 Order1 F - NR X0 Order1 M",-4.97666666666667,0.779518894961719,19,-6.38427971256689,0.00229989260842023,"NANA OrderNA SexNA - NANA OrderNA SexNA"
"NR X6 Order1 F - PR X0 Order1 M",-4.32666666666667,0.74757150687726,19,-5.78762917910011,0.00717917600429208,"NANA OrderNA SexNA - NANA OrderNA SexNA"
"NR X6 Order1 F - NR X1 Order1 M",-4.11,0.756469562395217,19,-5.43313333980877,0.0141234312548153,"NANA OrderNA SexNA - NANA OrderNA SexNA"
"NR X6 Order1 F - PR X1 Order1 M",-4.02666666666666,0.74182917596694,19,-5.42802412889475,0.0142613875900036,"NANA OrderNA SexNA - NANA OrderNA SexNA"
"NR X6 Order1 F - NR X2 Order1 M",-4.46,0.767423729947512,19,-5.8116524495601,0.00685684471794279,"NANA OrderNA SexNA - NANA OrderNA SexNA"
"NR X6 Order1 F - PR X2 Order1 M",-3.66000000000001,0.718799763087889,19,-5.09182137773255,0.026928951704678,"NANA OrderNA SexNA - NANA OrderNA SexNA"
"NR X6 Order1 F - NR X3 Order1 M",-4.17666666666666,0.741957266151712,19,-5.62925502209805,0.00971704973241028,"NANA OrderNA SexNA - NANA OrderNA SexNA"
"NR X6 Order1 F - PR X3 Order1 M",-4.07666666666666,0.742203531298084,19,-5.49265328815768,0.012610163156514,"NANA OrderNA SexNA - NANA OrderNA SexNA"
"NR X6 Order1 F - NR X4 Order1 M",-4.19333333333332,0.763376234142642,19,-5.49314105651051,0.0125984484649219,"NANA OrderNA SexNA - NANA OrderNA SexNA"
"NR X6 Order1 F - PR X4 Order1 M",-4.16000000000001,0.740566797315779,19,-5.61731907922166,0.00994109301314539,"NANA OrderNA SexNA - NANA OrderNA SexNA"
"NR X6 Order1 F - NR X5 Order1 M",-4.32666666666667,0.78930386087699,19,-5.4816235940609,0.0128779551669839,"NANA OrderNA SexNA - NANA OrderNA SexNA"
"NR X6 Order1 F - PR X5 Order1 M",-4.31,0.786195220016383,19,-5.48209896253272,0.0128662985894751,"NANA OrderNA SexNA - NANA OrderNA SexNA"
"NR X6 Order1 F - NR X6 Order1 M",-4.31,0.741537441925746,19,-5.8122486557214,0.00684903177399276,"NANA OrderNA SexNA - NANA OrderNA SexNA"
"NR X6 Order1 F - PR X6 Order1 M",-4.19333333333334,0.824988392617265,19,-5.08289979696568,0.0273832373205132,"NANA OrderNA SexNA - NANA OrderNA SexNA"
"NR X6 Order1 F - NR X0 Order2 M",-3.14333333333333,0.779518894961719,19,-4.03240172066348,0.175590100882516,"NANA OrderNA SexNA - NANA OrderNA SexNA"
"NR X6 Order1 F - PR X0 Order2 M",-4.64333333333335,0.74757150687726,19,-6.21122299421146,0.00319646213025548,"NANA OrderNA SexNA - NANA OrderNA SexNA"
"NR X6 Order1 F - NR X1 Order2 M",-4.04333333333334,0.756469562395217,19,-5.34500465627578,0.0166981916198726,"NANA OrderNA SexNA - NANA OrderNA SexNA"
"NR X6 Order1 F - PR X1 Order2 M",-3.77666666666666,0.74182917596694,19,-5.09101931956767,0.0269694919625393,"NANA OrderNA SexNA - NANA OrderNA SexNA"
"NR X6 Order1 F - NR X2 Order2 M",-4.09333333333334,0.767423729947512,19,-5.33386338420016,0.0170549068869349,"NANA OrderNA SexNA - NANA OrderNA SexNA"
"NR X6 Order1 F - PR X2 Order2 M",-3.41000000000001,0.718799763087889,19,-4.74401937105684,0.051282361411246,"NANA OrderNA SexNA - NANA OrderNA SexNA"
"NR X6 Order1 F - NR X3 Order2 M",-3.55999999999999,0.741957266151712,19,-4.79812000287367,0.0464513609300643,"NANA OrderNA SexNA - NANA OrderNA SexNA"
"NR X6 Order1 F - PR X3 Order2 M",-3.00999999999999,0.742203531298084,19,-4.05549134849255,0.169180277753792,"NANA OrderNA SexNA - NANA OrderNA SexNA"
"NR X6 Order1 F - NR X4 Order2 M",-4.15999999999999,0.763376234142642,19,-5.44947538833475,0.0136909481096872,"NANA OrderNA SexNA - NANA OrderNA SexNA"
"NR X6 Order1 F - PR X4 Order2 M",-2.74333333333334,0.740566797315779,19,-3.70436987355724,0.289484050607563,"NANA OrderNA SexNA - NANA OrderNA SexNA"
"NR X6 Order1 F - NR X5 Order2 M",-4.36000000000001,0.78930386087699,19,-5.52385490064073,0.0118820682240842,"NANA OrderNA SexNA - NANA OrderNA SexNA"
"NR X6 Order1 F - PR X5 Order2 M",-2.81,0.786195220016383,19,-3.57417588972551,0.347032890662923,"NANA OrderNA SexNA - NANA OrderNA SexNA"
"NR X6 Order1 F - NR X6 Order2 M",-3.99333333333334,0.741537441925746,19,-5.38520795789191,0.0154708941774342,"NANA OrderNA SexNA - NANA OrderNA SexNA"
"NR X6 Order1 F - PR X6 Order2 M",-3.01000000000001,0.824988392617264,19,-3.64853618176472,0.313309034799869,"NANA OrderNA SexNA - NANA OrderNA SexNA"
"PR X6 Order1 F - NR X0 Order2 F",1.65000000000001,0.874370283011074,19,1.88707236746186,0.996687498117176,"NANA OrderNA SexNA - NANA OrderNA SexNA"
"PR X6 Order1 F - PR X0 Order2 F",1.21666666666667,0.84601231793944,19,1.43811932860505,0.999982713525923,"NANA OrderNA SexNA - NANA OrderNA SexNA"
"PR X6 Order1 F - NR X1 Order2 F",1.38333333333334,0.853885169704298,19,1.62004609333172,0.999776554285343,"NANA OrderNA SexNA - NANA OrderNA SexNA"
"PR X6 Order1 F - PR X1 Order2 F",2.43333333333334,0.840942453754308,19,2.8935788917184,0.722075776260932,"NANA OrderNA SexNA - NANA OrderNA SexNA"
"PR X6 Order1 F - NR X2 Order2 F",1.13333333333334,0.863604577047319,19,1.3123290027112,0.999998163847241,"NANA OrderNA SexNA - NANA OrderNA SexNA"
"PR X6 Order1 F - PR X2 Order2 F",2.46666666666667,0.820698960414678,19,3.00556816280153,0.658686675904064,"NANA OrderNA SexNA - NANA OrderNA SexNA"
"PR X6 Order1 F - NR X3 Order2 F",0.883333333333344,0.841055449424025,19,1.05026765350402,1,"NANA OrderNA SexNA - NANA OrderNA SexNA"
"PR X6 Order1 F - PR X3 Order2 F",2.25000000000001,0.841272706131533,19,2.67451919407478,0.833302864887028,"NANA OrderNA SexNA - NANA OrderNA SexNA"
"PR X6 Order1 F - NR X4 Order2 F",0.950000000000017,0.8600098598646,19,1.10463849815581,1,"NANA OrderNA SexNA - NANA OrderNA SexNA"
"PR X6 Order1 F - PR X4 Order2 F",2.06666666666667,0.839829069214133,19,2.46081820982994,0.915331672280551,"NANA OrderNA SexNA - NANA OrderNA SexNA"
"PR X6 Order1 F - NR X5 Order2 F",1.11666666666667,0.883104902605489,19,1.26447793843301,0.999999309668615,"NANA OrderNA SexNA - NANA OrderNA SexNA"
"PR X6 Order1 F - PR X5 Order2 F",1.86666666666667,0.880327557325758,19,2.120422848442,0.982941254295134,"NANA OrderNA SexNA - NANA OrderNA SexNA"
"PR X6 Order1 F - NR X6 Order2 F",0.933333333333339,0.840685114646563,19,1.1102056133416,1,"NANA OrderNA SexNA - NANA OrderNA SexNA"
"PR X6 Order1 F - PR X6 Order2 F",1.51666666666667,0.915139078044285,19,1.65730729137683,0.999652077758269,"NANA OrderNA SexNA - NANA OrderNA SexNA"
"PR X6 Order1 F - NR X0 Order1 M",-4.31666666666666,0.874370283011074,19,-4.93688629467292,0.0359578116466166,"NANA OrderNA SexNA - NANA OrderNA SexNA"
"PR X6 Order1 F - PR X0 Order1 M",-3.66666666666667,0.84601231793944,19,-4.33405825059055,0.106230031193981,"NANA OrderNA SexNA - NANA OrderNA SexNA"
"PR X6 Order1 F - NR X1 Order1 M",-3.44999999999999,0.853885169704298,19,-4.04035591951402,0.173359589028929,"NANA OrderNA SexNA - NANA OrderNA SexNA"
"PR X6 Order1 F - PR X1 Order1 M",-3.36666666666666,0.840942453754308,19,-4.00344476799392,0.183911377513219,"NANA OrderNA SexNA - NANA OrderNA SexNA"
"PR X6 Order1 F - NR X2 Order1 M",-3.8,0.863604577047319,19,-4.40016195026695,0.0947470823080434,"NANA OrderNA SexNA - NANA OrderNA SexNA"
"PR X6 Order1 F - PR X2 Order1 M",-3,0.820698960414678,19,-3.6554207385424,0.310301193542015,"NANA OrderNA SexNA - NANA OrderNA SexNA"
"PR X6 Order1 F - NR X3 Order1 M",-3.51666666666666,0.841055449424025,19,-4.18125424319521,0.137619636010599,"NANA OrderNA SexNA - NANA OrderNA SexNA"
"PR X6 Order1 F - PR X3 Order1 M",-3.41666666666666,0.841272706131533,19,-4.06130692433573,0.167596919694708,"NANA OrderNA SexNA - NANA OrderNA SexNA"
"PR X6 Order1 F - NR X4 Order1 M",-3.53333333333332,0.8600098598646,19,-4.10848002822852,0.155206617560971,"NANA OrderNA SexNA - NANA OrderNA SexNA"
"PR X6 Order1 F - PR X4 Order1 M",-3.5,0.839829069214133,19,-4.16751471019586,0.140802471854521,"NANA OrderNA SexNA - NANA OrderNA SexNA"
"PR X6 Order1 F - NR X5 Order1 M",-3.66666666666666,0.883104902605489,19,-4.15201711127254,0.144468368995854,"NANA OrderNA SexNA - NANA OrderNA SexNA"
"PR X6 Order1 F - PR X5 Order1 M",-3.64999999999999,0.880327557325758,19,-4.14618396257854,0.145869221364521,"NANA OrderNA SexNA - NANA OrderNA SexNA"
"PR X6 Order1 F - NR X6 Order1 M",-3.65,0.840685114646563,19,-4.34169695217514,0.104842299531692,"NANA OrderNA SexNA - NANA OrderNA SexNA"
"PR X6 Order1 F - PR X6 Order1 M",-3.53333333333333,0.915139078044285,19,-3.86097962386691,0.229625377270866,"NANA OrderNA SexNA - NANA OrderNA SexNA"
"PR X6 Order1 F - NR X0 Order2 M",-2.48333333333332,0.874370283011074,19,-2.84013921971531,0.751116617553575,"NANA OrderNA SexNA - NANA OrderNA SexNA"
"PR X6 Order1 F - PR X0 Order2 M",-3.98333333333334,0.84601231793944,19,-4.70836328132338,0.0547212555274158,"NANA OrderNA SexNA - NANA OrderNA SexNA"
"PR X6 Order1 F - NR X1 Order2 M",-3.38333333333333,0.853885169704298,19,-3.96228140899202,0.196293408025783,"NANA OrderNA SexNA - NANA OrderNA SexNA"
"PR X6 Order1 F - PR X1 Order2 M",-3.11666666666665,0.840942453754308,19,-3.70615926542011,0.288742032348859,"NANA OrderNA SexNA - NANA OrderNA SexNA"
"PR X6 Order1 F - NR X2 Order2 M",-3.43333333333334,0.863604577047319,19,-3.97558491997804,0.192219791560683,"NANA OrderNA SexNA - NANA OrderNA SexNA"
"PR X6 Order1 F - PR X2 Order2 M",-2.75000000000001,0.820698960414678,19,-3.35080234366387,0.46081662186723,"NANA OrderNA SexNA - NANA OrderNA SexNA"
"PR X6 Order1 F - NR X3 Order2 M",-2.89999999999998,0.841055449424025,19,-3.44804852282447,0.409161488455318,"NANA OrderNA SexNA - NANA OrderNA SexNA"
"PR X6 Order1 F - PR X3 Order2 M",-2.34999999999999,0.841272706131533,19,-2.7933867138114,0.775640244376672,"NANA OrderNA SexNA - NANA OrderNA SexNA"
"PR X6 Order1 F - NR X4 Order2 M",-3.49999999999998,0.8600098598646,19,-4.0697207826792,0.16532807616501,"NANA OrderNA SexNA - NANA OrderNA SexNA"
"PR X6 Order1 F - PR X4 Order2 M",-2.08333333333334,0.839829069214133,19,-2.48066351797373,0.909025385000697,"NANA OrderNA SexNA - NANA OrderNA SexNA"
"PR X6 Order1 F - NR X5 Order2 M",-3.7,0.883104902605489,19,-4.18976272137503,0.135679889222409,"NANA OrderNA SexNA - NANA OrderNA SexNA"
"PR X6 Order1 F - PR X5 Order2 M",-2.15,0.880327557325758,19,-2.44227274508051,0.920974278386128,"NANA OrderNA SexNA - NANA OrderNA SexNA"
"PR X6 Order1 F - NR X6 Order2 M",-3.33333333333333,0.840685114646563,19,-3.96502004764854,0.195449163639398,"NANA OrderNA SexNA - NANA OrderNA SexNA"
"PR X6 Order1 F - PR X6 Order2 M",-2.35,0.915139078044285,19,-2.56791569323224,0.878040012801218,"NANA OrderNA SexNA - NANA OrderNA SexNA"
"NR X0 Order2 F - PR X0 Order2 F",-0.433333333333342,0.364527251325691,19,-1.18875428862292,0.999999875529733,"NANA OrderNA SexNA - NANA OrderNA SexNA"
"NR X0 Order2 F - NR X1 Order2 F",-0.266666666666669,0.135551720777894,19,-1.96726876749586,0.993806988457996,"NANA OrderNA SexNA - NANA OrderNA SexNA"
"NR X0 Order2 F - PR X1 Order2 F",0.783333333333337,0.27702471019474,19,2.82766592475695,0.757746708605741,"NANA OrderNA SexNA - NANA OrderNA SexNA"
"NR X0 Order2 F - NR X2 Order2 F",-0.516666666666671,0.183046026870883,19,-2.82260519662148,0.760419185369665,"NANA OrderNA SexNA - NANA OrderNA SexNA"
"NR X0 Order2 F - PR X2 Order2 F",0.81666666666666,0.284049662077454,19,2.87508409865305,0.732235598235884,"NANA OrderNA SexNA - NANA OrderNA SexNA"
"NR X0 Order2 F - NR X3 Order2 F",-0.766666666666664,0.24909778722891,19,-3.07777389432259,0.616782790076831,"NANA OrderNA SexNA - NANA OrderNA SexNA"
"NR X0 Order2 F - PR X3 Order2 F",0.600000000000004,0.283049393329729,19,2.11977136902412,0.983006989683897,"NANA OrderNA SexNA - NANA OrderNA SexNA"
"NR X0 Order2 F - NR X4 Order2 F",-0.699999999999991,0.416002980196253,19,-1.68268025308319,0.999536053826133,"NANA OrderNA SexNA - NANA OrderNA SexNA"
"NR X0 Order2 F - PR X4 Order2 F",0.41666666666666,0.343979123533537,19,1.21131382156695,0.999999787913093,"NANA OrderNA SexNA - NANA OrderNA SexNA"
"NR X0 Order2 F - NR X5 Order2 F",-0.533333333333338,0.431934313827911,19,-1.23475564746594,0.999999638561802,"NANA OrderNA SexNA - NANA OrderNA SexNA"
"NR X0 Order2 F - PR X5 Order2 F",0.216666666666664,0.372132309992496,19,0.582230192995156,1,"NANA OrderNA SexNA - NANA OrderNA SexNA"
"NR X0 Order2 F - NR X6 Order2 F",-0.716666666666669,0.407911525781629,19,-1.75691693264467,0.998985245828776,"NANA OrderNA SexNA - NANA OrderNA SexNA"
"NR X0 Order2 F - PR X6 Order2 F",-0.133333333333341,0.335645489671531,19,-0.397244525656589,1,"NANA OrderNA SexNA - NANA OrderNA SexNA"
"NR X0 Order2 F - NR X0 Order1 M",-5.96666666666667,0.784495218938912,19,-7.60574000022209,0.000237800145725497,"NANA OrderNA SexNA - NANA OrderNA SexNA"
"NR X0 Order2 F - PR X0 Order1 M",-5.31666666666668,0.752759057620969,19,-7.06290626840087,0.000642777995353949,"NANA OrderNA SexNA - NANA OrderNA SexNA"
"NR X0 Order2 F - NR X1 Order1 M",-5.1,0.761596507191362,19,-6.69645928236716,0.00127474014200091,"NANA OrderNA SexNA - NANA OrderNA SexNA"
"NR X0 Order2 F - PR X1 Order1 M",-5.01666666666666,0.747056602441516,19,-6.71524306226769,0.0012304960746401,"NANA OrderNA SexNA - NANA OrderNA SexNA"
"NR X0 Order2 F - NR X2 Order1 M",-5.45000000000001,0.77247797523439,19,-7.05521733269655,0.00065201214927868,"NANA OrderNA SexNA - NANA OrderNA SexNA"
"NR X0 Order2 F - PR X2 Order1 M",-4.65000000000001,0.724193441250939,19,-6.42093636193088,0.00214534625247298,"NANA OrderNA SexNA - NANA OrderNA SexNA"
"NR X0 Order2 F - NR X3 Order1 M",-5.16666666666666,0.74718379648584,19,-6.91485373607747,0.000846624646643868,"NANA OrderNA SexNA - NANA OrderNA SexNA"
"NR X0 Order2 F - PR X3 Order1 M",-5.06666666666666,0.7474283395798,19,-6.77879924852075,0.00109205862452999,"NANA OrderNA SexNA - NANA OrderNA SexNA"
"NR X0 Order2 F - NR X4 Order1 M",-5.18333333333333,0.768457100812708,19,-6.74511736289705,0.00116332556001297,"NANA OrderNA SexNA - NANA OrderNA SexNA"
"NR X0 Order2 F - PR X4 Order1 M",-5.15000000000001,0.745803072011789,19,-6.90530810781991,0.000861844038172133,"NANA OrderNA SexNA - NANA OrderNA SexNA"
"NR X0 Order2 F - NR X5 Order1 M",-5.31666666666667,0.794218877722631,19,-6.69420837982579,0.00128014958524458,"NANA OrderNA SexNA - NANA OrderNA SexNA"
"NR X0 Order2 F - PR X5 Order1 M",-5.3,0.791129550018378,19,-6.69928205801046,0.00126798923045723,"NANA OrderNA SexNA - NANA OrderNA SexNA"
"NR X0 Order2 F - NR X6 Order1 M",-5.3,0.7467669105641,19,-7.09726144131967,0.000603124967691104,"NANA OrderNA SexNA - NANA OrderNA SexNA"
"NR X0 Order2 F - PR X6 Order1 M",-5.18333333333334,0.82969204460986,19,-6.24729785829231,0.00298418837613534,"NANA OrderNA SexNA - NANA OrderNA SexNA"
"NR X0 Order2 F - NR X0 Order2 M",-4.13333333333333,0.784495218938912,19,-5.26878078227675,0.0192929955058101,"NANA OrderNA SexNA - NANA OrderNA SexNA"
"NR X0 Order2 F - PR X0 Order2 M",-5.63333333333335,0.752759057620969,19,-7.48358093642476,0.000296763014174917,"NANA OrderNA SexNA - NANA OrderNA SexNA"
"NR X0 Order2 F - NR X1 Order2 M",-5.03333333333334,0.761596507191362,19,-6.60892386691138,0.00150328722104809,"NANA OrderNA SexNA - NANA OrderNA SexNA"
"NR X0 Order2 F - PR X1 Order2 M",-4.76666666666666,0.747056602441516,19,-6.38059639803508,0.00231603239833533,"NANA OrderNA SexNA - NANA OrderNA SexNA"
"NR X0 Order2 F - NR X2 Order2 M",-5.08333333333335,0.77247797523439,19,-6.58055439288211,0.00158597606492517,"NANA OrderNA SexNA - NANA OrderNA SexNA"
"NR X0 Order2 F - PR X2 Order2 M",-4.40000000000001,0.724193441250939,19,-6.07572472956901,0.00413923953984363,"NANA OrderNA SexNA - NANA OrderNA SexNA"
"NR X0 Order2 F - NR X3 Order2 M",-4.54999999999999,0.74718379648584,19,-6.08953248370693,0.0040315481195613,"NANA OrderNA SexNA - NANA OrderNA SexNA"
"NR X0 Order2 F - PR X3 Order2 M",-4,0.7474283395798,19,-5.35168361725322,0.0164878715743831,"NANA OrderNA SexNA - NANA OrderNA SexNA"
"NR X0 Order2 F - NR X4 Order2 M",-5.14999999999999,0.768457100812708,19,-6.70174040236394,0.00126213954563614,"NANA OrderNA SexNA - NANA OrderNA SexNA"
"NR X0 Order2 F - PR X4 Order2 M",-3.73333333333334,0.745803072011789,19,-5.0057896962837,0.0316308859153611,"NANA OrderNA SexNA - NANA OrderNA SexNA"
"NR X0 Order2 F - NR X5 Order2 M",-5.35000000000001,0.794218877722631,19,-6.73617833832001,0.00118302331942333,"NANA OrderNA SexNA - NANA OrderNA SexNA"
"NR X0 Order2 F - PR X5 Order2 M",-3.8,0.791129550018378,19,-4.80325883404523,0.0460155815427445,"NANA OrderNA SexNA - NANA OrderNA SexNA"
"NR X0 Order2 F - NR X6 Order2 M",-4.98333333333334,0.7467669105641,19,-6.67321122941693,0.00133175021778265,"NANA OrderNA SexNA - NANA OrderNA SexNA"
"NR X0 Order2 F - PR X6 Order2 M",-4.00000000000001,0.82969204460986,19,-4.82106587135098,0.0445353161171029,"NANA OrderNA SexNA - NANA OrderNA SexNA"
"PR X0 Order2 F - NR X1 Order2 F",0.166666666666672,0.343226009456234,19,0.485588685224406,1,"NANA OrderNA SexNA - NANA OrderNA SexNA"
"PR X0 Order2 F - PR X1 Order2 F",1.21666666666668,0.170491206406631,19,7.13624293187801,0.000561150997544946,"NANA OrderNA SexNA - NANA OrderNA SexNA"
"PR X0 Order2 F - NR X2 Order2 F",-0.0833333333333294,0.323693956968272,19,-0.257444822615263,1,"NANA OrderNA SexNA - NANA OrderNA SexNA"
"PR X0 Order2 F - PR X2 Order2 F",1.25,0.210047335238835,19,5.95103955295926,0.00525264344704401,"NANA OrderNA SexNA - NANA OrderNA SexNA"
"PR X0 Order2 F - NR X3 Order2 F",-0.333333333333323,0.297189564801493,19,-1.12161856542968,1,"NANA OrderNA SexNA - NANA OrderNA SexNA"
"PR X0 Order2 F - PR X3 Order2 F",1.03333333333335,0.216869001341109,19,4.76478116717121,0.0493748377890343,"NANA OrderNA SexNA - NANA OrderNA SexNA"
"PR X0 Order2 F - NR X4 Order2 F",-0.26666666666665,0.397216190196706,19,-0.671338865957588,1,"NANA OrderNA SexNA - NANA OrderNA SexNA"
"PR X0 Order2 F - PR X4 Order2 F",0.850000000000001,0.205202795143007,19,4.14224377113203,0.14682203671551,"NANA OrderNA SexNA - NANA OrderNA SexNA"
"PR X0 Order2 F - NR X5 Order2 F",-0.0999999999999962,0.443276608955157,19,-0.225592774307909,1,"NANA OrderNA SexNA - NANA OrderNA SexNA"
"PR X0 Order2 F - PR X5 Order2 F",0.650000000000005,0.298073737884393,19,2.1806684634931,0.975982473884152,"NANA OrderNA SexNA - NANA OrderNA SexNA"
"PR X0 Order2 F - NR X6 Order2 F",-0.283333333333327,0.364471098012654,19,-0.777382170707786,1,"NANA OrderNA SexNA - NANA OrderNA SexNA"
"PR X0 Order2 F - PR X6 Order2 F",0.3,0.36243168341937,19,0.827742202805349,1,"NANA OrderNA SexNA - NANA OrderNA SexNA"
"PR X0 Order2 F - NR X0 Order1 M",-5.53333333333333,0.752759057620969,19,-7.35073630441718,0.000378170733351668,"NANA OrderNA SexNA - NANA OrderNA SexNA"
"PR X0 Order2 F - PR X0 Order1 M",-4.88333333333333,0.719624658501088,19,-6.78594497234832,0.00107752036824937,"NANA OrderNA SexNA - NANA OrderNA SexNA"
"PR X0 Order2 F - NR X1 Order1 M",-4.66666666666666,0.7288639722599,19,-6.40265789540577,0.00222104795806766,"NANA OrderNA SexNA - NANA OrderNA SexNA"
"PR X0 Order2 F - PR X1 Order1 M",-4.58333333333332,0.713657493160311,19,-6.42231515434219,0.0021397430445016,"NANA OrderNA SexNA - NANA OrderNA SexNA"
"PR X0 Order2 F - NR X2 Order1 M",-5.01666666666666,0.740226771006441,19,-6.77720242385426,0.00109533466806055,"NANA OrderNA SexNA - NANA OrderNA SexNA"
"PR X0 Order2 F - PR X2 Order1 M",-4.21666666666667,0.689688038640135,19,-6.11387530365281,0.00384851278186571,"NANA OrderNA SexNA - NANA OrderNA SexNA"
"PR X0 Order2 F - NR X3 Order1 M",-4.73333333333332,0.713790638789409,19,-6.63126283269989,0.00144126929401389,"NANA OrderNA SexNA - NANA OrderNA SexNA"
"PR X0 Order2 F - PR X3 Order1 M",-4.63333333333332,0.714046618295623,19,-6.48883870410695,0.00188630604568341,"NANA OrderNA SexNA - NANA OrderNA SexNA"
"PR X0 Order2 F - NR X4 Order1 M",-4.74999999999998,0.736029731792046,19,-6.45354364753029,0.00201673203176123,"NANA OrderNA SexNA - NANA OrderNA SexNA"
"PR X0 Order2 F - PR X4 Order1 M",-4.71666666666667,0.712345191964276,19,-6.62132168487102,0.0014685403055843,"NANA OrderNA SexNA - NANA OrderNA SexNA"
"PR X0 Order2 F - NR X5 Order1 M",-4.88333333333333,0.762887328524595,19,-6.40111999602559,0.00222753944688825,"NANA OrderNA SexNA - NANA OrderNA SexNA"
"PR X0 Order2 F - PR X5 Order1 M",-4.86666666666666,0.759670596511856,19,-6.40628542030284,0.00220581195505709,"NANA OrderNA SexNA - NANA OrderNA SexNA"
"PR X0 Order2 F - NR X6 Order1 M",-4.86666666666666,0.713354238093424,19,-6.82222997605476,0.00100668465466336,"NANA OrderNA SexNA - NANA OrderNA SexNA"
"PR X0 Order2 F - PR X6 Order1 M",-4.75,0.799751423369342,19,-5.93934547810908,0.00537138627654854,"NANA OrderNA SexNA - NANA OrderNA SexNA"
"PR X0 Order2 F - NR X0 Order2 M",-3.69999999999999,0.752759057620969,19,-4.91525138427895,0.0374297681624778,"NANA OrderNA SexNA - NANA OrderNA SexNA"
"PR X0 Order2 F - PR X0 Order2 M",-5.20000000000001,0.719624658501088,19,-7.22598918557228,0.000475511967317321,"NANA OrderNA SexNA - NANA OrderNA SexNA"
"PR X0 Order2 F - NR X1 Order2 M",-4.6,0.7288639722599,19,-6.31119135404283,0.00264253913620816,"NANA OrderNA SexNA - NANA OrderNA SexNA"
"PR X0 Order2 F - PR X1 Order2 M",-4.33333333333332,0.713657493160311,19,-6.07200705501443,0.00416872651295808,"NANA OrderNA SexNA - NANA OrderNA SexNA"
"PR X0 Order2 F - NR X2 Order2 M",-4.65,0.740226771006441,19,-6.28185872510081,0.00279418268555609,"NANA OrderNA SexNA - NANA OrderNA SexNA"
"PR X0 Order2 F - PR X2 Order2 M",-3.96666666666667,0.689688038640135,19,-5.75139257813981,0.00769422670963327,"NANA OrderNA SexNA - NANA OrderNA SexNA"
"PR X0 Order2 F - NR X3 Order2 M",-4.11666666666665,0.713790638789409,19,-5.76733070308758,0.00746329607759633,"NANA OrderNA SexNA - NANA OrderNA SexNA"
"PR X0 Order2 F - PR X3 Order2 M",-3.56666666666665,0.714046618295623,19,-4.99500533337729,0.0322733935429361,"NANA OrderNA SexNA - NANA OrderNA SexNA"
"PR X0 Order2 F - NR X4 Order2 M",-4.71666666666665,0.736029731792046,19,-6.40825562193359,0.00219758131146919,"NANA OrderNA SexNA - NANA OrderNA SexNA"
"PR X0 Order2 F - PR X4 Order2 M",-3.3,0.712345191964276,19,-4.63258548976842,0.0627605647611839,"NANA OrderNA SexNA - NANA OrderNA SexNA"
"PR X0 Order2 F - NR X5 Order2 M",-4.91666666666667,0.762887328524595,19,-6.4448136478756,0.00205037986191281,"NANA OrderNA SexNA - NANA OrderNA SexNA"
"PR X0 Order2 F - PR X5 Order2 M",-3.36666666666666,0.759670596511856,19,-4.43174539349717,0.0896658331070062,"NANA OrderNA SexNA - NANA OrderNA SexNA"
"PR X0 Order2 F - NR X6 Order2 M",-4.55,0.713354238093423,19,-6.37831775158545,0.00232607450453237,"NANA OrderNA SexNA - NANA OrderNA SexNA"
"PR X0 Order2 F - PR X6 Order2 M",-3.56666666666667,0.799751423369342,19,-4.4597190607556,0.0853729962509648,"NANA OrderNA SexNA - NANA OrderNA SexNA"
"NR X1 Order2 F - PR X1 Order2 F",1.05000000000001,0.270617660415309,19,3.88001285056046,0.223045916356892,"NANA OrderNA SexNA - NANA OrderNA SexNA"
"NR X1 Order2 F - NR X2 Order2 F",-0.250000000000002,0.174139488352036,19,-1.43563072549409,0.999983394667079,"NANA OrderNA SexNA - NANA OrderNA SexNA"
"NR X1 Order2 F - PR X2 Order2 F",1.08333333333333,0.264718762825405,19,4.09239345851674,0.159342099266885,"NANA OrderNA SexNA - NANA OrderNA SexNA"
"NR X1 Order2 F - NR X3 Order2 F",-0.499999999999995,0.23976718727459,19,-2.08535623945647,0.986213277460008,"NANA OrderNA SexNA - NANA OrderNA SexNA"
"NR X1 Order2 F - PR X3 Order2 F",0.866666666666673,0.258334748156851,19,3.35482033621148,0.458626030351511,"NANA OrderNA SexNA - NANA OrderNA SexNA"
"NR X1 Order2 F - NR X4 Order2 F",-0.433333333333322,0.357844423708052,19,-1.21095455070402,0.999999789672215,"NANA OrderNA SexNA - NANA OrderNA SexNA"
"NR X1 Order2 F - PR X4 Order2 F",0.683333333333329,0.305150715326586,19,2.23933059636447,0.967373099676167,"NANA OrderNA SexNA - NANA OrderNA SexNA"
"NR X1 Order2 F - NR X5 Order2 F",-0.266666666666669,0.382076505611574,19,-0.697940498172811,1,"NANA OrderNA SexNA - NANA OrderNA SexNA"
"NR X1 Order2 F - PR X5 Order2 F",0.483333333333333,0.310823279551437,19,1.5550100817122,0.999903025496759,"NANA OrderNA SexNA - NANA OrderNA SexNA"
"NR X1 Order2 F - NR X6 Order2 F",-0.45,0.339736740185072,19,-1.32455500619351,0.999997670247474,"NANA OrderNA SexNA - NANA OrderNA SexNA"
"NR X1 Order2 F - PR X6 Order2 F",0.133333333333328,0.315491818783464,19,0.422620573324091,1,"NANA OrderNA SexNA - NANA OrderNA SexNA"
"NR X1 Order2 F - NR X0 Order1 M",-5.7,0.761596507191362,19,-7.48427802146917,0.000296387002121423,"NANA OrderNA SexNA - NANA OrderNA SexNA"
"NR X1 Order2 F - PR X0 Order1 M",-5.05000000000001,0.7288639722599,19,-6.92859050824269,0.00082520315338297,"NANA OrderNA SexNA - NANA OrderNA SexNA"
"NR X1 Order2 F - NR X1 Order1 M",-4.83333333333333,0.73798762252097,19,-6.54934200227185,0.00168230598165164,"NANA OrderNA SexNA - NANA OrderNA SexNA"
"NR X1 Order2 F - PR X1 Order1 M",-4.75,0.722973068986344,19,-6.57009258541236,0.00161762324764114,"NANA OrderNA SexNA - NANA OrderNA SexNA"
"NR X1 Order2 F - NR X2 Order1 M",-5.18333333333334,0.749212061735724,19,-6.91837945230745,0.000841072951442867,"NANA OrderNA SexNA - NANA OrderNA SexNA"
"NR X1 Order2 F - PR X2 Order1 M",-4.38333333333334,0.699322980874323,19,-6.26796695262768,0.002869040921613,"NANA OrderNA SexNA - NANA OrderNA SexNA"
"NR X1 Order2 F - NR X3 Order1 M",-4.89999999999999,0.723104499335376,19,-6.77633731293846,0.00109711371034438,"NANA OrderNA SexNA - NANA OrderNA SexNA"
"NR X1 Order2 F - PR X3 Order1 M",-4.8,0.723357182887603,19,-6.63572590907117,0.00142919403951391,"NANA OrderNA SexNA - NANA OrderNA SexNA"
"NR X1 Order2 F - NR X4 Order1 M",-4.91666666666666,0.745065639402022,19,-6.59897115992719,0.00153178543369681,"NANA OrderNA SexNA - NANA OrderNA SexNA"
"NR X1 Order2 F - PR X4 Order1 M",-4.88333333333334,0.721677707463861,19,-6.76664012595661,0.00111725800882745,"NANA OrderNA SexNA - NANA OrderNA SexNA"
"NR X1 Order2 F - NR X5 Order1 M",-5.05,0.771608784915689,19,-6.54476737269366,0.00169691574379405,"NANA OrderNA SexNA - NANA OrderNA SexNA"
"NR X1 Order2 F - PR X5 Order1 M",-5.03333333333333,0.76842856280877,19,-6.55016429235195,0.0016796934528851,"NANA OrderNA SexNA - NANA OrderNA SexNA"
"NR X1 Order2 F - NR X6 Order1 M",-5.03333333333333,0.722673723018571,19,-6.96487664213023,0.000771240716503141,"NANA OrderNA SexNA - NANA OrderNA SexNA"
"NR X1 Order2 F - PR X6 Order1 M",-4.91666666666667,0.808075107967669,19,-6.08441791881477,0.00407110557208001,"NANA OrderNA SexNA - NANA OrderNA SexNA"
"NR X1 Order2 F - NR X0 Order2 M",-3.86666666666666,0.761596507191362,19,-5.07705409643522,0.0276849134655858,"NANA OrderNA SexNA - NANA OrderNA SexNA"
"NR X1 Order2 F - PR X0 Order2 M",-5.36666666666668,0.7288639722599,19,-7.36305657971666,0.000369739248950895,"NANA OrderNA SexNA - NANA OrderNA SexNA"
"NR X1 Order2 F - NR X1 Order2 M",-4.76666666666667,0.73798762252097,19,-6.45900625051639,0.00199596298590687,"NANA OrderNA SexNA - NANA OrderNA SexNA"
"NR X1 Order2 F - PR X1 Order2 M",-4.49999999999999,0.722973068986344,19,-6.22429823881171,0.00311781701656288,"NANA OrderNA SexNA - NANA OrderNA SexNA"
"NR X1 Order2 F - NR X2 Order2 M",-4.81666666666668,0.749212061735724,19,-6.42897640423427,0.00211288091942263,"NANA OrderNA SexNA - NANA OrderNA SexNA"
"NR X1 Order2 F - PR X2 Order2 M",-4.13333333333334,0.699322980874323,19,-5.91047834316224,0.0056761593292326,"NANA OrderNA SexNA - NANA OrderNA SexNA"
"NR X1 Order2 F - NR X3 Order2 M",-4.28333333333332,0.723104499335376,19,-5.92353295722851,0.0055362411670522,"NANA OrderNA SexNA - NANA OrderNA SexNA"
"NR X1 Order2 F - PR X3 Order2 M",-3.73333333333333,0.723357182887603,19,-5.16112015149979,0.0236406925118222,"NANA OrderNA SexNA - NANA OrderNA SexNA"
"NR X1 Order2 F - NR X4 Order2 M",-4.88333333333332,0.745065639402022,19,-6.55423237240226,0.00166682909836635,"NANA OrderNA SexNA - NANA OrderNA SexNA"
"NR X1 Order2 F - PR X4 Order2 M",-3.46666666666668,0.721677707463861,19,-4.80362165938218,0.0459849603656975,"NANA OrderNA SexNA - NANA OrderNA SexNA"
"NR X1 Order2 F - NR X5 Order2 M",-5.08333333333334,0.771608784915689,19,-6.58796715733191,0.00156393377492292,"NANA OrderNA SexNA - NANA OrderNA SexNA"
"NR X1 Order2 F - PR X5 Order2 M",-3.53333333333333,0.76842856280877,19,-4.59812857608813,0.0667691376846449,"NANA OrderNA SexNA - NANA OrderNA SexNA"
"NR X1 Order2 F - NR X6 Order2 M",-4.71666666666667,0.722673723018571,19,-6.52668903881741,0.00175592367559185,"NANA OrderNA SexNA - NANA OrderNA SexNA"
"NR X1 Order2 F - PR X6 Order2 M",-3.73333333333334,0.808075107967669,19,-4.62003258920174,0.0641942655561875,"NANA OrderNA SexNA - NANA OrderNA SexNA"
"PR X1 Order2 F - NR X2 Order2 F",-1.30000000000001,0.282992571142138,19,-4.59376016392691,0.067293986276463,"NANA OrderNA SexNA - NANA OrderNA SexNA"
"PR X1 Order2 F - PR X2 Order2 F",0.0333333333333235,0.20365088806712,19,0.163678801745944,1,"NANA OrderNA SexNA - NANA OrderNA SexNA"
"PR X1 Order2 F - NR X3 Order2 F",-1.55,0.225527322290261,19,-6.87278146283803,0.000915834049491249,"NANA OrderNA SexNA - NANA OrderNA SexNA"
"PR X1 Order2 F - PR X3 Order2 F",-0.183333333333332,0.182301722780272,19,-1.00565880858024,1,"NANA OrderNA SexNA - NANA OrderNA SexNA"
"PR X1 Order2 F - NR X4 Order2 F",-1.48333333333333,0.403689128266667,19,-3.67444458983169,0.302091991113572,"NANA OrderNA SexNA - NANA OrderNA SexNA"
"PR X1 Order2 F - PR X4 Order2 F",-0.366666666666677,0.183054013694933,19,-2.00305177289224,0.991993370259276,"NANA OrderNA SexNA - NANA OrderNA SexNA"
"PR X1 Order2 F - NR X5 Order2 F",-1.31666666666667,0.463743980588605,19,-2.8392102577709,0.751612475534077,"NANA OrderNA SexNA - NANA OrderNA SexNA"
"PR X1 Order2 F - PR X5 Order2 F",-0.566666666666673,0.2796457659003,19,-2.02637313260342,0.990599538312844,"NANA OrderNA SexNA - NANA OrderNA SexNA"
"PR X1 Order2 F - NR X6 Order2 F",-1.50000000000001,0.370214099585853,19,-4.05170954233782,0.170216596718526,"NANA OrderNA SexNA - NANA OrderNA SexNA"
"PR X1 Order2 F - PR X6 Order2 F",-0.916666666666678,0.298872148925772,19,-3.06708627739796,0.62300851091916,"NANA OrderNA SexNA - NANA OrderNA SexNA"
"PR X1 Order2 F - NR X0 Order1 M",-6.75,0.747056602441516,19,-9.03545993428046,1.98075416062427e-05,"NANA OrderNA SexNA - NANA OrderNA SexNA"
"PR X1 Order2 F - PR X0 Order1 M",-6.10000000000001,0.713657493160311,19,-8.54751762359727,4.5220501526666e-05,"NANA OrderNA SexNA - NANA OrderNA SexNA"
"PR X1 Order2 F - NR X1 Order1 M",-5.88333333333334,0.722973068986344,19,-8.13769362333532,9.21367457673572e-05,"NANA OrderNA SexNA - NANA OrderNA SexNA"
"PR X1 Order2 F - PR X1 Order1 M",-5.8,0.707640011563021,19,-8.19625785035682,8.31425595890778e-05,"NANA OrderNA SexNA - NANA OrderNA SexNA"
"PR X1 Order2 F - NR X2 Order1 M",-6.23333333333334,0.734427015390688,19,-8.48734210848363,5.01498318782323e-05,"NANA OrderNA SexNA - NANA OrderNA SexNA"
"PR X1 Order2 F - PR X2 Order1 M",-5.43333333333334,0.683459551886085,19,-7.94975111305335,0.000128401727644056,"NANA OrderNA SexNA - NANA OrderNA SexNA"
"PR X1 Order2 F - NR X3 Order1 M",-5.95,0.707774289194263,19,-8.40663484226523,5.76474594695675e-05,"NANA OrderNA SexNA - NANA OrderNA SexNA"
"PR X1 Order2 F - PR X3 Order1 M",-5.85,0.708032443833238,19,-8.26233324609888,7.40742852876064e-05,"NANA OrderNA SexNA - NANA OrderNA SexNA"
"PR X1 Order2 F - NR X4 Order1 M",-5.96666666666666,0.730196640983046,19,-8.17131486476558,8.68570642618138e-05,"NANA OrderNA SexNA - NANA OrderNA SexNA"
"PR X1 Order2 F - PR X4 Order1 M",-5.93333333333334,0.706316530272138,19,-8.4003886062914,5.82740226918732e-05,"NANA OrderNA SexNA - NANA OrderNA SexNA"
"PR X1 Order2 F - NR X5 Order1 M",-6.10000000000001,0.75726114679445,19,-8.05534527398087,0.000106513530438557,"NANA OrderNA SexNA - NANA OrderNA SexNA"
"PR X1 Order2 F - PR X5 Order1 M",-6.08333333333334,0.754020413268587,19,-8.06786292026608,0.000104187125947064,"NANA OrderNA SexNA - NANA OrderNA SexNA"
"PR X1 Order2 F - NR X6 Order1 M",-6.08333333333334,0.707334176628629,19,-8.60036674931836,4.13048748186817e-05,"NANA OrderNA SexNA - NANA OrderNA SexNA"
"PR X1 Order2 F - PR X6 Order1 M",-5.96666666666668,0.794386371737544,19,-7.51103855623293,0.000282316201864363,"NANA OrderNA SexNA - NANA OrderNA SexNA"
"PR X1 Order2 F - NR X0 Order2 M",-4.91666666666667,0.747056602441516,19,-6.58138439657465,0.00158349238427524,"NANA OrderNA SexNA - NANA OrderNA SexNA"
"PR X1 Order2 F - PR X0 Order2 M",-6.41666666666669,0.713657493160311,19,-8.99124121607911,2.13247735552091e-05,"NANA OrderNA SexNA - NANA OrderNA SexNA"
"PR X1 Order2 F - NR X1 Order2 M",-5.81666666666668,0.722973068986344,19,-8.04548179757516,0.000108384353953217,"NANA OrderNA SexNA - NANA OrderNA SexNA"
"PR X1 Order2 F - PR X1 Order2 M",-5.55,0.707640011563021,19,-7.84297087404834,0.000155282743676377,"NANA OrderNA SexNA - NANA OrderNA SexNA"
"PR X1 Order2 F - NR X2 Order2 M",-5.86666666666668,0.734427015390688,19,-7.98808669033755,0.000119963648956167,"NANA OrderNA SexNA - NANA OrderNA SexNA"
"PR X1 Order2 F - PR X2 Order2 M",-5.18333333333335,0.683459551886085,19,-7.58396501889446,0.000247352218002428,"NANA OrderNA SexNA - NANA OrderNA SexNA"
"PR X1 Order2 F - NR X3 Order2 M",-5.33333333333333,0.707774289194263,19,-7.53535896225455,0.000270123981197523,"NANA OrderNA SexNA - NANA OrderNA SexNA"
"PR X1 Order2 F - PR X3 Order2 M",-4.78333333333333,0.708032443833238,19,-6.75581094481589,0.00114019983074487,"NANA OrderNA SexNA - NANA OrderNA SexNA"
"PR X1 Order2 F - NR X4 Order2 M",-5.93333333333333,0.730196640983046,19,-8.12566506105181,9.41051190775921e-05,"NANA OrderNA SexNA - NANA OrderNA SexNA"
"PR X1 Order2 F - PR X4 Order2 M",-4.51666666666668,0.706316530272138,19,-6.39467784355329,0.00225494140605698,"NANA OrderNA SexNA - NANA OrderNA SexNA"
"PR X1 Order2 F - NR X5 Order2 M",-6.13333333333335,0.75726114679445,19,-8.09936355416657,9.85617220670143e-05,"NANA OrderNA SexNA - NANA OrderNA SexNA"
"PR X1 Order2 F - PR X5 Order2 M",-4.58333333333334,0.754020413268587,19,-6.07852685773472,0.00411715308007365,"NANA OrderNA SexNA - NANA OrderNA SexNA"
"PR X1 Order2 F - NR X6 Order2 M",-5.76666666666668,0.707334176628629,19,-8.15267642538124,8.97441895651996e-05,"NANA OrderNA SexNA - NANA OrderNA SexNA"
"PR X1 Order2 F - PR X6 Order2 M",-4.78333333333335,0.794386371737544,19,-6.02141917776216,0.00459161738342229,"NANA OrderNA SexNA - NANA OrderNA SexNA"
"NR X2 Order2 F - PR X2 Order2 F",1.33333333333333,0.254807575603229,19,5.23270679914759,0.0206548212154645,"NANA OrderNA SexNA - NANA OrderNA SexNA"
"NR X2 Order2 F - NR X3 Order2 F",-0.249999999999993,0.204867665174178,19,-1.22029994234299,0.999999739190318,"NANA OrderNA SexNA - NANA OrderNA SexNA"
"NR X2 Order2 F - PR X3 Order2 F",1.11666666666668,0.259435960390729,19,4.30420927378338,0.111810892819963,"NANA OrderNA SexNA - NANA OrderNA SexNA"
"NR X2 Order2 F - NR X4 Order2 F",-0.18333333333332,0.326692623386937,19,-0.56117989880714,1,"NANA OrderNA SexNA - NANA OrderNA SexNA"
"NR X2 Order2 F - PR X4 Order2 F",0.933333333333331,0.33319734068005,19,2.80114280452663,0.771635494911488,"NANA OrderNA SexNA - NANA OrderNA SexNA"
"NR X2 Order2 F - NR X5 Order2 F",-0.0166666666666668,0.356185936067992,19,-0.0467920402772031,1,"NANA OrderNA SexNA - NANA OrderNA SexNA"
"NR X2 Order2 F - PR X5 Order2 F",0.733333333333335,0.360368557279937,19,2.03495371202343,0.990040962085675,"NANA OrderNA SexNA - NANA OrderNA SexNA"
"NR X2 Order2 F - NR X6 Order2 F",-0.199999999999998,0.329366750204618,19,-0.607225835260387,1,"NANA OrderNA SexNA - NANA OrderNA SexNA"
"NR X2 Order2 F - PR X6 Order2 F",0.38333333333333,0.382627114527878,19,1.00184571029767,1,"NANA OrderNA SexNA - NANA OrderNA SexNA"
"NR X2 Order2 F - NR X0 Order1 M",-5.45,0.77247797523439,19,-7.05521733269654,0.00065201214927868,"NANA OrderNA SexNA - NANA OrderNA SexNA"
"NR X2 Order2 F - PR X0 Order1 M",-4.80000000000001,0.740226771006441,19,-6.48449932913632,0.00190186856760532,"NANA OrderNA SexNA - NANA OrderNA SexNA"
"NR X2 Order2 F - NR X1 Order1 M",-4.58333333333333,0.749212061735724,19,-6.11753810091494,0.00382170570749307,"NANA OrderNA SexNA - NANA OrderNA SexNA"
"NR X2 Order2 F - PR X1 Order1 M",-4.49999999999999,0.734427015390688,19,-6.12722558633844,0.00375170856773221,"NANA OrderNA SexNA - NANA OrderNA SexNA"
"NR X2 Order2 F - NR X2 Order1 M",-4.93333333333333,0.760270804323325,19,-6.48891593006024,0.00188603025961653,"NANA OrderNA SexNA - NANA OrderNA SexNA"
"NR X2 Order2 F - PR X2 Order1 M",-4.13333333333334,0.711157938882137,19,-5.81211726305199,0.00685075283582692,"NANA OrderNA SexNA - NANA OrderNA SexNA"
"NR X2 Order2 F - NR X3 Order1 M",-4.64999999999999,0.734556396347623,19,-6.33035124752956,0.00254800695473079,"NANA OrderNA SexNA - NANA OrderNA SexNA"
"NR X2 Order2 F - PR X3 Order1 M",-4.54999999999999,0.734805141851382,19,-6.19211780219178,0.00331499153494808,"NANA OrderNA SexNA - NANA OrderNA SexNA"
"NR X2 Order2 F - NR X4 Order1 M",-4.66666666666666,0.756185023306919,19,-6.1713291361664,0.00344901039279288,"NANA OrderNA SexNA - NANA OrderNA SexNA"
"NR X2 Order2 F - PR X4 Order1 M",-4.63333333333334,0.73315189142935,19,-6.31974545451994,0.00259990369710905,"NANA OrderNA SexNA - NANA OrderNA SexNA"
"NR X2 Order2 F - NR X5 Order1 M",-4.8,0.782351007806091,19,-6.13535350770546,0.00369397745778433,"NANA OrderNA SexNA - NANA OrderNA SexNA"
"NR X2 Order2 F - PR X5 Order1 M",-4.78333333333333,0.779214629352204,19,-6.13865955944633,0.00367075206606826,"NANA OrderNA SexNA - NANA OrderNA SexNA"
"NR X2 Order2 F - NR X6 Order1 M",-4.78333333333333,0.734132339839121,19,-6.51562814189818,0.00179304974857675,"NANA OrderNA SexNA - NANA OrderNA SexNA"
"NR X2 Order2 F - PR X6 Order1 M",-4.66666666666667,0.818338782273638,19,-5.70260968654204,0.00844627241325691,"NANA OrderNA SexNA - NANA OrderNA SexNA"
"NR X2 Order2 F - NR X0 Order2 M",-3.61666666666666,0.77247797523439,19,-4.6819026336243,0.0574120602723636,"NANA OrderNA SexNA - NANA OrderNA SexNA"
"NR X2 Order2 F - PR X0 Order2 M",-5.11666666666668,0.740226771006441,19,-6.91229615987796,0.000850675287704661,"NANA OrderNA SexNA - NANA OrderNA SexNA"
"NR X2 Order2 F - NR X1 Order2 M",-4.51666666666667,0.749212061735724,19,-6.02855572853801,0.00452944114632003,"NANA OrderNA SexNA - NANA OrderNA SexNA"
"NR X2 Order2 F - PR X1 Order2 M",-4.24999999999999,0.734427015390688,19,-5.78682416487519,0.00719023545775932,"NANA OrderNA SexNA - NANA OrderNA SexNA"
"NR X2 Order2 F - NR X2 Order2 M",-4.56666666666668,0.760270804323325,19,-6.00663163796118,0.00472319558694301,"NANA OrderNA SexNA - NANA OrderNA SexNA"
"NR X2 Order2 F - PR X2 Order2 M",-3.88333333333334,0.711157938882137,19,-5.46057791246417,0.0134046065206628,"NANA OrderNA SexNA - NANA OrderNA SexNA"
"NR X2 Order2 F - NR X3 Order2 M",-4.03333333333332,0.734556396347622,19,-5.49084230072456,0.0126537517586085,"NANA OrderNA SexNA - NANA OrderNA SexNA"
"NR X2 Order2 F - PR X3 Order2 M",-3.48333333333333,0.734805141851382,19,-4.74048578995634,0.0516138557387548,"NANA OrderNA SexNA - NANA OrderNA SexNA"
"NR X2 Order2 F - NR X4 Order2 M",-4.63333333333332,0.756185023306918,19,-6.12724821376521,0.00375154659393484,"NANA OrderNA SexNA - NANA OrderNA SexNA"
"NR X2 Order2 F - PR X4 Order2 M",-3.21666666666667,0.73315189142935,19,-4.3874491824545,0.0968646938033559,"NANA OrderNA SexNA - NANA OrderNA SexNA"
"NR X2 Order2 F - NR X5 Order2 M",-4.83333333333334,0.782351007806091,19,-6.17796012928675,0.00340567886565268,"NANA OrderNA SexNA - NANA OrderNA SexNA"
"NR X2 Order2 F - PR X5 Order2 M",-3.28333333333333,0.779214629352204,19,-4.21364436658859,0.130361342793675,"NANA OrderNA SexNA - NANA OrderNA SexNA"
"NR X2 Order2 F - NR X6 Order2 M",-4.46666666666667,0.734132339839121,19,-6.08427993738228,0.0040721781536881,"NANA OrderNA SexNA - NANA OrderNA SexNA"
"NR X2 Order2 F - PR X6 Order2 M",-3.48333333333334,0.818338782273638,19,-4.25659080174032,0.121252636414386,"NANA OrderNA SexNA - NANA OrderNA SexNA"
"PR X2 Order2 F - NR X3 Order2 F",-1.58333333333332,0.274016049386962,19,-5.77825035020981,0.00730908502056937,"NANA OrderNA SexNA - NANA OrderNA SexNA"
"PR X2 Order2 F - PR X3 Order2 F",-0.216666666666656,0.196564052920632,19,-1.10227004097306,1,"NANA OrderNA SexNA - NANA OrderNA SexNA"
"PR X2 Order2 F - NR X4 Order2 F",-1.51666666666665,0.405106296064516,19,-3.74387335225497,0.273415654652702,"NANA OrderNA SexNA - NANA OrderNA SexNA"
"PR X2 Order2 F - PR X4 Order2 F",-0.4,0.247820912512166,19,-1.61406878840527,0.999792359238251,"NANA OrderNA SexNA - NANA OrderNA SexNA"
"PR X2 Order2 F - NR X5 Order2 F",-1.35,0.439011382713531,19,-3.07509110961006,0.618345964768483,"NANA OrderNA SexNA - NANA OrderNA SexNA"
"PR X2 Order2 F - PR X5 Order2 F",-0.599999999999996,0.283817954997472,19,-2.11403115777273,0.983577873248419,"NANA OrderNA SexNA - NANA OrderNA SexNA"
"PR X2 Order2 F - NR X6 Order2 F",-1.53333333333333,0.375203648406806,19,-4.08666957222881,0.160835827696793,"NANA OrderNA SexNA - NANA OrderNA SexNA"
"PR X2 Order2 F - PR X6 Order2 F",-0.950000000000001,0.352538828685571,19,-2.69473862933636,0.824029734302606,"NANA OrderNA SexNA - NANA OrderNA SexNA"
"PR X2 Order2 F - NR X0 Order1 M",-6.78333333333333,0.724193441250939,19,-9.36674229141885,1.14685477469179e-05,"NANA OrderNA SexNA - NANA OrderNA SexNA"
"PR X2 Order2 F - PR X0 Order1 M",-6.13333333333334,0.689688038640135,19,-8.89290953258591,2.51465314761168e-05,"NANA OrderNA SexNA - NANA OrderNA SexNA"
"PR X2 Order2 F - NR X1 Order1 M",-5.91666666666666,0.699322980874323,19,-8.46056375734914,5.25188977784641e-05,"NANA OrderNA SexNA - NANA OrderNA SexNA"
"PR X2 Order2 F - PR X1 Order1 M",-5.83333333333333,0.683459551886085,19,-8.53500886370755,4.62022360681047e-05,"NANA OrderNA SexNA - NANA OrderNA SexNA"
"PR X2 Order2 F - NR X2 Order1 M",-6.26666666666667,0.711157938882137,19,-8.81191972140139,2.882493455858e-05,"NANA OrderNA SexNA - NANA OrderNA SexNA"
"PR X2 Order2 F - PR X2 Order1 M",-5.46666666666667,0.65839162522297,19,-8.30306227667361,6.89991774680543e-05,"NANA OrderNA SexNA - NANA OrderNA SexNA"
"PR X2 Order2 F - NR X3 Order1 M",-5.98333333333332,0.683598579243594,19,-8.75270007136925,3.18643198458091e-05,"NANA OrderNA SexNA - NANA OrderNA SexNA"
"PR X2 Order2 F - PR X3 Order1 M",-5.88333333333332,0.683865860106998,19,-8.60305167509432,4.11155622741521e-05,"NANA OrderNA SexNA - NANA OrderNA SexNA"
"PR X2 Order2 F - NR X4 Order1 M",-5.99999999999999,0.706788304658714,19,-8.48910481462649,4.99978137389334e-05,"NANA OrderNA SexNA - NANA OrderNA SexNA"
"PR X2 Order2 F - PR X4 Order1 M",-5.96666666666667,0.68208915402247,19,-8.74763457457075,3.21392546700494e-05,"NANA OrderNA SexNA - NANA OrderNA SexNA"
"PR X2 Order2 F - NR X5 Order1 M",-6.13333333333333,0.734715603171636,19,-8.3479012924958,6.38251559541558e-05,"NANA OrderNA SexNA - NANA OrderNA SexNA"
"PR X2 Order2 F - PR X5 Order1 M",-6.11666666666666,0.731374976824575,19,-8.36324301553701,6.2148281763541e-05,"NANA OrderNA SexNA - NANA OrderNA SexNA"
"PR X2 Order2 F - NR X6 Order1 M",-6.11666666666666,0.683142891733726,19,-8.95371486797349,2.27067927799363e-05,"NANA OrderNA SexNA - NANA OrderNA SexNA"
"PR X2 Order2 F - PR X6 Order1 M",-6,0.772924498707187,19,-7.76272457405058,0.000179255934369293,"NANA OrderNA SexNA - NANA OrderNA SexNA"
"PR X2 Order2 F - NR X0 Order2 M",-4.94999999999999,0.724193441250939,19,-6.83519032076511,0.000982550241927505,"NANA OrderNA SexNA - NANA OrderNA SexNA"
"PR X2 Order2 F - PR X0 Order2 M",-6.45000000000001,0.689688038640135,19,-9.35205431823574,1.17469191442954e-05,"NANA OrderNA SexNA - NANA OrderNA SexNA"
"PR X2 Order2 F - NR X1 Order2 M",-5.85,0.699322980874323,19,-8.36523346149169,6.19340819532077e-05,"NANA OrderNA SexNA - NANA OrderNA SexNA"
"PR X2 Order2 F - PR X1 Order2 M",-5.58333333333332,0.683459551886085,19,-8.16922276954865,8.71763021523808e-05,"NANA OrderNA SexNA - NANA OrderNA SexNA"
"PR X2 Order2 F - NR X2 Order2 M",-5.90000000000001,0.711157938882137,19,-8.29632867387259,6.98127893661304e-05,"NANA OrderNA SexNA - NANA OrderNA SexNA"
"PR X2 Order2 F - PR X2 Order2 M",-5.21666666666667,0.65839162522297,19,-7.92334906280135,0.000134566873188136,"NANA OrderNA SexNA - NANA OrderNA SexNA"
"PR X2 Order2 F - NR X3 Order2 M",-5.36666666666665,0.683598579243594,19,-7.85061120607492,0.0001531795014591,"NANA OrderNA SexNA - NANA OrderNA SexNA"
"PR X2 Order2 F - PR X3 Order2 M",-4.81666666666666,0.683865860106998,19,-7.04329159802339,0.00066660385327233,"NANA OrderNA SexNA - NANA OrderNA SexNA"
"PR X2 Order2 F - NR X4 Order2 M",-5.96666666666665,0.706788304658714,19,-8.4419431212119,5.42341845293226e-05,"NANA OrderNA SexNA - NANA OrderNA SexNA"
"PR X2 Order2 F - PR X4 Order2 M",-4.55,0.68208915402247,19,-6.67068223144641,0.00133810647367594,"NANA OrderNA SexNA - NANA OrderNA SexNA"
"PR X2 Order2 F - NR X5 Order2 M",-6.16666666666667,0.734715603171636,19,-8.39327032125937,5.89966457493762e-05,"NANA OrderNA SexNA - NANA OrderNA SexNA"
"PR X2 Order2 F - PR X5 Order2 M",-4.61666666666666,0.731374976824575,19,-6.31231148584128,0.00263691616927297,"NANA OrderNA SexNA - NANA OrderNA SexNA"
"PR X2 Order2 F - NR X6 Order2 M",-5.8,0.683142891733726,19,-8.49017104647078,4.99060917112937e-05,"NANA OrderNA SexNA - NANA OrderNA SexNA"
"PR X2 Order2 F - PR X6 Order2 M",-4.81666666666667,0.772924498707187,19,-6.23174278305728,0.00307391523710376,"NANA OrderNA SexNA - NANA OrderNA SexNA"
"NR X3 Order2 F - PR X3 Order2 F",1.36666666666667,0.213991583154149,19,6.38654402440769,0.00229002728299832,"NANA OrderNA SexNA - NANA OrderNA SexNA"
"NR X3 Order2 F - NR X4 Order2 F",0.0666666666666728,0.325652740818098,19,0.204717044601542,1,"NANA OrderNA SexNA - NANA OrderNA SexNA"
"NR X3 Order2 F - PR X4 Order2 F",1.18333333333332,0.263661798256118,19,4.48807275517347,0.0812135836572109,"NANA OrderNA SexNA - NANA OrderNA SexNA"
"NR X3 Order2 F - NR X5 Order2 F",0.233333333333327,0.372148024375765,19,0.626990654390054,1,"NANA OrderNA SexNA - NANA OrderNA SexNA"
"NR X3 Order2 F - PR X5 Order2 F",0.983333333333328,0.342804054647901,19,2.86849971580215,0.735825880395053,"NANA OrderNA SexNA - NANA OrderNA SexNA"
"NR X3 Order2 F - NR X6 Order2 F",0.0499999999999952,0.333372804680564,19,0.149982239996766,1,"NANA OrderNA SexNA - NANA OrderNA SexNA"
"NR X3 Order2 F - PR X6 Order2 F",0.633333333333323,0.353735289405455,19,1.79041603227602,0.998593874219498,"NANA OrderNA SexNA - NANA OrderNA SexNA"
"NR X3 Order2 F - NR X0 Order1 M",-5.2,0.74718379648584,19,-6.95946569566508,0.00077905295776437,"NANA OrderNA SexNA - NANA OrderNA SexNA"
"NR X3 Order2 F - PR X0 Order1 M",-4.55000000000001,0.713790638789409,19,-6.37441814551789,0.00234336267286173,"NANA OrderNA SexNA - NANA OrderNA SexNA"
"NR X3 Order2 F - NR X1 Order1 M",-4.33333333333334,0.723104499335376,19,-5.99267925634015,0.00485081449300973,"NANA OrderNA SexNA - NANA OrderNA SexNA"
"NR X3 Order2 F - PR X1 Order1 M",-4.25,0.707774289194263,19,-6.0047391730466,0.00474030578474793,"NANA OrderNA SexNA - NANA OrderNA SexNA"
"NR X3 Order2 F - NR X2 Order1 M",-4.68333333333334,0.734556396347623,19,-6.37573010951904,0.00233753185153573,"NANA OrderNA SexNA - NANA OrderNA SexNA"
"NR X3 Order2 F - PR X2 Order1 M",-3.88333333333334,0.683598579243594,19,-5.68072177333996,0.0088070832107624,"NANA OrderNA SexNA - NANA OrderNA SexNA"
"NR X3 Order2 F - NR X3 Order1 M",-4.4,0.707908541355433,19,-6.21549217583294,0.00317056604182897,"NANA OrderNA SexNA - NANA OrderNA SexNA"
"NR X3 Order2 F - PR X3 Order1 M",-4.3,0.708166647054208,19,-6.07201711332622,0.00416864645031745,"NANA OrderNA SexNA - NANA OrderNA SexNA"
"NR X3 Order2 F - NR X4 Order1 M",-4.41666666666666,0.730326771371867,19,-6.04752124637341,0.00436828883124507,"NANA OrderNA SexNA - NANA OrderNA SexNA"
"NR X3 Order2 F - PR X4 Order1 M",-4.38333333333334,0.706451059462157,19,-6.20472327788779,0.00323629880476062,"NANA OrderNA SexNA - NANA OrderNA SexNA"
"NR X3 Order2 F - NR X5 Order1 M",-4.55000000000001,0.757386627109284,19,-6.00749978563258,0.00471536724374899,"NANA OrderNA SexNA - NANA OrderNA SexNA"
"NR X3 Order2 F - PR X5 Order1 M",-4.53333333333334,0.754146432800198,19,-6.01121100115896,0.00468204882837142,"NANA OrderNA SexNA - NANA OrderNA SexNA"
"NR X3 Order2 F - NR X6 Order1 M",-4.53333333333334,0.707468512307391,19,-6.40782346418215,0.00219938400996278,"NANA OrderNA SexNA - NANA OrderNA SexNA"
"NR X3 Order2 F - PR X6 Order1 M",-4.41666666666668,0.794505988701075,19,-5.55900991242044,0.0111114753166479,"NANA OrderNA SexNA - NANA OrderNA SexNA"
"NR X3 Order2 F - NR X0 Order2 M",-3.36666666666667,0.74718379648584,19,-4.50580791834726,0.0787069045175012,"NANA OrderNA SexNA - NANA OrderNA SexNA"
"NR X3 Order2 F - PR X0 Order2 M",-4.86666666666669,0.713790638789409,19,-6.81805896883233,0.0010145797289316,"NANA OrderNA SexNA - NANA OrderNA SexNA"
"NR X3 Order2 F - NR X1 Order2 M",-4.26666666666668,0.723104499335376,19,-5.900484190858,0.00578566624845855,"NANA OrderNA SexNA - NANA OrderNA SexNA"
"NR X3 Order2 F - PR X1 Order2 M",-4,0.707774289194263,19,-5.65151922169091,0.00931246329618307,"NANA OrderNA SexNA - NANA OrderNA SexNA"
"NR X3 Order2 F - NR X2 Order2 M",-4.31666666666668,0.734556396347622,19,-5.876562627635,0.00605645032126989,"NANA OrderNA SexNA - NANA OrderNA SexNA"
"NR X3 Order2 F - PR X2 Order2 M",-3.63333333333335,0.683598579243594,19,-5.31501007119362,0.0176756512971561,"NANA OrderNA SexNA - NANA OrderNA SexNA"
"NR X3 Order2 F - NR X3 Order2 M",-3.78333333333333,0.707908541355433,19,-5.34438152997756,0.0167179476814321,"NANA OrderNA SexNA - NANA OrderNA SexNA"
"NR X3 Order2 F - PR X3 Order2 M",-3.23333333333333,0.708166647054208,19,-4.56578031002049,0.0707473278573474,"NANA OrderNA SexNA - NANA OrderNA SexNA"
"NR X3 Order2 F - NR X4 Order2 M",-4.38333333333333,0.730326771371867,19,-6.00187957658946,0.00476627824397458,"NANA OrderNA SexNA - NANA OrderNA SexNA"
"NR X3 Order2 F - PR X4 Order2 M",-2.96666666666668,0.706451059462157,19,-4.19939446184042,0.133512644811284,"NANA OrderNA SexNA - NANA OrderNA SexNA"
"NR X3 Order2 F - NR X5 Order2 M",-4.58333333333335,0.757386627109284,19,-6.05151077307312,0.00433513021108167,"NANA OrderNA SexNA - NANA OrderNA SexNA"
"NR X3 Order2 F - PR X5 Order2 M",-3.03333333333334,0.754146432800198,19,-4.0222073610696,0.178483467224693,"NANA OrderNA SexNA - NANA OrderNA SexNA"
"NR X3 Order2 F - NR X6 Order2 M",-4.21666666666668,0.707468512307391,19,-5.96021814866943,0.00516129055504921,"NANA OrderNA SexNA - NANA OrderNA SexNA"
"NR X3 Order2 F - PR X6 Order2 M",-3.23333333333335,0.794505988701074,19,-4.06961480380969,0.165356493293795,"NANA OrderNA SexNA - NANA OrderNA SexNA"
"PR X3 Order2 F - NR X4 Order2 F",-1.3,0.407768137304976,19,-3.18808627028086,0.552611729457255,"NANA OrderNA SexNA - NANA OrderNA SexNA"
"PR X3 Order2 F - PR X4 Order2 F",-0.183333333333345,0.185954153942366,19,-0.985906092692966,1,"NANA OrderNA SexNA - NANA OrderNA SexNA"
"PR X3 Order2 F - NR X5 Order2 F",-1.13333333333334,0.454368014276601,19,-2.49430703245633,0.904529281264464,"NANA OrderNA SexNA - NANA OrderNA SexNA"
"PR X3 Order2 F - PR X5 Order2 F",-0.38333333333334,0.237930895663239,19,-1.61111205110538,0.999799804990842,"NANA OrderNA SexNA - NANA OrderNA SexNA"
"PR X3 Order2 F - NR X6 Order2 F",-1.31666666666667,0.376526134318139,19,-3.49687988869898,0.384407037866636,"NANA OrderNA SexNA - NANA OrderNA SexNA"
"PR X3 Order2 F - PR X6 Order2 F",-0.733333333333345,0.279562105372374,19,-2.62314998793042,0.855761826801349,"NANA OrderNA SexNA - NANA OrderNA SexNA"
"PR X3 Order2 F - NR X0 Order1 M",-6.56666666666667,0.7474283395798,19,-8.78568060499072,3.01327939917773e-05,"NANA OrderNA SexNA - NANA OrderNA SexNA"
"PR X3 Order2 F - PR X0 Order1 M",-5.91666666666668,0.714046618295623,19,-8.28610697826611,7.10668409454884e-05,"NANA OrderNA SexNA - NANA OrderNA SexNA"
"PR X3 Order2 F - NR X1 Order1 M",-5.70000000000001,0.723357182887603,19,-7.87992451702203,0.000145378572301125,"NANA OrderNA SexNA - NANA OrderNA SexNA"
"PR X3 Order2 F - PR X1 Order1 M",-5.61666666666667,0.708032443833238,19,-7.93278149269323,0.00013233001736157,"NANA OrderNA SexNA - NANA OrderNA SexNA"
"PR X3 Order2 F - NR X2 Order1 M",-6.05000000000001,0.734805141851382,19,-8.23347531939788,7.7902219817072e-05,"NANA OrderNA SexNA - NANA OrderNA SexNA"
"PR X3 Order2 F - PR X2 Order1 M",-5.25000000000001,0.683865860106998,19,-7.67694412933349,0.00020913018501667,"NANA OrderNA SexNA - NANA OrderNA SexNA"
"PR X3 Order2 F - NR X3 Order1 M",-5.76666666666667,0.708166647054208,19,-8.14309271787159,9.12670874337884e-05,"NANA OrderNA SexNA - NANA OrderNA SexNA"
"PR X3 Order2 F - PR X3 Order1 M",-5.66666666666667,0.708424658715395,19,-7.99896869335715,0.000117674120679867,"NANA OrderNA SexNA - NANA OrderNA SexNA"
"PR X3 Order2 F - NR X4 Order1 M",-5.78333333333333,0.730576956972008,19,-7.91611790947154,0.000136308067773538,"NANA OrderNA SexNA - NANA OrderNA SexNA"
"PR X3 Order2 F - PR X4 Order1 M",-5.75000000000001,0.706709697465111,19,-8.13629701223094,9.23630933014064e-05,"NANA OrderNA SexNA - NANA OrderNA SexNA"
"PR X3 Order2 F - NR X5 Order1 M",-5.91666666666668,0.757627876995033,19,-7.8094627274459,0.000164864151406929,"NANA OrderNA SexNA - NANA OrderNA SexNA"
"PR X3 Order2 F - PR X5 Order1 M",-5.90000000000001,0.754388718885222,19,-7.82090168145485,0.00016152662995883,"NANA OrderNA SexNA - NANA OrderNA SexNA"
"PR X3 Order2 F - NR X6 Order1 M",-5.90000000000001,0.707726778483375,19,-8.33655045898281,6.50958457066864e-05,"NANA OrderNA SexNA - NANA OrderNA SexNA"
"PR X3 Order2 F - PR X6 Order1 M",-5.78333333333334,0.794735970721029,19,-7.27704992148069,0.000432887648861069,"NANA OrderNA SexNA - NANA OrderNA SexNA"
"PR X3 Order2 F - NR X0 Order2 M",-4.73333333333334,0.7474283395798,19,-6.33282561374966,0.00253605081357899,"NANA OrderNA SexNA - NANA OrderNA SexNA"
"PR X3 Order2 F - PR X0 Order2 M",-6.23333333333335,0.714046618295623,19,-8.72958876020149,3.31388290659707e-05,"NANA OrderNA SexNA - NANA OrderNA SexNA"
"PR X3 Order2 F - NR X1 Order2 M",-5.63333333333335,0.723357182887603,19,-7.78776165717382,0.000171392378363833,"NANA OrderNA SexNA - NANA OrderNA SexNA"
"PR X3 Order2 F - PR X1 Order2 M",-5.36666666666667,0.708032443833238,19,-7.57969032833002,0.000249273266843764,"NANA OrderNA SexNA - NANA OrderNA SexNA"
"PR X3 Order2 F - NR X2 Order2 M",-5.68333333333335,0.734805141851382,19,-7.73447681519196,0.00018857531981209,"NANA OrderNA SexNA - NANA OrderNA SexNA"
"PR X3 Order2 F - PR X2 Order2 M",-5.00000000000002,0.683865860106998,19,-7.31137536127,0.000406453932714101,"NANA OrderNA SexNA - NANA OrderNA SexNA"
"PR X3 Order2 F - NR X3 Order2 M",-5.15,0.708166647054208,19,-7.27229956596046,0.000436682310804293,"NANA OrderNA SexNA - NANA OrderNA SexNA"
"PR X3 Order2 F - PR X3 Order2 M",-4.6,0.708424658715395,19,-6.49328046872522,0.00187051011622841,"NANA OrderNA SexNA - NANA OrderNA SexNA"
"PR X3 Order2 F - NR X4 Order2 M",-5.75,0.730576956972008,19,-7.87049186964749,0.000147843130817504,"NANA OrderNA SexNA - NANA OrderNA SexNA"
"PR X3 Order2 F - PR X4 Order2 M",-4.33333333333335,0.706709697465111,19,-6.13170209617405,0.00371980118353876,"NANA OrderNA SexNA - NANA OrderNA SexNA"
"PR X3 Order2 F - NR X5 Order2 M",-5.95000000000001,0.757627876995033,19,-7.85345970055828,0.000152402892209857,"NANA OrderNA SexNA - NANA OrderNA SexNA"
"PR X3 Order2 F - PR X5 Order2 M",-4.40000000000001,0.754388718885222,19,-5.83253684718667,0.0065884041936255,"NANA OrderNA SexNA - NANA OrderNA SexNA"
"PR X3 Order2 F - NR X6 Order2 M",-5.58333333333335,0.707726778483375,19,-7.8891084851956,0.000143019640248987,"NANA OrderNA SexNA - NANA OrderNA SexNA"
"PR X3 Order2 F - PR X6 Order2 M",-4.60000000000002,0.794735970721029,19,-5.78808581650915,0.00717291017705624,"NANA OrderNA SexNA - NANA OrderNA SexNA"
"NR X4 Order2 F - PR X4 Order2 F",1.11666666666665,0.354395952612428,19,3.15090129679854,0.574174905821895,"NANA OrderNA SexNA - NANA OrderNA SexNA"
"NR X4 Order2 F - NR X5 Order2 F",0.166666666666654,0.140633487398194,19,1.18511365784985,0.99999988600256,"NANA OrderNA SexNA - NANA OrderNA SexNA"
"NR X4 Order2 F - PR X5 Order2 F",0.916666666666655,0.464905825840659,19,1.97172548872475,0.993601066257239,"NANA OrderNA SexNA - NANA OrderNA SexNA"
"NR X4 Order2 F - NR X6 Order2 F",-0.0166666666666776,0.139862087460369,19,-0.119165007253308,1,"NANA OrderNA SexNA - NANA OrderNA SexNA"
"NR X4 Order2 F - PR X6 Order2 F",0.56666666666665,0.501229482524768,19,1.13055334217825,1,"NANA OrderNA SexNA - NANA OrderNA SexNA"
"NR X4 Order2 F - NR X0 Order1 M",-5.26666666666668,0.768457100812708,19,-6.85355976422982,0.000949350299634832,"NANA OrderNA SexNA - NANA OrderNA SexNA"
"NR X4 Order2 F - PR X0 Order1 M",-4.61666666666668,0.736029731792046,19,-6.27239154514352,0.00284498079964957,"NANA OrderNA SexNA - NANA OrderNA SexNA"
"NR X4 Order2 F - NR X1 Order1 M",-4.40000000000001,0.745065639402022,19,-5.9055199532908,0.00573022682485991,"NANA OrderNA SexNA - NANA OrderNA SexNA"
"NR X4 Order2 F - PR X1 Order1 M",-4.31666666666667,0.730196640983046,19,-5.91164958093377,0.00566346268946405,"NANA OrderNA SexNA - NANA OrderNA SexNA"
"NR X4 Order2 F - NR X2 Order1 M",-4.75000000000001,0.756185023306919,19,-6.28153144216941,0.00279592339706314,"NANA OrderNA SexNA - NANA OrderNA SexNA"
"NR X4 Order2 F - PR X2 Order1 M",-3.95000000000002,0.706788304658714,19,-5.58866066962914,0.0105001852952942,"NANA OrderNA SexNA - NANA OrderNA SexNA"
"NR X4 Order2 F - NR X3 Order1 M",-4.46666666666667,0.730326771371867,19,-6.11598375104935,0.00383305854708405,"NANA OrderNA SexNA - NANA OrderNA SexNA"
"NR X4 Order2 F - PR X3 Order1 M",-4.36666666666667,0.730576956972008,19,-5.9770112169497,0.0049982591357931,"NANA OrderNA SexNA - NANA OrderNA SexNA"
"NR X4 Order2 F - NR X4 Order1 M",-4.48333333333334,0.752077045947378,19,-5.96126867252777,0.0051509370801347,"NANA OrderNA SexNA - NANA OrderNA SexNA"
"NR X4 Order2 F - PR X4 Order1 M",-4.45000000000002,0.728914116665114,19,-6.10497162595698,0.00391446896865655,"NANA OrderNA SexNA - NANA OrderNA SexNA"
"NR X4 Order2 F - NR X5 Order1 M",-4.61666666666668,0.778381136065396,19,-5.93111324614476,0.00545658847119301,"NANA OrderNA SexNA - NANA OrderNA SexNA"
"NR X4 Order2 F - PR X5 Order1 M",-4.60000000000001,0.775228696684883,19,-5.93373287092058,0.00542932979688637,"NANA OrderNA SexNA - NANA OrderNA SexNA"
"NR X4 Order2 F - NR X6 Order1 M",-4.60000000000001,0.729900257545449,19,-6.30223095888356,0.00268795829460411,"NANA OrderNA SexNA - NANA OrderNA SexNA"
"NR X4 Order2 F - PR X6 Order1 M",-4.48333333333335,0.814544324233096,19,-5.50409989972549,0.0123380686531896,"NANA OrderNA SexNA - NANA OrderNA SexNA"
"NR X4 Order2 F - NR X0 Order2 M",-3.43333333333334,0.768457100812708,19,-4.46782693490931,0.0841641909464004,"NANA OrderNA SexNA - NANA OrderNA SexNA"
"NR X4 Order2 F - PR X0 Order2 M",-4.93333333333336,0.736029731792046,19,-6.70262778831222,0.00126003474645542,"NANA OrderNA SexNA - NANA OrderNA SexNA"
"NR X4 Order2 F - NR X1 Order2 M",-4.33333333333335,0.745065639402022,19,-5.81604237824095,0.00679952519333005,"NANA OrderNA SexNA - NANA OrderNA SexNA"
"NR X4 Order2 F - PR X1 Order2 M",-4.06666666666667,0.730196640983046,19,-5.56927605308047,0.0108959328803927,"NANA OrderNA SexNA - NANA OrderNA SexNA"
"NR X4 Order2 F - NR X2 Order2 M",-4.38333333333335,0.756185023306919,19,-5.79664129575634,0.00705651935160889,"NANA OrderNA SexNA - NANA OrderNA SexNA"
"NR X4 Order2 F - PR X2 Order2 M",-3.70000000000002,0.706788304658714,19,-5.23494796901971,0.020567545628571,"NANA OrderNA SexNA - NANA OrderNA SexNA"
"NR X4 Order2 F - NR X3 Order2 M",-3.85,0.730326771371867,19,-5.27161286004626,0.0191898788122912,"NANA OrderNA SexNA - NANA OrderNA SexNA"
"NR X4 Order2 F - PR X3 Order2 M",-3.30000000000001,0.730576956972008,19,-4.51697794258031,0.0771647350111867,"NANA OrderNA SexNA - NANA OrderNA SexNA"
"NR X4 Order2 F - NR X4 Order2 M",-4.45,0.752077045947378,19,-5.91694697236028,0.00560639162479848,"NANA OrderNA SexNA - NANA OrderNA SexNA"
"NR X4 Order2 F - PR X4 Order2 M",-3.03333333333335,0.728914116665114,19,-4.16144133304934,0.142229471300333,"NANA OrderNA SexNA - NANA OrderNA SexNA"
"NR X4 Order2 F - NR X5 Order2 M",-4.65000000000002,0.778381136065396,19,-5.97393716849961,0.00502771139468494,"NANA OrderNA SexNA - NANA OrderNA SexNA"
"NR X4 Order2 F - PR X5 Order2 M",-3.10000000000001,0.775228696684883,19,-3.99881997822909,0.185269907729757,"NANA OrderNA SexNA - NANA OrderNA SexNA"
"NR X4 Order2 F - NR X6 Order2 M",-4.28333333333335,0.729900257545449,19,-5.8683817262068,0.00615193836917671,"NANA OrderNA SexNA - NANA OrderNA SexNA"
"NR X4 Order2 F - PR X6 Order2 M",-3.30000000000002,0.814544324233096,19,-4.05134490760465,0.170316795572962,"NANA OrderNA SexNA - NANA OrderNA SexNA"
"PR X4 Order2 F - NR X5 Order2 F",-0.949999999999998,0.409927964004061,19,-2.31748034635321,0.95272799178829,"NANA OrderNA SexNA - NANA OrderNA SexNA"
"PR X4 Order2 F - PR X5 Order2 F",-0.199999999999996,0.244739986145937,19,-0.817193802898792,1,"NANA OrderNA SexNA - NANA OrderNA SexNA"
"PR X4 Order2 F - NR X6 Order2 F",-1.13333333333333,0.321882256631991,19,-3.52095621918381,0.372521027667647,"NANA OrderNA SexNA - NANA OrderNA SexNA"
"PR X4 Order2 F - PR X6 Order2 F",-0.550000000000001,0.309635703700087,19,-1.77628094379171,0.998772303312859,"NANA OrderNA SexNA - NANA OrderNA SexNA"
"PR X4 Order2 F - NR X0 Order1 M",-6.38333333333333,0.745803072011789,19,-8.5590064896279,4.4337810702233e-05,"NANA OrderNA SexNA - NANA OrderNA SexNA"
"PR X4 Order2 F - PR X0 Order1 M",-5.73333333333334,0.712345191964276,19,-8.0485323660623,0.000107802155199455,"NANA OrderNA SexNA - NANA OrderNA SexNA"
"PR X4 Order2 F - NR X1 Order1 M",-5.51666666666666,0.721677707463861,19,-7.64422485218988,0.000221834953699096,"NANA OrderNA SexNA - NANA OrderNA SexNA"
"PR X4 Order2 F - PR X1 Order1 M",-5.43333333333332,0.706316530272138,19,-7.69249069003086,0.000203358272494181,"NANA OrderNA SexNA - NANA OrderNA SexNA"
"PR X4 Order2 F - NR X2 Order1 M",-5.86666666666667,0.73315189142935,19,-8.0019798560828,0.000117048575558276,"NANA OrderNA SexNA - NANA OrderNA SexNA"
"PR X4 Order2 F - PR X2 Order1 M",-5.06666666666667,0.68208915402247,19,-7.42815896835058,0.000328282641497091,"NANA OrderNA SexNA - NANA OrderNA SexNA"
"PR X4 Order2 F - NR X3 Order1 M",-5.58333333333332,0.706451059462158,19,-7.90335474559849,0.000139438186959162,"NANA OrderNA SexNA - NANA OrderNA SexNA"
"PR X4 Order2 F - PR X3 Order1 M",-5.48333333333332,0.706709697465111,19,-7.7589614986202,0.000180469545658313,"NANA OrderNA SexNA - NANA OrderNA SexNA"
"PR X4 Order2 F - NR X4 Order1 M",-5.59999999999999,0.728914116665114,19,-7.68266092255255,0.00020698838499833,"NANA OrderNA SexNA - NANA OrderNA SexNA"
"PR X4 Order2 F - PR X4 Order1 M",-5.56666666666667,0.704990564409506,19,-7.89608676724526,0.000141253634460048,"NANA OrderNA SexNA - NANA OrderNA SexNA"
"PR X4 Order2 F - NR X5 Order1 M",-5.73333333333333,0.756024536252102,19,-7.58352812430615,0.000247547858395758,"NANA OrderNA SexNA - NANA OrderNA SexNA"
"PR X4 Order2 F - PR X5 Order1 M",-5.71666666666666,0.752778479100254,19,-7.59408886595617,0.00024286303328469,"NANA OrderNA SexNA - NANA OrderNA SexNA"
"PR X4 Order2 F - NR X6 Order1 M",-5.71666666666666,0.706010122022101,19,-8.09714547759375,9.89473775423466e-05,"NANA OrderNA SexNA - NANA OrderNA SexNA"
"PR X4 Order2 F - PR X6 Order1 M",-5.6,0.793207641524652,19,-7.05994207170779,0.000646321945123152,"NANA OrderNA SexNA - NANA OrderNA SexNA"
"PR X4 Order2 F - NR X0 Order2 M",-4.54999999999999,0.745803072011789,19,-6.10080619234573,0.00394571514444231,"NANA OrderNA SexNA - NANA OrderNA SexNA"
"PR X4 Order2 F - PR X0 Order2 M",-6.05000000000001,0.712345191964276,19,-8.49307339790878,4.96572983996746e-05,"NANA OrderNA SexNA - NANA OrderNA SexNA"
"PR X4 Order2 F - NR X1 Order2 M",-5.45,0.721677707463861,19,-7.55184751258638,0.000262166979955736,"NANA OrderNA SexNA - NANA OrderNA SexNA"
"PR X4 Order2 F - PR X1 Order2 M",-5.18333333333332,0.706316530272138,19,-7.3385417319006,0.000386710589192485,"NANA OrderNA SexNA - NANA OrderNA SexNA"
"PR X4 Order2 F - NR X2 Order2 M",-5.50000000000001,0.73315189142935,19,-7.50185611507763,0.000287065333481329,"NANA OrderNA SexNA - NANA OrderNA SexNA"
"PR X4 Order2 F - PR X2 Order2 M",-4.81666666666667,0.68208915402247,19,-7.06163796662276,0.000644291918547868,"NANA OrderNA SexNA - NANA OrderNA SexNA"
"PR X4 Order2 F - NR X3 Order2 M",-4.96666666666665,0.706451059462157,19,-7.03044690802492,0.000682693961603698,"NANA OrderNA SexNA - NANA OrderNA SexNA"
"PR X4 Order2 F - PR X3 Order2 M",-4.41666666666666,0.706709697465111,19,-6.24961944417736,0.00297102544170047,"NANA OrderNA SexNA - NANA OrderNA SexNA"
"PR X4 Order2 F - NR X4 Order2 M",-5.56666666666665,0.728914116665114,19,-7.63693079801355,0.000224773866745687,"NANA OrderNA SexNA - NANA OrderNA SexNA"
"PR X4 Order2 F - PR X4 Order2 M",-4.15,0.704990564409506,19,-5.88660360791638,0.00594127732958571,"NANA OrderNA SexNA - NANA OrderNA SexNA"
"PR X4 Order2 F - NR X5 Order2 M",-5.76666666666667,0.756024536252102,19,-7.62761840409864,0.000228584309433399,"NANA OrderNA SexNA - NANA OrderNA SexNA"
"PR X4 Order2 F - PR X5 Order2 M",-4.21666666666666,0.752778479100254,19,-5.60147079617176,0.0102465184968833,"NANA OrderNA SexNA - NANA OrderNA SexNA"
"PR X4 Order2 F - NR X6 Order2 M",-5.4,0.706010122022101,19,-7.64861555317894,0.000220084942979537,"NANA OrderNA SexNA - NANA OrderNA SexNA"
"PR X4 Order2 F - PR X6 Order2 M",-4.41666666666667,0.793207641524652,19,-5.5681090744124,0.0109202238434344,"NANA OrderNA SexNA - NANA OrderNA SexNA"
"NR X5 Order2 F - PR X5 Order2 F",0.750000000000002,0.502784643421832,19,1.49169233749003,0.999960401874219,"NANA OrderNA SexNA - NANA OrderNA SexNA"
"NR X5 Order2 F - NR X6 Order2 F",-0.183333333333331,0.197750507351801,19,-0.927094123744414,1,"NANA OrderNA SexNA - NANA OrderNA SexNA"
"NR X5 Order2 F - PR X6 Order2 F",0.399999999999997,0.546089232902827,19,0.73248102306235,1,"NANA OrderNA SexNA - NANA OrderNA SexNA"
"NR X5 Order2 F - NR X0 Order1 M",-5.43333333333333,0.794218877722631,19,-6.8411032345555,0.000971736228519648,"NANA OrderNA SexNA - NANA OrderNA SexNA"
"NR X5 Order2 F - PR X0 Order1 M",-4.78333333333334,0.762887328524595,19,-6.27003904047559,0.00285774779302261,"NANA OrderNA SexNA - NANA OrderNA SexNA"
"NR X5 Order2 F - NR X1 Order1 M",-4.56666666666666,0.771608784915689,19,-5.91837049543915,0.00559115390584897,"NANA OrderNA SexNA - NANA OrderNA SexNA"
"NR X5 Order2 F - PR X1 Order1 M",-4.48333333333333,0.75726114679445,19,-5.920458684975,0.00556887652585025,"NANA OrderNA SexNA - NANA OrderNA SexNA"
"NR X5 Order2 F - NR X2 Order1 M",-4.91666666666667,0.782351007806091,19,-6.28447668323996,0.00278029798751922,"NANA OrderNA SexNA - NANA OrderNA SexNA"
"NR X5 Order2 F - PR X2 Order1 M",-4.11666666666667,0.734715603171636,19,-5.60307505230018,0.0102151825098789,"NANA OrderNA SexNA - NANA OrderNA SexNA"
"NR X5 Order2 F - NR X3 Order1 M",-4.63333333333333,0.757386627109284,19,-6.11752725423389,0.00382178481326156,"NANA OrderNA SexNA - NANA OrderNA SexNA"
"NR X5 Order2 F - PR X3 Order1 M",-4.53333333333333,0.757627876995033,19,-5.98358834328247,0.00493582455692454,"NANA OrderNA SexNA - NANA OrderNA SexNA"
"NR X5 Order2 F - NR X4 Order1 M",-4.64999999999999,0.778381136065396,19,-5.97393716849957,0.00502771139468516,"NANA OrderNA SexNA - NANA OrderNA SexNA"
"NR X5 Order2 F - PR X4 Order1 M",-4.61666666666667,0.756024536252102,19,-6.10650375125816,0.00390303881715248,"NANA OrderNA SexNA - NANA OrderNA SexNA"
"NR X5 Order2 F - NR X5 Order1 M",-4.78333333333333,0.803824920566648,19,-5.9507153995193,0.00525589917873603,"NANA OrderNA SexNA - NANA OrderNA SexNA"
"NR X5 Order2 F - PR X5 Order1 M",-4.76666666666666,0.80077265319519,19,-5.95258422930282,0.00523715680123193,"NANA OrderNA SexNA - NANA OrderNA SexNA"
"NR X5 Order2 F - NR X6 Order1 M",-4.76666666666667,0.756975360171277,19,-6.29699051972859,0.00271488648921003,"NANA OrderNA SexNA - NANA OrderNA SexNA"
"NR X5 Order2 F - PR X6 Order1 M",-4.65,0.838891987136528,19,-5.54302588569513,0.011455506225616,"NANA OrderNA SexNA - NANA OrderNA SexNA"
"NR X5 Order2 F - NR X0 Order2 M",-3.59999999999999,0.794218877722631,19,-4.53275551737419,0.0750336708986599,"NANA OrderNA SexNA - NANA OrderNA SexNA"
"NR X5 Order2 F - PR X0 Order2 M",-5.10000000000001,0.762887328524595,19,-6.68512873305064,0.00130220841522866,"NANA OrderNA SexNA - NANA OrderNA SexNA"
"NR X5 Order2 F - NR X1 Order2 M",-4.5,0.771608784915689,19,-5.83197092616267,0.006595537944871,"NANA OrderNA SexNA - NANA OrderNA SexNA"
"NR X5 Order2 F - PR X1 Order2 M",-4.23333333333333,0.75726114679445,19,-5.59032158358234,0.010466947467588,"NANA OrderNA SexNA - NANA OrderNA SexNA"
"NR X5 Order2 F - NR X2 Order2 M",-4.55000000000001,0.782351007806091,19,-5.81580384584581,0.00680262738290471,"NANA OrderNA SexNA - NANA OrderNA SexNA"
"NR X5 Order2 F - PR X2 Order2 M",-3.86666666666668,0.734715603171636,19,-5.26280733657345,0.0195122708692671,"NANA OrderNA SexNA - NANA OrderNA SexNA"
"NR X5 Order2 F - NR X3 Order2 M",-4.01666666666665,0.757386627109284,19,-5.30332398658405,0.0180714824606125,"NANA OrderNA SexNA - NANA OrderNA SexNA"
"NR X5 Order2 F - PR X3 Order2 M",-3.46666666666666,0.757627876995033,19,-4.57568520368659,0.0695065195372752,"NANA OrderNA SexNA - NANA OrderNA SexNA"
"NR X5 Order2 F - NR X4 Order2 M",-4.61666666666665,0.778381136065396,19,-5.93111324614473,0.00545658847119324,"NANA OrderNA SexNA - NANA OrderNA SexNA"
"NR X5 Order2 F - PR X4 Order2 M",-3.20000000000001,0.756024536252102,19,-4.23266686007786,0.126255579478708,"NANA OrderNA SexNA - NANA OrderNA SexNA"
"NR X5 Order2 F - NR X5 Order2 M",-4.81666666666667,0.803824920566648,19,-5.99218379951596,0.00485540944699059,"NANA OrderNA SexNA - NANA OrderNA SexNA"
"NR X5 Order2 F - PR X5 Order2 M",-3.26666666666667,0.80077265319519,19,-4.07939338791382,0.162751645323191,"NANA OrderNA SexNA - NANA OrderNA SexNA"
"NR X5 Order2 F - NR X6 Order2 M",-4.45,0.756975360171277,19,-5.87865898170467,0.00603222129493741,"NANA OrderNA SexNA - NANA OrderNA SexNA"
"NR X5 Order2 F - PR X6 Order2 M",-3.46666666666668,0.838891987136528,19,-4.13243506890534,0.149217096147441,"NANA OrderNA SexNA - NANA OrderNA SexNA"
"PR X5 Order2 F - NR X6 Order2 F",-0.933333333333333,0.448679022795891,19,-2.08018045398551,0.98665196536608,"NANA OrderNA SexNA - NANA OrderNA SexNA"
"PR X5 Order2 F - PR X6 Order2 F",-0.350000000000005,0.229632302065817,19,-1.52417580998552,0.999936624075055,"NANA OrderNA SexNA - NANA OrderNA SexNA"
"PR X5 Order2 F - NR X0 Order1 M",-6.18333333333333,0.791129550018378,19,-7.81582906767886,0.000162997986078772,"NANA OrderNA SexNA - NANA OrderNA SexNA"
"PR X5 Order2 F - PR X0 Order1 M",-5.53333333333334,0.759670596511856,19,-7.28385876554982,0.000427507510190051,"NANA OrderNA SexNA - NANA OrderNA SexNA"
"PR X5 Order2 F - NR X1 Order1 M",-5.31666666666667,0.76842856280877,19,-6.91888214986845,0.000840284423023641,"NANA OrderNA SexNA - NANA OrderNA SexNA"
"PR X5 Order2 F - PR X1 Order1 M",-5.23333333333333,0.754020413268587,19,-6.94057248483163,0.000806970427668974,"NANA OrderNA SexNA - NANA OrderNA SexNA"
"PR X5 Order2 F - NR X2 Order1 M",-5.66666666666667,0.779214629352204,19,-7.27227961746255,0.000436698317707318,"NANA OrderNA SexNA - NANA OrderNA SexNA"
"PR X5 Order2 F - PR X2 Order1 M",-4.86666666666667,0.731374976824575,19,-6.65413340745725,0.00138046845452977,"NANA OrderNA SexNA - NANA OrderNA SexNA"
"PR X5 Order2 F - NR X3 Order1 M",-5.38333333333333,0.754146432800198,19,-7.13831306387625,0.000559007422904823,"NANA OrderNA SexNA - NANA OrderNA SexNA"
"PR X5 Order2 F - PR X3 Order1 M",-5.28333333333333,0.754388718885222,19,-7.00346280514458,0.000717802300438275,"NANA OrderNA SexNA - NANA OrderNA SexNA"
"PR X5 Order2 F - NR X4 Order1 M",-5.39999999999999,0.775228696684883,19,-6.96568641368935,0.000770078486050485,"NANA OrderNA SexNA - NANA OrderNA SexNA"
"PR X5 Order2 F - PR X4 Order1 M",-5.36666666666667,0.752778479100254,19,-7.12914464967315,0.000568565227642481,"NANA OrderNA SexNA - NANA OrderNA SexNA"
"PR X5 Order2 F - NR X5 Order1 M",-5.53333333333333,0.80077265319519,19,-6.90999288156831,0.000854340111657637,"NANA OrderNA SexNA - NANA OrderNA SexNA"
"PR X5 Order2 F - PR X5 Order1 M",-5.51666666666667,0.797708707039449,19,-6.9156405314175,0.00084538250073618,"NANA OrderNA SexNA - NANA OrderNA SexNA"
"PR X5 Order2 F - NR X6 Order1 M",-5.51666666666667,0.7537333978853,19,-7.31912196294395,0.000400720860875947,"NANA OrderNA SexNA - NANA OrderNA SexNA"
"PR X5 Order2 F - PR X6 Order1 M",-5.4,0.835967765684275,19,-6.45957921066475,0.00199379717410952,"NANA OrderNA SexNA - NANA OrderNA SexNA"
"PR X5 Order2 F - NR X0 Order2 M",-4.35,0.791129550018378,19,-5.49846734949914,0.01247122533389,"NANA OrderNA SexNA - NANA OrderNA SexNA"
"PR X5 Order2 F - PR X0 Order2 M",-5.85000000000001,0.759670596511856,19,-7.70070610454214,0.000200374618261612,"NANA OrderNA SexNA - NANA OrderNA SexNA"
"PR X5 Order2 F - NR X1 Order2 M",-5.25,0.76842856280877,19,-6.8321250069234,0.00098820457341664,"NANA OrderNA SexNA - NANA OrderNA SexNA"
"PR X5 Order2 F - PR X1 Order2 M",-4.98333333333333,0.754020413268587,19,-6.60901647440973,0.00150302459862861,"NANA OrderNA SexNA - NANA OrderNA SexNA"
"PR X5 Order2 F - NR X2 Order2 M",-5.30000000000001,0.779214629352204,19,-6.80172034809734,0.00104611927955101,"NANA OrderNA SexNA - NANA OrderNA SexNA"
"PR X5 Order2 F - PR X2 Order2 M",-4.61666666666668,0.731374976824575,19,-6.3123114858413,0.0026369161692732,"NANA OrderNA SexNA - NANA OrderNA SexNA"
"PR X5 Order2 F - NR X3 Order2 M",-4.76666666666666,0.754146432800198,19,-6.32061156739507,0.00259562578675177,"NANA OrderNA SexNA - NANA OrderNA SexNA"
"PR X5 Order2 F - PR X3 Order2 M",-4.21666666666666,0.754388718885222,19,-5.58951447855388,0.0104830860100061,"NANA OrderNA SexNA - NANA OrderNA SexNA"
"PR X5 Order2 F - NR X4 Order2 M",-5.36666666666666,0.775228696684883,19,-6.92268834940731,0.000834338486927599,"NANA OrderNA SexNA - NANA OrderNA SexNA"
"PR X5 Order2 F - PR X4 Order2 M",-3.95000000000001,0.752778479100254,19,-5.24722758376565,0.0200957093771839,"NANA OrderNA SexNA - NANA OrderNA SexNA"
"PR X5 Order2 F - NR X5 Order2 M",-5.56666666666667,0.80077265319519,19,-6.9516193447103,0.000790525290751742,"NANA OrderNA SexNA - NANA OrderNA SexNA"
"PR X5 Order2 F - PR X5 Order2 M",-4.01666666666667,0.797708707039449,19,-5.03525488843389,0.0299376316564742,"NANA OrderNA SexNA - NANA OrderNA SexNA"
"PR X5 Order2 F - NR X6 Order2 M",-5.2,0.7537333978853,19,-6.8989910949804,0.00087206911898674,"NANA OrderNA SexNA - NANA OrderNA SexNA"
"PR X5 Order2 F - PR X6 Order2 M",-4.21666666666668,0.835967765684275,19,-5.04405413672279,0.0294491603930932,"NANA OrderNA SexNA - NANA OrderNA SexNA"
"NR X6 Order2 F - PR X6 Order2 F",0.583333333333328,0.48283701074728,19,1.20813715674056,0.999999803009304,"NANA OrderNA SexNA - NANA OrderNA SexNA"
"NR X6 Order2 F - NR X0 Order1 M",-5.25,0.7467669105641,19,-7.03030614470344,0.00068287247441956,"NANA OrderNA SexNA - NANA OrderNA SexNA"
"NR X6 Order2 F - PR X0 Order1 M",-4.60000000000001,0.713354238093424,19,-6.44840915544904,0.00203645337423686,"NANA OrderNA SexNA - NANA OrderNA SexNA"
"NR X6 Order2 F - NR X1 Order1 M",-4.38333333333333,0.722673723018571,19,-6.06543893006705,0.00422133957696014,"NANA OrderNA SexNA - NANA OrderNA SexNA"
"NR X6 Order2 F - PR X1 Order1 M",-4.3,0.707334176628629,19,-6.07916334609351,0.00411215281165034,"NANA OrderNA SexNA - NANA OrderNA SexNA"
"NR X6 Order2 F - NR X2 Order1 M",-4.73333333333334,0.734132339839121,19,-6.44752053065883,0.00203988633877727,"NANA OrderNA SexNA - NANA OrderNA SexNA"
"NR X6 Order2 F - PR X2 Order1 M",-3.93333333333334,0.683142891733726,19,-5.75770220392847,0.00760196480137898,"NANA OrderNA SexNA - NANA OrderNA SexNA"
"NR X6 Order2 F - NR X3 Order1 M",-4.44999999999999,0.707468512307391,19,-6.29003259167879,0.00275106209104148,"NANA OrderNA SexNA - NANA OrderNA SexNA"
"NR X6 Order2 F - PR X3 Order1 M",-4.35,0.707726778483375,19,-6.14643974518223,0.00361667435430368,"NANA OrderNA SexNA - NANA OrderNA SexNA"
"NR X6 Order2 F - NR X4 Order1 M",-4.46666666666666,0.729900257545449,19,-6.11955759775647,0.00380700604929196,"NANA OrderNA SexNA - NANA OrderNA SexNA"
"NR X6 Order2 F - PR X4 Order1 M",-4.43333333333334,0.706010122022101,19,-6.27941894180741,0.00280718550191061,"NANA OrderNA SexNA - NANA OrderNA SexNA"
"NR X6 Order2 F - NR X5 Order1 M",-4.6,0.756975360171277,19,-6.07681602603179,0.00413062376673723,"NANA OrderNA SexNA - NANA OrderNA SexNA"
"NR X6 Order2 F - PR X5 Order1 M",-4.58333333333333,0.7537333978853,19,-6.08084150999875,0.00409899839527839,"NANA OrderNA SexNA - NANA OrderNA SexNA"
"NR X6 Order2 F - NR X6 Order1 M",-4.58333333333333,0.707028209401074,19,-6.48253248228368,0.00190896521450101,"NANA OrderNA SexNA - NANA OrderNA SexNA"
"NR X6 Order2 F - PR X6 Order1 M",-4.46666666666667,0.794113945894623,19,-5.62471757328813,0.0098016226552935,"NANA OrderNA SexNA - NANA OrderNA SexNA"
"NR X6 Order2 F - NR X0 Order2 M",-3.41666666666666,0.7467669105641,19,-4.57527860210859,0.0695570567838969,"NANA OrderNA SexNA - NANA OrderNA SexNA"
"NR X6 Order2 F - PR X0 Order2 M",-4.91666666666668,0.713354238093423,19,-6.89232137991837,0.000882999589577937,"NANA OrderNA SexNA - NANA OrderNA SexNA"
"NR X6 Order2 F - NR X1 Order2 M",-4.31666666666667,0.722673723018571,19,-5.97318890831699,0.00503490675267282,"NANA OrderNA SexNA - NANA OrderNA SexNA"
"NR X6 Order2 F - PR X1 Order2 M",-4.04999999999999,0.707334176628629,19,-5.72572361666947,0.00808122441172343,"NANA OrderNA SexNA - NANA OrderNA SexNA"
"NR X6 Order2 F - NR X2 Order2 M",-4.36666666666668,0.734132339839121,19,-5.94806471490358,0.00528259819695998,"NANA OrderNA SexNA - NANA OrderNA SexNA"
"NR X6 Order2 F - PR X2 Order2 M",-3.68333333333334,0.683142891733726,19,-5.3917465553737,0.0152798579200171,"NANA OrderNA SexNA - NANA OrderNA SexNA"
"NR X6 Order2 F - NR X3 Order2 M",-3.83333333333332,0.707468512307391,19,-5.418380135154,0.0145254192183051,"NANA OrderNA SexNA - NANA OrderNA SexNA"
"NR X6 Order2 F - PR X3 Order2 M",-3.28333333333333,0.707726778483375,19,-4.63926678084635,0.0620096899886484,"NANA OrderNA SexNA - NANA OrderNA SexNA"
"NR X6 Order2 F - NR X4 Order2 M",-4.43333333333332,0.729900257545449,19,-6.07388925747471,0.00415377137955708,"NANA OrderNA SexNA - NANA OrderNA SexNA"
"NR X6 Order2 F - PR X4 Order2 M",-3.01666666666668,0.706010122022101,19,-4.2728377010043,0.117955108209426,"NANA OrderNA SexNA - NANA OrderNA SexNA"
"NR X6 Order2 F - NR X5 Order2 M",-4.63333333333334,0.756975360171277,19,-6.12085092477116,0.00379762201885669,"NANA OrderNA SexNA - NANA OrderNA SexNA"
"NR X6 Order2 F - PR X5 Order2 M",-3.08333333333333,0.7537333978853,19,-4.09074792490825,0.159770322308766,"NANA OrderNA SexNA - NANA OrderNA SexNA"
"NR X6 Order2 F - NR X6 Order2 M",-4.26666666666667,0.707028209401074,19,-6.03464841987136,0.00447702948460138,"NANA OrderNA SexNA - NANA OrderNA SexNA"
"NR X6 Order2 F - PR X6 Order2 M",-3.28333333333334,0.794113945894623,19,-4.13458717140957,0.148688766991897,"NANA OrderNA SexNA - NANA OrderNA SexNA"
"PR X6 Order2 F - NR X0 Order1 M",-5.83333333333333,0.82969204460986,19,-7.03072106238682,0.000682346422305469,"NANA OrderNA SexNA - NANA OrderNA SexNA"
"PR X6 Order2 F - PR X0 Order1 M",-5.18333333333334,0.799751423369342,19,-6.48118050418219,0.00191385890805407,"NANA OrderNA SexNA - NANA OrderNA SexNA"
"PR X6 Order2 F - NR X1 Order1 M",-4.96666666666666,0.80807510796767,19,-6.14629335527728,0.00361768441696531,"NANA OrderNA SexNA - NANA OrderNA SexNA"
"PR X6 Order2 F - PR X1 Order1 M",-4.88333333333332,0.794386371737544,19,-6.14730250552022,0.00361072724281453,"NANA OrderNA SexNA - NANA OrderNA SexNA"
"PR X6 Order2 F - NR X2 Order1 M",-5.31666666666666,0.818338782273638,19,-6.49690175002468,0.00185773137812839,"NANA OrderNA SexNA - NANA OrderNA SexNA"
"PR X6 Order2 F - PR X2 Order1 M",-4.51666666666667,0.772924498707187,19,-5.84360655435474,0.00645040570067656,"NANA OrderNA SexNA - NANA OrderNA SexNA"
"PR X6 Order2 F - NR X3 Order1 M",-5.03333333333332,0.794505988701075,19,-6.33517356056968,0.00252475802177943,"NANA OrderNA SexNA - NANA OrderNA SexNA"
"PR X6 Order2 F - PR X3 Order1 M",-4.93333333333332,0.794735970721029,19,-6.20751232495181,0.00321914375732824,"NANA OrderNA SexNA - NANA OrderNA SexNA"
"PR X6 Order2 F - NR X4 Order1 M",-5.04999999999999,0.814544324233096,19,-6.19978538891008,0.00326689768441313,"NANA OrderNA SexNA - NANA OrderNA SexNA"
"PR X6 Order2 F - PR X4 Order1 M",-5.01666666666667,0.793207641524652,19,-6.32453143923823,0.00257635359156894,"NANA OrderNA SexNA - NANA OrderNA SexNA"
"PR X6 Order2 F - NR X5 Order1 M",-5.18333333333333,0.838891987136528,19,-6.17878512706517,0.00340032630227349,"NANA OrderNA SexNA - NANA OrderNA SexNA"
"PR X6 Order2 F - PR X5 Order1 M",-5.16666666666666,0.835967765684275,19,-6.18046159045083,0.0033894755793118,"NANA OrderNA SexNA - NANA OrderNA SexNA"
"PR X6 Order2 F - NR X6 Order1 M",-5.16666666666666,0.794113945894623,19,-6.50620316313179,0.00182531315638679,"NANA OrderNA SexNA - NANA OrderNA SexNA"
"PR X6 Order2 F - PR X6 Order1 M",-5.05,0.872550874871929,19,-5.78762814344921,0.00717919022136104,"NANA OrderNA SexNA - NANA OrderNA SexNA"
"PR X6 Order2 F - NR X0 Order2 M",-3.99999999999999,0.82969204460986,19,-4.82106587135096,0.0445353161171034,"NANA OrderNA SexNA - NANA OrderNA SexNA"
"PR X6 Order2 F - PR X0 Order2 M",-5.50000000000001,0.799751423369342,19,-6.87713686938947,0.000908408971299624,"NANA OrderNA SexNA - NANA OrderNA SexNA"
"PR X6 Order2 F - NR X1 Order2 M",-4.9,0.808075107967669,19,-6.06379277332726,0.00423463027125792,"NANA OrderNA SexNA - NANA OrderNA SexNA"
"PR X6 Order2 F - PR X1 Order2 M",-4.63333333333332,0.794386371737544,19,-5.83259418612499,0.00658768183483582,"NANA OrderNA SexNA - NANA OrderNA SexNA"
"PR X6 Order2 F - NR X2 Order2 M",-4.95,0.818338782273638,19,-6.04883956036781,0.00435730365146836,"NANA OrderNA SexNA - NANA OrderNA SexNA"
"PR X6 Order2 F - PR X2 Order2 M",-4.26666666666667,0.772924498707187,19,-5.52015969710264,0.0119660770948152,"NANA OrderNA SexNA - NANA OrderNA SexNA"
"PR X6 Order2 F - NR X3 Order2 M",-4.41666666666665,0.794505988701074,19,-5.55900991242041,0.0111114753166494,"NANA OrderNA SexNA - NANA OrderNA SexNA"
"PR X6 Order2 F - PR X3 Order2 M",-3.86666666666666,0.794735970721029,19,-4.8653474979352,0.0410478791264591,"NANA OrderNA SexNA - NANA OrderNA SexNA"
"PR X6 Order2 F - NR X4 Order2 M",-5.01666666666665,0.814544324233096,19,-6.15886271307569,0.00353198575825986,"NANA OrderNA SexNA - NANA OrderNA SexNA"
"PR X6 Order2 F - PR X4 Order2 M",-3.6,0.793207641524652,19,-4.53853418895501,0.0742667879561906,"NANA OrderNA SexNA - NANA OrderNA SexNA"
"PR X6 Order2 F - NR X5 Order2 M",-5.21666666666667,0.838891987136528,19,-6.21852007965081,0.00315232778167929,"NANA OrderNA SexNA - NANA OrderNA SexNA"
"PR X6 Order2 F - PR X5 Order2 M",-3.66666666666666,0.835967765684275,19,-4.38613403193285,0.0970861778846296,"NANA OrderNA SexNA - NANA OrderNA SexNA"
"PR X6 Order2 F - NR X6 Order2 M",-4.85,0.794113945894623,19,-6.10743587248823,0.0038961013410983,"NANA OrderNA SexNA - NANA OrderNA SexNA"
"PR X6 Order2 F - PR X6 Order2 M",-3.86666666666667,0.872550874871929,19,-4.43145125174989,0.0897119947853181,"NANA OrderNA SexNA - NANA OrderNA SexNA"
"NR X0 Order1 M - PR X0 Order1 M",0.649999999999991,0.364527251325691,19,1.78313143293433,0.998688390901633,"NANA OrderNA SexNA - NANA OrderNA SexNA"
"NR X0 Order1 M - NR X1 Order1 M",0.866666666666665,0.135551720777894,19,6.39362349436146,0.00225945853171827,"NANA OrderNA SexNA - NANA OrderNA SexNA"
"NR X0 Order1 M - PR X1 Order1 M",0.950000000000003,0.27702471019474,19,3.42929697257758,0.418887840694597,"NANA OrderNA SexNA - NANA OrderNA SexNA"
"NR X0 Order1 M - NR X2 Order1 M",0.516666666666662,0.183046026870883,19,2.82260519662143,0.760419185369691,"NANA OrderNA SexNA - NANA OrderNA SexNA"
"NR X0 Order1 M - PR X2 Order1 M",1.31666666666666,0.284049662077454,19,4.63533966925698,0.0624500167491966,"NANA OrderNA SexNA - NANA OrderNA SexNA"
"NR X0 Order1 M - NR X3 Order1 M",0.800000000000004,0.24909778722891,19,3.21159015059751,0.539057727326571,"NANA OrderNA SexNA - NANA OrderNA SexNA"
"NR X0 Order1 M - PR X3 Order1 M",0.900000000000003,0.283049393329728,19,3.17965705353617,0.557488443042941,"NANA OrderNA SexNA - NANA OrderNA SexNA"
"NR X0 Order1 M - NR X4 Order1 M",0.783333333333341,0.416002980196253,19,1.88299933083123,0.99679740804879,"NANA OrderNA SexNA - NANA OrderNA SexNA"
"NR X0 Order1 M - PR X4 Order1 M",0.81666666666666,0.343979123533537,19,2.37417509027125,0.939626555647854,"NANA OrderNA SexNA - NANA OrderNA SexNA"
"NR X0 Order1 M - NR X5 Order1 M",0.649999999999996,0.431934313827911,19,1.50485844534909,0.999951950811196,"NANA OrderNA SexNA - NANA OrderNA SexNA"
"NR X0 Order1 M - PR X5 Order1 M",0.666666666666665,0.372132309992496,19,1.79147751690819,0.998579631749822,"NANA OrderNA SexNA - NANA OrderNA SexNA"
"NR X0 Order1 M - NR X6 Order1 M",0.666666666666664,0.407911525781629,19,1.63434133269271,0.999734404357246,"NANA OrderNA SexNA - NANA OrderNA SexNA"
"NR X0 Order1 M - PR X6 Order1 M",0.783333333333327,0.335645489671531,19,2.33381158823231,0.949174755481692,"NANA OrderNA SexNA - NANA OrderNA SexNA"
"NR X0 Order1 M - NR X0 Order2 M",1.83333333333334,0.784495218938912,19,2.33695921794534,0.948469608840587,"NANA OrderNA SexNA - NANA OrderNA SexNA"
"NR X0 Order1 M - PR X0 Order2 M",0.333333333333317,0.752759057620969,19,0.442815440025111,1,"NANA OrderNA SexNA - NANA OrderNA SexNA"
"NR X0 Order1 M - NR X1 Order2 M",0.933333333333327,0.761596507191362,19,1.22549581638091,0.99999970647283,"NANA OrderNA SexNA - NANA OrderNA SexNA"
"NR X0 Order1 M - PR X1 Order2 M",1.2,0.747056602441516,19,1.60630398831653,0.999811416669344,"NANA OrderNA SexNA - NANA OrderNA SexNA"
"NR X0 Order1 M - NR X2 Order2 M",0.883333333333322,0.77247797523439,19,1.14350617318933,1,"NANA OrderNA SexNA - NANA OrderNA SexNA"
"NR X0 Order1 M - PR X2 Order2 M",1.56666666666665,0.724193441250939,19,2.16332622946773,0.978170489815187,"NANA OrderNA SexNA - NANA OrderNA SexNA"
"NR X0 Order1 M - NR X3 Order2 M",1.41666666666668,0.74718379648584,19,1.89600828247287,0.996435427413848,"NANA OrderNA SexNA - NANA OrderNA SexNA"
"NR X0 Order1 M - PR X3 Order2 M",1.96666666666667,0.7474283395798,19,2.63124444514951,0.852331157723193,"NANA OrderNA SexNA - NANA OrderNA SexNA"
"NR X0 Order1 M - NR X4 Order2 M",0.816666666666676,0.768457100812708,19,1.06273553306096,1,"NANA OrderNA SexNA - NANA OrderNA SexNA"
"NR X0 Order1 M - PR X4 Order2 M",2.23333333333332,0.745803072011789,19,2.99453490759826,0.665041183010789,"NANA OrderNA SexNA - NANA OrderNA SexNA"
"NR X0 Order1 M - NR X5 Order2 M",0.616666666666657,0.794218877722631,19,0.776444232142791,1,"NANA OrderNA SexNA - NANA OrderNA SexNA"
"NR X0 Order1 M - PR X5 Order2 M",2.16666666666666,0.791129550018378,19,2.73870021239421,0.803080289912469,"NANA OrderNA SexNA - NANA OrderNA SexNA"
"NR X0 Order1 M - NR X6 Order2 M",0.983333333333327,0.7467669105641,19,1.31678750011905,0.999997996213728,"NANA OrderNA SexNA - NANA OrderNA SexNA"
"NR X0 Order1 M - PR X6 Order2 M",1.96666666666665,0.82969204460986,19,2.37035738674754,0.940577040077079,"NANA OrderNA SexNA - NANA OrderNA SexNA"
"PR X0 Order1 M - NR X1 Order1 M",0.216666666666674,0.343226009456235,19,0.631265290791727,1,"NANA OrderNA SexNA - NANA OrderNA SexNA"
"PR X0 Order1 M - PR X1 Order1 M",0.300000000000012,0.170491206406631,19,1.75962154484668,0.998957543876396,"NANA OrderNA SexNA - NANA OrderNA SexNA"
"PR X0 Order1 M - NR X2 Order1 M",-0.133333333333329,0.323693956968272,19,-0.411911716184428,1,"NANA OrderNA SexNA - NANA OrderNA SexNA"
"PR X0 Order1 M - PR X2 Order1 M",0.666666666666668,0.210047335238835,19,3.17388776157828,0.560830463997223,"NANA OrderNA SexNA - NANA OrderNA SexNA"
"PR X0 Order1 M - NR X3 Order1 M",0.150000000000013,0.297189564801493,19,0.504728354443417,1,"NANA OrderNA SexNA - NANA OrderNA SexNA"
"PR X0 Order1 M - PR X3 Order1 M",0.250000000000012,0.216869001341109,19,1.15276963721888,0.999999949024946,"NANA OrderNA SexNA - NANA OrderNA SexNA"
"PR X0 Order1 M - NR X4 Order1 M",0.13333333333335,0.397216190196706,19,0.335669432978857,1,"NANA OrderNA SexNA - NANA OrderNA SexNA"
"PR X0 Order1 M - PR X4 Order1 M",0.166666666666669,0.205202795143007,19,0.812204661006289,1,"NANA OrderNA SexNA - NANA OrderNA SexNA"
"PR X0 Order1 M - NR X5 Order1 M",4.94049245958195e-15,0.443276608955157,19,1.11453940040444e-14,1,"NANA OrderNA SexNA - NANA OrderNA SexNA"
"PR X0 Order1 M - PR X5 Order1 M",0.0166666666666736,0.298073737884393,19,0.0559145759870254,1,"NANA OrderNA SexNA - NANA OrderNA SexNA"
"PR X0 Order1 M - NR X6 Order1 M",0.0166666666666726,0.364471098012654,19,0.0457283629828283,1,"NANA OrderNA SexNA - NANA OrderNA SexNA"
"PR X0 Order1 M - PR X6 Order1 M",0.133333333333336,0.36243168341937,19,0.367885423469049,1,"NANA OrderNA SexNA - NANA OrderNA SexNA"
"PR X0 Order1 M - NR X0 Order2 M",1.18333333333334,0.752759057620969,19,1.57199481208923,0.999878440240617,"NANA OrderNA SexNA - NANA OrderNA SexNA"
"PR X0 Order1 M - PR X0 Order2 M",-0.316666666666674,0.719624658501088,19,-0.440044213223962,1,"NANA OrderNA SexNA - NANA OrderNA SexNA"
"PR X0 Order1 M - NR X1 Order2 M",0.283333333333336,0.7288639722599,19,0.388732800792497,1,"NANA OrderNA SexNA - NANA OrderNA SexNA"
"PR X0 Order1 M - PR X1 Order2 M",0.550000000000013,0.713657493160311,19,0.770677818521083,1,"NANA OrderNA SexNA - NANA OrderNA SexNA"
"PR X0 Order1 M - NR X2 Order2 M",0.23333333333333,0.740226771006441,19,0.315218717388566,1,"NANA OrderNA SexNA - NANA OrderNA SexNA"
"PR X0 Order1 M - PR X2 Order2 M",0.916666666666663,0.689688038640135,19,1.32910332688104,0.999997457522424,"NANA OrderNA SexNA - NANA OrderNA SexNA"
"PR X0 Order1 M - NR X3 Order2 M",0.766666666666684,0.713790638789409,19,1.07407778276128,1,"NANA OrderNA SexNA - NANA OrderNA SexNA"
"PR X0 Order1 M - PR X3 Order2 M",1.31666666666668,0.714046618295624,19,1.84395056699444,0.997706223937314,"NANA OrderNA SexNA - NANA OrderNA SexNA"
"PR X0 Order1 M - NR X4 Order2 M",0.166666666666685,0.736029731792046,19,0.226440127983545,1,"NANA OrderNA SexNA - NANA OrderNA SexNA"
"PR X0 Order1 M - PR X4 Order2 M",1.58333333333333,0.712345191964276,19,2.22270515923232,0.970009947574885,"NANA OrderNA SexNA - NANA OrderNA SexNA"
"PR X0 Order1 M - NR X5 Order2 M",-0.0333333333333341,0.762887328524595,19,-0.0436936518500051,1,"NANA OrderNA SexNA - NANA OrderNA SexNA"
"PR X0 Order1 M - PR X5 Order2 M",1.51666666666667,0.759670596511856,19,1.99647936043685,0.992354842802598,"NANA OrderNA SexNA - NANA OrderNA SexNA"
"PR X0 Order1 M - NR X6 Order2 M",0.333333333333335,0.713354238093424,19,0.467276025757179,1,"NANA OrderNA SexNA - NANA OrderNA SexNA"
"PR X0 Order1 M - PR X6 Order2 M",1.31666666666666,0.799751423369342,19,1.64634488691444,0.999693794487047,"NANA OrderNA SexNA - NANA OrderNA SexNA"
"NR X1 Order1 M - PR X1 Order1 M",0.0833333333333379,0.270617660415309,19,0.307937527822273,1,"NANA OrderNA SexNA - NANA OrderNA SexNA"
"NR X1 Order1 M - NR X2 Order1 M",-0.350000000000003,0.174139488352036,19,-2.00988301569172,0.991603350108448,"NANA OrderNA SexNA - NANA OrderNA SexNA"
"NR X1 Order1 M - PR X2 Order1 M",0.449999999999994,0.264718762825405,19,1.69991728276848,0.999439293998094,"NANA OrderNA SexNA - NANA OrderNA SexNA"
"NR X1 Order1 M - NR X3 Order1 M",-0.0666666666666609,0.23976718727459,19,-0.278047498594175,1,"NANA OrderNA SexNA - NANA OrderNA SexNA"
"NR X1 Order1 M - PR X3 Order1 M",0.0333333333333383,0.258334748156851,19,0.129031551392767,1,"NANA OrderNA SexNA - NANA OrderNA SexNA"
"NR X1 Order1 M - NR X4 Order1 M",-0.0833333333333238,0.357844423708052,19,-0.232875875135368,1,"NANA OrderNA SexNA - NANA OrderNA SexNA"
"NR X1 Order1 M - PR X4 Order1 M",-0.0500000000000052,0.305150715326586,19,-0.163853458270589,1,"NANA OrderNA SexNA - NANA OrderNA SexNA"
"NR X1 Order1 M - NR X5 Order1 M",-0.216666666666669,0.382076505611574,19,-0.567076654765411,1,"NANA OrderNA SexNA - NANA OrderNA SexNA"
"NR X1 Order1 M - PR X5 Order1 M",-0.2,0.310823279551437,19,-0.643452447605047,1,"NANA OrderNA SexNA - NANA OrderNA SexNA"
"NR X1 Order1 M - NR X6 Order1 M",-0.200000000000001,0.339736740185072,19,-0.588691113863784,1,"NANA OrderNA SexNA - NANA OrderNA SexNA"
"NR X1 Order1 M - PR X6 Order1 M",-0.0833333333333382,0.315491818783464,19,-0.264137858327583,1,"NANA OrderNA SexNA - NANA OrderNA SexNA"
"NR X1 Order1 M - NR X0 Order2 M",0.966666666666671,0.761596507191362,19,1.26926352410881,0.999999236090256,"NANA OrderNA SexNA - NANA OrderNA SexNA"
"NR X1 Order1 M - PR X0 Order2 M",-0.533333333333348,0.7288639722599,19,-0.731732330903537,1,"NANA OrderNA SexNA - NANA OrderNA SexNA"
"NR X1 Order1 M - NR X1 Order2 M",0.0666666666666618,0.73798762252097,19,0.0903357517554672,1,"NANA OrderNA SexNA - NANA OrderNA SexNA"
"NR X1 Order1 M - PR X1 Order2 M",0.33333333333334,0.722973068986344,19,0.461059128800876,1,"NANA OrderNA SexNA - NANA OrderNA SexNA"
"NR X1 Order1 M - NR X2 Order2 M",0.0166666666666565,0.749212061735724,19,0.0222455930942226,1,"NANA OrderNA SexNA - NANA OrderNA SexNA"
"NR X1 Order1 M - PR X2 Order2 M",0.699999999999989,0.699322980874323,19,1.00096810650326,1,"NANA OrderNA SexNA - NANA OrderNA SexNA"
"NR X1 Order1 M - NR X3 Order2 M",0.55000000000001,0.723104499335376,19,0.760609290227801,1,"NANA OrderNA SexNA - NANA OrderNA SexNA"
"NR X1 Order1 M - PR X3 Order2 M",1.10000000000001,0.723357182887603,19,1.52068718749549,0.999939678644666,"NANA OrderNA SexNA - NANA OrderNA SexNA"
"NR X1 Order1 M - NR X4 Order2 M",-0.0499999999999888,0.745065639402022,19,-0.0671081812873803,1,"NANA OrderNA SexNA - NANA OrderNA SexNA"
"NR X1 Order1 M - PR X4 Order2 M",1.36666666666666,0.721677707463861,19,1.8937354618718,0.996500991589538,"NANA OrderNA SexNA - NANA OrderNA SexNA"
"NR X1 Order1 M - NR X5 Order2 M",-0.250000000000008,0.771608784915689,19,-0.323998384786825,1,"NANA OrderNA SexNA - NANA OrderNA SexNA"
"NR X1 Order1 M - PR X5 Order2 M",1.3,0.76842856280877,19,1.69176428742865,0.99948703883887,"NANA OrderNA SexNA - NANA OrderNA SexNA"
"NR X1 Order1 M - NR X6 Order2 M",0.116666666666662,0.722673723018571,19,0.161437538062614,1,"NANA OrderNA SexNA - NANA OrderNA SexNA"
"NR X1 Order1 M - PR X6 Order2 M",1.09999999999999,0.80807510796767,19,1.36125960217549,0.999995366916956,"NANA OrderNA SexNA - NANA OrderNA SexNA"
"PR X1 Order1 M - NR X2 Order1 M",-0.433333333333341,0.282992571142138,19,-1.53125338797566,0.999930000526772,"NANA OrderNA SexNA - NANA OrderNA SexNA"
"PR X1 Order1 M - PR X2 Order1 M",0.366666666666657,0.20365088806712,19,1.80046681920586,0.998454047292276,"NANA OrderNA SexNA - NANA OrderNA SexNA"
"PR X1 Order1 M - NR X3 Order1 M",-0.149999999999999,0.225527322290261,19,-0.665107883500449,1,"NANA OrderNA SexNA - NANA OrderNA SexNA"
"PR X1 Order1 M - PR X3 Order1 M",-0.0499999999999996,0.182301722780272,19,-0.274270584158245,1,"NANA OrderNA SexNA - NANA OrderNA SexNA"
"PR X1 Order1 M - NR X4 Order1 M",-0.166666666666662,0.403689128266667,19,-0.412858942677708,1,"NANA OrderNA SexNA - NANA OrderNA SexNA"
"PR X1 Order1 M - PR X4 Order1 M",-0.133333333333343,0.183054013694933,19,-0.72838246286994,1,"NANA OrderNA SexNA - NANA OrderNA SexNA"
"PR X1 Order1 M - NR X5 Order1 M",-0.300000000000007,0.463743980588605,19,-0.646908666327557,1,"NANA OrderNA SexNA - NANA OrderNA SexNA"
"PR X1 Order1 M - PR X5 Order1 M",-0.283333333333338,0.2796457659003,19,-1.01318656630172,1,"NANA OrderNA SexNA - NANA OrderNA SexNA"
"PR X1 Order1 M - NR X6 Order1 M",-0.283333333333339,0.370214099585853,19,-0.765322913552712,1,"NANA OrderNA SexNA - NANA OrderNA SexNA"
"PR X1 Order1 M - PR X6 Order1 M",-0.166666666666676,0.298872148925772,19,-0.557652050436019,1,"NANA OrderNA SexNA - NANA OrderNA SexNA"
"PR X1 Order1 M - NR X0 Order2 M",0.883333333333333,0.747056602441516,19,1.18241821362189,0.999999893221543,"NANA OrderNA SexNA - NANA OrderNA SexNA"
"PR X1 Order1 M - PR X0 Order2 M",-0.616666666666686,0.713657493160311,19,-0.864093311675159,1,"NANA OrderNA SexNA - NANA OrderNA SexNA"
"PR X1 Order1 M - NR X1 Order2 M",-0.0166666666666761,0.722973068986344,19,-0.0230529564400564,1,"NANA OrderNA SexNA - NANA OrderNA SexNA"
"PR X1 Order1 M - PR X1 Order2 M",0.250000000000002,0.707640011563021,19,0.353286976308486,1,"NANA OrderNA SexNA - NANA OrderNA SexNA"
"PR X1 Order1 M - NR X2 Order2 M",-0.0666666666666813,0.734427015390688,19,-0.0907737123902192,1,"NANA OrderNA SexNA - NANA OrderNA SexNA"
"PR X1 Order1 M - PR X2 Order2 M",0.616666666666651,0.683459551886085,19,0.902272365591919,1,"NANA OrderNA SexNA - NANA OrderNA SexNA"
"PR X1 Order1 M - NR X3 Order2 M",0.466666666666672,0.707774289194263,19,0.659343909197281,1,"NANA OrderNA SexNA - NANA OrderNA SexNA"
"PR X1 Order1 M - PR X3 Order2 M",1.01666666666667,0.708032443833238,19,1.43590406841035,0.999983321056649,"NANA OrderNA SexNA - NANA OrderNA SexNA"
"PR X1 Order1 M - NR X4 Order2 M",-0.133333333333327,0.730196640983046,19,-0.182599214855088,1,"NANA OrderNA SexNA - NANA OrderNA SexNA"
"PR X1 Order1 M - PR X4 Order2 M",1.28333333333332,0.706316530272138,19,1.81693798506862,0.998199552774197,"NANA OrderNA SexNA - NANA OrderNA SexNA"
"PR X1 Order1 M - NR X5 Order2 M",-0.333333333333346,0.75726114679445,19,-0.440182801856894,1,"NANA OrderNA SexNA - NANA OrderNA SexNA"
"PR X1 Order1 M - PR X5 Order2 M",1.21666666666666,0.754020413268587,19,1.61357258405321,0.999793626007345,"NANA OrderNA SexNA - NANA OrderNA SexNA"
"PR X1 Order1 M - NR X6 Order2 M",0.0333333333333238,0.707334176628629,19,0.0471252972565254,1,"NANA OrderNA SexNA - NANA OrderNA SexNA"
"PR X1 Order1 M - PR X6 Order2 M",1.01666666666665,0.794386371737544,19,1.27981383220726,0.999999047603464,"NANA OrderNA SexNA - NANA OrderNA SexNA"
"NR X2 Order1 M - PR X2 Order1 M",0.799999999999997,0.254807575603229,19,3.13962407948855,0.580735405285872,"NANA OrderNA SexNA - NANA OrderNA SexNA"
"NR X2 Order1 M - NR X3 Order1 M",0.283333333333342,0.204867665174179,19,1.38300660132214,0.999993165098216,"NANA OrderNA SexNA - NANA OrderNA SexNA"
"NR X2 Order1 M - PR X3 Order1 M",0.383333333333341,0.259435960390729,19,1.47756437756745,0.999967965630324,"NANA OrderNA SexNA - NANA OrderNA SexNA"
"NR X2 Order1 M - NR X4 Order1 M",0.266666666666679,0.326692623386937,19,0.8162616709923,1,"NANA OrderNA SexNA - NANA OrderNA SexNA"
"NR X2 Order1 M - PR X4 Order1 M",0.299999999999998,0.33319734068005,19,0.900367330026413,1,"NANA OrderNA SexNA - NANA OrderNA SexNA"
"NR X2 Order1 M - NR X5 Order1 M",0.133333333333334,0.356185936067992,19,0.374336322217625,1,"NANA OrderNA SexNA - NANA OrderNA SexNA"
"NR X2 Order1 M - PR X5 Order1 M",0.150000000000003,0.360368557279937,19,0.416240532004799,1,"NANA OrderNA SexNA - NANA OrderNA SexNA"
"NR X2 Order1 M - NR X6 Order1 M",0.150000000000002,0.329366750204618,19,0.4554193764453,1,"NANA OrderNA SexNA - NANA OrderNA SexNA"
"NR X2 Order1 M - PR X6 Order1 M",0.266666666666665,0.382627114527878,19,0.696936146294033,1,"NANA OrderNA SexNA - NANA OrderNA SexNA"
"NR X2 Order1 M - NR X0 Order2 M",1.31666666666667,0.77247797523439,19,1.70447146569734,0.999410989049483,"NANA OrderNA SexNA - NANA OrderNA SexNA"
"NR X2 Order1 M - PR X0 Order2 M",-0.183333333333345,0.740226771006441,19,-0.247671849376749,1,"NANA OrderNA SexNA - NANA OrderNA SexNA"
"NR X2 Order1 M - NR X1 Order2 M",0.416666666666665,0.749212061735724,19,0.556139827355902,1,"NANA OrderNA SexNA - NANA OrderNA SexNA"
"NR X2 Order1 M - PR X1 Order2 M",0.683333333333343,0.734427015390688,19,0.930430551999554,1,"NANA OrderNA SexNA - NANA OrderNA SexNA"
"NR X2 Order1 M - NR X2 Order2 M",0.36666666666666,0.760270804323325,19,0.482284292099063,1,"NANA OrderNA SexNA - NANA OrderNA SexNA"
"NR X2 Order1 M - PR X2 Order2 M",1.04999999999999,0.711157938882137,19,1.47646527246884,0.999968495696961,"NANA OrderNA SexNA - NANA OrderNA SexNA"
"NR X2 Order1 M - NR X3 Order2 M",0.900000000000013,0.734556396347623,19,1.22522927371542,0.999999708239781,"NANA OrderNA SexNA - NANA OrderNA SexNA"
"NR X2 Order1 M - PR X3 Order2 M",1.45000000000001,0.734805141851382,19,1.97331226663256,0.993526432897579,"NANA OrderNA SexNA - NANA OrderNA SexNA"
"NR X2 Order1 M - NR X4 Order2 M",0.300000000000014,0.756185023306919,19,0.396728301610717,1,"NANA OrderNA SexNA - NANA OrderNA SexNA"
"NR X2 Order1 M - PR X4 Order2 M",1.71666666666666,0.73315189142935,19,2.34148842379695,0.947443352516117,"NANA OrderNA SexNA - NANA OrderNA SexNA"
"NR X2 Order1 M - NR X5 Order2 M",0.0999999999999952,0.782351007806091,19,0.127819864743858,1,"NANA OrderNA SexNA - NANA OrderNA SexNA"
"NR X2 Order1 M - PR X5 Order2 M",1.65,0.779214629352204,19,2.11751671214351,0.983232999846594,"NANA OrderNA SexNA - NANA OrderNA SexNA"
"NR X2 Order1 M - NR X6 Order2 M",0.466666666666665,0.734132339839121,19,0.635671038233966,1,"NANA OrderNA SexNA - NANA OrderNA SexNA"
"NR X2 Order1 M - PR X6 Order2 M",1.44999999999999,0.818338782273638,19,1.77188229546127,0.998823742244001,"NANA OrderNA SexNA - NANA OrderNA SexNA"
"PR X2 Order1 M - NR X3 Order1 M",-0.516666666666655,0.274016049386962,19,-1.88553432480528,0.996729362176356,"NANA OrderNA SexNA - NANA OrderNA SexNA"
"PR X2 Order1 M - PR X3 Order1 M",-0.416666666666656,0.196564052920632,19,-2.1197500787944,0.983009134644001,"NANA OrderNA SexNA - NANA OrderNA SexNA"
"PR X2 Order1 M - NR X4 Order1 M",-0.533333333333318,0.405106296064516,19,-1.31652689310062,0.999998006386125,"NANA OrderNA SexNA - NANA OrderNA SexNA"
"PR X2 Order1 M - PR X4 Order1 M",-0.5,0.247820912512166,19,-2.01758598550659,0.991145610797736,"NANA OrderNA SexNA - NANA OrderNA SexNA"
"PR X2 Order1 M - NR X5 Order1 M",-0.666666666666663,0.439011382713531,19,-1.51856351091854,0.999941473097235,"NANA OrderNA SexNA - NANA OrderNA SexNA"
"PR X2 Order1 M - PR X5 Order1 M",-0.649999999999995,0.283817954997472,19,-2.29020042092046,0.958275578917076,"NANA OrderNA SexNA - NANA OrderNA SexNA"
"PR X2 Order1 M - NR X6 Order1 M",-0.649999999999996,0.375203648406806,19,-1.73239253605351,0.999209040759508,"NANA OrderNA SexNA - NANA OrderNA SexNA"
"PR X2 Order1 M - PR X6 Order1 M",-0.533333333333333,0.352538828685571,19,-1.51283572173269,0.999946077673039,"NANA OrderNA SexNA - NANA OrderNA SexNA"
"PR X2 Order1 M - NR X0 Order2 M",0.516666666666676,0.724193441250939,19,0.713437373547887,1,"NANA OrderNA SexNA - NANA OrderNA SexNA"
"PR X2 Order1 M - PR X0 Order2 M",-0.983333333333342,0.689688038640135,19,-1.42576538701786,0.999985862441202,"NANA OrderNA SexNA - NANA OrderNA SexNA"
"PR X2 Order1 M - NR X1 Order2 M",-0.383333333333333,0.699322980874323,19,-0.548149201180366,1,"NANA OrderNA SexNA - NANA OrderNA SexNA"
"PR X2 Order1 M - PR X1 Order2 M",-0.116666666666655,0.683459551886085,19,-0.170700177274134,1,"NANA OrderNA SexNA - NANA OrderNA SexNA"
"PR X2 Order1 M - NR X2 Order2 M",-0.433333333333338,0.711157938882137,19,-0.60933487435223,1,"NANA OrderNA SexNA - NANA OrderNA SexNA"
"PR X2 Order1 M - PR X2 Order2 M",0.249999999999994,0.65839162522297,19,0.37971321387226,1,"NANA OrderNA SexNA - NANA OrderNA SexNA"
"PR X2 Order1 M - NR X3 Order2 M",0.100000000000016,0.683598579243594,19,0.146284680858562,1,"NANA OrderNA SexNA - NANA OrderNA SexNA"
"PR X2 Order1 M - PR X3 Order2 M",0.650000000000011,0.683865860106998,19,0.950478796965113,1,"NANA OrderNA SexNA - NANA OrderNA SexNA"
"PR X2 Order1 M - NR X4 Order2 M",-0.499999999999983,0.706788304658714,19,-0.707425401218852,1,"NANA OrderNA SexNA - NANA OrderNA SexNA"
"PR X2 Order1 M - PR X4 Order2 M",0.916666666666664,0.68208915402247,19,1.34391033966869,0.999996635483428,"NANA OrderNA SexNA - NANA OrderNA SexNA"
"PR X2 Order1 M - NR X5 Order2 M",-0.700000000000002,0.734715603171636,19,-0.95274960403485,1,"NANA OrderNA SexNA - NANA OrderNA SexNA"
"PR X2 Order1 M - PR X5 Order2 M",0.850000000000004,0.731374976824575,19,1.16219453349425,0.999999935259215,"NANA OrderNA SexNA - NANA OrderNA SexNA"
"PR X2 Order1 M - NR X6 Order2 M",-0.333333333333333,0.683142891733726,19,-0.487940864739699,1,"NANA OrderNA SexNA - NANA OrderNA SexNA"
"PR X2 Order1 M - PR X6 Order2 M",0.649999999999995,0.772924498707187,19,0.840961828855472,1,"NANA OrderNA SexNA - NANA OrderNA SexNA"
"NR X3 Order1 M - PR X3 Order1 M",0.0999999999999992,0.213991583154149,19,0.4673080993469,1,"NANA OrderNA SexNA - NANA OrderNA SexNA"
"NR X3 Order1 M - NR X4 Order1 M",-0.0166666666666629,0.325652740818098,19,-0.0511792611503691,1,"NANA OrderNA SexNA - NANA OrderNA SexNA"
"NR X3 Order1 M - PR X4 Order1 M",0.0166666666666558,0.263661798256118,19,0.0632122923263461,1,"NANA OrderNA SexNA - NANA OrderNA SexNA"
"NR X3 Order1 M - NR X5 Order1 M",-0.150000000000008,0.372148024375765,19,-0.403065420679353,1,"NANA OrderNA SexNA - NANA OrderNA SexNA"
"NR X3 Order1 M - PR X5 Order1 M",-0.133333333333339,0.342804054647901,19,-0.38894911400709,1,"NANA OrderNA SexNA - NANA OrderNA SexNA"
"NR X3 Order1 M - NR X6 Order1 M",-0.13333333333334,0.333372804680564,19,-0.399952639991434,1,"NANA OrderNA SexNA - NANA OrderNA SexNA"
"NR X3 Order1 M - PR X6 Order1 M",-0.0166666666666773,0.353735289405455,19,-0.0471162113757155,1,"NANA OrderNA SexNA - NANA OrderNA SexNA"
"NR X3 Order1 M - NR X0 Order2 M",1.03333333333333,0.74718379648584,19,1.38297074721549,0.999993169403866,"NANA OrderNA SexNA - NANA OrderNA SexNA"
"NR X3 Order1 M - PR X0 Order2 M",-0.466666666666687,0.713790638789409,19,-0.6537864764634,1,"NANA OrderNA SexNA - NANA OrderNA SexNA"
"NR X3 Order1 M - NR X1 Order2 M",0.133333333333323,0.723104499335376,19,0.184390130964297,1,"NANA OrderNA SexNA - NANA OrderNA SexNA"
"NR X3 Order1 M - PR X1 Order2 M",0.4,0.707774289194263,19,0.565151922169092,1,"NANA OrderNA SexNA - NANA OrderNA SexNA"
"NR X3 Order1 M - NR X2 Order2 M",0.0833333333333175,0.734556396347623,19,0.113447154973627,1,"NANA OrderNA SexNA - NANA OrderNA SexNA"
"NR X3 Order1 M - PR X2 Order2 M",0.76666666666665,0.683598579243594,19,1.12151588658211,1,"NANA OrderNA SexNA - NANA OrderNA SexNA"
"NR X3 Order1 M - NR X3 Order2 M",0.616666666666671,0.707908541355433,19,0.87111064585538,1,"NANA OrderNA SexNA - NANA OrderNA SexNA"
"NR X3 Order1 M - PR X3 Order2 M",1.16666666666667,0.708166647054208,19,1.64744650361564,0.999689809339117,"NANA OrderNA SexNA - NANA OrderNA SexNA"
"NR X3 Order1 M - NR X4 Order2 M",0.0166666666666721,0.730326771371867,19,0.0228208348919826,1,"NANA OrderNA SexNA - NANA OrderNA SexNA"
"NR X3 Order1 M - PR X4 Order2 M",1.43333333333332,0.706451059462157,19,2.02892091976557,0.990436332020709,"NANA OrderNA SexNA - NANA OrderNA SexNA"
"NR X3 Order1 M - NR X5 Order2 M",-0.183333333333347,0.757386627109284,19,-0.242060430922942,1,"NANA OrderNA SexNA - NANA OrderNA SexNA"
"NR X3 Order1 M - PR X5 Order2 M",1.36666666666666,0.754146432800198,19,1.81220331652585,0.998276077986477,"NANA OrderNA SexNA - NANA OrderNA SexNA"
"NR X3 Order1 M - NR X6 Order2 M",0.183333333333323,0.707468512307391,19,0.259139919507351,1,"NANA OrderNA SexNA - NANA OrderNA SexNA"
"NR X3 Order1 M - PR X6 Order2 M",1.16666666666665,0.794505988701075,19,1.46841771271481,0.999972142545972,"NANA OrderNA SexNA - NANA OrderNA SexNA"
"PR X3 Order1 M - NR X4 Order1 M",-0.116666666666662,0.407768137304976,19,-0.286110306307247,1,"NANA OrderNA SexNA - NANA OrderNA SexNA"
"PR X3 Order1 M - PR X4 Order1 M",-0.0833333333333434,0.185954153942366,19,-0.448139133042284,1,"NANA OrderNA SexNA - NANA OrderNA SexNA"
"PR X3 Order1 M - NR X5 Order1 M",-0.250000000000007,0.454368014276601,19,-0.55021478657126,1,"NANA OrderNA SexNA - NANA OrderNA SexNA"
"PR X3 Order1 M - PR X5 Order1 M",-0.233333333333338,0.237930895663239,19,-0.980676900672841,1,"NANA OrderNA SexNA - NANA OrderNA SexNA"
"PR X3 Order1 M - NR X6 Order1 M",-0.233333333333339,0.37652613431814,19,-0.619700233440339,1,"NANA OrderNA SexNA - NANA OrderNA SexNA"
"PR X3 Order1 M - PR X6 Order1 M",-0.116666666666677,0.279562105372374,19,-0.417319316261687,1,"NANA OrderNA SexNA - NANA OrderNA SexNA"
"PR X3 Order1 M - NR X0 Order2 M",0.933333333333332,0.7474283395798,19,1.24872617735909,0.99999950815598,"NANA OrderNA SexNA - NANA OrderNA SexNA"
"PR X3 Order1 M - PR X0 Order2 M",-0.566666666666686,0.714046618295624,19,-0.793598978200159,1,"NANA OrderNA SexNA - NANA OrderNA SexNA"
"PR X3 Order1 M - NR X1 Order2 M",0.0333333333333235,0.723357182887603,19,0.0460814299240917,1,"NANA OrderNA SexNA - NANA OrderNA SexNA"
"PR X3 Order1 M - PR X1 Order2 M",0.300000000000001,0.708032443833238,19,0.423709397235842,1,"NANA OrderNA SexNA - NANA OrderNA SexNA"
"PR X3 Order1 M - NR X2 Order2 M",-0.0166666666666818,0.734805141851382,19,-0.0226817501911993,1,"NANA OrderNA SexNA - NANA OrderNA SexNA"
"PR X3 Order1 M - PR X2 Order2 M",0.666666666666651,0.683865860106998,19,0.974850048169306,1,"NANA OrderNA SexNA - NANA OrderNA SexNA"
"PR X3 Order1 M - NR X3 Order2 M",0.516666666666672,0.708166647054209,19,0.729583451601219,1,"NANA OrderNA SexNA - NANA OrderNA SexNA"
"PR X3 Order1 M - PR X3 Order2 M",1.06666666666667,0.708424658715395,19,1.50568822463194,0.999951367750758,"NANA OrderNA SexNA - NANA OrderNA SexNA"
"PR X3 Order1 M - NR X4 Order2 M",-0.0833333333333271,0.730576956972008,19,-0.1140650995601,1,"NANA OrderNA SexNA - NANA OrderNA SexNA"
"PR X3 Order1 M - PR X4 Order2 M",1.33333333333332,0.706709697465111,19,1.88667756805353,0.996698286158225,"NANA OrderNA SexNA - NANA OrderNA SexNA"
"PR X3 Order1 M - NR X5 Order2 M",-0.283333333333346,0.757627876995033,19,-0.373974271455172,1,"NANA OrderNA SexNA - NANA OrderNA SexNA"
"PR X3 Order1 M - PR X5 Order2 M",1.26666666666666,0.754388718885222,19,1.67906363782646,0.999554406801328,"NANA OrderNA SexNA - NANA OrderNA SexNA"
"PR X3 Order1 M - NR X6 Order2 M",0.0833333333333234,0.707726778483375,19,0.117747887838726,1,"NANA OrderNA SexNA - NANA OrderNA SexNA"
"PR X3 Order1 M - PR X6 Order2 M",1.06666666666665,0.794735970721029,19,1.34216482701659,0.999996743664741,"NANA OrderNA SexNA - NANA OrderNA SexNA"
"NR X4 Order1 M - PR X4 Order1 M",0.0333333333333187,0.354395952612428,19,0.0940567551282745,1,"NANA OrderNA SexNA - NANA OrderNA SexNA"
"NR X4 Order1 M - NR X5 Order1 M",-0.133333333333345,0.140633487398194,19,-0.948090926280035,1,"NANA OrderNA SexNA - NANA OrderNA SexNA"
"NR X4 Order1 M - PR X5 Order1 M",-0.116666666666676,0.464905825840659,19,-0.250946880383174,1,"NANA OrderNA SexNA - NANA OrderNA SexNA"
"NR X4 Order1 M - NR X6 Order1 M",-0.116666666666677,0.139862087460369,19,-0.834155050772681,1,"NANA OrderNA SexNA - NANA OrderNA SexNA"
"NR X4 Order1 M - PR X6 Order1 M",-1.43999395740835e-14,0.501229482524768,19,-2.87292349634918e-14,1,"NANA OrderNA SexNA - NANA OrderNA SexNA"
"NR X4 Order1 M - NR X0 Order2 M",1.04999999999999,0.768457100812708,19,1.36637425679264,0.999994917117954,"NANA OrderNA SexNA - NANA OrderNA SexNA"
"NR X4 Order1 M - PR X0 Order2 M",-0.450000000000024,0.736029731792046,19,-0.611388345555536,1,"NANA OrderNA SexNA - NANA OrderNA SexNA"
"NR X4 Order1 M - NR X1 Order2 M",0.149999999999986,0.745065639402022,19,0.201324543862167,1,"NANA OrderNA SexNA - NANA OrderNA SexNA"
"NR X4 Order1 M - PR X1 Order2 M",0.416666666666663,0.730196640983046,19,0.570622546422173,1,"NANA OrderNA SexNA - NANA OrderNA SexNA"
"NR X4 Order1 M - NR X2 Order2 M",0.0999999999999804,0.756185023306919,19,0.13224276720354,1,"NANA OrderNA SexNA - NANA OrderNA SexNA"
"NR X4 Order1 M - PR X2 Order2 M",0.783333333333313,0.706788304658714,19,1.10829979524288,1,"NANA OrderNA SexNA - NANA OrderNA SexNA"
"NR X4 Order1 M - NR X3 Order2 M",0.633333333333334,0.730326771371867,19,0.867191725895057,1,"NANA OrderNA SexNA - NANA OrderNA SexNA"
"NR X4 Order1 M - PR X3 Order2 M",1.18333333333333,0.730576956972008,19,1.61972441375354,0.999777430982815,"NANA OrderNA SexNA - NANA OrderNA SexNA"
"NR X4 Order1 M - NR X4 Order2 M",0.033333333333335,0.752077045947378,19,0.044321700167495,1,"NANA OrderNA SexNA - NANA OrderNA SexNA"
"NR X4 Order1 M - PR X4 Order2 M",1.44999999999998,0.728914116665114,19,1.98926041744662,0.992736753109334,"NANA OrderNA SexNA - NANA OrderNA SexNA"
"NR X4 Order1 M - NR X5 Order2 M",-0.166666666666684,0.778381136065396,19,-0.214119611774201,1,"NANA OrderNA SexNA - NANA OrderNA SexNA"
"NR X4 Order1 M - PR X5 Order2 M",1.38333333333332,0.775228696684883,19,1.78441966770436,0.998672079793591,"NANA OrderNA SexNA - NANA OrderNA SexNA"
"NR X4 Order1 M - NR X6 Order2 M",0.199999999999986,0.729900257545449,19,0.274010041690569,1,"NANA OrderNA SexNA - NANA OrderNA SexNA"
"NR X4 Order1 M - PR X6 Order2 M",1.18333333333331,0.814544324233096,19,1.45275499212082,0.999978171251763,"NANA OrderNA SexNA - NANA OrderNA SexNA"
"PR X4 Order1 M - NR X5 Order1 M",-0.166666666666664,0.409927964004061,19,-0.406575499360206,1,"NANA OrderNA SexNA - NANA OrderNA SexNA"
"PR X4 Order1 M - PR X5 Order1 M",-0.149999999999995,0.244739986145937,19,-0.612895352174087,1,"NANA OrderNA SexNA - NANA OrderNA SexNA"
"PR X4 Order1 M - NR X6 Order1 M",-0.149999999999996,0.321882256631991,19,-0.466008911362553,1,"NANA OrderNA SexNA - NANA OrderNA SexNA"
"PR X4 Order1 M - PR X6 Order1 M",-0.0333333333333331,0.309635703700087,19,-0.10765339053283,1,"NANA OrderNA SexNA - NANA OrderNA SexNA"
"PR X4 Order1 M - NR X0 Order2 M",1.01666666666668,0.745803072011789,19,1.36318380122012,0.99999520214488,"NANA OrderNA SexNA - NANA OrderNA SexNA"
"PR X4 Order1 M - PR X0 Order2 M",-0.483333333333343,0.712345191964276,19,-0.678509995976195,1,"NANA OrderNA SexNA - NANA OrderNA SexNA"
"PR X4 Order1 M - NR X1 Order2 M",0.116666666666667,0.721677707463861,19,0.161660344306131,1,"NANA OrderNA SexNA - NANA OrderNA SexNA"
"PR X4 Order1 M - PR X1 Order2 M",0.383333333333345,0.706316530272138,19,0.54272173579974,1,"NANA OrderNA SexNA - NANA OrderNA SexNA"
"PR X4 Order1 M - NR X2 Order2 M",0.0666666666666617,0.73315189142935,19,0.0909315892736614,1,"NANA OrderNA SexNA - NANA OrderNA SexNA"
"PR X4 Order1 M - PR X2 Order2 M",0.749999999999994,0.68208915402247,19,1.09956300518346,1,"NANA OrderNA SexNA - NANA OrderNA SexNA"
"PR X4 Order1 M - NR X3 Order2 M",0.600000000000015,0.706451059462158,19,0.849315733855383,1,"NANA OrderNA SexNA - NANA OrderNA SexNA"
"PR X4 Order1 M - PR X3 Order2 M",1.15000000000001,0.706709697465111,19,1.6272594024462,0.999756083145791,"NANA OrderNA SexNA - NANA OrderNA SexNA"
"PR X4 Order1 M - NR X4 Order2 M",1.63393604202255e-14,0.728914116665115,19,2.24160296071373e-14,1,"NANA OrderNA SexNA - NANA OrderNA SexNA"
"PR X4 Order1 M - PR X4 Order2 M",1.41666666666666,0.704990564409506,19,2.00948315932888,0.991626587477493,"NANA OrderNA SexNA - NANA OrderNA SexNA"
"PR X4 Order1 M - NR X5 Order2 M",-0.200000000000003,0.756024536252102,19,-0.26454167875487,1,"NANA OrderNA SexNA - NANA OrderNA SexNA"
"PR X4 Order1 M - PR X5 Order2 M",1.35,0.752778479100254,19,1.79335626280598,0.998554124313983,"NANA OrderNA SexNA - NANA OrderNA SexNA"
"PR X4 Order1 M - NR X6 Order2 M",0.166666666666667,0.706010122022101,19,0.236068381270955,1,"NANA OrderNA SexNA - NANA OrderNA SexNA"
"PR X4 Order1 M - PR X6 Order2 M",1.14999999999999,0.793207641524652,19,1.44980953258284,0.999979163634174,"NANA OrderNA SexNA - NANA OrderNA SexNA"
"NR X5 Order1 M - PR X5 Order1 M",0.0166666666666687,0.502784643421832,19,0.0331487186108934,1,"NANA OrderNA SexNA - NANA OrderNA SexNA"
"NR X5 Order1 M - NR X6 Order1 M",0.0166666666666677,0.197750507351801,19,0.0842812839767711,1,"NANA OrderNA SexNA - NANA OrderNA SexNA"
"NR X5 Order1 M - PR X6 Order1 M",0.133333333333331,0.546089232902827,19,0.244160341020781,1,"NANA OrderNA SexNA - NANA OrderNA SexNA"
"NR X5 Order1 M - NR X0 Order2 M",1.18333333333334,0.794218877722631,19,1.48993352654431,0.99996142353022,"NANA OrderNA SexNA - NANA OrderNA SexNA"
"NR X5 Order1 M - PR X0 Order2 M",-0.316666666666679,0.762887328524595,19,-0.415089692575055,1,"NANA OrderNA SexNA - NANA OrderNA SexNA"
"NR X5 Order1 M - NR X1 Order2 M",0.283333333333331,0.771608784915689,19,0.367198169425053,1,"NANA OrderNA SexNA - NANA OrderNA SexNA"
"NR X5 Order1 M - PR X1 Order2 M",0.550000000000008,0.75726114679445,19,0.726301623063859,1,"NANA OrderNA SexNA - NANA OrderNA SexNA"
"NR X5 Order1 M - NR X2 Order2 M",0.233333333333325,0.782351007806091,19,0.298246351069005,1,"NANA OrderNA SexNA - NANA OrderNA SexNA"
"NR X5 Order1 M - PR X2 Order2 M",0.916666666666658,0.734715603171636,19,1.247648290998,0.999999519588721,"NANA OrderNA SexNA - NANA OrderNA SexNA"
"NR X5 Order1 M - NR X3 Order2 M",0.766666666666679,0.757386627109284,19,1.01225271113224,1,"NANA OrderNA SexNA - NANA OrderNA SexNA"
"NR X5 Order1 M - PR X3 Order2 M",1.31666666666667,0.757627876995033,19,1.73788043793867,0.999163035340747,"NANA OrderNA SexNA - NANA OrderNA SexNA"
"NR X5 Order1 M - NR X4 Order2 M",0.16666666666668,0.778381136065396,19,0.214119611774196,1,"NANA OrderNA SexNA - NANA OrderNA SexNA"
"NR X5 Order1 M - PR X4 Order2 M",1.58333333333333,0.756024536252102,19,2.09428829014268,0.985430126079647,"NANA OrderNA SexNA - NANA OrderNA SexNA"
"NR X5 Order1 M - NR X5 Order2 M",-0.033333333333339,0.803824920566648,19,-0.0414683999966573,1,"NANA OrderNA SexNA - NANA OrderNA SexNA"
"NR X5 Order1 M - PR X5 Order2 M",1.51666666666667,0.80077265319519,19,1.89400407295999,0.996493295127282,"NANA OrderNA SexNA - NANA OrderNA SexNA"
"NR X5 Order1 M - NR X6 Order2 M",0.333333333333331,0.756975360171277,19,0.440348987393604,1,"NANA OrderNA SexNA - NANA OrderNA SexNA"
"NR X5 Order1 M - PR X6 Order2 M",1.31666666666666,0.838891987136528,19,1.5695306271323,0.999882318436892,"NANA OrderNA SexNA - NANA OrderNA SexNA"
"PR X5 Order1 M - NR X6 Order1 M",-9.47159017883337e-16,0.448679022795891,19,-2.11099465266111e-15,1,"NANA OrderNA SexNA - NANA OrderNA SexNA"
"PR X5 Order1 M - PR X6 Order1 M",0.116666666666662,0.229632302065817,19,0.508058603328477,1,"NANA OrderNA SexNA - NANA OrderNA SexNA"
"PR X5 Order1 M - NR X0 Order2 M",1.16666666666667,0.791129550018378,19,1.47468472975073,0.999969337401633,"NANA OrderNA SexNA - NANA OrderNA SexNA"
"PR X5 Order1 M - PR X0 Order2 M",-0.333333333333348,0.759670596511856,19,-0.438786672623501,1,"NANA OrderNA SexNA - NANA OrderNA SexNA"
"PR X5 Order1 M - NR X1 Order2 M",0.266666666666662,0.76842856280877,19,0.34702857178023,1,"NANA OrderNA SexNA - NANA OrderNA SexNA"
"PR X5 Order1 M - PR X1 Order2 M",0.53333333333334,0.754020413268587,19,0.707319488900048,1,"NANA OrderNA SexNA - NANA OrderNA SexNA"
"PR X5 Order1 M - NR X2 Order2 M",0.216666666666657,0.779214629352204,19,0.278057750079438,1,"NANA OrderNA SexNA - NANA OrderNA SexNA"
"PR X5 Order1 M - PR X2 Order2 M",0.899999999999989,0.731374976824575,19,1.23055891781742,0.999999670967037,"NANA OrderNA SexNA - NANA OrderNA SexNA"
"PR X5 Order1 M - NR X3 Order2 M",0.75000000000001,0.754146432800198,19,0.994501820044694,1,"NANA OrderNA SexNA - NANA OrderNA SexNA"
"PR X5 Order1 M - PR X3 Order2 M",1.30000000000001,0.754388718885222,19,1.72324952303243,0.999280872851716,"NANA OrderNA SexNA - NANA OrderNA SexNA"
"PR X5 Order1 M - NR X4 Order2 M",0.150000000000011,0.775228696684883,19,0.193491289269164,1,"NANA OrderNA SexNA - NANA OrderNA SexNA"
"PR X5 Order1 M - PR X4 Order2 M",1.56666666666666,0.752778479100254,19,2.08117887288594,0.986568194259962,"NANA OrderNA SexNA - NANA OrderNA SexNA"
"PR X5 Order1 M - NR X5 Order2 M",-0.0500000000000077,0.80077265319519,19,-0.0624396947129763,1,"NANA OrderNA SexNA - NANA OrderNA SexNA"
"PR X5 Order1 M - PR X5 Order2 M",1.5,0.797708707039449,19,1.88038564298361,0.996866320786476,"NANA OrderNA SexNA - NANA OrderNA SexNA"
"PR X5 Order1 M - NR X6 Order2 M",0.316666666666662,0.7537333978853,19,0.420130867963543,1,"NANA OrderNA SexNA - NANA OrderNA SexNA"
"PR X5 Order1 M - PR X6 Order2 M",1.29999999999999,0.835967765684275,19,1.55508388404891,0.999902929011778,"NANA OrderNA SexNA - NANA OrderNA SexNA"
"NR X6 Order1 M - PR X6 Order1 M",0.116666666666663,0.48283701074728,19,0.241627431348106,1,"NANA OrderNA SexNA - NANA OrderNA SexNA"
"NR X6 Order1 M - NR X0 Order2 M",1.16666666666667,0.7467669105641,19,1.56229025437855,0.999893087358701,"NANA OrderNA SexNA - NANA OrderNA SexNA"
"NR X6 Order1 M - PR X0 Order2 M",-0.333333333333347,0.713354238093424,19,-0.467276025757195,1,"NANA OrderNA SexNA - NANA OrderNA SexNA"
"NR X6 Order1 M - NR X1 Order2 M",0.266666666666663,0.722673723018571,19,0.369000087000272,1,"NANA OrderNA SexNA - NANA OrderNA SexNA"
"NR X6 Order1 M - PR X1 Order2 M",0.533333333333341,0.707334176628629,19,0.754004756104633,1,"NANA OrderNA SexNA - NANA OrderNA SexNA"
"NR X6 Order1 M - NR X2 Order2 M",0.216666666666658,0.734132339839121,19,0.295132982037188,1,"NANA OrderNA SexNA - NANA OrderNA SexNA"
"NR X6 Order1 M - PR X2 Order2 M",0.89999999999999,0.683142891733726,19,1.31744033479718,0.999997970521813,"NANA OrderNA SexNA - NANA OrderNA SexNA"
"NR X6 Order1 M - NR X3 Order2 M",0.750000000000011,0.707468512307391,19,1.06011785253015,1,"NANA OrderNA SexNA - NANA OrderNA SexNA"
"NR X6 Order1 M - PR X3 Order2 M",1.30000000000001,0.707726778483375,19,1.83686705028436,0.997845391721799,"NANA OrderNA SexNA - NANA OrderNA SexNA"
"NR X6 Order1 M - NR X4 Order2 M",0.150000000000012,0.729900257545449,19,0.205507531267959,1,"NANA OrderNA SexNA - NANA OrderNA SexNA"
"NR X6 Order1 M - PR X4 Order2 M",1.56666666666666,0.706010122022101,19,2.21904278394697,0.970569385422928,"NANA OrderNA SexNA - NANA OrderNA SexNA"
"NR X6 Order1 M - NR X5 Order2 M",-0.0500000000000067,0.756975360171277,19,-0.0660523481090501,1,"NANA OrderNA SexNA - NANA OrderNA SexNA"
"NR X6 Order1 M - PR X5 Order2 M",1.5,0.7537333978853,19,1.9900935850905,0.992693470799947,"NANA OrderNA SexNA - NANA OrderNA SexNA"
"NR X6 Order1 M - NR X6 Order2 M",0.316666666666663,0.707028209401074,19,0.447884062412322,1,"NANA OrderNA SexNA - NANA OrderNA SexNA"
"NR X6 Order1 M - PR X6 Order2 M",1.29999999999999,0.794113945894623,19,1.6370446668525,0.999725694888005,"NANA OrderNA SexNA - NANA OrderNA SexNA"
"PR X6 Order1 M - NR X0 Order2 M",1.05000000000001,0.82969204460986,19,1.26552979122964,0.999999294080263,"NANA OrderNA SexNA - NANA OrderNA SexNA"
"PR X6 Order1 M - PR X0 Order2 M",-0.45000000000001,0.799751423369342,19,-0.562674834768241,1,"NANA OrderNA SexNA - NANA OrderNA SexNA"
"PR X6 Order1 M - NR X1 Order2 M",0.15,0.80807510796767,19,0.185626309387569,1,"NANA OrderNA SexNA - NANA OrderNA SexNA"
"PR X6 Order1 M - PR X1 Order2 M",0.416666666666678,0.794386371737544,19,0.524513865658737,1,"NANA OrderNA SexNA - NANA OrderNA SexNA"
"PR X6 Order1 M - NR X2 Order2 M",0.0999999999999948,0.818338782273638,19,0.122198778997323,1,"NANA OrderNA SexNA - NANA OrderNA SexNA"
"PR X6 Order1 M - PR X2 Order2 M",0.783333333333327,0.772924498707187,19,1.01346681938993,1,"NANA OrderNA SexNA - NANA OrderNA SexNA"
"PR X6 Order1 M - NR X3 Order2 M",0.633333333333348,0.794505988701075,19,0.797141044045212,1,"NANA OrderNA SexNA - NANA OrderNA SexNA"
"PR X6 Order1 M - PR X3 Order2 M",1.18333333333334,0.794735970721029,19,1.48896410497156,0.999961976248347,"NANA OrderNA SexNA - NANA OrderNA SexNA"
"PR X6 Order1 M - NR X4 Order2 M",0.0333333333333494,0.814544324233096,19,0.0409226758344099,1,"NANA OrderNA SexNA - NANA OrderNA SexNA"
"PR X6 Order1 M - PR X4 Order2 M",1.45,0.793207641524652,19,1.82802071499576,0.998009203606761,"NANA OrderNA SexNA - NANA OrderNA SexNA"
"PR X6 Order1 M - NR X5 Order2 M",-0.16666666666667,0.838891987136528,19,-0.198674762928144,1,"NANA OrderNA SexNA - NANA OrderNA SexNA"
"PR X6 Order1 M - PR X5 Order2 M",1.38333333333334,0.835967765684275,19,1.65476874841103,0.999662151396587,"NANA OrderNA SexNA - NANA OrderNA SexNA"
"PR X6 Order1 M - NR X6 Order2 M",0.2,0.794113945894623,19,0.251853025669618,1,"NANA OrderNA SexNA - NANA OrderNA SexNA"
"PR X6 Order1 M - PR X6 Order2 M",1.18333333333333,0.872550874871929,19,1.35617689169931,0.999995777622487,"NANA OrderNA SexNA - NANA OrderNA SexNA"
"NR X0 Order2 M - PR X0 Order2 M",-1.50000000000002,0.364527251325691,19,-4.11491869138701,0.153577032710554,"NANA OrderNA SexNA - NANA OrderNA SexNA"
"NR X0 Order2 M - NR X1 Order2 M",-0.900000000000009,0.135551720777893,19,-6.63953209029853,0.00141897739344754,"NANA OrderNA SexNA - NANA OrderNA SexNA"
"NR X0 Order2 M - PR X1 Order2 M",-0.633333333333331,0.27702471019474,19,-2.28619798171837,0.959049420086822,"NANA OrderNA SexNA - NANA OrderNA SexNA"
"NR X0 Order2 M - NR X2 Order2 M",-0.950000000000014,0.183046026870883,19,-5.18995149056212,0.0223907105191026,"NANA OrderNA SexNA - NANA OrderNA SexNA"
"NR X0 Order2 M - PR X2 Order2 M",-0.266666666666682,0.284049662077454,19,-0.938802970988813,1,"NANA OrderNA SexNA - NANA OrderNA SexNA"
"NR X0 Order2 M - NR X3 Order2 M",-0.416666666666661,0.24909778722891,19,-1.67270320343617,0.999585158763298,"NANA OrderNA SexNA - NANA OrderNA SexNA"
"NR X0 Order2 M - PR X3 Order2 M",0.133333333333335,0.283049393329729,19,0.471060304227585,1,"NANA OrderNA SexNA - NANA OrderNA SexNA"
"NR X0 Order2 M - NR X4 Order2 M",-1.01666666666666,0.416002980196253,19,-2.4438927485256,0.920491030516131,"NANA OrderNA SexNA - NANA OrderNA SexNA"
"NR X0 Order2 M - PR X4 Order2 M",0.399999999999987,0.343979123533537,19,1.16286126870426,0.999999934164476,"NANA OrderNA SexNA - NANA OrderNA SexNA"
"NR X0 Order2 M - NR X5 Order2 M",-1.21666666666668,0.431934313827911,19,-2.81678632078168,0.763479180124691,"NANA OrderNA SexNA - NANA OrderNA SexNA"
"NR X0 Order2 M - PR X5 Order2 M",0.333333333333328,0.372132309992495,19,0.895738758454084,1,"NANA OrderNA SexNA - NANA OrderNA SexNA"
"NR X0 Order2 M - NR X6 Order2 M",-0.850000000000009,0.407911525781629,19,-2.08378519918323,0.98634759606028,"NANA OrderNA SexNA - NANA OrderNA SexNA"
"NR X0 Order2 M - PR X6 Order2 M",0.133333333333318,0.335645489671531,19,0.397244525656522,1,"NANA OrderNA SexNA - NANA OrderNA SexNA"
"PR X0 Order2 M - NR X1 Order2 M",0.60000000000001,0.343226009456234,19,1.74811926680783,0.999071053844557,"NANA OrderNA SexNA - NANA OrderNA SexNA"
"PR X0 Order2 M - PR X1 Order2 M",0.866666666666687,0.170491206406631,19,5.08335112955702,0.0273600784052589,"NANA OrderNA SexNA - NANA OrderNA SexNA"
"PR X0 Order2 M - NR X2 Order2 M",0.550000000000004,0.323693956968272,19,1.69913582926083,0.999444030808161,"NANA OrderNA SexNA - NANA OrderNA SexNA"
"PR X0 Order2 M - PR X2 Order2 M",1.23333333333334,0.210047335238835,19,5.87169235891982,0.00611311621268706,"NANA OrderNA SexNA - NANA OrderNA SexNA"
"PR X0 Order2 M - NR X3 Order2 M",1.08333333333336,0.297189564801493,19,3.64526033764667,0.314747123708855,"NANA OrderNA SexNA - NANA OrderNA SexNA"
"PR X0 Order2 M - PR X3 Order2 M",1.63333333333335,0.216869001341109,19,7.53142829649643,0.000272057208704934,"NANA OrderNA SexNA - NANA OrderNA SexNA"
"PR X0 Order2 M - NR X4 Order2 M",0.483333333333359,0.397216190196706,19,1.21680169454827,0.999999759275537,"NANA OrderNA SexNA - NANA OrderNA SexNA"
"PR X0 Order2 M - PR X4 Order2 M",1.90000000000001,0.205202795143007,19,9.25913313547161,1.36787602802446e-05,"NANA OrderNA SexNA - NANA OrderNA SexNA"
"PR X0 Order2 M - NR X5 Order2 M",0.28333333333334,0.443276608955157,19,0.639179527205782,1,"NANA OrderNA SexNA - NANA OrderNA SexNA"
"PR X0 Order2 M - PR X5 Order2 M",1.83333333333335,0.298073737884393,19,6.15060335857029,0.00358806492010078,"NANA OrderNA SexNA - NANA OrderNA SexNA"
"PR X0 Order2 M - NR X6 Order2 M",0.650000000000009,0.364471098012654,19,1.78340615632969,0.998684926794068,"NANA OrderNA SexNA - NANA OrderNA SexNA"
"PR X0 Order2 M - PR X6 Order2 M",1.63333333333334,0.36243168341937,19,4.50659643749579,0.0785971188096191,"NANA OrderNA SexNA - NANA OrderNA SexNA"
"NR X1 Order2 M - PR X1 Order2 M",0.266666666666678,0.270617660415309,19,0.985400089031263,1,"NANA OrderNA SexNA - NANA OrderNA SexNA"
"NR X1 Order2 M - NR X2 Order2 M",-0.0500000000000052,0.174139488352036,19,-0.287126145098845,1,"NANA OrderNA SexNA - NANA OrderNA SexNA"
"NR X1 Order2 M - PR X2 Order2 M",0.633333333333327,0.264718762825405,19,2.39247617574823,0.934930896008812,"NANA OrderNA SexNA - NANA OrderNA SexNA"
"NR X1 Order2 M - NR X3 Order2 M",0.483333333333348,0.23976718727459,19,2.01584436480801,0.991250795474292,"NANA OrderNA SexNA - NANA OrderNA SexNA"
"NR X1 Order2 M - PR X3 Order2 M",1.03333333333334,0.258334748156851,19,3.99997809317524,0.184928943247139,"NANA OrderNA SexNA - NANA OrderNA SexNA"
"NR X1 Order2 M - NR X4 Order2 M",-0.116666666666651,0.357844423708052,19,-0.326026225189507,1,"NANA OrderNA SexNA - NANA OrderNA SexNA"
"NR X1 Order2 M - PR X4 Order2 M",1.3,0.305150715326586,19,4.26018991503486,0.120515240987443,"NANA OrderNA SexNA - NANA OrderNA SexNA"
"NR X1 Order2 M - NR X5 Order2 M",-0.31666666666667,0.382076505611574,19,-0.828804341580215,1,"NANA OrderNA SexNA - NANA OrderNA SexNA"
"NR X1 Order2 M - PR X5 Order2 M",1.23333333333334,0.310823279551437,19,3.96795676023113,0.194547122020568,"NANA OrderNA SexNA - NANA OrderNA SexNA"
"NR X1 Order2 M - NR X6 Order2 M",0.0499999999999999,0.339736740185072,19,0.147172778465945,1,"NANA OrderNA SexNA - NANA OrderNA SexNA"
"NR X1 Order2 M - PR X6 Order2 M",1.03333333333333,0.315491818783464,19,3.27530944326182,0.502740242439542,"NANA OrderNA SexNA - NANA OrderNA SexNA"
"PR X1 Order2 M - NR X2 Order2 M",-0.316666666666683,0.282992571142138,19,-1.11899286044379,1,"NANA OrderNA SexNA - NANA OrderNA SexNA"
"PR X1 Order2 M - PR X2 Order2 M",0.366666666666649,0.20365088806712,19,1.80046681920583,0.998454047292276,"NANA OrderNA SexNA - NANA OrderNA SexNA"
"PR X1 Order2 M - NR X3 Order2 M",0.216666666666671,0.225527322290261,19,0.960711387278451,1,"NANA OrderNA SexNA - NANA OrderNA SexNA"
"PR X1 Order2 M - PR X3 Order2 M",0.766666666666666,0.182301722780272,19,4.20548229042646,0.132158348885,"NANA OrderNA SexNA - NANA OrderNA SexNA"
"PR X1 Order2 M - NR X4 Order2 M",-0.383333333333328,0.403689128266667,19,-0.949575568158744,1,"NANA OrderNA SexNA - NANA OrderNA SexNA"
"PR X1 Order2 M - PR X4 Order2 M",1.03333333333332,0.183054013694933,19,5.64496408724154,0.00942981238989349,"NANA OrderNA SexNA - NANA OrderNA SexNA"
"PR X1 Order2 M - NR X5 Order2 M",-0.583333333333347,0.463743980588605,19,-1.25787796230358,0.999999400447143,"NANA OrderNA SexNA - NANA OrderNA SexNA"
"PR X1 Order2 M - PR X5 Order2 M",0.966666666666659,0.2796457659003,19,3.45675416738224,0.40468661338233,"NANA OrderNA SexNA - NANA OrderNA SexNA"
"PR X1 Order2 M - NR X6 Order2 M",-0.216666666666678,0.370214099585853,19,-0.585246933893269,1,"NANA OrderNA SexNA - NANA OrderNA SexNA"
"PR X1 Order2 M - PR X6 Order2 M",0.76666666666665,0.298872148925772,19,2.56519943200548,0.879083462532331,"NANA OrderNA SexNA - NANA OrderNA SexNA"
"NR X2 Order2 M - PR X2 Order2 M",0.683333333333332,0.254807575603229,19,2.68176223456314,0.830008238625591,"NANA OrderNA SexNA - NANA OrderNA SexNA"
"NR X2 Order2 M - NR X3 Order2 M",0.533333333333354,0.204867665174179,19,2.60330654366522,0.86399509531672,"NANA OrderNA SexNA - NANA OrderNA SexNA"
"NR X2 Order2 M - PR X3 Order2 M",1.08333333333335,0.259435960390729,19,4.1757254148645,0.138892881533726,"NANA OrderNA SexNA - NANA OrderNA SexNA"
"NR X2 Order2 M - NR X4 Order2 M",-0.0666666666666453,0.326692623386937,19,-0.204065417748,1,"NANA OrderNA SexNA - NANA OrderNA SexNA"
"NR X2 Order2 M - PR X4 Order2 M",1.35,0.33319734068005,19,4.05165298511889,0.170232134995317,"NANA OrderNA SexNA - NANA OrderNA SexNA"
"NR X2 Order2 M - NR X5 Order2 M",-0.266666666666664,0.356185936067992,19,-0.748672644435239,1,"NANA OrderNA SexNA - NANA OrderNA SexNA"
"NR X2 Order2 M - PR X5 Order2 M",1.28333333333334,0.360368557279937,19,3.56116899604101,0.353160264546079,"NANA OrderNA SexNA - NANA OrderNA SexNA"
"NR X2 Order2 M - NR X6 Order2 M",0.100000000000005,0.329366750204618,19,0.303612917630212,1,"NANA OrderNA SexNA - NANA OrderNA SexNA"
"NR X2 Order2 M - PR X6 Order2 M",1.08333333333333,0.382627114527878,19,2.83130309431952,0.755819675409548,"NANA OrderNA SexNA - NANA OrderNA SexNA"
"PR X2 Order2 M - NR X3 Order2 M",-0.149999999999979,0.274016049386962,19,-0.547413191072434,1,"NANA OrderNA SexNA - NANA OrderNA SexNA"
"PR X2 Order2 M - PR X3 Order2 M",0.400000000000017,0.196564052920632,19,2.03496007564276,0.990040538344358,"NANA OrderNA SexNA - NANA OrderNA SexNA"
"PR X2 Order2 M - NR X4 Order2 M",-0.749999999999978,0.405106296064516,19,-1.85136594342275,0.997552570326355,"NANA OrderNA SexNA - NANA OrderNA SexNA"
"PR X2 Order2 M - PR X4 Order2 M",0.666666666666669,0.247820912512166,19,2.69011464734213,0.826171177913876,"NANA OrderNA SexNA - NANA OrderNA SexNA"
"PR X2 Order2 M - NR X5 Order2 M",-0.949999999999997,0.439011382713531,19,-2.16395300305892,0.978094103916205,"NANA OrderNA SexNA - NANA OrderNA SexNA"
"PR X2 Order2 M - PR X5 Order2 M",0.60000000000001,0.283817954997472,19,2.11403115777278,0.983577873248415,"NANA OrderNA SexNA - NANA OrderNA SexNA"
"PR X2 Order2 M - NR X6 Order2 M",-0.583333333333327,0.375203648406805,19,-1.55471125030443,0.999903415302465,"NANA OrderNA SexNA - NANA OrderNA SexNA"
"PR X2 Order2 M - PR X6 Order2 M",0.4,0.352538828685571,19,1.13462679129952,1,"NANA OrderNA SexNA - NANA OrderNA SexNA"
"NR X3 Order2 M - PR X3 Order2 M",0.549999999999996,0.213991583154149,19,2.57019454640795,0.87716076108574,"NANA OrderNA SexNA - NANA OrderNA SexNA"
"NR X3 Order2 M - NR X4 Order2 M",-0.599999999999999,0.325652740818098,19,-1.8424534014137,0.997736247630709,"NANA OrderNA SexNA - NANA OrderNA SexNA"
"NR X3 Order2 M - PR X4 Order2 M",0.816666666666648,0.263661798256118,19,3.09740232399291,0.605340707626508,"NANA OrderNA SexNA - NANA OrderNA SexNA"
"NR X3 Order2 M - NR X5 Order2 M",-0.800000000000018,0.372148024375765,19,-2.14968224362315,0.979784427250058,"NANA OrderNA SexNA - NANA OrderNA SexNA"
"NR X3 Order2 M - PR X5 Order2 M",0.749999999999989,0.342804054647901,19,2.18783876628975,0.975031854092306,"NANA OrderNA SexNA - NANA OrderNA SexNA"
"NR X3 Order2 M - NR X6 Order2 M",-0.433333333333348,0.333372804680564,19,-1.29984607997214,0.999998567070125,"NANA OrderNA SexNA - NANA OrderNA SexNA"
"NR X3 Order2 M - PR X6 Order2 M",0.549999999999979,0.353735289405455,19,1.55483497539756,0.999903254080329,"NANA OrderNA SexNA - NANA OrderNA SexNA"
"PR X3 Order2 M - NR X4 Order2 M",-1.14999999999999,0.407768137304976,19,-2.82023016217153,0.761669827841951,"NANA OrderNA SexNA - NANA OrderNA SexNA"
"PR X3 Order2 M - PR X4 Order2 M",0.266666666666652,0.185954153942366,19,1.43404522573506,0.999983815876107,"NANA OrderNA SexNA - NANA OrderNA SexNA"
"PR X3 Order2 M - NR X5 Order2 M",-1.35000000000001,0.454368014276601,19,-2.97115984748475,0.678440387652482,"NANA OrderNA SexNA - NANA OrderNA SexNA"
"PR X3 Order2 M - PR X5 Order2 M",0.199999999999993,0.237930895663239,19,0.840580200576673,1,"NANA OrderNA SexNA - NANA OrderNA SexNA"
"PR X3 Order2 M - NR X6 Order2 M",-0.983333333333344,0.376526134318139,19,-2.6115938409271,0.860587418683785,"NANA OrderNA SexNA - NANA OrderNA SexNA"
"PR X3 Order2 M - PR X6 Order2 M",-1.68060010352633e-14,0.279562105372374,19,-6.01154473811031e-14,1,"NANA OrderNA SexNA - NANA OrderNA SexNA"
"NR X4 Order2 M - PR X4 Order2 M",1.41666666666665,0.354395952612428,19,3.99741209295337,0.185685100513331,"NANA OrderNA SexNA - NANA OrderNA SexNA"
"NR X4 Order2 M - NR X5 Order2 M",-0.200000000000019,0.140633487398194,19,-1.42213638942006,0.999986683272214,"NANA OrderNA SexNA - NANA OrderNA SexNA"
"NR X4 Order2 M - PR X5 Order2 M",1.34999999999999,0.464905825840659,19,2.90381390157646,0.716408271283525,"NANA OrderNA SexNA - NANA OrderNA SexNA"
"NR X4 Order2 M - NR X6 Order2 M",0.166666666666651,0.139862087460369,19,1.19165007253218,0.999999866567106,"NANA OrderNA SexNA - NANA OrderNA SexNA"
"NR X4 Order2 M - PR X6 Order2 M",1.14999999999998,0.501229482524768,19,2.29435825324411,0.957460931507547,"NANA OrderNA SexNA - NANA OrderNA SexNA"
"PR X4 Order2 M - NR X5 Order2 M",-1.61666666666667,0.409927964004061,19,-3.94378234379407,0.202073428923741,"NANA OrderNA SexNA - NANA OrderNA SexNA"
"PR X4 Order2 M - PR X5 Order2 M",-0.0666666666666593,0.244739986145937,19,-0.272397934299573,1,"NANA OrderNA SexNA - NANA OrderNA SexNA"
"PR X4 Order2 M - NR X6 Order2 M",-1.25,0.321882256631991,19,-3.88340759468803,0.221887994846937,"NANA OrderNA SexNA - NANA OrderNA SexNA"
"PR X4 Order2 M - PR X6 Order2 M",-0.266666666666669,0.309635703700087,19,-0.861227124262654,1,"NANA OrderNA SexNA - NANA OrderNA SexNA"
"NR X5 Order2 M - PR X5 Order2 M",1.55000000000001,0.502784643421832,19,3.08283083081273,0.613835674108849,"NANA OrderNA SexNA - NANA OrderNA SexNA"
"NR X5 Order2 M - NR X6 Order2 M",0.36666666666667,0.197750507351801,19,1.85418824748886,0.99749187852794,"NANA OrderNA SexNA - NANA OrderNA SexNA"
"NR X5 Order2 M - PR X6 Order2 M",1.35,0.546089232902827,19,2.47212345283545,0.911773151657417,"NANA OrderNA SexNA - NANA OrderNA SexNA"
"PR X5 Order2 M - NR X6 Order2 M",-1.18333333333334,0.448679022795891,19,-2.63737164701735,0.849706854359454,"NANA OrderNA SexNA - NANA OrderNA SexNA"
"PR X5 Order2 M - PR X6 Order2 M",-0.20000000000001,0.229632302065817,19,-0.870957605706038,1,"NANA OrderNA SexNA - NANA OrderNA SexNA"
"NR X6 Order2 M - PR X6 Order2 M",0.983333333333327,0.48283701074728,19,2.0365740642198,0.989932606585701,"NANA OrderNA SexNA - NANA OrderNA SexNA"
