mouse_id,sex,order,phase,param,day,value
FEDXA01,M,2.0,GRAIN,meal_freq_per_day,1,2.0416666666666665
FEDXA01,M,2.0,GRAIN,meal_freq_per_day,2,1.2916666666666667
FEDXA01,M,2.0,GRAIN,meal_freq_per_day,3,1.2083333333333333
FEDXA02,M,2.0,GRAIN,meal_freq_per_day,1,2.1666666666666665
FEDXA02,M,2.0,GRAIN,meal_freq_per_day,2,1.75
FEDXA02,M,2.0,GRAIN,meal_freq_per_day,3,1.2083333333333333
FEDXA03,M,2.0,GRAIN,meal_freq_per_day,1,2.1666666666666665
FEDXA03,M,2.0,GRAIN,meal_freq_per_day,2,1.6666666666666667
FEDXA03,M,2.0,GRAIN,meal_freq_per_day,3,1.4583333333333333
FEDXA04,M,2.0,GRAIN,meal_freq_per_day,1,2.4166666666666665
FEDXA04,M,2.0,GRAIN,meal_freq_per_day,2,1.9583333333333333
FEDXA04,M,2.0,GRAIN,meal_freq_per_day,3,1.125
FEDXA05,M,2.0,GRAIN,meal_freq_per_day,1,1.0
FEDXA05,M,2.0,GRAIN,meal_freq_per_day,2,0.5416666666666666
FEDXA05,M,2.0,GRAIN,meal_freq_per_day,3,0.5833333333333334
FEDXA06,M,2.0,GRAIN,meal_freq_per_day,1,1.6666666666666667
FEDXA06,M,2.0,GRAIN,meal_freq_per_day,2,1.3333333333333333
FEDXA06,M,2.0,GRAIN,meal_freq_per_day,3,0.08333333333333333
FEDXA07,M,1.0,GRAIN,meal_freq_per_day,1,1.4583333333333333
FEDXA07,M,1.0,GRAIN,meal_freq_per_day,2,0.9583333333333334
FEDXA07,M,1.0,GRAIN,meal_freq_per_day,3,0.5416666666666666
FEDXA08,M,1.0,GRAIN,meal_freq_per_day,1,1.2916666666666667
FEDXA08,M,1.0,GRAIN,meal_freq_per_day,2,0.8333333333333334
FEDXA08,M,1.0,GRAIN,meal_freq_per_day,3,1.2083333333333333
FEDXA09,M,1.0,GRAIN,meal_freq_per_day,1,2.8333333333333335
FEDXA09,M,1.0,GRAIN,meal_freq_per_day,2,1.9166666666666667
FEDXA09,M,1.0,GRAIN,meal_freq_per_day,3,1.0416666666666667
FEDXA10,M,1.0,GRAIN,meal_freq_per_day,1,1.4583333333333333
FEDXA10,M,1.0,GRAIN,meal_freq_per_day,2,1.0416666666666667
FEDXA10,M,1.0,GRAIN,meal_freq_per_day,3,0.9583333333333334
FEDXA11,M,1.0,GRAIN,meal_freq_per_day,1,1.875
FEDXA11,M,1.0,GRAIN,meal_freq_per_day,2,1.375
FEDXA11,M,1.0,GRAIN,meal_freq_per_day,3,0.625
FEDXA12,M,1.0,GRAIN,meal_freq_per_day,1,1.625
FEDXA12,M,1.0,GRAIN,meal_freq_per_day,2,1.3333333333333333
FEDXA12,M,1.0,GRAIN,meal_freq_per_day,3,1.3333333333333333
FEDXB01,F,2.0,GRAIN,meal_freq_per_day,1,1.2916666666666667
FEDXB01,F,2.0,GRAIN,meal_freq_per_day,2,1.0833333333333333
FEDXB01,F,2.0,GRAIN,meal_freq_per_day,3,0.9166666666666666
FEDXB02,F,2.0,GRAIN,meal_freq_per_day,1,2.375
FEDXB02,F,2.0,GRAIN,meal_freq_per_day,2,1.9166666666666667
FEDXB02,F,2.0,GRAIN,meal_freq_per_day,3,1.25
FEDXB03,F,2.0,GRAIN,meal_freq_per_day,1,0.875
FEDXB03,F,2.0,GRAIN,meal_freq_per_day,2,1.75
FEDXB03,F,2.0,GRAIN,meal_freq_per_day,3,1.2916666666666667
FEDXB04,F,2.0,GRAIN,meal_freq_per_day,1,1.5833333333333333
FEDXB04,F,2.0,GRAIN,meal_freq_per_day,2,1.0
FEDXB04,F,2.0,GRAIN,meal_freq_per_day,3,1.375
FEDXB05,F,2.0,GRAIN,meal_freq_per_day,1,1.5833333333333333
FEDXB05,F,2.0,GRAIN,meal_freq_per_day,2,1.5
FEDXB05,F,2.0,GRAIN,meal_freq_per_day,3,1.4166666666666667
FEDXB06,F,2.0,GRAIN,meal_freq_per_day,1,1.8333333333333333
FEDXB06,F,2.0,GRAIN,meal_freq_per_day,2,1.1666666666666667
FEDXB06,F,2.0,GRAIN,meal_freq_per_day,3,1.0416666666666667
FEDXB07,F,1.0,GRAIN,meal_freq_per_day,1,1.5833333333333333
FEDXB07,F,1.0,GRAIN,meal_freq_per_day,2,1.125
FEDXB07,F,1.0,GRAIN,meal_freq_per_day,3,1.0833333333333333
FEDXB08,F,1.0,GRAIN,meal_freq_per_day,1,0.9583333333333334
FEDXB08,F,1.0,GRAIN,meal_freq_per_day,2,0.5416666666666666
FEDXB08,F,1.0,GRAIN,meal_freq_per_day,3,0.20833333333333334
FEDXB10,F,1.0,GRAIN,meal_freq_per_day,1,2.0
FEDXB10,F,1.0,GRAIN,meal_freq_per_day,2,1.5416666666666667
FEDXB10,F,1.0,GRAIN,meal_freq_per_day,3,1.8333333333333333
FEDXB11,F,1.0,GRAIN,meal_freq_per_day,1,1.625
FEDXB11,F,1.0,GRAIN,meal_freq_per_day,2,2.0833333333333335
FEDXB11,F,1.0,GRAIN,meal_freq_per_day,3,1.75
FEDXB12,F,1.0,GRAIN,meal_freq_per_day,1,1.0
FEDXB12,F,1.0,GRAIN,meal_freq_per_day,2,0.625
FEDXB12,F,1.0,GRAIN,meal_freq_per_day,3,0.25
FEDXA01,M,2.0,NR,meal_freq_per_day,1,0.625
FEDXA01,M,2.0,NR,meal_freq_per_day,2,1.0
FEDXA01,M,2.0,NR,meal_freq_per_day,3,1.0
FEDXA01,M,2.0,NR,meal_freq_per_day,4,0.875
FEDXA01,M,2.0,NR,meal_freq_per_day,5,0.8333333333333334
FEDXA01,M,2.0,NR,meal_freq_per_day,6,0.4583333333333333
FEDXA01,M,2.0,NR,meal_freq_per_day,7,0.4583333333333333
FEDXA02,M,2.0,NR,meal_freq_per_day,1,0.9166666666666666
FEDXA02,M,2.0,NR,meal_freq_per_day,2,0.875
FEDXA02,M,2.0,NR,meal_freq_per_day,3,1.5833333333333333
FEDXA02,M,2.0,NR,meal_freq_per_day,4,1.375
FEDXA02,M,2.0,NR,meal_freq_per_day,5,1.3333333333333333
FEDXA02,M,2.0,NR,meal_freq_per_day,6,1.2083333333333333
FEDXA02,M,2.0,NR,meal_freq_per_day,7,0.7916666666666666
FEDXA03,M,2.0,NR,meal_freq_per_day,1,1.0
FEDXA03,M,2.0,NR,meal_freq_per_day,2,1.125
FEDXA03,M,2.0,NR,meal_freq_per_day,3,1.1666666666666667
FEDXA03,M,2.0,NR,meal_freq_per_day,4,0.875
FEDXA03,M,2.0,NR,meal_freq_per_day,5,0.9583333333333334
FEDXA03,M,2.0,NR,meal_freq_per_day,6,1.2916666666666667
FEDXA03,M,2.0,NR,meal_freq_per_day,7,0.9166666666666666
FEDXA04,M,2.0,NR,meal_freq_per_day,1,0.7916666666666666
FEDXA04,M,2.0,NR,meal_freq_per_day,2,0.75
FEDXA04,M,2.0,NR,meal_freq_per_day,3,1.0416666666666667
FEDXA04,M,2.0,NR,meal_freq_per_day,4,0.20833333333333334
FEDXA04,M,2.0,NR,meal_freq_per_day,5,0.875
FEDXA04,M,2.0,NR,meal_freq_per_day,6,1.2083333333333333
FEDXA04,M,2.0,NR,meal_freq_per_day,7,0.6666666666666666
FEDXA05,M,2.0,NR,meal_freq_per_day,1,1.8333333333333333
FEDXA05,M,2.0,NR,meal_freq_per_day,2,1.6666666666666667
FEDXA05,M,2.0,NR,meal_freq_per_day,3,1.375
FEDXA05,M,2.0,NR,meal_freq_per_day,4,1.6666666666666667
FEDXA05,M,2.0,NR,meal_freq_per_day,5,1.5833333333333333
FEDXA05,M,2.0,NR,meal_freq_per_day,6,1.5416666666666667
FEDXA05,M,2.0,NR,meal_freq_per_day,7,1.25
FEDXA06,M,2.0,NR,meal_freq_per_day,1,1.7083333333333333
FEDXA06,M,2.0,NR,meal_freq_per_day,2,1.8333333333333333
FEDXA06,M,2.0,NR,meal_freq_per_day,3,1.8333333333333333
FEDXA06,M,2.0,NR,meal_freq_per_day,4,1.6666666666666667
FEDXA06,M,2.0,NR,meal_freq_per_day,5,1.5
FEDXA06,M,2.0,NR,meal_freq_per_day,6,1.3333333333333333
FEDXA06,M,2.0,NR,meal_freq_per_day,7,1.7083333333333333
FEDXA07,M,1.0,NR,meal_freq_per_day,1,0.9166666666666666
FEDXA07,M,1.0,NR,meal_freq_per_day,2,1.1666666666666667
FEDXA07,M,1.0,NR,meal_freq_per_day,3,1.2916666666666667
FEDXA07,M,1.0,NR,meal_freq_per_day,4,0.875
FEDXA07,M,1.0,NR,meal_freq_per_day,5,1.4166666666666667
FEDXA07,M,1.0,NR,meal_freq_per_day,6,1.4166666666666667
FEDXA07,M,1.0,NR,meal_freq_per_day,7,1.2916666666666667
FEDXA08,M,1.0,NR,meal_freq_per_day,1,1.5
FEDXA08,M,1.0,NR,meal_freq_per_day,2,1.6666666666666667
FEDXA08,M,1.0,NR,meal_freq_per_day,3,1.7083333333333333
FEDXA08,M,1.0,NR,meal_freq_per_day,4,1.1666666666666667
FEDXA08,M,1.0,NR,meal_freq_per_day,5,0.7083333333333334
FEDXA08,M,1.0,NR,meal_freq_per_day,6,0.75
FEDXA08,M,1.0,NR,meal_freq_per_day,7,0.75
FEDXA09,M,1.0,NR,meal_freq_per_day,1,1.375
FEDXA09,M,1.0,NR,meal_freq_per_day,2,1.4166666666666667
FEDXA09,M,1.0,NR,meal_freq_per_day,3,1.375
FEDXA09,M,1.0,NR,meal_freq_per_day,4,1.2916666666666667
FEDXA09,M,1.0,NR,meal_freq_per_day,5,1.5833333333333333
FEDXA09,M,1.0,NR,meal_freq_per_day,6,0.6666666666666666
FEDXA09,M,1.0,NR,meal_freq_per_day,7,1.5416666666666667
FEDXA10,M,1.0,NR,meal_freq_per_day,1,1.3333333333333333
FEDXA10,M,1.0,NR,meal_freq_per_day,2,1.4583333333333333
FEDXA10,M,1.0,NR,meal_freq_per_day,3,1.9583333333333333
FEDXA10,M,1.0,NR,meal_freq_per_day,4,1.4166666666666667
FEDXA10,M,1.0,NR,meal_freq_per_day,5,1.0416666666666667
FEDXA10,M,1.0,NR,meal_freq_per_day,6,1.6666666666666667
FEDXA10,M,1.0,NR,meal_freq_per_day,7,1.0833333333333333
FEDXA11,M,1.0,NR,meal_freq_per_day,1,1.1666666666666667
FEDXA11,M,1.0,NR,meal_freq_per_day,2,1.2916666666666667
FEDXA11,M,1.0,NR,meal_freq_per_day,3,1.5416666666666667
FEDXA11,M,1.0,NR,meal_freq_per_day,4,1.5833333333333333
FEDXA11,M,1.0,NR,meal_freq_per_day,5,1.5833333333333333
FEDXA11,M,1.0,NR,meal_freq_per_day,6,1.25
FEDXA11,M,1.0,NR,meal_freq_per_day,7,1.125
FEDXA12,M,1.0,NR,meal_freq_per_day,1,1.3333333333333333
FEDXA12,M,1.0,NR,meal_freq_per_day,2,1.2916666666666667
FEDXA12,M,1.0,NR,meal_freq_per_day,3,1.625
FEDXA12,M,1.0,NR,meal_freq_per_day,4,1.375
FEDXA12,M,1.0,NR,meal_freq_per_day,5,1.5833333333333333
FEDXA12,M,1.0,NR,meal_freq_per_day,6,1.7916666666666667
FEDXA12,M,1.0,NR,meal_freq_per_day,7,1.9166666666666667
FEDXB01,F,2.0,NR,meal_freq_per_day,1,2.5833333333333335
FEDXB01,F,2.0,NR,meal_freq_per_day,2,1.875
FEDXB01,F,2.0,NR,meal_freq_per_day,3,1.7916666666666667
FEDXB01,F,2.0,NR,meal_freq_per_day,4,1.7916666666666667
FEDXB01,F,2.0,NR,meal_freq_per_day,5,1.4583333333333333
FEDXB01,F,2.0,NR,meal_freq_per_day,6,2.5833333333333335
FEDXB01,F,2.0,NR,meal_freq_per_day,7,2.125
FEDXB02,F,2.0,NR,meal_freq_per_day,1,1.5416666666666667
FEDXB02,F,2.0,NR,meal_freq_per_day,2,1.5833333333333333
FEDXB02,F,2.0,NR,meal_freq_per_day,3,1.3333333333333333
FEDXB02,F,2.0,NR,meal_freq_per_day,4,1.4166666666666667
FEDXB02,F,2.0,NR,meal_freq_per_day,5,0.9583333333333334
FEDXB02,F,2.0,NR,meal_freq_per_day,6,1.8333333333333333
FEDXB02,F,2.0,NR,meal_freq_per_day,7,1.5
FEDXB03,F,2.0,NR,meal_freq_per_day,1,2.5
FEDXB03,F,2.0,NR,meal_freq_per_day,2,2.6666666666666665
FEDXB03,F,2.0,NR,meal_freq_per_day,3,2.4583333333333335
FEDXB03,F,2.0,NR,meal_freq_per_day,4,2.0
FEDXB03,F,2.0,NR,meal_freq_per_day,5,2.0416666666666665
FEDXB03,F,2.0,NR,meal_freq_per_day,6,1.8333333333333333
FEDXB03,F,2.0,NR,meal_freq_per_day,7,1.5
FEDXB04,F,2.0,NR,meal_freq_per_day,1,1.8333333333333333
FEDXB04,F,2.0,NR,meal_freq_per_day,2,1.2083333333333333
FEDXB04,F,2.0,NR,meal_freq_per_day,3,1.3333333333333333
FEDXB04,F,2.0,NR,meal_freq_per_day,4,0.9583333333333334
FEDXB04,F,2.0,NR,meal_freq_per_day,5,0.5416666666666666
FEDXB04,F,2.0,NR,meal_freq_per_day,6,0.9583333333333334
FEDXB04,F,2.0,NR,meal_freq_per_day,7,0.9583333333333334
FEDXB05,F,2.0,NR,meal_freq_per_day,1,1.7083333333333333
FEDXB05,F,2.0,NR,meal_freq_per_day,2,1.9166666666666667
FEDXB05,F,2.0,NR,meal_freq_per_day,3,2.0833333333333335
FEDXB05,F,2.0,NR,meal_freq_per_day,4,1.4166666666666667
FEDXB05,F,2.0,NR,meal_freq_per_day,5,1.3333333333333333
FEDXB05,F,2.0,NR,meal_freq_per_day,6,2.0416666666666665
FEDXB05,F,2.0,NR,meal_freq_per_day,7,1.75
FEDXB06,F,2.0,NR,meal_freq_per_day,1,1.0416666666666667
FEDXB06,F,2.0,NR,meal_freq_per_day,2,2.5
FEDXB06,F,2.0,NR,meal_freq_per_day,3,1.7916666666666667
FEDXB06,F,2.0,NR,meal_freq_per_day,4,2.0
FEDXB06,F,2.0,NR,meal_freq_per_day,5,1.5
FEDXB06,F,2.0,NR,meal_freq_per_day,6,1.75
FEDXB06,F,2.0,NR,meal_freq_per_day,7,1.0833333333333333
FEDXB07,F,1.0,NR,meal_freq_per_day,1,1.125
FEDXB07,F,1.0,NR,meal_freq_per_day,2,1.3333333333333333
FEDXB07,F,1.0,NR,meal_freq_per_day,3,1.2916666666666667
FEDXB07,F,1.0,NR,meal_freq_per_day,4,1.5
FEDXB07,F,1.0,NR,meal_freq_per_day,5,1.75
FEDXB07,F,1.0,NR,meal_freq_per_day,6,1.4583333333333333
FEDXB07,F,1.0,NR,meal_freq_per_day,7,1.0416666666666667
FEDXB08,F,1.0,NR,meal_freq_per_day,1,0.7916666666666666
FEDXB08,F,1.0,NR,meal_freq_per_day,2,0.7083333333333334
FEDXB08,F,1.0,NR,meal_freq_per_day,3,1.0833333333333333
FEDXB08,F,1.0,NR,meal_freq_per_day,4,0.875
FEDXB08,F,1.0,NR,meal_freq_per_day,5,0.625
FEDXB08,F,1.0,NR,meal_freq_per_day,6,0.9583333333333334
FEDXB08,F,1.0,NR,meal_freq_per_day,7,0.4583333333333333
FEDXB10,F,1.0,NR,meal_freq_per_day,1,1.6666666666666667
FEDXB10,F,1.0,NR,meal_freq_per_day,2,1.75
FEDXB10,F,1.0,NR,meal_freq_per_day,3,2.625
FEDXB10,F,1.0,NR,meal_freq_per_day,4,2.1666666666666665
FEDXB10,F,1.0,NR,meal_freq_per_day,5,2.25
FEDXB10,F,1.0,NR,meal_freq_per_day,6,2.25
FEDXB10,F,1.0,NR,meal_freq_per_day,7,2.0
FEDXB11,F,1.0,NR,meal_freq_per_day,1,1.75
FEDXB11,F,1.0,NR,meal_freq_per_day,2,1.7083333333333333
FEDXB11,F,1.0,NR,meal_freq_per_day,3,1.9583333333333333
FEDXB11,F,1.0,NR,meal_freq_per_day,4,1.8333333333333333
FEDXB11,F,1.0,NR,meal_freq_per_day,5,1.7916666666666667
FEDXB11,F,1.0,NR,meal_freq_per_day,6,1.625
FEDXB11,F,1.0,NR,meal_freq_per_day,7,1.7916666666666667
FEDXB12,F,1.0,NR,meal_freq_per_day,1,0.6666666666666666
FEDXB12,F,1.0,NR,meal_freq_per_day,2,0.875
FEDXB12,F,1.0,NR,meal_freq_per_day,3,0.8333333333333334
FEDXB12,F,1.0,NR,meal_freq_per_day,4,0.5833333333333334
FEDXB12,F,1.0,NR,meal_freq_per_day,5,0.8333333333333334
FEDXB12,F,1.0,NR,meal_freq_per_day,6,0.5833333333333334
FEDXB12,F,1.0,NR,meal_freq_per_day,7,0.3333333333333333
FEDXA01,M,2.0,PR,meal_freq_per_day,1,1.5416666666666667
FEDXA01,M,2.0,PR,meal_freq_per_day,2,1.2916666666666667
FEDXA01,M,2.0,PR,meal_freq_per_day,3,1.4583333333333333
FEDXA01,M,2.0,PR,meal_freq_per_day,4,1.125
FEDXA01,M,2.0,PR,meal_freq_per_day,5,1.2083333333333333
FEDXA01,M,2.0,PR,meal_freq_per_day,6,1.375
FEDXA01,M,2.0,PR,meal_freq_per_day,7,1.0416666666666667
FEDXA02,M,2.0,PR,meal_freq_per_day,1,1.625
FEDXA02,M,2.0,PR,meal_freq_per_day,2,1.7083333333333333
FEDXA02,M,2.0,PR,meal_freq_per_day,3,2.375
FEDXA02,M,2.0,PR,meal_freq_per_day,4,2.2083333333333335
FEDXA02,M,2.0,PR,meal_freq_per_day,5,2.0833333333333335
FEDXA02,M,2.0,PR,meal_freq_per_day,6,2.0416666666666665
FEDXA02,M,2.0,PR,meal_freq_per_day,7,1.7916666666666667
FEDXA03,M,2.0,PR,meal_freq_per_day,1,1.7083333333333333
FEDXA03,M,2.0,PR,meal_freq_per_day,2,1.375
FEDXA03,M,2.0,PR,meal_freq_per_day,3,1.8333333333333333
FEDXA03,M,2.0,PR,meal_freq_per_day,4,2.3333333333333335
FEDXA03,M,2.0,PR,meal_freq_per_day,5,2.5416666666666665
FEDXA03,M,2.0,PR,meal_freq_per_day,6,2.5416666666666665
FEDXA03,M,2.0,PR,meal_freq_per_day,7,2.25
FEDXA04,M,2.0,PR,meal_freq_per_day,1,1.3333333333333333
FEDXA04,M,2.0,PR,meal_freq_per_day,2,1.5416666666666667
FEDXA04,M,2.0,PR,meal_freq_per_day,3,1.5833333333333333
FEDXA04,M,2.0,PR,meal_freq_per_day,4,1.875
FEDXA04,M,2.0,PR,meal_freq_per_day,5,1.9166666666666667
FEDXA04,M,2.0,PR,meal_freq_per_day,6,1.9166666666666667
FEDXA04,M,2.0,PR,meal_freq_per_day,7,1.9166666666666667
FEDXA05,M,2.0,PR,meal_freq_per_day,1,1.5833333333333333
FEDXA05,M,2.0,PR,meal_freq_per_day,2,2.0
FEDXA05,M,2.0,PR,meal_freq_per_day,3,2.2916666666666665
FEDXA05,M,2.0,PR,meal_freq_per_day,4,2.2916666666666665
FEDXA05,M,2.0,PR,meal_freq_per_day,5,2.0416666666666665
FEDXA05,M,2.0,PR,meal_freq_per_day,6,2.6666666666666665
FEDXA05,M,2.0,PR,meal_freq_per_day,7,2.7916666666666665
FEDXA06,M,2.0,PR,meal_freq_per_day,1,2.2916666666666665
FEDXA06,M,2.0,PR,meal_freq_per_day,2,2.0416666666666665
FEDXA06,M,2.0,PR,meal_freq_per_day,3,2.6666666666666665
FEDXA06,M,2.0,PR,meal_freq_per_day,4,2.2083333333333335
FEDXA06,M,2.0,PR,meal_freq_per_day,5,2.25
FEDXA06,M,2.0,PR,meal_freq_per_day,6,1.9166666666666667
FEDXA06,M,2.0,PR,meal_freq_per_day,7,2.875
FEDXA07,M,1.0,PR,meal_freq_per_day,1,1.375
FEDXA07,M,1.0,PR,meal_freq_per_day,2,1.7916666666666667
FEDXA07,M,1.0,PR,meal_freq_per_day,3,1.5833333333333333
FEDXA07,M,1.0,PR,meal_freq_per_day,4,1.5416666666666667
FEDXA07,M,1.0,PR,meal_freq_per_day,5,1.375
FEDXA07,M,1.0,PR,meal_freq_per_day,6,1.4166666666666667
FEDXA07,M,1.0,PR,meal_freq_per_day,7,1.4166666666666667
FEDXA08,M,1.0,PR,meal_freq_per_day,1,0.75
FEDXA08,M,1.0,PR,meal_freq_per_day,2,1.0833333333333333
FEDXA08,M,1.0,PR,meal_freq_per_day,3,1.0833333333333333
FEDXA08,M,1.0,PR,meal_freq_per_day,4,0.5416666666666666
FEDXA08,M,1.0,PR,meal_freq_per_day,5,1.0
FEDXA08,M,1.0,PR,meal_freq_per_day,6,0.625
FEDXA08,M,1.0,PR,meal_freq_per_day,7,0.625
FEDXA09,M,1.0,PR,meal_freq_per_day,1,1.7083333333333333
FEDXA09,M,1.0,PR,meal_freq_per_day,2,2.0833333333333335
FEDXA09,M,1.0,PR,meal_freq_per_day,3,2.2083333333333335
FEDXA09,M,1.0,PR,meal_freq_per_day,4,1.875
FEDXA09,M,1.0,PR,meal_freq_per_day,5,2.0833333333333335
FEDXA09,M,1.0,PR,meal_freq_per_day,6,1.7916666666666667
FEDXA09,M,1.0,PR,meal_freq_per_day,7,1.4166666666666667
FEDXA10,M,1.0,PR,meal_freq_per_day,1,1.2916666666666667
FEDXA10,M,1.0,PR,meal_freq_per_day,2,1.4166666666666667
FEDXA10,M,1.0,PR,meal_freq_per_day,3,1.4166666666666667
FEDXA10,M,1.0,PR,meal_freq_per_day,4,1.25
FEDXA10,M,1.0,PR,meal_freq_per_day,5,1.125
FEDXA10,M,1.0,PR,meal_freq_per_day,6,1.25
FEDXA10,M,1.0,PR,meal_freq_per_day,7,1.5833333333333333
FEDXA11,M,1.0,PR,meal_freq_per_day,1,1.125
FEDXA11,M,1.0,PR,meal_freq_per_day,2,0.5
FEDXA11,M,1.0,PR,meal_freq_per_day,3,1.6666666666666667
FEDXA11,M,1.0,PR,meal_freq_per_day,4,2.1666666666666665
FEDXA11,M,1.0,PR,meal_freq_per_day,5,2.0
FEDXA11,M,1.0,PR,meal_freq_per_day,6,2.2083333333333335
FEDXA11,M,1.0,PR,meal_freq_per_day,7,1.9583333333333333
FEDXA12,M,1.0,PR,meal_freq_per_day,1,1.625
FEDXA12,M,1.0,PR,meal_freq_per_day,2,2.25
FEDXA12,M,1.0,PR,meal_freq_per_day,3,2.4583333333333335
FEDXA12,M,1.0,PR,meal_freq_per_day,4,2.2916666666666665
FEDXA12,M,1.0,PR,meal_freq_per_day,5,1.25
FEDXA12,M,1.0,PR,meal_freq_per_day,6,1.3333333333333333
FEDXA12,M,1.0,PR,meal_freq_per_day,7,1.625
FEDXB01,F,2.0,PR,meal_freq_per_day,1,0.875
FEDXB01,F,2.0,PR,meal_freq_per_day,2,1.5833333333333333
FEDXB01,F,2.0,PR,meal_freq_per_day,3,2.7083333333333335
FEDXB01,F,2.0,PR,meal_freq_per_day,4,2.7083333333333335
FEDXB01,F,2.0,PR,meal_freq_per_day,5,2.9166666666666665
FEDXB01,F,2.0,PR,meal_freq_per_day,6,2.875
FEDXB01,F,2.0,PR,meal_freq_per_day,7,2.3333333333333335
FEDXB02,F,2.0,PR,meal_freq_per_day,1,1.25
FEDXB02,F,2.0,PR,meal_freq_per_day,2,2.0416666666666665
FEDXB02,F,2.0,PR,meal_freq_per_day,3,2.875
FEDXB02,F,2.0,PR,meal_freq_per_day,4,1.5
FEDXB02,F,2.0,PR,meal_freq_per_day,5,2.0833333333333335
FEDXB02,F,2.0,PR,meal_freq_per_day,6,2.25
FEDXB02,F,2.0,PR,meal_freq_per_day,7,1.2083333333333333
FEDXB03,F,2.0,PR,meal_freq_per_day,1,1.3333333333333333
FEDXB03,F,2.0,PR,meal_freq_per_day,2,1.7083333333333333
FEDXB03,F,2.0,PR,meal_freq_per_day,3,2.25
FEDXB03,F,2.0,PR,meal_freq_per_day,4,2.4166666666666665
FEDXB03,F,2.0,PR,meal_freq_per_day,5,2.6666666666666665
FEDXB03,F,2.0,PR,meal_freq_per_day,6,2.9166666666666665
FEDXB03,F,2.0,PR,meal_freq_per_day,7,2.1666666666666665
FEDXB04,F,2.0,PR,meal_freq_per_day,1,0.9166666666666666
FEDXB04,F,2.0,PR,meal_freq_per_day,2,1.5
FEDXB04,F,2.0,PR,meal_freq_per_day,3,1.875
FEDXB04,F,2.0,PR,meal_freq_per_day,4,1.9583333333333333
FEDXB04,F,2.0,PR,meal_freq_per_day,5,1.4583333333333333
FEDXB04,F,2.0,PR,meal_freq_per_day,6,1.875
FEDXB04,F,2.0,PR,meal_freq_per_day,7,2.125
FEDXB05,F,2.0,PR,meal_freq_per_day,1,1.6666666666666667
FEDXB05,F,2.0,PR,meal_freq_per_day,2,1.6666666666666667
FEDXB05,F,2.0,PR,meal_freq_per_day,3,1.875
FEDXB05,F,2.0,PR,meal_freq_per_day,4,2.0833333333333335
FEDXB05,F,2.0,PR,meal_freq_per_day,5,1.9583333333333333
FEDXB05,F,2.0,PR,meal_freq_per_day,6,2.0416666666666665
FEDXB05,F,2.0,PR,meal_freq_per_day,7,1.7916666666666667
FEDXB06,F,2.0,PR,meal_freq_per_day,1,1.7083333333333333
FEDXB06,F,2.0,PR,meal_freq_per_day,2,1.4166666666666667
FEDXB06,F,2.0,PR,meal_freq_per_day,3,2.375
FEDXB06,F,2.0,PR,meal_freq_per_day,4,2.2083333333333335
FEDXB06,F,2.0,PR,meal_freq_per_day,5,2.4166666666666665
FEDXB06,F,2.0,PR,meal_freq_per_day,6,2.125
FEDXB06,F,2.0,PR,meal_freq_per_day,7,1.4583333333333333
FEDXB07,F,1.0,PR,meal_freq_per_day,1,1.75
FEDXB07,F,1.0,PR,meal_freq_per_day,2,1.6666666666666667
FEDXB07,F,1.0,PR,meal_freq_per_day,3,2.5833333333333335
FEDXB07,F,1.0,PR,meal_freq_per_day,4,2.25
FEDXB07,F,1.0,PR,meal_freq_per_day,5,2.4583333333333335
FEDXB07,F,1.0,PR,meal_freq_per_day,6,2.9166666666666665
FEDXB07,F,1.0,PR,meal_freq_per_day,7,2.9166666666666665
FEDXB08,F,1.0,PR,meal_freq_per_day,1,1.2916666666666667
FEDXB08,F,1.0,PR,meal_freq_per_day,2,1.375
FEDXB08,F,1.0,PR,meal_freq_per_day,3,1.0833333333333333
FEDXB08,F,1.0,PR,meal_freq_per_day,4,0.7083333333333334
FEDXB08,F,1.0,PR,meal_freq_per_day,5,1.0
FEDXB08,F,1.0,PR,meal_freq_per_day,6,1.5416666666666667
FEDXB08,F,1.0,PR,meal_freq_per_day,7,1.5416666666666667
FEDXB10,F,1.0,PR,meal_freq_per_day,1,2.4166666666666665
FEDXB10,F,1.0,PR,meal_freq_per_day,2,3.4583333333333335
FEDXB10,F,1.0,PR,meal_freq_per_day,3,2.875
FEDXB10,F,1.0,PR,meal_freq_per_day,4,2.375
FEDXB10,F,1.0,PR,meal_freq_per_day,5,1.7916666666666667
FEDXB10,F,1.0,PR,meal_freq_per_day,6,2.4166666666666665
FEDXB10,F,1.0,PR,meal_freq_per_day,7,2.5833333333333335
FEDXB11,F,1.0,PR,meal_freq_per_day,1,1.4583333333333333
FEDXB11,F,1.0,PR,meal_freq_per_day,2,1.5833333333333333
FEDXB11,F,1.0,PR,meal_freq_per_day,3,1.4166666666666667
FEDXB11,F,1.0,PR,meal_freq_per_day,4,1.625
FEDXB11,F,1.0,PR,meal_freq_per_day,5,1.4166666666666667
FEDXB11,F,1.0,PR,meal_freq_per_day,6,1.7083333333333333
FEDXB11,F,1.0,PR,meal_freq_per_day,7,1.8333333333333333
FEDXB12,F,1.0,PR,meal_freq_per_day,1,0.7916666666666666
FEDXB12,F,1.0,PR,meal_freq_per_day,2,0.875
FEDXB12,F,1.0,PR,meal_freq_per_day,3,0.5416666666666666
FEDXB12,F,1.0,PR,meal_freq_per_day,4,0.625
FEDXB12,F,1.0,PR,meal_freq_per_day,5,0.9166666666666666
FEDXB12,F,1.0,PR,meal_freq_per_day,6,1.0
FEDXB12,F,1.0,PR,meal_freq_per_day,7,0.9583333333333334
FEDXA01,M,2.0,GRAIN,meal_size_per_day,1,3.122448979591837
FEDXA01,M,2.0,GRAIN,meal_size_per_day,2,3.3870967741935485
FEDXA01,M,2.0,GRAIN,meal_size_per_day,3,3.2413793103448274
FEDXA02,M,2.0,GRAIN,meal_size_per_day,1,3.269230769230769
FEDXA02,M,2.0,GRAIN,meal_size_per_day,2,3.0714285714285716
FEDXA02,M,2.0,GRAIN,meal_size_per_day,3,3.4482758620689653
FEDXA03,M,2.0,GRAIN,meal_size_per_day,1,2.8653846153846154
FEDXA03,M,2.0,GRAIN,meal_size_per_day,2,3.325
FEDXA03,M,2.0,GRAIN,meal_size_per_day,3,3.2857142857142856
FEDXA04,M,2.0,GRAIN,meal_size_per_day,1,2.689655172413793
FEDXA04,M,2.0,GRAIN,meal_size_per_day,2,3.021276595744681
FEDXA04,M,2.0,GRAIN,meal_size_per_day,3,3.4814814814814814
FEDXA05,M,2.0,GRAIN,meal_size_per_day,1,2.9166666666666665
FEDXA05,M,2.0,GRAIN,meal_size_per_day,2,3.8461538461538463
FEDXA05,M,2.0,GRAIN,meal_size_per_day,3,3.7857142857142856
FEDXA06,M,2.0,GRAIN,meal_size_per_day,1,2.55
FEDXA06,M,2.0,GRAIN,meal_size_per_day,2,2.9375
FEDXA06,M,2.0,GRAIN,meal_size_per_day,3,3.0
FEDXA07,M,1.0,GRAIN,meal_size_per_day,1,3.3714285714285714
FEDXA07,M,1.0,GRAIN,meal_size_per_day,2,3.5652173913043477
FEDXA07,M,1.0,GRAIN,meal_size_per_day,3,3.4615384615384617
FEDXA08,M,1.0,GRAIN,meal_size_per_day,1,2.903225806451613
FEDXA08,M,1.0,GRAIN,meal_size_per_day,2,3.75
FEDXA08,M,1.0,GRAIN,meal_size_per_day,3,3.5172413793103448
FEDXA09,M,1.0,GRAIN,meal_size_per_day,1,2.9705882352941178
FEDXA09,M,1.0,GRAIN,meal_size_per_day,2,3.282608695652174
FEDXA09,M,1.0,GRAIN,meal_size_per_day,3,3.4
FEDXA10,M,1.0,GRAIN,meal_size_per_day,1,3.057142857142857
FEDXA10,M,1.0,GRAIN,meal_size_per_day,2,4.0
FEDXA10,M,1.0,GRAIN,meal_size_per_day,3,3.6956521739130435
FEDXA11,M,1.0,GRAIN,meal_size_per_day,1,3.088888888888889
FEDXA11,M,1.0,GRAIN,meal_size_per_day,2,3.4242424242424243
FEDXA11,M,1.0,GRAIN,meal_size_per_day,3,3.3333333333333335
FEDXA12,M,1.0,GRAIN,meal_size_per_day,1,3.0
FEDXA12,M,1.0,GRAIN,meal_size_per_day,2,3.34375
FEDXA12,M,1.0,GRAIN,meal_size_per_day,3,3.21875
FEDXB01,F,2.0,GRAIN,meal_size_per_day,1,2.870967741935484
FEDXB01,F,2.0,GRAIN,meal_size_per_day,2,3.1538461538461537
FEDXB01,F,2.0,GRAIN,meal_size_per_day,3,3.6363636363636362
FEDXB02,F,2.0,GRAIN,meal_size_per_day,1,2.807017543859649
FEDXB02,F,2.0,GRAIN,meal_size_per_day,2,3.0652173913043477
FEDXB02,F,2.0,GRAIN,meal_size_per_day,3,3.1
FEDXB03,F,2.0,GRAIN,meal_size_per_day,1,2.8095238095238093
FEDXB03,F,2.0,GRAIN,meal_size_per_day,2,3.0476190476190474
FEDXB03,F,2.0,GRAIN,meal_size_per_day,3,3.4838709677419355
FEDXB04,F,2.0,GRAIN,meal_size_per_day,1,3.0
FEDXB04,F,2.0,GRAIN,meal_size_per_day,2,3.375
FEDXB04,F,2.0,GRAIN,meal_size_per_day,3,2.9696969696969697
FEDXB05,F,2.0,GRAIN,meal_size_per_day,1,3.1578947368421053
FEDXB05,F,2.0,GRAIN,meal_size_per_day,2,3.361111111111111
FEDXB05,F,2.0,GRAIN,meal_size_per_day,3,3.7058823529411766
FEDXB06,F,2.0,GRAIN,meal_size_per_day,1,3.75
FEDXB06,F,2.0,GRAIN,meal_size_per_day,2,3.5
FEDXB06,F,2.0,GRAIN,meal_size_per_day,3,3.8
FEDXB07,F,1.0,GRAIN,meal_size_per_day,1,2.973684210526316
FEDXB07,F,1.0,GRAIN,meal_size_per_day,2,3.3333333333333335
FEDXB07,F,1.0,GRAIN,meal_size_per_day,3,3.8076923076923075
FEDXB08,F,1.0,GRAIN,meal_size_per_day,1,3.260869565217391
FEDXB08,F,1.0,GRAIN,meal_size_per_day,2,3.8461538461538463
FEDXB08,F,1.0,GRAIN,meal_size_per_day,3,4.6
FEDXB10,F,1.0,GRAIN,meal_size_per_day,1,3.0625
FEDXB10,F,1.0,GRAIN,meal_size_per_day,2,3.1621621621621623
FEDXB10,F,1.0,GRAIN,meal_size_per_day,3,3.3181818181818183
FEDXB11,F,1.0,GRAIN,meal_size_per_day,1,3.6153846153846154
FEDXB11,F,1.0,GRAIN,meal_size_per_day,2,3.1
FEDXB11,F,1.0,GRAIN,meal_size_per_day,3,3.0714285714285716
FEDXB12,F,1.0,GRAIN,meal_size_per_day,1,2.9166666666666665
FEDXB12,F,1.0,GRAIN,meal_size_per_day,2,3.1333333333333333
FEDXB12,F,1.0,GRAIN,meal_size_per_day,3,3.8333333333333335
FEDXA01,M,2.0,NR,meal_size_per_day,1,3.933333333333333
FEDXA01,M,2.0,NR,meal_size_per_day,2,3.5833333333333335
FEDXA01,M,2.0,NR,meal_size_per_day,3,3.2916666666666665
FEDXA01,M,2.0,NR,meal_size_per_day,4,3.6666666666666665
FEDXA01,M,2.0,NR,meal_size_per_day,5,3.9
FEDXA01,M,2.0,NR,meal_size_per_day,6,3.727272727272727
FEDXA01,M,2.0,NR,meal_size_per_day,7,3.727272727272727
FEDXA02,M,2.0,NR,meal_size_per_day,1,3.590909090909091
FEDXA02,M,2.0,NR,meal_size_per_day,2,3.761904761904762
FEDXA02,M,2.0,NR,meal_size_per_day,3,3.4210526315789473
FEDXA02,M,2.0,NR,meal_size_per_day,4,3.0
FEDXA02,M,2.0,NR,meal_size_per_day,5,3.75
FEDXA02,M,2.0,NR,meal_size_per_day,6,3.9655172413793105
FEDXA02,M,2.0,NR,meal_size_per_day,7,3.8947368421052633
FEDXA03,M,2.0,NR,meal_size_per_day,1,3.5833333333333335
FEDXA03,M,2.0,NR,meal_size_per_day,2,4.148148148148148
FEDXA03,M,2.0,NR,meal_size_per_day,3,4.071428571428571
FEDXA03,M,2.0,NR,meal_size_per_day,4,3.8095238095238093
FEDXA03,M,2.0,NR,meal_size_per_day,5,3.8260869565217392
FEDXA03,M,2.0,NR,meal_size_per_day,6,3.903225806451613
FEDXA03,M,2.0,NR,meal_size_per_day,7,4.045454545454546
FEDXA04,M,2.0,NR,meal_size_per_day,1,3.3684210526315788
FEDXA04,M,2.0,NR,meal_size_per_day,2,3.388888888888889
FEDXA04,M,2.0,NR,meal_size_per_day,3,4.04
FEDXA04,M,2.0,NR,meal_size_per_day,4,3.6
FEDXA04,M,2.0,NR,meal_size_per_day,5,4.0476190476190474
FEDXA04,M,2.0,NR,meal_size_per_day,6,3.6206896551724137
FEDXA04,M,2.0,NR,meal_size_per_day,7,4.125
FEDXA05,M,2.0,NR,meal_size_per_day,1,3.409090909090909
FEDXA05,M,2.0,NR,meal_size_per_day,2,3.475
FEDXA05,M,2.0,NR,meal_size_per_day,3,3.6666666666666665
FEDXA05,M,2.0,NR,meal_size_per_day,4,3.65
FEDXA05,M,2.0,NR,meal_size_per_day,5,3.526315789473684
FEDXA05,M,2.0,NR,meal_size_per_day,6,3.4054054054054053
FEDXA05,M,2.0,NR,meal_size_per_day,7,3.7666666666666666
FEDXA06,M,2.0,NR,meal_size_per_day,1,3.1463414634146343
FEDXA06,M,2.0,NR,meal_size_per_day,2,3.1818181818181817
FEDXA06,M,2.0,NR,meal_size_per_day,3,3.4545454545454546
FEDXA06,M,2.0,NR,meal_size_per_day,4,3.2
FEDXA06,M,2.0,NR,meal_size_per_day,5,3.5555555555555554
FEDXA06,M,2.0,NR,meal_size_per_day,6,3.3125
FEDXA06,M,2.0,NR,meal_size_per_day,7,3.097560975609756
FEDXA07,M,1.0,NR,meal_size_per_day,1,4.0
FEDXA07,M,1.0,NR,meal_size_per_day,2,3.75
FEDXA07,M,1.0,NR,meal_size_per_day,3,3.4516129032258065
FEDXA07,M,1.0,NR,meal_size_per_day,4,3.6666666666666665
FEDXA07,M,1.0,NR,meal_size_per_day,5,3.764705882352941
FEDXA07,M,1.0,NR,meal_size_per_day,6,3.764705882352941
FEDXA07,M,1.0,NR,meal_size_per_day,7,3.806451612903226
FEDXA08,M,1.0,NR,meal_size_per_day,1,3.1666666666666665
FEDXA08,M,1.0,NR,meal_size_per_day,2,3.15
FEDXA08,M,1.0,NR,meal_size_per_day,3,3.1463414634146343
FEDXA08,M,1.0,NR,meal_size_per_day,4,3.3214285714285716
FEDXA08,M,1.0,NR,meal_size_per_day,5,3.3529411764705883
FEDXA08,M,1.0,NR,meal_size_per_day,6,3.7222222222222223
FEDXA08,M,1.0,NR,meal_size_per_day,7,3.5
FEDXA09,M,1.0,NR,meal_size_per_day,1,3.484848484848485
FEDXA09,M,1.0,NR,meal_size_per_day,2,3.5588235294117645
FEDXA09,M,1.0,NR,meal_size_per_day,3,3.606060606060606
FEDXA09,M,1.0,NR,meal_size_per_day,4,3.6451612903225805
FEDXA09,M,1.0,NR,meal_size_per_day,5,3.8157894736842106
FEDXA09,M,1.0,NR,meal_size_per_day,6,3.9375
FEDXA09,M,1.0,NR,meal_size_per_day,7,3.4864864864864864
FEDXA10,M,1.0,NR,meal_size_per_day,1,3.46875
FEDXA10,M,1.0,NR,meal_size_per_day,2,3.657142857142857
FEDXA10,M,1.0,NR,meal_size_per_day,3,3.404255319148936
FEDXA10,M,1.0,NR,meal_size_per_day,4,3.8529411764705883
FEDXA10,M,1.0,NR,meal_size_per_day,5,3.76
FEDXA10,M,1.0,NR,meal_size_per_day,6,3.625
FEDXA10,M,1.0,NR,meal_size_per_day,7,3.6153846153846154
FEDXA11,M,1.0,NR,meal_size_per_day,1,3.5714285714285716
FEDXA11,M,1.0,NR,meal_size_per_day,2,3.193548387096774
FEDXA11,M,1.0,NR,meal_size_per_day,3,3.324324324324324
FEDXA11,M,1.0,NR,meal_size_per_day,4,3.026315789473684
FEDXA11,M,1.0,NR,meal_size_per_day,5,2.9473684210526314
FEDXA11,M,1.0,NR,meal_size_per_day,6,3.1
FEDXA11,M,1.0,NR,meal_size_per_day,7,3.2222222222222223
FEDXA12,M,1.0,NR,meal_size_per_day,1,3.53125
FEDXA12,M,1.0,NR,meal_size_per_day,2,3.096774193548387
FEDXA12,M,1.0,NR,meal_size_per_day,3,3.230769230769231
FEDXA12,M,1.0,NR,meal_size_per_day,4,3.303030303030303
FEDXA12,M,1.0,NR,meal_size_per_day,5,3.236842105263158
FEDXA12,M,1.0,NR,meal_size_per_day,6,3.4186046511627906
FEDXA12,M,1.0,NR,meal_size_per_day,7,3.4782608695652173
FEDXB01,F,2.0,NR,meal_size_per_day,1,3.064516129032258
FEDXB01,F,2.0,NR,meal_size_per_day,2,3.3777777777777778
FEDXB01,F,2.0,NR,meal_size_per_day,3,3.0
FEDXB01,F,2.0,NR,meal_size_per_day,4,2.953488372093023
FEDXB01,F,2.0,NR,meal_size_per_day,5,3.257142857142857
FEDXB01,F,2.0,NR,meal_size_per_day,6,2.903225806451613
FEDXB01,F,2.0,NR,meal_size_per_day,7,3.392156862745098
FEDXB02,F,2.0,NR,meal_size_per_day,1,3.4054054054054053
FEDXB02,F,2.0,NR,meal_size_per_day,2,3.6052631578947367
FEDXB02,F,2.0,NR,meal_size_per_day,3,3.4375
FEDXB02,F,2.0,NR,meal_size_per_day,4,3.0294117647058822
FEDXB02,F,2.0,NR,meal_size_per_day,5,3.4782608695652173
FEDXB02,F,2.0,NR,meal_size_per_day,6,3.022727272727273
FEDXB02,F,2.0,NR,meal_size_per_day,7,3.7777777777777777
FEDXB03,F,2.0,NR,meal_size_per_day,1,3.1
FEDXB03,F,2.0,NR,meal_size_per_day,2,3.28125
FEDXB03,F,2.0,NR,meal_size_per_day,3,3.1016949152542375
FEDXB03,F,2.0,NR,meal_size_per_day,4,3.0416666666666665
FEDXB03,F,2.0,NR,meal_size_per_day,5,3.020408163265306
FEDXB03,F,2.0,NR,meal_size_per_day,6,3.4318181818181817
FEDXB03,F,2.0,NR,meal_size_per_day,7,3.5833333333333335
FEDXB04,F,2.0,NR,meal_size_per_day,1,3.3181818181818183
FEDXB04,F,2.0,NR,meal_size_per_day,2,3.413793103448276
FEDXB04,F,2.0,NR,meal_size_per_day,3,3.71875
FEDXB04,F,2.0,NR,meal_size_per_day,4,3.6956521739130435
FEDXB04,F,2.0,NR,meal_size_per_day,5,3.8461538461538463
FEDXB04,F,2.0,NR,meal_size_per_day,6,3.391304347826087
FEDXB04,F,2.0,NR,meal_size_per_day,7,3.3043478260869565
FEDXB05,F,2.0,NR,meal_size_per_day,1,3.8536585365853657
FEDXB05,F,2.0,NR,meal_size_per_day,2,3.5869565217391304
FEDXB05,F,2.0,NR,meal_size_per_day,3,3.36
FEDXB05,F,2.0,NR,meal_size_per_day,4,4.0
FEDXB05,F,2.0,NR,meal_size_per_day,5,3.34375
FEDXB05,F,2.0,NR,meal_size_per_day,6,3.1020408163265305
FEDXB05,F,2.0,NR,meal_size_per_day,7,3.1666666666666665
FEDXB06,F,2.0,NR,meal_size_per_day,1,3.28
FEDXB06,F,2.0,NR,meal_size_per_day,2,3.3
FEDXB06,F,2.0,NR,meal_size_per_day,3,3.558139534883721
FEDXB06,F,2.0,NR,meal_size_per_day,4,3.6666666666666665
FEDXB06,F,2.0,NR,meal_size_per_day,5,3.388888888888889
FEDXB06,F,2.0,NR,meal_size_per_day,6,3.238095238095238
FEDXB06,F,2.0,NR,meal_size_per_day,7,3.8461538461538463
FEDXB07,F,1.0,NR,meal_size_per_day,1,3.4074074074074074
FEDXB07,F,1.0,NR,meal_size_per_day,2,3.4375
FEDXB07,F,1.0,NR,meal_size_per_day,3,3.7096774193548385
FEDXB07,F,1.0,NR,meal_size_per_day,4,3.361111111111111
FEDXB07,F,1.0,NR,meal_size_per_day,5,3.4285714285714284
FEDXB07,F,1.0,NR,meal_size_per_day,6,3.4
FEDXB07,F,1.0,NR,meal_size_per_day,7,3.4
FEDXB08,F,1.0,NR,meal_size_per_day,1,3.526315789473684
FEDXB08,F,1.0,NR,meal_size_per_day,2,3.8823529411764706
FEDXB08,F,1.0,NR,meal_size_per_day,3,3.576923076923077
FEDXB08,F,1.0,NR,meal_size_per_day,4,3.857142857142857
FEDXB08,F,1.0,NR,meal_size_per_day,5,4.2
FEDXB08,F,1.0,NR,meal_size_per_day,6,3.6956521739130435
FEDXB08,F,1.0,NR,meal_size_per_day,7,3.727272727272727
FEDXB10,F,1.0,NR,meal_size_per_day,1,2.975
FEDXB10,F,1.0,NR,meal_size_per_day,2,2.738095238095238
FEDXB10,F,1.0,NR,meal_size_per_day,3,2.6984126984126986
FEDXB10,F,1.0,NR,meal_size_per_day,4,2.9615384615384617
FEDXB10,F,1.0,NR,meal_size_per_day,5,2.9444444444444446
FEDXB10,F,1.0,NR,meal_size_per_day,6,2.8333333333333335
FEDXB10,F,1.0,NR,meal_size_per_day,7,2.8333333333333335
FEDXB11,F,1.0,NR,meal_size_per_day,1,2.5952380952380953
FEDXB11,F,1.0,NR,meal_size_per_day,2,2.317073170731707
FEDXB11,F,1.0,NR,meal_size_per_day,3,2.4468085106382977
FEDXB11,F,1.0,NR,meal_size_per_day,4,2.5454545454545454
FEDXB11,F,1.0,NR,meal_size_per_day,5,2.7674418604651163
FEDXB11,F,1.0,NR,meal_size_per_day,6,2.7435897435897436
FEDXB11,F,1.0,NR,meal_size_per_day,7,2.6511627906976742
FEDXB12,F,1.0,NR,meal_size_per_day,1,3.3125
FEDXB12,F,1.0,NR,meal_size_per_day,2,3.4761904761904763
FEDXB12,F,1.0,NR,meal_size_per_day,3,3.45
FEDXB12,F,1.0,NR,meal_size_per_day,4,3.642857142857143
FEDXB12,F,1.0,NR,meal_size_per_day,5,3.6
FEDXB12,F,1.0,NR,meal_size_per_day,6,3.4285714285714284
FEDXB12,F,1.0,NR,meal_size_per_day,7,4.125
FEDXA01,M,2.0,PR,meal_size_per_day,1,2.6486486486486487
FEDXA01,M,2.0,PR,meal_size_per_day,2,3.0
FEDXA01,M,2.0,PR,meal_size_per_day,3,2.914285714285714
FEDXA01,M,2.0,PR,meal_size_per_day,4,2.7037037037037037
FEDXA01,M,2.0,PR,meal_size_per_day,5,3.310344827586207
FEDXA01,M,2.0,PR,meal_size_per_day,6,2.9696969696969697
FEDXA01,M,2.0,PR,meal_size_per_day,7,3.84
FEDXA02,M,2.0,PR,meal_size_per_day,1,2.871794871794872
FEDXA02,M,2.0,PR,meal_size_per_day,2,2.8048780487804876
FEDXA02,M,2.0,PR,meal_size_per_day,3,2.754385964912281
FEDXA02,M,2.0,PR,meal_size_per_day,4,2.9622641509433962
FEDXA02,M,2.0,PR,meal_size_per_day,5,3.0
FEDXA02,M,2.0,PR,meal_size_per_day,6,3.5510204081632653
FEDXA02,M,2.0,PR,meal_size_per_day,7,3.4651162790697674
FEDXA03,M,2.0,PR,meal_size_per_day,1,2.8048780487804876
FEDXA03,M,2.0,PR,meal_size_per_day,2,2.5454545454545454
FEDXA03,M,2.0,PR,meal_size_per_day,3,2.590909090909091
FEDXA03,M,2.0,PR,meal_size_per_day,4,3.2142857142857144
FEDXA03,M,2.0,PR,meal_size_per_day,5,3.2950819672131146
FEDXA03,M,2.0,PR,meal_size_per_day,6,3.262295081967213
FEDXA03,M,2.0,PR,meal_size_per_day,7,3.314814814814815
FEDXA04,M,2.0,PR,meal_size_per_day,1,2.90625
FEDXA04,M,2.0,PR,meal_size_per_day,2,2.72972972972973
FEDXA04,M,2.0,PR,meal_size_per_day,3,2.8947368421052633
FEDXA04,M,2.0,PR,meal_size_per_day,4,2.911111111111111
FEDXA04,M,2.0,PR,meal_size_per_day,5,3.4130434782608696
FEDXA04,M,2.0,PR,meal_size_per_day,6,3.4782608695652173
FEDXA04,M,2.0,PR,meal_size_per_day,7,3.760869565217391
FEDXA05,M,2.0,PR,meal_size_per_day,1,3.0789473684210527
FEDXA05,M,2.0,PR,meal_size_per_day,2,2.9375
FEDXA05,M,2.0,PR,meal_size_per_day,3,2.7454545454545456
FEDXA05,M,2.0,PR,meal_size_per_day,4,3.018181818181818
FEDXA05,M,2.0,PR,meal_size_per_day,5,2.979591836734694
FEDXA05,M,2.0,PR,meal_size_per_day,6,2.796875
FEDXA05,M,2.0,PR,meal_size_per_day,7,2.955223880597015
FEDXA06,M,2.0,PR,meal_size_per_day,1,2.6363636363636362
FEDXA06,M,2.0,PR,meal_size_per_day,2,2.5306122448979593
FEDXA06,M,2.0,PR,meal_size_per_day,3,2.28125
FEDXA06,M,2.0,PR,meal_size_per_day,4,2.69811320754717
FEDXA06,M,2.0,PR,meal_size_per_day,5,2.5925925925925926
FEDXA06,M,2.0,PR,meal_size_per_day,6,2.717391304347826
FEDXA06,M,2.0,PR,meal_size_per_day,7,2.753623188405797
FEDXA07,M,1.0,PR,meal_size_per_day,1,3.4242424242424243
FEDXA07,M,1.0,PR,meal_size_per_day,2,2.86046511627907
FEDXA07,M,1.0,PR,meal_size_per_day,3,2.973684210526316
FEDXA07,M,1.0,PR,meal_size_per_day,4,3.4864864864864864
FEDXA07,M,1.0,PR,meal_size_per_day,5,3.757575757575758
FEDXA07,M,1.0,PR,meal_size_per_day,6,3.5294117647058822
FEDXA07,M,1.0,PR,meal_size_per_day,7,3.5294117647058822
FEDXA08,M,1.0,PR,meal_size_per_day,1,3.5555555555555554
FEDXA08,M,1.0,PR,meal_size_per_day,2,3.4615384615384617
FEDXA08,M,1.0,PR,meal_size_per_day,3,3.0
FEDXA08,M,1.0,PR,meal_size_per_day,4,3.6923076923076925
FEDXA08,M,1.0,PR,meal_size_per_day,5,3.3333333333333335
FEDXA08,M,1.0,PR,meal_size_per_day,6,2.933333333333333
FEDXA08,M,1.0,PR,meal_size_per_day,7,3.3333333333333335
FEDXA09,M,1.0,PR,meal_size_per_day,1,3.1951219512195124
FEDXA09,M,1.0,PR,meal_size_per_day,2,3.02
FEDXA09,M,1.0,PR,meal_size_per_day,3,3.0
FEDXA09,M,1.0,PR,meal_size_per_day,4,2.933333333333333
FEDXA09,M,1.0,PR,meal_size_per_day,5,3.04
FEDXA09,M,1.0,PR,meal_size_per_day,6,3.3255813953488373
FEDXA09,M,1.0,PR,meal_size_per_day,7,3.1176470588235294
FEDXA10,M,1.0,PR,meal_size_per_day,1,3.3870967741935485
FEDXA10,M,1.0,PR,meal_size_per_day,2,3.4705882352941178
FEDXA10,M,1.0,PR,meal_size_per_day,3,3.4411764705882355
FEDXA10,M,1.0,PR,meal_size_per_day,4,3.433333333333333
FEDXA10,M,1.0,PR,meal_size_per_day,5,3.3333333333333335
FEDXA10,M,1.0,PR,meal_size_per_day,6,3.466666666666667
FEDXA10,M,1.0,PR,meal_size_per_day,7,3.4210526315789473
FEDXA11,M,1.0,PR,meal_size_per_day,1,3.0
FEDXA11,M,1.0,PR,meal_size_per_day,2,2.5
FEDXA11,M,1.0,PR,meal_size_per_day,3,2.85
FEDXA11,M,1.0,PR,meal_size_per_day,4,2.9038461538461537
FEDXA11,M,1.0,PR,meal_size_per_day,5,3.0208333333333335
FEDXA11,M,1.0,PR,meal_size_per_day,6,2.792452830188679
FEDXA11,M,1.0,PR,meal_size_per_day,7,3.0851063829787235
FEDXA12,M,1.0,PR,meal_size_per_day,1,3.358974358974359
FEDXA12,M,1.0,PR,meal_size_per_day,2,3.0
FEDXA12,M,1.0,PR,meal_size_per_day,3,2.9491525423728815
FEDXA12,M,1.0,PR,meal_size_per_day,4,2.8727272727272726
FEDXA12,M,1.0,PR,meal_size_per_day,5,3.2
FEDXA12,M,1.0,PR,meal_size_per_day,6,3.625
FEDXA12,M,1.0,PR,meal_size_per_day,7,3.1538461538461537
FEDXB01,F,2.0,PR,meal_size_per_day,1,2.8095238095238093
FEDXB01,F,2.0,PR,meal_size_per_day,2,3.0526315789473686
FEDXB01,F,2.0,PR,meal_size_per_day,3,2.7846153846153845
FEDXB01,F,2.0,PR,meal_size_per_day,4,2.6307692307692307
FEDXB01,F,2.0,PR,meal_size_per_day,5,2.8
FEDXB01,F,2.0,PR,meal_size_per_day,6,2.8405797101449277
FEDXB01,F,2.0,PR,meal_size_per_day,7,2.6964285714285716
FEDXB02,F,2.0,PR,meal_size_per_day,1,3.1333333333333333
FEDXB02,F,2.0,PR,meal_size_per_day,2,2.8979591836734695
FEDXB02,F,2.0,PR,meal_size_per_day,3,2.5942028985507246
FEDXB02,F,2.0,PR,meal_size_per_day,4,2.861111111111111
FEDXB02,F,2.0,PR,meal_size_per_day,5,3.0
FEDXB02,F,2.0,PR,meal_size_per_day,6,3.0
FEDXB02,F,2.0,PR,meal_size_per_day,7,3.3793103448275863
FEDXB03,F,2.0,PR,meal_size_per_day,1,2.75
FEDXB03,F,2.0,PR,meal_size_per_day,2,2.6341463414634148
FEDXB03,F,2.0,PR,meal_size_per_day,3,2.888888888888889
FEDXB03,F,2.0,PR,meal_size_per_day,4,2.8793103448275863
FEDXB03,F,2.0,PR,meal_size_per_day,5,2.875
FEDXB03,F,2.0,PR,meal_size_per_day,6,3.2142857142857144
FEDXB03,F,2.0,PR,meal_size_per_day,7,3.0
FEDXB04,F,2.0,PR,meal_size_per_day,1,2.772727272727273
FEDXB04,F,2.0,PR,meal_size_per_day,2,2.5555555555555554
FEDXB04,F,2.0,PR,meal_size_per_day,3,2.577777777777778
FEDXB04,F,2.0,PR,meal_size_per_day,4,2.595744680851064
FEDXB04,F,2.0,PR,meal_size_per_day,5,2.8857142857142857
FEDXB04,F,2.0,PR,meal_size_per_day,6,3.0444444444444443
FEDXB04,F,2.0,PR,meal_size_per_day,7,3.156862745098039
FEDXB05,F,2.0,PR,meal_size_per_day,1,2.775
FEDXB05,F,2.0,PR,meal_size_per_day,2,2.45
FEDXB05,F,2.0,PR,meal_size_per_day,3,2.8666666666666667
FEDXB05,F,2.0,PR,meal_size_per_day,4,3.1
FEDXB05,F,2.0,PR,meal_size_per_day,5,3.234042553191489
FEDXB05,F,2.0,PR,meal_size_per_day,6,3.4081632653061225
FEDXB05,F,2.0,PR,meal_size_per_day,7,3.6744186046511627
FEDXB06,F,2.0,PR,meal_size_per_day,1,2.6341463414634148
FEDXB06,F,2.0,PR,meal_size_per_day,2,3.0294117647058822
FEDXB06,F,2.0,PR,meal_size_per_day,3,2.807017543859649
FEDXB06,F,2.0,PR,meal_size_per_day,4,2.9245283018867925
FEDXB06,F,2.0,PR,meal_size_per_day,5,2.8620689655172415
FEDXB06,F,2.0,PR,meal_size_per_day,6,2.9215686274509802
FEDXB06,F,2.0,PR,meal_size_per_day,7,3.2285714285714286
FEDXB07,F,1.0,PR,meal_size_per_day,1,3.0952380952380953
FEDXB07,F,1.0,PR,meal_size_per_day,2,3.325
FEDXB07,F,1.0,PR,meal_size_per_day,3,3.5
FEDXB07,F,1.0,PR,meal_size_per_day,4,3.3703703703703702
FEDXB07,F,1.0,PR,meal_size_per_day,5,3.3559322033898304
FEDXB07,F,1.0,PR,meal_size_per_day,6,3.257142857142857
FEDXB07,F,1.0,PR,meal_size_per_day,7,3.342857142857143
FEDXB08,F,1.0,PR,meal_size_per_day,1,3.193548387096774
FEDXB08,F,1.0,PR,meal_size_per_day,2,3.6363636363636362
FEDXB08,F,1.0,PR,meal_size_per_day,3,3.8461538461538463
FEDXB08,F,1.0,PR,meal_size_per_day,4,4.117647058823529
FEDXB08,F,1.0,PR,meal_size_per_day,5,3.125
FEDXB08,F,1.0,PR,meal_size_per_day,6,3.7837837837837838
FEDXB08,F,1.0,PR,meal_size_per_day,7,3.5135135135135136
FEDXB10,F,1.0,PR,meal_size_per_day,1,2.8620689655172415
FEDXB10,F,1.0,PR,meal_size_per_day,2,2.8433734939759034
FEDXB10,F,1.0,PR,meal_size_per_day,3,2.7246376811594204
FEDXB10,F,1.0,PR,meal_size_per_day,4,2.6666666666666665
FEDXB10,F,1.0,PR,meal_size_per_day,5,2.86046511627907
FEDXB10,F,1.0,PR,meal_size_per_day,6,2.706896551724138
FEDXB10,F,1.0,PR,meal_size_per_day,7,2.6451612903225805
FEDXB11,F,1.0,PR,meal_size_per_day,1,2.4285714285714284
FEDXB11,F,1.0,PR,meal_size_per_day,2,2.4210526315789473
FEDXB11,F,1.0,PR,meal_size_per_day,3,2.3823529411764706
FEDXB11,F,1.0,PR,meal_size_per_day,4,2.4871794871794872
FEDXB11,F,1.0,PR,meal_size_per_day,5,2.6176470588235294
FEDXB11,F,1.0,PR,meal_size_per_day,6,2.658536585365854
FEDXB11,F,1.0,PR,meal_size_per_day,7,2.8181818181818183
FEDXB12,F,1.0,PR,meal_size_per_day,1,3.4210526315789473
FEDXB12,F,1.0,PR,meal_size_per_day,2,3.4761904761904763
FEDXB12,F,1.0,PR,meal_size_per_day,3,3.0
FEDXB12,F,1.0,PR,meal_size_per_day,4,3.8
FEDXB12,F,1.0,PR,meal_size_per_day,5,3.090909090909091
FEDXB12,F,1.0,PR,meal_size_per_day,6,3.75
FEDXB12,F,1.0,PR,meal_size_per_day,7,3.739130434782609
FEDXA01,M,2.0,GRAIN,meals_per_day,1,49.0
FEDXA01,M,2.0,GRAIN,meals_per_day,2,31.0
FEDXA01,M,2.0,GRAIN,meals_per_day,3,29.0
FEDXA02,M,2.0,GRAIN,meals_per_day,1,52.0
FEDXA02,M,2.0,GRAIN,meals_per_day,2,42.0
FEDXA02,M,2.0,GRAIN,meals_per_day,3,29.0
FEDXA03,M,2.0,GRAIN,meals_per_day,1,52.0
FEDXA03,M,2.0,GRAIN,meals_per_day,2,40.0
FEDXA03,M,2.0,GRAIN,meals_per_day,3,35.0
FEDXA04,M,2.0,GRAIN,meals_per_day,1,58.0
FEDXA04,M,2.0,GRAIN,meals_per_day,2,47.0
FEDXA04,M,2.0,GRAIN,meals_per_day,3,27.0
FEDXA05,M,2.0,GRAIN,meals_per_day,1,24.0
FEDXA05,M,2.0,GRAIN,meals_per_day,2,13.0
FEDXA05,M,2.0,GRAIN,meals_per_day,3,14.0
FEDXA06,M,2.0,GRAIN,meals_per_day,1,40.0
FEDXA06,M,2.0,GRAIN,meals_per_day,2,32.0
FEDXA06,M,2.0,GRAIN,meals_per_day,3,2.0
FEDXA07,M,1.0,GRAIN,meals_per_day,1,35.0
FEDXA07,M,1.0,GRAIN,meals_per_day,2,23.0
FEDXA07,M,1.0,GRAIN,meals_per_day,3,13.0
FEDXA08,M,1.0,GRAIN,meals_per_day,1,31.0
FEDXA08,M,1.0,GRAIN,meals_per_day,2,20.0
FEDXA08,M,1.0,GRAIN,meals_per_day,3,29.0
FEDXA09,M,1.0,GRAIN,meals_per_day,1,68.0
FEDXA09,M,1.0,GRAIN,meals_per_day,2,46.0
FEDXA09,M,1.0,GRAIN,meals_per_day,3,25.0
FEDXA10,M,1.0,GRAIN,meals_per_day,1,35.0
FEDXA10,M,1.0,GRAIN,meals_per_day,2,25.0
FEDXA10,M,1.0,GRAIN,meals_per_day,3,23.0
FEDXA11,M,1.0,GRAIN,meals_per_day,1,45.0
FEDXA11,M,1.0,GRAIN,meals_per_day,2,33.0
FEDXA11,M,1.0,GRAIN,meals_per_day,3,15.0
FEDXA12,M,1.0,GRAIN,meals_per_day,1,39.0
FEDXA12,M,1.0,GRAIN,meals_per_day,2,32.0
FEDXA12,M,1.0,GRAIN,meals_per_day,3,32.0
FEDXB01,F,2.0,GRAIN,meals_per_day,1,31.0
FEDXB01,F,2.0,GRAIN,meals_per_day,2,26.0
FEDXB01,F,2.0,GRAIN,meals_per_day,3,22.0
FEDXB02,F,2.0,GRAIN,meals_per_day,1,57.0
FEDXB02,F,2.0,GRAIN,meals_per_day,2,46.0
FEDXB02,F,2.0,GRAIN,meals_per_day,3,30.0
FEDXB03,F,2.0,GRAIN,meals_per_day,1,21.0
FEDXB03,F,2.0,GRAIN,meals_per_day,2,42.0
FEDXB03,F,2.0,GRAIN,meals_per_day,3,31.0
FEDXB04,F,2.0,GRAIN,meals_per_day,1,38.0
FEDXB04,F,2.0,GRAIN,meals_per_day,2,24.0
FEDXB04,F,2.0,GRAIN,meals_per_day,3,33.0
FEDXB05,F,2.0,GRAIN,meals_per_day,1,38.0
FEDXB05,F,2.0,GRAIN,meals_per_day,2,36.0
FEDXB05,F,2.0,GRAIN,meals_per_day,3,34.0
FEDXB06,F,2.0,GRAIN,meals_per_day,1,44.0
FEDXB06,F,2.0,GRAIN,meals_per_day,2,28.0
FEDXB06,F,2.0,GRAIN,meals_per_day,3,25.0
FEDXB07,F,1.0,GRAIN,meals_per_day,1,38.0
FEDXB07,F,1.0,GRAIN,meals_per_day,2,27.0
FEDXB07,F,1.0,GRAIN,meals_per_day,3,26.0
FEDXB08,F,1.0,GRAIN,meals_per_day,1,23.0
FEDXB08,F,1.0,GRAIN,meals_per_day,2,13.0
FEDXB08,F,1.0,GRAIN,meals_per_day,3,5.0
FEDXB10,F,1.0,GRAIN,meals_per_day,1,48.0
FEDXB10,F,1.0,GRAIN,meals_per_day,2,37.0
FEDXB10,F,1.0,GRAIN,meals_per_day,3,44.0
FEDXB11,F,1.0,GRAIN,meals_per_day,1,39.0
FEDXB11,F,1.0,GRAIN,meals_per_day,2,50.0
FEDXB11,F,1.0,GRAIN,meals_per_day,3,42.0
FEDXB12,F,1.0,GRAIN,meals_per_day,1,24.0
FEDXB12,F,1.0,GRAIN,meals_per_day,2,15.0
FEDXB12,F,1.0,GRAIN,meals_per_day,3,6.0
FEDXA01,M,2.0,NR,meals_per_day,1,15.0
FEDXA01,M,2.0,NR,meals_per_day,2,24.0
FEDXA01,M,2.0,NR,meals_per_day,3,24.0
FEDXA01,M,2.0,NR,meals_per_day,4,21.0
FEDXA01,M,2.0,NR,meals_per_day,5,20.0
FEDXA01,M,2.0,NR,meals_per_day,6,11.0
FEDXA01,M,2.0,NR,meals_per_day,7,11.0
FEDXA02,M,2.0,NR,meals_per_day,1,22.0
FEDXA02,M,2.0,NR,meals_per_day,2,21.0
FEDXA02,M,2.0,NR,meals_per_day,3,38.0
FEDXA02,M,2.0,NR,meals_per_day,4,33.0
FEDXA02,M,2.0,NR,meals_per_day,5,32.0
FEDXA02,M,2.0,NR,meals_per_day,6,29.0
FEDXA02,M,2.0,NR,meals_per_day,7,19.0
FEDXA03,M,2.0,NR,meals_per_day,1,24.0
FEDXA03,M,2.0,NR,meals_per_day,2,27.0
FEDXA03,M,2.0,NR,meals_per_day,3,28.0
FEDXA03,M,2.0,NR,meals_per_day,4,21.0
FEDXA03,M,2.0,NR,meals_per_day,5,23.0
FEDXA03,M,2.0,NR,meals_per_day,6,31.0
FEDXA03,M,2.0,NR,meals_per_day,7,22.0
FEDXA04,M,2.0,NR,meals_per_day,1,19.0
FEDXA04,M,2.0,NR,meals_per_day,2,18.0
FEDXA04,M,2.0,NR,meals_per_day,3,25.0
FEDXA04,M,2.0,NR,meals_per_day,4,5.0
FEDXA04,M,2.0,NR,meals_per_day,5,21.0
FEDXA04,M,2.0,NR,meals_per_day,6,29.0
FEDXA04,M,2.0,NR,meals_per_day,7,16.0
FEDXA05,M,2.0,NR,meals_per_day,1,44.0
FEDXA05,M,2.0,NR,meals_per_day,2,40.0
FEDXA05,M,2.0,NR,meals_per_day,3,33.0
FEDXA05,M,2.0,NR,meals_per_day,4,40.0
FEDXA05,M,2.0,NR,meals_per_day,5,38.0
FEDXA05,M,2.0,NR,meals_per_day,6,37.0
FEDXA05,M,2.0,NR,meals_per_day,7,30.0
FEDXA06,M,2.0,NR,meals_per_day,1,41.0
FEDXA06,M,2.0,NR,meals_per_day,2,44.0
FEDXA06,M,2.0,NR,meals_per_day,3,44.0
FEDXA06,M,2.0,NR,meals_per_day,4,40.0
FEDXA06,M,2.0,NR,meals_per_day,5,36.0
FEDXA06,M,2.0,NR,meals_per_day,6,32.0
FEDXA06,M,2.0,NR,meals_per_day,7,41.0
FEDXA07,M,1.0,NR,meals_per_day,1,22.0
FEDXA07,M,1.0,NR,meals_per_day,2,28.0
FEDXA07,M,1.0,NR,meals_per_day,3,31.0
FEDXA07,M,1.0,NR,meals_per_day,4,21.0
FEDXA07,M,1.0,NR,meals_per_day,5,34.0
FEDXA07,M,1.0,NR,meals_per_day,6,34.0
FEDXA07,M,1.0,NR,meals_per_day,7,31.0
FEDXA08,M,1.0,NR,meals_per_day,1,36.0
FEDXA08,M,1.0,NR,meals_per_day,2,40.0
FEDXA08,M,1.0,NR,meals_per_day,3,41.0
FEDXA08,M,1.0,NR,meals_per_day,4,28.0
FEDXA08,M,1.0,NR,meals_per_day,5,17.0
FEDXA08,M,1.0,NR,meals_per_day,6,18.0
FEDXA08,M,1.0,NR,meals_per_day,7,18.0
FEDXA09,M,1.0,NR,meals_per_day,1,33.0
FEDXA09,M,1.0,NR,meals_per_day,2,34.0
FEDXA09,M,1.0,NR,meals_per_day,3,33.0
FEDXA09,M,1.0,NR,meals_per_day,4,31.0
FEDXA09,M,1.0,NR,meals_per_day,5,38.0
FEDXA09,M,1.0,NR,meals_per_day,6,16.0
FEDXA09,M,1.0,NR,meals_per_day,7,37.0
FEDXA10,M,1.0,NR,meals_per_day,1,32.0
FEDXA10,M,1.0,NR,meals_per_day,2,35.0
FEDXA10,M,1.0,NR,meals_per_day,3,47.0
FEDXA10,M,1.0,NR,meals_per_day,4,34.0
FEDXA10,M,1.0,NR,meals_per_day,5,25.0
FEDXA10,M,1.0,NR,meals_per_day,6,40.0
FEDXA10,M,1.0,NR,meals_per_day,7,26.0
FEDXA11,M,1.0,NR,meals_per_day,1,28.0
FEDXA11,M,1.0,NR,meals_per_day,2,31.0
FEDXA11,M,1.0,NR,meals_per_day,3,37.0
FEDXA11,M,1.0,NR,meals_per_day,4,38.0
FEDXA11,M,1.0,NR,meals_per_day,5,38.0
FEDXA11,M,1.0,NR,meals_per_day,6,30.0
FEDXA11,M,1.0,NR,meals_per_day,7,27.0
FEDXA12,M,1.0,NR,meals_per_day,1,32.0
FEDXA12,M,1.0,NR,meals_per_day,2,31.0
FEDXA12,M,1.0,NR,meals_per_day,3,39.0
FEDXA12,M,1.0,NR,meals_per_day,4,33.0
FEDXA12,M,1.0,NR,meals_per_day,5,38.0
FEDXA12,M,1.0,NR,meals_per_day,6,43.0
FEDXA12,M,1.0,NR,meals_per_day,7,46.0
FEDXB01,F,2.0,NR,meals_per_day,1,62.0
FEDXB01,F,2.0,NR,meals_per_day,2,45.0
FEDXB01,F,2.0,NR,meals_per_day,3,43.0
FEDXB01,F,2.0,NR,meals_per_day,4,43.0
FEDXB01,F,2.0,NR,meals_per_day,5,35.0
FEDXB01,F,2.0,NR,meals_per_day,6,62.0
FEDXB01,F,2.0,NR,meals_per_day,7,51.0
FEDXB02,F,2.0,NR,meals_per_day,1,37.0
FEDXB02,F,2.0,NR,meals_per_day,2,38.0
FEDXB02,F,2.0,NR,meals_per_day,3,32.0
FEDXB02,F,2.0,NR,meals_per_day,4,34.0
FEDXB02,F,2.0,NR,meals_per_day,5,23.0
FEDXB02,F,2.0,NR,meals_per_day,6,44.0
FEDXB02,F,2.0,NR,meals_per_day,7,36.0
FEDXB03,F,2.0,NR,meals_per_day,1,60.0
FEDXB03,F,2.0,NR,meals_per_day,2,64.0
FEDXB03,F,2.0,NR,meals_per_day,3,59.0
FEDXB03,F,2.0,NR,meals_per_day,4,48.0
FEDXB03,F,2.0,NR,meals_per_day,5,49.0
FEDXB03,F,2.0,NR,meals_per_day,6,44.0
FEDXB03,F,2.0,NR,meals_per_day,7,36.0
FEDXB04,F,2.0,NR,meals_per_day,1,44.0
FEDXB04,F,2.0,NR,meals_per_day,2,29.0
FEDXB04,F,2.0,NR,meals_per_day,3,32.0
FEDXB04,F,2.0,NR,meals_per_day,4,23.0
FEDXB04,F,2.0,NR,meals_per_day,5,13.0
FEDXB04,F,2.0,NR,meals_per_day,6,23.0
FEDXB04,F,2.0,NR,meals_per_day,7,23.0
FEDXB05,F,2.0,NR,meals_per_day,1,41.0
FEDXB05,F,2.0,NR,meals_per_day,2,46.0
FEDXB05,F,2.0,NR,meals_per_day,3,50.0
FEDXB05,F,2.0,NR,meals_per_day,4,34.0
FEDXB05,F,2.0,NR,meals_per_day,5,32.0
FEDXB05,F,2.0,NR,meals_per_day,6,49.0
FEDXB05,F,2.0,NR,meals_per_day,7,42.0
FEDXB06,F,2.0,NR,meals_per_day,1,25.0
FEDXB06,F,2.0,NR,meals_per_day,2,60.0
FEDXB06,F,2.0,NR,meals_per_day,3,43.0
FEDXB06,F,2.0,NR,meals_per_day,4,48.0
FEDXB06,F,2.0,NR,meals_per_day,5,36.0
FEDXB06,F,2.0,NR,meals_per_day,6,42.0
FEDXB06,F,2.0,NR,meals_per_day,7,26.0
FEDXB07,F,1.0,NR,meals_per_day,1,27.0
FEDXB07,F,1.0,NR,meals_per_day,2,32.0
FEDXB07,F,1.0,NR,meals_per_day,3,31.0
FEDXB07,F,1.0,NR,meals_per_day,4,36.0
FEDXB07,F,1.0,NR,meals_per_day,5,42.0
FEDXB07,F,1.0,NR,meals_per_day,6,35.0
FEDXB07,F,1.0,NR,meals_per_day,7,25.0
FEDXB08,F,1.0,NR,meals_per_day,1,19.0
FEDXB08,F,1.0,NR,meals_per_day,2,17.0
FEDXB08,F,1.0,NR,meals_per_day,3,26.0
FEDXB08,F,1.0,NR,meals_per_day,4,21.0
FEDXB08,F,1.0,NR,meals_per_day,5,15.0
FEDXB08,F,1.0,NR,meals_per_day,6,23.0
FEDXB08,F,1.0,NR,meals_per_day,7,11.0
FEDXB10,F,1.0,NR,meals_per_day,1,40.0
FEDXB10,F,1.0,NR,meals_per_day,2,42.0
FEDXB10,F,1.0,NR,meals_per_day,3,63.0
FEDXB10,F,1.0,NR,meals_per_day,4,52.0
FEDXB10,F,1.0,NR,meals_per_day,5,54.0
FEDXB10,F,1.0,NR,meals_per_day,6,54.0
FEDXB10,F,1.0,NR,meals_per_day,7,48.0
FEDXB11,F,1.0,NR,meals_per_day,1,42.0
FEDXB11,F,1.0,NR,meals_per_day,2,41.0
FEDXB11,F,1.0,NR,meals_per_day,3,47.0
FEDXB11,F,1.0,NR,meals_per_day,4,44.0
FEDXB11,F,1.0,NR,meals_per_day,5,43.0
FEDXB11,F,1.0,NR,meals_per_day,6,39.0
FEDXB11,F,1.0,NR,meals_per_day,7,43.0
FEDXB12,F,1.0,NR,meals_per_day,1,16.0
FEDXB12,F,1.0,NR,meals_per_day,2,21.0
FEDXB12,F,1.0,NR,meals_per_day,3,20.0
FEDXB12,F,1.0,NR,meals_per_day,4,14.0
FEDXB12,F,1.0,NR,meals_per_day,5,20.0
FEDXB12,F,1.0,NR,meals_per_day,6,14.0
FEDXB12,F,1.0,NR,meals_per_day,7,8.0
FEDXA01,M,2.0,PR,meals_per_day,1,37.0
FEDXA01,M,2.0,PR,meals_per_day,2,31.0
FEDXA01,M,2.0,PR,meals_per_day,3,35.0
FEDXA01,M,2.0,PR,meals_per_day,4,27.0
FEDXA01,M,2.0,PR,meals_per_day,5,29.0
FEDXA01,M,2.0,PR,meals_per_day,6,33.0
FEDXA01,M,2.0,PR,meals_per_day,7,25.0
FEDXA02,M,2.0,PR,meals_per_day,1,39.0
FEDXA02,M,2.0,PR,meals_per_day,2,41.0
FEDXA02,M,2.0,PR,meals_per_day,3,57.0
FEDXA02,M,2.0,PR,meals_per_day,4,53.0
FEDXA02,M,2.0,PR,meals_per_day,5,50.0
FEDXA02,M,2.0,PR,meals_per_day,6,49.0
FEDXA02,M,2.0,PR,meals_per_day,7,43.0
FEDXA03,M,2.0,PR,meals_per_day,1,41.0
FEDXA03,M,2.0,PR,meals_per_day,2,33.0
FEDXA03,M,2.0,PR,meals_per_day,3,44.0
FEDXA03,M,2.0,PR,meals_per_day,4,56.0
FEDXA03,M,2.0,PR,meals_per_day,5,61.0
FEDXA03,M,2.0,PR,meals_per_day,6,61.0
FEDXA03,M,2.0,PR,meals_per_day,7,54.0
FEDXA04,M,2.0,PR,meals_per_day,1,32.0
FEDXA04,M,2.0,PR,meals_per_day,2,37.0
FEDXA04,M,2.0,PR,meals_per_day,3,38.0
FEDXA04,M,2.0,PR,meals_per_day,4,45.0
FEDXA04,M,2.0,PR,meals_per_day,5,46.0
FEDXA04,M,2.0,PR,meals_per_day,6,46.0
FEDXA04,M,2.0,PR,meals_per_day,7,46.0
FEDXA05,M,2.0,PR,meals_per_day,1,38.0
FEDXA05,M,2.0,PR,meals_per_day,2,48.0
FEDXA05,M,2.0,PR,meals_per_day,3,55.0
FEDXA05,M,2.0,PR,meals_per_day,4,55.0
FEDXA05,M,2.0,PR,meals_per_day,5,49.0
FEDXA05,M,2.0,PR,meals_per_day,6,64.0
FEDXA05,M,2.0,PR,meals_per_day,7,67.0
FEDXA06,M,2.0,PR,meals_per_day,1,55.0
FEDXA06,M,2.0,PR,meals_per_day,2,49.0
FEDXA06,M,2.0,PR,meals_per_day,3,64.0
FEDXA06,M,2.0,PR,meals_per_day,4,53.0
FEDXA06,M,2.0,PR,meals_per_day,5,54.0
FEDXA06,M,2.0,PR,meals_per_day,6,46.0
FEDXA06,M,2.0,PR,meals_per_day,7,69.0
FEDXA07,M,1.0,PR,meals_per_day,1,33.0
FEDXA07,M,1.0,PR,meals_per_day,2,43.0
FEDXA07,M,1.0,PR,meals_per_day,3,38.0
FEDXA07,M,1.0,PR,meals_per_day,4,37.0
FEDXA07,M,1.0,PR,meals_per_day,5,33.0
FEDXA07,M,1.0,PR,meals_per_day,6,34.0
FEDXA07,M,1.0,PR,meals_per_day,7,34.0
FEDXA08,M,1.0,PR,meals_per_day,1,18.0
FEDXA08,M,1.0,PR,meals_per_day,2,26.0
FEDXA08,M,1.0,PR,meals_per_day,3,26.0
FEDXA08,M,1.0,PR,meals_per_day,4,13.0
FEDXA08,M,1.0,PR,meals_per_day,5,24.0
FEDXA08,M,1.0,PR,meals_per_day,6,15.0
FEDXA08,M,1.0,PR,meals_per_day,7,15.0
FEDXA09,M,1.0,PR,meals_per_day,1,41.0
FEDXA09,M,1.0,PR,meals_per_day,2,50.0
FEDXA09,M,1.0,PR,meals_per_day,3,53.0
FEDXA09,M,1.0,PR,meals_per_day,4,45.0
FEDXA09,M,1.0,PR,meals_per_day,5,50.0
FEDXA09,M,1.0,PR,meals_per_day,6,43.0
FEDXA09,M,1.0,PR,meals_per_day,7,34.0
FEDXA10,M,1.0,PR,meals_per_day,1,31.0
FEDXA10,M,1.0,PR,meals_per_day,2,34.0
FEDXA10,M,1.0,PR,meals_per_day,3,34.0
FEDXA10,M,1.0,PR,meals_per_day,4,30.0
FEDXA10,M,1.0,PR,meals_per_day,5,27.0
FEDXA10,M,1.0,PR,meals_per_day,6,30.0
FEDXA10,M,1.0,PR,meals_per_day,7,38.0
FEDXA11,M,1.0,PR,meals_per_day,1,27.0
FEDXA11,M,1.0,PR,meals_per_day,2,12.0
FEDXA11,M,1.0,PR,meals_per_day,3,40.0
FEDXA11,M,1.0,PR,meals_per_day,4,52.0
FEDXA11,M,1.0,PR,meals_per_day,5,48.0
FEDXA11,M,1.0,PR,meals_per_day,6,53.0
FEDXA11,M,1.0,PR,meals_per_day,7,47.0
FEDXA12,M,1.0,PR,meals_per_day,1,39.0
FEDXA12,M,1.0,PR,meals_per_day,2,54.0
FEDXA12,M,1.0,PR,meals_per_day,3,59.0
FEDXA12,M,1.0,PR,meals_per_day,4,55.0
FEDXA12,M,1.0,PR,meals_per_day,5,30.0
FEDXA12,M,1.0,PR,meals_per_day,6,32.0
FEDXA12,M,1.0,PR,meals_per_day,7,39.0
FEDXB01,F,2.0,PR,meals_per_day,1,21.0
FEDXB01,F,2.0,PR,meals_per_day,2,38.0
FEDXB01,F,2.0,PR,meals_per_day,3,65.0
FEDXB01,F,2.0,PR,meals_per_day,4,65.0
FEDXB01,F,2.0,PR,meals_per_day,5,70.0
FEDXB01,F,2.0,PR,meals_per_day,6,69.0
FEDXB01,F,2.0,PR,meals_per_day,7,56.0
FEDXB02,F,2.0,PR,meals_per_day,1,30.0
FEDXB02,F,2.0,PR,meals_per_day,2,49.0
FEDXB02,F,2.0,PR,meals_per_day,3,69.0
FEDXB02,F,2.0,PR,meals_per_day,4,36.0
FEDXB02,F,2.0,PR,meals_per_day,5,50.0
FEDXB02,F,2.0,PR,meals_per_day,6,54.0
FEDXB02,F,2.0,PR,meals_per_day,7,29.0
FEDXB03,F,2.0,PR,meals_per_day,1,32.0
FEDXB03,F,2.0,PR,meals_per_day,2,41.0
FEDXB03,F,2.0,PR,meals_per_day,3,54.0
FEDXB03,F,2.0,PR,meals_per_day,4,58.0
FEDXB03,F,2.0,PR,meals_per_day,5,64.0
FEDXB03,F,2.0,PR,meals_per_day,6,70.0
FEDXB03,F,2.0,PR,meals_per_day,7,52.0
FEDXB04,F,2.0,PR,meals_per_day,1,22.0
FEDXB04,F,2.0,PR,meals_per_day,2,36.0
FEDXB04,F,2.0,PR,meals_per_day,3,45.0
FEDXB04,F,2.0,PR,meals_per_day,4,47.0
FEDXB04,F,2.0,PR,meals_per_day,5,35.0
FEDXB04,F,2.0,PR,meals_per_day,6,45.0
FEDXB04,F,2.0,PR,meals_per_day,7,51.0
FEDXB05,F,2.0,PR,meals_per_day,1,40.0
FEDXB05,F,2.0,PR,meals_per_day,2,40.0
FEDXB05,F,2.0,PR,meals_per_day,3,45.0
FEDXB05,F,2.0,PR,meals_per_day,4,50.0
FEDXB05,F,2.0,PR,meals_per_day,5,47.0
FEDXB05,F,2.0,PR,meals_per_day,6,49.0
FEDXB05,F,2.0,PR,meals_per_day,7,43.0
FEDXB06,F,2.0,PR,meals_per_day,1,41.0
FEDXB06,F,2.0,PR,meals_per_day,2,34.0
FEDXB06,F,2.0,PR,meals_per_day,3,57.0
FEDXB06,F,2.0,PR,meals_per_day,4,53.0
FEDXB06,F,2.0,PR,meals_per_day,5,58.0
FEDXB06,F,2.0,PR,meals_per_day,6,51.0
FEDXB06,F,2.0,PR,meals_per_day,7,35.0
FEDXB07,F,1.0,PR,meals_per_day,1,42.0
FEDXB07,F,1.0,PR,meals_per_day,2,40.0
FEDXB07,F,1.0,PR,meals_per_day,3,62.0
FEDXB07,F,1.0,PR,meals_per_day,4,54.0
FEDXB07,F,1.0,PR,meals_per_day,5,59.0
FEDXB07,F,1.0,PR,meals_per_day,6,70.0
FEDXB07,F,1.0,PR,meals_per_day,7,70.0
FEDXB08,F,1.0,PR,meals_per_day,1,31.0
FEDXB08,F,1.0,PR,meals_per_day,2,33.0
FEDXB08,F,1.0,PR,meals_per_day,3,26.0
FEDXB08,F,1.0,PR,meals_per_day,4,17.0
FEDXB08,F,1.0,PR,meals_per_day,5,24.0
FEDXB08,F,1.0,PR,meals_per_day,6,37.0
FEDXB08,F,1.0,PR,meals_per_day,7,37.0
FEDXB10,F,1.0,PR,meals_per_day,1,58.0
FEDXB10,F,1.0,PR,meals_per_day,2,83.0
FEDXB10,F,1.0,PR,meals_per_day,3,69.0
FEDXB10,F,1.0,PR,meals_per_day,4,57.0
FEDXB10,F,1.0,PR,meals_per_day,5,43.0
FEDXB10,F,1.0,PR,meals_per_day,6,58.0
FEDXB10,F,1.0,PR,meals_per_day,7,62.0
FEDXB11,F,1.0,PR,meals_per_day,1,35.0
FEDXB11,F,1.0,PR,meals_per_day,2,38.0
FEDXB11,F,1.0,PR,meals_per_day,3,34.0
FEDXB11,F,1.0,PR,meals_per_day,4,39.0
FEDXB11,F,1.0,PR,meals_per_day,5,34.0
FEDXB11,F,1.0,PR,meals_per_day,6,41.0
FEDXB11,F,1.0,PR,meals_per_day,7,44.0
FEDXB12,F,1.0,PR,meals_per_day,1,19.0
FEDXB12,F,1.0,PR,meals_per_day,2,21.0
FEDXB12,F,1.0,PR,meals_per_day,3,13.0
FEDXB12,F,1.0,PR,meals_per_day,4,15.0
FEDXB12,F,1.0,PR,meals_per_day,5,22.0
FEDXB12,F,1.0,PR,meals_per_day,6,24.0
FEDXB12,F,1.0,PR,meals_per_day,7,23.0
FEDXA01,M,2.0,GRAIN,mega_meal_freq_per_day,1,0.6666666666666666
FEDXA01,M,2.0,GRAIN,mega_meal_freq_per_day,2,0.5416666666666666
FEDXA01,M,2.0,GRAIN,mega_meal_freq_per_day,3,0.4583333333333333
FEDXA02,M,2.0,GRAIN,mega_meal_freq_per_day,1,0.5416666666666666
FEDXA02,M,2.0,GRAIN,mega_meal_freq_per_day,2,0.2916666666666667
FEDXA02,M,2.0,GRAIN,mega_meal_freq_per_day,3,0.4166666666666667
FEDXA03,M,2.0,GRAIN,mega_meal_freq_per_day,1,0.25
FEDXA03,M,2.0,GRAIN,mega_meal_freq_per_day,2,0.4166666666666667
FEDXA03,M,2.0,GRAIN,mega_meal_freq_per_day,3,0.375
FEDXA04,M,2.0,GRAIN,mega_meal_freq_per_day,1,0.3333333333333333
FEDXA04,M,2.0,GRAIN,mega_meal_freq_per_day,2,0.375
FEDXA04,M,2.0,GRAIN,mega_meal_freq_per_day,3,0.375
FEDXA05,M,2.0,GRAIN,mega_meal_freq_per_day,1,0.625
FEDXA05,M,2.0,GRAIN,mega_meal_freq_per_day,2,0.75
FEDXA05,M,2.0,GRAIN,mega_meal_freq_per_day,3,0.6666666666666666
FEDXA06,M,2.0,GRAIN,mega_meal_freq_per_day,1,0.375
FEDXA06,M,2.0,GRAIN,mega_meal_freq_per_day,2,0.9166666666666666
FEDXA06,M,2.0,GRAIN,mega_meal_freq_per_day,3,0.0
FEDXA07,M,1.0,GRAIN,mega_meal_freq_per_day,1,0.625
FEDXA07,M,1.0,GRAIN,mega_meal_freq_per_day,2,0.7916666666666666
FEDXA07,M,1.0,GRAIN,mega_meal_freq_per_day,3,0.7083333333333334
FEDXA08,M,1.0,GRAIN,mega_meal_freq_per_day,1,0.9166666666666666
FEDXA08,M,1.0,GRAIN,mega_meal_freq_per_day,2,0.7083333333333334
FEDXA08,M,1.0,GRAIN,mega_meal_freq_per_day,3,0.4583333333333333
FEDXA09,M,1.0,GRAIN,mega_meal_freq_per_day,1,0.2916666666666667
FEDXA09,M,1.0,GRAIN,mega_meal_freq_per_day,2,0.125
FEDXA09,M,1.0,GRAIN,mega_meal_freq_per_day,3,0.5
FEDXA10,M,1.0,GRAIN,mega_meal_freq_per_day,1,0.3333333333333333
FEDXA10,M,1.0,GRAIN,mega_meal_freq_per_day,2,0.6666666666666666
FEDXA10,M,1.0,GRAIN,mega_meal_freq_per_day,3,0.6666666666666666
FEDXA11,M,1.0,GRAIN,mega_meal_freq_per_day,1,0.625
FEDXA11,M,1.0,GRAIN,mega_meal_freq_per_day,2,0.4583333333333333
FEDXA11,M,1.0,GRAIN,mega_meal_freq_per_day,3,0.7916666666666666
FEDXA12,M,1.0,GRAIN,mega_meal_freq_per_day,1,0.4583333333333333
FEDXA12,M,1.0,GRAIN,mega_meal_freq_per_day,2,0.375
FEDXA12,M,1.0,GRAIN,mega_meal_freq_per_day,3,0.5
FEDXB01,F,2.0,GRAIN,mega_meal_freq_per_day,1,0.4583333333333333
FEDXB01,F,2.0,GRAIN,mega_meal_freq_per_day,2,0.8333333333333334
FEDXB01,F,2.0,GRAIN,mega_meal_freq_per_day,3,0.7916666666666666
FEDXB02,F,2.0,GRAIN,mega_meal_freq_per_day,1,0.08333333333333333
FEDXB02,F,2.0,GRAIN,mega_meal_freq_per_day,2,0.16666666666666666
FEDXB02,F,2.0,GRAIN,mega_meal_freq_per_day,3,0.4166666666666667
FEDXB03,F,2.0,GRAIN,mega_meal_freq_per_day,1,0.041666666666666664
FEDXB03,F,2.0,GRAIN,mega_meal_freq_per_day,2,0.375
FEDXB03,F,2.0,GRAIN,mega_meal_freq_per_day,3,0.4583333333333333
FEDXB04,F,2.0,GRAIN,mega_meal_freq_per_day,1,0.08333333333333333
FEDXB04,F,2.0,GRAIN,mega_meal_freq_per_day,2,0.4583333333333333
FEDXB04,F,2.0,GRAIN,mega_meal_freq_per_day,3,0.3333333333333333
FEDXB05,F,2.0,GRAIN,mega_meal_freq_per_day,1,0.7916666666666666
FEDXB05,F,2.0,GRAIN,mega_meal_freq_per_day,2,0.3333333333333333
FEDXB05,F,2.0,GRAIN,mega_meal_freq_per_day,3,0.20833333333333334
FEDXB06,F,2.0,GRAIN,mega_meal_freq_per_day,1,0.75
FEDXB06,F,2.0,GRAIN,mega_meal_freq_per_day,2,0.375
FEDXB06,F,2.0,GRAIN,mega_meal_freq_per_day,3,0.625
FEDXB07,F,1.0,GRAIN,mega_meal_freq_per_day,1,0.75
FEDXB07,F,1.0,GRAIN,mega_meal_freq_per_day,2,0.5416666666666666
FEDXB07,F,1.0,GRAIN,mega_meal_freq_per_day,3,0.7083333333333334
FEDXB08,F,1.0,GRAIN,mega_meal_freq_per_day,1,0.3333333333333333
FEDXB08,F,1.0,GRAIN,mega_meal_freq_per_day,2,0.8333333333333334
FEDXB08,F,1.0,GRAIN,mega_meal_freq_per_day,3,0.7083333333333334
FEDXB10,F,1.0,GRAIN,mega_meal_freq_per_day,1,0.4166666666666667
FEDXB10,F,1.0,GRAIN,mega_meal_freq_per_day,2,0.375
FEDXB10,F,1.0,GRAIN,mega_meal_freq_per_day,3,0.2916666666666667
FEDXB11,F,1.0,GRAIN,mega_meal_freq_per_day,1,0.4583333333333333
FEDXB11,F,1.0,GRAIN,mega_meal_freq_per_day,2,0.20833333333333334
FEDXB11,F,1.0,GRAIN,mega_meal_freq_per_day,3,0.4583333333333333
FEDXB12,F,1.0,GRAIN,mega_meal_freq_per_day,1,0.7083333333333334
FEDXB12,F,1.0,GRAIN,mega_meal_freq_per_day,2,0.8333333333333334
FEDXB12,F,1.0,GRAIN,mega_meal_freq_per_day,3,0.8333333333333334
FEDXA01,M,2.0,NR,mega_meal_freq_per_day,1,0.875
FEDXA01,M,2.0,NR,mega_meal_freq_per_day,2,0.75
FEDXA01,M,2.0,NR,mega_meal_freq_per_day,3,0.7083333333333334
FEDXA01,M,2.0,NR,mega_meal_freq_per_day,4,0.6666666666666666
FEDXA01,M,2.0,NR,mega_meal_freq_per_day,5,0.75
FEDXA01,M,2.0,NR,mega_meal_freq_per_day,6,0.8333333333333334
FEDXA01,M,2.0,NR,mega_meal_freq_per_day,7,0.8333333333333334
FEDXA02,M,2.0,NR,mega_meal_freq_per_day,1,0.7083333333333334
FEDXA02,M,2.0,NR,mega_meal_freq_per_day,2,0.4583333333333333
FEDXA02,M,2.0,NR,mega_meal_freq_per_day,3,0.25
FEDXA02,M,2.0,NR,mega_meal_freq_per_day,4,0.375
FEDXA02,M,2.0,NR,mega_meal_freq_per_day,5,0.2916666666666667
FEDXA02,M,2.0,NR,mega_meal_freq_per_day,6,0.25
FEDXA02,M,2.0,NR,mega_meal_freq_per_day,7,0.5416666666666666
FEDXA03,M,2.0,NR,mega_meal_freq_per_day,1,1.2916666666666667
FEDXA03,M,2.0,NR,mega_meal_freq_per_day,2,1.0833333333333333
FEDXA03,M,2.0,NR,mega_meal_freq_per_day,3,0.7916666666666666
FEDXA03,M,2.0,NR,mega_meal_freq_per_day,4,1.0
FEDXA03,M,2.0,NR,mega_meal_freq_per_day,5,0.875
FEDXA03,M,2.0,NR,mega_meal_freq_per_day,6,0.4583333333333333
FEDXA03,M,2.0,NR,mega_meal_freq_per_day,7,0.6666666666666666
FEDXA04,M,2.0,NR,mega_meal_freq_per_day,1,1.1666666666666667
FEDXA04,M,2.0,NR,mega_meal_freq_per_day,2,0.9166666666666666
FEDXA04,M,2.0,NR,mega_meal_freq_per_day,3,0.6666666666666666
FEDXA04,M,2.0,NR,mega_meal_freq_per_day,4,1.0
FEDXA04,M,2.0,NR,mega_meal_freq_per_day,5,0.75
FEDXA04,M,2.0,NR,mega_meal_freq_per_day,6,0.625
FEDXA04,M,2.0,NR,mega_meal_freq_per_day,7,0.75
FEDXA05,M,2.0,NR,mega_meal_freq_per_day,1,0.5
FEDXA05,M,2.0,NR,mega_meal_freq_per_day,2,0.5416666666666666
FEDXA05,M,2.0,NR,mega_meal_freq_per_day,3,0.7083333333333334
FEDXA05,M,2.0,NR,mega_meal_freq_per_day,4,0.5833333333333334
FEDXA05,M,2.0,NR,mega_meal_freq_per_day,5,0.5416666666666666
FEDXA05,M,2.0,NR,mega_meal_freq_per_day,6,0.5833333333333334
FEDXA05,M,2.0,NR,mega_meal_freq_per_day,7,0.5833333333333334
FEDXA06,M,2.0,NR,mega_meal_freq_per_day,1,0.3333333333333333
FEDXA06,M,2.0,NR,mega_meal_freq_per_day,2,0.20833333333333334
FEDXA06,M,2.0,NR,mega_meal_freq_per_day,3,0.125
FEDXA06,M,2.0,NR,mega_meal_freq_per_day,4,0.3333333333333333
FEDXA06,M,2.0,NR,mega_meal_freq_per_day,5,0.2916666666666667
FEDXA06,M,2.0,NR,mega_meal_freq_per_day,6,0.2916666666666667
FEDXA06,M,2.0,NR,mega_meal_freq_per_day,7,0.16666666666666666
FEDXA07,M,1.0,NR,mega_meal_freq_per_day,1,0.4583333333333333
FEDXA07,M,1.0,NR,mega_meal_freq_per_day,2,0.4166666666666667
FEDXA07,M,1.0,NR,mega_meal_freq_per_day,3,0.375
FEDXA07,M,1.0,NR,mega_meal_freq_per_day,4,0.4583333333333333
FEDXA07,M,1.0,NR,mega_meal_freq_per_day,5,0.2916666666666667
FEDXA07,M,1.0,NR,mega_meal_freq_per_day,6,0.3333333333333333
FEDXA07,M,1.0,NR,mega_meal_freq_per_day,7,0.4166666666666667
FEDXA08,M,1.0,NR,mega_meal_freq_per_day,1,0.25
FEDXA08,M,1.0,NR,mega_meal_freq_per_day,2,0.2916666666666667
FEDXA08,M,1.0,NR,mega_meal_freq_per_day,3,0.2916666666666667
FEDXA08,M,1.0,NR,mega_meal_freq_per_day,4,0.4166666666666667
FEDXA08,M,1.0,NR,mega_meal_freq_per_day,5,0.5
FEDXA08,M,1.0,NR,mega_meal_freq_per_day,6,0.4166666666666667
FEDXA08,M,1.0,NR,mega_meal_freq_per_day,7,0.5
FEDXA09,M,1.0,NR,mega_meal_freq_per_day,1,0.20833333333333334
FEDXA09,M,1.0,NR,mega_meal_freq_per_day,2,0.25
FEDXA09,M,1.0,NR,mega_meal_freq_per_day,3,0.2916666666666667
FEDXA09,M,1.0,NR,mega_meal_freq_per_day,4,0.4166666666666667
FEDXA09,M,1.0,NR,mega_meal_freq_per_day,5,0.25
FEDXA09,M,1.0,NR,mega_meal_freq_per_day,6,0.625
FEDXA09,M,1.0,NR,mega_meal_freq_per_day,7,0.375
FEDXA10,M,1.0,NR,mega_meal_freq_per_day,1,0.20833333333333334
FEDXA10,M,1.0,NR,mega_meal_freq_per_day,2,0.375
FEDXA10,M,1.0,NR,mega_meal_freq_per_day,3,0.25
FEDXA10,M,1.0,NR,mega_meal_freq_per_day,4,0.3333333333333333
FEDXA10,M,1.0,NR,mega_meal_freq_per_day,5,0.625
FEDXA10,M,1.0,NR,mega_meal_freq_per_day,6,0.2916666666666667
FEDXA10,M,1.0,NR,mega_meal_freq_per_day,7,0.4583333333333333
FEDXA11,M,1.0,NR,mega_meal_freq_per_day,1,0.4583333333333333
FEDXA11,M,1.0,NR,mega_meal_freq_per_day,2,0.2916666666666667
FEDXA11,M,1.0,NR,mega_meal_freq_per_day,3,0.2916666666666667
FEDXA11,M,1.0,NR,mega_meal_freq_per_day,4,0.2916666666666667
FEDXA11,M,1.0,NR,mega_meal_freq_per_day,5,0.3333333333333333
FEDXA11,M,1.0,NR,mega_meal_freq_per_day,6,0.2916666666666667
FEDXA11,M,1.0,NR,mega_meal_freq_per_day,7,0.4166666666666667
FEDXA12,M,1.0,NR,mega_meal_freq_per_day,1,0.2916666666666667
FEDXA12,M,1.0,NR,mega_meal_freq_per_day,2,0.5
FEDXA12,M,1.0,NR,mega_meal_freq_per_day,3,0.25
FEDXA12,M,1.0,NR,mega_meal_freq_per_day,4,0.3333333333333333
FEDXA12,M,1.0,NR,mega_meal_freq_per_day,5,0.2916666666666667
FEDXA12,M,1.0,NR,mega_meal_freq_per_day,6,0.16666666666666666
FEDXA12,M,1.0,NR,mega_meal_freq_per_day,7,0.125
FEDXB01,F,2.0,NR,mega_meal_freq_per_day,1,0.25
FEDXB01,F,2.0,NR,mega_meal_freq_per_day,2,0.25
FEDXB01,F,2.0,NR,mega_meal_freq_per_day,3,0.16666666666666666
FEDXB01,F,2.0,NR,mega_meal_freq_per_day,4,0.125
FEDXB01,F,2.0,NR,mega_meal_freq_per_day,5,0.08333333333333333
FEDXB01,F,2.0,NR,mega_meal_freq_per_day,6,0.08333333333333333
FEDXB01,F,2.0,NR,mega_meal_freq_per_day,7,0.16666666666666666
FEDXB02,F,2.0,NR,mega_meal_freq_per_day,1,0.2916666666666667
FEDXB02,F,2.0,NR,mega_meal_freq_per_day,2,0.3333333333333333
FEDXB02,F,2.0,NR,mega_meal_freq_per_day,3,0.20833333333333334
FEDXB02,F,2.0,NR,mega_meal_freq_per_day,4,0.2916666666666667
FEDXB02,F,2.0,NR,mega_meal_freq_per_day,5,0.20833333333333334
FEDXB02,F,2.0,NR,mega_meal_freq_per_day,6,0.2916666666666667
FEDXB02,F,2.0,NR,mega_meal_freq_per_day,7,0.3333333333333333
FEDXB03,F,2.0,NR,mega_meal_freq_per_day,1,0.16666666666666666
FEDXB03,F,2.0,NR,mega_meal_freq_per_day,2,0.041666666666666664
FEDXB03,F,2.0,NR,mega_meal_freq_per_day,3,0.16666666666666666
FEDXB03,F,2.0,NR,mega_meal_freq_per_day,4,0.125
FEDXB03,F,2.0,NR,mega_meal_freq_per_day,5,0.041666666666666664
FEDXB03,F,2.0,NR,mega_meal_freq_per_day,6,0.0
FEDXB03,F,2.0,NR,mega_meal_freq_per_day,7,0.20833333333333334
FEDXB04,F,2.0,NR,mega_meal_freq_per_day,1,0.375
FEDXB04,F,2.0,NR,mega_meal_freq_per_day,2,0.625
FEDXB04,F,2.0,NR,mega_meal_freq_per_day,3,0.375
FEDXB04,F,2.0,NR,mega_meal_freq_per_day,4,0.4583333333333333
FEDXB04,F,2.0,NR,mega_meal_freq_per_day,5,0.5833333333333334
FEDXB04,F,2.0,NR,mega_meal_freq_per_day,6,0.625
FEDXB04,F,2.0,NR,mega_meal_freq_per_day,7,0.4583333333333333
FEDXB05,F,2.0,NR,mega_meal_freq_per_day,1,0.4583333333333333
FEDXB05,F,2.0,NR,mega_meal_freq_per_day,2,0.25
FEDXB05,F,2.0,NR,mega_meal_freq_per_day,3,0.20833333333333334
FEDXB05,F,2.0,NR,mega_meal_freq_per_day,4,0.25
FEDXB05,F,2.0,NR,mega_meal_freq_per_day,5,0.25
FEDXB05,F,2.0,NR,mega_meal_freq_per_day,6,0.125
FEDXB05,F,2.0,NR,mega_meal_freq_per_day,7,0.375
FEDXB06,F,2.0,NR,mega_meal_freq_per_day,1,0.125
FEDXB06,F,2.0,NR,mega_meal_freq_per_day,2,0.4166666666666667
FEDXB06,F,2.0,NR,mega_meal_freq_per_day,3,0.3333333333333333
FEDXB06,F,2.0,NR,mega_meal_freq_per_day,4,0.25
FEDXB06,F,2.0,NR,mega_meal_freq_per_day,5,0.625
FEDXB06,F,2.0,NR,mega_meal_freq_per_day,6,0.9583333333333334
FEDXB06,F,2.0,NR,mega_meal_freq_per_day,7,1.0416666666666667
FEDXB07,F,1.0,NR,mega_meal_freq_per_day,1,0.5416666666666666
FEDXB07,F,1.0,NR,mega_meal_freq_per_day,2,0.4583333333333333
FEDXB07,F,1.0,NR,mega_meal_freq_per_day,3,0.4166666666666667
FEDXB07,F,1.0,NR,mega_meal_freq_per_day,4,0.375
FEDXB07,F,1.0,NR,mega_meal_freq_per_day,5,0.4583333333333333
FEDXB07,F,1.0,NR,mega_meal_freq_per_day,6,0.375
FEDXB07,F,1.0,NR,mega_meal_freq_per_day,7,0.5
FEDXB08,F,1.0,NR,mega_meal_freq_per_day,1,0.5833333333333334
FEDXB08,F,1.0,NR,mega_meal_freq_per_day,2,0.5833333333333334
FEDXB08,F,1.0,NR,mega_meal_freq_per_day,3,0.5
FEDXB08,F,1.0,NR,mega_meal_freq_per_day,4,0.4583333333333333
FEDXB08,F,1.0,NR,mega_meal_freq_per_day,5,0.5416666666666666
FEDXB08,F,1.0,NR,mega_meal_freq_per_day,6,0.6666666666666666
FEDXB08,F,1.0,NR,mega_meal_freq_per_day,7,0.7083333333333334
FEDXB10,F,1.0,NR,mega_meal_freq_per_day,1,0.16666666666666666
FEDXB10,F,1.0,NR,mega_meal_freq_per_day,2,0.125
FEDXB10,F,1.0,NR,mega_meal_freq_per_day,3,0.16666666666666666
FEDXB10,F,1.0,NR,mega_meal_freq_per_day,4,0.08333333333333333
FEDXB10,F,1.0,NR,mega_meal_freq_per_day,5,0.20833333333333334
FEDXB10,F,1.0,NR,mega_meal_freq_per_day,6,0.25
FEDXB10,F,1.0,NR,mega_meal_freq_per_day,7,0.375
FEDXB11,F,1.0,NR,mega_meal_freq_per_day,1,0.08333333333333333
FEDXB11,F,1.0,NR,mega_meal_freq_per_day,2,0.041666666666666664
FEDXB11,F,1.0,NR,mega_meal_freq_per_day,3,0.041666666666666664
FEDXB11,F,1.0,NR,mega_meal_freq_per_day,4,0.125
FEDXB11,F,1.0,NR,mega_meal_freq_per_day,5,0.25
FEDXB11,F,1.0,NR,mega_meal_freq_per_day,6,0.25
FEDXB11,F,1.0,NR,mega_meal_freq_per_day,7,0.08333333333333333
FEDXB12,F,1.0,NR,mega_meal_freq_per_day,1,0.625
FEDXB12,F,1.0,NR,mega_meal_freq_per_day,2,0.625
FEDXB12,F,1.0,NR,mega_meal_freq_per_day,3,0.5833333333333334
FEDXB12,F,1.0,NR,mega_meal_freq_per_day,4,0.7083333333333334
FEDXB12,F,1.0,NR,mega_meal_freq_per_day,5,0.7083333333333334
FEDXB12,F,1.0,NR,mega_meal_freq_per_day,6,0.75
FEDXB12,F,1.0,NR,mega_meal_freq_per_day,7,0.6666666666666666
FEDXA01,M,2.0,PR,mega_meal_freq_per_day,1,0.16666666666666666
FEDXA01,M,2.0,PR,mega_meal_freq_per_day,2,0.041666666666666664
FEDXA01,M,2.0,PR,mega_meal_freq_per_day,3,0.125
FEDXA01,M,2.0,PR,mega_meal_freq_per_day,4,0.25
FEDXA01,M,2.0,PR,mega_meal_freq_per_day,5,0.5416666666666666
FEDXA01,M,2.0,PR,mega_meal_freq_per_day,6,0.6666666666666666
FEDXA01,M,2.0,PR,mega_meal_freq_per_day,7,0.7083333333333334
FEDXA02,M,2.0,PR,mega_meal_freq_per_day,1,0.16666666666666666
FEDXA02,M,2.0,PR,mega_meal_freq_per_day,2,0.041666666666666664
FEDXA02,M,2.0,PR,mega_meal_freq_per_day,3,0.08333333333333333
FEDXA02,M,2.0,PR,mega_meal_freq_per_day,4,0.08333333333333333
FEDXA02,M,2.0,PR,mega_meal_freq_per_day,5,0.16666666666666666
FEDXA02,M,2.0,PR,mega_meal_freq_per_day,6,0.20833333333333334
FEDXA02,M,2.0,PR,mega_meal_freq_per_day,7,0.2916666666666667
FEDXA03,M,2.0,PR,mega_meal_freq_per_day,1,0.08333333333333333
FEDXA03,M,2.0,PR,mega_meal_freq_per_day,2,0.125
FEDXA03,M,2.0,PR,mega_meal_freq_per_day,3,0.08333333333333333
FEDXA03,M,2.0,PR,mega_meal_freq_per_day,4,0.20833333333333334
FEDXA03,M,2.0,PR,mega_meal_freq_per_day,5,0.3333333333333333
FEDXA03,M,2.0,PR,mega_meal_freq_per_day,6,0.3333333333333333
FEDXA03,M,2.0,PR,mega_meal_freq_per_day,7,0.6666666666666666
FEDXA04,M,2.0,PR,mega_meal_freq_per_day,1,0.20833333333333334
FEDXA04,M,2.0,PR,mega_meal_freq_per_day,2,0.0
FEDXA04,M,2.0,PR,mega_meal_freq_per_day,3,0.125
FEDXA04,M,2.0,PR,mega_meal_freq_per_day,4,0.08333333333333333
FEDXA04,M,2.0,PR,mega_meal_freq_per_day,5,0.2916666666666667
FEDXA04,M,2.0,PR,mega_meal_freq_per_day,6,0.5
FEDXA04,M,2.0,PR,mega_meal_freq_per_day,7,0.5416666666666666
FEDXA05,M,2.0,PR,mega_meal_freq_per_day,1,0.125
FEDXA05,M,2.0,PR,mega_meal_freq_per_day,2,0.0
FEDXA05,M,2.0,PR,mega_meal_freq_per_day,3,0.125
FEDXA05,M,2.0,PR,mega_meal_freq_per_day,4,0.125
FEDXA05,M,2.0,PR,mega_meal_freq_per_day,5,0.375
FEDXA05,M,2.0,PR,mega_meal_freq_per_day,6,0.20833333333333334
FEDXA05,M,2.0,PR,mega_meal_freq_per_day,7,0.3333333333333333
FEDXA06,M,2.0,PR,mega_meal_freq_per_day,1,0.16666666666666666
FEDXA06,M,2.0,PR,mega_meal_freq_per_day,2,0.08333333333333333
FEDXA06,M,2.0,PR,mega_meal_freq_per_day,3,0.0
FEDXA06,M,2.0,PR,mega_meal_freq_per_day,4,0.0
FEDXA06,M,2.0,PR,mega_meal_freq_per_day,5,0.041666666666666664
FEDXA06,M,2.0,PR,mega_meal_freq_per_day,6,0.16666666666666666
FEDXA06,M,2.0,PR,mega_meal_freq_per_day,7,0.041666666666666664
FEDXA07,M,1.0,PR,mega_meal_freq_per_day,1,0.16666666666666666
FEDXA07,M,1.0,PR,mega_meal_freq_per_day,2,0.20833333333333334
FEDXA07,M,1.0,PR,mega_meal_freq_per_day,3,0.20833333333333334
FEDXA07,M,1.0,PR,mega_meal_freq_per_day,4,0.25
FEDXA07,M,1.0,PR,mega_meal_freq_per_day,5,0.375
FEDXA07,M,1.0,PR,mega_meal_freq_per_day,6,0.4166666666666667
FEDXA07,M,1.0,PR,mega_meal_freq_per_day,7,0.4166666666666667
FEDXA08,M,1.0,PR,mega_meal_freq_per_day,1,0.2916666666666667
FEDXA08,M,1.0,PR,mega_meal_freq_per_day,2,0.25
FEDXA08,M,1.0,PR,mega_meal_freq_per_day,3,0.3333333333333333
FEDXA08,M,1.0,PR,mega_meal_freq_per_day,4,0.5
FEDXA08,M,1.0,PR,mega_meal_freq_per_day,5,0.4583333333333333
FEDXA08,M,1.0,PR,mega_meal_freq_per_day,6,0.4583333333333333
FEDXA08,M,1.0,PR,mega_meal_freq_per_day,7,0.5416666666666666
FEDXA09,M,1.0,PR,mega_meal_freq_per_day,1,0.08333333333333333
FEDXA09,M,1.0,PR,mega_meal_freq_per_day,2,0.08333333333333333
FEDXA09,M,1.0,PR,mega_meal_freq_per_day,3,0.125
FEDXA09,M,1.0,PR,mega_meal_freq_per_day,4,0.3333333333333333
FEDXA09,M,1.0,PR,mega_meal_freq_per_day,5,0.4166666666666667
FEDXA09,M,1.0,PR,mega_meal_freq_per_day,6,0.5833333333333334
FEDXA09,M,1.0,PR,mega_meal_freq_per_day,7,0.2916666666666667
FEDXA10,M,1.0,PR,mega_meal_freq_per_day,1,0.20833333333333334
FEDXA10,M,1.0,PR,mega_meal_freq_per_day,2,0.16666666666666666
FEDXA10,M,1.0,PR,mega_meal_freq_per_day,3,0.3333333333333333
FEDXA10,M,1.0,PR,mega_meal_freq_per_day,4,0.375
FEDXA10,M,1.0,PR,mega_meal_freq_per_day,5,0.4583333333333333
FEDXA10,M,1.0,PR,mega_meal_freq_per_day,6,0.375
FEDXA10,M,1.0,PR,mega_meal_freq_per_day,7,0.3333333333333333
FEDXA11,M,1.0,PR,mega_meal_freq_per_day,1,0.20833333333333334
FEDXA11,M,1.0,PR,mega_meal_freq_per_day,2,0.125
FEDXA11,M,1.0,PR,mega_meal_freq_per_day,3,0.20833333333333334
FEDXA11,M,1.0,PR,mega_meal_freq_per_day,4,0.25
FEDXA11,M,1.0,PR,mega_meal_freq_per_day,5,0.20833333333333334
FEDXA11,M,1.0,PR,mega_meal_freq_per_day,6,0.375
FEDXA11,M,1.0,PR,mega_meal_freq_per_day,7,0.2916666666666667
FEDXA12,M,1.0,PR,mega_meal_freq_per_day,1,0.125
FEDXA12,M,1.0,PR,mega_meal_freq_per_day,2,0.2916666666666667
FEDXA12,M,1.0,PR,mega_meal_freq_per_day,3,0.25
FEDXA12,M,1.0,PR,mega_meal_freq_per_day,4,0.375
FEDXA12,M,1.0,PR,mega_meal_freq_per_day,5,0.6666666666666666
FEDXA12,M,1.0,PR,mega_meal_freq_per_day,6,0.4583333333333333
FEDXA12,M,1.0,PR,mega_meal_freq_per_day,7,0.4583333333333333
FEDXB01,F,2.0,PR,mega_meal_freq_per_day,1,0.125
FEDXB01,F,2.0,PR,mega_meal_freq_per_day,2,0.041666666666666664
FEDXB01,F,2.0,PR,mega_meal_freq_per_day,3,0.0
FEDXB01,F,2.0,PR,mega_meal_freq_per_day,4,0.125
FEDXB01,F,2.0,PR,mega_meal_freq_per_day,5,0.041666666666666664
FEDXB01,F,2.0,PR,mega_meal_freq_per_day,6,0.041666666666666664
FEDXB01,F,2.0,PR,mega_meal_freq_per_day,7,0.0
FEDXB02,F,2.0,PR,mega_meal_freq_per_day,1,0.3333333333333333
FEDXB02,F,2.0,PR,mega_meal_freq_per_day,2,0.16666666666666666
FEDXB02,F,2.0,PR,mega_meal_freq_per_day,3,0.125
FEDXB02,F,2.0,PR,mega_meal_freq_per_day,4,0.08333333333333333
FEDXB02,F,2.0,PR,mega_meal_freq_per_day,5,0.041666666666666664
FEDXB02,F,2.0,PR,mega_meal_freq_per_day,6,0.041666666666666664
FEDXB02,F,2.0,PR,mega_meal_freq_per_day,7,0.3333333333333333
FEDXB03,F,2.0,PR,mega_meal_freq_per_day,1,0.08333333333333333
FEDXB03,F,2.0,PR,mega_meal_freq_per_day,2,0.0
FEDXB03,F,2.0,PR,mega_meal_freq_per_day,3,0.125
FEDXB03,F,2.0,PR,mega_meal_freq_per_day,4,0.0
FEDXB03,F,2.0,PR,mega_meal_freq_per_day,5,0.125
FEDXB03,F,2.0,PR,mega_meal_freq_per_day,6,0.16666666666666666
FEDXB03,F,2.0,PR,mega_meal_freq_per_day,7,0.125
FEDXB04,F,2.0,PR,mega_meal_freq_per_day,1,0.0
FEDXB04,F,2.0,PR,mega_meal_freq_per_day,2,0.041666666666666664
FEDXB04,F,2.0,PR,mega_meal_freq_per_day,3,0.125
FEDXB04,F,2.0,PR,mega_meal_freq_per_day,4,0.16666666666666666
FEDXB04,F,2.0,PR,mega_meal_freq_per_day,5,0.25
FEDXB04,F,2.0,PR,mega_meal_freq_per_day,6,0.16666666666666666
FEDXB04,F,2.0,PR,mega_meal_freq_per_day,7,0.16666666666666666
FEDXB05,F,2.0,PR,mega_meal_freq_per_day,1,0.08333333333333333
FEDXB05,F,2.0,PR,mega_meal_freq_per_day,2,0.041666666666666664
FEDXB05,F,2.0,PR,mega_meal_freq_per_day,3,0.20833333333333334
FEDXB05,F,2.0,PR,mega_meal_freq_per_day,4,0.08333333333333333
FEDXB05,F,2.0,PR,mega_meal_freq_per_day,5,0.125
FEDXB05,F,2.0,PR,mega_meal_freq_per_day,6,0.375
FEDXB05,F,2.0,PR,mega_meal_freq_per_day,7,0.25
FEDXB06,F,2.0,PR,mega_meal_freq_per_day,1,0.0
FEDXB06,F,2.0,PR,mega_meal_freq_per_day,2,0.125
FEDXB06,F,2.0,PR,mega_meal_freq_per_day,3,0.16666666666666666
FEDXB06,F,2.0,PR,mega_meal_freq_per_day,4,0.08333333333333333
FEDXB06,F,2.0,PR,mega_meal_freq_per_day,5,0.16666666666666666
FEDXB06,F,2.0,PR,mega_meal_freq_per_day,6,0.20833333333333334
FEDXB06,F,2.0,PR,mega_meal_freq_per_day,7,0.125
FEDXB07,F,1.0,PR,mega_meal_freq_per_day,1,0.041666666666666664
FEDXB07,F,1.0,PR,mega_meal_freq_per_day,2,0.375
FEDXB07,F,1.0,PR,mega_meal_freq_per_day,3,0.16666666666666666
FEDXB07,F,1.0,PR,mega_meal_freq_per_day,4,0.3333333333333333
FEDXB07,F,1.0,PR,mega_meal_freq_per_day,5,0.4166666666666667
FEDXB07,F,1.0,PR,mega_meal_freq_per_day,6,0.16666666666666666
FEDXB07,F,1.0,PR,mega_meal_freq_per_day,7,0.25
FEDXB08,F,1.0,PR,mega_meal_freq_per_day,1,0.20833333333333334
FEDXB08,F,1.0,PR,mega_meal_freq_per_day,2,0.4166666666666667
FEDXB08,F,1.0,PR,mega_meal_freq_per_day,3,0.4166666666666667
FEDXB08,F,1.0,PR,mega_meal_freq_per_day,4,0.5416666666666666
FEDXB08,F,1.0,PR,mega_meal_freq_per_day,5,0.625
FEDXB08,F,1.0,PR,mega_meal_freq_per_day,6,0.3333333333333333
FEDXB08,F,1.0,PR,mega_meal_freq_per_day,7,0.2916666666666667
FEDXB10,F,1.0,PR,mega_meal_freq_per_day,1,0.125
FEDXB10,F,1.0,PR,mega_meal_freq_per_day,2,0.041666666666666664
FEDXB10,F,1.0,PR,mega_meal_freq_per_day,3,0.125
FEDXB10,F,1.0,PR,mega_meal_freq_per_day,4,0.041666666666666664
FEDXB10,F,1.0,PR,mega_meal_freq_per_day,5,0.125
FEDXB10,F,1.0,PR,mega_meal_freq_per_day,6,0.16666666666666666
FEDXB10,F,1.0,PR,mega_meal_freq_per_day,7,0.16666666666666666
FEDXB11,F,1.0,PR,mega_meal_freq_per_day,1,0.08333333333333333
FEDXB11,F,1.0,PR,mega_meal_freq_per_day,2,0.16666666666666666
FEDXB11,F,1.0,PR,mega_meal_freq_per_day,3,0.041666666666666664
FEDXB11,F,1.0,PR,mega_meal_freq_per_day,4,0.0
FEDXB11,F,1.0,PR,mega_meal_freq_per_day,5,0.08333333333333333
FEDXB11,F,1.0,PR,mega_meal_freq_per_day,6,0.16666666666666666
FEDXB11,F,1.0,PR,mega_meal_freq_per_day,7,0.041666666666666664
FEDXB12,F,1.0,PR,mega_meal_freq_per_day,1,0.4166666666666667
FEDXB12,F,1.0,PR,mega_meal_freq_per_day,2,0.5833333333333334
FEDXB12,F,1.0,PR,mega_meal_freq_per_day,3,0.6666666666666666
FEDXB12,F,1.0,PR,mega_meal_freq_per_day,4,0.5833333333333334
FEDXB12,F,1.0,PR,mega_meal_freq_per_day,5,0.5
FEDXB12,F,1.0,PR,mega_meal_freq_per_day,6,0.7083333333333334
FEDXB12,F,1.0,PR,mega_meal_freq_per_day,7,0.625
FEDXA01,M,2.0,GRAIN,mega_meal_size_per_day,1,8.0625
FEDXA01,M,2.0,GRAIN,mega_meal_size_per_day,2,9.307692307692308
FEDXA01,M,2.0,GRAIN,mega_meal_size_per_day,3,8.272727272727273
FEDXA02,M,2.0,GRAIN,mega_meal_size_per_day,1,6.384615384615385
FEDXA02,M,2.0,GRAIN,mega_meal_size_per_day,2,7.142857142857143
FEDXA02,M,2.0,GRAIN,mega_meal_size_per_day,3,7.2
FEDXA03,M,2.0,GRAIN,mega_meal_size_per_day,1,6.666666666666667
FEDXA03,M,2.0,GRAIN,mega_meal_size_per_day,2,7.4
FEDXA03,M,2.0,GRAIN,mega_meal_size_per_day,3,6.555555555555555
FEDXA04,M,2.0,GRAIN,mega_meal_size_per_day,1,6.625
FEDXA04,M,2.0,GRAIN,mega_meal_size_per_day,2,8.777777777777779
FEDXA04,M,2.0,GRAIN,mega_meal_size_per_day,3,7.222222222222222
FEDXA05,M,2.0,GRAIN,mega_meal_size_per_day,1,8.6
FEDXA05,M,2.0,GRAIN,mega_meal_size_per_day,2,9.666666666666666
FEDXA05,M,2.0,GRAIN,mega_meal_size_per_day,3,10.0
FEDXA06,M,2.0,GRAIN,mega_meal_size_per_day,1,7.555555555555555
FEDXA06,M,2.0,GRAIN,mega_meal_size_per_day,2,7.954545454545454
FEDXA06,M,2.0,GRAIN,mega_meal_size_per_day,3,0.0
FEDXA07,M,1.0,GRAIN,mega_meal_size_per_day,1,7.733333333333333
FEDXA07,M,1.0,GRAIN,mega_meal_size_per_day,2,7.842105263157895
FEDXA07,M,1.0,GRAIN,mega_meal_size_per_day,3,8.058823529411764
FEDXA08,M,1.0,GRAIN,mega_meal_size_per_day,1,8.454545454545455
FEDXA08,M,1.0,GRAIN,mega_meal_size_per_day,2,7.764705882352941
FEDXA08,M,1.0,GRAIN,mega_meal_size_per_day,3,7.818181818181818
FEDXA09,M,1.0,GRAIN,mega_meal_size_per_day,1,7.428571428571429
FEDXA09,M,1.0,GRAIN,mega_meal_size_per_day,2,6.333333333333333
FEDXA09,M,1.0,GRAIN,mega_meal_size_per_day,3,7.166666666666667
FEDXA10,M,1.0,GRAIN,mega_meal_size_per_day,1,7.125
FEDXA10,M,1.0,GRAIN,mega_meal_size_per_day,2,8.625
FEDXA10,M,1.0,GRAIN,mega_meal_size_per_day,3,7.1875
FEDXA11,M,1.0,GRAIN,mega_meal_size_per_day,1,7.8
FEDXA11,M,1.0,GRAIN,mega_meal_size_per_day,2,9.545454545454545
FEDXA11,M,1.0,GRAIN,mega_meal_size_per_day,3,8.210526315789474
FEDXA12,M,1.0,GRAIN,mega_meal_size_per_day,1,8.0
FEDXA12,M,1.0,GRAIN,mega_meal_size_per_day,2,6.888888888888889
FEDXA12,M,1.0,GRAIN,mega_meal_size_per_day,3,7.333333333333333
FEDXB01,F,2.0,GRAIN,mega_meal_size_per_day,1,8.090909090909092
FEDXB01,F,2.0,GRAIN,mega_meal_size_per_day,2,8.3
FEDXB01,F,2.0,GRAIN,mega_meal_size_per_day,3,7.842105263157895
FEDXB02,F,2.0,GRAIN,mega_meal_size_per_day,1,6.5
FEDXB02,F,2.0,GRAIN,mega_meal_size_per_day,2,7.0
FEDXB02,F,2.0,GRAIN,mega_meal_size_per_day,3,7.5
FEDXB03,F,2.0,GRAIN,mega_meal_size_per_day,1,6.0
FEDXB03,F,2.0,GRAIN,mega_meal_size_per_day,2,6.555555555555555
FEDXB03,F,2.0,GRAIN,mega_meal_size_per_day,3,6.545454545454546
FEDXB04,F,2.0,GRAIN,mega_meal_size_per_day,1,6.0
FEDXB04,F,2.0,GRAIN,mega_meal_size_per_day,2,6.7272727272727275
FEDXB04,F,2.0,GRAIN,mega_meal_size_per_day,3,7.25
FEDXB05,F,2.0,GRAIN,mega_meal_size_per_day,1,7.578947368421052
FEDXB05,F,2.0,GRAIN,mega_meal_size_per_day,2,7.0
FEDXB05,F,2.0,GRAIN,mega_meal_size_per_day,3,7.6
FEDXB06,F,2.0,GRAIN,mega_meal_size_per_day,1,7.388888888888889
FEDXB06,F,2.0,GRAIN,mega_meal_size_per_day,2,7.888888888888889
FEDXB06,F,2.0,GRAIN,mega_meal_size_per_day,3,7.333333333333333
FEDXB07,F,1.0,GRAIN,mega_meal_size_per_day,1,7.166666666666667
FEDXB07,F,1.0,GRAIN,mega_meal_size_per_day,2,6.538461538461538
FEDXB07,F,1.0,GRAIN,mega_meal_size_per_day,3,6.882352941176471
FEDXB08,F,1.0,GRAIN,mega_meal_size_per_day,1,6.5
FEDXB08,F,1.0,GRAIN,mega_meal_size_per_day,2,8.8
FEDXB08,F,1.0,GRAIN,mega_meal_size_per_day,3,8.470588235294118
FEDXB10,F,1.0,GRAIN,mega_meal_size_per_day,1,7.3
FEDXB10,F,1.0,GRAIN,mega_meal_size_per_day,2,6.777777777777778
FEDXB10,F,1.0,GRAIN,mega_meal_size_per_day,3,7.0
FEDXB11,F,1.0,GRAIN,mega_meal_size_per_day,1,8.818181818181818
FEDXB11,F,1.0,GRAIN,mega_meal_size_per_day,2,7.4
FEDXB11,F,1.0,GRAIN,mega_meal_size_per_day,3,6.454545454545454
FEDXB12,F,1.0,GRAIN,mega_meal_size_per_day,1,7.352941176470588
FEDXB12,F,1.0,GRAIN,mega_meal_size_per_day,2,8.45
FEDXB12,F,1.0,GRAIN,mega_meal_size_per_day,3,8.8
FEDXA01,M,2.0,NR,mega_meal_size_per_day,1,8.238095238095237
FEDXA01,M,2.0,NR,mega_meal_size_per_day,2,7.444444444444445
FEDXA01,M,2.0,NR,mega_meal_size_per_day,3,7.529411764705882
FEDXA01,M,2.0,NR,mega_meal_size_per_day,4,7.0625
FEDXA01,M,2.0,NR,mega_meal_size_per_day,5,8.055555555555555
FEDXA01,M,2.0,NR,mega_meal_size_per_day,6,8.45
FEDXA01,M,2.0,NR,mega_meal_size_per_day,7,8.0
FEDXA02,M,2.0,NR,mega_meal_size_per_day,1,7.823529411764706
FEDXA02,M,2.0,NR,mega_meal_size_per_day,2,6.545454545454546
FEDXA02,M,2.0,NR,mega_meal_size_per_day,3,7.5
FEDXA02,M,2.0,NR,mega_meal_size_per_day,4,6.555555555555555
FEDXA02,M,2.0,NR,mega_meal_size_per_day,5,6.571428571428571
FEDXA02,M,2.0,NR,mega_meal_size_per_day,6,7.5
FEDXA02,M,2.0,NR,mega_meal_size_per_day,7,7.153846153846154
FEDXA03,M,2.0,NR,mega_meal_size_per_day,1,8.258064516129032
FEDXA03,M,2.0,NR,mega_meal_size_per_day,2,8.538461538461538
FEDXA03,M,2.0,NR,mega_meal_size_per_day,3,7.7894736842105265
FEDXA03,M,2.0,NR,mega_meal_size_per_day,4,7.875
FEDXA03,M,2.0,NR,mega_meal_size_per_day,5,7.0
FEDXA03,M,2.0,NR,mega_meal_size_per_day,6,7.909090909090909
FEDXA03,M,2.0,NR,mega_meal_size_per_day,7,7.8125
FEDXA04,M,2.0,NR,mega_meal_size_per_day,1,7.607142857142857
FEDXA04,M,2.0,NR,mega_meal_size_per_day,2,8.227272727272727
FEDXA04,M,2.0,NR,mega_meal_size_per_day,3,7.75
FEDXA04,M,2.0,NR,mega_meal_size_per_day,4,7.416666666666667
FEDXA04,M,2.0,NR,mega_meal_size_per_day,5,7.722222222222222
FEDXA04,M,2.0,NR,mega_meal_size_per_day,6,7.933333333333334
FEDXA04,M,2.0,NR,mega_meal_size_per_day,7,7.444444444444445
FEDXA05,M,2.0,NR,mega_meal_size_per_day,1,8.583333333333334
FEDXA05,M,2.0,NR,mega_meal_size_per_day,2,7.153846153846154
FEDXA05,M,2.0,NR,mega_meal_size_per_day,3,7.117647058823529
FEDXA05,M,2.0,NR,mega_meal_size_per_day,4,7.571428571428571
FEDXA05,M,2.0,NR,mega_meal_size_per_day,5,6.846153846153846
FEDXA05,M,2.0,NR,mega_meal_size_per_day,6,7.642857142857143
FEDXA05,M,2.0,NR,mega_meal_size_per_day,7,7.0
FEDXA06,M,2.0,NR,mega_meal_size_per_day,1,7.75
FEDXA06,M,2.0,NR,mega_meal_size_per_day,2,8.2
FEDXA06,M,2.0,NR,mega_meal_size_per_day,3,6.0
FEDXA06,M,2.0,NR,mega_meal_size_per_day,4,7.125
FEDXA06,M,2.0,NR,mega_meal_size_per_day,5,6.428571428571429
FEDXA06,M,2.0,NR,mega_meal_size_per_day,6,7.714285714285714
FEDXA06,M,2.0,NR,mega_meal_size_per_day,7,7.0
FEDXA07,M,1.0,NR,mega_meal_size_per_day,1,6.909090909090909
FEDXA07,M,1.0,NR,mega_meal_size_per_day,2,7.0
FEDXA07,M,1.0,NR,mega_meal_size_per_day,3,6.777777777777778
FEDXA07,M,1.0,NR,mega_meal_size_per_day,4,7.363636363636363
FEDXA07,M,1.0,NR,mega_meal_size_per_day,5,6.571428571428571
FEDXA07,M,1.0,NR,mega_meal_size_per_day,6,8.125
FEDXA07,M,1.0,NR,mega_meal_size_per_day,7,6.7
FEDXA08,M,1.0,NR,mega_meal_size_per_day,1,6.5
FEDXA08,M,1.0,NR,mega_meal_size_per_day,2,8.142857142857142
FEDXA08,M,1.0,NR,mega_meal_size_per_day,3,7.285714285714286
FEDXA08,M,1.0,NR,mega_meal_size_per_day,4,7.0
FEDXA08,M,1.0,NR,mega_meal_size_per_day,5,7.75
FEDXA08,M,1.0,NR,mega_meal_size_per_day,6,10.0
FEDXA08,M,1.0,NR,mega_meal_size_per_day,7,8.333333333333334
FEDXA09,M,1.0,NR,mega_meal_size_per_day,1,7.4
FEDXA09,M,1.0,NR,mega_meal_size_per_day,2,6.5
FEDXA09,M,1.0,NR,mega_meal_size_per_day,3,7.714285714285714
FEDXA09,M,1.0,NR,mega_meal_size_per_day,4,6.8
FEDXA09,M,1.0,NR,mega_meal_size_per_day,5,6.666666666666667
FEDXA09,M,1.0,NR,mega_meal_size_per_day,6,8.2
FEDXA09,M,1.0,NR,mega_meal_size_per_day,7,6.444444444444445
FEDXA10,M,1.0,NR,mega_meal_size_per_day,1,6.8
FEDXA10,M,1.0,NR,mega_meal_size_per_day,2,7.222222222222222
FEDXA10,M,1.0,NR,mega_meal_size_per_day,3,6.166666666666667
FEDXA10,M,1.0,NR,mega_meal_size_per_day,4,7.5
FEDXA10,M,1.0,NR,mega_meal_size_per_day,5,7.0
FEDXA10,M,1.0,NR,mega_meal_size_per_day,6,7.285714285714286
FEDXA10,M,1.0,NR,mega_meal_size_per_day,7,7.0
FEDXA11,M,1.0,NR,mega_meal_size_per_day,1,8.454545454545455
FEDXA11,M,1.0,NR,mega_meal_size_per_day,2,6.142857142857143
FEDXA11,M,1.0,NR,mega_meal_size_per_day,3,7.428571428571429
FEDXA11,M,1.0,NR,mega_meal_size_per_day,4,8.857142857142858
FEDXA11,M,1.0,NR,mega_meal_size_per_day,5,6.625
FEDXA11,M,1.0,NR,mega_meal_size_per_day,6,8.428571428571429
FEDXA11,M,1.0,NR,mega_meal_size_per_day,7,7.1
FEDXA12,M,1.0,NR,mega_meal_size_per_day,1,8.857142857142858
FEDXA12,M,1.0,NR,mega_meal_size_per_day,2,6.083333333333333
FEDXA12,M,1.0,NR,mega_meal_size_per_day,3,7.0
FEDXA12,M,1.0,NR,mega_meal_size_per_day,4,7.5
FEDXA12,M,1.0,NR,mega_meal_size_per_day,5,6.142857142857143
FEDXA12,M,1.0,NR,mega_meal_size_per_day,6,8.0
FEDXA12,M,1.0,NR,mega_meal_size_per_day,7,9.333333333333334
FEDXB01,F,2.0,NR,mega_meal_size_per_day,1,6.666666666666667
FEDXB01,F,2.0,NR,mega_meal_size_per_day,2,6.5
FEDXB01,F,2.0,NR,mega_meal_size_per_day,3,7.5
FEDXB01,F,2.0,NR,mega_meal_size_per_day,4,6.0
FEDXB01,F,2.0,NR,mega_meal_size_per_day,5,8.0
FEDXB01,F,2.0,NR,mega_meal_size_per_day,6,6.5
FEDXB01,F,2.0,NR,mega_meal_size_per_day,7,7.5
FEDXB02,F,2.0,NR,mega_meal_size_per_day,1,6.142857142857143
FEDXB02,F,2.0,NR,mega_meal_size_per_day,2,6.75
FEDXB02,F,2.0,NR,mega_meal_size_per_day,3,6.0
FEDXB02,F,2.0,NR,mega_meal_size_per_day,4,6.285714285714286
FEDXB02,F,2.0,NR,mega_meal_size_per_day,5,6.6
FEDXB02,F,2.0,NR,mega_meal_size_per_day,6,6.142857142857143
FEDXB02,F,2.0,NR,mega_meal_size_per_day,7,6.75
FEDXB03,F,2.0,NR,mega_meal_size_per_day,1,7.0
FEDXB03,F,2.0,NR,mega_meal_size_per_day,2,7.0
FEDXB03,F,2.0,NR,mega_meal_size_per_day,3,6.25
FEDXB03,F,2.0,NR,mega_meal_size_per_day,4,6.333333333333333
FEDXB03,F,2.0,NR,mega_meal_size_per_day,5,7.0
FEDXB03,F,2.0,NR,mega_meal_size_per_day,6,0.0
FEDXB03,F,2.0,NR,mega_meal_size_per_day,7,6.4
FEDXB04,F,2.0,NR,mega_meal_size_per_day,1,6.888888888888889
FEDXB04,F,2.0,NR,mega_meal_size_per_day,2,7.933333333333334
FEDXB04,F,2.0,NR,mega_meal_size_per_day,3,7.333333333333333
FEDXB04,F,2.0,NR,mega_meal_size_per_day,4,8.363636363636363
FEDXB04,F,2.0,NR,mega_meal_size_per_day,5,7.428571428571429
FEDXB04,F,2.0,NR,mega_meal_size_per_day,6,7.0
FEDXB04,F,2.0,NR,mega_meal_size_per_day,7,7.363636363636363
FEDXB05,F,2.0,NR,mega_meal_size_per_day,1,6.545454545454546
FEDXB05,F,2.0,NR,mega_meal_size_per_day,2,6.333333333333333
FEDXB05,F,2.0,NR,mega_meal_size_per_day,3,6.4
FEDXB05,F,2.0,NR,mega_meal_size_per_day,4,6.333333333333333
FEDXB05,F,2.0,NR,mega_meal_size_per_day,5,6.166666666666667
FEDXB05,F,2.0,NR,mega_meal_size_per_day,6,8.333333333333334
FEDXB05,F,2.0,NR,mega_meal_size_per_day,7,7.333333333333333
FEDXB06,F,2.0,NR,mega_meal_size_per_day,1,12.0
FEDXB06,F,2.0,NR,mega_meal_size_per_day,2,7.9
FEDXB06,F,2.0,NR,mega_meal_size_per_day,3,7.125
FEDXB06,F,2.0,NR,mega_meal_size_per_day,4,7.0
FEDXB06,F,2.0,NR,mega_meal_size_per_day,5,7.133333333333334
FEDXB06,F,2.0,NR,mega_meal_size_per_day,6,7.3478260869565215
FEDXB06,F,2.0,NR,mega_meal_size_per_day,7,7.4
FEDXB07,F,1.0,NR,mega_meal_size_per_day,1,7.769230769230769
FEDXB07,F,1.0,NR,mega_meal_size_per_day,2,6.545454545454546
FEDXB07,F,1.0,NR,mega_meal_size_per_day,3,7.7
FEDXB07,F,1.0,NR,mega_meal_size_per_day,4,6.888888888888889
FEDXB07,F,1.0,NR,mega_meal_size_per_day,5,6.636363636363637
FEDXB07,F,1.0,NR,mega_meal_size_per_day,6,7.666666666666667
FEDXB07,F,1.0,NR,mega_meal_size_per_day,7,7.583333333333333
FEDXB08,F,1.0,NR,mega_meal_size_per_day,1,7.571428571428571
FEDXB08,F,1.0,NR,mega_meal_size_per_day,2,7.857142857142857
FEDXB08,F,1.0,NR,mega_meal_size_per_day,3,8.0
FEDXB08,F,1.0,NR,mega_meal_size_per_day,4,7.636363636363637
FEDXB08,F,1.0,NR,mega_meal_size_per_day,5,7.615384615384615
FEDXB08,F,1.0,NR,mega_meal_size_per_day,6,7.3125
FEDXB08,F,1.0,NR,mega_meal_size_per_day,7,7.9411764705882355
FEDXB10,F,1.0,NR,mega_meal_size_per_day,1,8.0
FEDXB10,F,1.0,NR,mega_meal_size_per_day,2,9.0
FEDXB10,F,1.0,NR,mega_meal_size_per_day,3,6.25
FEDXB10,F,1.0,NR,mega_meal_size_per_day,4,9.0
FEDXB10,F,1.0,NR,mega_meal_size_per_day,5,8.2
FEDXB10,F,1.0,NR,mega_meal_size_per_day,6,6.833333333333333
FEDXB10,F,1.0,NR,mega_meal_size_per_day,7,7.444444444444445
FEDXB11,F,1.0,NR,mega_meal_size_per_day,1,6.5
FEDXB11,F,1.0,NR,mega_meal_size_per_day,2,6.0
FEDXB11,F,1.0,NR,mega_meal_size_per_day,3,6.0
FEDXB11,F,1.0,NR,mega_meal_size_per_day,4,6.666666666666667
FEDXB11,F,1.0,NR,mega_meal_size_per_day,5,6.333333333333333
FEDXB11,F,1.0,NR,mega_meal_size_per_day,6,6.666666666666667
FEDXB11,F,1.0,NR,mega_meal_size_per_day,7,8.5
FEDXB12,F,1.0,NR,mega_meal_size_per_day,1,7.4
FEDXB12,F,1.0,NR,mega_meal_size_per_day,2,7.4
FEDXB12,F,1.0,NR,mega_meal_size_per_day,3,7.285714285714286
FEDXB12,F,1.0,NR,mega_meal_size_per_day,4,7.294117647058823
FEDXB12,F,1.0,NR,mega_meal_size_per_day,5,8.235294117647058
FEDXB12,F,1.0,NR,mega_meal_size_per_day,6,7.444444444444445
FEDXB12,F,1.0,NR,mega_meal_size_per_day,7,8.25
FEDXA01,M,2.0,PR,mega_meal_size_per_day,1,6.75
FEDXA01,M,2.0,PR,mega_meal_size_per_day,2,8.0
FEDXA01,M,2.0,PR,mega_meal_size_per_day,3,6.333333333333333
FEDXA01,M,2.0,PR,mega_meal_size_per_day,4,8.166666666666666
FEDXA01,M,2.0,PR,mega_meal_size_per_day,5,6.6923076923076925
FEDXA01,M,2.0,PR,mega_meal_size_per_day,6,6.5625
FEDXA01,M,2.0,PR,mega_meal_size_per_day,7,7.529411764705882
FEDXA02,M,2.0,PR,mega_meal_size_per_day,1,6.25
FEDXA02,M,2.0,PR,mega_meal_size_per_day,2,8.0
FEDXA02,M,2.0,PR,mega_meal_size_per_day,3,6.0
FEDXA02,M,2.0,PR,mega_meal_size_per_day,4,8.0
FEDXA02,M,2.0,PR,mega_meal_size_per_day,5,6.75
FEDXA02,M,2.0,PR,mega_meal_size_per_day,6,6.6
FEDXA02,M,2.0,PR,mega_meal_size_per_day,7,6.142857142857143
FEDXA03,M,2.0,PR,mega_meal_size_per_day,1,6.0
FEDXA03,M,2.0,PR,mega_meal_size_per_day,2,6.333333333333333
FEDXA03,M,2.0,PR,mega_meal_size_per_day,3,6.0
FEDXA03,M,2.0,PR,mega_meal_size_per_day,4,7.0
FEDXA03,M,2.0,PR,mega_meal_size_per_day,5,7.875
FEDXA03,M,2.0,PR,mega_meal_size_per_day,6,6.375
FEDXA03,M,2.0,PR,mega_meal_size_per_day,7,6.75
FEDXA04,M,2.0,PR,mega_meal_size_per_day,1,7.8
FEDXA04,M,2.0,PR,mega_meal_size_per_day,2,0.0
FEDXA04,M,2.0,PR,mega_meal_size_per_day,3,6.666666666666667
FEDXA04,M,2.0,PR,mega_meal_size_per_day,4,6.0
FEDXA04,M,2.0,PR,mega_meal_size_per_day,5,7.857142857142857
FEDXA04,M,2.0,PR,mega_meal_size_per_day,6,7.166666666666667
FEDXA04,M,2.0,PR,mega_meal_size_per_day,7,8.0
FEDXA05,M,2.0,PR,mega_meal_size_per_day,1,7.666666666666667
FEDXA05,M,2.0,PR,mega_meal_size_per_day,2,0.0
FEDXA05,M,2.0,PR,mega_meal_size_per_day,3,7.333333333333333
FEDXA05,M,2.0,PR,mega_meal_size_per_day,4,6.666666666666667
FEDXA05,M,2.0,PR,mega_meal_size_per_day,5,7.555555555555555
FEDXA05,M,2.0,PR,mega_meal_size_per_day,6,6.4
FEDXA05,M,2.0,PR,mega_meal_size_per_day,7,6.875
FEDXA06,M,2.0,PR,mega_meal_size_per_day,1,7.5
FEDXA06,M,2.0,PR,mega_meal_size_per_day,2,6.0
FEDXA06,M,2.0,PR,mega_meal_size_per_day,3,0.0
FEDXA06,M,2.0,PR,mega_meal_size_per_day,4,0.0
FEDXA06,M,2.0,PR,mega_meal_size_per_day,5,6.0
FEDXA06,M,2.0,PR,mega_meal_size_per_day,6,7.5
FEDXA06,M,2.0,PR,mega_meal_size_per_day,7,6.0
FEDXA07,M,1.0,PR,mega_meal_size_per_day,1,6.0
FEDXA07,M,1.0,PR,mega_meal_size_per_day,2,7.4
FEDXA07,M,1.0,PR,mega_meal_size_per_day,3,7.2
FEDXA07,M,1.0,PR,mega_meal_size_per_day,4,8.0
FEDXA07,M,1.0,PR,mega_meal_size_per_day,5,6.777777777777778
FEDXA07,M,1.0,PR,mega_meal_size_per_day,6,7.3
FEDXA07,M,1.0,PR,mega_meal_size_per_day,7,6.7
FEDXA08,M,1.0,PR,mega_meal_size_per_day,1,7.714285714285714
FEDXA08,M,1.0,PR,mega_meal_size_per_day,2,7.666666666666667
FEDXA08,M,1.0,PR,mega_meal_size_per_day,3,7.25
FEDXA08,M,1.0,PR,mega_meal_size_per_day,4,7.083333333333333
FEDXA08,M,1.0,PR,mega_meal_size_per_day,5,7.363636363636363
FEDXA08,M,1.0,PR,mega_meal_size_per_day,6,7.7272727272727275
FEDXA08,M,1.0,PR,mega_meal_size_per_day,7,7.846153846153846
FEDXA09,M,1.0,PR,mega_meal_size_per_day,1,6.5
FEDXA09,M,1.0,PR,mega_meal_size_per_day,2,8.0
FEDXA09,M,1.0,PR,mega_meal_size_per_day,3,6.666666666666667
FEDXA09,M,1.0,PR,mega_meal_size_per_day,4,6.875
FEDXA09,M,1.0,PR,mega_meal_size_per_day,5,7.0
FEDXA09,M,1.0,PR,mega_meal_size_per_day,6,6.714285714285714
FEDXA09,M,1.0,PR,mega_meal_size_per_day,7,8.428571428571429
FEDXA10,M,1.0,PR,mega_meal_size_per_day,1,7.4
FEDXA10,M,1.0,PR,mega_meal_size_per_day,2,8.25
FEDXA10,M,1.0,PR,mega_meal_size_per_day,3,7.5
FEDXA10,M,1.0,PR,mega_meal_size_per_day,4,6.888888888888889
FEDXA10,M,1.0,PR,mega_meal_size_per_day,5,7.636363636363637
FEDXA10,M,1.0,PR,mega_meal_size_per_day,6,8.0
FEDXA10,M,1.0,PR,mega_meal_size_per_day,7,7.375
FEDXA11,M,1.0,PR,mega_meal_size_per_day,1,8.2
FEDXA11,M,1.0,PR,mega_meal_size_per_day,2,9.666666666666666
FEDXA11,M,1.0,PR,mega_meal_size_per_day,3,12.2
FEDXA11,M,1.0,PR,mega_meal_size_per_day,4,7.333333333333333
FEDXA11,M,1.0,PR,mega_meal_size_per_day,5,6.6
FEDXA11,M,1.0,PR,mega_meal_size_per_day,6,6.888888888888889
FEDXA11,M,1.0,PR,mega_meal_size_per_day,7,6.857142857142857
FEDXA12,M,1.0,PR,mega_meal_size_per_day,1,7.333333333333333
FEDXA12,M,1.0,PR,mega_meal_size_per_day,2,7.571428571428571
FEDXA12,M,1.0,PR,mega_meal_size_per_day,3,7.666666666666667
FEDXA12,M,1.0,PR,mega_meal_size_per_day,4,8.11111111111111
FEDXA12,M,1.0,PR,mega_meal_size_per_day,5,7.875
FEDXA12,M,1.0,PR,mega_meal_size_per_day,6,7.454545454545454
FEDXA12,M,1.0,PR,mega_meal_size_per_day,7,8.272727272727273
FEDXB01,F,2.0,PR,mega_meal_size_per_day,1,7.0
FEDXB01,F,2.0,PR,mega_meal_size_per_day,2,11.0
FEDXB01,F,2.0,PR,mega_meal_size_per_day,3,0.0
FEDXB01,F,2.0,PR,mega_meal_size_per_day,4,7.333333333333333
FEDXB01,F,2.0,PR,mega_meal_size_per_day,5,6.0
FEDXB01,F,2.0,PR,mega_meal_size_per_day,6,7.0
FEDXB01,F,2.0,PR,mega_meal_size_per_day,7,0.0
FEDXB02,F,2.0,PR,mega_meal_size_per_day,1,10.0
FEDXB02,F,2.0,PR,mega_meal_size_per_day,2,6.0
FEDXB02,F,2.0,PR,mega_meal_size_per_day,3,6.0
FEDXB02,F,2.0,PR,mega_meal_size_per_day,4,11.5
FEDXB02,F,2.0,PR,mega_meal_size_per_day,5,6.0
FEDXB02,F,2.0,PR,mega_meal_size_per_day,6,8.0
FEDXB02,F,2.0,PR,mega_meal_size_per_day,7,6.375
FEDXB03,F,2.0,PR,mega_meal_size_per_day,1,8.5
FEDXB03,F,2.0,PR,mega_meal_size_per_day,2,0.0
FEDXB03,F,2.0,PR,mega_meal_size_per_day,3,6.333333333333333
FEDXB03,F,2.0,PR,mega_meal_size_per_day,4,0.0
FEDXB03,F,2.0,PR,mega_meal_size_per_day,5,9.0
FEDXB03,F,2.0,PR,mega_meal_size_per_day,6,7.0
FEDXB03,F,2.0,PR,mega_meal_size_per_day,7,6.0
FEDXB04,F,2.0,PR,mega_meal_size_per_day,1,0.0
FEDXB04,F,2.0,PR,mega_meal_size_per_day,2,6.0
FEDXB04,F,2.0,PR,mega_meal_size_per_day,3,6.666666666666667
FEDXB04,F,2.0,PR,mega_meal_size_per_day,4,6.75
FEDXB04,F,2.0,PR,mega_meal_size_per_day,5,7.166666666666667
FEDXB04,F,2.0,PR,mega_meal_size_per_day,6,7.25
FEDXB04,F,2.0,PR,mega_meal_size_per_day,7,6.5
FEDXB05,F,2.0,PR,mega_meal_size_per_day,1,7.0
FEDXB05,F,2.0,PR,mega_meal_size_per_day,2,6.0
FEDXB05,F,2.0,PR,mega_meal_size_per_day,3,8.2
FEDXB05,F,2.0,PR,mega_meal_size_per_day,4,6.5
FEDXB05,F,2.0,PR,mega_meal_size_per_day,5,8.333333333333334
FEDXB05,F,2.0,PR,mega_meal_size_per_day,6,6.777777777777778
FEDXB05,F,2.0,PR,mega_meal_size_per_day,7,6.5
FEDXB06,F,2.0,PR,mega_meal_size_per_day,1,0.0
FEDXB06,F,2.0,PR,mega_meal_size_per_day,2,6.0
FEDXB06,F,2.0,PR,mega_meal_size_per_day,3,6.0
FEDXB06,F,2.0,PR,mega_meal_size_per_day,4,6.0
FEDXB06,F,2.0,PR,mega_meal_size_per_day,5,6.0
FEDXB06,F,2.0,PR,mega_meal_size_per_day,6,6.4
FEDXB06,F,2.0,PR,mega_meal_size_per_day,7,7.666666666666667
FEDXB07,F,1.0,PR,mega_meal_size_per_day,1,6.0
FEDXB07,F,1.0,PR,mega_meal_size_per_day,2,6.333333333333333
FEDXB07,F,1.0,PR,mega_meal_size_per_day,3,6.5
FEDXB07,F,1.0,PR,mega_meal_size_per_day,4,6.5
FEDXB07,F,1.0,PR,mega_meal_size_per_day,5,6.6
FEDXB07,F,1.0,PR,mega_meal_size_per_day,6,6.5
FEDXB07,F,1.0,PR,mega_meal_size_per_day,7,6.0
FEDXB08,F,1.0,PR,mega_meal_size_per_day,1,7.0
FEDXB08,F,1.0,PR,mega_meal_size_per_day,2,7.7
FEDXB08,F,1.0,PR,mega_meal_size_per_day,3,7.0
FEDXB08,F,1.0,PR,mega_meal_size_per_day,4,7.538461538461538
FEDXB08,F,1.0,PR,mega_meal_size_per_day,5,6.866666666666666
FEDXB08,F,1.0,PR,mega_meal_size_per_day,6,8.125
FEDXB08,F,1.0,PR,mega_meal_size_per_day,7,6.714285714285714
FEDXB10,F,1.0,PR,mega_meal_size_per_day,1,6.666666666666667
FEDXB10,F,1.0,PR,mega_meal_size_per_day,2,7.0
FEDXB10,F,1.0,PR,mega_meal_size_per_day,3,7.0
FEDXB10,F,1.0,PR,mega_meal_size_per_day,4,6.0
FEDXB10,F,1.0,PR,mega_meal_size_per_day,5,6.666666666666667
FEDXB10,F,1.0,PR,mega_meal_size_per_day,6,7.25
FEDXB10,F,1.0,PR,mega_meal_size_per_day,7,7.25
FEDXB11,F,1.0,PR,mega_meal_size_per_day,1,6.0
FEDXB11,F,1.0,PR,mega_meal_size_per_day,2,6.25
FEDXB11,F,1.0,PR,mega_meal_size_per_day,3,7.0
FEDXB11,F,1.0,PR,mega_meal_size_per_day,4,0.0
FEDXB11,F,1.0,PR,mega_meal_size_per_day,5,6.5
FEDXB11,F,1.0,PR,mega_meal_size_per_day,6,6.5
FEDXB11,F,1.0,PR,mega_meal_size_per_day,7,6.0
FEDXB12,F,1.0,PR,mega_meal_size_per_day,1,7.6
FEDXB12,F,1.0,PR,mega_meal_size_per_day,2,8.142857142857142
FEDXB12,F,1.0,PR,mega_meal_size_per_day,3,8.1875
FEDXB12,F,1.0,PR,mega_meal_size_per_day,4,8.428571428571429
FEDXB12,F,1.0,PR,mega_meal_size_per_day,5,8.833333333333334
FEDXB12,F,1.0,PR,mega_meal_size_per_day,6,7.235294117647059
FEDXB12,F,1.0,PR,mega_meal_size_per_day,7,7.066666666666666
FEDXA01,M,2.0,GRAIN,mega_meals_per_day,1,16.0
FEDXA01,M,2.0,GRAIN,mega_meals_per_day,2,13.0
FEDXA01,M,2.0,GRAIN,mega_meals_per_day,3,11.0
FEDXA02,M,2.0,GRAIN,mega_meals_per_day,1,13.0
FEDXA02,M,2.0,GRAIN,mega_meals_per_day,2,7.0
FEDXA02,M,2.0,GRAIN,mega_meals_per_day,3,10.0
FEDXA03,M,2.0,GRAIN,mega_meals_per_day,1,6.0
FEDXA03,M,2.0,GRAIN,mega_meals_per_day,2,10.0
FEDXA03,M,2.0,GRAIN,mega_meals_per_day,3,9.0
FEDXA04,M,2.0,GRAIN,mega_meals_per_day,1,8.0
FEDXA04,M,2.0,GRAIN,mega_meals_per_day,2,9.0
FEDXA04,M,2.0,GRAIN,mega_meals_per_day,3,9.0
FEDXA05,M,2.0,GRAIN,mega_meals_per_day,1,15.0
FEDXA05,M,2.0,GRAIN,mega_meals_per_day,2,18.0
FEDXA05,M,2.0,GRAIN,mega_meals_per_day,3,16.0
FEDXA06,M,2.0,GRAIN,mega_meals_per_day,1,9.0
FEDXA06,M,2.0,GRAIN,mega_meals_per_day,2,22.0
FEDXA06,M,2.0,GRAIN,mega_meals_per_day,3,0.0
FEDXA07,M,1.0,GRAIN,mega_meals_per_day,1,15.0
FEDXA07,M,1.0,GRAIN,mega_meals_per_day,2,19.0
FEDXA07,M,1.0,GRAIN,mega_meals_per_day,3,17.0
FEDXA08,M,1.0,GRAIN,mega_meals_per_day,1,22.0
FEDXA08,M,1.0,GRAIN,mega_meals_per_day,2,17.0
FEDXA08,M,1.0,GRAIN,mega_meals_per_day,3,11.0
FEDXA09,M,1.0,GRAIN,mega_meals_per_day,1,7.0
FEDXA09,M,1.0,GRAIN,mega_meals_per_day,2,3.0
FEDXA09,M,1.0,GRAIN,mega_meals_per_day,3,12.0
FEDXA10,M,1.0,GRAIN,mega_meals_per_day,1,8.0
FEDXA10,M,1.0,GRAIN,mega_meals_per_day,2,16.0
FEDXA10,M,1.0,GRAIN,mega_meals_per_day,3,16.0
FEDXA11,M,1.0,GRAIN,mega_meals_per_day,1,15.0
FEDXA11,M,1.0,GRAIN,mega_meals_per_day,2,11.0
FEDXA11,M,1.0,GRAIN,mega_meals_per_day,3,19.0
FEDXA12,M,1.0,GRAIN,mega_meals_per_day,1,11.0
FEDXA12,M,1.0,GRAIN,mega_meals_per_day,2,9.0
FEDXA12,M,1.0,GRAIN,mega_meals_per_day,3,12.0
FEDXB01,F,2.0,GRAIN,mega_meals_per_day,1,11.0
FEDXB01,F,2.0,GRAIN,mega_meals_per_day,2,20.0
FEDXB01,F,2.0,GRAIN,mega_meals_per_day,3,19.0
FEDXB02,F,2.0,GRAIN,mega_meals_per_day,1,2.0
FEDXB02,F,2.0,GRAIN,mega_meals_per_day,2,4.0
FEDXB02,F,2.0,GRAIN,mega_meals_per_day,3,10.0
FEDXB03,F,2.0,GRAIN,mega_meals_per_day,1,1.0
FEDXB03,F,2.0,GRAIN,mega_meals_per_day,2,9.0
FEDXB03,F,2.0,GRAIN,mega_meals_per_day,3,11.0
FEDXB04,F,2.0,GRAIN,mega_meals_per_day,1,2.0
FEDXB04,F,2.0,GRAIN,mega_meals_per_day,2,11.0
FEDXB04,F,2.0,GRAIN,mega_meals_per_day,3,8.0
FEDXB05,F,2.0,GRAIN,mega_meals_per_day,1,19.0
FEDXB05,F,2.0,GRAIN,mega_meals_per_day,2,8.0
FEDXB05,F,2.0,GRAIN,mega_meals_per_day,3,5.0
FEDXB06,F,2.0,GRAIN,mega_meals_per_day,1,18.0
FEDXB06,F,2.0,GRAIN,mega_meals_per_day,2,9.0
FEDXB06,F,2.0,GRAIN,mega_meals_per_day,3,15.0
FEDXB07,F,1.0,GRAIN,mega_meals_per_day,1,18.0
FEDXB07,F,1.0,GRAIN,mega_meals_per_day,2,13.0
FEDXB07,F,1.0,GRAIN,mega_meals_per_day,3,17.0
FEDXB08,F,1.0,GRAIN,mega_meals_per_day,1,8.0
FEDXB08,F,1.0,GRAIN,mega_meals_per_day,2,20.0
FEDXB08,F,1.0,GRAIN,mega_meals_per_day,3,17.0
FEDXB10,F,1.0,GRAIN,mega_meals_per_day,1,10.0
FEDXB10,F,1.0,GRAIN,mega_meals_per_day,2,9.0
FEDXB10,F,1.0,GRAIN,mega_meals_per_day,3,7.0
FEDXB11,F,1.0,GRAIN,mega_meals_per_day,1,11.0
FEDXB11,F,1.0,GRAIN,mega_meals_per_day,2,5.0
FEDXB11,F,1.0,GRAIN,mega_meals_per_day,3,11.0
FEDXB12,F,1.0,GRAIN,mega_meals_per_day,1,17.0
FEDXB12,F,1.0,GRAIN,mega_meals_per_day,2,20.0
FEDXB12,F,1.0,GRAIN,mega_meals_per_day,3,20.0
FEDXA01,M,2.0,NR,mega_meals_per_day,1,21.0
FEDXA01,M,2.0,NR,mega_meals_per_day,2,18.0
FEDXA01,M,2.0,NR,mega_meals_per_day,3,17.0
FEDXA01,M,2.0,NR,mega_meals_per_day,4,16.0
FEDXA01,M,2.0,NR,mega_meals_per_day,5,18.0
FEDXA01,M,2.0,NR,mega_meals_per_day,6,20.0
FEDXA01,M,2.0,NR,mega_meals_per_day,7,20.0
FEDXA02,M,2.0,NR,mega_meals_per_day,1,17.0
FEDXA02,M,2.0,NR,mega_meals_per_day,2,11.0
FEDXA02,M,2.0,NR,mega_meals_per_day,3,6.0
FEDXA02,M,2.0,NR,mega_meals_per_day,4,9.0
FEDXA02,M,2.0,NR,mega_meals_per_day,5,7.0
FEDXA02,M,2.0,NR,mega_meals_per_day,6,6.0
FEDXA02,M,2.0,NR,mega_meals_per_day,7,13.0
FEDXA03,M,2.0,NR,mega_meals_per_day,1,31.0
FEDXA03,M,2.0,NR,mega_meals_per_day,2,26.0
FEDXA03,M,2.0,NR,mega_meals_per_day,3,19.0
FEDXA03,M,2.0,NR,mega_meals_per_day,4,24.0
FEDXA03,M,2.0,NR,mega_meals_per_day,5,21.0
FEDXA03,M,2.0,NR,mega_meals_per_day,6,11.0
FEDXA03,M,2.0,NR,mega_meals_per_day,7,16.0
FEDXA04,M,2.0,NR,mega_meals_per_day,1,28.0
FEDXA04,M,2.0,NR,mega_meals_per_day,2,22.0
FEDXA04,M,2.0,NR,mega_meals_per_day,3,16.0
FEDXA04,M,2.0,NR,mega_meals_per_day,4,24.0
FEDXA04,M,2.0,NR,mega_meals_per_day,5,18.0
FEDXA04,M,2.0,NR,mega_meals_per_day,6,15.0
FEDXA04,M,2.0,NR,mega_meals_per_day,7,18.0
FEDXA05,M,2.0,NR,mega_meals_per_day,1,12.0
FEDXA05,M,2.0,NR,mega_meals_per_day,2,13.0
FEDXA05,M,2.0,NR,mega_meals_per_day,3,17.0
FEDXA05,M,2.0,NR,mega_meals_per_day,4,14.0
FEDXA05,M,2.0,NR,mega_meals_per_day,5,13.0
FEDXA05,M,2.0,NR,mega_meals_per_day,6,14.0
FEDXA05,M,2.0,NR,mega_meals_per_day,7,14.0
FEDXA06,M,2.0,NR,mega_meals_per_day,1,8.0
FEDXA06,M,2.0,NR,mega_meals_per_day,2,5.0
FEDXA06,M,2.0,NR,mega_meals_per_day,3,3.0
FEDXA06,M,2.0,NR,mega_meals_per_day,4,8.0
FEDXA06,M,2.0,NR,mega_meals_per_day,5,7.0
FEDXA06,M,2.0,NR,mega_meals_per_day,6,7.0
FEDXA06,M,2.0,NR,mega_meals_per_day,7,4.0
FEDXA07,M,1.0,NR,mega_meals_per_day,1,11.0
FEDXA07,M,1.0,NR,mega_meals_per_day,2,10.0
FEDXA07,M,1.0,NR,mega_meals_per_day,3,9.0
FEDXA07,M,1.0,NR,mega_meals_per_day,4,11.0
FEDXA07,M,1.0,NR,mega_meals_per_day,5,7.0
FEDXA07,M,1.0,NR,mega_meals_per_day,6,8.0
FEDXA07,M,1.0,NR,mega_meals_per_day,7,10.0
FEDXA08,M,1.0,NR,mega_meals_per_day,1,6.0
FEDXA08,M,1.0,NR,mega_meals_per_day,2,7.0
FEDXA08,M,1.0,NR,mega_meals_per_day,3,7.0
FEDXA08,M,1.0,NR,mega_meals_per_day,4,10.0
FEDXA08,M,1.0,NR,mega_meals_per_day,5,12.0
FEDXA08,M,1.0,NR,mega_meals_per_day,6,10.0
FEDXA08,M,1.0,NR,mega_meals_per_day,7,12.0
FEDXA09,M,1.0,NR,mega_meals_per_day,1,5.0
FEDXA09,M,1.0,NR,mega_meals_per_day,2,6.0
FEDXA09,M,1.0,NR,mega_meals_per_day,3,7.0
FEDXA09,M,1.0,NR,mega_meals_per_day,4,10.0
FEDXA09,M,1.0,NR,mega_meals_per_day,5,6.0
FEDXA09,M,1.0,NR,mega_meals_per_day,6,15.0
FEDXA09,M,1.0,NR,mega_meals_per_day,7,9.0
FEDXA10,M,1.0,NR,mega_meals_per_day,1,5.0
FEDXA10,M,1.0,NR,mega_meals_per_day,2,9.0
FEDXA10,M,1.0,NR,mega_meals_per_day,3,6.0
FEDXA10,M,1.0,NR,mega_meals_per_day,4,8.0
FEDXA10,M,1.0,NR,mega_meals_per_day,5,15.0
FEDXA10,M,1.0,NR,mega_meals_per_day,6,7.0
FEDXA10,M,1.0,NR,mega_meals_per_day,7,11.0
FEDXA11,M,1.0,NR,mega_meals_per_day,1,11.0
FEDXA11,M,1.0,NR,mega_meals_per_day,2,7.0
FEDXA11,M,1.0,NR,mega_meals_per_day,3,7.0
FEDXA11,M,1.0,NR,mega_meals_per_day,4,7.0
FEDXA11,M,1.0,NR,mega_meals_per_day,5,8.0
FEDXA11,M,1.0,NR,mega_meals_per_day,6,7.0
FEDXA11,M,1.0,NR,mega_meals_per_day,7,10.0
FEDXA12,M,1.0,NR,mega_meals_per_day,1,7.0
FEDXA12,M,1.0,NR,mega_meals_per_day,2,12.0
FEDXA12,M,1.0,NR,mega_meals_per_day,3,6.0
FEDXA12,M,1.0,NR,mega_meals_per_day,4,8.0
FEDXA12,M,1.0,NR,mega_meals_per_day,5,7.0
FEDXA12,M,1.0,NR,mega_meals_per_day,6,4.0
FEDXA12,M,1.0,NR,mega_meals_per_day,7,3.0
FEDXB01,F,2.0,NR,mega_meals_per_day,1,6.0
FEDXB01,F,2.0,NR,mega_meals_per_day,2,6.0
FEDXB01,F,2.0,NR,mega_meals_per_day,3,4.0
FEDXB01,F,2.0,NR,mega_meals_per_day,4,3.0
FEDXB01,F,2.0,NR,mega_meals_per_day,5,2.0
FEDXB01,F,2.0,NR,mega_meals_per_day,6,2.0
FEDXB01,F,2.0,NR,mega_meals_per_day,7,4.0
FEDXB02,F,2.0,NR,mega_meals_per_day,1,7.0
FEDXB02,F,2.0,NR,mega_meals_per_day,2,8.0
FEDXB02,F,2.0,NR,mega_meals_per_day,3,5.0
FEDXB02,F,2.0,NR,mega_meals_per_day,4,7.0
FEDXB02,F,2.0,NR,mega_meals_per_day,5,5.0
FEDXB02,F,2.0,NR,mega_meals_per_day,6,7.0
FEDXB02,F,2.0,NR,mega_meals_per_day,7,8.0
FEDXB03,F,2.0,NR,mega_meals_per_day,1,4.0
FEDXB03,F,2.0,NR,mega_meals_per_day,2,1.0
FEDXB03,F,2.0,NR,mega_meals_per_day,3,4.0
FEDXB03,F,2.0,NR,mega_meals_per_day,4,3.0
FEDXB03,F,2.0,NR,mega_meals_per_day,5,1.0
FEDXB03,F,2.0,NR,mega_meals_per_day,6,0.0
FEDXB03,F,2.0,NR,mega_meals_per_day,7,5.0
FEDXB04,F,2.0,NR,mega_meals_per_day,1,9.0
FEDXB04,F,2.0,NR,mega_meals_per_day,2,15.0
FEDXB04,F,2.0,NR,mega_meals_per_day,3,9.0
FEDXB04,F,2.0,NR,mega_meals_per_day,4,11.0
FEDXB04,F,2.0,NR,mega_meals_per_day,5,14.0
FEDXB04,F,2.0,NR,mega_meals_per_day,6,15.0
FEDXB04,F,2.0,NR,mega_meals_per_day,7,11.0
FEDXB05,F,2.0,NR,mega_meals_per_day,1,11.0
FEDXB05,F,2.0,NR,mega_meals_per_day,2,6.0
FEDXB05,F,2.0,NR,mega_meals_per_day,3,5.0
FEDXB05,F,2.0,NR,mega_meals_per_day,4,6.0
FEDXB05,F,2.0,NR,mega_meals_per_day,5,6.0
FEDXB05,F,2.0,NR,mega_meals_per_day,6,3.0
FEDXB05,F,2.0,NR,mega_meals_per_day,7,9.0
FEDXB06,F,2.0,NR,mega_meals_per_day,1,3.0
FEDXB06,F,2.0,NR,mega_meals_per_day,2,10.0
FEDXB06,F,2.0,NR,mega_meals_per_day,3,8.0
FEDXB06,F,2.0,NR,mega_meals_per_day,4,6.0
FEDXB06,F,2.0,NR,mega_meals_per_day,5,15.0
FEDXB06,F,2.0,NR,mega_meals_per_day,6,23.0
FEDXB06,F,2.0,NR,mega_meals_per_day,7,25.0
FEDXB07,F,1.0,NR,mega_meals_per_day,1,13.0
FEDXB07,F,1.0,NR,mega_meals_per_day,2,11.0
FEDXB07,F,1.0,NR,mega_meals_per_day,3,10.0
FEDXB07,F,1.0,NR,mega_meals_per_day,4,9.0
FEDXB07,F,1.0,NR,mega_meals_per_day,5,11.0
FEDXB07,F,1.0,NR,mega_meals_per_day,6,9.0
FEDXB07,F,1.0,NR,mega_meals_per_day,7,12.0
FEDXB08,F,1.0,NR,mega_meals_per_day,1,14.0
FEDXB08,F,1.0,NR,mega_meals_per_day,2,14.0
FEDXB08,F,1.0,NR,mega_meals_per_day,3,12.0
FEDXB08,F,1.0,NR,mega_meals_per_day,4,11.0
FEDXB08,F,1.0,NR,mega_meals_per_day,5,13.0
FEDXB08,F,1.0,NR,mega_meals_per_day,6,16.0
FEDXB08,F,1.0,NR,mega_meals_per_day,7,17.0
FEDXB10,F,1.0,NR,mega_meals_per_day,1,4.0
FEDXB10,F,1.0,NR,mega_meals_per_day,2,3.0
FEDXB10,F,1.0,NR,mega_meals_per_day,3,4.0
FEDXB10,F,1.0,NR,mega_meals_per_day,4,2.0
FEDXB10,F,1.0,NR,mega_meals_per_day,5,5.0
FEDXB10,F,1.0,NR,mega_meals_per_day,6,6.0
FEDXB10,F,1.0,NR,mega_meals_per_day,7,9.0
FEDXB11,F,1.0,NR,mega_meals_per_day,1,2.0
FEDXB11,F,1.0,NR,mega_meals_per_day,2,1.0
FEDXB11,F,1.0,NR,mega_meals_per_day,3,1.0
FEDXB11,F,1.0,NR,mega_meals_per_day,4,3.0
FEDXB11,F,1.0,NR,mega_meals_per_day,5,6.0
FEDXB11,F,1.0,NR,mega_meals_per_day,6,6.0
FEDXB11,F,1.0,NR,mega_meals_per_day,7,2.0
FEDXB12,F,1.0,NR,mega_meals_per_day,1,15.0
FEDXB12,F,1.0,NR,mega_meals_per_day,2,15.0
FEDXB12,F,1.0,NR,mega_meals_per_day,3,14.0
FEDXB12,F,1.0,NR,mega_meals_per_day,4,17.0
FEDXB12,F,1.0,NR,mega_meals_per_day,5,17.0
FEDXB12,F,1.0,NR,mega_meals_per_day,6,18.0
FEDXB12,F,1.0,NR,mega_meals_per_day,7,16.0
FEDXA01,M,2.0,PR,mega_meals_per_day,1,4.0
FEDXA01,M,2.0,PR,mega_meals_per_day,2,1.0
FEDXA01,M,2.0,PR,mega_meals_per_day,3,3.0
FEDXA01,M,2.0,PR,mega_meals_per_day,4,6.0
FEDXA01,M,2.0,PR,mega_meals_per_day,5,13.0
FEDXA01,M,2.0,PR,mega_meals_per_day,6,16.0
FEDXA01,M,2.0,PR,mega_meals_per_day,7,17.0
FEDXA02,M,2.0,PR,mega_meals_per_day,1,4.0
FEDXA02,M,2.0,PR,mega_meals_per_day,2,1.0
FEDXA02,M,2.0,PR,mega_meals_per_day,3,2.0
FEDXA02,M,2.0,PR,mega_meals_per_day,4,2.0
FEDXA02,M,2.0,PR,mega_meals_per_day,5,4.0
FEDXA02,M,2.0,PR,mega_meals_per_day,6,5.0
FEDXA02,M,2.0,PR,mega_meals_per_day,7,7.0
FEDXA03,M,2.0,PR,mega_meals_per_day,1,2.0
FEDXA03,M,2.0,PR,mega_meals_per_day,2,3.0
FEDXA03,M,2.0,PR,mega_meals_per_day,3,2.0
FEDXA03,M,2.0,PR,mega_meals_per_day,4,5.0
FEDXA03,M,2.0,PR,mega_meals_per_day,5,8.0
FEDXA03,M,2.0,PR,mega_meals_per_day,6,8.0
FEDXA03,M,2.0,PR,mega_meals_per_day,7,16.0
FEDXA04,M,2.0,PR,mega_meals_per_day,1,5.0
FEDXA04,M,2.0,PR,mega_meals_per_day,2,0.0
FEDXA04,M,2.0,PR,mega_meals_per_day,3,3.0
FEDXA04,M,2.0,PR,mega_meals_per_day,4,2.0
FEDXA04,M,2.0,PR,mega_meals_per_day,5,7.0
FEDXA04,M,2.0,PR,mega_meals_per_day,6,12.0
FEDXA04,M,2.0,PR,mega_meals_per_day,7,13.0
FEDXA05,M,2.0,PR,mega_meals_per_day,1,3.0
FEDXA05,M,2.0,PR,mega_meals_per_day,2,0.0
FEDXA05,M,2.0,PR,mega_meals_per_day,3,3.0
FEDXA05,M,2.0,PR,mega_meals_per_day,4,3.0
FEDXA05,M,2.0,PR,mega_meals_per_day,5,9.0
FEDXA05,M,2.0,PR,mega_meals_per_day,6,5.0
FEDXA05,M,2.0,PR,mega_meals_per_day,7,8.0
FEDXA06,M,2.0,PR,mega_meals_per_day,1,4.0
FEDXA06,M,2.0,PR,mega_meals_per_day,2,2.0
FEDXA06,M,2.0,PR,mega_meals_per_day,3,0.0
FEDXA06,M,2.0,PR,mega_meals_per_day,4,0.0
FEDXA06,M,2.0,PR,mega_meals_per_day,5,1.0
FEDXA06,M,2.0,PR,mega_meals_per_day,6,4.0
FEDXA06,M,2.0,PR,mega_meals_per_day,7,1.0
FEDXA07,M,1.0,PR,mega_meals_per_day,1,4.0
FEDXA07,M,1.0,PR,mega_meals_per_day,2,5.0
FEDXA07,M,1.0,PR,mega_meals_per_day,3,5.0
FEDXA07,M,1.0,PR,mega_meals_per_day,4,6.0
FEDXA07,M,1.0,PR,mega_meals_per_day,5,9.0
FEDXA07,M,1.0,PR,mega_meals_per_day,6,10.0
FEDXA07,M,1.0,PR,mega_meals_per_day,7,10.0
FEDXA08,M,1.0,PR,mega_meals_per_day,1,7.0
FEDXA08,M,1.0,PR,mega_meals_per_day,2,6.0
FEDXA08,M,1.0,PR,mega_meals_per_day,3,8.0
FEDXA08,M,1.0,PR,mega_meals_per_day,4,12.0
FEDXA08,M,1.0,PR,mega_meals_per_day,5,11.0
FEDXA08,M,1.0,PR,mega_meals_per_day,6,11.0
FEDXA08,M,1.0,PR,mega_meals_per_day,7,13.0
FEDXA09,M,1.0,PR,mega_meals_per_day,1,2.0
FEDXA09,M,1.0,PR,mega_meals_per_day,2,2.0
FEDXA09,M,1.0,PR,mega_meals_per_day,3,3.0
FEDXA09,M,1.0,PR,mega_meals_per_day,4,8.0
FEDXA09,M,1.0,PR,mega_meals_per_day,5,10.0
FEDXA09,M,1.0,PR,mega_meals_per_day,6,14.0
FEDXA09,M,1.0,PR,mega_meals_per_day,7,7.0
FEDXA10,M,1.0,PR,mega_meals_per_day,1,5.0
FEDXA10,M,1.0,PR,mega_meals_per_day,2,4.0
FEDXA10,M,1.0,PR,mega_meals_per_day,3,8.0
FEDXA10,M,1.0,PR,mega_meals_per_day,4,9.0
FEDXA10,M,1.0,PR,mega_meals_per_day,5,11.0
FEDXA10,M,1.0,PR,mega_meals_per_day,6,9.0
FEDXA10,M,1.0,PR,mega_meals_per_day,7,8.0
FEDXA11,M,1.0,PR,mega_meals_per_day,1,5.0
FEDXA11,M,1.0,PR,mega_meals_per_day,2,3.0
FEDXA11,M,1.0,PR,mega_meals_per_day,3,5.0
FEDXA11,M,1.0,PR,mega_meals_per_day,4,6.0
FEDXA11,M,1.0,PR,mega_meals_per_day,5,5.0
FEDXA11,M,1.0,PR,mega_meals_per_day,6,9.0
FEDXA11,M,1.0,PR,mega_meals_per_day,7,7.0
FEDXA12,M,1.0,PR,mega_meals_per_day,1,3.0
FEDXA12,M,1.0,PR,mega_meals_per_day,2,7.0
FEDXA12,M,1.0,PR,mega_meals_per_day,3,6.0
FEDXA12,M,1.0,PR,mega_meals_per_day,4,9.0
FEDXA12,M,1.0,PR,mega_meals_per_day,5,16.0
FEDXA12,M,1.0,PR,mega_meals_per_day,6,11.0
FEDXA12,M,1.0,PR,mega_meals_per_day,7,11.0
FEDXB01,F,2.0,PR,mega_meals_per_day,1,3.0
FEDXB01,F,2.0,PR,mega_meals_per_day,2,1.0
FEDXB01,F,2.0,PR,mega_meals_per_day,3,0.0
FEDXB01,F,2.0,PR,mega_meals_per_day,4,3.0
FEDXB01,F,2.0,PR,mega_meals_per_day,5,1.0
FEDXB01,F,2.0,PR,mega_meals_per_day,6,1.0
FEDXB01,F,2.0,PR,mega_meals_per_day,7,0.0
FEDXB02,F,2.0,PR,mega_meals_per_day,1,8.0
FEDXB02,F,2.0,PR,mega_meals_per_day,2,4.0
FEDXB02,F,2.0,PR,mega_meals_per_day,3,3.0
FEDXB02,F,2.0,PR,mega_meals_per_day,4,2.0
FEDXB02,F,2.0,PR,mega_meals_per_day,5,1.0
FEDXB02,F,2.0,PR,mega_meals_per_day,6,1.0
FEDXB02,F,2.0,PR,mega_meals_per_day,7,8.0
FEDXB03,F,2.0,PR,mega_meals_per_day,1,2.0
FEDXB03,F,2.0,PR,mega_meals_per_day,2,0.0
FEDXB03,F,2.0,PR,mega_meals_per_day,3,3.0
FEDXB03,F,2.0,PR,mega_meals_per_day,4,0.0
FEDXB03,F,2.0,PR,mega_meals_per_day,5,3.0
FEDXB03,F,2.0,PR,mega_meals_per_day,6,4.0
FEDXB03,F,2.0,PR,mega_meals_per_day,7,3.0
FEDXB04,F,2.0,PR,mega_meals_per_day,1,0.0
FEDXB04,F,2.0,PR,mega_meals_per_day,2,1.0
FEDXB04,F,2.0,PR,mega_meals_per_day,3,3.0
FEDXB04,F,2.0,PR,mega_meals_per_day,4,4.0
FEDXB04,F,2.0,PR,mega_meals_per_day,5,6.0
FEDXB04,F,2.0,PR,mega_meals_per_day,6,4.0
FEDXB04,F,2.0,PR,mega_meals_per_day,7,4.0
FEDXB05,F,2.0,PR,mega_meals_per_day,1,2.0
FEDXB05,F,2.0,PR,mega_meals_per_day,2,1.0
FEDXB05,F,2.0,PR,mega_meals_per_day,3,5.0
FEDXB05,F,2.0,PR,mega_meals_per_day,4,2.0
FEDXB05,F,2.0,PR,mega_meals_per_day,5,3.0
FEDXB05,F,2.0,PR,mega_meals_per_day,6,9.0
FEDXB05,F,2.0,PR,mega_meals_per_day,7,6.0
FEDXB06,F,2.0,PR,mega_meals_per_day,1,0.0
FEDXB06,F,2.0,PR,mega_meals_per_day,2,3.0
FEDXB06,F,2.0,PR,mega_meals_per_day,3,4.0
FEDXB06,F,2.0,PR,mega_meals_per_day,4,2.0
FEDXB06,F,2.0,PR,mega_meals_per_day,5,4.0
FEDXB06,F,2.0,PR,mega_meals_per_day,6,5.0
FEDXB06,F,2.0,PR,mega_meals_per_day,7,3.0
FEDXB07,F,1.0,PR,mega_meals_per_day,1,1.0
FEDXB07,F,1.0,PR,mega_meals_per_day,2,9.0
FEDXB07,F,1.0,PR,mega_meals_per_day,3,4.0
FEDXB07,F,1.0,PR,mega_meals_per_day,4,8.0
FEDXB07,F,1.0,PR,mega_meals_per_day,5,10.0
FEDXB07,F,1.0,PR,mega_meals_per_day,6,4.0
FEDXB07,F,1.0,PR,mega_meals_per_day,7,6.0
FEDXB08,F,1.0,PR,mega_meals_per_day,1,5.0
FEDXB08,F,1.0,PR,mega_meals_per_day,2,10.0
FEDXB08,F,1.0,PR,mega_meals_per_day,3,10.0
FEDXB08,F,1.0,PR,mega_meals_per_day,4,13.0
FEDXB08,F,1.0,PR,mega_meals_per_day,5,15.0
FEDXB08,F,1.0,PR,mega_meals_per_day,6,8.0
FEDXB08,F,1.0,PR,mega_meals_per_day,7,7.0
FEDXB10,F,1.0,PR,mega_meals_per_day,1,3.0
FEDXB10,F,1.0,PR,mega_meals_per_day,2,1.0
FEDXB10,F,1.0,PR,mega_meals_per_day,3,3.0
FEDXB10,F,1.0,PR,mega_meals_per_day,4,1.0
FEDXB10,F,1.0,PR,mega_meals_per_day,5,3.0
FEDXB10,F,1.0,PR,mega_meals_per_day,6,4.0
FEDXB10,F,1.0,PR,mega_meals_per_day,7,4.0
FEDXB11,F,1.0,PR,mega_meals_per_day,1,2.0
FEDXB11,F,1.0,PR,mega_meals_per_day,2,4.0
FEDXB11,F,1.0,PR,mega_meals_per_day,3,1.0
FEDXB11,F,1.0,PR,mega_meals_per_day,4,0.0
FEDXB11,F,1.0,PR,mega_meals_per_day,5,2.0
FEDXB11,F,1.0,PR,mega_meals_per_day,6,4.0
FEDXB11,F,1.0,PR,mega_meals_per_day,7,1.0
FEDXB12,F,1.0,PR,mega_meals_per_day,1,10.0
FEDXB12,F,1.0,PR,mega_meals_per_day,2,14.0
FEDXB12,F,1.0,PR,mega_meals_per_day,3,16.0
FEDXB12,F,1.0,PR,mega_meals_per_day,4,14.0
FEDXB12,F,1.0,PR,mega_meals_per_day,5,12.0
FEDXB12,F,1.0,PR,mega_meals_per_day,6,17.0
FEDXB12,F,1.0,PR,mega_meals_per_day,7,15.0
FEDXA01,M,2.0,GRAIN,pellets_per_day,1,315.0
FEDXA01,M,2.0,GRAIN,pellets_per_day,2,247.0
FEDXA01,M,2.0,GRAIN,pellets_per_day,3,211.0
FEDXA02,M,2.0,GRAIN,pellets_per_day,1,283.0
FEDXA02,M,2.0,GRAIN,pellets_per_day,2,200.0
FEDXA02,M,2.0,GRAIN,pellets_per_day,3,182.0
FEDXA03,M,2.0,GRAIN,pellets_per_day,1,231.0
FEDXA03,M,2.0,GRAIN,pellets_per_day,2,221.0
FEDXA03,M,2.0,GRAIN,pellets_per_day,3,191.0
FEDXA04,M,2.0,GRAIN,pellets_per_day,1,269.0
FEDXA04,M,2.0,GRAIN,pellets_per_day,2,245.0
FEDXA04,M,2.0,GRAIN,pellets_per_day,3,182.0
FEDXA05,M,2.0,GRAIN,pellets_per_day,1,213.0
FEDXA05,M,2.0,GRAIN,pellets_per_day,2,230.0
FEDXA05,M,2.0,GRAIN,pellets_per_day,3,221.0
FEDXA06,M,2.0,GRAIN,pellets_per_day,1,198.0
FEDXA06,M,2.0,GRAIN,pellets_per_day,2,291.0
FEDXA06,M,2.0,GRAIN,pellets_per_day,3,7.0
FEDXA07,M,1.0,GRAIN,pellets_per_day,1,263.0
FEDXA07,M,1.0,GRAIN,pellets_per_day,2,243.0
FEDXA07,M,1.0,GRAIN,pellets_per_day,3,186.0
FEDXA08,M,1.0,GRAIN,pellets_per_day,1,292.0
FEDXA08,M,1.0,GRAIN,pellets_per_day,2,214.0
FEDXA08,M,1.0,GRAIN,pellets_per_day,3,207.0
FEDXA09,M,1.0,GRAIN,pellets_per_day,1,292.0
FEDXA09,M,1.0,GRAIN,pellets_per_day,2,182.0
FEDXA09,M,1.0,GRAIN,pellets_per_day,3,184.0
FEDXA10,M,1.0,GRAIN,pellets_per_day,1,182.0
FEDXA10,M,1.0,GRAIN,pellets_per_day,2,247.0
FEDXA10,M,1.0,GRAIN,pellets_per_day,3,205.0
FEDXA11,M,1.0,GRAIN,pellets_per_day,1,292.0
FEDXA11,M,1.0,GRAIN,pellets_per_day,2,237.0
FEDXA11,M,1.0,GRAIN,pellets_per_day,3,214.0
FEDXA12,M,1.0,GRAIN,pellets_per_day,1,223.0
FEDXA12,M,1.0,GRAIN,pellets_per_day,2,193.0
FEDXA12,M,1.0,GRAIN,pellets_per_day,3,206.0
FEDXB01,F,2.0,GRAIN,pellets_per_day,1,191.0
FEDXB01,F,2.0,GRAIN,pellets_per_day,2,264.0
FEDXB01,F,2.0,GRAIN,pellets_per_day,3,234.0
FEDXB02,F,2.0,GRAIN,pellets_per_day,1,202.0
FEDXB02,F,2.0,GRAIN,pellets_per_day,2,203.0
FEDXB02,F,2.0,GRAIN,pellets_per_day,3,175.0
FEDXB03,F,2.0,GRAIN,pellets_per_day,1,82.0
FEDXB03,F,2.0,GRAIN,pellets_per_day,2,218.0
FEDXB03,F,2.0,GRAIN,pellets_per_day,3,185.0
FEDXB04,F,2.0,GRAIN,pellets_per_day,1,141.0
FEDXB04,F,2.0,GRAIN,pellets_per_day,2,160.0
FEDXB04,F,2.0,GRAIN,pellets_per_day,3,173.0
FEDXB05,F,2.0,GRAIN,pellets_per_day,1,290.0
FEDXB05,F,2.0,GRAIN,pellets_per_day,2,200.0
FEDXB05,F,2.0,GRAIN,pellets_per_day,3,172.0
FEDXB06,F,2.0,GRAIN,pellets_per_day,1,311.0
FEDXB06,F,2.0,GRAIN,pellets_per_day,2,173.0
FEDXB06,F,2.0,GRAIN,pellets_per_day,3,208.0
FEDXB07,F,1.0,GRAIN,pellets_per_day,1,277.0
FEDXB07,F,1.0,GRAIN,pellets_per_day,2,182.0
FEDXB07,F,1.0,GRAIN,pellets_per_day,3,230.0
FEDXB08,F,1.0,GRAIN,pellets_per_day,1,150.0
FEDXB08,F,1.0,GRAIN,pellets_per_day,2,232.0
FEDXB08,F,1.0,GRAIN,pellets_per_day,3,169.0
FEDXB10,F,1.0,GRAIN,pellets_per_day,1,249.0
FEDXB10,F,1.0,GRAIN,pellets_per_day,2,204.0
FEDXB10,F,1.0,GRAIN,pellets_per_day,3,212.0
FEDXB11,F,1.0,GRAIN,pellets_per_day,1,247.0
FEDXB11,F,1.0,GRAIN,pellets_per_day,2,202.0
FEDXB11,F,1.0,GRAIN,pellets_per_day,3,212.0
FEDXB12,F,1.0,GRAIN,pellets_per_day,1,209.0
FEDXB12,F,1.0,GRAIN,pellets_per_day,2,218.0
FEDXB12,F,1.0,GRAIN,pellets_per_day,3,201.0
FEDXA01,M,2.0,NR,pellets_per_day,1,245.0
FEDXA01,M,2.0,NR,pellets_per_day,2,234.0
FEDXA01,M,2.0,NR,pellets_per_day,3,220.0
FEDXA01,M,2.0,NR,pellets_per_day,4,210.0
FEDXA01,M,2.0,NR,pellets_per_day,5,241.0
FEDXA01,M,2.0,NR,pellets_per_day,6,222.0
FEDXA01,M,2.0,NR,pellets_per_day,7,214.0
FEDXA02,M,2.0,NR,pellets_per_day,1,225.0
FEDXA02,M,2.0,NR,pellets_per_day,2,168.0
FEDXA02,M,2.0,NR,pellets_per_day,3,191.0
FEDXA02,M,2.0,NR,pellets_per_day,4,171.0
FEDXA02,M,2.0,NR,pellets_per_day,5,182.0
FEDXA02,M,2.0,NR,pellets_per_day,6,172.0
FEDXA02,M,2.0,NR,pellets_per_day,7,179.0
FEDXA03,M,2.0,NR,pellets_per_day,1,350.0
FEDXA03,M,2.0,NR,pellets_per_day,2,344.0
FEDXA03,M,2.0,NR,pellets_per_day,3,277.0
FEDXA03,M,2.0,NR,pellets_per_day,4,281.0
FEDXA03,M,2.0,NR,pellets_per_day,5,247.0
FEDXA03,M,2.0,NR,pellets_per_day,6,215.0
FEDXA03,M,2.0,NR,pellets_per_day,7,225.0
FEDXA04,M,2.0,NR,pellets_per_day,1,292.0
FEDXA04,M,2.0,NR,pellets_per_day,2,259.0
FEDXA04,M,2.0,NR,pellets_per_day,3,235.0
FEDXA04,M,2.0,NR,pellets_per_day,4,206.0
FEDXA04,M,2.0,NR,pellets_per_day,5,234.0
FEDXA04,M,2.0,NR,pellets_per_day,6,233.0
FEDXA04,M,2.0,NR,pellets_per_day,7,206.0
FEDXA05,M,2.0,NR,pellets_per_day,1,266.0
FEDXA05,M,2.0,NR,pellets_per_day,2,257.0
FEDXA05,M,2.0,NR,pellets_per_day,3,252.0
FEDXA05,M,2.0,NR,pellets_per_day,4,265.0
FEDXA05,M,2.0,NR,pellets_per_day,5,236.0
FEDXA05,M,2.0,NR,pellets_per_day,6,238.0
FEDXA05,M,2.0,NR,pellets_per_day,7,219.0
FEDXA06,M,2.0,NR,pellets_per_day,1,216.0
FEDXA06,M,2.0,NR,pellets_per_day,2,198.0
FEDXA06,M,2.0,NR,pellets_per_day,3,180.0
FEDXA06,M,2.0,NR,pellets_per_day,4,200.0
FEDXA06,M,2.0,NR,pellets_per_day,5,186.0
FEDXA06,M,2.0,NR,pellets_per_day,6,171.0
FEDXA06,M,2.0,NR,pellets_per_day,7,173.0
FEDXA07,M,1.0,NR,pellets_per_day,1,171.0
FEDXA07,M,1.0,NR,pellets_per_day,2,180.0
FEDXA07,M,1.0,NR,pellets_per_day,3,176.0
FEDXA07,M,1.0,NR,pellets_per_day,4,162.0
FEDXA07,M,1.0,NR,pellets_per_day,5,181.0
FEDXA07,M,1.0,NR,pellets_per_day,6,202.0
FEDXA07,M,1.0,NR,pellets_per_day,7,188.0
FEDXA08,M,1.0,NR,pellets_per_day,1,166.0
FEDXA08,M,1.0,NR,pellets_per_day,2,203.0
FEDXA08,M,1.0,NR,pellets_per_day,3,202.0
FEDXA08,M,1.0,NR,pellets_per_day,4,169.0
FEDXA08,M,1.0,NR,pellets_per_day,5,159.0
FEDXA08,M,1.0,NR,pellets_per_day,6,177.0
FEDXA08,M,1.0,NR,pellets_per_day,7,174.0
FEDXA09,M,1.0,NR,pellets_per_day,1,161.0
FEDXA09,M,1.0,NR,pellets_per_day,2,165.0
FEDXA09,M,1.0,NR,pellets_per_day,3,176.0
FEDXA09,M,1.0,NR,pellets_per_day,4,190.0
FEDXA09,M,1.0,NR,pellets_per_day,5,197.0
FEDXA09,M,1.0,NR,pellets_per_day,6,191.0
FEDXA09,M,1.0,NR,pellets_per_day,7,206.0
FEDXA10,M,1.0,NR,pellets_per_day,1,168.0
FEDXA10,M,1.0,NR,pellets_per_day,2,196.0
FEDXA10,M,1.0,NR,pellets_per_day,3,206.0
FEDXA10,M,1.0,NR,pellets_per_day,4,203.0
FEDXA10,M,1.0,NR,pellets_per_day,5,205.0
FEDXA10,M,1.0,NR,pellets_per_day,6,203.0
FEDXA10,M,1.0,NR,pellets_per_day,7,179.0
FEDXA11,M,1.0,NR,pellets_per_day,1,201.0
FEDXA11,M,1.0,NR,pellets_per_day,2,161.0
FEDXA11,M,1.0,NR,pellets_per_day,3,194.0
FEDXA11,M,1.0,NR,pellets_per_day,4,206.0
FEDXA11,M,1.0,NR,pellets_per_day,5,194.0
FEDXA11,M,1.0,NR,pellets_per_day,6,182.0
FEDXA11,M,1.0,NR,pellets_per_day,7,187.0
FEDXA12,M,1.0,NR,pellets_per_day,1,194.0
FEDXA12,M,1.0,NR,pellets_per_day,2,192.0
FEDXA12,M,1.0,NR,pellets_per_day,3,189.0
FEDXA12,M,1.0,NR,pellets_per_day,4,186.0
FEDXA12,M,1.0,NR,pellets_per_day,5,186.0
FEDXA12,M,1.0,NR,pellets_per_day,6,202.0
FEDXA12,M,1.0,NR,pellets_per_day,7,212.0
FEDXB01,F,2.0,NR,pellets_per_day,1,242.0
FEDXB01,F,2.0,NR,pellets_per_day,2,210.0
FEDXB01,F,2.0,NR,pellets_per_day,3,166.0
FEDXB01,F,2.0,NR,pellets_per_day,4,155.0
FEDXB01,F,2.0,NR,pellets_per_day,5,144.0
FEDXB01,F,2.0,NR,pellets_per_day,6,209.0
FEDXB01,F,2.0,NR,pellets_per_day,7,215.0
FEDXB02,F,2.0,NR,pellets_per_day,1,181.0
FEDXB02,F,2.0,NR,pellets_per_day,2,198.0
FEDXB02,F,2.0,NR,pellets_per_day,3,149.0
FEDXB02,F,2.0,NR,pellets_per_day,4,148.0
FEDXB02,F,2.0,NR,pellets_per_day,5,116.0
FEDXB02,F,2.0,NR,pellets_per_day,6,185.0
FEDXB02,F,2.0,NR,pellets_per_day,7,195.0
FEDXB03,F,2.0,NR,pellets_per_day,1,236.0
FEDXB03,F,2.0,NR,pellets_per_day,2,236.0
FEDXB03,F,2.0,NR,pellets_per_day,3,227.0
FEDXB03,F,2.0,NR,pellets_per_day,4,185.0
FEDXB03,F,2.0,NR,pellets_per_day,5,179.0
FEDXB03,F,2.0,NR,pellets_per_day,6,162.0
FEDXB03,F,2.0,NR,pellets_per_day,7,167.0
FEDXB04,F,2.0,NR,pellets_per_day,1,222.0
FEDXB04,F,2.0,NR,pellets_per_day,2,228.0
FEDXB04,F,2.0,NR,pellets_per_day,3,196.0
FEDXB04,F,2.0,NR,pellets_per_day,4,182.0
FEDXB04,F,2.0,NR,pellets_per_day,5,160.0
FEDXB04,F,2.0,NR,pellets_per_day,6,189.0
FEDXB04,F,2.0,NR,pellets_per_day,7,165.0
FEDXB05,F,2.0,NR,pellets_per_day,1,235.0
FEDXB05,F,2.0,NR,pellets_per_day,2,212.0
FEDXB05,F,2.0,NR,pellets_per_day,3,207.0
FEDXB05,F,2.0,NR,pellets_per_day,4,184.0
FEDXB05,F,2.0,NR,pellets_per_day,5,158.0
FEDXB05,F,2.0,NR,pellets_per_day,6,206.0
FEDXB05,F,2.0,NR,pellets_per_day,7,222.0
FEDXB06,F,2.0,NR,pellets_per_day,1,136.0
FEDXB06,F,2.0,NR,pellets_per_day,2,303.0
FEDXB06,F,2.0,NR,pellets_per_day,3,230.0
FEDXB06,F,2.0,NR,pellets_per_day,4,230.0
FEDXB06,F,2.0,NR,pellets_per_day,5,240.0
FEDXB06,F,2.0,NR,pellets_per_day,6,321.0
FEDXB06,F,2.0,NR,pellets_per_day,7,294.0
FEDXB07,F,1.0,NR,pellets_per_day,1,201.0
FEDXB07,F,1.0,NR,pellets_per_day,2,184.0
FEDXB07,F,1.0,NR,pellets_per_day,3,210.0
FEDXB07,F,1.0,NR,pellets_per_day,4,195.0
FEDXB07,F,1.0,NR,pellets_per_day,5,223.0
FEDXB07,F,1.0,NR,pellets_per_day,6,207.0
FEDXB07,F,1.0,NR,pellets_per_day,7,188.0
FEDXB08,F,1.0,NR,pellets_per_day,1,174.0
FEDXB08,F,1.0,NR,pellets_per_day,2,179.0
FEDXB08,F,1.0,NR,pellets_per_day,3,191.0
FEDXB08,F,1.0,NR,pellets_per_day,4,170.0
FEDXB08,F,1.0,NR,pellets_per_day,5,169.0
FEDXB08,F,1.0,NR,pellets_per_day,6,209.0
FEDXB08,F,1.0,NR,pellets_per_day,7,178.0
FEDXB10,F,1.0,NR,pellets_per_day,1,164.0
FEDXB10,F,1.0,NR,pellets_per_day,2,173.0
FEDXB10,F,1.0,NR,pellets_per_day,3,226.0
FEDXB10,F,1.0,NR,pellets_per_day,4,210.0
FEDXB10,F,1.0,NR,pellets_per_day,5,232.0
FEDXB10,F,1.0,NR,pellets_per_day,6,235.0
FEDXB10,F,1.0,NR,pellets_per_day,7,222.0
FEDXB11,F,1.0,NR,pellets_per_day,1,155.0
FEDXB11,F,1.0,NR,pellets_per_day,2,157.0
FEDXB11,F,1.0,NR,pellets_per_day,3,173.0
FEDXB11,F,1.0,NR,pellets_per_day,4,182.0
FEDXB11,F,1.0,NR,pellets_per_day,5,193.0
FEDXB11,F,1.0,NR,pellets_per_day,6,187.0
FEDXB11,F,1.0,NR,pellets_per_day,7,165.0
FEDXB12,F,1.0,NR,pellets_per_day,1,167.0
FEDXB12,F,1.0,NR,pellets_per_day,2,186.0
FEDXB12,F,1.0,NR,pellets_per_day,3,178.0
FEDXB12,F,1.0,NR,pellets_per_day,4,177.0
FEDXB12,F,1.0,NR,pellets_per_day,5,218.0
FEDXB12,F,1.0,NR,pellets_per_day,6,182.0
FEDXB12,F,1.0,NR,pellets_per_day,7,165.0
FEDXA01,M,2.0,PR,pellets_per_day,1,157.0
FEDXA01,M,2.0,PR,pellets_per_day,2,148.0
FEDXA01,M,2.0,PR,pellets_per_day,3,174.0
FEDXA01,M,2.0,PR,pellets_per_day,4,184.0
FEDXA01,M,2.0,PR,pellets_per_day,5,212.0
FEDXA01,M,2.0,PR,pellets_per_day,6,229.0
FEDXA01,M,2.0,PR,pellets_per_day,7,237.0
FEDXA02,M,2.0,PR,pellets_per_day,1,148.0
FEDXA02,M,2.0,PR,pellets_per_day,2,148.0
FEDXA02,M,2.0,PR,pellets_per_day,3,202.0
FEDXA02,M,2.0,PR,pellets_per_day,4,206.0
FEDXA02,M,2.0,PR,pellets_per_day,5,199.0
FEDXA02,M,2.0,PR,pellets_per_day,6,223.0
FEDXA02,M,2.0,PR,pellets_per_day,7,209.0
FEDXA03,M,2.0,PR,pellets_per_day,1,145.0
FEDXA03,M,2.0,PR,pellets_per_day,2,145.0
FEDXA03,M,2.0,PR,pellets_per_day,3,169.0
FEDXA03,M,2.0,PR,pellets_per_day,4,244.0
FEDXA03,M,2.0,PR,pellets_per_day,5,289.0
FEDXA03,M,2.0,PR,pellets_per_day,6,276.0
FEDXA03,M,2.0,PR,pellets_per_day,7,314.0
FEDXA04,M,2.0,PR,pellets_per_day,1,159.0
FEDXA04,M,2.0,PR,pellets_per_day,2,140.0
FEDXA04,M,2.0,PR,pellets_per_day,3,166.0
FEDXA04,M,2.0,PR,pellets_per_day,4,172.0
FEDXA04,M,2.0,PR,pellets_per_day,5,248.0
FEDXA04,M,2.0,PR,pellets_per_day,6,265.0
FEDXA04,M,2.0,PR,pellets_per_day,7,295.0
FEDXA05,M,2.0,PR,pellets_per_day,1,154.0
FEDXA05,M,2.0,PR,pellets_per_day,2,166.0
FEDXA05,M,2.0,PR,pellets_per_day,3,199.0
FEDXA05,M,2.0,PR,pellets_per_day,4,217.0
FEDXA05,M,2.0,PR,pellets_per_day,5,252.0
FEDXA05,M,2.0,PR,pellets_per_day,6,248.0
FEDXA05,M,2.0,PR,pellets_per_day,7,279.0
FEDXA06,M,2.0,PR,pellets_per_day,1,204.0
FEDXA06,M,2.0,PR,pellets_per_day,2,172.0
FEDXA06,M,2.0,PR,pellets_per_day,3,188.0
FEDXA06,M,2.0,PR,pellets_per_day,4,196.0
FEDXA06,M,2.0,PR,pellets_per_day,5,215.0
FEDXA06,M,2.0,PR,pellets_per_day,6,203.0
FEDXA06,M,2.0,PR,pellets_per_day,7,232.0
FEDXA07,M,1.0,PR,pellets_per_day,1,141.0
FEDXA07,M,1.0,PR,pellets_per_day,2,165.0
FEDXA07,M,1.0,PR,pellets_per_day,3,166.0
FEDXA07,M,1.0,PR,pellets_per_day,4,187.0
FEDXA07,M,1.0,PR,pellets_per_day,5,197.0
FEDXA07,M,1.0,PR,pellets_per_day,6,200.0
FEDXA07,M,1.0,PR,pellets_per_day,7,193.0
FEDXA08,M,1.0,PR,pellets_per_day,1,128.0
FEDXA08,M,1.0,PR,pellets_per_day,2,146.0
FEDXA08,M,1.0,PR,pellets_per_day,3,148.0
FEDXA08,M,1.0,PR,pellets_per_day,4,149.0
FEDXA08,M,1.0,PR,pellets_per_day,5,172.0
FEDXA08,M,1.0,PR,pellets_per_day,6,143.0
FEDXA08,M,1.0,PR,pellets_per_day,7,163.0
FEDXA09,M,1.0,PR,pellets_per_day,1,150.0
FEDXA09,M,1.0,PR,pellets_per_day,2,185.0
FEDXA09,M,1.0,PR,pellets_per_day,3,199.0
FEDXA09,M,1.0,PR,pellets_per_day,4,211.0
FEDXA09,M,1.0,PR,pellets_per_day,5,242.0
FEDXA09,M,1.0,PR,pellets_per_day,6,255.0
FEDXA09,M,1.0,PR,pellets_per_day,7,176.0
FEDXA10,M,1.0,PR,pellets_per_day,1,151.0
FEDXA10,M,1.0,PR,pellets_per_day,2,157.0
FEDXA10,M,1.0,PR,pellets_per_day,3,187.0
FEDXA10,M,1.0,PR,pellets_per_day,4,183.0
FEDXA10,M,1.0,PR,pellets_per_day,5,190.0
FEDXA10,M,1.0,PR,pellets_per_day,6,188.0
FEDXA10,M,1.0,PR,pellets_per_day,7,198.0
FEDXA11,M,1.0,PR,pellets_per_day,1,148.0
FEDXA11,M,1.0,PR,pellets_per_day,2,84.0
FEDXA11,M,1.0,PR,pellets_per_day,3,210.0
FEDXA11,M,1.0,PR,pellets_per_day,4,232.0
FEDXA11,M,1.0,PR,pellets_per_day,5,224.0
FEDXA11,M,1.0,PR,pellets_per_day,6,249.0
FEDXA11,M,1.0,PR,pellets_per_day,7,230.0
FEDXA12,M,1.0,PR,pellets_per_day,1,166.0
FEDXA12,M,1.0,PR,pellets_per_day,2,237.0
FEDXA12,M,1.0,PR,pellets_per_day,3,250.0
FEDXA12,M,1.0,PR,pellets_per_day,4,258.0
FEDXA12,M,1.0,PR,pellets_per_day,5,243.0
FEDXA12,M,1.0,PR,pellets_per_day,6,213.0
FEDXA12,M,1.0,PR,pellets_per_day,7,229.0
FEDXB01,F,2.0,PR,pellets_per_day,1,96.0
FEDXB01,F,2.0,PR,pellets_per_day,2,151.0
FEDXB01,F,2.0,PR,pellets_per_day,3,213.0
FEDXB01,F,2.0,PR,pellets_per_day,4,228.0
FEDXB01,F,2.0,PR,pellets_per_day,5,236.0
FEDXB01,F,2.0,PR,pellets_per_day,6,244.0
FEDXB01,F,2.0,PR,pellets_per_day,7,177.0
FEDXB02,F,2.0,PR,pellets_per_day,1,210.0
FEDXB02,F,2.0,PR,pellets_per_day,2,227.0
FEDXB02,F,2.0,PR,pellets_per_day,3,267.0
FEDXB02,F,2.0,PR,pellets_per_day,4,149.0
FEDXB02,F,2.0,PR,pellets_per_day,5,182.0
FEDXB02,F,2.0,PR,pellets_per_day,6,191.0
FEDXB02,F,2.0,PR,pellets_per_day,7,166.0
FEDXB03,F,2.0,PR,pellets_per_day,1,128.0
FEDXB03,F,2.0,PR,pellets_per_day,2,139.0
FEDXB03,F,2.0,PR,pellets_per_day,3,219.0
FEDXB03,F,2.0,PR,pellets_per_day,4,216.0
FEDXB03,F,2.0,PR,pellets_per_day,5,244.0
FEDXB03,F,2.0,PR,pellets_per_day,6,281.0
FEDXB03,F,2.0,PR,pellets_per_day,7,204.0
FEDXB04,F,2.0,PR,pellets_per_day,1,96.0
FEDXB04,F,2.0,PR,pellets_per_day,2,151.0
FEDXB04,F,2.0,PR,pellets_per_day,3,191.0
FEDXB04,F,2.0,PR,pellets_per_day,4,194.0
FEDXB04,F,2.0,PR,pellets_per_day,5,186.0
FEDXB04,F,2.0,PR,pellets_per_day,6,198.0
FEDXB04,F,2.0,PR,pellets_per_day,7,205.0
FEDXB05,F,2.0,PR,pellets_per_day,1,154.0
FEDXB05,F,2.0,PR,pellets_per_day,2,157.0
FEDXB05,F,2.0,PR,pellets_per_day,3,200.0
FEDXB05,F,2.0,PR,pellets_per_day,4,203.0
FEDXB05,F,2.0,PR,pellets_per_day,5,203.0
FEDXB05,F,2.0,PR,pellets_per_day,6,246.0
FEDXB05,F,2.0,PR,pellets_per_day,7,220.0
FEDXB06,F,2.0,PR,pellets_per_day,1,130.0
FEDXB06,F,2.0,PR,pellets_per_day,2,137.0
FEDXB06,F,2.0,PR,pellets_per_day,3,209.0
FEDXB06,F,2.0,PR,pellets_per_day,4,203.0
FEDXB06,F,2.0,PR,pellets_per_day,5,214.0
FEDXB06,F,2.0,PR,pellets_per_day,6,194.0
FEDXB06,F,2.0,PR,pellets_per_day,7,158.0
FEDXB07,F,1.0,PR,pellets_per_day,1,145.0
FEDXB07,F,1.0,PR,pellets_per_day,2,212.0
FEDXB07,F,1.0,PR,pellets_per_day,3,261.0
FEDXB07,F,1.0,PR,pellets_per_day,4,252.0
FEDXB07,F,1.0,PR,pellets_per_day,5,285.0
FEDXB07,F,1.0,PR,pellets_per_day,6,283.0
FEDXB07,F,1.0,PR,pellets_per_day,7,285.0
FEDXB08,F,1.0,PR,pellets_per_day,1,149.0
FEDXB08,F,1.0,PR,pellets_per_day,2,207.0
FEDXB08,F,1.0,PR,pellets_per_day,3,175.0
FEDXB08,F,1.0,PR,pellets_per_day,4,174.0
FEDXB08,F,1.0,PR,pellets_per_day,5,182.0
FEDXB08,F,1.0,PR,pellets_per_day,6,214.0
FEDXB08,F,1.0,PR,pellets_per_day,7,185.0
FEDXB10,F,1.0,PR,pellets_per_day,1,210.0
FEDXB10,F,1.0,PR,pellets_per_day,2,268.0
FEDXB10,F,1.0,PR,pellets_per_day,3,240.0
FEDXB10,F,1.0,PR,pellets_per_day,4,192.0
FEDXB10,F,1.0,PR,pellets_per_day,5,172.0
FEDXB10,F,1.0,PR,pellets_per_day,6,220.0
FEDXB10,F,1.0,PR,pellets_per_day,7,240.0
FEDXB11,F,1.0,PR,pellets_per_day,1,139.0
FEDXB11,F,1.0,PR,pellets_per_day,2,184.0
FEDXB11,F,1.0,PR,pellets_per_day,3,126.0
FEDXB11,F,1.0,PR,pellets_per_day,4,137.0
FEDXB11,F,1.0,PR,pellets_per_day,5,140.0
FEDXB11,F,1.0,PR,pellets_per_day,6,176.0
FEDXB11,F,1.0,PR,pellets_per_day,7,181.0
FEDXB12,F,1.0,PR,pellets_per_day,1,149.0
FEDXB12,F,1.0,PR,pellets_per_day,2,189.0
FEDXB12,F,1.0,PR,pellets_per_day,3,176.0
FEDXB12,F,1.0,PR,pellets_per_day,4,176.0
FEDXB12,F,1.0,PR,pellets_per_day,5,182.0
FEDXB12,F,1.0,PR,pellets_per_day,6,216.0
FEDXB12,F,1.0,PR,pellets_per_day,7,198.0
FEDXA01,M,2.0,GRAIN,snack_freq_per_day,1,1.375
FEDXA01,M,2.0,GRAIN,snack_freq_per_day,2,0.875
FEDXA01,M,2.0,GRAIN,snack_freq_per_day,3,1.0833333333333333
FEDXA02,M,2.0,GRAIN,snack_freq_per_day,1,1.25
FEDXA02,M,2.0,GRAIN,snack_freq_per_day,2,0.875
FEDXA02,M,2.0,GRAIN,snack_freq_per_day,3,0.4166666666666667
FEDXA03,M,2.0,GRAIN,snack_freq_per_day,1,1.75
FEDXA03,M,2.0,GRAIN,snack_freq_per_day,2,0.5833333333333334
FEDXA03,M,2.0,GRAIN,snack_freq_per_day,3,0.7083333333333334
FEDXA04,M,2.0,GRAIN,snack_freq_per_day,1,2.5
FEDXA04,M,2.0,GRAIN,snack_freq_per_day,2,1.0
FEDXA04,M,2.0,GRAIN,snack_freq_per_day,3,0.9583333333333334
FEDXA05,M,2.0,GRAIN,snack_freq_per_day,1,0.5833333333333334
FEDXA05,M,2.0,GRAIN,snack_freq_per_day,2,0.25
FEDXA05,M,2.0,GRAIN,snack_freq_per_day,3,0.3333333333333333
FEDXA06,M,2.0,GRAIN,snack_freq_per_day,1,1.1666666666666667
FEDXA06,M,2.0,GRAIN,snack_freq_per_day,2,0.9166666666666666
FEDXA06,M,2.0,GRAIN,snack_freq_per_day,3,0.041666666666666664
FEDXA07,M,1.0,GRAIN,snack_freq_per_day,1,1.2083333333333333
FEDXA07,M,1.0,GRAIN,snack_freq_per_day,2,0.5
FEDXA07,M,1.0,GRAIN,snack_freq_per_day,3,0.16666666666666666
FEDXA08,M,1.0,GRAIN,snack_freq_per_day,1,0.6666666666666666
FEDXA08,M,1.0,GRAIN,snack_freq_per_day,2,0.2916666666666667
FEDXA08,M,1.0,GRAIN,snack_freq_per_day,3,0.7916666666666666
FEDXA09,M,1.0,GRAIN,snack_freq_per_day,1,1.5833333333333333
FEDXA09,M,1.0,GRAIN,snack_freq_per_day,2,0.5
FEDXA09,M,1.0,GRAIN,snack_freq_per_day,3,0.5416666666666666
FEDXA10,M,1.0,GRAIN,snack_freq_per_day,1,0.75
FEDXA10,M,1.0,GRAIN,snack_freq_per_day,2,0.375
FEDXA10,M,1.0,GRAIN,snack_freq_per_day,3,0.20833333333333334
FEDXA11,M,1.0,GRAIN,snack_freq_per_day,1,1.5
FEDXA11,M,1.0,GRAIN,snack_freq_per_day,2,0.7916666666666666
FEDXA11,M,1.0,GRAIN,snack_freq_per_day,3,0.3333333333333333
FEDXA12,M,1.0,GRAIN,snack_freq_per_day,1,0.75
FEDXA12,M,1.0,GRAIN,snack_freq_per_day,2,1.0
FEDXA12,M,1.0,GRAIN,snack_freq_per_day,3,0.625
FEDXB01,F,2.0,GRAIN,snack_freq_per_day,1,0.5416666666666666
FEDXB01,F,2.0,GRAIN,snack_freq_per_day,2,0.6666666666666666
FEDXB01,F,2.0,GRAIN,snack_freq_per_day,3,0.20833333333333334
FEDXB02,F,2.0,GRAIN,snack_freq_per_day,1,1.2083333333333333
FEDXB02,F,2.0,GRAIN,snack_freq_per_day,2,1.4166666666666667
FEDXB02,F,2.0,GRAIN,snack_freq_per_day,3,0.2916666666666667
FEDXB03,F,2.0,GRAIN,snack_freq_per_day,1,0.7083333333333334
FEDXB03,F,2.0,GRAIN,snack_freq_per_day,2,1.2916666666666667
FEDXB03,F,2.0,GRAIN,snack_freq_per_day,3,0.20833333333333334
FEDXB04,F,2.0,GRAIN,snack_freq_per_day,1,0.625
FEDXB04,F,2.0,GRAIN,snack_freq_per_day,2,0.20833333333333334
FEDXB04,F,2.0,GRAIN,snack_freq_per_day,3,0.7083333333333334
FEDXB05,F,2.0,GRAIN,snack_freq_per_day,1,1.0833333333333333
FEDXB05,F,2.0,GRAIN,snack_freq_per_day,2,0.9583333333333334
FEDXB05,F,2.0,GRAIN,snack_freq_per_day,3,0.3333333333333333
FEDXB06,F,2.0,GRAIN,snack_freq_per_day,1,0.5416666666666666
FEDXB06,F,2.0,GRAIN,snack_freq_per_day,2,0.16666666666666666
FEDXB06,F,2.0,GRAIN,snack_freq_per_day,3,0.125
FEDXB07,F,1.0,GRAIN,snack_freq_per_day,1,1.4583333333333333
FEDXB07,F,1.0,GRAIN,snack_freq_per_day,2,0.2916666666666667
FEDXB07,F,1.0,GRAIN,snack_freq_per_day,3,0.5833333333333334
FEDXB08,F,1.0,GRAIN,snack_freq_per_day,1,0.9583333333333334
FEDXB08,F,1.0,GRAIN,snack_freq_per_day,2,0.25
FEDXB08,F,1.0,GRAIN,snack_freq_per_day,3,0.08333333333333333
FEDXB10,F,1.0,GRAIN,snack_freq_per_day,1,1.2083333333333333
FEDXB10,F,1.0,GRAIN,snack_freq_per_day,2,1.0833333333333333
FEDXB10,F,1.0,GRAIN,snack_freq_per_day,3,0.7083333333333334
FEDXB11,F,1.0,GRAIN,snack_freq_per_day,1,0.375
FEDXB11,F,1.0,GRAIN,snack_freq_per_day,2,0.4166666666666667
FEDXB11,F,1.0,GRAIN,snack_freq_per_day,3,0.5
FEDXB12,F,1.0,GRAIN,snack_freq_per_day,1,0.5833333333333334
FEDXB12,F,1.0,GRAIN,snack_freq_per_day,2,0.08333333333333333
FEDXB12,F,1.0,GRAIN,snack_freq_per_day,3,0.08333333333333333
FEDXA01,M,2.0,NR,snack_freq_per_day,1,0.5416666666666666
FEDXA01,M,2.0,NR,snack_freq_per_day,2,0.5833333333333334
FEDXA01,M,2.0,NR,snack_freq_per_day,3,0.5833333333333334
FEDXA01,M,2.0,NR,snack_freq_per_day,4,0.7916666666666666
FEDXA01,M,2.0,NR,snack_freq_per_day,5,0.75
FEDXA01,M,2.0,NR,snack_freq_per_day,6,0.5
FEDXA01,M,2.0,NR,snack_freq_per_day,7,0.5416666666666666
FEDXA02,M,2.0,NR,snack_freq_per_day,1,0.5416666666666666
FEDXA02,M,2.0,NR,snack_freq_per_day,2,0.7083333333333334
FEDXA02,M,2.0,NR,snack_freq_per_day,3,0.6666666666666666
FEDXA02,M,2.0,NR,snack_freq_per_day,4,0.5416666666666666
FEDXA02,M,2.0,NR,snack_freq_per_day,5,0.6666666666666666
FEDXA02,M,2.0,NR,snack_freq_per_day,6,0.5
FEDXA02,M,2.0,NR,snack_freq_per_day,7,0.5
FEDXA03,M,2.0,NR,snack_freq_per_day,1,0.3333333333333333
FEDXA03,M,2.0,NR,snack_freq_per_day,2,0.4166666666666667
FEDXA03,M,2.0,NR,snack_freq_per_day,3,0.625
FEDXA03,M,2.0,NR,snack_freq_per_day,4,0.5
FEDXA03,M,2.0,NR,snack_freq_per_day,5,0.5
FEDXA03,M,2.0,NR,snack_freq_per_day,6,0.2916666666666667
FEDXA03,M,2.0,NR,snack_freq_per_day,7,0.4583333333333333
FEDXA04,M,2.0,NR,snack_freq_per_day,1,0.625
FEDXA04,M,2.0,NR,snack_freq_per_day,2,0.7083333333333334
FEDXA04,M,2.0,NR,snack_freq_per_day,3,0.4166666666666667
FEDXA04,M,2.0,NR,snack_freq_per_day,4,0.4166666666666667
FEDXA04,M,2.0,NR,snack_freq_per_day,5,0.4166666666666667
FEDXA04,M,2.0,NR,snack_freq_per_day,6,0.375
FEDXA04,M,2.0,NR,snack_freq_per_day,7,0.25
FEDXA05,M,2.0,NR,snack_freq_per_day,1,0.5416666666666666
FEDXA05,M,2.0,NR,snack_freq_per_day,2,1.0416666666666667
FEDXA05,M,2.0,NR,snack_freq_per_day,3,0.4166666666666667
FEDXA05,M,2.0,NR,snack_freq_per_day,4,0.5416666666666666
FEDXA05,M,2.0,NR,snack_freq_per_day,5,0.5416666666666666
FEDXA05,M,2.0,NR,snack_freq_per_day,6,0.20833333333333334
FEDXA05,M,2.0,NR,snack_freq_per_day,7,0.3333333333333333
FEDXA06,M,2.0,NR,snack_freq_per_day,1,1.0416666666666667
FEDXA06,M,2.0,NR,snack_freq_per_day,2,0.7083333333333334
FEDXA06,M,2.0,NR,snack_freq_per_day,3,0.4166666666666667
FEDXA06,M,2.0,NR,snack_freq_per_day,4,0.625
FEDXA06,M,2.0,NR,snack_freq_per_day,5,0.5416666666666666
FEDXA06,M,2.0,NR,snack_freq_per_day,6,0.4583333333333333
FEDXA06,M,2.0,NR,snack_freq_per_day,7,0.75
FEDXA07,M,1.0,NR,snack_freq_per_day,1,0.2916666666666667
FEDXA07,M,1.0,NR,snack_freq_per_day,2,0.20833333333333334
FEDXA07,M,1.0,NR,snack_freq_per_day,3,0.3333333333333333
FEDXA07,M,1.0,NR,snack_freq_per_day,4,0.16666666666666666
FEDXA07,M,1.0,NR,snack_freq_per_day,5,0.2916666666666667
FEDXA07,M,1.0,NR,snack_freq_per_day,6,0.375
FEDXA07,M,1.0,NR,snack_freq_per_day,7,0.125
FEDXA08,M,1.0,NR,snack_freq_per_day,1,0.5416666666666666
FEDXA08,M,1.0,NR,snack_freq_per_day,2,0.8333333333333334
FEDXA08,M,1.0,NR,snack_freq_per_day,3,0.9166666666666666
FEDXA08,M,1.0,NR,snack_freq_per_day,4,0.25
FEDXA08,M,1.0,NR,snack_freq_per_day,5,0.375
FEDXA08,M,1.0,NR,snack_freq_per_day,6,0.4166666666666667
FEDXA08,M,1.0,NR,snack_freq_per_day,7,0.4583333333333333
FEDXA09,M,1.0,NR,snack_freq_per_day,1,0.375
FEDXA09,M,1.0,NR,snack_freq_per_day,2,0.20833333333333334
FEDXA09,M,1.0,NR,snack_freq_per_day,3,0.125
FEDXA09,M,1.0,NR,snack_freq_per_day,4,0.375
FEDXA09,M,1.0,NR,snack_freq_per_day,5,0.5
FEDXA09,M,1.0,NR,snack_freq_per_day,6,0.20833333333333334
FEDXA09,M,1.0,NR,snack_freq_per_day,7,0.7916666666666666
FEDXA10,M,1.0,NR,snack_freq_per_day,1,0.9583333333333334
FEDXA10,M,1.0,NR,snack_freq_per_day,2,0.125
FEDXA10,M,1.0,NR,snack_freq_per_day,3,0.375
FEDXA10,M,1.0,NR,snack_freq_per_day,4,0.5
FEDXA10,M,1.0,NR,snack_freq_per_day,5,0.25
FEDXA10,M,1.0,NR,snack_freq_per_day,6,0.2916666666666667
FEDXA10,M,1.0,NR,snack_freq_per_day,7,0.3333333333333333
FEDXA11,M,1.0,NR,snack_freq_per_day,1,0.3333333333333333
FEDXA11,M,1.0,NR,snack_freq_per_day,2,0.7916666666666666
FEDXA11,M,1.0,NR,snack_freq_per_day,3,0.7916666666666666
FEDXA11,M,1.0,NR,snack_freq_per_day,4,1.2083333333333333
FEDXA11,M,1.0,NR,snack_freq_per_day,5,1.2083333333333333
FEDXA11,M,1.0,NR,snack_freq_per_day,6,1.25
FEDXA11,M,1.0,NR,snack_freq_per_day,7,1.2083333333333333
FEDXA12,M,1.0,NR,snack_freq_per_day,1,0.7916666666666666
FEDXA12,M,1.0,NR,snack_freq_per_day,2,0.9583333333333334
FEDXA12,M,1.0,NR,snack_freq_per_day,3,0.875
FEDXA12,M,1.0,NR,snack_freq_per_day,4,0.7083333333333334
FEDXA12,M,1.0,NR,snack_freq_per_day,5,0.8333333333333334
FEDXA12,M,1.0,NR,snack_freq_per_day,6,0.9583333333333334
FEDXA12,M,1.0,NR,snack_freq_per_day,7,1.0
FEDXB01,F,2.0,NR,snack_freq_per_day,1,0.5416666666666666
FEDXB01,F,2.0,NR,snack_freq_per_day,2,0.75
FEDXB01,F,2.0,NR,snack_freq_per_day,3,0.2916666666666667
FEDXB01,F,2.0,NR,snack_freq_per_day,4,0.4166666666666667
FEDXB01,F,2.0,NR,snack_freq_per_day,5,0.5833333333333334
FEDXB01,F,2.0,NR,snack_freq_per_day,6,0.6666666666666666
FEDXB01,F,2.0,NR,snack_freq_per_day,7,0.5
FEDXB02,F,2.0,NR,snack_freq_per_day,1,0.5
FEDXB02,F,2.0,NR,snack_freq_per_day,2,0.2916666666666667
FEDXB02,F,2.0,NR,snack_freq_per_day,3,0.375
FEDXB02,F,2.0,NR,snack_freq_per_day,4,0.041666666666666664
FEDXB02,F,2.0,NR,snack_freq_per_day,5,0.125
FEDXB02,F,2.0,NR,snack_freq_per_day,6,0.375
FEDXB02,F,2.0,NR,snack_freq_per_day,7,0.20833333333333334
FEDXB03,F,2.0,NR,snack_freq_per_day,1,0.9166666666666666
FEDXB03,F,2.0,NR,snack_freq_per_day,2,0.7916666666666666
FEDXB03,F,2.0,NR,snack_freq_per_day,3,0.7916666666666666
FEDXB03,F,2.0,NR,snack_freq_per_day,4,0.8333333333333334
FEDXB03,F,2.0,NR,snack_freq_per_day,5,1.0
FEDXB03,F,2.0,NR,snack_freq_per_day,6,0.4583333333333333
FEDXB03,F,2.0,NR,snack_freq_per_day,7,0.25
FEDXB04,F,2.0,NR,snack_freq_per_day,1,0.5
FEDXB04,F,2.0,NR,snack_freq_per_day,2,0.5
FEDXB04,F,2.0,NR,snack_freq_per_day,3,0.4583333333333333
FEDXB04,F,2.0,NR,snack_freq_per_day,4,0.20833333333333334
FEDXB04,F,2.0,NR,snack_freq_per_day,5,0.25
FEDXB04,F,2.0,NR,snack_freq_per_day,6,0.25
FEDXB04,F,2.0,NR,snack_freq_per_day,7,0.3333333333333333
FEDXB05,F,2.0,NR,snack_freq_per_day,1,0.20833333333333334
FEDXB05,F,2.0,NR,snack_freq_per_day,2,0.375
FEDXB05,F,2.0,NR,snack_freq_per_day,3,0.2916666666666667
FEDXB05,F,2.0,NR,snack_freq_per_day,4,0.4166666666666667
FEDXB05,F,2.0,NR,snack_freq_per_day,5,0.5833333333333334
FEDXB05,F,2.0,NR,snack_freq_per_day,6,1.2083333333333333
FEDXB05,F,2.0,NR,snack_freq_per_day,7,0.9583333333333334
FEDXB06,F,2.0,NR,snack_freq_per_day,1,0.75
FEDXB06,F,2.0,NR,snack_freq_per_day,2,1.0833333333333333
FEDXB06,F,2.0,NR,snack_freq_per_day,3,0.8333333333333334
FEDXB06,F,2.0,NR,snack_freq_per_day,4,0.5
FEDXB06,F,2.0,NR,snack_freq_per_day,5,0.4583333333333333
FEDXB06,F,2.0,NR,snack_freq_per_day,6,0.6666666666666666
FEDXB06,F,2.0,NR,snack_freq_per_day,7,0.375
FEDXB07,F,1.0,NR,snack_freq_per_day,1,0.3333333333333333
FEDXB07,F,1.0,NR,snack_freq_per_day,2,0.08333333333333333
FEDXB07,F,1.0,NR,snack_freq_per_day,3,0.75
FEDXB07,F,1.0,NR,snack_freq_per_day,4,0.5
FEDXB07,F,1.0,NR,snack_freq_per_day,5,0.25
FEDXB07,F,1.0,NR,snack_freq_per_day,6,0.7916666666666666
FEDXB07,F,1.0,NR,snack_freq_per_day,7,0.5
FEDXB08,F,1.0,NR,snack_freq_per_day,1,0.041666666666666664
FEDXB08,F,1.0,NR,snack_freq_per_day,2,0.125
FEDXB08,F,1.0,NR,snack_freq_per_day,3,0.08333333333333333
FEDXB08,F,1.0,NR,snack_freq_per_day,4,0.20833333333333334
FEDXB08,F,1.0,NR,snack_freq_per_day,5,0.2916666666666667
FEDXB08,F,1.0,NR,snack_freq_per_day,6,0.2916666666666667
FEDXB08,F,1.0,NR,snack_freq_per_day,7,0.08333333333333333
FEDXB10,F,1.0,NR,snack_freq_per_day,1,0.5416666666666666
FEDXB10,F,1.0,NR,snack_freq_per_day,2,1.2916666666666667
FEDXB10,F,1.0,NR,snack_freq_per_day,3,1.2916666666666667
FEDXB10,F,1.0,NR,snack_freq_per_day,4,1.5833333333333333
FEDXB10,F,1.0,NR,snack_freq_per_day,5,1.3333333333333333
FEDXB10,F,1.0,NR,snack_freq_per_day,6,1.7083333333333333
FEDXB10,F,1.0,NR,snack_freq_per_day,7,0.7916666666666666
FEDXB11,F,1.0,NR,snack_freq_per_day,1,1.375
FEDXB11,F,1.0,NR,snack_freq_per_day,2,2.3333333333333335
FEDXB11,F,1.0,NR,snack_freq_per_day,3,2.1666666666666665
FEDXB11,F,1.0,NR,snack_freq_per_day,4,2.0833333333333335
FEDXB11,F,1.0,NR,snack_freq_per_day,5,1.5
FEDXB11,F,1.0,NR,snack_freq_per_day,6,1.6666666666666667
FEDXB11,F,1.0,NR,snack_freq_per_day,7,1.4166666666666667
FEDXB12,F,1.0,NR,snack_freq_per_day,1,0.125
FEDXB12,F,1.0,NR,snack_freq_per_day,2,0.08333333333333333
FEDXB12,F,1.0,NR,snack_freq_per_day,3,0.2916666666666667
FEDXB12,F,1.0,NR,snack_freq_per_day,4,0.08333333333333333
FEDXB12,F,1.0,NR,snack_freq_per_day,5,0.25
FEDXB12,F,1.0,NR,snack_freq_per_day,6,0.0
FEDXB12,F,1.0,NR,snack_freq_per_day,7,0.0
FEDXA01,M,2.0,PR,snack_freq_per_day,1,1.3333333333333333
FEDXA01,M,2.0,PR,snack_freq_per_day,2,1.9583333333333333
FEDXA01,M,2.0,PR,snack_freq_per_day,3,2.2083333333333335
FEDXA01,M,2.0,PR,snack_freq_per_day,4,2.5833333333333335
FEDXA01,M,2.0,PR,snack_freq_per_day,5,1.2083333333333333
FEDXA01,M,2.0,PR,snack_freq_per_day,6,1.0833333333333333
FEDXA01,M,2.0,PR,snack_freq_per_day,7,0.5416666666666666
FEDXA02,M,2.0,PR,snack_freq_per_day,1,0.4583333333333333
FEDXA02,M,2.0,PR,snack_freq_per_day,2,1.0416666666666667
FEDXA02,M,2.0,PR,snack_freq_per_day,3,1.375
FEDXA02,M,2.0,PR,snack_freq_per_day,4,1.375
FEDXA02,M,2.0,PR,snack_freq_per_day,5,0.9166666666666666
FEDXA02,M,2.0,PR,snack_freq_per_day,6,0.6666666666666666
FEDXA02,M,2.0,PR,snack_freq_per_day,7,0.7083333333333334
FEDXA03,M,2.0,PR,snack_freq_per_day,1,0.75
FEDXA03,M,2.0,PR,snack_freq_per_day,2,1.75
FEDXA03,M,2.0,PR,snack_freq_per_day,3,1.7916666666666667
FEDXA03,M,2.0,PR,snack_freq_per_day,4,1.2083333333333333
FEDXA03,M,2.0,PR,snack_freq_per_day,5,1.0416666666666667
FEDXA03,M,2.0,PR,snack_freq_per_day,6,1.0833333333333333
FEDXA03,M,2.0,PR,snack_freq_per_day,7,1.125
FEDXA04,M,2.0,PR,snack_freq_per_day,1,1.125
FEDXA04,M,2.0,PR,snack_freq_per_day,2,1.625
FEDXA04,M,2.0,PR,snack_freq_per_day,3,1.5
FEDXA04,M,2.0,PR,snack_freq_per_day,4,1.2083333333333333
FEDXA04,M,2.0,PR,snack_freq_per_day,5,1.5
FEDXA04,M,2.0,PR,snack_freq_per_day,6,0.7916666666666666
FEDXA04,M,2.0,PR,snack_freq_per_day,7,0.75
FEDXA05,M,2.0,PR,snack_freq_per_day,1,0.5833333333333334
FEDXA05,M,2.0,PR,snack_freq_per_day,2,1.0416666666666667
FEDXA05,M,2.0,PR,snack_freq_per_day,3,1.0833333333333333
FEDXA05,M,2.0,PR,snack_freq_per_day,4,1.2916666666666667
FEDXA05,M,2.0,PR,snack_freq_per_day,5,1.5833333333333333
FEDXA05,M,2.0,PR,snack_freq_per_day,6,1.5416666666666667
FEDXA05,M,2.0,PR,snack_freq_per_day,7,1.0833333333333333
FEDXA06,M,2.0,PR,snack_freq_per_day,1,1.2083333333333333
FEDXA06,M,2.0,PR,snack_freq_per_day,2,1.5
FEDXA06,M,2.0,PR,snack_freq_per_day,3,1.75
FEDXA06,M,2.0,PR,snack_freq_per_day,4,2.2083333333333335
FEDXA06,M,2.0,PR,snack_freq_per_day,5,2.875
FEDXA06,M,2.0,PR,snack_freq_per_day,6,2.0
FEDXA06,M,2.0,PR,snack_freq_per_day,7,1.5
FEDXA07,M,1.0,PR,snack_freq_per_day,1,0.16666666666666666
FEDXA07,M,1.0,PR,snack_freq_per_day,2,0.20833333333333334
FEDXA07,M,1.0,PR,snack_freq_per_day,3,0.7083333333333334
FEDXA07,M,1.0,PR,snack_freq_per_day,4,0.4166666666666667
FEDXA07,M,1.0,PR,snack_freq_per_day,5,0.5
FEDXA07,M,1.0,PR,snack_freq_per_day,6,0.2916666666666667
FEDXA07,M,1.0,PR,snack_freq_per_day,7,0.25
FEDXA08,M,1.0,PR,snack_freq_per_day,1,0.4166666666666667
FEDXA08,M,1.0,PR,snack_freq_per_day,2,0.4166666666666667
FEDXA08,M,1.0,PR,snack_freq_per_day,3,0.5
FEDXA08,M,1.0,PR,snack_freq_per_day,4,0.6666666666666666
FEDXA08,M,1.0,PR,snack_freq_per_day,5,0.4583333333333333
FEDXA08,M,1.0,PR,snack_freq_per_day,6,0.5833333333333334
FEDXA08,M,1.0,PR,snack_freq_per_day,7,0.4583333333333333
FEDXA09,M,1.0,PR,snack_freq_per_day,1,0.25
FEDXA09,M,1.0,PR,snack_freq_per_day,2,0.75
FEDXA09,M,1.0,PR,snack_freq_per_day,3,0.8333333333333334
FEDXA09,M,1.0,PR,snack_freq_per_day,4,1.0
FEDXA09,M,1.0,PR,snack_freq_per_day,5,0.8333333333333334
FEDXA09,M,1.0,PR,snack_freq_per_day,6,0.75
FEDXA09,M,1.0,PR,snack_freq_per_day,7,0.4583333333333333
FEDXA10,M,1.0,PR,snack_freq_per_day,1,0.375
FEDXA10,M,1.0,PR,snack_freq_per_day,2,0.25
FEDXA10,M,1.0,PR,snack_freq_per_day,3,0.4166666666666667
FEDXA10,M,1.0,PR,snack_freq_per_day,4,0.75
FEDXA10,M,1.0,PR,snack_freq_per_day,5,0.6666666666666666
FEDXA10,M,1.0,PR,snack_freq_per_day,6,0.5
FEDXA10,M,1.0,PR,snack_freq_per_day,7,0.375
FEDXA11,M,1.0,PR,snack_freq_per_day,1,1.0833333333333333
FEDXA11,M,1.0,PR,snack_freq_per_day,2,1.0416666666666667
FEDXA11,M,1.0,PR,snack_freq_per_day,3,1.4583333333333333
FEDXA11,M,1.0,PR,snack_freq_per_day,4,1.5416666666666667
FEDXA11,M,1.0,PR,snack_freq_per_day,5,1.9166666666666667
FEDXA11,M,1.0,PR,snack_freq_per_day,6,1.625
FEDXA11,M,1.0,PR,snack_freq_per_day,7,1.5416666666666667
FEDXA12,M,1.0,PR,snack_freq_per_day,1,0.5416666666666666
FEDXA12,M,1.0,PR,snack_freq_per_day,2,0.875
FEDXA12,M,1.0,PR,snack_freq_per_day,3,1.2916666666666667
FEDXA12,M,1.0,PR,snack_freq_per_day,4,1.125
FEDXA12,M,1.0,PR,snack_freq_per_day,5,0.875
FEDXA12,M,1.0,PR,snack_freq_per_day,6,0.625
FEDXA12,M,1.0,PR,snack_freq_per_day,7,0.625
FEDXB01,F,2.0,PR,snack_freq_per_day,1,0.6666666666666666
FEDXB01,F,2.0,PR,snack_freq_per_day,2,1.0
FEDXB01,F,2.0,PR,snack_freq_per_day,3,1.3333333333333333
FEDXB01,F,2.0,PR,snack_freq_per_day,4,1.4583333333333333
FEDXB01,F,2.0,PR,snack_freq_per_day,5,1.4166666666666667
FEDXB01,F,2.0,PR,snack_freq_per_day,6,1.7083333333333333
FEDXB01,F,2.0,PR,snack_freq_per_day,7,1.0833333333333333
FEDXB02,F,2.0,PR,snack_freq_per_day,1,1.5
FEDXB02,F,2.0,PR,snack_freq_per_day,2,2.5416666666666665
FEDXB02,F,2.0,PR,snack_freq_per_day,3,2.9166666666666665
FEDXB02,F,2.0,PR,snack_freq_per_day,4,0.9166666666666666
FEDXB02,F,2.0,PR,snack_freq_per_day,5,1.125
FEDXB02,F,2.0,PR,snack_freq_per_day,6,0.875
FEDXB02,F,2.0,PR,snack_freq_per_day,7,0.7083333333333334
FEDXB03,F,2.0,PR,snack_freq_per_day,1,0.9583333333333334
FEDXB03,F,2.0,PR,snack_freq_per_day,2,1.2916666666666667
FEDXB03,F,2.0,PR,snack_freq_per_day,3,1.8333333333333333
FEDXB03,F,2.0,PR,snack_freq_per_day,4,2.0416666666666665
FEDXB03,F,2.0,PR,snack_freq_per_day,5,1.375
FEDXB03,F,2.0,PR,snack_freq_per_day,6,1.1666666666666667
FEDXB03,F,2.0,PR,snack_freq_per_day,7,1.25
FEDXB04,F,2.0,PR,snack_freq_per_day,1,1.4583333333333333
FEDXB04,F,2.0,PR,snack_freq_per_day,2,2.2083333333333335
FEDXB04,F,2.0,PR,snack_freq_per_day,3,2.2916666666666665
FEDXB04,F,2.0,PR,snack_freq_per_day,4,1.875
FEDXB04,F,2.0,PR,snack_freq_per_day,5,1.75
FEDXB04,F,2.0,PR,snack_freq_per_day,6,1.3333333333333333
FEDXB04,F,2.0,PR,snack_freq_per_day,7,0.75
FEDXB05,F,2.0,PR,snack_freq_per_day,1,1.2083333333333333
FEDXB05,F,2.0,PR,snack_freq_per_day,2,2.2083333333333335
FEDXB05,F,2.0,PR,snack_freq_per_day,3,1.25
FEDXB05,F,2.0,PR,snack_freq_per_day,4,1.4583333333333333
FEDXB05,F,2.0,PR,snack_freq_per_day,5,1.0833333333333333
FEDXB05,F,2.0,PR,snack_freq_per_day,6,0.75
FEDXB05,F,2.0,PR,snack_freq_per_day,7,0.9583333333333334
FEDXB06,F,2.0,PR,snack_freq_per_day,1,0.9166666666666666
FEDXB06,F,2.0,PR,snack_freq_per_day,2,0.6666666666666666
FEDXB06,F,2.0,PR,snack_freq_per_day,3,1.0416666666666667
FEDXB06,F,2.0,PR,snack_freq_per_day,4,1.5
FEDXB06,F,2.0,PR,snack_freq_per_day,5,1.0
FEDXB06,F,2.0,PR,snack_freq_per_day,6,0.5416666666666666
FEDXB06,F,2.0,PR,snack_freq_per_day,7,0.9166666666666666
FEDXB07,F,1.0,PR,snack_freq_per_day,1,0.375
FEDXB07,F,1.0,PR,snack_freq_per_day,2,0.9166666666666666
FEDXB07,F,1.0,PR,snack_freq_per_day,3,0.75
FEDXB07,F,1.0,PR,snack_freq_per_day,4,0.75
FEDXB07,F,1.0,PR,snack_freq_per_day,5,0.875
FEDXB07,F,1.0,PR,snack_freq_per_day,6,1.2083333333333333
FEDXB07,F,1.0,PR,snack_freq_per_day,7,0.625
FEDXB08,F,1.0,PR,snack_freq_per_day,1,0.625
FEDXB08,F,1.0,PR,snack_freq_per_day,2,0.4583333333333333
FEDXB08,F,1.0,PR,snack_freq_per_day,3,0.16666666666666666
FEDXB08,F,1.0,PR,snack_freq_per_day,4,0.25
FEDXB08,F,1.0,PR,snack_freq_per_day,5,0.16666666666666666
FEDXB08,F,1.0,PR,snack_freq_per_day,6,0.375
FEDXB08,F,1.0,PR,snack_freq_per_day,7,0.3333333333333333
FEDXB10,F,1.0,PR,snack_freq_per_day,1,1.0
FEDXB10,F,1.0,PR,snack_freq_per_day,2,1.0416666666666667
FEDXB10,F,1.0,PR,snack_freq_per_day,3,1.2916666666666667
FEDXB10,F,1.0,PR,snack_freq_per_day,4,1.4166666666666667
FEDXB10,F,1.0,PR,snack_freq_per_day,5,1.2083333333333333
FEDXB10,F,1.0,PR,snack_freq_per_day,6,1.4166666666666667
FEDXB10,F,1.0,PR,snack_freq_per_day,7,1.9583333333333333
FEDXB11,F,1.0,PR,snack_freq_per_day,1,1.75
FEDXB11,F,1.0,PR,snack_freq_per_day,2,2.7916666666666665
FEDXB11,F,1.0,PR,snack_freq_per_day,3,1.5833333333333333
FEDXB11,F,1.0,PR,snack_freq_per_day,4,1.6666666666666667
FEDXB11,F,1.0,PR,snack_freq_per_day,5,1.5833333333333333
FEDXB11,F,1.0,PR,snack_freq_per_day,6,1.7083333333333333
FEDXB11,F,1.0,PR,snack_freq_per_day,7,2.125
FEDXB12,F,1.0,PR,snack_freq_per_day,1,0.3333333333333333
FEDXB12,F,1.0,PR,snack_freq_per_day,2,0.125
FEDXB12,F,1.0,PR,snack_freq_per_day,3,0.20833333333333334
FEDXB12,F,1.0,PR,snack_freq_per_day,4,0.08333333333333333
FEDXB12,F,1.0,PR,snack_freq_per_day,5,0.2916666666666667
FEDXB12,F,1.0,PR,snack_freq_per_day,6,0.125
FEDXB12,F,1.0,PR,snack_freq_per_day,7,0.25
FEDXA01,M,2.0,GRAIN,snack_size_per_day,1,1.0
FEDXA01,M,2.0,GRAIN,snack_size_per_day,2,1.0
FEDXA01,M,2.0,GRAIN,snack_size_per_day,3,1.0
FEDXA02,M,2.0,GRAIN,snack_size_per_day,1,1.0
FEDXA02,M,2.0,GRAIN,snack_size_per_day,2,1.0
FEDXA02,M,2.0,GRAIN,snack_size_per_day,3,1.0
FEDXA03,M,2.0,GRAIN,snack_size_per_day,1,1.0
FEDXA03,M,2.0,GRAIN,snack_size_per_day,2,1.0
FEDXA03,M,2.0,GRAIN,snack_size_per_day,3,1.0
FEDXA04,M,2.0,GRAIN,snack_size_per_day,1,1.0
FEDXA04,M,2.0,GRAIN,snack_size_per_day,2,1.0
FEDXA04,M,2.0,GRAIN,snack_size_per_day,3,1.0
FEDXA05,M,2.0,GRAIN,snack_size_per_day,1,1.0
FEDXA05,M,2.0,GRAIN,snack_size_per_day,2,1.0
FEDXA05,M,2.0,GRAIN,snack_size_per_day,3,1.0
FEDXA06,M,2.0,GRAIN,snack_size_per_day,1,1.0
FEDXA06,M,2.0,GRAIN,snack_size_per_day,2,1.0
FEDXA06,M,2.0,GRAIN,snack_size_per_day,3,1.0
FEDXA07,M,1.0,GRAIN,snack_size_per_day,1,1.0
FEDXA07,M,1.0,GRAIN,snack_size_per_day,2,1.0
FEDXA07,M,1.0,GRAIN,snack_size_per_day,3,1.0
FEDXA08,M,1.0,GRAIN,snack_size_per_day,1,1.0
FEDXA08,M,1.0,GRAIN,snack_size_per_day,2,1.0
FEDXA08,M,1.0,GRAIN,snack_size_per_day,3,1.0
FEDXA09,M,1.0,GRAIN,snack_size_per_day,1,1.0
FEDXA09,M,1.0,GRAIN,snack_size_per_day,2,1.0
FEDXA09,M,1.0,GRAIN,snack_size_per_day,3,1.0
FEDXA10,M,1.0,GRAIN,snack_size_per_day,1,1.0
FEDXA10,M,1.0,GRAIN,snack_size_per_day,2,1.0
FEDXA10,M,1.0,GRAIN,snack_size_per_day,3,1.0
FEDXA11,M,1.0,GRAIN,snack_size_per_day,1,1.0
FEDXA11,M,1.0,GRAIN,snack_size_per_day,2,1.0
FEDXA11,M,1.0,GRAIN,snack_size_per_day,3,1.0
FEDXA12,M,1.0,GRAIN,snack_size_per_day,1,1.0
FEDXA12,M,1.0,GRAIN,snack_size_per_day,2,1.0
FEDXA12,M,1.0,GRAIN,snack_size_per_day,3,1.0
FEDXB01,F,2.0,GRAIN,snack_size_per_day,1,1.0
FEDXB01,F,2.0,GRAIN,snack_size_per_day,2,1.0
FEDXB01,F,2.0,GRAIN,snack_size_per_day,3,1.0
FEDXB02,F,2.0,GRAIN,snack_size_per_day,1,1.0
FEDXB02,F,2.0,GRAIN,snack_size_per_day,2,1.0
FEDXB02,F,2.0,GRAIN,snack_size_per_day,3,1.0
FEDXB03,F,2.0,GRAIN,snack_size_per_day,1,1.0
FEDXB03,F,2.0,GRAIN,snack_size_per_day,2,1.0
FEDXB03,F,2.0,GRAIN,snack_size_per_day,3,1.0
FEDXB04,F,2.0,GRAIN,snack_size_per_day,1,1.0
FEDXB04,F,2.0,GRAIN,snack_size_per_day,2,1.0
FEDXB04,F,2.0,GRAIN,snack_size_per_day,3,1.0
FEDXB05,F,2.0,GRAIN,snack_size_per_day,1,1.0
FEDXB05,F,2.0,GRAIN,snack_size_per_day,2,1.0
FEDXB05,F,2.0,GRAIN,snack_size_per_day,3,1.0
FEDXB06,F,2.0,GRAIN,snack_size_per_day,1,1.0
FEDXB06,F,2.0,GRAIN,snack_size_per_day,2,1.0
FEDXB06,F,2.0,GRAIN,snack_size_per_day,3,1.0
FEDXB07,F,1.0,GRAIN,snack_size_per_day,1,1.0
FEDXB07,F,1.0,GRAIN,snack_size_per_day,2,1.0
FEDXB07,F,1.0,GRAIN,snack_size_per_day,3,1.0
FEDXB08,F,1.0,GRAIN,snack_size_per_day,1,1.0
FEDXB08,F,1.0,GRAIN,snack_size_per_day,2,1.0
FEDXB08,F,1.0,GRAIN,snack_size_per_day,3,1.0
FEDXB10,F,1.0,GRAIN,snack_size_per_day,1,1.0
FEDXB10,F,1.0,GRAIN,snack_size_per_day,2,1.0
FEDXB10,F,1.0,GRAIN,snack_size_per_day,3,1.0
FEDXB11,F,1.0,GRAIN,snack_size_per_day,1,1.0
FEDXB11,F,1.0,GRAIN,snack_size_per_day,2,1.0
FEDXB11,F,1.0,GRAIN,snack_size_per_day,3,1.0
FEDXB12,F,1.0,GRAIN,snack_size_per_day,1,1.0
FEDXB12,F,1.0,GRAIN,snack_size_per_day,2,1.0
FEDXB12,F,1.0,GRAIN,snack_size_per_day,3,1.0
FEDXA01,M,2.0,NR,snack_size_per_day,1,1.0
FEDXA01,M,2.0,NR,snack_size_per_day,2,1.0
FEDXA01,M,2.0,NR,snack_size_per_day,3,1.0
FEDXA01,M,2.0,NR,snack_size_per_day,4,1.0
FEDXA01,M,2.0,NR,snack_size_per_day,5,1.0
FEDXA01,M,2.0,NR,snack_size_per_day,6,1.0
FEDXA01,M,2.0,NR,snack_size_per_day,7,1.0
FEDXA02,M,2.0,NR,snack_size_per_day,1,1.0
FEDXA02,M,2.0,NR,snack_size_per_day,2,1.0
FEDXA02,M,2.0,NR,snack_size_per_day,3,1.0
FEDXA02,M,2.0,NR,snack_size_per_day,4,1.0
FEDXA02,M,2.0,NR,snack_size_per_day,5,1.0
FEDXA02,M,2.0,NR,snack_size_per_day,6,1.0
FEDXA02,M,2.0,NR,snack_size_per_day,7,1.0
FEDXA03,M,2.0,NR,snack_size_per_day,1,1.0
FEDXA03,M,2.0,NR,snack_size_per_day,2,1.0
FEDXA03,M,2.0,NR,snack_size_per_day,3,1.0
FEDXA03,M,2.0,NR,snack_size_per_day,4,1.0
FEDXA03,M,2.0,NR,snack_size_per_day,5,1.0
FEDXA03,M,2.0,NR,snack_size_per_day,6,1.0
FEDXA03,M,2.0,NR,snack_size_per_day,7,1.0
FEDXA04,M,2.0,NR,snack_size_per_day,1,1.0
FEDXA04,M,2.0,NR,snack_size_per_day,2,1.0
FEDXA04,M,2.0,NR,snack_size_per_day,3,1.0
FEDXA04,M,2.0,NR,snack_size_per_day,4,1.0
FEDXA04,M,2.0,NR,snack_size_per_day,5,1.0
FEDXA04,M,2.0,NR,snack_size_per_day,6,1.0
FEDXA04,M,2.0,NR,snack_size_per_day,7,1.0
FEDXA05,M,2.0,NR,snack_size_per_day,1,1.0
FEDXA05,M,2.0,NR,snack_size_per_day,2,1.0
FEDXA05,M,2.0,NR,snack_size_per_day,3,1.0
FEDXA05,M,2.0,NR,snack_size_per_day,4,1.0
FEDXA05,M,2.0,NR,snack_size_per_day,5,1.0
FEDXA05,M,2.0,NR,snack_size_per_day,6,1.0
FEDXA05,M,2.0,NR,snack_size_per_day,7,1.0
FEDXA06,M,2.0,NR,snack_size_per_day,1,1.0
FEDXA06,M,2.0,NR,snack_size_per_day,2,1.0
FEDXA06,M,2.0,NR,snack_size_per_day,3,1.0
FEDXA06,M,2.0,NR,snack_size_per_day,4,1.0
FEDXA06,M,2.0,NR,snack_size_per_day,5,1.0
FEDXA06,M,2.0,NR,snack_size_per_day,6,1.0
FEDXA06,M,2.0,NR,snack_size_per_day,7,1.0
FEDXA07,M,1.0,NR,snack_size_per_day,1,1.0
FEDXA07,M,1.0,NR,snack_size_per_day,2,1.0
FEDXA07,M,1.0,NR,snack_size_per_day,3,1.0
FEDXA07,M,1.0,NR,snack_size_per_day,4,1.0
FEDXA07,M,1.0,NR,snack_size_per_day,5,1.0
FEDXA07,M,1.0,NR,snack_size_per_day,6,1.0
FEDXA07,M,1.0,NR,snack_size_per_day,7,1.0
FEDXA08,M,1.0,NR,snack_size_per_day,1,1.0
FEDXA08,M,1.0,NR,snack_size_per_day,2,1.0
FEDXA08,M,1.0,NR,snack_size_per_day,3,1.0
FEDXA08,M,1.0,NR,snack_size_per_day,4,1.0
FEDXA08,M,1.0,NR,snack_size_per_day,5,1.0
FEDXA08,M,1.0,NR,snack_size_per_day,6,1.0
FEDXA08,M,1.0,NR,snack_size_per_day,7,1.0
FEDXA09,M,1.0,NR,snack_size_per_day,1,1.0
FEDXA09,M,1.0,NR,snack_size_per_day,2,1.0
FEDXA09,M,1.0,NR,snack_size_per_day,3,1.0
FEDXA09,M,1.0,NR,snack_size_per_day,4,1.0
FEDXA09,M,1.0,NR,snack_size_per_day,5,1.0
FEDXA09,M,1.0,NR,snack_size_per_day,6,1.0
FEDXA09,M,1.0,NR,snack_size_per_day,7,1.0
FEDXA10,M,1.0,NR,snack_size_per_day,1,1.0
FEDXA10,M,1.0,NR,snack_size_per_day,2,1.0
FEDXA10,M,1.0,NR,snack_size_per_day,3,1.0
FEDXA10,M,1.0,NR,snack_size_per_day,4,1.0
FEDXA10,M,1.0,NR,snack_size_per_day,5,1.0
FEDXA10,M,1.0,NR,snack_size_per_day,6,1.0
FEDXA10,M,1.0,NR,snack_size_per_day,7,1.0
FEDXA11,M,1.0,NR,snack_size_per_day,1,1.0
FEDXA11,M,1.0,NR,snack_size_per_day,2,1.0
FEDXA11,M,1.0,NR,snack_size_per_day,3,1.0
FEDXA11,M,1.0,NR,snack_size_per_day,4,1.0
FEDXA11,M,1.0,NR,snack_size_per_day,5,1.0
FEDXA11,M,1.0,NR,snack_size_per_day,6,1.0
FEDXA11,M,1.0,NR,snack_size_per_day,7,1.0
FEDXA12,M,1.0,NR,snack_size_per_day,1,1.0
FEDXA12,M,1.0,NR,snack_size_per_day,2,1.0
FEDXA12,M,1.0,NR,snack_size_per_day,3,1.0
FEDXA12,M,1.0,NR,snack_size_per_day,4,1.0
FEDXA12,M,1.0,NR,snack_size_per_day,5,1.0
FEDXA12,M,1.0,NR,snack_size_per_day,6,1.0
FEDXA12,M,1.0,NR,snack_size_per_day,7,1.0
FEDXB01,F,2.0,NR,snack_size_per_day,1,1.0
FEDXB01,F,2.0,NR,snack_size_per_day,2,1.0
FEDXB01,F,2.0,NR,snack_size_per_day,3,1.0
FEDXB01,F,2.0,NR,snack_size_per_day,4,1.0
FEDXB01,F,2.0,NR,snack_size_per_day,5,1.0
FEDXB01,F,2.0,NR,snack_size_per_day,6,1.0
FEDXB01,F,2.0,NR,snack_size_per_day,7,1.0
FEDXB02,F,2.0,NR,snack_size_per_day,1,1.0
FEDXB02,F,2.0,NR,snack_size_per_day,2,1.0
FEDXB02,F,2.0,NR,snack_size_per_day,3,1.0
FEDXB02,F,2.0,NR,snack_size_per_day,4,1.0
FEDXB02,F,2.0,NR,snack_size_per_day,5,1.0
FEDXB02,F,2.0,NR,snack_size_per_day,6,1.0
FEDXB02,F,2.0,NR,snack_size_per_day,7,1.0
FEDXB03,F,2.0,NR,snack_size_per_day,1,1.0
FEDXB03,F,2.0,NR,snack_size_per_day,2,1.0
FEDXB03,F,2.0,NR,snack_size_per_day,3,1.0
FEDXB03,F,2.0,NR,snack_size_per_day,4,1.0
FEDXB03,F,2.0,NR,snack_size_per_day,5,1.0
FEDXB03,F,2.0,NR,snack_size_per_day,6,1.0
FEDXB03,F,2.0,NR,snack_size_per_day,7,1.0
FEDXB04,F,2.0,NR,snack_size_per_day,1,1.0
FEDXB04,F,2.0,NR,snack_size_per_day,2,1.0
FEDXB04,F,2.0,NR,snack_size_per_day,3,1.0
FEDXB04,F,2.0,NR,snack_size_per_day,4,1.0
FEDXB04,F,2.0,NR,snack_size_per_day,5,1.0
FEDXB04,F,2.0,NR,snack_size_per_day,6,1.0
FEDXB04,F,2.0,NR,snack_size_per_day,7,1.0
FEDXB05,F,2.0,NR,snack_size_per_day,1,1.0
FEDXB05,F,2.0,NR,snack_size_per_day,2,1.0
FEDXB05,F,2.0,NR,snack_size_per_day,3,1.0
FEDXB05,F,2.0,NR,snack_size_per_day,4,1.0
FEDXB05,F,2.0,NR,snack_size_per_day,5,1.0
FEDXB05,F,2.0,NR,snack_size_per_day,6,1.0
FEDXB05,F,2.0,NR,snack_size_per_day,7,1.0
FEDXB06,F,2.0,NR,snack_size_per_day,1,1.0
FEDXB06,F,2.0,NR,snack_size_per_day,2,1.0
FEDXB06,F,2.0,NR,snack_size_per_day,3,1.0
FEDXB06,F,2.0,NR,snack_size_per_day,4,1.0
FEDXB06,F,2.0,NR,snack_size_per_day,5,1.0
FEDXB06,F,2.0,NR,snack_size_per_day,6,1.0
FEDXB06,F,2.0,NR,snack_size_per_day,7,1.0
FEDXB07,F,1.0,NR,snack_size_per_day,1,1.0
FEDXB07,F,1.0,NR,snack_size_per_day,2,1.0
FEDXB07,F,1.0,NR,snack_size_per_day,3,1.0
FEDXB07,F,1.0,NR,snack_size_per_day,4,1.0
FEDXB07,F,1.0,NR,snack_size_per_day,5,1.0
FEDXB07,F,1.0,NR,snack_size_per_day,6,1.0
FEDXB07,F,1.0,NR,snack_size_per_day,7,1.0
FEDXB08,F,1.0,NR,snack_size_per_day,1,1.0
FEDXB08,F,1.0,NR,snack_size_per_day,2,1.0
FEDXB08,F,1.0,NR,snack_size_per_day,3,1.0
FEDXB08,F,1.0,NR,snack_size_per_day,4,1.0
FEDXB08,F,1.0,NR,snack_size_per_day,5,1.0
FEDXB08,F,1.0,NR,snack_size_per_day,6,1.0
FEDXB08,F,1.0,NR,snack_size_per_day,7,1.0
FEDXB10,F,1.0,NR,snack_size_per_day,1,1.0
FEDXB10,F,1.0,NR,snack_size_per_day,2,1.0
FEDXB10,F,1.0,NR,snack_size_per_day,3,1.0
FEDXB10,F,1.0,NR,snack_size_per_day,4,1.0
FEDXB10,F,1.0,NR,snack_size_per_day,5,1.0
FEDXB10,F,1.0,NR,snack_size_per_day,6,1.0
FEDXB10,F,1.0,NR,snack_size_per_day,7,1.0
FEDXB11,F,1.0,NR,snack_size_per_day,1,1.0
FEDXB11,F,1.0,NR,snack_size_per_day,2,1.0
FEDXB11,F,1.0,NR,snack_size_per_day,3,1.0
FEDXB11,F,1.0,NR,snack_size_per_day,4,1.0
FEDXB11,F,1.0,NR,snack_size_per_day,5,1.0
FEDXB11,F,1.0,NR,snack_size_per_day,6,1.0
FEDXB11,F,1.0,NR,snack_size_per_day,7,1.0
FEDXB12,F,1.0,NR,snack_size_per_day,1,1.0
FEDXB12,F,1.0,NR,snack_size_per_day,2,1.0
FEDXB12,F,1.0,NR,snack_size_per_day,3,1.0
FEDXB12,F,1.0,NR,snack_size_per_day,4,1.0
FEDXB12,F,1.0,NR,snack_size_per_day,5,1.0
FEDXB12,F,1.0,NR,snack_size_per_day,6,0.0
FEDXB12,F,1.0,NR,snack_size_per_day,7,0.0
FEDXA01,M,2.0,PR,snack_size_per_day,1,1.0
FEDXA01,M,2.0,PR,snack_size_per_day,2,1.0
FEDXA01,M,2.0,PR,snack_size_per_day,3,1.0
FEDXA01,M,2.0,PR,snack_size_per_day,4,1.0
FEDXA01,M,2.0,PR,snack_size_per_day,5,1.0
FEDXA01,M,2.0,PR,snack_size_per_day,6,1.0
FEDXA01,M,2.0,PR,snack_size_per_day,7,1.0
FEDXA02,M,2.0,PR,snack_size_per_day,1,1.0
FEDXA02,M,2.0,PR,snack_size_per_day,2,1.0
FEDXA02,M,2.0,PR,snack_size_per_day,3,1.0
FEDXA02,M,2.0,PR,snack_size_per_day,4,1.0
FEDXA02,M,2.0,PR,snack_size_per_day,5,1.0
FEDXA02,M,2.0,PR,snack_size_per_day,6,1.0
FEDXA02,M,2.0,PR,snack_size_per_day,7,1.0
FEDXA03,M,2.0,PR,snack_size_per_day,1,1.0
FEDXA03,M,2.0,PR,snack_size_per_day,2,1.0
FEDXA03,M,2.0,PR,snack_size_per_day,3,1.0
FEDXA03,M,2.0,PR,snack_size_per_day,4,1.0
FEDXA03,M,2.0,PR,snack_size_per_day,5,1.0
FEDXA03,M,2.0,PR,snack_size_per_day,6,1.0
FEDXA03,M,2.0,PR,snack_size_per_day,7,1.0
FEDXA04,M,2.0,PR,snack_size_per_day,1,1.0
FEDXA04,M,2.0,PR,snack_size_per_day,2,1.0
FEDXA04,M,2.0,PR,snack_size_per_day,3,1.0
FEDXA04,M,2.0,PR,snack_size_per_day,4,1.0
FEDXA04,M,2.0,PR,snack_size_per_day,5,1.0
FEDXA04,M,2.0,PR,snack_size_per_day,6,1.0
FEDXA04,M,2.0,PR,snack_size_per_day,7,1.0
FEDXA05,M,2.0,PR,snack_size_per_day,1,1.0
FEDXA05,M,2.0,PR,snack_size_per_day,2,1.0
FEDXA05,M,2.0,PR,snack_size_per_day,3,1.0
FEDXA05,M,2.0,PR,snack_size_per_day,4,1.0
FEDXA05,M,2.0,PR,snack_size_per_day,5,1.0
FEDXA05,M,2.0,PR,snack_size_per_day,6,1.0
FEDXA05,M,2.0,PR,snack_size_per_day,7,1.0
FEDXA06,M,2.0,PR,snack_size_per_day,1,1.0
FEDXA06,M,2.0,PR,snack_size_per_day,2,1.0
FEDXA06,M,2.0,PR,snack_size_per_day,3,1.0
FEDXA06,M,2.0,PR,snack_size_per_day,4,1.0
FEDXA06,M,2.0,PR,snack_size_per_day,5,1.0
FEDXA06,M,2.0,PR,snack_size_per_day,6,1.0
FEDXA06,M,2.0,PR,snack_size_per_day,7,1.0
FEDXA07,M,1.0,PR,snack_size_per_day,1,1.0
FEDXA07,M,1.0,PR,snack_size_per_day,2,1.0
FEDXA07,M,1.0,PR,snack_size_per_day,3,1.0
FEDXA07,M,1.0,PR,snack_size_per_day,4,1.0
FEDXA07,M,1.0,PR,snack_size_per_day,5,1.0
FEDXA07,M,1.0,PR,snack_size_per_day,6,1.0
FEDXA07,M,1.0,PR,snack_size_per_day,7,1.0
FEDXA08,M,1.0,PR,snack_size_per_day,1,1.0
FEDXA08,M,1.0,PR,snack_size_per_day,2,1.0
FEDXA08,M,1.0,PR,snack_size_per_day,3,1.0
FEDXA08,M,1.0,PR,snack_size_per_day,4,1.0
FEDXA08,M,1.0,PR,snack_size_per_day,5,1.0
FEDXA08,M,1.0,PR,snack_size_per_day,6,1.0
FEDXA08,M,1.0,PR,snack_size_per_day,7,1.0
FEDXA09,M,1.0,PR,snack_size_per_day,1,1.0
FEDXA09,M,1.0,PR,snack_size_per_day,2,1.0
FEDXA09,M,1.0,PR,snack_size_per_day,3,1.0
FEDXA09,M,1.0,PR,snack_size_per_day,4,1.0
FEDXA09,M,1.0,PR,snack_size_per_day,5,1.0
FEDXA09,M,1.0,PR,snack_size_per_day,6,1.0
FEDXA09,M,1.0,PR,snack_size_per_day,7,1.0
FEDXA10,M,1.0,PR,snack_size_per_day,1,1.0
FEDXA10,M,1.0,PR,snack_size_per_day,2,1.0
FEDXA10,M,1.0,PR,snack_size_per_day,3,1.0
FEDXA10,M,1.0,PR,snack_size_per_day,4,1.0
FEDXA10,M,1.0,PR,snack_size_per_day,5,1.0
FEDXA10,M,1.0,PR,snack_size_per_day,6,1.0
FEDXA10,M,1.0,PR,snack_size_per_day,7,1.0
FEDXA11,M,1.0,PR,snack_size_per_day,1,1.0
FEDXA11,M,1.0,PR,snack_size_per_day,2,1.0
FEDXA11,M,1.0,PR,snack_size_per_day,3,1.0
FEDXA11,M,1.0,PR,snack_size_per_day,4,1.0
FEDXA11,M,1.0,PR,snack_size_per_day,5,1.0
FEDXA11,M,1.0,PR,snack_size_per_day,6,1.0
FEDXA11,M,1.0,PR,snack_size_per_day,7,1.0
FEDXA12,M,1.0,PR,snack_size_per_day,1,1.0
FEDXA12,M,1.0,PR,snack_size_per_day,2,1.0
FEDXA12,M,1.0,PR,snack_size_per_day,3,1.0
FEDXA12,M,1.0,PR,snack_size_per_day,4,1.0
FEDXA12,M,1.0,PR,snack_size_per_day,5,1.0
FEDXA12,M,1.0,PR,snack_size_per_day,6,1.0
FEDXA12,M,1.0,PR,snack_size_per_day,7,1.0
FEDXB01,F,2.0,PR,snack_size_per_day,1,1.0
FEDXB01,F,2.0,PR,snack_size_per_day,2,1.0
FEDXB01,F,2.0,PR,snack_size_per_day,3,1.0
FEDXB01,F,2.0,PR,snack_size_per_day,4,1.0
FEDXB01,F,2.0,PR,snack_size_per_day,5,1.0
FEDXB01,F,2.0,PR,snack_size_per_day,6,1.0
FEDXB01,F,2.0,PR,snack_size_per_day,7,1.0
FEDXB02,F,2.0,PR,snack_size_per_day,1,1.0
FEDXB02,F,2.0,PR,snack_size_per_day,2,1.0
FEDXB02,F,2.0,PR,snack_size_per_day,3,1.0
FEDXB02,F,2.0,PR,snack_size_per_day,4,1.0
FEDXB02,F,2.0,PR,snack_size_per_day,5,1.0
FEDXB02,F,2.0,PR,snack_size_per_day,6,1.0
FEDXB02,F,2.0,PR,snack_size_per_day,7,1.0
FEDXB03,F,2.0,PR,snack_size_per_day,1,1.0
FEDXB03,F,2.0,PR,snack_size_per_day,2,1.0
FEDXB03,F,2.0,PR,snack_size_per_day,3,1.0
FEDXB03,F,2.0,PR,snack_size_per_day,4,1.0
FEDXB03,F,2.0,PR,snack_size_per_day,5,1.0
FEDXB03,F,2.0,PR,snack_size_per_day,6,1.0
FEDXB03,F,2.0,PR,snack_size_per_day,7,1.0
FEDXB04,F,2.0,PR,snack_size_per_day,1,1.0
FEDXB04,F,2.0,PR,snack_size_per_day,2,1.0
FEDXB04,F,2.0,PR,snack_size_per_day,3,1.0
FEDXB04,F,2.0,PR,snack_size_per_day,4,1.0
FEDXB04,F,2.0,PR,snack_size_per_day,5,1.0
FEDXB04,F,2.0,PR,snack_size_per_day,6,1.0
FEDXB04,F,2.0,PR,snack_size_per_day,7,1.0
FEDXB05,F,2.0,PR,snack_size_per_day,1,1.0
FEDXB05,F,2.0,PR,snack_size_per_day,2,1.0
FEDXB05,F,2.0,PR,snack_size_per_day,3,1.0
FEDXB05,F,2.0,PR,snack_size_per_day,4,1.0
FEDXB05,F,2.0,PR,snack_size_per_day,5,1.0
FEDXB05,F,2.0,PR,snack_size_per_day,6,1.0
FEDXB05,F,2.0,PR,snack_size_per_day,7,1.0
FEDXB06,F,2.0,PR,snack_size_per_day,1,1.0
FEDXB06,F,2.0,PR,snack_size_per_day,2,1.0
FEDXB06,F,2.0,PR,snack_size_per_day,3,1.0
FEDXB06,F,2.0,PR,snack_size_per_day,4,1.0
FEDXB06,F,2.0,PR,snack_size_per_day,5,1.0
FEDXB06,F,2.0,PR,snack_size_per_day,6,1.0
FEDXB06,F,2.0,PR,snack_size_per_day,7,1.0
FEDXB07,F,1.0,PR,snack_size_per_day,1,1.0
FEDXB07,F,1.0,PR,snack_size_per_day,2,1.0
FEDXB07,F,1.0,PR,snack_size_per_day,3,1.0
FEDXB07,F,1.0,PR,snack_size_per_day,4,1.0
FEDXB07,F,1.0,PR,snack_size_per_day,5,1.0
FEDXB07,F,1.0,PR,snack_size_per_day,6,1.0
FEDXB07,F,1.0,PR,snack_size_per_day,7,1.0
FEDXB08,F,1.0,PR,snack_size_per_day,1,1.0
FEDXB08,F,1.0,PR,snack_size_per_day,2,1.0
FEDXB08,F,1.0,PR,snack_size_per_day,3,1.0
FEDXB08,F,1.0,PR,snack_size_per_day,4,1.0
FEDXB08,F,1.0,PR,snack_size_per_day,5,1.0
FEDXB08,F,1.0,PR,snack_size_per_day,6,1.0
FEDXB08,F,1.0,PR,snack_size_per_day,7,1.0
FEDXB10,F,1.0,PR,snack_size_per_day,1,1.0
FEDXB10,F,1.0,PR,snack_size_per_day,2,1.0
FEDXB10,F,1.0,PR,snack_size_per_day,3,1.0
FEDXB10,F,1.0,PR,snack_size_per_day,4,1.0
FEDXB10,F,1.0,PR,snack_size_per_day,5,1.0
FEDXB10,F,1.0,PR,snack_size_per_day,6,1.0
FEDXB10,F,1.0,PR,snack_size_per_day,7,1.0
FEDXB11,F,1.0,PR,snack_size_per_day,1,1.0
FEDXB11,F,1.0,PR,snack_size_per_day,2,1.0
FEDXB11,F,1.0,PR,snack_size_per_day,3,1.0
FEDXB11,F,1.0,PR,snack_size_per_day,4,1.0
FEDXB11,F,1.0,PR,snack_size_per_day,5,1.0
FEDXB11,F,1.0,PR,snack_size_per_day,6,1.0
FEDXB11,F,1.0,PR,snack_size_per_day,7,1.0
FEDXB12,F,1.0,PR,snack_size_per_day,1,1.0
FEDXB12,F,1.0,PR,snack_size_per_day,2,1.0
FEDXB12,F,1.0,PR,snack_size_per_day,3,1.0
FEDXB12,F,1.0,PR,snack_size_per_day,4,1.0
FEDXB12,F,1.0,PR,snack_size_per_day,5,1.0
FEDXB12,F,1.0,PR,snack_size_per_day,6,1.0
FEDXB12,F,1.0,PR,snack_size_per_day,7,1.0
FEDXA01,M,2.0,GRAIN,snacks_per_day,1,33.0
FEDXA01,M,2.0,GRAIN,snacks_per_day,2,21.0
FEDXA01,M,2.0,GRAIN,snacks_per_day,3,26.0
FEDXA02,M,2.0,GRAIN,snacks_per_day,1,30.0
FEDXA02,M,2.0,GRAIN,snacks_per_day,2,21.0
FEDXA02,M,2.0,GRAIN,snacks_per_day,3,10.0
FEDXA03,M,2.0,GRAIN,snacks_per_day,1,42.0
FEDXA03,M,2.0,GRAIN,snacks_per_day,2,14.0
FEDXA03,M,2.0,GRAIN,snacks_per_day,3,17.0
FEDXA04,M,2.0,GRAIN,snacks_per_day,1,60.0
FEDXA04,M,2.0,GRAIN,snacks_per_day,2,24.0
FEDXA04,M,2.0,GRAIN,snacks_per_day,3,23.0
FEDXA05,M,2.0,GRAIN,snacks_per_day,1,14.0
FEDXA05,M,2.0,GRAIN,snacks_per_day,2,6.0
FEDXA05,M,2.0,GRAIN,snacks_per_day,3,8.0
FEDXA06,M,2.0,GRAIN,snacks_per_day,1,28.0
FEDXA06,M,2.0,GRAIN,snacks_per_day,2,22.0
FEDXA06,M,2.0,GRAIN,snacks_per_day,3,1.0
FEDXA07,M,1.0,GRAIN,snacks_per_day,1,29.0
FEDXA07,M,1.0,GRAIN,snacks_per_day,2,12.0
FEDXA07,M,1.0,GRAIN,snacks_per_day,3,4.0
FEDXA08,M,1.0,GRAIN,snacks_per_day,1,16.0
FEDXA08,M,1.0,GRAIN,snacks_per_day,2,7.0
FEDXA08,M,1.0,GRAIN,snacks_per_day,3,19.0
FEDXA09,M,1.0,GRAIN,snacks_per_day,1,38.0
FEDXA09,M,1.0,GRAIN,snacks_per_day,2,12.0
FEDXA09,M,1.0,GRAIN,snacks_per_day,3,13.0
FEDXA10,M,1.0,GRAIN,snacks_per_day,1,18.0
FEDXA10,M,1.0,GRAIN,snacks_per_day,2,9.0
FEDXA10,M,1.0,GRAIN,snacks_per_day,3,5.0
FEDXA11,M,1.0,GRAIN,snacks_per_day,1,36.0
FEDXA11,M,1.0,GRAIN,snacks_per_day,2,19.0
FEDXA11,M,1.0,GRAIN,snacks_per_day,3,8.0
FEDXA12,M,1.0,GRAIN,snacks_per_day,1,18.0
FEDXA12,M,1.0,GRAIN,snacks_per_day,2,24.0
FEDXA12,M,1.0,GRAIN,snacks_per_day,3,15.0
FEDXB01,F,2.0,GRAIN,snacks_per_day,1,13.0
FEDXB01,F,2.0,GRAIN,snacks_per_day,2,16.0
FEDXB01,F,2.0,GRAIN,snacks_per_day,3,5.0
FEDXB02,F,2.0,GRAIN,snacks_per_day,1,29.0
FEDXB02,F,2.0,GRAIN,snacks_per_day,2,34.0
FEDXB02,F,2.0,GRAIN,snacks_per_day,3,7.0
FEDXB03,F,2.0,GRAIN,snacks_per_day,1,17.0
FEDXB03,F,2.0,GRAIN,snacks_per_day,2,31.0
FEDXB03,F,2.0,GRAIN,snacks_per_day,3,5.0
FEDXB04,F,2.0,GRAIN,snacks_per_day,1,15.0
FEDXB04,F,2.0,GRAIN,snacks_per_day,2,5.0
FEDXB04,F,2.0,GRAIN,snacks_per_day,3,17.0
FEDXB05,F,2.0,GRAIN,snacks_per_day,1,26.0
FEDXB05,F,2.0,GRAIN,snacks_per_day,2,23.0
FEDXB05,F,2.0,GRAIN,snacks_per_day,3,8.0
FEDXB06,F,2.0,GRAIN,snacks_per_day,1,13.0
FEDXB06,F,2.0,GRAIN,snacks_per_day,2,4.0
FEDXB06,F,2.0,GRAIN,snacks_per_day,3,3.0
FEDXB07,F,1.0,GRAIN,snacks_per_day,1,35.0
FEDXB07,F,1.0,GRAIN,snacks_per_day,2,7.0
FEDXB07,F,1.0,GRAIN,snacks_per_day,3,14.0
FEDXB08,F,1.0,GRAIN,snacks_per_day,1,23.0
FEDXB08,F,1.0,GRAIN,snacks_per_day,2,6.0
FEDXB08,F,1.0,GRAIN,snacks_per_day,3,2.0
FEDXB10,F,1.0,GRAIN,snacks_per_day,1,29.0
FEDXB10,F,1.0,GRAIN,snacks_per_day,2,26.0
FEDXB10,F,1.0,GRAIN,snacks_per_day,3,17.0
FEDXB11,F,1.0,GRAIN,snacks_per_day,1,9.0
FEDXB11,F,1.0,GRAIN,snacks_per_day,2,10.0
FEDXB11,F,1.0,GRAIN,snacks_per_day,3,12.0
FEDXB12,F,1.0,GRAIN,snacks_per_day,1,14.0
FEDXB12,F,1.0,GRAIN,snacks_per_day,2,2.0
FEDXB12,F,1.0,GRAIN,snacks_per_day,3,2.0
FEDXA01,M,2.0,NR,snacks_per_day,1,13.0
FEDXA01,M,2.0,NR,snacks_per_day,2,14.0
FEDXA01,M,2.0,NR,snacks_per_day,3,14.0
FEDXA01,M,2.0,NR,snacks_per_day,4,19.0
FEDXA01,M,2.0,NR,snacks_per_day,5,18.0
FEDXA01,M,2.0,NR,snacks_per_day,6,12.0
FEDXA01,M,2.0,NR,snacks_per_day,7,13.0
FEDXA02,M,2.0,NR,snacks_per_day,1,13.0
FEDXA02,M,2.0,NR,snacks_per_day,2,17.0
FEDXA02,M,2.0,NR,snacks_per_day,3,16.0
FEDXA02,M,2.0,NR,snacks_per_day,4,13.0
FEDXA02,M,2.0,NR,snacks_per_day,5,16.0
FEDXA02,M,2.0,NR,snacks_per_day,6,12.0
FEDXA02,M,2.0,NR,snacks_per_day,7,12.0
FEDXA03,M,2.0,NR,snacks_per_day,1,8.0
FEDXA03,M,2.0,NR,snacks_per_day,2,10.0
FEDXA03,M,2.0,NR,snacks_per_day,3,15.0
FEDXA03,M,2.0,NR,snacks_per_day,4,12.0
FEDXA03,M,2.0,NR,snacks_per_day,5,12.0
FEDXA03,M,2.0,NR,snacks_per_day,6,7.0
FEDXA03,M,2.0,NR,snacks_per_day,7,11.0
FEDXA04,M,2.0,NR,snacks_per_day,1,15.0
FEDXA04,M,2.0,NR,snacks_per_day,2,17.0
FEDXA04,M,2.0,NR,snacks_per_day,3,10.0
FEDXA04,M,2.0,NR,snacks_per_day,4,10.0
FEDXA04,M,2.0,NR,snacks_per_day,5,10.0
FEDXA04,M,2.0,NR,snacks_per_day,6,9.0
FEDXA04,M,2.0,NR,snacks_per_day,7,6.0
FEDXA05,M,2.0,NR,snacks_per_day,1,13.0
FEDXA05,M,2.0,NR,snacks_per_day,2,25.0
FEDXA05,M,2.0,NR,snacks_per_day,3,10.0
FEDXA05,M,2.0,NR,snacks_per_day,4,13.0
FEDXA05,M,2.0,NR,snacks_per_day,5,13.0
FEDXA05,M,2.0,NR,snacks_per_day,6,5.0
FEDXA05,M,2.0,NR,snacks_per_day,7,8.0
FEDXA06,M,2.0,NR,snacks_per_day,1,25.0
FEDXA06,M,2.0,NR,snacks_per_day,2,17.0
FEDXA06,M,2.0,NR,snacks_per_day,3,10.0
FEDXA06,M,2.0,NR,snacks_per_day,4,15.0
FEDXA06,M,2.0,NR,snacks_per_day,5,13.0
FEDXA06,M,2.0,NR,snacks_per_day,6,11.0
FEDXA06,M,2.0,NR,snacks_per_day,7,18.0
FEDXA07,M,1.0,NR,snacks_per_day,1,7.0
FEDXA07,M,1.0,NR,snacks_per_day,2,5.0
FEDXA07,M,1.0,NR,snacks_per_day,3,8.0
FEDXA07,M,1.0,NR,snacks_per_day,4,4.0
FEDXA07,M,1.0,NR,snacks_per_day,5,7.0
FEDXA07,M,1.0,NR,snacks_per_day,6,9.0
FEDXA07,M,1.0,NR,snacks_per_day,7,3.0
FEDXA08,M,1.0,NR,snacks_per_day,1,13.0
FEDXA08,M,1.0,NR,snacks_per_day,2,20.0
FEDXA08,M,1.0,NR,snacks_per_day,3,22.0
FEDXA08,M,1.0,NR,snacks_per_day,4,6.0
FEDXA08,M,1.0,NR,snacks_per_day,5,9.0
FEDXA08,M,1.0,NR,snacks_per_day,6,10.0
FEDXA08,M,1.0,NR,snacks_per_day,7,11.0
FEDXA09,M,1.0,NR,snacks_per_day,1,9.0
FEDXA09,M,1.0,NR,snacks_per_day,2,5.0
FEDXA09,M,1.0,NR,snacks_per_day,3,3.0
FEDXA09,M,1.0,NR,snacks_per_day,4,9.0
FEDXA09,M,1.0,NR,snacks_per_day,5,12.0
FEDXA09,M,1.0,NR,snacks_per_day,6,5.0
FEDXA09,M,1.0,NR,snacks_per_day,7,19.0
FEDXA10,M,1.0,NR,snacks_per_day,1,23.0
FEDXA10,M,1.0,NR,snacks_per_day,2,3.0
FEDXA10,M,1.0,NR,snacks_per_day,3,9.0
FEDXA10,M,1.0,NR,snacks_per_day,4,12.0
FEDXA10,M,1.0,NR,snacks_per_day,5,6.0
FEDXA10,M,1.0,NR,snacks_per_day,6,7.0
FEDXA10,M,1.0,NR,snacks_per_day,7,8.0
FEDXA11,M,1.0,NR,snacks_per_day,1,8.0
FEDXA11,M,1.0,NR,snacks_per_day,2,19.0
FEDXA11,M,1.0,NR,snacks_per_day,3,19.0
FEDXA11,M,1.0,NR,snacks_per_day,4,29.0
FEDXA11,M,1.0,NR,snacks_per_day,5,29.0
FEDXA11,M,1.0,NR,snacks_per_day,6,30.0
FEDXA11,M,1.0,NR,snacks_per_day,7,29.0
FEDXA12,M,1.0,NR,snacks_per_day,1,19.0
FEDXA12,M,1.0,NR,snacks_per_day,2,23.0
FEDXA12,M,1.0,NR,snacks_per_day,3,21.0
FEDXA12,M,1.0,NR,snacks_per_day,4,17.0
FEDXA12,M,1.0,NR,snacks_per_day,5,20.0
FEDXA12,M,1.0,NR,snacks_per_day,6,23.0
FEDXA12,M,1.0,NR,snacks_per_day,7,24.0
FEDXB01,F,2.0,NR,snacks_per_day,1,13.0
FEDXB01,F,2.0,NR,snacks_per_day,2,18.0
FEDXB01,F,2.0,NR,snacks_per_day,3,7.0
FEDXB01,F,2.0,NR,snacks_per_day,4,10.0
FEDXB01,F,2.0,NR,snacks_per_day,5,14.0
FEDXB01,F,2.0,NR,snacks_per_day,6,16.0
FEDXB01,F,2.0,NR,snacks_per_day,7,12.0
FEDXB02,F,2.0,NR,snacks_per_day,1,12.0
FEDXB02,F,2.0,NR,snacks_per_day,2,7.0
FEDXB02,F,2.0,NR,snacks_per_day,3,9.0
FEDXB02,F,2.0,NR,snacks_per_day,4,1.0
FEDXB02,F,2.0,NR,snacks_per_day,5,3.0
FEDXB02,F,2.0,NR,snacks_per_day,6,9.0
FEDXB02,F,2.0,NR,snacks_per_day,7,5.0
FEDXB03,F,2.0,NR,snacks_per_day,1,22.0
FEDXB03,F,2.0,NR,snacks_per_day,2,19.0
FEDXB03,F,2.0,NR,snacks_per_day,3,19.0
FEDXB03,F,2.0,NR,snacks_per_day,4,20.0
FEDXB03,F,2.0,NR,snacks_per_day,5,24.0
FEDXB03,F,2.0,NR,snacks_per_day,6,11.0
FEDXB03,F,2.0,NR,snacks_per_day,7,6.0
FEDXB04,F,2.0,NR,snacks_per_day,1,12.0
FEDXB04,F,2.0,NR,snacks_per_day,2,12.0
FEDXB04,F,2.0,NR,snacks_per_day,3,11.0
FEDXB04,F,2.0,NR,snacks_per_day,4,5.0
FEDXB04,F,2.0,NR,snacks_per_day,5,6.0
FEDXB04,F,2.0,NR,snacks_per_day,6,6.0
FEDXB04,F,2.0,NR,snacks_per_day,7,8.0
FEDXB05,F,2.0,NR,snacks_per_day,1,5.0
FEDXB05,F,2.0,NR,snacks_per_day,2,9.0
FEDXB05,F,2.0,NR,snacks_per_day,3,7.0
FEDXB05,F,2.0,NR,snacks_per_day,4,10.0
FEDXB05,F,2.0,NR,snacks_per_day,5,14.0
FEDXB05,F,2.0,NR,snacks_per_day,6,29.0
FEDXB05,F,2.0,NR,snacks_per_day,7,23.0
FEDXB06,F,2.0,NR,snacks_per_day,1,18.0
FEDXB06,F,2.0,NR,snacks_per_day,2,26.0
FEDXB06,F,2.0,NR,snacks_per_day,3,20.0
FEDXB06,F,2.0,NR,snacks_per_day,4,12.0
FEDXB06,F,2.0,NR,snacks_per_day,5,11.0
FEDXB06,F,2.0,NR,snacks_per_day,6,16.0
FEDXB06,F,2.0,NR,snacks_per_day,7,9.0
FEDXB07,F,1.0,NR,snacks_per_day,1,8.0
FEDXB07,F,1.0,NR,snacks_per_day,2,2.0
FEDXB07,F,1.0,NR,snacks_per_day,3,18.0
FEDXB07,F,1.0,NR,snacks_per_day,4,12.0
FEDXB07,F,1.0,NR,snacks_per_day,5,6.0
FEDXB07,F,1.0,NR,snacks_per_day,6,19.0
FEDXB07,F,1.0,NR,snacks_per_day,7,12.0
FEDXB08,F,1.0,NR,snacks_per_day,1,1.0
FEDXB08,F,1.0,NR,snacks_per_day,2,3.0
FEDXB08,F,1.0,NR,snacks_per_day,3,2.0
FEDXB08,F,1.0,NR,snacks_per_day,4,5.0
FEDXB08,F,1.0,NR,snacks_per_day,5,7.0
FEDXB08,F,1.0,NR,snacks_per_day,6,7.0
FEDXB08,F,1.0,NR,snacks_per_day,7,2.0
FEDXB10,F,1.0,NR,snacks_per_day,1,13.0
FEDXB10,F,1.0,NR,snacks_per_day,2,31.0
FEDXB10,F,1.0,NR,snacks_per_day,3,31.0
FEDXB10,F,1.0,NR,snacks_per_day,4,38.0
FEDXB10,F,1.0,NR,snacks_per_day,5,32.0
FEDXB10,F,1.0,NR,snacks_per_day,6,41.0
FEDXB10,F,1.0,NR,snacks_per_day,7,19.0
FEDXB11,F,1.0,NR,snacks_per_day,1,33.0
FEDXB11,F,1.0,NR,snacks_per_day,2,56.0
FEDXB11,F,1.0,NR,snacks_per_day,3,52.0
FEDXB11,F,1.0,NR,snacks_per_day,4,50.0
FEDXB11,F,1.0,NR,snacks_per_day,5,36.0
FEDXB11,F,1.0,NR,snacks_per_day,6,40.0
FEDXB11,F,1.0,NR,snacks_per_day,7,34.0
FEDXB12,F,1.0,NR,snacks_per_day,1,3.0
FEDXB12,F,1.0,NR,snacks_per_day,2,2.0
FEDXB12,F,1.0,NR,snacks_per_day,3,7.0
FEDXB12,F,1.0,NR,snacks_per_day,4,2.0
FEDXB12,F,1.0,NR,snacks_per_day,5,6.0
FEDXB12,F,1.0,NR,snacks_per_day,6,0.0
FEDXB12,F,1.0,NR,snacks_per_day,7,0.0
FEDXA01,M,2.0,PR,snacks_per_day,1,32.0
FEDXA01,M,2.0,PR,snacks_per_day,2,47.0
FEDXA01,M,2.0,PR,snacks_per_day,3,53.0
FEDXA01,M,2.0,PR,snacks_per_day,4,62.0
FEDXA01,M,2.0,PR,snacks_per_day,5,29.0
FEDXA01,M,2.0,PR,snacks_per_day,6,26.0
FEDXA01,M,2.0,PR,snacks_per_day,7,13.0
FEDXA02,M,2.0,PR,snacks_per_day,1,11.0
FEDXA02,M,2.0,PR,snacks_per_day,2,25.0
FEDXA02,M,2.0,PR,snacks_per_day,3,33.0
FEDXA02,M,2.0,PR,snacks_per_day,4,33.0
FEDXA02,M,2.0,PR,snacks_per_day,5,22.0
FEDXA02,M,2.0,PR,snacks_per_day,6,16.0
FEDXA02,M,2.0,PR,snacks_per_day,7,17.0
FEDXA03,M,2.0,PR,snacks_per_day,1,18.0
FEDXA03,M,2.0,PR,snacks_per_day,2,42.0
FEDXA03,M,2.0,PR,snacks_per_day,3,43.0
FEDXA03,M,2.0,PR,snacks_per_day,4,29.0
FEDXA03,M,2.0,PR,snacks_per_day,5,25.0
FEDXA03,M,2.0,PR,snacks_per_day,6,26.0
FEDXA03,M,2.0,PR,snacks_per_day,7,27.0
FEDXA04,M,2.0,PR,snacks_per_day,1,27.0
FEDXA04,M,2.0,PR,snacks_per_day,2,39.0
FEDXA04,M,2.0,PR,snacks_per_day,3,36.0
FEDXA04,M,2.0,PR,snacks_per_day,4,29.0
FEDXA04,M,2.0,PR,snacks_per_day,5,36.0
FEDXA04,M,2.0,PR,snacks_per_day,6,19.0
FEDXA04,M,2.0,PR,snacks_per_day,7,18.0
FEDXA05,M,2.0,PR,snacks_per_day,1,14.0
FEDXA05,M,2.0,PR,snacks_per_day,2,25.0
FEDXA05,M,2.0,PR,snacks_per_day,3,26.0
FEDXA05,M,2.0,PR,snacks_per_day,4,31.0
FEDXA05,M,2.0,PR,snacks_per_day,5,38.0
FEDXA05,M,2.0,PR,snacks_per_day,6,37.0
FEDXA05,M,2.0,PR,snacks_per_day,7,26.0
FEDXA06,M,2.0,PR,snacks_per_day,1,29.0
FEDXA06,M,2.0,PR,snacks_per_day,2,36.0
FEDXA06,M,2.0,PR,snacks_per_day,3,42.0
FEDXA06,M,2.0,PR,snacks_per_day,4,53.0
FEDXA06,M,2.0,PR,snacks_per_day,5,69.0
FEDXA06,M,2.0,PR,snacks_per_day,6,48.0
FEDXA06,M,2.0,PR,snacks_per_day,7,36.0
FEDXA07,M,1.0,PR,snacks_per_day,1,4.0
FEDXA07,M,1.0,PR,snacks_per_day,2,5.0
FEDXA07,M,1.0,PR,snacks_per_day,3,17.0
FEDXA07,M,1.0,PR,snacks_per_day,4,10.0
FEDXA07,M,1.0,PR,snacks_per_day,5,12.0
FEDXA07,M,1.0,PR,snacks_per_day,6,7.0
FEDXA07,M,1.0,PR,snacks_per_day,7,6.0
FEDXA08,M,1.0,PR,snacks_per_day,1,10.0
FEDXA08,M,1.0,PR,snacks_per_day,2,10.0
FEDXA08,M,1.0,PR,snacks_per_day,3,12.0
FEDXA08,M,1.0,PR,snacks_per_day,4,16.0
FEDXA08,M,1.0,PR,snacks_per_day,5,11.0
FEDXA08,M,1.0,PR,snacks_per_day,6,14.0
FEDXA08,M,1.0,PR,snacks_per_day,7,11.0
FEDXA09,M,1.0,PR,snacks_per_day,1,6.0
FEDXA09,M,1.0,PR,snacks_per_day,2,18.0
FEDXA09,M,1.0,PR,snacks_per_day,3,20.0
FEDXA09,M,1.0,PR,snacks_per_day,4,24.0
FEDXA09,M,1.0,PR,snacks_per_day,5,20.0
FEDXA09,M,1.0,PR,snacks_per_day,6,18.0
FEDXA09,M,1.0,PR,snacks_per_day,7,11.0
FEDXA10,M,1.0,PR,snacks_per_day,1,9.0
FEDXA10,M,1.0,PR,snacks_per_day,2,6.0
FEDXA10,M,1.0,PR,snacks_per_day,3,10.0
FEDXA10,M,1.0,PR,snacks_per_day,4,18.0
FEDXA10,M,1.0,PR,snacks_per_day,5,16.0
FEDXA10,M,1.0,PR,snacks_per_day,6,12.0
FEDXA10,M,1.0,PR,snacks_per_day,7,9.0
FEDXA11,M,1.0,PR,snacks_per_day,1,26.0
FEDXA11,M,1.0,PR,snacks_per_day,2,25.0
FEDXA11,M,1.0,PR,snacks_per_day,3,35.0
FEDXA11,M,1.0,PR,snacks_per_day,4,37.0
FEDXA11,M,1.0,PR,snacks_per_day,5,46.0
FEDXA11,M,1.0,PR,snacks_per_day,6,39.0
FEDXA11,M,1.0,PR,snacks_per_day,7,37.0
FEDXA12,M,1.0,PR,snacks_per_day,1,13.0
FEDXA12,M,1.0,PR,snacks_per_day,2,21.0
FEDXA12,M,1.0,PR,snacks_per_day,3,31.0
FEDXA12,M,1.0,PR,snacks_per_day,4,27.0
FEDXA12,M,1.0,PR,snacks_per_day,5,21.0
FEDXA12,M,1.0,PR,snacks_per_day,6,15.0
FEDXA12,M,1.0,PR,snacks_per_day,7,15.0
FEDXB01,F,2.0,PR,snacks_per_day,1,16.0
FEDXB01,F,2.0,PR,snacks_per_day,2,24.0
FEDXB01,F,2.0,PR,snacks_per_day,3,32.0
FEDXB01,F,2.0,PR,snacks_per_day,4,35.0
FEDXB01,F,2.0,PR,snacks_per_day,5,34.0
FEDXB01,F,2.0,PR,snacks_per_day,6,41.0
FEDXB01,F,2.0,PR,snacks_per_day,7,26.0
FEDXB02,F,2.0,PR,snacks_per_day,1,36.0
FEDXB02,F,2.0,PR,snacks_per_day,2,61.0
FEDXB02,F,2.0,PR,snacks_per_day,3,70.0
FEDXB02,F,2.0,PR,snacks_per_day,4,22.0
FEDXB02,F,2.0,PR,snacks_per_day,5,27.0
FEDXB02,F,2.0,PR,snacks_per_day,6,21.0
FEDXB02,F,2.0,PR,snacks_per_day,7,17.0
FEDXB03,F,2.0,PR,snacks_per_day,1,23.0
FEDXB03,F,2.0,PR,snacks_per_day,2,31.0
FEDXB03,F,2.0,PR,snacks_per_day,3,44.0
FEDXB03,F,2.0,PR,snacks_per_day,4,49.0
FEDXB03,F,2.0,PR,snacks_per_day,5,33.0
FEDXB03,F,2.0,PR,snacks_per_day,6,28.0
FEDXB03,F,2.0,PR,snacks_per_day,7,30.0
FEDXB04,F,2.0,PR,snacks_per_day,1,35.0
FEDXB04,F,2.0,PR,snacks_per_day,2,53.0
FEDXB04,F,2.0,PR,snacks_per_day,3,55.0
FEDXB04,F,2.0,PR,snacks_per_day,4,45.0
FEDXB04,F,2.0,PR,snacks_per_day,5,42.0
FEDXB04,F,2.0,PR,snacks_per_day,6,32.0
FEDXB04,F,2.0,PR,snacks_per_day,7,18.0
FEDXB05,F,2.0,PR,snacks_per_day,1,29.0
FEDXB05,F,2.0,PR,snacks_per_day,2,53.0
FEDXB05,F,2.0,PR,snacks_per_day,3,30.0
FEDXB05,F,2.0,PR,snacks_per_day,4,35.0
FEDXB05,F,2.0,PR,snacks_per_day,5,26.0
FEDXB05,F,2.0,PR,snacks_per_day,6,18.0
FEDXB05,F,2.0,PR,snacks_per_day,7,23.0
FEDXB06,F,2.0,PR,snacks_per_day,1,22.0
FEDXB06,F,2.0,PR,snacks_per_day,2,16.0
FEDXB06,F,2.0,PR,snacks_per_day,3,25.0
FEDXB06,F,2.0,PR,snacks_per_day,4,36.0
FEDXB06,F,2.0,PR,snacks_per_day,5,24.0
FEDXB06,F,2.0,PR,snacks_per_day,6,13.0
FEDXB06,F,2.0,PR,snacks_per_day,7,22.0
FEDXB07,F,1.0,PR,snacks_per_day,1,9.0
FEDXB07,F,1.0,PR,snacks_per_day,2,22.0
FEDXB07,F,1.0,PR,snacks_per_day,3,18.0
FEDXB07,F,1.0,PR,snacks_per_day,4,18.0
FEDXB07,F,1.0,PR,snacks_per_day,5,21.0
FEDXB07,F,1.0,PR,snacks_per_day,6,29.0
FEDXB07,F,1.0,PR,snacks_per_day,7,15.0
FEDXB08,F,1.0,PR,snacks_per_day,1,15.0
FEDXB08,F,1.0,PR,snacks_per_day,2,11.0
FEDXB08,F,1.0,PR,snacks_per_day,3,4.0
FEDXB08,F,1.0,PR,snacks_per_day,4,6.0
FEDXB08,F,1.0,PR,snacks_per_day,5,4.0
FEDXB08,F,1.0,PR,snacks_per_day,6,9.0
FEDXB08,F,1.0,PR,snacks_per_day,7,8.0
FEDXB10,F,1.0,PR,snacks_per_day,1,24.0
FEDXB10,F,1.0,PR,snacks_per_day,2,25.0
FEDXB10,F,1.0,PR,snacks_per_day,3,31.0
FEDXB10,F,1.0,PR,snacks_per_day,4,34.0
FEDXB10,F,1.0,PR,snacks_per_day,5,29.0
FEDXB10,F,1.0,PR,snacks_per_day,6,34.0
FEDXB10,F,1.0,PR,snacks_per_day,7,47.0
FEDXB11,F,1.0,PR,snacks_per_day,1,42.0
FEDXB11,F,1.0,PR,snacks_per_day,2,67.0
FEDXB11,F,1.0,PR,snacks_per_day,3,38.0
FEDXB11,F,1.0,PR,snacks_per_day,4,40.0
FEDXB11,F,1.0,PR,snacks_per_day,5,38.0
FEDXB11,F,1.0,PR,snacks_per_day,6,41.0
FEDXB11,F,1.0,PR,snacks_per_day,7,51.0
FEDXB12,F,1.0,PR,snacks_per_day,1,8.0
FEDXB12,F,1.0,PR,snacks_per_day,2,3.0
FEDXB12,F,1.0,PR,snacks_per_day,3,5.0
FEDXB12,F,1.0,PR,snacks_per_day,4,2.0
FEDXB12,F,1.0,PR,snacks_per_day,5,7.0
FEDXB12,F,1.0,PR,snacks_per_day,6,3.0
FEDXB12,F,1.0,PR,snacks_per_day,7,6.0
