"contrast","estimate","SE","df","t.ratio","p.value","contrast_pretty"
"NR X0 Order1 F - PR X0 Order1 F",5.2,2.65164629431895,19,1.96104586465427,1,"NANA OrderNA SexNA - NANA OrderNA SexNA"
"NR X0 Order1 F - NR X1 Order1 F",0.400000000000001,1.56507944980775,19,0.25557807947011,1,"NANA OrderNA SexNA - NANA OrderNA SexNA"
"NR X0 Order1 F - PR X1 Order1 F",2,2.39333870888318,19,0.835652719181263,1,"NANA OrderNA SexNA - NANA OrderNA SexNA"
"NR X0 Order1 F - NR X2 Order1 F",1.20000000000001,1.89866065443558,19,0.632024473249925,1,"NANA OrderNA SexNA - NANA OrderNA SexNA"
"NR X0 Order1 F - PR X2 Order1 F",2.8,2.39363190240491,19,1.16977050530903,1,"NANA OrderNA SexNA - NANA OrderNA SexNA"
"NR X0 Order1 F - NR X3 Order1 F",1.2,1.6123427435899,19,0.744258629110203,1,"NANA OrderNA SexNA - NANA OrderNA SexNA"
"NR X0 Order1 F - PR X3 Order1 F",2.6,2.24905438218712,19,1.15604141037781,1,"NANA OrderNA SexNA - NANA OrderNA SexNA"
"NR X0 Order1 F - NR X4 Order1 F",-0.800000000000001,2.466548124226,19,-0.324339911369473,1,"NANA OrderNA SexNA - NANA OrderNA SexNA"
"NR X0 Order1 F - PR X4 Order1 F",1.4,2.4434660455569,19,0.572956600950402,1,"NANA OrderNA SexNA - NANA OrderNA SexNA"
"NR X0 Order1 F - NR X5 Order1 F",-1.4,3.28638872886227,19,-0.425999513601261,1,"NANA OrderNA SexNA - NANA OrderNA SexNA"
"NR X0 Order1 F - PR X5 Order1 F",1.8,2.1787651419691,19,0.826156048362889,1,"NANA OrderNA SexNA - NANA OrderNA SexNA"
"NR X0 Order1 F - NR X6 Order1 F",-2.2,2.86748254403595,19,-0.767223502223494,1,"NANA OrderNA SexNA - NANA OrderNA SexNA"
"NR X0 Order1 F - PR X6 Order1 F",3,1.70499781344718,19,1.75953304827681,1,"NANA OrderNA SexNA - NANA OrderNA SexNA"
"NR X0 Order1 F - NR X0 Order2 F",2.96666666666667,3.4710077408214,19,0.854698948601197,1,"NANA OrderNA SexNA - NANA OrderNA SexNA"
"NR X0 Order1 F - PR X0 Order2 F",7.13333333333333,2.7498431640551,19,2.59408733798987,1,"NANA OrderNA SexNA - NANA OrderNA SexNA"
"NR X0 Order1 F - NR X1 Order2 F",0.800000000000001,3.40496713193984,19,0.2349508729455,1,"NANA OrderNA SexNA - NANA OrderNA SexNA"
"NR X0 Order1 F - PR X1 Order2 F",7.63333333333333,2.82784814765553,19,2.6993434352767,1,"NANA OrderNA SexNA - NANA OrderNA SexNA"
"NR X0 Order1 F - NR X2 Order2 F",2.96666666666667,3.1864937925655,19,0.931012849793803,1,"NANA OrderNA SexNA - NANA OrderNA SexNA"
"NR X0 Order1 F - PR X2 Order2 F",6.3,2.86870592501402,19,2.1961121720656,1,"NANA OrderNA SexNA - NANA OrderNA SexNA"
"NR X0 Order1 F - NR X3 Order2 F",2.80000000000001,3.3232654975568,19,0.842544780746079,1,"NANA OrderNA SexNA - NANA OrderNA SexNA"
"NR X0 Order1 F - PR X3 Order2 F",7.63333333333333,2.92517805725851,19,2.60952775657265,1,"NANA OrderNA SexNA - NANA OrderNA SexNA"
"NR X0 Order1 F - NR X4 Order2 F",2.13333333333333,3.3613210992352,19,0.63467109221393,1,"NANA OrderNA SexNA - NANA OrderNA SexNA"
"NR X0 Order1 F - PR X4 Order2 F",6.3,3.03371888816312,19,2.07665912111408,1,"NANA OrderNA SexNA - NANA OrderNA SexNA"
"NR X0 Order1 F - NR X5 Order2 F",0.966666666666669,3.49053859012084,19,0.276939114611881,1,"NANA OrderNA SexNA - NANA OrderNA SexNA"
"NR X0 Order1 F - PR X5 Order2 F",5.13333333333334,3.06340406157014,19,1.67569580445821,1,"NANA OrderNA SexNA - NANA OrderNA SexNA"
"NR X0 Order1 F - NR X6 Order2 F",-1.53333333333333,3.50854429086134,19,-0.437028353134143,1,"NANA OrderNA SexNA - NANA OrderNA SexNA"
"NR X0 Order1 F - PR X6 Order2 F",4.96666666666667,3.1580584752872,19,1.57269623267979,1,"NANA OrderNA SexNA - NANA OrderNA SexNA"
"NR X0 Order1 F - NR X0 Order1 M",2.13333333333334,3.4710077408214,19,0.614614974275019,1,"NANA OrderNA SexNA - NANA OrderNA SexNA"
"NR X0 Order1 F - PR X0 Order1 M",5.3,2.7498431640551,19,1.92738264831957,1,"NANA OrderNA SexNA - NANA OrderNA SexNA"
"NR X0 Order1 F - NR X1 Order1 M",0.800000000000003,3.40496713193984,19,0.2349508729455,1,"NANA OrderNA SexNA - NANA OrderNA SexNA"
"NR X0 Order1 F - PR X1 Order1 M",5.13333333333333,2.82784814765553,19,1.81527899140878,1,"NANA OrderNA SexNA - NANA OrderNA SexNA"
"NR X0 Order1 F - NR X2 Order1 M",1.96666666666667,3.1864937925655,19,0.617188293683533,1,"NANA OrderNA SexNA - NANA OrderNA SexNA"
"NR X0 Order1 F - PR X2 Order1 M",3.8,2.86870592501402,19,1.32463908791259,1,"NANA OrderNA SexNA - NANA OrderNA SexNA"
"NR X0 Order1 F - NR X3 Order1 M",0.466666666666673,3.3232654975568,19,0.140424130124348,1,"NANA OrderNA SexNA - NANA OrderNA SexNA"
"NR X0 Order1 F - PR X3 Order1 M",1.13333333333333,2.92517805725851,19,0.387440802285895,1,"NANA OrderNA SexNA - NANA OrderNA SexNA"
"NR X0 Order1 F - NR X4 Order1 M",0.633333333333334,3.3613210992352,19,0.188417980501011,1,"NANA OrderNA SexNA - NANA OrderNA SexNA"
"NR X0 Order1 F - PR X4 Order1 M",-0.533333333333331,3.03371888816312,19,-0.175801830358863,1,"NANA OrderNA SexNA - NANA OrderNA SexNA"
"NR X0 Order1 F - NR X5 Order1 M",0.46666666666667,3.49053859012084,19,0.133694744985046,1,"NANA OrderNA SexNA - NANA OrderNA SexNA"
"NR X0 Order1 F - PR X5 Order1 M",-0.866666666666665,3.06340406157014,19,-0.282909681272165,1,"NANA OrderNA SexNA - NANA OrderNA SexNA"
"NR X0 Order1 F - NR X6 Order1 M",0.133333333333337,3.50854429086134,19,0.0380024654899267,1,"NANA OrderNA SexNA - NANA OrderNA SexNA"
"NR X0 Order1 F - PR X6 Order1 M",0.466666666666668,3.1580584752872,19,0.147770115822263,1,"NANA OrderNA SexNA - NANA OrderNA SexNA"
"NR X0 Order1 F - NR X0 Order2 M",-10.5333333333333,3.4710077408214,19,-3.0346614354829,1,"NANA OrderNA SexNA - NANA OrderNA SexNA"
"NR X0 Order1 F - PR X0 Order2 M",5.96666666666667,2.7498431640551,19,2.16982071729059,1,"NANA OrderNA SexNA - NANA OrderNA SexNA"
"NR X0 Order1 F - NR X1 Order2 M",-6.86666666666667,3.40496713193984,19,-2.01666165944887,1,"NANA OrderNA SexNA - NANA OrderNA SexNA"
"NR X0 Order1 F - PR X1 Order2 M",8.3,2.82784814765553,19,2.93509395364147,1,"NANA OrderNA SexNA - NANA OrderNA SexNA"
"NR X0 Order1 F - NR X2 Order2 M",-3.69999999999999,3.1864937925655,19,-1.161150857608,1,"NANA OrderNA SexNA - NANA OrderNA SexNA"
"NR X0 Order1 F - PR X2 Order2 M",7.3,2.86870592501402,19,2.54470140572681,1,"NANA OrderNA SexNA - NANA OrderNA SexNA"
"NR X0 Order1 F - NR X3 Order2 M",-6.53333333333333,3.3232654975568,19,-1.96593782174084,1,"NANA OrderNA SexNA - NANA OrderNA SexNA"
"NR X0 Order1 F - PR X3 Order2 M",6.46666666666667,2.92517805725851,19,2.21069163657246,1,"NANA OrderNA SexNA - NANA OrderNA SexNA"
"NR X0 Order1 F - NR X4 Order2 M",-4.7,3.3613210992352,19,-1.39825975003382,1,"NANA OrderNA SexNA - NANA OrderNA SexNA"
"NR X0 Order1 F - PR X4 Order2 M",2.8,3.03371888816312,19,0.922959609384036,1,"NANA OrderNA SexNA - NANA OrderNA SexNA"
"NR X0 Order1 F - NR X5 Order2 M",-3.03333333333333,3.49053859012084,19,-0.869015842402795,1,"NANA OrderNA SexNA - NANA OrderNA SexNA"
"NR X0 Order1 F - PR X5 Order2 M",0.800000000000004,3.06340406157014,19,0.261147398097385,1,"NANA OrderNA SexNA - NANA OrderNA SexNA"
"NR X0 Order1 F - NR X6 Order2 M",-5.7,3.50854429086134,19,-1.62460539969432,1,"NANA OrderNA SexNA - NANA OrderNA SexNA"
"NR X0 Order1 F - PR X6 Order2 M",-1.36666666666667,3.1580584752872,19,-0.432755339193768,1,"NANA OrderNA SexNA - NANA OrderNA SexNA"
"PR X0 Order1 F - NR X1 Order1 F",-4.8,2.72313029370451,19,-1.76267731701891,1,"NANA OrderNA SexNA - NANA OrderNA SexNA"
"PR X0 Order1 F - PR X1 Order1 F",-3.2,1.23316736673736,19,-2.5949437897196,1,"NANA OrderNA SexNA - NANA OrderNA SexNA"
"PR X0 Order1 F - NR X2 Order1 F",-3.99999999999999,2.29759599765082,19,-1.74095010789095,1,"NANA OrderNA SexNA - NANA OrderNA SexNA"
"PR X0 Order1 F - PR X2 Order1 F",-2.4,1.28500119462024,19,-1.86770254381692,1,"NANA OrderNA SexNA - NANA OrderNA SexNA"
"PR X0 Order1 F - NR X3 Order1 F",-4,2.3966350679907,19,-1.66900670587013,1,"NANA OrderNA SexNA - NANA OrderNA SexNA"
"PR X0 Order1 F - PR X3 Order1 F",-2.6,1.55946459548186,19,-1.66723887642773,1,"NANA OrderNA SexNA - NANA OrderNA SexNA"
"PR X0 Order1 F - NR X4 Order1 F",-6,2.6211019512023,19,-2.28911355288863,1,"NANA OrderNA SexNA - NANA OrderNA SexNA"
"PR X0 Order1 F - PR X4 Order1 F",-3.8,2.09586058194417,19,-1.8130976996929,1,"NANA OrderNA SexNA - NANA OrderNA SexNA"
"PR X0 Order1 F - NR X5 Order1 F",-6.6,2.87066225014124,19,-2.29912104765208,1,"NANA OrderNA SexNA - NANA OrderNA SexNA"
"PR X0 Order1 F - PR X5 Order1 F",-3.4,1.93816697631297,19,-1.75423482163952,1,"NANA OrderNA SexNA - NANA OrderNA SexNA"
"PR X0 Order1 F - NR X6 Order1 F",-7.4,2.78473281341411,19,-2.65734650173764,1,"NANA OrderNA SexNA - NANA OrderNA SexNA"
"PR X0 Order1 F - PR X6 Order1 F",-2.2,1.91338773686332,19,-1.14979309086956,1,"NANA OrderNA SexNA - NANA OrderNA SexNA"
"PR X0 Order1 F - NR X0 Order2 F",-2.23333333333333,2.58154720369632,19,-0.865114273384423,1,"NANA OrderNA SexNA - NANA OrderNA SexNA"
"PR X0 Order1 F - PR X0 Order2 F",1.93333333333333,1.47584845257593,19,1.30998093331258,1,"NANA OrderNA SexNA - NANA OrderNA SexNA"
"PR X0 Order1 F - NR X1 Order2 F",-4.4,2.49204582575458,19,-1.76561761205483,1,"NANA OrderNA SexNA - NANA OrderNA SexNA"
"PR X0 Order1 F - PR X1 Order2 F",2.43333333333333,1.6165445784973,19,1.50526831471317,1,"NANA OrderNA SexNA - NANA OrderNA SexNA"
"PR X0 Order1 F - NR X2 Order2 F",-2.23333333333333,2.18408651800442,19,-1.02254801488995,1,"NANA OrderNA SexNA - NANA OrderNA SexNA"
"PR X0 Order1 F - PR X2 Order2 F",1.1,1.6869987884645,19,0.652045518658146,1,"NANA OrderNA SexNA - NANA OrderNA SexNA"
"PR X0 Order1 F - NR X3 Order2 F",-2.4,2.37919835140361,19,-1.00874313341051,1,"NANA OrderNA SexNA - NANA OrderNA SexNA"
"PR X0 Order1 F - PR X3 Order2 F",2.43333333333333,1.78133598592092,19,1.36601592993438,1,"NANA OrderNA SexNA - NANA OrderNA SexNA"
"PR X0 Order1 F - NR X4 Order2 F",-3.06666666666667,2.43207129012164,19,-1.26092795023015,1,"NANA OrderNA SexNA - NANA OrderNA SexNA"
"PR X0 Order1 F - PR X4 Order2 F",1.1,1.95446706814616,19,0.562813269114516,1,"NANA OrderNA SexNA - NANA OrderNA SexNA"
"PR X0 Order1 F - NR X5 Order2 F",-4.23333333333333,2.60774823884381,19,-1.62336734439144,1,"NANA OrderNA SexNA - NANA OrderNA SexNA"
"PR X0 Order1 F - PR X5 Order2 F",-0.0666666666666638,2.00023390445083,19,-0.0333294353816922,1,"NANA OrderNA SexNA - NANA OrderNA SexNA"
"PR X0 Order1 F - NR X6 Order2 F",-6.73333333333333,2.63180057546271,19,-2.55845119729466,1,"NANA OrderNA SexNA - NANA OrderNA SexNA"
"PR X0 Order1 F - PR X6 Order2 F",-0.233333333333334,2.1423875843095,19,-0.108912754649172,1,"NANA OrderNA SexNA - NANA OrderNA SexNA"
"PR X0 Order1 F - NR X0 Order1 M",-3.06666666666666,2.58154720369632,19,-1.18791810673682,1,"NANA OrderNA SexNA - NANA OrderNA SexNA"
"PR X0 Order1 F - PR X0 Order1 M",0.1,1.47584845257593,19,0.0677576344816849,1,"NANA OrderNA SexNA - NANA OrderNA SexNA"
"PR X0 Order1 F - NR X1 Order1 M",-4.4,2.49204582575458,19,-1.76561761205483,1,"NANA OrderNA SexNA - NANA OrderNA SexNA"
"PR X0 Order1 F - PR X1 Order1 M",-0.0666666666666665,1.6165445784973,19,-0.0412402278003606,1,"NANA OrderNA SexNA - NANA OrderNA SexNA"
"PR X0 Order1 F - NR X2 Order1 M",-3.23333333333333,2.18408651800442,19,-1.48040533498994,1,"NANA OrderNA SexNA - NANA OrderNA SexNA"
"PR X0 Order1 F - PR X2 Order1 M",-1.4,1.6869987884645,19,-0.829876114655821,1,"NANA OrderNA SexNA - NANA OrderNA SexNA"
"PR X0 Order1 F - NR X3 Order1 M",-4.73333333333333,2.37919835140361,19,-1.98946562422629,1,"NANA OrderNA SexNA - NANA OrderNA SexNA"
"PR X0 Order1 F - PR X3 Order1 M",-4.06666666666667,1.78133598592092,19,-2.2829307322191,1,"NANA OrderNA SexNA - NANA OrderNA SexNA"
"PR X0 Order1 F - NR X4 Order1 M",-4.56666666666667,2.43207129012164,19,-1.87768618675576,1,"NANA OrderNA SexNA - NANA OrderNA SexNA"
"PR X0 Order1 F - PR X4 Order1 M",-5.73333333333333,1.95446706814616,19,-2.93345097841505,1,"NANA OrderNA SexNA - NANA OrderNA SexNA"
"PR X0 Order1 F - NR X5 Order1 M",-4.73333333333333,2.60774823884381,19,-1.81510364491012,1,"NANA OrderNA SexNA - NANA OrderNA SexNA"
"PR X0 Order1 F - PR X5 Order1 M",-6.06666666666667,2.00023390445083,19,-3.03297861973412,1,"NANA OrderNA SexNA - NANA OrderNA SexNA"
"PR X0 Order1 F - NR X6 Order1 M",-5.06666666666666,2.63180057546271,19,-1.92517119796429,1,"NANA OrderNA SexNA - NANA OrderNA SexNA"
"PR X0 Order1 F - PR X6 Order1 M",-4.73333333333333,2.1423875843095,19,-2.2093730228832,1,"NANA OrderNA SexNA - NANA OrderNA SexNA"
"PR X0 Order1 F - NR X0 Order2 M",-15.7333333333333,2.58154720369632,19,-6.09453637369326,0.011151074049332,"NANA OrderNA SexNA - NANA OrderNA SexNA"
"PR X0 Order1 F - PR X0 Order2 M",0.766666666666667,1.47584845257593,19,0.519475197692918,1,"NANA OrderNA SexNA - NANA OrderNA SexNA"
"PR X0 Order1 F - NR X1 Order2 M",-12.0666666666667,2.49204582575458,19,-4.84207254215036,0.16758730790578,"NANA OrderNA SexNA - NANA OrderNA SexNA"
"PR X0 Order1 F - PR X1 Order2 M",3.1,1.6165445784973,19,1.91767059271677,1,"NANA OrderNA SexNA - NANA OrderNA SexNA"
"PR X0 Order1 F - NR X2 Order2 M",-8.9,2.18408651800442,19,-4.07493014888983,0.924601410434356,"NANA OrderNA SexNA - NANA OrderNA SexNA"
"PR X0 Order1 F - PR X2 Order2 M",2.1,1.6869987884645,19,1.24481417198373,1,"NANA OrderNA SexNA - NANA OrderNA SexNA"
"PR X0 Order1 F - NR X3 Order2 M",-11.7333333333333,2.37919835140361,19,-4.93163309667362,0.137278052435687,"NANA OrderNA SexNA - NANA OrderNA SexNA"
"PR X0 Order1 F - PR X3 Order2 M",1.26666666666667,1.78133598592092,19,0.711076785445294,1,"NANA OrderNA SexNA - NANA OrderNA SexNA"
"PR X0 Order1 F - NR X4 Order2 M",-9.9,2.43207129012164,19,-4.07060436106907,0.933128588576009,"NANA OrderNA SexNA - NANA OrderNA SexNA"
"PR X0 Order1 F - PR X4 Order2 M",-2.4,1.95446706814616,19,-1.22795622352258,1,"NANA OrderNA SexNA - NANA OrderNA SexNA"
"PR X0 Order1 F - NR X5 Order2 M",-8.23333333333333,2.60774823884381,19,-3.15725774854084,1,"NANA OrderNA SexNA - NANA OrderNA SexNA"
"PR X0 Order1 F - PR X5 Order2 M",-4.4,2.00023390445083,19,-2.19974273519178,1,"NANA OrderNA SexNA - NANA OrderNA SexNA"
"PR X0 Order1 F - NR X6 Order2 M",-10.9,2.63180057546271,19,-4.14165119562056,0.799498210042865,"NANA OrderNA SexNA - NANA OrderNA SexNA"
"PR X0 Order1 F - PR X6 Order2 M",-6.56666666666667,2.1423875843095,19,-3.0651160951267,1,"NANA OrderNA SexNA - NANA OrderNA SexNA"
"NR X1 Order1 F - PR X1 Order1 F",1.6,2.1378789291701,19,0.748405336789163,1,"NANA OrderNA SexNA - NANA OrderNA SexNA"
"NR X1 Order1 F - NR X2 Order1 F",0.800000000000005,1.33495515398754,19,0.599271067354126,1,"NANA OrderNA SexNA - NANA OrderNA SexNA"
"NR X1 Order1 F - PR X2 Order1 F",2.4,2.18013358676489,19,1.10084997294196,1,"NANA OrderNA SexNA - NANA OrderNA SexNA"
"NR X1 Order1 F - NR X3 Order1 F",0.800000000000003,1.16739325745177,19,0.685287494075708,1,"NANA OrderNA SexNA - NANA OrderNA SexNA"
"NR X1 Order1 F - PR X3 Order1 F",2.2,1.90373593922996,19,1.15562245512362,1,"NANA OrderNA SexNA - NANA OrderNA SexNA"
"NR X1 Order1 F - NR X4 Order1 F",-1.2,1.63449654247674,19,-0.734171023807521,1,"NANA OrderNA SexNA - NANA OrderNA SexNA"
"NR X1 Order1 F - PR X4 Order1 F",1,1.80107180565429,19,0.55522494820062,1,"NANA OrderNA SexNA - NANA OrderNA SexNA"
"NR X1 Order1 F - NR X5 Order1 F",-1.8,2.41878612444124,19,-0.744174932132874,1,"NANA OrderNA SexNA - NANA OrderNA SexNA"
"NR X1 Order1 F - PR X5 Order1 F",1.4,2.10062647297119,19,0.666467845670726,1,"NANA OrderNA SexNA - NANA OrderNA SexNA"
"NR X1 Order1 F - NR X6 Order1 F",-2.6,2.33666428910958,19,-1.11269728052837,1,"NANA OrderNA SexNA - NANA OrderNA SexNA"
"NR X1 Order1 F - PR X6 Order1 F",2.6,1.66343546429059,19,1.56303028029334,1,"NANA OrderNA SexNA - NANA OrderNA SexNA"
"NR X1 Order1 F - NR X0 Order2 F",2.56666666666667,3.39160470222288,19,0.756770582663852,1,"NANA OrderNA SexNA - NANA OrderNA SexNA"
"NR X1 Order1 F - PR X0 Order2 F",6.73333333333333,2.64891018084774,19,2.54192587654234,1,"NANA OrderNA SexNA - NANA OrderNA SexNA"
"NR X1 Order1 F - NR X1 Order2 F",0.399999999999999,3.32398689661811,19,0.120337417818033,1,"NANA OrderNA SexNA - NANA OrderNA SexNA"
"NR X1 Order1 F - PR X1 Order2 F",7.23333333333333,2.72980088385528,19,2.64976591373864,1,"NANA OrderNA SexNA - NANA OrderNA SexNA"
"NR X1 Order1 F - NR X2 Order2 F",2.56666666666667,3.09981135060776,19,0.828007377340378,1,"NANA OrderNA SexNA - NANA OrderNA SexNA"
"NR X1 Order1 F - PR X2 Order2 F",5.9,2.77210414730558,19,2.12834716391686,1,"NANA OrderNA SexNA - NANA OrderNA SexNA"
"NR X1 Order1 F - NR X3 Order2 F",2.4,3.24024401651322,19,0.740684956987471,1,"NANA OrderNA SexNA - NANA OrderNA SexNA"
"NR X1 Order1 F - PR X3 Order2 F",7.23333333333333,2.83050426354827,19,2.55549282383548,1,"NANA OrderNA SexNA - NANA OrderNA SexNA"
"NR X1 Order1 F - NR X4 Order2 F",1.73333333333333,3.27926321777652,19,0.52857401746134,1,"NANA OrderNA SexNA - NANA OrderNA SexNA"
"NR X1 Order1 F - PR X4 Order2 F",5.9,2.94253938150297,19,2.00507087078863,1,"NANA OrderNA SexNA - NANA OrderNA SexNA"
"NR X1 Order1 F - NR X5 Order2 F",0.566666666666668,3.41159015246865,19,0.166100452088779,1,"NANA OrderNA SexNA - NANA OrderNA SexNA"
"NR X1 Order1 F - PR X5 Order2 F",4.73333333333334,2.97313507324216,19,1.59203440702467,1,"NANA OrderNA SexNA - NANA OrderNA SexNA"
"NR X1 Order1 F - NR X6 Order2 F",-1.93333333333333,3.43001031488739,19,-0.563652337995025,1,"NANA OrderNA SexNA - NANA OrderNA SexNA"
"NR X1 Order1 F - PR X6 Order2 F",4.56666666666667,3.07057340779073,19,1.48723578960204,1,"NANA OrderNA SexNA - NANA OrderNA SexNA"
"NR X1 Order1 F - NR X0 Order1 M",1.73333333333334,3.39160470222288,19,0.511065848032732,1,"NANA OrderNA SexNA - NANA OrderNA SexNA"
"NR X1 Order1 F - PR X0 Order1 M",4.9,2.64891018084774,19,1.84981734580061,1,"NANA OrderNA SexNA - NANA OrderNA SexNA"
"NR X1 Order1 F - NR X1 Order1 M",0.400000000000002,3.32398689661811,19,0.120337417818033,1,"NANA OrderNA SexNA - NANA OrderNA SexNA"
"NR X1 Order1 F - PR X1 Order1 M",4.73333333333333,2.72980088385528,19,1.73394820161699,1,"NANA OrderNA SexNA - NANA OrderNA SexNA"
"NR X1 Order1 F - NR X2 Order1 M",1.56666666666667,3.09981135060776,19,0.505407100454517,1,"NANA OrderNA SexNA - NANA OrderNA SexNA"
"NR X1 Order1 F - PR X2 Order1 M",3.4,2.77210414730558,19,1.22650514530802,1,"NANA OrderNA SexNA - NANA OrderNA SexNA"
"NR X1 Order1 F - NR X3 Order1 M",0.0666666666666718,3.24024401651322,19,0.0205745821385424,1,"NANA OrderNA SexNA - NANA OrderNA SexNA"
"NR X1 Order1 F - PR X3 Order1 M",0.733333333333332,2.83050426354827,19,0.259082221771339,1,"NANA OrderNA SexNA - NANA OrderNA SexNA"
"NR X1 Order1 F - NR X4 Order1 M",0.233333333333333,3.27926321777652,19,0.0711541946582572,1,"NANA OrderNA SexNA - NANA OrderNA SexNA"
"NR X1 Order1 F - PR X4 Order1 M",-0.933333333333333,2.94253938150297,19,-0.317186352441139,1,"NANA OrderNA SexNA - NANA OrderNA SexNA"
"NR X1 Order1 F - NR X5 Order1 M",0.0666666666666684,3.41159015246865,19,0.0195412296575039,1,"NANA OrderNA SexNA - NANA OrderNA SexNA"
"NR X1 Order1 F - PR X5 Order1 M",-1.26666666666667,2.97313507324216,19,-0.426037376527728,1,"NANA OrderNA SexNA - NANA OrderNA SexNA"
"NR X1 Order1 F - NR X6 Order1 M",-0.266666666666664,3.43001031488739,19,-0.0777451500682786,1,"NANA OrderNA SexNA - NANA OrderNA SexNA"
"NR X1 Order1 F - PR X6 Order1 M",0.0666666666666667,3.07057340779073,19,0.0217114713810516,1,"NANA OrderNA SexNA - NANA OrderNA SexNA"
"NR X1 Order1 F - NR X0 Order2 M",-10.9333333333333,3.39160470222288,19,-3.2236461183603,1,"NANA OrderNA SexNA - NANA OrderNA SexNA"
"NR X1 Order1 F - PR X0 Order2 M",5.56666666666667,2.64891018084774,19,2.10149317516124,1,"NANA OrderNA SexNA - NANA OrderNA SexNA"
"NR X1 Order1 F - NR X1 Order2 M",-7.26666666666667,3.32398689661811,19,-2.1861297570276,1,"NANA OrderNA SexNA - NANA OrderNA SexNA"
"NR X1 Order1 F - PR X1 Order2 M",7.9,2.72980088385528,19,2.89398397030441,1,"NANA OrderNA SexNA - NANA OrderNA SexNA"
"NR X1 Order1 F - NR X2 Order2 M",-4.1,3.09981135060776,19,-1.32266113523203,1,"NANA OrderNA SexNA - NANA OrderNA SexNA"
"NR X1 Order1 F - PR X2 Order2 M",6.9,2.77210414730558,19,2.4890839713604,1,"NANA OrderNA SexNA - NANA OrderNA SexNA"
"NR X1 Order1 F - NR X3 Order2 M",-6.93333333333333,3.24024401651322,19,-2.13975654240825,1,"NANA OrderNA SexNA - NANA OrderNA SexNA"
"NR X1 Order1 F - PR X3 Order2 M",6.06666666666667,2.83050426354827,19,2.14331656192653,1,"NANA OrderNA SexNA - NANA OrderNA SexNA"
"NR X1 Order1 F - NR X4 Order2 M",-5.1,3.27926321777652,19,-1.55522739753048,1,"NANA OrderNA SexNA - NANA OrderNA SexNA"
"NR X1 Order1 F - PR X4 Order2 M",2.4,2.94253938150297,19,0.815622049134358,1,"NANA OrderNA SexNA - NANA OrderNA SexNA"
"NR X1 Order1 F - NR X5 Order2 M",-3.43333333333333,3.41159015246865,19,-1.00637332736142,1,"NANA OrderNA SexNA - NANA OrderNA SexNA"
"NR X1 Order1 F - PR X5 Order2 M",0.400000000000002,2.97313507324216,19,0.134538118903494,1,"NANA OrderNA SexNA - NANA OrderNA SexNA"
"NR X1 Order1 F - NR X6 Order2 M",-6.1,3.43001031488739,19,-1.77842030781189,1,"NANA OrderNA SexNA - NANA OrderNA SexNA"
"NR X1 Order1 F - PR X6 Order2 M",-1.76666666666667,3.07057340779073,19,-0.575353991597869,1,"NANA OrderNA SexNA - NANA OrderNA SexNA"
"PR X1 Order1 F - NR X2 Order1 F",-0.799999999999995,2.01825006709608,19,-0.396382991901028,1,"NANA OrderNA SexNA - NANA OrderNA SexNA"
"PR X1 Order1 F - PR X2 Order1 F",0.799999999999999,1.15834122173257,19,0.690642778648082,1,"NANA OrderNA SexNA - NANA OrderNA SexNA"
"PR X1 Order1 F - NR X3 Order1 F",-0.799999999999996,2.09209036737497,19,-0.382392659741456,1,"NANA OrderNA SexNA - NANA OrderNA SexNA"
"PR X1 Order1 F - PR X3 Order1 F",0.599999999999999,1.06639250862717,19,0.562644612697455,1,"NANA OrderNA SexNA - NANA OrderNA SexNA"
"PR X1 Order1 F - NR X4 Order1 F",-2.8,2.19521009664703,19,-1.27550433750133,1,"NANA OrderNA SexNA - NANA OrderNA SexNA"
"PR X1 Order1 F - PR X4 Order1 F",-0.599999999999999,1.62664222012116,19,-0.368858002440947,1,"NANA OrderNA SexNA - NANA OrderNA SexNA"
"PR X1 Order1 F - NR X5 Order1 F",-3.4,2.48193472919817,19,-1.36989903884315,1,"NANA OrderNA SexNA - NANA OrderNA SexNA"
"PR X1 Order1 F - PR X5 Order1 F",-0.199999999999998,1.85755923614551,19,-0.107668168049921,1,"NANA OrderNA SexNA - NANA OrderNA SexNA"
"PR X1 Order1 F - NR X6 Order1 F",-4.2,2.52489360554029,19,-1.66343642788911,1,"NANA OrderNA SexNA - NANA OrderNA SexNA"
"PR X1 Order1 F - PR X6 Order1 F",0.999999999999999,1.78296028234536,19,0.560864989479501,1,"NANA OrderNA SexNA - NANA OrderNA SexNA"
"PR X1 Order1 F - NR X0 Order2 F",0.966666666666669,2.68076318015415,19,0.360593831571159,1,"NANA OrderNA SexNA - NANA OrderNA SexNA"
"PR X1 Order1 F - PR X0 Order2 F",5.13333333333333,1.64323884999371,19,3.1239118606239,1,"NANA OrderNA SexNA - NANA OrderNA SexNA"
"PR X1 Order1 F - NR X1 Order2 F",-1.2,2.59468642822571,19,-0.462483630756329,1,"NANA OrderNA SexNA - NANA OrderNA SexNA"
"PR X1 Order1 F - PR X1 Order2 F",5.63333333333333,1.77068394622725,19,3.18144485656864,1,"NANA OrderNA SexNA - NANA OrderNA SexNA"
"PR X1 Order1 F - NR X2 Order2 F",0.96666666666667,2.30050846146815,19,0.420196962044538,1,"NANA OrderNA SexNA - NANA OrderNA SexNA"
"PR X1 Order1 F - PR X2 Order2 F",4.3,1.83523027858593,19,2.34303021815508,1,"NANA OrderNA SexNA - NANA OrderNA SexNA"
"PR X1 Order1 F - NR X3 Order2 F",0.800000000000004,2.48650157017435,19,0.321737178691549,1,"NANA OrderNA SexNA - NANA OrderNA SexNA"
"PR X1 Order1 F - PR X3 Order2 F",5.63333333333333,1.92230672835912,19,2.93050700506154,1,"NANA OrderNA SexNA - NANA OrderNA SexNA"
"PR X1 Order1 F - NR X4 Order2 F",0.133333333333333,2.53713933858427,19,0.0525526254335456,1,"NANA OrderNA SexNA - NANA OrderNA SexNA"
"PR X1 Order1 F - PR X4 Order2 F",4.3,2.08375785148508,19,2.06357950706,1,"NANA OrderNA SexNA - NANA OrderNA SexNA"
"PR X1 Order1 F - NR X5 Order2 F",-1.03333333333333,2.70600372142222,19,-0.381866929876296,1,"NANA OrderNA SexNA - NANA OrderNA SexNA"
"PR X1 Order1 F - PR X5 Order2 F",3.13333333333334,2.12674421021253,19,1.47330051178097,1,"NANA OrderNA SexNA - NANA OrderNA SexNA"
"PR X1 Order1 F - NR X6 Order2 F",-3.53333333333333,2.72919027042157,19,-1.2946452915456,1,"NANA OrderNA SexNA - NANA OrderNA SexNA"
"PR X1 Order1 F - PR X6 Order2 F",2.96666666666667,2.26095772286025,19,1.3121283236175,1,"NANA OrderNA SexNA - NANA OrderNA SexNA"
"PR X1 Order1 F - NR X0 Order1 M",0.133333333333339,2.68076318015415,19,0.0497370802167135,1,"NANA OrderNA SexNA - NANA OrderNA SexNA"
"PR X1 Order1 F - PR X0 Order1 M",3.3,1.64323884999371,19,2.00822905325822,1,"NANA OrderNA SexNA - NANA OrderNA SexNA"
"PR X1 Order1 F - NR X1 Order1 M",-1.2,2.59468642822571,19,-0.462483630756328,1,"NANA OrderNA SexNA - NANA OrderNA SexNA"
"PR X1 Order1 F - PR X1 Order1 M",3.13333333333333,1.77068394622725,19,1.76956104448196,1,"NANA OrderNA SexNA - NANA OrderNA SexNA"
"PR X1 Order1 F - NR X2 Order1 M",-0.0333333333333291,2.30050846146815,19,-0.014489550415327,1,"NANA OrderNA SexNA - NANA OrderNA SexNA"
"PR X1 Order1 F - PR X2 Order1 M",1.8,1.83523027858593,19,0.980803347134684,1,"NANA OrderNA SexNA - NANA OrderNA SexNA"
"PR X1 Order1 F - NR X3 Order1 M",-1.53333333333333,2.48650157017436,19,-0.616662925825464,1,"NANA OrderNA SexNA - NANA OrderNA SexNA"
"PR X1 Order1 F - PR X3 Order1 M",-0.866666666666667,1.92230672835912,19,-0.45084723154793,1,"NANA OrderNA SexNA - NANA OrderNA SexNA"
"PR X1 Order1 F - NR X4 Order1 M",-1.36666666666667,2.53713933858427,19,-0.538664410693845,1,"NANA OrderNA SexNA - NANA OrderNA SexNA"
"PR X1 Order1 F - PR X4 Order1 M",-2.53333333333333,2.08375785148508,19,-1.21575226772527,1,"NANA OrderNA SexNA - NANA OrderNA SexNA"
"PR X1 Order1 F - NR X5 Order1 M",-1.53333333333333,2.70600372142222,19,-0.566641250784181,1,"NANA OrderNA SexNA - NANA OrderNA SexNA"
"PR X1 Order1 F - PR X5 Order1 M",-2.86666666666667,2.12674421021253,19,-1.34791323418259,1,"NANA OrderNA SexNA - NANA OrderNA SexNA"
"PR X1 Order1 F - NR X6 Order1 M",-1.86666666666666,2.72919027042157,19,-0.683963550250503,1,"NANA OrderNA SexNA - NANA OrderNA SexNA"
"PR X1 Order1 F - PR X6 Order1 M",-1.53333333333333,2.26095772286025,19,-0.678178684116912,1,"NANA OrderNA SexNA - NANA OrderNA SexNA"
"PR X1 Order1 F - NR X0 Order2 M",-12.5333333333333,2.68076318015415,19,-4.67528554037088,0.242358049832577,"NANA OrderNA SexNA - NANA OrderNA SexNA"
"PR X1 Order1 F - PR X0 Order2 M",3.96666666666667,1.64323884999371,19,2.41393189230029,1,"NANA OrderNA SexNA - NANA OrderNA SexNA"
"PR X1 Order1 F - NR X1 Order2 M",-8.86666666666667,2.59468642822571,19,-3.41724016058843,1,"NANA OrderNA SexNA - NANA OrderNA SexNA"
"PR X1 Order1 F - PR X1 Order2 M",6.3,1.77068394622725,19,3.55794720645841,1,"NANA OrderNA SexNA - NANA OrderNA SexNA"
"PR X1 Order1 F - NR X2 Order2 M",-5.69999999999999,2.30050846146815,19,-2.47771312102123,1,"NANA OrderNA SexNA - NANA OrderNA SexNA"
"PR X1 Order1 F - PR X2 Order2 M",5.3,1.83523027858593,19,2.88792096656324,1,"NANA OrderNA SexNA - NANA OrderNA SexNA"
"PR X1 Order1 F - NR X3 Order2 M",-8.53333333333333,2.48650157017436,19,-3.4318632393765,1,"NANA OrderNA SexNA - NANA OrderNA SexNA"
"PR X1 Order1 F - PR X3 Order2 M",4.46666666666667,1.92230672835912,19,2.32359727028548,1,"NANA OrderNA SexNA - NANA OrderNA SexNA"
"PR X1 Order1 F - NR X4 Order2 M",-6.7,2.53713933858427,19,-2.64076942803568,1,"NANA OrderNA SexNA - NANA OrderNA SexNA"
"PR X1 Order1 F - PR X4 Order2 M",0.800000000000002,2.08375785148508,19,0.383921768755351,1,"NANA OrderNA SexNA - NANA OrderNA SexNA"
"PR X1 Order1 F - NR X5 Order2 M",-5.03333333333333,2.70600372142222,19,-1.86006149713938,1,"NANA OrderNA SexNA - NANA OrderNA SexNA"
"PR X1 Order1 F - PR X5 Order2 M",-1.2,2.12674421021253,19,-0.564242749192711,1,"NANA OrderNA SexNA - NANA OrderNA SexNA"
"PR X1 Order1 F - NR X6 Order2 M",-7.7,2.72919027042157,19,-2.82134964478333,1,"NANA OrderNA SexNA - NANA OrderNA SexNA"
"PR X1 Order1 F - PR X6 Order2 M",-3.36666666666667,2.26095772286025,19,-1.48904450208279,1,"NANA OrderNA SexNA - NANA OrderNA SexNA"
"NR X2 Order1 F - PR X2 Order1 F",1.59999999999999,1.78108975117886,19,0.898326431299147,1,"NANA OrderNA SexNA - NANA OrderNA SexNA"
"NR X2 Order1 F - NR X3 Order1 F",-1.55431223447522e-15,1.13863568715818,19,-1.36506544806662e-15,1,"NANA OrderNA SexNA - NANA OrderNA SexNA"
"NR X2 Order1 F - PR X3 Order1 F",1.39999999999999,1.61636369018466,19,0.866141703443025,1,"NANA OrderNA SexNA - NANA OrderNA SexNA"
"NR X2 Order1 F - NR X4 Order1 F",-2.00000000000001,1.4515569378635,19,-1.37783089855486,1,"NANA OrderNA SexNA - NANA OrderNA SexNA"
"NR X2 Order1 F - PR X4 Order1 F",0.199999999999996,1.52568650064344,19,0.131088529600051,1,"NANA OrderNA SexNA - NANA OrderNA SexNA"
"NR X2 Order1 F - NR X5 Order1 F",-2.6,2.0977013317422,19,-1.23945194707038,1,"NANA OrderNA SexNA - NANA OrderNA SexNA"
"NR X2 Order1 F - PR X5 Order1 F",0.599999999999997,1.89283042493084,19,0.316985606368791,1,"NANA OrderNA SexNA - NANA OrderNA SexNA"
"NR X2 Order1 F - NR X6 Order1 F",-3.4,2.0301240131509,19,-1.6747745349423,1,"NANA OrderNA SexNA - NANA OrderNA SexNA"
"NR X2 Order1 F - PR X6 Order1 F",1.79999999999999,1.39786805089726,19,1.28767518425263,1,"NANA OrderNA SexNA - NANA OrderNA SexNA"
"NR X2 Order1 F - NR X0 Order2 F",1.76666666666666,3.1264856117855,19,0.565064703962524,1,"NANA OrderNA SexNA - NANA OrderNA SexNA"
"NR X2 Order1 F - PR X0 Order2 F",5.93333333333333,2.29970758375065,19,2.58003816452895,1,"NANA OrderNA SexNA - NANA OrderNA SexNA"
"NR X2 Order1 F - NR X1 Order2 F",-0.400000000000005,3.05300159080376,19,-0.131018601891622,1,"NANA OrderNA SexNA - NANA OrderNA SexNA"
"NR X2 Order1 F - PR X1 Order2 F",6.43333333333333,2.39243446933421,19,2.68903220372161,1,"NANA OrderNA SexNA - NANA OrderNA SexNA"
"NR X2 Order1 F - NR X2 Order2 F",1.76666666666667,2.80726917731772,19,0.629318585100796,1,"NANA OrderNA SexNA - NANA OrderNA SexNA"
"NR X2 Order1 F - PR X2 Order2 F",5.1,2.44059239285674,19,2.08965659932685,1,"NANA OrderNA SexNA - NANA OrderNA SexNA"
"NR X2 Order1 F - NR X3 Order2 F",1.6,2.96160617083216,19,0.540247388649392,1,"NANA OrderNA SexNA - NANA OrderNA SexNA"
"NR X2 Order1 F - PR X3 Order2 F",6.43333333333333,2.50672778947502,19,2.56642678169721,1,"NANA OrderNA SexNA - NANA OrderNA SexNA"
"NR X2 Order1 F - NR X4 Order2 F",0.933333333333328,3.0042465072,19,0.310671355062407,1,"NANA OrderNA SexNA - NANA OrderNA SexNA"
"NR X2 Order1 F - PR X4 Order2 F",5.1,2.6325781728673,19,1.93726440968144,1,"NANA OrderNA SexNA - NANA OrderNA SexNA"
"NR X2 Order1 F - NR X5 Order2 F",-0.233333333333337,3.14815456942356,19,-0.074117495881424,1,"NANA OrderNA SexNA - NANA OrderNA SexNA"
"NR X2 Order1 F - PR X5 Order2 F",3.93333333333333,2.66673245532882,19,1.47496361154397,1,"NANA OrderNA SexNA - NANA OrderNA SexNA"
"NR X2 Order1 F - NR X6 Order2 F",-2.73333333333334,3.1681067824168,19,-0.862765531926991,1,"NANA OrderNA SexNA - NANA OrderNA SexNA"
"NR X2 Order1 F - PR X6 Order2 F",3.76666666666666,2.77495060806368,19,1.35738151724977,1,"NANA OrderNA SexNA - NANA OrderNA SexNA"
"NR X2 Order1 F - NR X0 Order1 M",0.933333333333334,3.1264856117855,19,0.298524749263221,1,"NANA OrderNA SexNA - NANA OrderNA SexNA"
"NR X2 Order1 F - PR X0 Order1 M",4.09999999999999,2.29970758375065,19,1.78283536088237,1,"NANA OrderNA SexNA - NANA OrderNA SexNA"
"NR X2 Order1 F - NR X1 Order1 M",-0.400000000000003,3.05300159080376,19,-0.131018601891621,1,"NANA OrderNA SexNA - NANA OrderNA SexNA"
"NR X2 Order1 F - PR X1 Order1 M",3.93333333333333,2.39243446933421,19,1.64407150279352,1,"NANA OrderNA SexNA - NANA OrderNA SexNA"
"NR X2 Order1 F - NR X2 Order1 M",0.766666666666666,2.80726917731772,19,0.273100518062609,1,"NANA OrderNA SexNA - NANA OrderNA SexNA"
"NR X2 Order1 F - PR X2 Order1 M",2.59999999999999,2.44059239285674,19,1.06531512906859,1,"NANA OrderNA SexNA - NANA OrderNA SexNA"
"NR X2 Order1 F - NR X3 Order1 M",-0.733333333333333,2.96160617083216,19,-0.247613386464305,1,"NANA OrderNA SexNA - NANA OrderNA SexNA"
"NR X2 Order1 F - PR X3 Order1 M",-0.0666666666666725,2.50672778947502,19,-0.0265950961833931,1,"NANA OrderNA SexNA - NANA OrderNA SexNA"
"NR X2 Order1 F - NR X4 Order1 M",-0.566666666666672,3.0042465072,19,-0.188621894145036,1,"NANA OrderNA SexNA - NANA OrderNA SexNA"
"NR X2 Order1 F - PR X4 Order1 M",-1.73333333333334,2.6325781728673,19,-0.658416662113954,1,"NANA OrderNA SexNA - NANA OrderNA SexNA"
"NR X2 Order1 F - NR X5 Order1 M",-0.733333333333337,3.14815456942356,19,-0.232940701341616,1,"NANA OrderNA SexNA - NANA OrderNA SexNA"
"NR X2 Order1 F - PR X5 Order1 M",-2.06666666666667,2.66673245532882,19,-0.774980880641752,1,"NANA OrderNA SexNA - NANA OrderNA SexNA"
"NR X2 Order1 F - NR X6 Order1 M",-1.06666666666667,3.1681067824168,19,-0.33668898806907,1,"NANA OrderNA SexNA - NANA OrderNA SexNA"
"NR X2 Order1 F - PR X6 Order1 M",-0.733333333333338,2.77495060806368,19,-0.264268967960135,1,"NANA OrderNA SexNA - NANA OrderNA SexNA"
"NR X2 Order1 F - NR X0 Order2 M",-11.7333333333333,3.1264856117855,19,-3.7528825621662,1,"NANA OrderNA SexNA - NANA OrderNA SexNA"
"NR X2 Order1 F - PR X0 Order2 M",4.76666666666666,2.29970758375065,19,2.07272728948112,1,"NANA OrderNA SexNA - NANA OrderNA SexNA"
"NR X2 Order1 F - NR X1 Order2 M",-8.06666666666667,3.05300159080376,19,-2.642208471481,1,"NANA OrderNA SexNA - NANA OrderNA SexNA"
"NR X2 Order1 F - PR X1 Order2 M",7.1,2.39243446933421,19,2.96768839063577,1,"NANA OrderNA SexNA - NANA OrderNA SexNA"
"NR X2 Order1 F - NR X2 Order2 M",-4.9,2.80726917731772,19,-1.74546852848711,1,"NANA OrderNA SexNA - NANA OrderNA SexNA"
"NR X2 Order1 F - PR X2 Order2 M",6.1,2.44059239285674,19,2.49939318743016,1,"NANA OrderNA SexNA - NANA OrderNA SexNA"
"NR X2 Order1 F - NR X3 Order2 M",-7.73333333333333,2.96160617083216,19,-2.6111957118054,1,"NANA OrderNA SexNA - NANA OrderNA SexNA"
"NR X2 Order1 F - PR X3 Order2 M",5.26666666666666,2.50672778947502,19,2.10101259848787,1,"NANA OrderNA SexNA - NANA OrderNA SexNA"
"NR X2 Order1 F - NR X4 Order2 M",-5.90000000000001,3.0042465072,19,-1.96388678021595,1,"NANA OrderNA SexNA - NANA OrderNA SexNA"
"NR X2 Order1 F - PR X4 Order2 M",1.6,2.6325781728673,19,0.607769226566725,1,"NANA OrderNA SexNA - NANA OrderNA SexNA"
"NR X2 Order1 F - NR X5 Order2 M",-4.23333333333334,3.14815456942356,19,-1.34470313956296,1,"NANA OrderNA SexNA - NANA OrderNA SexNA"
"NR X2 Order1 F - PR X5 Order2 M",-0.400000000000003,2.66673245532882,19,-0.149996299479049,1,"NANA OrderNA SexNA - NANA OrderNA SexNA"
"NR X2 Order1 F - NR X6 Order2 M",-6.9,3.1681067824168,19,-2.17795689157179,1,"NANA OrderNA SexNA - NANA OrderNA SexNA"
"NR X2 Order1 F - PR X6 Order2 M",-2.56666666666667,2.77495060806368,19,-0.92494138786047,1,"NANA OrderNA SexNA - NANA OrderNA SexNA"
"PR X2 Order1 F - NR X3 Order1 F",-1.6,1.91631957192802,19,-0.834933809286427,1,"NANA OrderNA SexNA - NANA OrderNA SexNA"
"PR X2 Order1 F - PR X3 Order1 F",-0.2,0.964092155455342,19,-0.207449048172724,1,"NANA OrderNA SexNA - NANA OrderNA SexNA"
"PR X2 Order1 F - NR X4 Order1 F",-3.6,1.98113913713847,19,-1.81713638003225,1,"NANA OrderNA SexNA - NANA OrderNA SexNA"
"PR X2 Order1 F - PR X4 Order1 F",-1.4,1.48690187738884,19,-0.941555069160683,1,"NANA OrderNA SexNA - NANA OrderNA SexNA"
"PR X2 Order1 F - NR X5 Order1 F",-4.2,2.35930409008116,19,-1.7801859529924,1,"NANA OrderNA SexNA - NANA OrderNA SexNA"
"PR X2 Order1 F - PR X5 Order1 F",-0.999999999999997,1.42040271037798,19,-0.704025691230825,1,"NANA OrderNA SexNA - NANA OrderNA SexNA"
"PR X2 Order1 F - NR X6 Order1 F",-5,2.13286727365243,19,-2.34426214034301,1,"NANA OrderNA SexNA - NANA OrderNA SexNA"
"PR X2 Order1 F - PR X6 Order1 F",0.2,1.54511113550211,19,0.129440527224604,1,"NANA OrderNA SexNA - NANA OrderNA SexNA"
"PR X2 Order1 F - NR X0 Order2 F",0.16666666666667,2.73235968966097,19,0.0609973376848307,1,"NANA OrderNA SexNA - NANA OrderNA SexNA"
"PR X2 Order1 F - PR X0 Order2 F",4.33333333333333,1.72613213971083,19,2.51042966737139,1,"NANA OrderNA SexNA - NANA OrderNA SexNA"
"PR X2 Order1 F - NR X1 Order2 F",-2,2.64796070711647,19,-0.755298216708784,1,"NANA OrderNA SexNA - NANA OrderNA SexNA"
"PR X2 Order1 F - PR X1 Order2 F",4.83333333333333,1.84786901133195,19,2.61562551441319,1,"NANA OrderNA SexNA - NANA OrderNA SexNA"
"PR X2 Order1 F - NR X2 Order2 F",0.166666666666671,2.36043161877242,19,0.0706085553765581,1,"NANA OrderNA SexNA - NANA OrderNA SexNA"
"PR X2 Order1 F - PR X2 Order2 F",3.5,1.90980847758424,19,1.83264449869195,1,"NANA OrderNA SexNA - NANA OrderNA SexNA"
"PR X2 Order1 F - NR X3 Order2 F",4.2769024451532e-15,2.54204411922641,19,1.68246585997679e-15,1,"NANA OrderNA SexNA - NANA OrderNA SexNA"
"PR X2 Order1 F - PR X3 Order2 F",4.83333333333333,1.99363020731247,19,2.42438809143494,1,"NANA OrderNA SexNA - NANA OrderNA SexNA"
"PR X2 Order1 F - NR X4 Order2 F",-0.666666666666667,2.59159685696017,19,-0.257241655806234,1,"NANA OrderNA SexNA - NANA OrderNA SexNA"
"PR X2 Order1 F - PR X4 Order2 F",3.5,2.14973138536882,19,1.62811038803321,1,"NANA OrderNA SexNA - NANA OrderNA SexNA"
"PR X2 Order1 F - NR X5 Order2 F",-1.83333333333333,2.75712792339509,19,-0.664943152538164,1,"NANA OrderNA SexNA - NANA OrderNA SexNA"
"PR X2 Order1 F - PR X5 Order2 F",2.33333333333334,2.19142400764584,19,1.06475667200522,1,"NANA OrderNA SexNA - NANA OrderNA SexNA"
"PR X2 Order1 F - NR X6 Order2 F",-4.33333333333333,2.77988808727578,19,-1.55881574987427,1,"NANA OrderNA SexNA - NANA OrderNA SexNA"
"PR X2 Order1 F - PR X6 Order2 F",2.16666666666667,2.32190182182095,19,0.933143101187397,1,"NANA OrderNA SexNA - NANA OrderNA SexNA"
"PR X2 Order1 F - NR X0 Order1 M",-0.666666666666661,2.73235968966097,19,-0.243989350739316,1,"NANA OrderNA SexNA - NANA OrderNA SexNA"
"PR X2 Order1 F - PR X0 Order1 M",2.5,1.72613213971083,19,1.44832480809888,1,"NANA OrderNA SexNA - NANA OrderNA SexNA"
"PR X2 Order1 F - NR X1 Order1 M",-2,2.64796070711647,19,-0.755298216708783,1,"NANA OrderNA SexNA - NANA OrderNA SexNA"
"PR X2 Order1 F - PR X1 Order1 M",2.33333333333333,1.84786901133195,19,1.26271576557878,1,"NANA OrderNA SexNA - NANA OrderNA SexNA"
"PR X2 Order1 F - NR X2 Order1 M",-0.833333333333328,2.36043161877242,19,-0.353042776882779,1,"NANA OrderNA SexNA - NANA OrderNA SexNA"
"PR X2 Order1 F - PR X2 Order1 M",1,1.90980847758424,19,0.523612713911985,1,"NANA OrderNA SexNA - NANA OrderNA SexNA"
"PR X2 Order1 F - NR X3 Order1 M",-2.33333333333333,2.54204411922641,19,-0.917896473820212,1,"NANA OrderNA SexNA - NANA OrderNA SexNA"
"PR X2 Order1 F - PR X3 Order1 M",-1.66666666666667,1.99363020731247,19,-0.835995893598256,1,"NANA OrderNA SexNA - NANA OrderNA SexNA"
"PR X2 Order1 F - NR X4 Order1 M",-2.16666666666667,2.59159685696017,19,-0.83603538137026,1,"NANA OrderNA SexNA - NANA OrderNA SexNA"
"PR X2 Order1 F - PR X4 Order1 M",-3.33333333333333,2.14973138536882,19,-1.55058132193639,1,"NANA OrderNA SexNA - NANA OrderNA SexNA"
"PR X2 Order1 F - NR X5 Order1 M",-2.33333333333333,2.75712792339509,19,-0.846291285048572,1,"NANA OrderNA SexNA - NANA OrderNA SexNA"
"PR X2 Order1 F - PR X5 Order1 M",-3.66666666666667,2.19142400764584,19,-1.67318905600821,1,"NANA OrderNA SexNA - NANA OrderNA SexNA"
"PR X2 Order1 F - NR X6 Order1 M",-2.66666666666666,2.77988808727578,19,-0.959271230691856,1,"NANA OrderNA SexNA - NANA OrderNA SexNA"
"PR X2 Order1 F - PR X6 Order1 M",-2.33333333333333,2.32190182182095,19,-1.00492333974027,1,"NANA OrderNA SexNA - NANA OrderNA SexNA"
"PR X2 Order1 F - NR X0 Order2 M",-13.3333333333333,2.73235968966097,19,-4.87978701478637,0.154087726742533,"NANA OrderNA SexNA - NANA OrderNA SexNA"
"PR X2 Order1 F - PR X0 Order2 M",3.16666666666667,1.72613213971083,19,1.83454475692525,1,"NANA OrderNA SexNA - NANA OrderNA SexNA"
"PR X2 Order1 F - NR X1 Order2 M",-9.66666666666667,2.64796070711647,19,-3.65060804742579,1,"NANA OrderNA SexNA - NANA OrderNA SexNA"
"PR X2 Order1 F - PR X1 Order2 M",5.5,1.84786901133195,19,2.9764014474357,1,"NANA OrderNA SexNA - NANA OrderNA SexNA"
"PR X2 Order1 F - NR X2 Order2 M",-6.49999999999999,2.36043161877242,19,-2.75373365968569,1,"NANA OrderNA SexNA - NANA OrderNA SexNA"
"PR X2 Order1 F - PR X2 Order2 M",4.5,1.90980847758424,19,2.35625721260393,1,"NANA OrderNA SexNA - NANA OrderNA SexNA"
"PR X2 Order1 F - NR X3 Order2 M",-9.33333333333333,2.54204411922641,19,-3.67158589528085,1,"NANA OrderNA SexNA - NANA OrderNA SexNA"
"PR X2 Order1 F - PR X3 Order2 M",3.66666666666667,1.99363020731247,19,1.83919096591616,1,"NANA OrderNA SexNA - NANA OrderNA SexNA"
"PR X2 Order1 F - NR X4 Order2 M",-7.5,2.59159685696017,19,-2.89396862782013,1,"NANA OrderNA SexNA - NANA OrderNA SexNA"
"PR X2 Order1 F - PR X4 Order2 M",3.05571540293315e-15,2.14973138536882,19,1.42144056868244e-15,1,"NANA OrderNA SexNA - NANA OrderNA SexNA"
"PR X2 Order1 F - NR X5 Order2 M",-5.83333333333333,2.75712792339509,19,-2.11572821262143,1,"NANA OrderNA SexNA - NANA OrderNA SexNA"
"PR X2 Order1 F - PR X5 Order2 M",-2,2.19142400764584,19,-0.912648576004476,1,"NANA OrderNA SexNA - NANA OrderNA SexNA"
"PR X2 Order1 F - NR X6 Order2 M",-8.5,2.77988808727578,19,-3.05767704783029,1,"NANA OrderNA SexNA - NANA OrderNA SexNA"
"PR X2 Order1 F - PR X6 Order2 M",-4.16666666666667,2.32190182182095,19,-1.79450596382192,1,"NANA OrderNA SexNA - NANA OrderNA SexNA"
"NR X3 Order1 F - PR X3 Order1 F",1.4,1.89004780409237,19,0.740722005532711,1,"NANA OrderNA SexNA - NANA OrderNA SexNA"
"NR X3 Order1 F - NR X4 Order1 F",-2.00000000000001,1.58612404107756,19,-1.26093543014535,1,"NANA OrderNA SexNA - NANA OrderNA SexNA"
"NR X3 Order1 F - PR X4 Order1 F",0.199999999999997,1.96718696655999,19,0.101668018037826,1,"NANA OrderNA SexNA - NANA OrderNA SexNA"
"NR X3 Order1 F - NR X5 Order1 F",-2.6,2.33403498222405,19,-1.11395074187042,1,"NANA OrderNA SexNA - NANA OrderNA SexNA"
"NR X3 Order1 F - PR X5 Order1 F",0.599999999999999,1.72657250979475,19,0.347509297522248,1,"NANA OrderNA SexNA - NANA OrderNA SexNA"
"NR X3 Order1 F - NR X6 Order1 F",-3.4,2.31857487989588,19,-1.46641802664259,1,"NANA OrderNA SexNA - NANA OrderNA SexNA"
"NR X3 Order1 F - PR X6 Order1 F",1.8,1.4159492507508,19,1.2712320014616,1,"NANA OrderNA SexNA - NANA OrderNA SexNA"
"NR X3 Order1 F - NR X0 Order2 F",1.76666666666667,3.29292170167062,19,0.53650430429924,1,"NANA OrderNA SexNA - NANA OrderNA SexNA"
"NR X3 Order1 F - PR X0 Order2 F",5.93333333333333,2.52132425986659,19,2.35326071611562,1,"NANA OrderNA SexNA - NANA OrderNA SexNA"
"NR X3 Order1 F - NR X1 Order2 F",-0.400000000000004,3.22323436412587,19,-0.124098949940453,1,"NANA OrderNA SexNA - NANA OrderNA SexNA"
"NR X3 Order1 F - PR X1 Order2 F",6.43333333333333,2.60617799520487,19,2.46849345868551,1,"NANA OrderNA SexNA - NANA OrderNA SexNA"
"NR X3 Order1 F - NR X2 Order2 F",1.76666666666667,2.99151822433856,19,0.590558550602609,1,"NANA OrderNA SexNA - NANA OrderNA SexNA"
"NR X3 Order1 F - PR X2 Order2 F",5.1,2.65045510822231,19,1.92419784216629,1,"NANA OrderNA SexNA - NANA OrderNA SexNA"
"NR X3 Order1 F - NR X3 Order2 F",1.6,3.13680285700946,19,0.510073496147411,1,"NANA OrderNA SexNA - NANA OrderNA SexNA"
"NR X3 Order1 F - PR X3 Order2 F",6.43333333333333,2.7114765835533,19,2.37263097618297,1,"NANA OrderNA SexNA - NANA OrderNA SexNA"
"NR X3 Order1 F - NR X4 Order2 F",0.933333333333329,3.17709271640835,19,0.293769624195434,1,"NANA OrderNA SexNA - NANA OrderNA SexNA"
"NR X3 Order1 F - PR X4 Order2 F",5.1,2.8282306993753,19,1.80324752189646,1,"NANA OrderNA SexNA - NANA OrderNA SexNA"
"NR X3 Order1 F - NR X5 Order2 F",-0.233333333333335,3.31350241370276,19,-0.0704189417120692,1,"NANA OrderNA SexNA - NANA OrderNA SexNA"
"NR X3 Order1 F - PR X5 Order2 F",3.93333333333333,2.860049482253,19,1.37526758111711,1,"NANA OrderNA SexNA - NANA OrderNA SexNA"
"NR X3 Order1 F - NR X6 Order2 F",-2.73333333333334,3.33246479912795,19,-0.820213715100187,1,"NANA OrderNA SexNA - NANA OrderNA SexNA"
"NR X3 Order1 F - PR X6 Order2 F",3.76666666666666,2.96121122681658,19,1.27200202152279,1,"NANA OrderNA SexNA - NANA OrderNA SexNA"
"NR X3 Order1 F - NR X0 Order1 M",0.933333333333335,3.29292170167062,19,0.283436236233561,1,"NANA OrderNA SexNA - NANA OrderNA SexNA"
"NR X3 Order1 F - PR X0 Order1 M",4.1,2.52132425986659,19,1.62612959596753,1,"NANA OrderNA SexNA - NANA OrderNA SexNA"
"NR X3 Order1 F - NR X1 Order1 M",-0.400000000000002,3.22323436412587,19,-0.124098949940452,1,"NANA OrderNA SexNA - NANA OrderNA SexNA"
"NR X3 Order1 F - PR X1 Order1 M",3.93333333333333,2.60617799520487,19,1.50923434261601,1,"NANA OrderNA SexNA - NANA OrderNA SexNA"
"NR X3 Order1 F - NR X2 Order1 M",0.766666666666667,2.99151822433856,19,0.256280125733208,1,"NANA OrderNA SexNA - NANA OrderNA SexNA"
"NR X3 Order1 F - PR X2 Order1 M",2.6,2.65045510822231,19,0.980963605810265,1,"NANA OrderNA SexNA - NANA OrderNA SexNA"
"NR X3 Order1 F - NR X3 Order1 M",-0.733333333333332,3.13680285700946,19,-0.233783685734229,1,"NANA OrderNA SexNA - NANA OrderNA SexNA"
"NR X3 Order1 F - PR X3 Order1 M",-0.066666666666671,2.7114765835533,19,-0.0245868494941256,1,"NANA OrderNA SexNA - NANA OrderNA SexNA"
"NR X3 Order1 F - NR X4 Order1 M",-0.56666666666667,3.17709271640835,19,-0.178360128975801,1,"NANA OrderNA SexNA - NANA OrderNA SexNA"
"NR X3 Order1 F - PR X4 Order1 M",-1.73333333333334,2.8282306993753,19,-0.612868438814484,1,"NANA OrderNA SexNA - NANA OrderNA SexNA"
"NR X3 Order1 F - NR X5 Order1 M",-0.733333333333335,3.31350241370276,19,-0.221316673952216,1,"NANA OrderNA SexNA - NANA OrderNA SexNA"
"NR X3 Order1 F - PR X5 Order1 M",-2.06666666666667,2.860049482253,19,-0.722598220586958,1,"NANA OrderNA SexNA - NANA OrderNA SexNA"
"NR X3 Order1 F - NR X6 Order1 M",-1.06666666666667,3.33246479912795,19,-0.320083401014707,1,"NANA OrderNA SexNA - NANA OrderNA SexNA"
"NR X3 Order1 F - PR X6 Order1 M",-0.733333333333337,2.96121122681658,19,-0.247646411269924,1,"NANA OrderNA SexNA - NANA OrderNA SexNA"
"NR X3 Order1 F - NR X0 Order2 M",-11.7333333333333,3.29292170167062,19,-3.56319839836477,1,"NANA OrderNA SexNA - NANA OrderNA SexNA"
"NR X3 Order1 F - PR X0 Order2 M",4.76666666666666,2.52132425986659,19,1.89054091238502,1,"NANA OrderNA SexNA - NANA OrderNA SexNA"
"NR X3 Order1 F - NR X1 Order2 M",-8.06666666666667,3.22323436412587,19,-2.50266215713245,1,"NANA OrderNA SexNA - NANA OrderNA SexNA"
"NR X3 Order1 F - PR X1 Order2 M",7.1,2.60617799520487,19,2.72429588963738,1,"NANA OrderNA SexNA - NANA OrderNA SexNA"
"NR X3 Order1 F - NR X2 Order2 M",-4.9,2.99151822433856,19,-1.63796428186006,1,"NANA OrderNA SexNA - NANA OrderNA SexNA"
"NR X3 Order1 F - PR X2 Order2 M",6.1,2.65045510822231,19,2.3014915367087,1,"NANA OrderNA SexNA - NANA OrderNA SexNA"
"NR X3 Order1 F - NR X3 Order2 M",-7.73333333333333,3.13680285700946,19,-2.46535523137915,1,"NANA OrderNA SexNA - NANA OrderNA SexNA"
"NR X3 Order1 F - PR X3 Order2 M",5.26666666666666,2.7114765835533,19,1.9423611100358,1,"NANA OrderNA SexNA - NANA OrderNA SexNA"
"NR X3 Order1 F - NR X4 Order2 M",-5.90000000000001,3.17709271640835,19,-1.85704369580686,1,"NANA OrderNA SexNA - NANA OrderNA SexNA"
"NR X3 Order1 F - PR X4 Order2 M",1.6,2.8282306993753,19,0.56572471275183,1,"NANA OrderNA SexNA - NANA OrderNA SexNA"
"NR X3 Order1 F - NR X5 Order2 M",-4.23333333333334,3.31350241370276,19,-1.27760079963324,1,"NANA OrderNA SexNA - NANA OrderNA SexNA"
"NR X3 Order1 F - PR X5 Order2 M",-0.400000000000001,2.860049482253,19,-0.139857720113605,1,"NANA OrderNA SexNA - NANA OrderNA SexNA"
"NR X3 Order1 F - NR X6 Order2 M",-6.9,3.33246479912795,19,-2.07053950031389,1,"NANA OrderNA SexNA - NANA OrderNA SexNA"
"NR X3 Order1 F - PR X6 Order2 M",-2.56666666666667,2.96121122681658,19,-0.866762439444734,1,"NANA OrderNA SexNA - NANA OrderNA SexNA"
"PR X3 Order1 F - NR X4 Order1 F",-3.4,1.9222610955066,19,-1.76875035755949,1,"NANA OrderNA SexNA - NANA OrderNA SexNA"
"PR X3 Order1 F - PR X4 Order1 F",-1.2,1.14616063905821,19,-1.04697366067817,1,"NANA OrderNA SexNA - NANA OrderNA SexNA"
"PR X3 Order1 F - NR X5 Order1 F",-4,2.26684725802778,19,-1.76456529474337,1,"NANA OrderNA SexNA - NANA OrderNA SexNA"
"PR X3 Order1 F - PR X5 Order1 F",-0.799999999999997,1.56148826893931,19,-0.512331738837475,1,"NANA OrderNA SexNA - NANA OrderNA SexNA"
"PR X3 Order1 F - NR X6 Order1 F",-4.8,2.21113608966466,19,-2.17082974785507,1,"NANA OrderNA SexNA - NANA OrderNA SexNA"
"PR X3 Order1 F - PR X6 Order1 F",0.4,1.55156966361573,19,0.257803442139912,1,"NANA OrderNA SexNA - NANA OrderNA SexNA"
"PR X3 Order1 F - NR X0 Order2 F",0.36666666666667,2.80328754369429,19,0.130798807097563,1,"NANA OrderNA SexNA - NANA OrderNA SexNA"
"PR X3 Order1 F - PR X0 Order2 F",4.53333333333333,1.8363452133763,19,2.46867163118984,1,"NANA OrderNA SexNA - NANA OrderNA SexNA"
"PR X3 Order1 F - NR X1 Order2 F",-1.8,2.7210893931255,19,-0.661499767169531,1,"NANA OrderNA SexNA - NANA OrderNA SexNA"
"PR X3 Order1 F - PR X1 Order2 F",5.03333333333333,1.95121794323143,19,2.5795854075622,1,"NANA OrderNA SexNA - NANA OrderNA SexNA"
"PR X3 Order1 F - NR X2 Order2 F",0.366666666666671,2.44218529310287,19,0.150138757981304,1,"NANA OrderNA SexNA - NANA OrderNA SexNA"
"PR X3 Order1 F - PR X2 Order2 F",3.7,2.00997512422418,19,1.84081880188848,1,"NANA OrderNA SexNA - NANA OrderNA SexNA"
"PR X3 Order1 F - NR X3 Order2 F",0.200000000000005,2.61813290018687,19,0.0763903161622273,1,"NANA OrderNA SexNA - NANA OrderNA SexNA"
"PR X3 Order1 F - PR X3 Order2 F",5.03333333333333,2.08978299889155,19,2.40854353586142,1,"NANA OrderNA SexNA - NANA OrderNA SexNA"
"PR X3 Order1 F - NR X4 Order2 F",-0.466666666666666,2.66627190060452,19,-0.175025910358527,1,"NANA OrderNA SexNA - NANA OrderNA SexNA"
"PR X3 Order1 F - PR X4 Order2 F",3.7,2.23919106111719,19,1.6523824448254,1,"NANA OrderNA SexNA - NANA OrderNA SexNA"
"PR X3 Order1 F - NR X5 Order2 F",-1.63333333333333,2.82743452000436,19,-0.577673265915567,1,"NANA OrderNA SexNA - NANA OrderNA SexNA"
"PR X3 Order1 F - PR X5 Order2 F",2.53333333333334,2.27924784967189,19,1.11147777706493,1,"NANA OrderNA SexNA - NANA OrderNA SexNA"
"PR X3 Order1 F - NR X6 Order2 F",-4.13333333333333,2.84963319687379,19,-1.45047907845397,1,"NANA OrderNA SexNA - NANA OrderNA SexNA"
"PR X3 Order1 F - PR X6 Order2 F",2.36666666666667,2.40496562327257,19,0.984075050289582,1,"NANA OrderNA SexNA - NANA OrderNA SexNA"
"PR X3 Order1 F - NR X0 Order1 M",-0.46666666666666,2.80328754369429,19,-0.166471209033258,1,"NANA OrderNA SexNA - NANA OrderNA SexNA"
"PR X3 Order1 F - PR X0 Order1 M",2.7,1.8363452133763,19,1.47031178034101,1,"NANA OrderNA SexNA - NANA OrderNA SexNA"
"PR X3 Order1 F - NR X1 Order1 M",-1.8,2.7210893931255,19,-0.66149976716953,1,"NANA OrderNA SexNA - NANA OrderNA SexNA"
"PR X3 Order1 F - PR X1 Order1 M",2.53333333333333,1.95121794323143,19,1.29833437731607,1,"NANA OrderNA SexNA - NANA OrderNA SexNA"
"PR X3 Order1 F - NR X2 Order1 M",-0.633333333333328,2.44218529310287,19,-0.259330581967701,1,"NANA OrderNA SexNA - NANA OrderNA SexNA"
"PR X3 Order1 F - PR X2 Order1 M",1.2,2.00997512422418,19,0.597022314125994,1,"NANA OrderNA SexNA - NANA OrderNA SexNA"
"PR X3 Order1 F - NR X3 Order1 M",-2.13333333333333,2.61813290018687,19,-0.814830039063737,1,"NANA OrderNA SexNA - NANA OrderNA SexNA"
"PR X3 Order1 F - PR X3 Order1 M",-1.46666666666667,2.08978299889155,19,-0.701827255482799,1,"NANA OrderNA SexNA - NANA OrderNA SexNA"
"PR X3 Order1 F - NR X4 Order1 M",-1.96666666666667,2.66627190060452,19,-0.737609193653794,1,"NANA OrderNA SexNA - NANA OrderNA SexNA"
"PR X3 Order1 F - PR X4 Order1 M",-3.13333333333333,2.23919106111719,19,-1.39931486318547,1,"NANA OrderNA SexNA - NANA OrderNA SexNA"
"PR X3 Order1 F - NR X5 Order1 M",-2.13333333333333,2.82743452000436,19,-0.754512020787679,1,"NANA OrderNA SexNA - NANA OrderNA SexNA"
"PR X3 Order1 F - PR X5 Order1 M",-3.46666666666667,2.27924784967189,19,-1.5209695896678,1,"NANA OrderNA SexNA - NANA OrderNA SexNA"
"PR X3 Order1 F - NR X6 Order1 M",-2.46666666666666,2.84963319687379,19,-0.865608482303173,1,"NANA OrderNA SexNA - NANA OrderNA SexNA"
"PR X3 Order1 F - PR X6 Order1 M",-2.13333333333333,2.40496562327257,19,-0.887053566458214,1,"NANA OrderNA SexNA - NANA OrderNA SexNA"
"PR X3 Order1 F - NR X0 Order2 M",-13.1333333333333,2.80328754369429,19,-4.68497545422175,0.23727377827046,"NANA OrderNA SexNA - NANA OrderNA SexNA"
"PR X3 Order1 F - PR X0 Order2 M",3.36666666666667,1.8363452133763,19,1.83335172610422,1,"NANA OrderNA SexNA - NANA OrderNA SexNA"
"PR X3 Order1 F - NR X1 Order2 M",-9.46666666666667,2.7210893931255,19,-3.4789987754842,1,"NANA OrderNA SexNA - NANA OrderNA SexNA"
"PR X3 Order1 F - PR X1 Order2 M",5.7,1.95121794323143,19,2.92125234896117,1,"NANA OrderNA SexNA - NANA OrderNA SexNA"
"PR X3 Order1 F - NR X2 Order2 M",-6.29999999999999,2.44218529310287,19,-2.57965684167873,1,"NANA OrderNA SexNA - NANA OrderNA SexNA"
"PR X3 Order1 F - PR X2 Order2 M",4.7,2.00997512422418,19,2.33833739699347,1,"NANA OrderNA SexNA - NANA OrderNA SexNA"
"PR X3 Order1 F - NR X3 Order2 M",-9.13333333333333,2.61813290018687,19,-3.48849110474163,1,"NANA OrderNA SexNA - NANA OrderNA SexNA"
"PR X3 Order1 F - PR X3 Order2 M",3.86666666666667,2.08978299889155,19,1.85027185536374,1,"NANA OrderNA SexNA - NANA OrderNA SexNA"
"PR X3 Order1 F - NR X4 Order2 M",-7.3,2.66627190060452,19,-2.73790531203697,1,"NANA OrderNA SexNA - NANA OrderNA SexNA"
"PR X3 Order1 F - PR X4 Order2 M",0.200000000000003,2.23919106111719,19,0.0893179699905635,1,"NANA OrderNA SexNA - NANA OrderNA SexNA"
"PR X3 Order1 F - NR X5 Order2 M",-5.63333333333333,2.82743452000436,19,-1.99238330489247,1,"NANA OrderNA SexNA - NANA OrderNA SexNA"
"PR X3 Order1 F - PR X5 Order2 M",-1.8,2.27924784967189,19,-0.789734210019818,1,"NANA OrderNA SexNA - NANA OrderNA SexNA"
"PR X3 Order1 F - NR X6 Order2 M",-8.3,2.84963319687379,19,-2.91265556883095,1,"NANA OrderNA SexNA - NANA OrderNA SexNA"
"PR X3 Order1 F - PR X6 Order2 M",-3.96666666666667,2.40496562327257,19,-1.64936522513324,1,"NANA OrderNA SexNA - NANA OrderNA SexNA"
"NR X4 Order1 F - PR X4 Order1 F",2.2,1.99464194562033,19,1.10295484602165,1,"NANA OrderNA SexNA - NANA OrderNA SexNA"
"NR X4 Order1 F - NR X5 Order1 F",-0.599999999999995,1.76575613742162,19,-0.339797771212125,1,"NANA OrderNA SexNA - NANA OrderNA SexNA"
"NR X4 Order1 F - PR X5 Order1 F",2.6,2.06779821880284,19,1.2573760710101,1,"NANA OrderNA SexNA - NANA OrderNA SexNA"
"NR X4 Order1 F - NR X6 Order1 F",-1.39999999999999,1.48690187738884,19,-0.941555069160681,1,"NANA OrderNA SexNA - NANA OrderNA SexNA"
"NR X4 Order1 F - PR X6 Order1 F",3.8,1.89681172941389,19,2.00336171538448,1,"NANA OrderNA SexNA - NANA OrderNA SexNA"
"NR X4 Order1 F - NR X0 Order2 F",3.76666666666667,3.33895140593991,19,1.12809867791603,1,"NANA OrderNA SexNA - NANA OrderNA SexNA"
"NR X4 Order1 F - PR X0 Order2 F",7.93333333333334,2.58115074749356,19,3.07356451033984,1,"NANA OrderNA SexNA - NANA OrderNA SexNA"
"NR X4 Order1 F - NR X1 Order2 F",1.6,3.27024508622467,19,0.489259966092364,1,"NANA OrderNA SexNA - NANA OrderNA SexNA"
"NR X4 Order1 F - PR X1 Order2 F",8.43333333333334,2.6640996416397,19,3.16554726464464,1,"NANA OrderNA SexNA - NANA OrderNA SexNA"
"NR X4 Order1 F - NR X2 Order2 F",3.76666666666667,3.04211183956876,19,1.23817494730918,1,"NANA OrderNA SexNA - NANA OrderNA SexNA"
"NR X4 Order1 F - PR X2 Order2 F",7.1,2.70742967380438,19,2.62241345313444,1,"NANA OrderNA SexNA - NANA OrderNA SexNA"
"NR X4 Order1 F - NR X3 Order2 F",3.60000000000001,3.18508953118078,19,1.13026650106925,1,"NANA OrderNA SexNA - NANA OrderNA SexNA"
"NR X4 Order1 F - PR X3 Order2 F",8.43333333333334,2.76719504571915,19,3.04761073722638,1,"NANA OrderNA SexNA - NANA OrderNA SexNA"
"NR X4 Order1 F - NR X4 Order2 F",2.93333333333334,3.22477616068925,19,0.909623858266918,1,"NANA OrderNA SexNA - NANA OrderNA SexNA"
"NR X4 Order1 F - PR X4 Order2 F",7.1,2.88169256631994,19,2.46382979328952,1,"NANA OrderNA SexNA - NANA OrderNA SexNA"
"NR X4 Order1 F - NR X5 Order2 F",1.76666666666667,3.35925012517805,19,0.525911022053778,1,"NANA OrderNA SexNA - NANA OrderNA SexNA"
"NR X4 Order1 F - PR X5 Order2 F",5.93333333333334,2.91292742766283,19,2.03689706684313,1,"NANA OrderNA SexNA - NANA OrderNA SexNA"
"NR X4 Order1 F - NR X6 Order2 F",-0.733333333333329,3.37795571245711,19,-0.217093827082743,1,"NANA OrderNA SexNA - NANA OrderNA SexNA"
"NR X4 Order1 F - PR X6 Order2 F",5.76666666666667,3.01231390922648,19,1.91436445219199,1,"NANA OrderNA SexNA - NANA OrderNA SexNA"
"NR X4 Order1 F - NR X0 Order1 M",2.93333333333334,3.33895140593991,19,0.878519324394785,1,"NANA OrderNA SexNA - NANA OrderNA SexNA"
"NR X4 Order1 F - PR X0 Order1 M",6.1,2.58115074749356,19,2.36328699744618,1,"NANA OrderNA SexNA - NANA OrderNA SexNA"
"NR X4 Order1 F - NR X1 Order1 M",1.6,3.27024508622467,19,0.489259966092365,1,"NANA OrderNA SexNA - NANA OrderNA SexNA"
"NR X4 Order1 F - PR X1 Order1 M",5.93333333333334,2.6640996416397,19,2.22714392532311,1,"NANA OrderNA SexNA - NANA OrderNA SexNA"
"NR X4 Order1 F - NR X2 Order1 M",2.76666666666667,3.04211183956876,19,0.909455934749218,1,"NANA OrderNA SexNA - NANA OrderNA SexNA"
"NR X4 Order1 F - PR X2 Order1 M",4.6,2.70742967380438,19,1.69902843442513,1,"NANA OrderNA SexNA - NANA OrderNA SexNA"
"NR X4 Order1 F - NR X3 Order1 M",1.26666666666667,3.18508953118078,19,0.397686361487331,1,"NANA OrderNA SexNA - NANA OrderNA SexNA"
"NR X4 Order1 F - PR X3 Order1 M",1.93333333333334,2.76719504571915,19,0.698661750036087,1,"NANA OrderNA SexNA - NANA OrderNA SexNA"
"NR X4 Order1 F - NR X4 Order1 M",1.43333333333334,3.22477616068925,19,0.444475294380426,1,"NANA OrderNA SexNA - NANA OrderNA SexNA"
"NR X4 Order1 F - PR X4 Order1 M",0.26666666666667,2.88169256631994,19,0.0925382081986684,1,"NANA OrderNA SexNA - NANA OrderNA SexNA"
"NR X4 Order1 F - NR X5 Order1 M",1.26666666666667,3.35925012517805,19,0.377068279963086,1,"NANA OrderNA SexNA - NANA OrderNA SexNA"
"NR X4 Order1 F - PR X5 Order1 M",-0.0666666666666634,2.91292742766283,19,-0.0228864838971127,1,"NANA OrderNA SexNA - NANA OrderNA SexNA"
"NR X4 Order1 F - NR X6 Order1 M",0.933333333333339,3.37795571245711,19,0.276301234468949,1,"NANA OrderNA SexNA - NANA OrderNA SexNA"
"NR X4 Order1 F - PR X6 Order1 M",1.26666666666667,3.01231390922648,19,0.420496238053734,1,"NANA OrderNA SexNA - NANA OrderNA SexNA"
"NR X4 Order1 F - NR X0 Order2 M",-9.73333333333333,3.33895140593991,19,-2.91508684912814,1,"NANA OrderNA SexNA - NANA OrderNA SexNA"
"NR X4 Order1 F - PR X0 Order2 M",6.76666666666667,2.58115074749356,19,2.62156972940751,1,"NANA OrderNA SexNA - NANA OrderNA SexNA"
"NR X4 Order1 F - NR X1 Order2 M",-6.06666666666667,3.27024508622467,19,-1.85511070476688,1,"NANA OrderNA SexNA - NANA OrderNA SexNA"
"NR X4 Order1 F - PR X1 Order2 M",9.1,2.6640996416397,19,3.41578815513039,1,"NANA OrderNA SexNA - NANA OrderNA SexNA"
"NR X4 Order1 F - NR X2 Order2 M",-2.89999999999999,3.04211183956876,19,-0.953285136423875,1,"NANA OrderNA SexNA - NANA OrderNA SexNA"
"NR X4 Order1 F - PR X2 Order2 M",8.1,2.70742967380438,19,2.99176746061817,1,"NANA OrderNA SexNA - NANA OrderNA SexNA"
"NR X4 Order1 F - NR X3 Order2 M",-5.73333333333333,3.18508953118078,19,-1.80005405725843,1,"NANA OrderNA SexNA - NANA OrderNA SexNA"
"NR X4 Order1 F - PR X3 Order2 M",7.26666666666667,2.76719504571915,19,2.62600450875633,1,"NANA OrderNA SexNA - NANA OrderNA SexNA"
"NR X4 Order1 F - NR X4 Order2 M",-3.9,3.22477616068925,19,-1.20938626610488,1,"NANA OrderNA SexNA - NANA OrderNA SexNA"
"NR X4 Order1 F - PR X4 Order2 M",3.6,2.88169256631994,19,1.24926581068201,1,"NANA OrderNA SexNA - NANA OrderNA SexNA"
"NR X4 Order1 F - NR X5 Order2 M",-2.23333333333333,3.35925012517805,19,-0.664830914671754,1,"NANA OrderNA SexNA - NANA OrderNA SexNA"
"NR X4 Order1 F - PR X5 Order2 M",1.6,2.91292742766283,19,0.549275613530734,1,"NANA OrderNA SexNA - NANA OrderNA SexNA"
"NR X4 Order1 F - NR X6 Order2 M",-4.9,3.37795571245711,19,-1.45058148096197,1,"NANA OrderNA SexNA - NANA OrderNA SexNA"
"NR X4 Order1 F - PR X6 Order2 M",-0.566666666666666,3.01231390922648,19,-0.18811673807667,1,"NANA OrderNA SexNA - NANA OrderNA SexNA"
"PR X4 Order1 F - NR X5 Order1 F",-2.8,2.20278930035407,19,-1.27111567118559,1,"NANA OrderNA SexNA - NANA OrderNA SexNA"
"PR X4 Order1 F - PR X5 Order1 F",0.400000000000002,1.63953352373125,19,0.243971833579641,1,"NANA OrderNA SexNA - NANA OrderNA SexNA"
"PR X4 Order1 F - NR X6 Order1 F",-3.6,2.39487757442656,19,-1.50320836373525,1,"NANA OrderNA SexNA - NANA OrderNA SexNA"
"PR X4 Order1 F - PR X6 Order1 F",1.6,1.62664222012116,19,0.983621339842526,1,"NANA OrderNA SexNA - NANA OrderNA SexNA"
"PR X4 Order1 F - NR X0 Order2 F",1.56666666666667,2.93846242166014,19,0.533158653014712,1,"NANA OrderNA SexNA - NANA OrderNA SexNA"
"PR X4 Order1 F - PR X0 Order2 F",5.73333333333333,2.03673859234985,19,2.81495787179964,1,"NANA OrderNA SexNA - NANA OrderNA SexNA"
"PR X4 Order1 F - NR X1 Order2 F",-0.600000000000001,2.86015171560134,19,-0.20977908155262,1,"NANA OrderNA SexNA - NANA OrderNA SexNA"
"PR X4 Order1 F - PR X1 Order2 F",6.23333333333333,2.14088575427684,19,2.91156747663019,1,"NANA OrderNA SexNA - NANA OrderNA SexNA"
"PR X4 Order1 F - NR X2 Order2 F",1.56666666666667,2.5962298351119,19,0.603439127568283,1,"NANA OrderNA SexNA - NANA OrderNA SexNA"
"PR X4 Order1 F - PR X2 Order2 F",4.9,2.19457065297,19,2.23278297892511,1,"NANA OrderNA SexNA - NANA OrderNA SexNA"
"PR X4 Order1 F - NR X3 Order2 F",1.4,2.76238307153771,19,0.506808782034954,1,"NANA OrderNA SexNA - NANA OrderNA SexNA"
"PR X4 Order1 F - PR X3 Order2 F",6.23333333333333,2.26789182575654,19,2.7485143967367,1,"NANA OrderNA SexNA - NANA OrderNA SexNA"
"PR X4 Order1 F - NR X4 Order2 F",0.733333333333332,2.80805024862989,19,0.261153921191809,1,"NANA OrderNA SexNA - NANA OrderNA SexNA"
"PR X4 Order1 F - PR X4 Order2 F",4.9,2.40626618624464,19,2.03634993834461,1,"NANA OrderNA SexNA - NANA OrderNA SexNA"
"PR X4 Order1 F - NR X5 Order2 F",-0.433333333333333,2.96150743976602,19,-0.146321879025085,1,"NANA OrderNA SexNA - NANA OrderNA SexNA"
"PR X4 Order1 F - PR X5 Order2 F",3.73333333333334,2.44358570774817,19,1.52780944883399,1,"NANA OrderNA SexNA - NANA OrderNA SexNA"
"PR X4 Order1 F - NR X6 Order2 F",-2.93333333333333,2.98270845165972,19,-0.983446213692486,1,"NANA OrderNA SexNA - NANA OrderNA SexNA"
"PR X4 Order1 F - PR X6 Order2 F",3.56666666666667,2.56124969497314,19,1.39254937684007,1,"NANA OrderNA SexNA - NANA OrderNA SexNA"
"PR X4 Order1 F - NR X0 Order1 M",0.733333333333338,2.93846242166014,19,0.249563624815398,1,"NANA OrderNA SexNA - NANA OrderNA SexNA"
"PR X4 Order1 F - PR X0 Order1 M",3.9,2.03673859234985,19,1.91482599418929,1,"NANA OrderNA SexNA - NANA OrderNA SexNA"
"PR X4 Order1 F - NR X1 Order1 M",-0.599999999999999,2.86015171560134,19,-0.209779081552619,1,"NANA OrderNA SexNA - NANA OrderNA SexNA"
"PR X4 Order1 F - PR X1 Order1 M",3.73333333333333,2.14088575427684,19,1.74382651006728,1,"NANA OrderNA SexNA - NANA OrderNA SexNA"
"PR X4 Order1 F - NR X2 Order1 M",0.56666666666667,2.5962298351119,19,0.218265216354486,1,"NANA OrderNA SexNA - NANA OrderNA SexNA"
"PR X4 Order1 F - PR X2 Order1 M",2.4,2.19457065297,19,1.09360798967761,1,"NANA OrderNA SexNA - NANA OrderNA SexNA"
"PR X4 Order1 F - NR X3 Order1 M",-0.933333333333329,2.76238307153771,19,-0.337872521356634,1,"NANA OrderNA SexNA - NANA OrderNA SexNA"
"PR X4 Order1 F - PR X3 Order1 M",-0.266666666666668,2.26789182575654,19,-0.11758350360371,1,"NANA OrderNA SexNA - NANA OrderNA SexNA"
"PR X4 Order1 F - NR X4 Order1 M",-0.766666666666668,2.80805024862989,19,-0.273024553973256,1,"NANA OrderNA SexNA - NANA OrderNA SexNA"
"PR X4 Order1 F - PR X4 Order1 M",-1.93333333333333,2.40626618624464,19,-0.803457798802636,1,"NANA OrderNA SexNA - NANA OrderNA SexNA"
"PR X4 Order1 F - NR X5 Order1 M",-0.933333333333332,2.96150743976602,19,-0.315154816361722,1,"NANA OrderNA SexNA - NANA OrderNA SexNA"
"PR X4 Order1 F - PR X5 Order1 M",-2.26666666666667,2.44358570774817,19,-0.92759859393492,1,"NANA OrderNA SexNA - NANA OrderNA SexNA"
"PR X4 Order1 F - NR X6 Order1 M",-1.26666666666666,2.98270845165972,19,-0.424669955912664,1,"NANA OrderNA SexNA - NANA OrderNA SexNA"
"PR X4 Order1 F - PR X6 Order1 M",-0.933333333333334,2.56124969497314,19,-0.364405444406748,1,"NANA OrderNA SexNA - NANA OrderNA SexNA"
"PR X4 Order1 F - NR X0 Order2 M",-11.9333333333333,2.93846242166014,19,-4.06108080381419,0.9529798408914,"NANA OrderNA SexNA - NANA OrderNA SexNA"
"PR X4 Order1 F - PR X0 Order2 M",4.56666666666667,2.03673859234985,19,2.24214667695669,1,"NANA OrderNA SexNA - NANA OrderNA SexNA"
"PR X4 Order1 F - NR X1 Order2 M",-8.26666666666667,2.86015171560134,19,-2.89028956805832,1,"NANA OrderNA SexNA - NANA OrderNA SexNA"
"PR X4 Order1 F - PR X1 Order2 M",6.9,2.14088575427684,19,3.22296506771364,1,"NANA OrderNA SexNA - NANA OrderNA SexNA"
"PR X4 Order1 F - NR X2 Order2 M",-5.1,2.5962298351119,19,-1.96438694719036,1,"NANA OrderNA SexNA - NANA OrderNA SexNA"
"PR X4 Order1 F - PR X2 Order2 M",5.9,2.19457065297,19,2.68845297462412,1,"NANA OrderNA SexNA - NANA OrderNA SexNA"
"PR X4 Order1 F - NR X3 Order2 M",-7.93333333333333,2.76238307153771,19,-2.8719164315314,1,"NANA OrderNA SexNA - NANA OrderNA SexNA"
"PR X4 Order1 F - PR X3 Order2 M",5.06666666666667,2.26789182575654,19,2.23408656847047,1,"NANA OrderNA SexNA - NANA OrderNA SexNA"
"PR X4 Order1 F - NR X4 Order2 M",-6.1,2.80805024862989,19,-2.1723257990046,1,"NANA OrderNA SexNA - NANA OrderNA SexNA"
"PR X4 Order1 F - PR X4 Order2 M",1.4,2.40626618624464,19,0.581814268098461,1,"NANA OrderNA SexNA - NANA OrderNA SexNA"
"PR X4 Order1 F - NR X5 Order2 M",-4.43333333333333,2.96150743976602,19,-1.49698537771818,1,"NANA OrderNA SexNA - NANA OrderNA SexNA"
"PR X4 Order1 F - PR X5 Order2 M",-0.599999999999998,2.44358570774817,19,-0.24554080427689,1,"NANA OrderNA SexNA - NANA OrderNA SexNA"
"PR X4 Order1 F - NR X6 Order2 M",-7.1,2.98270845165972,19,-2.38038685814204,1,"NANA OrderNA SexNA - NANA OrderNA SexNA"
"PR X4 Order1 F - PR X6 Order2 M",-2.76666666666667,2.56124969497314,19,-1.08020185306286,1,"NANA OrderNA SexNA - NANA OrderNA SexNA"
"NR X5 Order1 F - PR X5 Order1 F",3.2,2.20477949726927,19,1.45139230656098,1,"NANA OrderNA SexNA - NANA OrderNA SexNA"
"NR X5 Order1 F - NR X6 Order1 F",-0.8,1.50426294827196,19,-0.531821913794399,1,"NANA OrderNA SexNA - NANA OrderNA SexNA"
"NR X5 Order1 F - PR X6 Order1 F",4.4,2.48052060183752,19,1.7738211876735,1,"NANA OrderNA SexNA - NANA OrderNA SexNA"
"NR X5 Order1 F - NR X0 Order2 F",4.36666666666667,3.49443166073955,19,1.24960711515031,1,"NANA OrderNA SexNA - NANA OrderNA SexNA"
"NR X5 Order1 F - PR X0 Order2 F",8.53333333333333,2.77935160093814,19,3.07026046307095,1,"NANA OrderNA SexNA - NANA OrderNA SexNA"
"NR X5 Order1 F - NR X1 Order2 F",2.2,3.42884223380538,19,0.641615988717685,1,"NANA OrderNA SexNA - NANA OrderNA SexNA"
"NR X5 Order1 F - PR X1 Order2 F",9.03333333333333,2.85655089941273,19,3.16232185296977,1,"NANA OrderNA SexNA - NANA OrderNA SexNA"
"NR X5 Order1 F - NR X2 Order2 F",4.36666666666667,3.21199324171072,19,1.35948812405999,1,"NANA OrderNA SexNA - NANA OrderNA SexNA"
"NR X5 Order1 F - PR X2 Order2 F",7.7,2.89700389695067,19,2.65791841291787,1,"NANA OrderNA SexNA - NANA OrderNA SexNA"
"NR X5 Order1 F - NR X3 Order2 F",4.2,3.34772332518509,19,1.2545839640938,1,"NANA OrderNA SexNA - NANA OrderNA SexNA"
"NR X5 Order1 F - PR X3 Order2 F",9.03333333333333,2.95293490639457,19,3.05910344104493,1,"NANA OrderNA SexNA - NANA OrderNA SexNA"
"NR X5 Order1 F - NR X4 Order2 F",3.53333333333333,3.38550401371798,19,1.04366538010776,1,"NANA OrderNA SexNA - NANA OrderNA SexNA"
"NR X5 Order1 F - PR X4 Order2 F",7.7,3.06049149437382,19,2.51593576200264,1,"NANA OrderNA SexNA - NANA OrderNA SexNA"
"NR X5 Order1 F - NR X5 Order2 F",2.36666666666667,3.51383231584258,19,0.673528630263952,1,"NANA OrderNA SexNA - NANA OrderNA SexNA"
"NR X5 Order1 F - PR X5 Order2 F",6.53333333333333,3.0899194713101,19,2.11440246064512,1,"NANA OrderNA SexNA - NANA OrderNA SexNA"
"NR X5 Order1 F - NR X6 Order2 F",-0.133333333333334,3.5317192605971,19,-0.0377530951627202,1,"NANA OrderNA SexNA - NANA OrderNA SexNA"
"NR X5 Order1 F - PR X6 Order2 F",6.36666666666666,3.18378567558656,19,1.9997158462916,1,"NANA OrderNA SexNA - NANA OrderNA SexNA"
"NR X5 Order1 F - NR X0 Order1 M",3.53333333333334,3.49443166073955,19,1.01113247485445,1,"NANA OrderNA SexNA - NANA OrderNA SexNA"
"NR X5 Order1 F - PR X0 Order1 M",6.7,2.77935160093814,19,2.41063419170805,1,"NANA OrderNA SexNA - NANA OrderNA SexNA"
"NR X5 Order1 F - NR X1 Order1 M",2.2,3.42884223380538,19,0.641615988717686,1,"NANA OrderNA SexNA - NANA OrderNA SexNA"
"NR X5 Order1 F - PR X1 Order1 M",6.53333333333333,2.85655089941273,19,2.28714052834714,1,"NANA OrderNA SexNA - NANA OrderNA SexNA"
"NR X5 Order1 F - NR X2 Order1 M",3.36666666666667,3.21199324171072,19,1.04815496587831,1,"NANA OrderNA SexNA - NANA OrderNA SexNA"
"NR X5 Order1 F - PR X2 Order1 M",5.2,2.89700389695067,19,1.79495788924323,1,"NANA OrderNA SexNA - NANA OrderNA SexNA"
"NR X5 Order1 F - NR X3 Order1 M",1.86666666666667,3.34772332518509,19,0.55759287293058,1,"NANA OrderNA SexNA - NANA OrderNA SexNA"
"NR X5 Order1 F - PR X3 Order1 M",2.53333333333333,2.95293490639457,19,0.857903548042121,1,"NANA OrderNA SexNA - NANA OrderNA SexNA"
"NR X5 Order1 F - NR X4 Order1 M",2.03333333333333,3.38550401371798,19,0.600599888552579,1,"NANA OrderNA SexNA - NANA OrderNA SexNA"
"NR X5 Order1 F - PR X4 Order1 M",0.866666666666665,3.06049149437382,19,0.283178916935362,1,"NANA OrderNA SexNA - NANA OrderNA SexNA"
"NR X5 Order1 F - NR X5 Order1 M",1.86666666666667,3.51383231584258,19,0.531233849222272,1,"NANA OrderNA SexNA - NANA OrderNA SexNA"
"NR X5 Order1 F - PR X5 Order1 M",0.533333333333331,3.0899194713101,19,0.172604282501642,1,"NANA OrderNA SexNA - NANA OrderNA SexNA"
"NR X5 Order1 F - NR X6 Order1 M",1.53333333333333,3.5317192605971,19,0.43416059437128,1,"NANA OrderNA SexNA - NANA OrderNA SexNA"
"NR X5 Order1 F - PR X6 Order1 M",1.86666666666666,3.18378567558656,19,0.58630412247293,1,"NANA OrderNA SexNA - NANA OrderNA SexNA"
"NR X5 Order1 F - NR X0 Order2 M",-9.13333333333334,3.49443166073955,19,-2.61368205764264,1,"NANA OrderNA SexNA - NANA OrderNA SexNA"
"NR X5 Order1 F - PR X0 Order2 M",7.36666666666666,2.77935160093814,19,2.65049829038547,1,"NANA OrderNA SexNA - NANA OrderNA SexNA"
"NR X5 Order1 F - NR X1 Order2 M",-5.46666666666667,3.42884223380538,19,-1.59431851741971,1,"NANA OrderNA SexNA - NANA OrderNA SexNA"
"NR X5 Order1 F - PR X1 Order2 M",9.7,2.85655089941273,19,3.39570353953581,1,"NANA OrderNA SexNA - NANA OrderNA SexNA"
"NR X5 Order1 F - NR X2 Order2 M",-2.3,3.21199324171072,19,-0.716066263817856,1,"NANA OrderNA SexNA - NANA OrderNA SexNA"
"NR X5 Order1 F - PR X2 Order2 M",8.7,2.89700389695067,19,3.00310262238772,1,"NANA OrderNA SexNA - NANA OrderNA SexNA"
"NR X5 Order1 F - NR X3 Order2 M",-5.13333333333333,3.34772332518509,19,-1.53338040055909,1,"NANA OrderNA SexNA - NANA OrderNA SexNA"
"NR X5 Order1 F - PR X3 Order2 M",7.86666666666666,2.95293490639457,19,2.66401628076238,1,"NANA OrderNA SexNA - NANA OrderNA SexNA"
"NR X5 Order1 F - NR X4 Order2 M",-3.30000000000001,3.38550401371798,19,-0.974744081421402,1,"NANA OrderNA SexNA - NANA OrderNA SexNA"
"NR X5 Order1 F - PR X4 Order2 M",4.2,3.06049149437382,19,1.37232859745599,1,"NANA OrderNA SexNA - NANA OrderNA SexNA"
"NR X5 Order1 F - NR X5 Order2 M",-1.63333333333333,3.51383231584258,19,-0.464829618069489,1,"NANA OrderNA SexNA - NANA OrderNA SexNA"
"NR X5 Order1 F - PR X5 Order2 M",2.2,3.0899194713101,19,0.711992665319274,1,"NANA OrderNA SexNA - NANA OrderNA SexNA"
"NR X5 Order1 F - NR X6 Order2 M",-4.3,3.5317192605971,19,-1.21753731899772,1,"NANA OrderNA SexNA - NANA OrderNA SexNA"
"NR X5 Order1 F - PR X6 Order2 M",0.0333333333333285,3.18378567558656,19,0.0104697164727294,1,"NANA OrderNA SexNA - NANA OrderNA SexNA"
"PR X5 Order1 F - NR X6 Order1 F",-4,2.35491274468667,19,-1.69857673454148,1,"NANA OrderNA SexNA - NANA OrderNA SexNA"
"PR X5 Order1 F - PR X6 Order1 F",1.2,1.39849543212848,19,0.858065012177856,1,"NANA OrderNA SexNA - NANA OrderNA SexNA"
"PR X5 Order1 F - NR X0 Order2 F",1.16666666666667,2.97518980671232,19,0.392131844507719,1,"NANA OrderNA SexNA - NANA OrderNA SexNA"
"PR X5 Order1 F - PR X0 Order2 F",5.33333333333333,2.08937719811991,19,2.55259478189599,1,"NANA OrderNA SexNA - NANA OrderNA SexNA"
"PR X5 Order1 F - NR X1 Order2 F",-1,2.89787177402891,19,-0.345080831029906,1,"NANA OrderNA SexNA - NANA OrderNA SexNA"
"PR X5 Order1 F - PR X1 Order2 F",5.83333333333333,2.19102368661812,19,2.66237803313628,1,"NANA OrderNA SexNA - NANA OrderNA SexNA"
"PR X5 Order1 F - NR X2 Order2 F",1.16666666666667,2.63772673701831,19,0.442300049619798,1,"NANA OrderNA SexNA - NANA OrderNA SexNA"
"PR X5 Order1 F - PR X2 Order2 F",4.5,2.24350915606185,19,2.00578633157847,1,"NANA OrderNA SexNA - NANA OrderNA SexNA"
"PR X5 Order1 F - NR X3 Order2 F",1,2.80141985721067,19,0.35696184469674,1,"NANA OrderNA SexNA - NANA OrderNA SexNA"
"PR X5 Order1 F - PR X3 Order2 F",5.83333333333333,2.31528104466595,19,2.51949254574187,1,"NANA OrderNA SexNA - NANA OrderNA SexNA"
"PR X5 Order1 F - NR X4 Order2 F",0.33333333333333,2.84646081674885,19,0.117104486867328,1,"NANA OrderNA SexNA - NANA OrderNA SexNA"
"PR X5 Order1 F - PR X4 Order2 F",4.5,2.45098142414839,19,1.83599922694786,1,"NANA OrderNA SexNA - NANA OrderNA SexNA"
"PR X5 Order1 F - NR X5 Order2 F",-0.833333333333334,2.99795251767696,19,-0.277967488951114,1,"NANA OrderNA SexNA - NANA OrderNA SexNA"
"PR X5 Order1 F - PR X5 Order2 F",3.33333333333333,2.48763021640421,19,1.33996335602948,1,"NANA OrderNA SexNA - NANA OrderNA SexNA"
"PR X5 Order1 F - NR X6 Order2 F",-3.33333333333333,3.01889759515928,19,-1.10415581458551,1,"NANA OrderNA SexNA - NANA OrderNA SexNA"
"PR X5 Order1 F - PR X6 Order2 F",3.16666666666666,2.60330424316025,19,1.21640283688953,1,"NANA OrderNA SexNA - NANA OrderNA SexNA"
"PR X5 Order1 F - NR X0 Order1 M",0.333333333333336,2.97518980671232,19,0.112037669859349,1,"NANA OrderNA SexNA - NANA OrderNA SexNA"
"PR X5 Order1 F - PR X0 Order1 M",3.5,2.08937719811991,19,1.67514032561924,1,"NANA OrderNA SexNA - NANA OrderNA SexNA"
"PR X5 Order1 F - NR X1 Order1 M",-1,2.89787177402891,19,-0.345080831029905,1,"NANA OrderNA SexNA - NANA OrderNA SexNA"
"PR X5 Order1 F - PR X1 Order1 M",3.33333333333333,2.19102368661812,19,1.52135887607787,1,"NANA OrderNA SexNA - NANA OrderNA SexNA"
"PR X5 Order1 F - NR X2 Order1 M",0.166666666666668,2.63772673701831,19,0.0631857213742574,1,"NANA OrderNA SexNA - NANA OrderNA SexNA"
"PR X5 Order1 F - PR X2 Order1 M",2,2.24350915606185,19,0.891460591812653,1,"NANA OrderNA SexNA - NANA OrderNA SexNA"
"PR X5 Order1 F - NR X3 Order1 M",-1.33333333333333,2.80141985721067,19,-0.475949126262319,1,"NANA OrderNA SexNA - NANA OrderNA SexNA"
"PR X5 Order1 F - PR X3 Order1 M",-0.66666666666667,2.31528104466595,19,-0.287942005227644,1,"NANA OrderNA SexNA - NANA OrderNA SexNA"
"PR X5 Order1 F - NR X4 Order1 M",-1.16666666666667,2.84646081674885,19,-0.409865704035653,1,"NANA OrderNA SexNA - NANA OrderNA SexNA"
"PR X5 Order1 F - PR X4 Order1 M",-2.33333333333333,2.45098142414839,19,-0.951999599158149,1,"NANA OrderNA SexNA - NANA OrderNA SexNA"
"PR X5 Order1 F - NR X5 Order1 M",-1.33333333333333,2.99795251767696,19,-0.444747982321782,1,"NANA OrderNA SexNA - NANA OrderNA SexNA"
"PR X5 Order1 F - PR X5 Order1 M",-2.66666666666667,2.48763021640421,19,-1.07197068482359,1,"NANA OrderNA SexNA - NANA OrderNA SexNA"
"PR X5 Order1 F - NR X6 Order1 M",-1.66666666666667,3.01889759515928,19,-0.552077907292755,1,"NANA OrderNA SexNA - NANA OrderNA SexNA"
"PR X5 Order1 F - PR X6 Order1 M",-1.33333333333334,2.60330424316025,19,-0.512169615532433,1,"NANA OrderNA SexNA - NANA OrderNA SexNA"
"PR X5 Order1 F - NR X0 Order2 M",-12.3333333333333,2.97518980671232,19,-4.14539378479589,0.793247058725056,"NANA OrderNA SexNA - NANA OrderNA SexNA"
"PR X5 Order1 F - PR X0 Order2 M",4.16666666666666,2.08937719811991,19,1.99421467335624,1,"NANA OrderNA SexNA - NANA OrderNA SexNA"
"PR X5 Order1 F - NR X1 Order2 M",-8.66666666666667,2.89787177402891,19,-2.99070053559251,1,"NANA OrderNA SexNA - NANA OrderNA SexNA"
"PR X5 Order1 F - PR X1 Order2 M",6.5,2.19102368661812,19,2.96664980835185,1,"NANA OrderNA SexNA - NANA OrderNA SexNA"
"PR X5 Order1 F - NR X2 Order2 M",-5.5,2.63772673701831,19,-2.08512880535047,1,"NANA OrderNA SexNA - NANA OrderNA SexNA"
"PR X5 Order1 F - PR X2 Order2 M",5.5,2.24350915606185,19,2.4515166274848,1,"NANA OrderNA SexNA - NANA OrderNA SexNA"
"PR X5 Order1 F - NR X3 Order2 M",-8.33333333333333,2.80141985721067,19,-2.9746820391395,1,"NANA OrderNA SexNA - NANA OrderNA SexNA"
"PR X5 Order1 F - PR X3 Order2 M",4.66666666666666,2.31528104466595,19,2.0155940365935,1,"NANA OrderNA SexNA - NANA OrderNA SexNA"
"PR X5 Order1 F - NR X4 Order2 M",-6.50000000000001,2.84646081674885,19,-2.28353749391292,1,"NANA OrderNA SexNA - NANA OrderNA SexNA"
"PR X5 Order1 F - PR X4 Order2 M",1,2.45098142414839,19,0.407999828210635,1,"NANA OrderNA SexNA - NANA OrderNA SexNA"
"PR X5 Order1 F - NR X5 Order2 M",-4.83333333333333,2.99795251767696,19,-1.61221143591646,1,"NANA OrderNA SexNA - NANA OrderNA SexNA"
"PR X5 Order1 F - PR X5 Order2 M",-1,2.48763021640421,19,-0.401989006808845,1,"NANA OrderNA SexNA - NANA OrderNA SexNA"
"PR X5 Order1 F - NR X6 Order2 M",-7.5,3.01889759515928,19,-2.4843505828174,1,"NANA OrderNA SexNA - NANA OrderNA SexNA"
"PR X5 Order1 F - PR X6 Order2 M",-3.16666666666667,2.60330424316025,19,-1.21640283688953,1,"NANA OrderNA SexNA - NANA OrderNA SexNA"
"NR X6 Order1 F - PR X6 Order1 F",5.2,2.30552349727589,19,2.25545304836151,1,"NANA OrderNA SexNA - NANA OrderNA SexNA"
"NR X6 Order1 F - NR X0 Order2 F",5.16666666666667,3.51600351276195,19,1.46947141773703,1,"NANA OrderNA SexNA - NANA OrderNA SexNA"
"NR X6 Order1 F - PR X0 Order2 F",9.33333333333333,2.80642537613471,19,3.32570158918251,1,"NANA OrderNA SexNA - NANA OrderNA SexNA"
"NR X6 Order1 F - NR X1 Order2 F",3,3.4508241239598,19,0.869357548294149,1,"NANA OrderNA SexNA - NANA OrderNA SexNA"
"NR X6 Order1 F - PR X1 Order2 F",9.83333333333333,2.88289977472529,19,3.41091751421374,1,"NANA OrderNA SexNA - NANA OrderNA SexNA"
"NR X6 Order1 F - NR X2 Order2 F",5.16666666666667,3.23544875635062,19,1.59689336959067,1,"NANA OrderNA SexNA - NANA OrderNA SexNA"
"NR X6 Order1 F - PR X2 Order2 F",8.5,2.9229881370137,19,2.90798306444176,1,"NANA OrderNA SexNA - NANA OrderNA SexNA"
"NR X6 Order1 F - NR X3 Order2 F",5,3.37023434380515,19,1.48357635996159,1,"NANA OrderNA SexNA - NANA OrderNA SexNA"
"NR X6 Order1 F - PR X3 Order2 F",9.83333333333333,2.97843123667124,19,3.30151430466573,1,"NANA OrderNA SexNA - NANA OrderNA SexNA"
"NR X6 Order1 F - NR X4 Order2 F",4.33333333333333,3.4077654697875,19,1.27160550564636,1,"NANA OrderNA SexNA - NANA OrderNA SexNA"
"NR X6 Order1 F - PR X4 Order2 F",8.5,3.0850990676654,19,2.75517894679221,1,"NANA OrderNA SexNA - NANA OrderNA SexNA"
"NR X6 Order1 F - NR X5 Order2 F",3.16666666666667,3.53528578958407,19,0.895731450056043,1,"NANA OrderNA SexNA - NANA OrderNA SexNA"
"NR X6 Order1 F - PR X5 Order2 F",7.33333333333333,3.11429452835738,19,2.35473339678032,1,"NANA OrderNA SexNA - NANA OrderNA SexNA"
"NR X6 Order1 F - NR X6 Order2 F",0.666666666666666,3.55306473426083,19,0.187631443986443,1,"NANA OrderNA SexNA - NANA OrderNA SexNA"
"NR X6 Order1 F - PR X6 Order2 F",7.16666666666666,3.20744747396518,19,2.23438317379737,1,"NANA OrderNA SexNA - NANA OrderNA SexNA"
"NR X6 Order1 F - NR X0 Order1 M",4.33333333333334,3.51600351276195,19,1.23245989874718,1,"NANA OrderNA SexNA - NANA OrderNA SexNA"
"NR X6 Order1 F - PR X0 Order1 M",7.5,2.80642537613471,19,2.67243877702166,1,"NANA OrderNA SexNA - NANA OrderNA SexNA"
"NR X6 Order1 F - NR X1 Order1 M",3,3.4508241239598,19,0.86935754829415,1,"NANA OrderNA SexNA - NANA OrderNA SexNA"
"NR X6 Order1 F - PR X1 Order1 M",7.33333333333333,2.88289977472529,19,2.54373509534584,1,"NANA OrderNA SexNA - NANA OrderNA SexNA"
"NR X6 Order1 F - NR X2 Order1 M",4.16666666666667,3.23544875635062,19,1.28781723354086,1,"NANA OrderNA SexNA - NANA OrderNA SexNA"
"NR X6 Order1 F - PR X2 Order1 M",6,2.9229881370137,19,2.05269392784124,1,"NANA OrderNA SexNA - NANA OrderNA SexNA"
"NR X6 Order1 F - NR X3 Order1 M",2.66666666666667,3.37023434380515,19,0.791240725312851,1,"NANA OrderNA SexNA - NANA OrderNA SexNA"
"NR X6 Order1 F - PR X3 Order1 M",3.33333333333333,2.97843123667124,19,1.11915739141211,1,"NANA OrderNA SexNA - NANA OrderNA SexNA"
"NR X6 Order1 F - NR X4 Order1 M",2.83333333333333,3.4077654697875,19,0.831434369076464,1,"NANA OrderNA SexNA - NANA OrderNA SexNA"
"NR X6 Order1 F - PR X4 Order1 M",1.66666666666666,3.0850990676654,19,0.540231166037688,1,"NANA OrderNA SexNA - NANA OrderNA SexNA"
"NR X6 Order1 F - NR X5 Order1 M",2.66666666666667,3.53528578958407,19,0.754300168468247,1,"NANA OrderNA SexNA - NANA OrderNA SexNA"
"NR X6 Order1 F - PR X5 Order1 M",1.33333333333333,3.11429452835738,19,0.428133344869148,1,"NANA OrderNA SexNA - NANA OrderNA SexNA"
"NR X6 Order1 F - NR X6 Order1 M",2.33333333333333,3.55306473426083,19,0.656710053952551,1,"NANA OrderNA SexNA - NANA OrderNA SexNA"
"NR X6 Order1 F - PR X6 Order1 M",2.66666666666666,3.20744747396518,19,0.831398390250182,1,"NANA OrderNA SexNA - NANA OrderNA SexNA"
"NR X6 Order1 F - NR X0 Order2 M",-8.33333333333334,3.51600351276195,19,-2.37011518989843,1,"NANA OrderNA SexNA - NANA OrderNA SexNA"
"NR X6 Order1 F - PR X0 Order2 M",8.16666666666666,2.80642537613471,19,2.90998889053469,1,"NANA OrderNA SexNA - NANA OrderNA SexNA"
"NR X6 Order1 F - NR X1 Order2 M",-4.66666666666667,3.4508241239598,19,-1.35233396401312,1,"NANA OrderNA SexNA - NANA OrderNA SexNA"
"NR X6 Order1 F - PR X1 Order2 M",10.5,2.88289977472529,19,3.64216615924518,1,"NANA OrderNA SexNA - NANA OrderNA SexNA"
"NR X6 Order1 F - NR X2 Order2 M",-1.5,3.23544875635062,19,-0.463614204074709,1,"NANA OrderNA SexNA - NANA OrderNA SexNA"
"NR X6 Order1 F - PR X2 Order2 M",9.5,2.9229881370137,19,3.25009871908196,1,"NANA OrderNA SexNA - NANA OrderNA SexNA"
"NR X6 Order1 F - NR X3 Order2 M",-4.33333333333333,3.37023434380515,19,-1.28576617863338,1,"NANA OrderNA SexNA - NANA OrderNA SexNA"
"NR X6 Order1 F - PR X3 Order2 M",8.66666666666666,2.97843123667124,19,2.90980921767149,1,"NANA OrderNA SexNA - NANA OrderNA SexNA"
"NR X6 Order1 F - NR X4 Order2 M",-2.50000000000001,3.4077654697875,19,-0.733618560949824,1,"NANA OrderNA SexNA - NANA OrderNA SexNA"
"NR X6 Order1 F - PR X4 Order2 M",5,3.0850990676654,19,1.62069349811307,1,"NANA OrderNA SexNA - NANA OrderNA SexNA"
"NR X6 Order1 F - NR X5 Order2 M",-0.833333333333335,3.53528578958407,19,-0.235718802646328,1,"NANA OrderNA SexNA - NANA OrderNA SexNA"
"NR X6 Order1 F - PR X5 Order2 M",3,3.11429452835738,19,0.963300025955584,1,"NANA OrderNA SexNA - NANA OrderNA SexNA"
"NR X6 Order1 F - NR X6 Order2 M",-3.5,3.55306473426083,19,-0.985065080928827,1,"NANA OrderNA SexNA - NANA OrderNA SexNA"
"NR X6 Order1 F - PR X6 Order2 M",0.833333333333328,3.20744747396518,19,0.259811996953181,1,"NANA OrderNA SexNA - NANA OrderNA SexNA"
"PR X6 Order1 F - NR X0 Order2 F",-0.0333333333333301,3.09166962216722,19,-0.0107816608522239,1,"NANA OrderNA SexNA - NANA OrderNA SexNA"
"PR X6 Order1 F - PR X0 Order2 F",4.13333333333333,2.25214647451938,19,1.83528619479131,1,"NANA OrderNA SexNA - NANA OrderNA SexNA"
"PR X6 Order1 F - NR X1 Order2 F",-2.2,3.01733781426278,19,-0.729119553535148,1,"NANA OrderNA SexNA - NANA OrderNA SexNA"
"PR X6 Order1 F - PR X1 Order2 F",4.63333333333333,2.34675338755232,19,1.97435885590259,1,"NANA OrderNA SexNA - NANA OrderNA SexNA"
"PR X6 Order1 F - NR X2 Order2 F",-0.0333333333333288,2.76844162045147,19,-0.0120404682139885,1,"NANA OrderNA SexNA - NANA OrderNA SexNA"
"PR X6 Order1 F - PR X2 Order2 F",3.3,2.39582971014219,19,1.37739338736398,1,"NANA OrderNA SexNA - NANA OrderNA SexNA"
"PR X6 Order1 F - NR X3 Order2 F",-0.199999999999996,2.92482818008869,19,-0.068380085148773,1,"NANA OrderNA SexNA - NANA OrderNA SexNA"
"PR X6 Order1 F - PR X3 Order2 F",4.63333333333333,2.46316726643891,19,1.88104697413908,1,"NANA OrderNA SexNA - NANA OrderNA SexNA"
"PR X6 Order1 F - NR X4 Order2 F",-0.866666666666666,2.96799694203906,19,-0.292003894745004,1,"NANA OrderNA SexNA - NANA OrderNA SexNA"
"PR X6 Order1 F - PR X4 Order2 F",3.3,2.59113423198937,19,1.2735735413701,1,"NANA OrderNA SexNA - NANA OrderNA SexNA"
"PR X6 Order1 F - NR X5 Order2 F",-2.03333333333333,3.11358089101797,19,-0.653052997337911,1,"NANA OrderNA SexNA - NANA OrderNA SexNA"
"PR X6 Order1 F - PR X5 Order2 F",2.13333333333334,2.62582763338227,19,0.812442258666247,1,"NANA OrderNA SexNA - NANA OrderNA SexNA"
"PR X6 Order1 F - NR X6 Order2 F",-4.53333333333333,3.13375323800792,19,-1.44661464672793,1,"NANA OrderNA SexNA - NANA OrderNA SexNA"
"PR X6 Order1 F - PR X6 Order2 F",1.96666666666667,2.73566438897808,19,0.718899099827565,1,"NANA OrderNA SexNA - NANA OrderNA SexNA"
"PR X6 Order1 F - NR X0 Order1 M",-0.86666666666666,3.09166962216722,19,-0.280323182157846,1,"NANA OrderNA SexNA - NANA OrderNA SexNA"
"PR X6 Order1 F - PR X0 Order1 M",2.3,2.25214647451938,19,1.02124796323065,1,"NANA OrderNA SexNA - NANA OrderNA SexNA"
"PR X6 Order1 F - NR X1 Order1 M",-2.2,3.01733781426278,19,-0.729119553535147,1,"NANA OrderNA SexNA - NANA OrderNA SexNA"
"PR X6 Order1 F - PR X1 Order1 M",2.13333333333333,2.34675338755232,19,0.909057314947955,1,"NANA OrderNA SexNA - NANA OrderNA SexNA"
"PR X6 Order1 F - NR X2 Order1 M",-1.03333333333333,2.76844162045147,19,-0.373254514633693,1,"NANA OrderNA SexNA - NANA OrderNA SexNA"
"PR X6 Order1 F - PR X2 Order1 M",0.800000000000001,2.39582971014219,19,0.333913548451873,1,"NANA OrderNA SexNA - NANA OrderNA SexNA"
"PR X6 Order1 F - NR X3 Order1 M",-2.53333333333333,2.92482818008869,19,-0.866147745217808,1,"NANA OrderNA SexNA - NANA OrderNA SexNA"
"PR X6 Order1 F - PR X3 Order1 M",-1.86666666666667,2.46316726643891,19,-0.757831874473297,1,"NANA OrderNA SexNA - NANA OrderNA SexNA"
"PR X6 Order1 F - NR X4 Order1 M",-2.36666666666667,2.96799694203906,19,-0.797395251034433,1,"NANA OrderNA SexNA - NANA OrderNA SexNA"
"PR X6 Order1 F - PR X4 Order1 M",-3.53333333333333,2.59113423198937,19,-1.36362419581041,1,"NANA OrderNA SexNA - NANA OrderNA SexNA"
"PR X6 Order1 F - NR X5 Order1 M",-2.53333333333333,3.11358089101797,19,-0.813639799961987,1,"NANA OrderNA SexNA - NANA OrderNA SexNA"
"PR X6 Order1 F - PR X5 Order1 M",-3.86666666666667,2.62582763338227,19,-1.47255159383257,1,"NANA OrderNA SexNA - NANA OrderNA SexNA"
"PR X6 Order1 F - NR X6 Order1 M",-2.86666666666666,3.13375323800792,19,-0.914771026607365,1,"NANA OrderNA SexNA - NANA OrderNA SexNA"
"PR X6 Order1 F - PR X6 Order1 M",-2.53333333333333,2.73566438897808,19,-0.926039518421948,1,"NANA OrderNA SexNA - NANA OrderNA SexNA"
"PR X6 Order1 F - NR X0 Order2 M",-13.5333333333333,3.09166962216722,19,-4.37735430600332,0.47204709083052,"NANA OrderNA SexNA - NANA OrderNA SexNA"
"PR X6 Order1 F - PR X0 Order2 M",2.96666666666667,2.25214647451938,19,1.31726186561634,1,"NANA OrderNA SexNA - NANA OrderNA SexNA"
"PR X6 Order1 F - NR X1 Order2 M",-9.86666666666667,3.01733781426278,19,-3.26999072494551,1,"NANA OrderNA SexNA - NANA OrderNA SexNA"
"PR X6 Order1 F - PR X1 Order2 M",5.3,2.34675338755232,19,2.25843926682383,1,"NANA OrderNA SexNA - NANA OrderNA SexNA"
"PR X6 Order1 F - NR X2 Order2 M",-6.69999999999999,2.76844162045147,19,-2.42013411101202,1,"NANA OrderNA SexNA - NANA OrderNA SexNA"
"PR X6 Order1 F - PR X2 Order2 M",4.3,2.39582971014219,19,1.79478532292882,1,"NANA OrderNA SexNA - NANA OrderNA SexNA"
"PR X6 Order1 F - NR X3 Order2 M",-9.53333333333333,2.92482818008869,19,-3.25945072542491,1,"NANA OrderNA SexNA - NANA OrderNA SexNA"
"PR X6 Order1 F - PR X3 Order2 M",3.46666666666667,2.46316726643891,19,1.40740205259327,1,"NANA OrderNA SexNA - NANA OrderNA SexNA"
"PR X6 Order1 F - NR X4 Order2 M",-7.7,2.96799694203906,19,-2.59434229561907,1,"NANA OrderNA SexNA - NANA OrderNA SexNA"
"PR X6 Order1 F - PR X4 Order2 M",-0.199999999999997,2.59113423198937,19,-0.0771862752345504,1,"NANA OrderNA SexNA - NANA OrderNA SexNA"
"PR X6 Order1 F - NR X5 Order2 M",-6.03333333333333,3.11358089101797,19,-1.93774741833052,1,"NANA OrderNA SexNA - NANA OrderNA SexNA"
"PR X6 Order1 F - PR X5 Order2 M",-2.2,2.62582763338227,19,-0.837831079249565,1,"NANA OrderNA SexNA - NANA OrderNA SexNA"
"PR X6 Order1 F - NR X6 Order2 M",-8.7,3.13375323800792,19,-2.77622369702933,1,"NANA OrderNA SexNA - NANA OrderNA SexNA"
"PR X6 Order1 F - PR X6 Order2 M",-4.36666666666667,2.73566438897808,19,-1.59619969622731,1,"NANA OrderNA SexNA - NANA OrderNA SexNA"
"NR X0 Order2 F - PR X0 Order2 F",4.16666666666666,2.42061081653912,19,1.72132861598296,1,"NANA OrderNA SexNA - NANA OrderNA SexNA"
"NR X0 Order2 F - NR X1 Order2 F",-2.16666666666667,1.42871553157913,19,-1.51651369273763,1,"NANA OrderNA SexNA - NANA OrderNA SexNA"
"NR X0 Order2 F - PR X1 Order2 F",4.66666666666666,2.18480933100934,19,2.13596060783517,1,"NANA OrderNA SexNA - NANA OrderNA SexNA"
"NR X0 Order2 F - NR X2 Order2 F",1.33226762955019e-15,1.73323211580315,19,7.68660825865691e-16,1,"NANA OrderNA SexNA - NANA OrderNA SexNA"
"NR X0 Order2 F - PR X2 Order2 F",3.33333333333333,2.18507697885195,19,1.52549926871898,1,"NANA OrderNA SexNA - NANA OrderNA SexNA"
"NR X0 Order2 F - NR X3 Order2 F",-0.166666666666665,1.47186081848993,19,-0.113235344383757,1,"NANA OrderNA SexNA - NANA OrderNA SexNA"
"NR X0 Order2 F - PR X3 Order2 F",4.66666666666666,2.05309636363288,19,2.27298959236826,1,"NANA OrderNA SexNA - NANA OrderNA SexNA"
"NR X0 Order2 F - NR X4 Order2 F",-0.833333333333336,2.25164007801773,19,-0.370100595325598,1,"NANA OrderNA SexNA - NANA OrderNA SexNA"
"NR X0 Order2 F - PR X4 Order2 F",3.33333333333333,2.23056911941577,19,1.49438692767629,1,"NANA OrderNA SexNA - NANA OrderNA SexNA"
"NR X0 Order2 F - NR X5 Order2 F",-2,3.00004873254766,19,-0.666655837387544,1,"NANA OrderNA SexNA - NANA OrderNA SexNA"
"NR X0 Order2 F - PR X5 Order2 F",2.16666666666667,1.98893135960404,19,1.08936221262961,1,"NANA OrderNA SexNA - NANA OrderNA SexNA"
"NR X0 Order2 F - NR X6 Order2 F",-4.5,2.61764145436798,19,-1.71910480424696,1,"NANA OrderNA SexNA - NANA OrderNA SexNA"
"NR X0 Order2 F - PR X6 Order2 F",2,1.55644293820334,19,1.28498125495604,1,"NANA OrderNA SexNA - NANA OrderNA SexNA"
"NR X0 Order2 F - NR X0 Order1 M",-0.83333333333333,3.30947602785507,19,-0.251802196577151,1,"NANA OrderNA SexNA - NANA OrderNA SexNA"
"NR X0 Order2 F - PR X0 Order1 M",2.33333333333333,2.54290665754877,19,0.917585128973056,1,"NANA OrderNA SexNA - NANA OrderNA SexNA"
"NR X0 Order2 F - NR X1 Order1 M",-2.16666666666667,3.24014475165785,19,-0.668694404951529,1,"NANA OrderNA SexNA - NANA OrderNA SexNA"
"NR X0 Order2 F - PR X1 Order1 M",2.16666666666666,2.62706337729109,19,0.824748533056263,1,"NANA OrderNA SexNA - NANA OrderNA SexNA"
"NR X0 Order2 F - NR X2 Order1 M",-0.999999999999998,3.00973080725897,19,-0.332255628173843,1,"NANA OrderNA SexNA - NANA OrderNA SexNA"
"NR X0 Order2 F - PR X2 Order1 M",0.833333333333331,2.67099429544801,19,0.311993677692807,1,"NANA OrderNA SexNA - NANA OrderNA SexNA"
"NR X0 Order2 F - NR X3 Order1 M",-2.5,3.15417666108871,19,-0.792599866342643,1,"NANA OrderNA SexNA - NANA OrderNA SexNA"
"NR X0 Order2 F - PR X3 Order1 M",-1.83333333333334,2.73155697520149,19,-0.671167890685531,1,"NANA OrderNA SexNA - NANA OrderNA SexNA"
"NR X0 Order2 F - NR X4 Order1 M",-2.33333333333334,3.19424738776899,19,-0.73047984394316,1,"NANA OrderNA SexNA - NANA OrderNA SexNA"
"NR X0 Order2 F - PR X4 Order1 M",-3.5,2.84748786380257,19,-1.22915361448672,1,"NANA OrderNA SexNA - NANA OrderNA SexNA"
"NR X0 Order2 F - NR X5 Order1 M",-2.5,3.32995442780049,19,-0.750761025174542,1,"NANA OrderNA SexNA - NANA OrderNA SexNA"
"NR X0 Order2 F - PR X5 Order1 M",-3.83333333333334,2.87909383079984,19,-1.33143744477004,1,"NANA OrderNA SexNA - NANA OrderNA SexNA"
"NR X0 Order2 F - NR X6 Order1 M",-2.83333333333333,3.34882365660555,19,-0.846068238841,1,"NANA OrderNA SexNA - NANA OrderNA SexNA"
"NR X0 Order2 F - PR X6 Order1 M",-2.5,2.97960906419594,19,-0.839036244734555,1,"NANA OrderNA SexNA - NANA OrderNA SexNA"
"NR X0 Order2 F - NR X0 Order2 M",-13.5,3.30947602785507,19,-4.07919558454986,0.916917602989986,"NANA OrderNA SexNA - NANA OrderNA SexNA"
"NR X0 Order2 F - PR X0 Order2 M",3,2.54290665754877,19,1.17975230867964,1,"NANA OrderNA SexNA - NANA OrderNA SexNA"
"NR X0 Order2 F - NR X1 Order2 M",-9.83333333333334,3.24014475165785,19,-3.03484383785694,1,"NANA OrderNA SexNA - NANA OrderNA SexNA"
"NR X0 Order2 F - PR X1 Order2 M",5.33333333333333,2.62706337729109,19,2.03015023521542,1,"NANA OrderNA SexNA - NANA OrderNA SexNA"
"NR X0 Order2 F - NR X2 Order2 M",-6.66666666666666,3.00973080725897,19,-2.21503752115896,1,"NANA OrderNA SexNA - NANA OrderNA SexNA"
"NR X0 Order2 F - PR X2 Order2 M",4.33333333333333,2.67099429544801,19,1.6223671240026,1,"NANA OrderNA SexNA - NANA OrderNA SexNA"
"NR X0 Order2 F - NR X3 Order2 M",-9.5,3.15417666108871,19,-3.01187949210205,1,"NANA OrderNA SexNA - NANA OrderNA SexNA"
"NR X0 Order2 F - PR X3 Order2 M",3.5,2.73155697520149,19,1.28132051858147,1,"NANA OrderNA SexNA - NANA OrderNA SexNA"
"NR X0 Order2 F - NR X4 Order2 M",-7.66666666666667,3.19424738776899,19,-2.40014805867038,1,"NANA OrderNA SexNA - NANA OrderNA SexNA"
"NR X0 Order2 F - PR X4 Order2 M",-0.166666666666667,2.84748786380257,19,-0.0585311244993676,1,"NANA OrderNA SexNA - NANA OrderNA SexNA"
"NR X0 Order2 F - NR X5 Order2 M",-6,3.32995442780049,19,-1.8018264604189,1,"NANA OrderNA SexNA - NANA OrderNA SexNA"
"NR X0 Order2 F - PR X5 Order2 M",-2.16666666666667,2.87909383079984,19,-0.75255159921785,1,"NANA OrderNA SexNA - NANA OrderNA SexNA"
"NR X0 Order2 F - NR X6 Order2 M",-8.66666666666667,3.34882365660555,19,-2.58797343645483,1,"NANA OrderNA SexNA - NANA OrderNA SexNA"
"NR X0 Order2 F - PR X6 Order2 M",-4.33333333333334,2.97960906419594,19,-1.45432949087323,1,"NANA OrderNA SexNA - NANA OrderNA SexNA"
"PR X0 Order2 F - NR X1 Order2 F",-6.33333333333333,2.48586648147938,19,-2.54773672702013,1,"NANA OrderNA SexNA - NANA OrderNA SexNA"
"PR X0 Order2 F - PR X1 Order2 F",0.500000000000001,1.12572263990217,19,0.444159140339803,1,"NANA OrderNA SexNA - NANA OrderNA SexNA"
"PR X0 Order2 F - NR X2 Order2 F",-4.16666666666666,2.0974085932449,19,-1.98657842829776,1,"NANA OrderNA SexNA - NANA OrderNA SexNA"
"PR X0 Order2 F - PR X2 Order2 F",-0.833333333333333,1.17304023452432,19,-0.710404731915492,1,"NANA OrderNA SexNA - NANA OrderNA SexNA"
"PR X0 Order2 F - NR X3 Order2 F",-4.33333333333333,2.18781848141073,19,-1.98066401310366,1,"NANA OrderNA SexNA - NANA OrderNA SexNA"
"PR X0 Order2 F - PR X3 Order2 F",0.500000000000001,1.42358989429347,19,0.351224746680399,1,"NANA OrderNA SexNA - NANA OrderNA SexNA"
"PR X0 Order2 F - NR X4 Order2 F",-5,2.39272777365717,19,-2.08966521601316,1,"NANA OrderNA SexNA - NANA OrderNA SexNA"
"PR X0 Order2 F - PR X4 Order2 F",-0.833333333333331,1.91325019686121,19,-0.435558995211634,1,"NANA OrderNA SexNA - NANA OrderNA SexNA"
"PR X0 Order2 F - NR X5 Order2 F",-6.16666666666666,2.62054411563482,19,-2.35320086003314,1,"NANA OrderNA SexNA - NANA OrderNA SexNA"
"PR X0 Order2 F - PR X5 Order2 F",-2,1.76929628856366,19,-1.13039292114473,1,"NANA OrderNA SexNA - NANA OrderNA SexNA"
"PR X0 Order2 F - NR X6 Order2 F",-8.66666666666666,2.54210163088622,19,-3.40925262836377,1,"NANA OrderNA SexNA - NANA OrderNA SexNA"
"PR X0 Order2 F - PR X6 Order2 F",-2.16666666666667,1.746676041223,19,-1.24045135762531,1,"NANA OrderNA SexNA - NANA OrderNA SexNA"
"PR X0 Order2 F - NR X0 Order1 M",-4.99999999999999,2.54290665754877,19,-1.96625384779941,1,"NANA OrderNA SexNA - NANA OrderNA SexNA"
"PR X0 Order2 F - PR X0 Order1 M",-1.83333333333333,1.40716628692714,19,-1.30285478721695,1,"NANA OrderNA SexNA - NANA OrderNA SexNA"
"PR X0 Order2 F - NR X1 Order1 M",-6.33333333333333,2.45199524912965,19,-2.58293050754539,1,"NANA OrderNA SexNA - NANA OrderNA SexNA"
"PR X0 Order2 F - PR X1 Order1 M",-2,1.55409287958042,19,-1.28692437001575,1,"NANA OrderNA SexNA - NANA OrderNA SexNA"
"PR X0 Order2 F - NR X2 Order1 M",-5.16666666666666,2.13827552532928,19,-2.4162773250987,1,"NANA OrderNA SexNA - NANA OrderNA SexNA"
"PR X0 Order2 F - PR X2 Order1 M",-3.33333333333333,1.62725327357921,19,-2.04844162089256,1,"NANA OrderNA SexNA - NANA OrderNA SexNA"
"PR X0 Order2 F - NR X3 Order1 M",-6.66666666666666,2.33721481670282,19,-2.85239791354375,1,"NANA OrderNA SexNA - NANA OrderNA SexNA"
"PR X0 Order2 F - PR X3 Order1 M",-6,1.72486121146903,19,-3.47854074293312,1,"NANA OrderNA SexNA - NANA OrderNA SexNA"
"PR X0 Order2 F - NR X4 Order1 M",-6.5,2.39101632456315,19,-2.71850925199667,1,"NANA OrderNA SexNA - NANA OrderNA SexNA"
"PR X0 Order2 F - PR X4 Order1 M",-7.66666666666667,1.90313683810739,19,-4.02843690120092,1,"NANA OrderNA SexNA - NANA OrderNA SexNA"
"PR X0 Order2 F - NR X5 Order1 M",-6.66666666666666,2.56950173794192,19,-2.59453674158883,1,"NANA OrderNA SexNA - NANA OrderNA SexNA"
"PR X0 Order2 F - PR X5 Order1 M",-8,1.95010870892066,19,-4.10233540489537,0.871545642917646,"NANA OrderNA SexNA - NANA OrderNA SexNA"
"PR X0 Order2 F - NR X6 Order1 M",-7,2.59390874417344,19,-2.69863001762253,1,"NANA OrderNA SexNA - NANA OrderNA SexNA"
"PR X0 Order2 F - PR X6 Order1 M",-6.66666666666667,2.09566525606956,19,-3.18116962971943,1,"NANA OrderNA SexNA - NANA OrderNA SexNA"
"PR X0 Order2 F - NR X0 Order2 M",-17.6666666666667,2.54290665754877,19,-6.94743026222458,0.00195044052477107,"NANA OrderNA SexNA - NANA OrderNA SexNA"
"PR X0 Order2 F - PR X0 Order2 M",-1.16666666666667,1.40716628692714,19,-0.829089410047151,1,"NANA OrderNA SexNA - NANA OrderNA SexNA"
"PR X0 Order2 F - NR X1 Order2 M",-14,2.45199524912965,19,-5.70963585878454,0.025143717787949,"NANA OrderNA SexNA - NANA OrderNA SexNA"
"PR X0 Order2 F - PR X1 Order2 M",1.16666666666667,1.55409287958042,19,0.750705882509188,1,"NANA OrderNA SexNA - NANA OrderNA SexNA"
"PR X0 Order2 F - NR X2 Order2 M",-10.8333333333333,2.13827552532928,19,-5.06638793972309,0.102292005956095,"NANA OrderNA SexNA - NANA OrderNA SexNA"
"PR X0 Order2 F - PR X2 Order2 M",0.166666666666667,1.62725327357921,19,0.102422081044629,1,"NANA OrderNA SexNA - NANA OrderNA SexNA"
"PR X0 Order2 F - NR X3 Order2 M",-13.6666666666667,2.33721481670282,19,-5.84741572276469,0.0187471897029676,"NANA OrderNA SexNA - NANA OrderNA SexNA"
"PR X0 Order2 F - PR X3 Order2 M",-0.666666666666666,1.72486121146903,19,-0.386504526992568,1,"NANA OrderNA SexNA - NANA OrderNA SexNA"
"PR X0 Order2 F - NR X4 Order2 M",-11.8333333333333,2.39101632456315,19,-4.94908094594266,0.132198796470639,"NANA OrderNA SexNA - NANA OrderNA SexNA"
"PR X0 Order2 F - PR X4 Order2 M",-4.33333333333333,1.90313683810739,19,-2.27694259633095,1,"NANA OrderNA SexNA - NANA OrderNA SexNA"
"PR X0 Order2 F - NR X5 Order2 M",-10.1666666666667,2.56950173794192,19,-3.95666853092297,1,"NANA OrderNA SexNA - NANA OrderNA SexNA"
"PR X0 Order2 F - PR X5 Order2 M",-6.33333333333333,1.95010870892066,19,-3.24768219554216,1,"NANA OrderNA SexNA - NANA OrderNA SexNA"
"PR X0 Order2 F - NR X6 Order2 M",-12.8333333333333,2.59390874417344,19,-4.94748836564131,0.132581299013646,"NANA OrderNA SexNA - NANA OrderNA SexNA"
"PR X0 Order2 F - PR X6 Order2 M",-8.5,2.09566525606956,19,-4.05599127789228,0.963447504449298,"NANA OrderNA SexNA - NANA OrderNA SexNA"
"NR X1 Order2 F - PR X1 Order2 F",6.83333333333333,1.95160752453575,19,3.5013870603716,1,"NANA OrderNA SexNA - NANA OrderNA SexNA"
"NR X1 Order2 F - NR X2 Order2 F",2.16666666666667,1.21864175182793,19,1.77793569227111,1,"NANA OrderNA SexNA - NANA OrderNA SexNA"
"NR X1 Order2 F - PR X2 Order2 F",5.5,1.9901805730763,19,2.7635683286258,1,"NANA OrderNA SexNA - NANA OrderNA SexNA"
"NR X1 Order2 F - NR X3 Order2 F",2,1.06567936764295,19,1.87673709440726,1,"NANA OrderNA SexNA - NANA OrderNA SexNA"
"NR X1 Order2 F - PR X3 Order2 F",6.83333333333333,1.73786519574922,19,3.93202726543319,1,"NANA OrderNA SexNA - NANA OrderNA SexNA"
"NR X1 Order2 F - NR X4 Order2 F",1.33333333333333,1.49208437746452,19,0.893604512902313,1,"NANA OrderNA SexNA - NANA OrderNA SexNA"
"NR X1 Order2 F - PR X4 Order2 F",5.5,1.64414609273903,19,3.34520151481029,1,"NANA OrderNA SexNA - NANA OrderNA SexNA"
"NR X1 Order2 F - NR X5 Order2 F",0.166666666666669,2.20803953689494,19,0.0754817401961216,1,"NANA OrderNA SexNA - NANA OrderNA SexNA"
"NR X1 Order2 F - PR X5 Order2 F",4.33333333333334,1.91760084023139,19,2.2597681657307,1,"NANA OrderNA SexNA - NANA OrderNA SexNA"
"NR X1 Order2 F - NR X6 Order2 F",-2.33333333333333,2.13307290077015,19,-1.09388353885649,1,"NANA OrderNA SexNA - NANA OrderNA SexNA"
"NR X1 Order2 F - PR X6 Order2 F",4.16666666666667,1.51850187791006,19,2.74393250827014,1,"NANA OrderNA SexNA - NANA OrderNA SexNA"
"NR X1 Order2 F - NR X0 Order1 M",1.33333333333334,3.24014475165785,19,0.411504249200943,1,"NANA OrderNA SexNA - NANA OrderNA SexNA"
"NR X1 Order2 F - PR X0 Order1 M",4.5,2.45199524912965,19,1.83524009746646,1,"NANA OrderNA SexNA - NANA OrderNA SexNA"
"NR X1 Order2 F - NR X1 Order1 M",2.22044604925031e-15,3.16929715306792,19,7.00611505330414e-16,1,"NANA OrderNA SexNA - NANA OrderNA SexNA"
"NR X1 Order2 F - PR X1 Order1 M",4.33333333333333,2.53916687538504,19,1.70659651216355,1,"NANA OrderNA SexNA - NANA OrderNA SexNA"
"NR X1 Order2 F - NR X2 Order1 M",1.16666666666667,2.93332336521432,19,0.39772862429759,1,"NANA OrderNA SexNA - NANA OrderNA SexNA"
"NR X1 Order2 F - PR X2 Order1 M",3,2.58459222297529,19,1.16072468737313,1,"NANA OrderNA SexNA - NANA OrderNA SexNA"
"NR X1 Order2 F - NR X3 Order1 M",-0.333333333333328,3.08135308624397,19,-0.108177584328593,1,"NANA OrderNA SexNA - NANA OrderNA SexNA"
"NR X1 Order2 F - PR X3 Order1 M",0.333333333333333,2.64713239969603,19,0.125922425856602,1,"NANA OrderNA SexNA - NANA OrderNA SexNA"
"NR X1 Order2 F - NR X4 Order1 M",-0.166666666666667,3.12235853274693,19,-0.0533784525123192,1,"NANA OrderNA SexNA - NANA OrderNA SexNA"
"NR X1 Order2 F - PR X4 Order1 M",-1.33333333333333,2.76660325439906,19,-0.481938756926298,1,"NANA OrderNA SexNA - NANA OrderNA SexNA"
"NR X1 Order2 F - NR X5 Order1 M",-0.333333333333331,3.26105855880826,19,-0.102216297966494,1,"NANA OrderNA SexNA - NANA OrderNA SexNA"
"NR X1 Order2 F - PR X5 Order1 M",-1.66666666666667,2.79912266956956,19,-0.595424661014573,1,"NANA OrderNA SexNA - NANA OrderNA SexNA"
"NR X1 Order2 F - NR X6 Order1 M",-0.666666666666664,3.28032411749045,19,-0.203231949889356,1,"NANA OrderNA SexNA - NANA OrderNA SexNA"
"NR X1 Order2 F - PR X6 Order1 M",-0.333333333333333,2.90240875966621,19,-0.114847135925702,1,"NANA OrderNA SexNA - NANA OrderNA SexNA"
"NR X1 Order2 F - NR X0 Order2 M",-11.3333333333333,3.24014475165785,19,-3.497786118208,1,"NANA OrderNA SexNA - NANA OrderNA SexNA"
"NR X1 Order2 F - PR X0 Order2 M",5.16666666666667,2.45199524912965,19,2.10712751931334,1,"NANA OrderNA SexNA - NANA OrderNA SexNA"
"NR X1 Order2 F - NR X1 Order2 M",-7.66666666666667,3.16929715306792,19,-2.41904318099211,1,"NANA OrderNA SexNA - NANA OrderNA SexNA"
"NR X1 Order2 F - PR X1 Order2 M",7.5,2.53916687538504,19,2.95372473259076,1,"NANA OrderNA SexNA - NANA OrderNA SexNA"
"NR X1 Order2 F - NR X2 Order2 M",-4.49999999999999,2.93332336521432,19,-1.5340961222907,1,"NANA OrderNA SexNA - NANA OrderNA SexNA"
"NR X1 Order2 F - PR X2 Order2 M",6.5,2.58459222297529,19,2.51490348930844,1,"NANA OrderNA SexNA - NANA OrderNA SexNA"
"NR X1 Order2 F - NR X3 Order2 M",-7.33333333333333,3.08135308624397,19,-2.37990685522908,1,"NANA OrderNA SexNA - NANA OrderNA SexNA"
"NR X1 Order2 F - PR X3 Order2 M",5.66666666666667,2.64713239969603,19,2.14068123956224,1,"NANA OrderNA SexNA - NANA OrderNA SexNA"
"NR X1 Order2 F - NR X4 Order2 M",-5.5,3.12235853274693,19,-1.76148893290654,1,"NANA OrderNA SexNA - NANA OrderNA SexNA"
"NR X1 Order2 F - PR X4 Order2 M",2,2.76660325439906,19,0.722908135389448,1,"NANA OrderNA SexNA - NANA OrderNA SexNA"
"NR X1 Order2 F - NR X5 Order2 M",-3.83333333333333,3.26105855880826,19,-1.17548742661469,1,"NANA OrderNA SexNA - NANA OrderNA SexNA"
"NR X1 Order2 F - PR X5 Order2 M",2.77555756156289e-15,2.79912266956956,19,9.91581252132013e-16,1,"NANA OrderNA SexNA - NANA OrderNA SexNA"
"NR X1 Order2 F - NR X6 Order2 M",-6.5,3.28032411749045,19,-1.98151151142123,1,"NANA OrderNA SexNA - NANA OrderNA SexNA"
"NR X1 Order2 F - PR X6 Order2 M",-2.16666666666667,2.90240875966621,19,-0.746506383517064,1,"NANA OrderNA SexNA - NANA OrderNA SexNA"
"PR X1 Order2 F - NR X2 Order2 F",-4.66666666666666,1.84240181405806,19,-2.53292557088179,1,"NANA OrderNA SexNA - NANA OrderNA SexNA"
"PR X1 Order2 F - PR X2 Order2 F",-1.33333333333333,1.05741602738504,19,-1.26093543014534,1,"NANA OrderNA SexNA - NANA OrderNA SexNA"
"PR X1 Order2 F - NR X3 Order2 F",-4.83333333333333,1.90980847758424,19,-2.53079478390793,1,"NANA OrderNA SexNA - NANA OrderNA SexNA"
"PR X1 Order2 F - PR X3 Order2 F",2.77555756156289e-17,0.973478720216035,19,2.85117435432686e-17,1,"NANA OrderNA SexNA - NANA OrderNA SexNA"
"PR X1 Order2 F - NR X4 Order2 F",-5.5,2.00394348066112,19,-2.74458838439171,1,"NANA OrderNA SexNA - NANA OrderNA SexNA"
"PR X1 Order2 F - PR X4 Order2 F",-1.33333333333333,1.48491439491774,19,-0.897919326458678,1,"NANA OrderNA SexNA - NANA OrderNA SexNA"
"PR X1 Order2 F - NR X5 Order2 F",-6.66666666666667,2.26568606239552,19,-2.9424494316825,1,"NANA OrderNA SexNA - NANA OrderNA SexNA"
"PR X1 Order2 F - PR X5 Order2 F",-2.5,1.69571182589826,19,-1.47430710915499,1,"NANA OrderNA SexNA - NANA OrderNA SexNA"
"PR X1 Order2 F - NR X6 Order2 F",-9.16666666666666,2.30490197175828,19,-3.97703103168155,1,"NANA OrderNA SexNA - NANA OrderNA SexNA"
"PR X1 Order2 F - PR X6 Order2 F",-2.66666666666667,1.62761260962722,19,-1.63839150108171,1,"NANA OrderNA SexNA - NANA OrderNA SexNA"
"PR X1 Order2 F - NR X0 Order1 M",-5.49999999999999,2.62706337729109,19,-2.0935924300659,1,"NANA OrderNA SexNA - NANA OrderNA SexNA"
"PR X1 Order2 F - PR X0 Order1 M",-2.33333333333333,1.55409287958042,19,-1.50141176501838,1,"NANA OrderNA SexNA - NANA OrderNA SexNA"
"PR X1 Order2 F - NR X1 Order1 M",-6.83333333333333,2.53916687538504,19,-2.69117142302714,1,"NANA OrderNA SexNA - NANA OrderNA SexNA"
"PR X1 Order2 F - PR X1 Order1 M",-2.5,1.68828090010544,19,-1.48079623470471,1,"NANA OrderNA SexNA - NANA OrderNA SexNA"
"PR X1 Order2 F - NR X2 Order1 M",-5.66666666666666,2.23770193312703,19,-2.53235991030668,1,"NANA OrderNA SexNA - NANA OrderNA SexNA"
"PR X1 Order2 F - PR X2 Order1 M",-3.83333333333333,1.75585903069481,19,-2.18316690937111,1,"NANA OrderNA SexNA - NANA OrderNA SexNA"
"PR X1 Order2 F - NR X3 Order1 M",-7.16666666666666,2.42850999971453,19,-2.95105503683703,1,"NANA OrderNA SexNA - NANA OrderNA SexNA"
"PR X1 Order2 F - PR X3 Order1 M",-6.5,1.84668186706012,19,-3.5198266230598,1,"NANA OrderNA SexNA - NANA OrderNA SexNA"
"PR X1 Order2 F - NR X4 Order1 M",-7,2.48033199060645,19,-2.82220284482501,1,"NANA OrderNA SexNA - NANA OrderNA SexNA"
"PR X1 Order2 F - PR X4 Order1 M",-8.16666666666667,2.01420394793071,19,-4.05453810923998,0.965297488848608,"NANA OrderNA SexNA - NANA OrderNA SexNA"
"PR X1 Order2 F - NR X5 Order1 M",-7.16666666666667,2.6528149013048,19,-2.70153287481223,1,"NANA OrderNA SexNA - NANA OrderNA SexNA"
"PR X1 Order2 F - PR X5 Order1 M",-8.5,2.05864316866873,19,-4.12893313876087,0.822478824326398,"NANA OrderNA SexNA - NANA OrderNA SexNA"
"PR X1 Order2 F - NR X6 Order1 M",-7.5,2.67646227180539,19,-2.80220650931908,1,"NANA OrderNA SexNA - NANA OrderNA SexNA"
"PR X1 Order2 F - PR X6 Order1 M",-7.16666666666667,2.19702084304982,19,-3.26199302539078,1,"NANA OrderNA SexNA - NANA OrderNA SexNA"
"PR X1 Order2 F - NR X0 Order2 M",-18.1666666666667,2.62706337729109,19,-6.91519923870253,0.00207896521293576,"NANA OrderNA SexNA - NANA OrderNA SexNA"
"PR X1 Order2 F - PR X0 Order2 M",-1.66666666666667,1.55409287958042,19,-1.07243697501313,1,"NANA OrderNA SexNA - NANA OrderNA SexNA"
"PR X1 Order2 F - NR X1 Order2 M",-14.5,2.53916687538504,19,-5.71053448300881,0.0251116878815024,"NANA OrderNA SexNA - NANA OrderNA SexNA"
"PR X1 Order2 F - PR X1 Order2 M",0.666666666666667,1.68828090010544,19,0.394878995921255,1,"NANA OrderNA SexNA - NANA OrderNA SexNA"
"PR X1 Order2 F - NR X2 Order2 M",-11.3333333333333,2.23770193312703,19,-5.06471982061336,0.102603896002158,"NANA OrderNA SexNA - NANA OrderNA SexNA"
"PR X1 Order2 F - PR X2 Order2 M",-0.333333333333333,1.75585903069481,19,-0.189840600814879,1,"NANA OrderNA SexNA - NANA OrderNA SexNA"
"PR X1 Order2 F - NR X3 Order2 M",-14.1666666666667,2.42850999971453,19,-5.83348088677089,0.0193025186454363,"NANA OrderNA SexNA - NANA OrderNA SexNA"
"PR X1 Order2 F - PR X3 Order2 M",-1.16666666666667,1.84668186706012,19,-0.631763752856888,1,"NANA OrderNA SexNA - NANA OrderNA SexNA"
"PR X1 Order2 F - NR X4 Order2 M",-12.3333333333333,2.48033199060645,19,-4.97245263135836,0.125635672461497,"NANA OrderNA SexNA - NANA OrderNA SexNA"
"PR X1 Order2 F - PR X4 Order2 M",-4.83333333333333,2.01420394793071,19,-2.39962459526447,1,"NANA OrderNA SexNA - NANA OrderNA SexNA"
"PR X1 Order2 F - NR X5 Order2 M",-10.6666666666667,2.6528149013048,19,-4.02088613925541,1,"NANA OrderNA SexNA - NANA OrderNA SexNA"
"PR X1 Order2 F - PR X5 Order2 M",-6.83333333333333,2.05864316866873,19,-3.3193384056705,1,"NANA OrderNA SexNA - NANA OrderNA SexNA"
"PR X1 Order2 F - NR X6 Order2 M",-13.3333333333333,2.67646227180539,19,-4.9817004610117,0.123148463444886,"NANA OrderNA SexNA - NANA OrderNA SexNA"
"PR X1 Order2 F - PR X6 Order2 M",-9,2.19702084304982,19,-4.09645635746749,0.882094712010836,"NANA OrderNA SexNA - NANA OrderNA SexNA"
"NR X2 Order2 F - PR X2 Order2 F",3.33333333333333,1.62590505610321,19,2.05014021010691,1,"NANA OrderNA SexNA - NANA OrderNA SexNA"
"NR X2 Order2 F - NR X3 Order2 F",-0.166666666666667,1.03942741772822,19,-0.160344689608954,1,"NANA OrderNA SexNA - NANA OrderNA SexNA"
"NR X2 Order2 F - PR X3 Order2 F",4.66666666666666,1.47553142374405,19,3.16270232647798,1,"NANA OrderNA SexNA - NANA OrderNA SexNA"
"NR X2 Order2 F - NR X4 Order2 F",-0.833333333333338,1.32508413061827,19,-0.628890886305094,1,"NANA OrderNA SexNA - NANA OrderNA SexNA"
"NR X2 Order2 F - PR X4 Order2 F",3.33333333333333,1.39275485347255,19,2.39333815640444,1,"NANA OrderNA SexNA - NANA OrderNA SexNA"
"NR X2 Order2 F - NR X5 Order2 F",-2,1.91493056383971,19,-1.04442429285254,1,"NANA OrderNA SexNA - NANA OrderNA SexNA"
"NR X2 Order2 F - PR X5 Order2 F",2.16666666666667,1.72790986877785,19,1.25392342842463,1,"NANA OrderNA SexNA - NANA OrderNA SexNA"
"NR X2 Order2 F - NR X6 Order2 F",-4.5,1.85324119422611,19,-2.42817827167885,1,"NANA OrderNA SexNA - NANA OrderNA SexNA"
"NR X2 Order2 F - PR X6 Order2 F",2,1.27607310648701,19,1.5673083225662,1,"NANA OrderNA SexNA - NANA OrderNA SexNA"
"NR X2 Order2 F - NR X0 Order1 M",-0.833333333333332,3.00973080725897,19,-0.276879690144869,1,"NANA OrderNA SexNA - NANA OrderNA SexNA"
"NR X2 Order2 F - PR X0 Order1 M",2.33333333333333,2.13827552532928,19,1.09122201778651,1,"NANA OrderNA SexNA - NANA OrderNA SexNA"
"NR X2 Order2 F - NR X1 Order1 M",-2.16666666666667,2.93332336521432,19,-0.738638873695523,1,"NANA OrderNA SexNA - NANA OrderNA SexNA"
"NR X2 Order2 F - PR X1 Order1 M",2.16666666666666,2.23770193312703,19,0.968255259823141,1,"NANA OrderNA SexNA - NANA OrderNA SexNA"
"NR X2 Order2 F - NR X2 Order1 M",-1,2.6766261385147,19,-0.373604660587718,1,"NANA OrderNA SexNA - NANA OrderNA SexNA"
"NR X2 Order2 F - PR X2 Order1 M",0.83333333333333,2.2891174018674,19,0.364041325557841,1,"NANA OrderNA SexNA - NANA OrderNA SexNA"
"NR X2 Order2 F - NR X3 Order1 M",-2.5,2.83807652514394,19,-0.880878291283285,1,"NANA OrderNA SexNA - NANA OrderNA SexNA"
"NR X2 Order2 F - PR X3 Order1 M",-1.83333333333334,2.35950237592343,19,-0.776999994592433,1,"NANA OrderNA SexNA - NANA OrderNA SexNA"
"NR X2 Order2 F - NR X4 Order1 M",-2.33333333333334,2.88254476591178,19,-0.809469938134779,1,"NANA OrderNA SexNA - NANA OrderNA SexNA"
"NR X2 Order2 F - PR X4 Order1 M",-3.5,2.49279663986441,19,-1.40404553826355,1,"NANA OrderNA SexNA - NANA OrderNA SexNA"
"NR X2 Order2 F - NR X5 Order1 M",-2.5,3.03223423311004,19,-0.82447456489397,1,"NANA OrderNA SexNA - NANA OrderNA SexNA"
"NR X2 Order2 F - PR X5 Order1 M",-3.83333333333334,2.52883950454869,19,-1.51584682477406,1,"NANA OrderNA SexNA - NANA OrderNA SexNA"
"NR X2 Order2 F - NR X6 Order1 M",-2.83333333333333,3.05294412596387,19,-0.928065898500123,1,"NANA OrderNA SexNA - NANA OrderNA SexNA"
"NR X2 Order2 F - PR X6 Order1 M",-2.5,2.64271037547722,19,-0.945998480650211,1,"NANA OrderNA SexNA - NANA OrderNA SexNA"
"NR X2 Order2 F - NR X0 Order2 M",-13.5,3.00973080725897,19,-4.4854509803469,0.370747265251781,"NANA OrderNA SexNA - NANA OrderNA SexNA"
"NR X2 Order2 F - PR X0 Order2 M",3,2.13827552532928,19,1.40299973715408,1,"NANA OrderNA SexNA - NANA OrderNA SexNA"
"NR X2 Order2 F - NR X1 Order2 M",-9.83333333333334,2.93332336521432,19,-3.35228411907968,1,"NANA OrderNA SexNA - NANA OrderNA SexNA"
"NR X2 Order2 F - PR X1 Order2 M",5.33333333333333,2.23770193312703,19,2.38339756264158,1,"NANA OrderNA SexNA - NANA OrderNA SexNA"
"NR X2 Order2 F - NR X2 Order2 M",-6.66666666666667,2.6766261385147,19,-2.49069773725146,1,"NANA OrderNA SexNA - NANA OrderNA SexNA"
"NR X2 Order2 F - PR X2 Order2 M",4.33333333333333,2.2891174018674,19,1.89301489290078,1,"NANA OrderNA SexNA - NANA OrderNA SexNA"
"NR X2 Order2 F - NR X3 Order2 M",-9.5,2.83807652514394,19,-3.34733750687649,1,"NANA OrderNA SexNA - NANA OrderNA SexNA"
"NR X2 Order2 F - PR X3 Order2 M",3.5,2.35950237592343,19,1.4833636260401,1,"NANA OrderNA SexNA - NANA OrderNA SexNA"
"NR X2 Order2 F - NR X4 Order2 M",-7.66666666666667,2.88254476591178,19,-2.6596869395857,1,"NANA OrderNA SexNA - NANA OrderNA SexNA"
"NR X2 Order2 F - PR X4 Order2 M",-0.166666666666668,2.49279663986441,19,-0.066859311345884,1,"NANA OrderNA SexNA - NANA OrderNA SexNA"
"NR X2 Order2 F - NR X5 Order2 M",-6,3.03223423311004,19,-1.97873895574553,1,"NANA OrderNA SexNA - NANA OrderNA SexNA"
"NR X2 Order2 F - PR X5 Order2 M",-2.16666666666667,2.52883950454869,19,-0.856782987915771,1,"NANA OrderNA SexNA - NANA OrderNA SexNA"
"NR X2 Order2 F - NR X6 Order2 M",-8.66666666666667,3.05294412596387,19,-2.83878980717685,1,"NANA OrderNA SexNA - NANA OrderNA SexNA"
"NR X2 Order2 F - PR X6 Order2 M",-4.33333333333334,2.64271037547722,19,-1.6397306997937,1,"NANA OrderNA SexNA - NANA OrderNA SexNA"
"PR X2 Order2 F - NR X3 Order2 F",-3.5,1.7493524282227,19,-2.00074035599328,1,"NANA OrderNA SexNA - NANA OrderNA SexNA"
"PR X2 Order2 F - PR X3 Order2 F",1.33333333333333,0.880091701761113,19,1.51499364289569,1,"NANA OrderNA SexNA - NANA OrderNA SexNA"
"PR X2 Order2 F - NR X4 Order2 F",-4.16666666666667,1.8085243249451,19,-2.30390413288644,1,"NANA OrderNA SexNA - NANA OrderNA SexNA"
"PR X2 Order2 F - PR X4 Order2 F",1.82926590541754e-15,1.35734949840441,19,1.34767494117608e-15,1,"NANA OrderNA SexNA - NANA OrderNA SexNA"
"PR X2 Order2 F - NR X5 Order2 F",-5.33333333333333,2.15374011691942,19,-2.47631238859116,1,"NANA OrderNA SexNA - NANA OrderNA SexNA"
"PR X2 Order2 F - PR X5 Order2 F",-1.16666666666666,1.29664434202583,19,-0.89975842168401,1,"NANA OrderNA SexNA - NANA OrderNA SexNA"
"PR X2 Order2 F - NR X6 Order2 F",-7.83333333333333,1.94703252990663,19,-4.02321646557645,1,"NANA OrderNA SexNA - NANA OrderNA SexNA"
"PR X2 Order2 F - PR X6 Order2 F",-1.33333333333333,1.41048703794488,19,-0.945299954883695,1,"NANA OrderNA SexNA - NANA OrderNA SexNA"
"PR X2 Order2 F - NR X0 Order1 M",-4.16666666666666,2.67099429544801,19,-1.55996838846404,1,"NANA OrderNA SexNA - NANA OrderNA SexNA"
"PR X2 Order2 F - PR X0 Order1 M",-1,1.62725327357921,19,-0.614532486267769,1,"NANA OrderNA SexNA - NANA OrderNA SexNA"
"PR X2 Order2 F - NR X1 Order1 M",-5.5,2.58459222297529,19,-2.12799526018406,1,"NANA OrderNA SexNA - NANA OrderNA SexNA"
"PR X2 Order2 F - PR X1 Order1 M",-1.16666666666667,1.75585903069481,19,-0.664442102852076,1,"NANA OrderNA SexNA - NANA OrderNA SexNA"
"PR X2 Order2 F - NR X2 Order1 M",-4.33333333333333,2.2891174018674,19,-1.89301489290078,1,"NANA OrderNA SexNA - NANA OrderNA SexNA"
"PR X2 Order2 F - PR X2 Order1 M",-2.5,1.82093093600065,19,-1.37292411841319,1,"NANA OrderNA SexNA - NANA OrderNA SexNA"
"PR X2 Order2 F - NR X3 Order1 M",-5.83333333333333,2.47596634805991,19,-2.35598247847922,1,"NANA OrderNA SexNA - NANA OrderNA SexNA"
"PR X2 Order2 F - PR X3 Order1 M",-5.16666666666667,1.90865985868105,19,-2.7069604063644,1,"NANA OrderNA SexNA - NANA OrderNA SexNA"
"PR X2 Order2 F - NR X4 Order1 M",-5.66666666666667,2.52681525277125,19,-2.24261218165904,1,"NANA OrderNA SexNA - NANA OrderNA SexNA"
"PR X2 Order2 F - PR X4 Order1 M",-6.83333333333333,2.07117504858265,19,-3.29925437157498,1,"NANA OrderNA SexNA - NANA OrderNA SexNA"
"PR X2 Order2 F - NR X5 Order1 M",-5.83333333333333,2.69632628563319,19,-2.16343747580366,1,"NANA OrderNA SexNA - NANA OrderNA SexNA"
"PR X2 Order2 F - PR X5 Order1 M",-7.16666666666667,2.11441723269513,19,-3.38942880139684,1,"NANA OrderNA SexNA - NANA OrderNA SexNA"
"PR X2 Order2 F - NR X6 Order1 M",-6.16666666666666,2.71959534313643,19,-2.26749419991094,1,"NANA OrderNA SexNA - NANA OrderNA SexNA"
"PR X2 Order2 F - PR X6 Order1 M",-5.83333333333333,2.24936638251909,19,-2.5933228924674,1,"NANA OrderNA SexNA - NANA OrderNA SexNA"
"PR X2 Order2 F - NR X0 Order2 M",-16.8333333333333,2.67099429544801,19,-6.30227228939472,0.00722675860708265,"NANA OrderNA SexNA - NANA OrderNA SexNA"
"PR X2 Order2 F - PR X0 Order2 M",-0.333333333333334,1.62725327357921,19,-0.204844162089256,1,"NANA OrderNA SexNA - NANA OrderNA SexNA"
"PR X2 Order2 F - NR X1 Order2 M",-13.1666666666667,2.58459222297529,19,-5.09429168347094,0.0961971028289521,"NANA OrderNA SexNA - NANA OrderNA SexNA"
"PR X2 Order2 F - PR X1 Order2 M",2,1.75585903069481,19,1.13904360488927,1,"NANA OrderNA SexNA - NANA OrderNA SexNA"
"PR X2 Order2 F - NR X2 Order2 M",-9.99999999999999,2.2891174018674,19,-4.36849590669411,0.481327668765297,"NANA OrderNA SexNA - NANA OrderNA SexNA"
"PR X2 Order2 F - PR X2 Order2 M",1,1.82093093600065,19,0.549169647365276,1,"NANA OrderNA SexNA - NANA OrderNA SexNA"
"PR X2 Order2 F - NR X3 Order2 M",-12.8333333333333,2.47596634805991,19,-5.18316145265428,0.079078693577275,"NANA OrderNA SexNA - NANA OrderNA SexNA"
"PR X2 Order2 F - PR X3 Order2 M",0.166666666666667,1.90865985868105,19,0.08732130343111,1,"NANA OrderNA SexNA - NANA OrderNA SexNA"
"PR X2 Order2 F - NR X4 Order2 M",-11,2.52681525277125,19,-4.35330599969108,0.497916049372073,"NANA OrderNA SexNA - NANA OrderNA SexNA"
"PR X2 Order2 F - PR X4 Order2 M",-3.5,2.07117504858265,19,-1.68986199519694,1,"NANA OrderNA SexNA - NANA OrderNA SexNA"
"PR X2 Order2 F - NR X5 Order2 M",-9.33333333333333,2.69632628563319,19,-3.46149996128586,1,"NANA OrderNA SexNA - NANA OrderNA SexNA"
"PR X2 Order2 F - PR X5 Order2 M",-5.5,2.11441723269513,19,-2.60118954525804,1,"NANA OrderNA SexNA - NANA OrderNA SexNA"
"PR X2 Order2 F - NR X6 Order2 M",-12,2.71959534313643,19,-4.41242114577265,0.43645901664456,"NANA OrderNA SexNA - NANA OrderNA SexNA"
"PR X2 Order2 F - PR X6 Order2 M",-7.66666666666667,2.24936638251909,19,-3.40836723010001,1,"NANA OrderNA SexNA - NANA OrderNA SexNA"
"NR X3 Order2 F - PR X3 Order2 F",4.83333333333333,1.72536969510749,19,2.80133199686935,1,"NANA OrderNA SexNA - NANA OrderNA SexNA"
"NR X3 Order2 F - NR X4 Order2 F",-0.666666666666671,1.44792652716572,19,-0.460428519098725,1,"NANA OrderNA SexNA - NANA OrderNA SexNA"
"NR X3 Order2 F - PR X4 Order2 F",3.5,1.79578779402512,19,1.9490053399656,1,"NANA OrderNA SexNA - NANA OrderNA SexNA"
"NR X3 Order2 F - NR X5 Order2 F",-1.83333333333334,2.13067268295047,19,-0.860448133588783,1,"NANA OrderNA SexNA - NANA OrderNA SexNA"
"NR X3 Order2 F - PR X5 Order2 F",2.33333333333333,1.57613785130482,19,1.48041196485552,1,"NANA OrderNA SexNA - NANA OrderNA SexNA"
"NR X3 Order2 F - NR X6 Order2 F",-4.33333333333333,2.11655960497301,19,-2.04734765000327,1,"NANA OrderNA SexNA - NANA OrderNA SexNA"
"NR X3 Order2 F - PR X6 Order2 F",2.16666666666666,1.29257890819792,19,1.6762355109812,1,"NANA OrderNA SexNA - NANA OrderNA SexNA"
"NR X3 Order2 F - NR X0 Order1 M",-0.666666666666665,3.15417666108871,19,-0.211359964358038,1,"NANA OrderNA SexNA - NANA OrderNA SexNA"
"NR X3 Order2 F - PR X0 Order1 M",2.5,2.33721481670282,19,1.0696492175789,1,"NANA OrderNA SexNA - NANA OrderNA SexNA"
"NR X3 Order2 F - NR X1 Order1 M",-2,3.08135308624397,19,-0.649065505971569,1,"NANA OrderNA SexNA - NANA OrderNA SexNA"
"NR X3 Order2 F - PR X1 Order1 M",2.33333333333333,2.42850999971453,19,0.960808616644615,1,"NANA OrderNA SexNA - NANA OrderNA SexNA"
"NR X3 Order2 F - NR X2 Order1 M",-0.833333333333333,2.83807652514394,19,-0.293626097094428,1,"NANA OrderNA SexNA - NANA OrderNA SexNA"
"NR X3 Order2 F - PR X2 Order1 M",0.999999999999996,2.47596634805991,19,0.403882710596436,1,"NANA OrderNA SexNA - NANA OrderNA SexNA"
"NR X3 Order2 F - NR X3 Order1 M",-2.33333333333333,2.99082417399721,19,-0.780163994132378,1,"NANA OrderNA SexNA - NANA OrderNA SexNA"
"NR X3 Order2 F - PR X3 Order1 M",-1.66666666666667,2.54118128813772,19,-0.655862954149198,1,"NANA OrderNA SexNA - NANA OrderNA SexNA"
"NR X3 Order2 F - NR X4 Order1 M",-2.16666666666667,3.03305377543465,19,-0.714351550313736,1,"NANA OrderNA SexNA - NANA OrderNA SexNA"
"NR X3 Order2 F - PR X4 Order1 M",-3.33333333333334,2.66540540348223,19,-1.25059149688017,1,"NANA OrderNA SexNA - NANA OrderNA SexNA"
"NR X3 Order2 F - NR X5 Order1 M",-2.33333333333333,3.17565667565583,19,-0.734756169084764,1,"NANA OrderNA SexNA - NANA OrderNA SexNA"
"NR X3 Order2 F - PR X5 Order1 M",-3.66666666666667,2.69914433051644,19,-1.35845520567813,1,"NANA OrderNA SexNA - NANA OrderNA SexNA"
"NR X3 Order2 F - NR X6 Order1 M",-2.66666666666667,3.19543717094395,19,-0.834523266773828,1,"NANA OrderNA SexNA - NANA OrderNA SexNA"
"NR X3 Order2 F - PR X6 Order1 M",-2.33333333333334,2.80611279278791,19,-0.831518012864743,1,"NANA OrderNA SexNA - NANA OrderNA SexNA"
"NR X3 Order2 F - NR X0 Order2 M",-13.3333333333333,3.15417666108871,19,-4.22719928716077,0.661377352807391,"NANA OrderNA SexNA - NANA OrderNA SexNA"
"NR X3 Order2 F - PR X0 Order2 M",3.16666666666666,2.33721481670282,19,1.35488900893328,1,"NANA OrderNA SexNA - NANA OrderNA SexNA"
"NR X3 Order2 F - NR X1 Order2 M",-9.66666666666667,3.08135308624397,19,-3.13714994552925,1,"NANA OrderNA SexNA - NANA OrderNA SexNA"
"NR X3 Order2 F - PR X1 Order2 M",5.5,2.42850999971453,19,2.26476316780517,1,"NANA OrderNA SexNA - NANA OrderNA SexNA"
"NR X3 Order2 F - NR X2 Order2 M",-6.5,2.83807652514394,19,-2.29028355733654,1,"NANA OrderNA SexNA - NANA OrderNA SexNA"
"NR X3 Order2 F - PR X2 Order2 M",4.5,2.47596634805991,19,1.81747219768397,1,"NANA OrderNA SexNA - NANA OrderNA SexNA"
"NR X3 Order2 F - NR X3 Order2 M",-9.33333333333333,2.99082417399721,19,-3.12065597652951,1,"NANA OrderNA SexNA - NANA OrderNA SexNA"
"NR X3 Order2 F - PR X3 Order2 M",3.66666666666666,2.54118128813772,19,1.44289849912823,1,"NANA OrderNA SexNA - NANA OrderNA SexNA"
"NR X3 Order2 F - NR X4 Order2 M",-7.50000000000001,3.03305377543465,19,-2.47275536647062,1,"NANA OrderNA SexNA - NANA OrderNA SexNA"
"NR X3 Order2 F - PR X4 Order2 M",-1.22124532708767e-15,2.66540540348223,19,-4.58183706498145e-16,1,"NANA OrderNA SexNA - NANA OrderNA SexNA"
"NR X3 Order2 F - NR X5 Order2 M",-5.83333333333334,3.17565667565583,19,-1.83689042271191,1,"NANA OrderNA SexNA - NANA OrderNA SexNA"
"NR X3 Order2 F - PR X5 Order2 M",-2,2.69914433051644,19,-0.740975566733524,1,"NANA OrderNA SexNA - NANA OrderNA SexNA"
"NR X3 Order2 F - NR X6 Order2 M",-8.5,3.19543717094395,19,-2.66004291284158,1,"NANA OrderNA SexNA - NANA OrderNA SexNA"
"NR X3 Order2 F - PR X6 Order2 M",-4.16666666666667,2.80611279278791,19,-1.48485359440133,1,"NANA OrderNA SexNA - NANA OrderNA SexNA"
"PR X3 Order2 F - NR X4 Order2 F",-5.5,1.7547762723726,19,-3.13430269521684,1,"NANA OrderNA SexNA - NANA OrderNA SexNA"
"PR X3 Order2 F - PR X4 Order2 F",-1.33333333333333,1.04629672756119,19,-1.27433575792709,1,"NANA OrderNA SexNA - NANA OrderNA SexNA"
"PR X3 Order2 F - NR X5 Order2 F",-6.66666666666667,2.06933896273425,19,-3.22164072040566,1,"NANA OrderNA SexNA - NANA OrderNA SexNA"
"PR X3 Order2 F - PR X5 Order2 F",-2.5,1.42543724696292,19,-1.75384781429457,1,"NANA OrderNA SexNA - NANA OrderNA SexNA"
"PR X3 Order2 F - NR X6 Order2 F",-9.16666666666666,2.01848185670517,19,-4.54136688730494,0.326803956287591,"NANA OrderNA SexNA - NANA OrderNA SexNA"
"PR X3 Order2 F - PR X6 Order2 F",-2.66666666666667,1.41638284050506,19,-1.88273014216677,1,"NANA OrderNA SexNA - NANA OrderNA SexNA"
"PR X3 Order2 F - NR X0 Order1 M",-5.49999999999999,2.73155697520149,19,-2.01350367205659,1,"NANA OrderNA SexNA - NANA OrderNA SexNA"
"PR X3 Order2 F - PR X0 Order1 M",-2.33333333333333,1.72486121146903,19,-1.35276584447399,1,"NANA OrderNA SexNA - NANA OrderNA SexNA"
"PR X3 Order2 F - NR X1 Order1 M",-6.83333333333333,2.64713239969603,19,-2.58140973006035,1,"NANA OrderNA SexNA - NANA OrderNA SexNA"
"PR X3 Order2 F - PR X1 Order1 M",-2.5,1.84668186706012,19,-1.35377947040762,1,"NANA OrderNA SexNA - NANA OrderNA SexNA"
"PR X3 Order2 F - NR X2 Order1 M",-5.66666666666666,2.35950237592343,19,-2.40163634692206,1,"NANA OrderNA SexNA - NANA OrderNA SexNA"
"PR X3 Order2 F - PR X2 Order1 M",-3.83333333333333,1.90865985868105,19,-2.00838997891552,1,"NANA OrderNA SexNA - NANA OrderNA SexNA"
"PR X3 Order2 F - NR X3 Order1 M",-7.16666666666666,2.54118128813772,19,-2.82021070284154,1,"NANA OrderNA SexNA - NANA OrderNA SexNA"
"PR X3 Order2 F - PR X3 Order1 M",-6.5,1.99252990908455,19,-3.26218440705182,1,"NANA OrderNA SexNA - NANA OrderNA SexNA"
"PR X3 Order2 F - NR X4 Order1 M",-7,2.5907505291119,19,-2.70191974153512,1,"NANA OrderNA SexNA - NANA OrderNA SexNA"
"PR X3 Order2 F - PR X4 Order1 M",-8.16666666666667,2.14871102392283,19,-3.80072823927578,1,"NANA OrderNA SexNA - NANA OrderNA SexNA"
"PR X3 Order2 F - NR X5 Order1 M",-7.16666666666667,2.75633242208784,19,-2.60007341975034,1,"NANA OrderNA SexNA - NANA OrderNA SexNA"
"PR X3 Order2 F - PR X5 Order1 M",-8.5,2.19042306789676,19,-3.88052889169108,1,"NANA OrderNA SexNA - NANA OrderNA SexNA"
"PR X3 Order2 F - NR X6 Order1 M",-7.5,2.77909910094359,19,-2.69871628451591,1,"NANA OrderNA SexNA - NANA OrderNA SexNA"
"PR X3 Order2 F - PR X6 Order1 M",-7.16666666666667,2.32095715282794,19,-3.08780653616744,1,"NANA OrderNA SexNA - NANA OrderNA SexNA"
"PR X3 Order2 F - NR X0 Order2 M",-18.1666666666667,2.73155697520149,19,-6.65066364406571,0.00353604446021129,"NANA OrderNA SexNA - NANA OrderNA SexNA"
"PR X3 Order2 F - PR X0 Order2 M",-1.66666666666667,1.72486121146903,19,-0.966261317481422,1,"NANA OrderNA SexNA - NANA OrderNA SexNA"
"PR X3 Order2 F - NR X1 Order2 M",-14.5,2.64713239969603,19,-5.4776255247622,0.041504044947978,"NANA OrderNA SexNA - NANA OrderNA SexNA"
"PR X3 Order2 F - PR X1 Order2 M",0.666666666666667,1.84668186706012,19,0.361007858775365,1,"NANA OrderNA SexNA - NANA OrderNA SexNA"
"PR X3 Order2 F - NR X2 Order2 M",-11.3333333333333,2.35950237592343,19,-4.80327269384412,0.182488519329669,"NANA OrderNA SexNA - NANA OrderNA SexNA"
"PR X3 Order2 F - PR X2 Order2 M",-0.333333333333333,1.90865985868105,19,-0.174642606862219,1,"NANA OrderNA SexNA - NANA OrderNA SexNA"
"PR X3 Order2 F - NR X3 Order2 M",-14.1666666666667,2.54118128813772,19,-5.57483511026817,0.0336249036818876,"NANA OrderNA SexNA - NANA OrderNA SexNA"
"PR X3 Order2 F - PR X3 Order2 M",-1.16666666666667,1.99252990908455,19,-0.585520278188788,1,"NANA OrderNA SexNA - NANA OrderNA SexNA"
"PR X3 Order2 F - NR X4 Order2 M",-12.3333333333333,2.5907505291119,19,-4.76052525889522,0.200511736081448,"NANA OrderNA SexNA - NANA OrderNA SexNA"
"PR X3 Order2 F - PR X4 Order2 M",-4.83333333333333,2.14871102392283,19,-2.24941059059179,1,"NANA OrderNA SexNA - NANA OrderNA SexNA"
"PR X3 Order2 F - NR X5 Order2 M",-10.6666666666667,2.75633242208784,19,-3.86987671776794,1,"NANA OrderNA SexNA - NANA OrderNA SexNA"
"PR X3 Order2 F - PR X5 Order2 M",-6.83333333333333,2.19042306789676,19,-3.11964087371244,1,"NANA OrderNA SexNA - NANA OrderNA SexNA"
"PR X3 Order2 F - NR X6 Order2 M",-13.3333333333333,2.77909910094359,19,-4.79771783913939,0.184600911556818,"NANA OrderNA SexNA - NANA OrderNA SexNA"
"PR X3 Order2 F - PR X6 Order2 M",-9,2.32095715282794,19,-3.87771053379167,1,"NANA OrderNA SexNA - NANA OrderNA SexNA"
"NR X4 Order2 F - PR X4 Order2 F",4.16666666666667,1.82085064627042,19,2.28830776165036,1,"NANA OrderNA SexNA - NANA OrderNA SexNA"
"NR X4 Order2 F - NR X5 Order2 F",-1.16666666666666,1.61190744586502,19,-0.723780183322239,1,"NANA OrderNA SexNA - NANA OrderNA SexNA"
"NR X4 Order2 F - PR X5 Order2 F",3,1.88763288134553,19,1.58929208621411,1,"NANA OrderNA SexNA - NANA OrderNA SexNA"
"NR X4 Order2 F - NR X6 Order2 F",-3.66666666666666,1.35734949840441,19,-2.70134307411384,1,"NANA OrderNA SexNA - NANA OrderNA SexNA"
"NR X4 Order2 F - PR X6 Order2 F",2.83333333333333,1.73154428590062,19,1.63630428421855,1,"NANA OrderNA SexNA - NANA OrderNA SexNA"
"NR X4 Order2 F - NR X0 Order1 M",5.99520433297585e-15,3.19424738776899,19,1.87687539666838e-15,1,"NANA OrderNA SexNA - NANA OrderNA SexNA"
"NR X4 Order2 F - PR X0 Order1 M",3.16666666666667,2.39101632456315,19,1.32440194328043,1,"NANA OrderNA SexNA - NANA OrderNA SexNA"
"NR X4 Order2 F - NR X1 Order1 M",-1.33333333333333,3.12235853274693,19,-0.427027620098553,1,"NANA OrderNA SexNA - NANA OrderNA SexNA"
"NR X4 Order2 F - PR X1 Order1 M",3,2.48033199060645,19,1.20951550492501,1,"NANA OrderNA SexNA - NANA OrderNA SexNA"
"NR X4 Order2 F - NR X2 Order1 M",-0.166666666666662,2.88254476591178,19,-0.0578192812953396,1,"NANA OrderNA SexNA - NANA OrderNA SexNA"
"NR X4 Order2 F - PR X2 Order1 M",1.66666666666667,2.52681525277125,19,0.659591818135012,1,"NANA OrderNA SexNA - NANA OrderNA SexNA"
"NR X4 Order2 F - NR X3 Order1 M",-1.66666666666666,3.03305377543465,19,-0.549501192549025,1,"NANA OrderNA SexNA - NANA OrderNA SexNA"
"NR X4 Order2 F - PR X3 Order1 M",-1,2.5907505291119,19,-0.385988534505018,1,"NANA OrderNA SexNA - NANA OrderNA SexNA"
"NR X4 Order2 F - NR X4 Order1 M",-1.5,3.07470342790823,19,-0.487851929517791,1,"NANA OrderNA SexNA - NANA OrderNA SexNA"
"NR X4 Order2 F - PR X4 Order1 M",-2.66666666666667,2.71270564747165,19,-0.98302839054879,1,"NANA OrderNA SexNA - NANA OrderNA SexNA"
"NR X4 Order2 F - NR X5 Order1 M",-1.66666666666666,3.21545973175683,19,-0.518329198840891,1,"NANA OrderNA SexNA - NANA OrderNA SexNA"
"NR X4 Order2 F - PR X5 Order1 M",-3,2.74586344923985,19,-1.09255250869467,1,"NANA OrderNA SexNA - NANA OrderNA SexNA"
"NR X4 Order2 F - NR X6 Order1 M",-2,3.23499685909625,19,-0.618238621894283,1,"NANA OrderNA SexNA - NANA OrderNA SexNA"
"NR X4 Order2 F - PR X6 Order1 M",-1.66666666666667,2.85107961494593,19,-0.584573877884597,1,"NANA OrderNA SexNA - NANA OrderNA SexNA"
"NR X4 Order2 F - NR X0 Order2 M",-12.6666666666667,3.19424738776899,19,-3.96546200997715,1,"NANA OrderNA SexNA - NANA OrderNA SexNA"
"NR X4 Order2 F - PR X0 Order2 M",3.83333333333333,2.39101632456315,19,1.60322340502368,1,"NANA OrderNA SexNA - NANA OrderNA SexNA"
"NR X4 Order2 F - NR X1 Order2 M",-9,3.12235853274693,19,-2.88243643566524,1,"NANA OrderNA SexNA - NANA OrderNA SexNA"
"NR X4 Order2 F - PR X1 Order2 M",6.16666666666667,2.48033199060645,19,2.48622631567918,1,"NANA OrderNA SexNA - NANA OrderNA SexNA"
"NR X4 Order2 F - NR X2 Order2 M",-5.83333333333333,2.88254476591178,19,-2.02367484533694,1,"NANA OrderNA SexNA - NANA OrderNA SexNA"
"NR X4 Order2 F - PR X2 Order2 M",5.16666666666667,2.52681525277125,19,2.04473463621854,1,"NANA OrderNA SexNA - NANA OrderNA SexNA"
"NR X4 Order2 F - NR X3 Order2 M",-8.66666666666666,3.03305377543465,19,-2.85740620125494,1,"NANA OrderNA SexNA - NANA OrderNA SexNA"
"NR X4 Order2 F - PR X3 Order2 M",4.33333333333333,2.5907505291119,19,1.67261698285508,1,"NANA OrderNA SexNA - NANA OrderNA SexNA"
"NR X4 Order2 F - NR X4 Order2 M",-6.83333333333334,3.07470342790823,19,-2.22243656780327,1,"NANA OrderNA SexNA - NANA OrderNA SexNA"
"NR X4 Order2 F - PR X4 Order2 M",0.66666666666667,2.71270564747165,19,0.245757097637199,1,"NANA OrderNA SexNA - NANA OrderNA SexNA"
"NR X4 Order2 F - NR X5 Order2 M",-5.16666666666666,3.21545973175683,19,-1.60682051640676,1,"NANA OrderNA SexNA - NANA OrderNA SexNA"
"NR X4 Order2 F - PR X5 Order2 M",-1.33333333333333,2.74586344923985,19,-0.485578892753187,1,"NANA OrderNA SexNA - NANA OrderNA SexNA"
"NR X4 Order2 F - NR X6 Order2 M",-7.83333333333333,3.23499685909625,19,-2.42143460241928,1,"NANA OrderNA SexNA - NANA OrderNA SexNA"
"NR X4 Order2 F - PR X6 Order2 M",-3.5,2.85107961494593,19,-1.22760514355765,1,"NANA OrderNA SexNA - NANA OrderNA SexNA"
"PR X4 Order2 F - NR X5 Order2 F",-5.33333333333333,2.01086231539158,19,-2.65226181450159,1,"NANA OrderNA SexNA - NANA OrderNA SexNA"
"PR X4 Order2 F - PR X5 Order2 F",-1.16666666666667,1.49668249122256,19,-0.779501780443546,1,"NANA OrderNA SexNA - NANA OrderNA SexNA"
"PR X4 Order2 F - NR X6 Order2 F",-7.83333333333333,2.1862141166278,19,-3.58305861889507,1,"NANA OrderNA SexNA - NANA OrderNA SexNA"
"PR X4 Order2 F - PR X6 Order2 F",-1.33333333333334,1.48491439491774,19,-0.89791932645868,1,"NANA OrderNA SexNA - NANA OrderNA SexNA"
"PR X4 Order2 F - NR X0 Order1 M",-4.16666666666666,2.84748786380257,19,-1.46327811248419,1,"NANA OrderNA SexNA - NANA OrderNA SexNA"
"PR X4 Order2 F - PR X0 Order1 M",-1,1.90313683810739,19,-0.525448291460991,1,"NANA OrderNA SexNA - NANA OrderNA SexNA"
"PR X4 Order2 F - NR X1 Order1 M",-5.5,2.76660325439906,19,-1.98799737232098,1,"NANA OrderNA SexNA - NANA OrderNA SexNA"
"PR X4 Order2 F - PR X1 Order1 M",-1.16666666666667,2.01420394793071,19,-0.579219729891426,1,"NANA OrderNA SexNA - NANA OrderNA SexNA"
"PR X4 Order2 F - NR X2 Order1 M",-4.33333333333333,2.49279663986441,19,-1.73834209499297,1,"NANA OrderNA SexNA - NANA OrderNA SexNA"
"PR X4 Order2 F - PR X2 Order1 M",-2.5,2.07117504858265,19,-1.20704428228353,1,"NANA OrderNA SexNA - NANA OrderNA SexNA"
"PR X4 Order2 F - NR X3 Order1 M",-5.83333333333333,2.66540540348223,19,-2.18853511954029,1,"NANA OrderNA SexNA - NANA OrderNA SexNA"
"PR X4 Order2 F - PR X3 Order1 M",-5.16666666666667,2.14871102392283,19,-2.40454235546019,1,"NANA OrderNA SexNA - NANA OrderNA SexNA"
"PR X4 Order2 F - NR X4 Order1 M",-5.66666666666667,2.71270564747165,19,-2.08893532991618,1,"NANA OrderNA SexNA - NANA OrderNA SexNA"
"PR X4 Order2 F - PR X4 Order1 M",-6.83333333333333,2.29428478835093,19,-2.97841548182209,1,"NANA OrderNA SexNA - NANA OrderNA SexNA"
"PR X4 Order2 F - NR X5 Order1 M",-5.83333333333333,2.87126314481686,19,-2.03162616560016,1,"NANA OrderNA SexNA - NANA OrderNA SexNA"
"PR X4 Order2 F - PR X5 Order1 M",-7.16666666666667,2.33339598913371,19,-3.07134609815086,1,"NANA OrderNA SexNA - NANA OrderNA SexNA"
"PR X4 Order2 F - NR X6 Order1 M",-6.16666666666667,2.893125548364,19,-2.13148947862072,1,"NANA OrderNA SexNA - NANA OrderNA SexNA"
"PR X4 Order2 F - PR X6 Order1 M",-5.83333333333333,2.45634397652164,19,-2.37480311759664,1,"NANA OrderNA SexNA - NANA OrderNA SexNA"
"PR X4 Order2 F - NR X0 Order2 M",-16.8333333333333,2.84748786380257,19,-5.91164357443613,0.0163746067086852,"NANA OrderNA SexNA - NANA OrderNA SexNA"
"PR X4 Order2 F - PR X0 Order2 M",-0.333333333333336,1.90313683810739,19,-0.175149430486998,1,"NANA OrderNA SexNA - NANA OrderNA SexNA"
"PR X4 Order2 F - NR X1 Order2 M",-13.1666666666667,2.76660325439906,19,-4.7591452246472,0.200999550792771,"NANA OrderNA SexNA - NANA OrderNA SexNA"
"PR X4 Order2 F - PR X1 Order2 M",2,2.01420394793071,19,0.992948108385299,1,"NANA OrderNA SexNA - NANA OrderNA SexNA"
"PR X4 Order2 F - NR X2 Order2 M",-10,2.49279663986441,19,-4.011558680753,1,"NANA OrderNA SexNA - NANA OrderNA SexNA"
"PR X4 Order2 F - PR X2 Order2 M",0.999999999999998,2.07117504858265,19,0.482817712913411,1,"NANA OrderNA SexNA - NANA OrderNA SexNA"
"PR X4 Order2 F - NR X3 Order2 M",-12.8333333333333,2.66540540348223,19,-4.81477726298865,0.178068615179596,"NANA OrderNA SexNA - NANA OrderNA SexNA"
"PR X4 Order2 F - PR X3 Order2 M",0.166666666666665,2.14871102392283,19,0.077565882434199,1,"NANA OrderNA SexNA - NANA OrderNA SexNA"
"PR X4 Order2 F - NR X4 Order2 M",-11,2.71270564747165,19,-4.05499211101376,0.964972845282918,"NANA OrderNA SexNA - NANA OrderNA SexNA"
"PR X4 Order2 F - PR X4 Order2 M",-3.5,2.29428478835093,19,-1.52552988093327,1,"NANA OrderNA SexNA - NANA OrderNA SexNA"
"PR X4 Order2 F - NR X5 Order2 M",-9.33333333333333,2.87126314481686,19,-3.25060186496025,1,"NANA OrderNA SexNA - NANA OrderNA SexNA"
"PR X4 Order2 F - PR X5 Order2 M",-5.5,2.33339598913371,19,-2.35707956369717,1,"NANA OrderNA SexNA - NANA OrderNA SexNA"
"PR X4 Order2 F - NR X6 Order2 M",-12,2.893125548364,19,-4.14776330974843,0.789515102975326,"NANA OrderNA SexNA - NANA OrderNA SexNA"
"PR X4 Order2 F - PR X6 Order2 M",-7.66666666666667,2.45634397652164,19,-3.12116981169845,1,"NANA OrderNA SexNA - NANA OrderNA SexNA"
"NR X5 Order2 F - PR X5 Order2 F",4.16666666666667,2.0126791082988,19,2.07020913045026,1,"NANA OrderNA SexNA - NANA OrderNA SexNA"
"NR X5 Order2 F - NR X6 Order2 F",-2.5,1.37319791531297,19,-1.82056786725475,1,"NANA OrderNA SexNA - NANA OrderNA SexNA"
"NR X5 Order2 F - PR X6 Order2 F",4,2.26439514663783,19,1.76647614085342,1,"NANA OrderNA SexNA - NANA OrderNA SexNA"
"NR X5 Order2 F - NR X0 Order1 M",1.16666666666667,3.32995442780049,19,0.350355145081454,1,"NANA OrderNA SexNA - NANA OrderNA SexNA"
"NR X5 Order2 F - PR X0 Order1 M",4.33333333333333,2.56950173794192,19,1.68644888203274,1,"NANA OrderNA SexNA - NANA OrderNA SexNA"
"NR X5 Order2 F - NR X1 Order1 M",-0.166666666666666,3.26105855880826,19,-0.0511081489832473,1,"NANA OrderNA SexNA - NANA OrderNA SexNA"
"NR X5 Order2 F - PR X1 Order1 M",4.16666666666667,2.6528149013048,19,1.57065864814664,1,"NANA OrderNA SexNA - NANA OrderNA SexNA"
"NR X5 Order2 F - NR X2 Order1 M",1,3.03223423311004,19,0.329789825957589,1,"NANA OrderNA SexNA - NANA OrderNA SexNA"
"NR X5 Order2 F - PR X2 Order1 M",2.83333333333333,2.69632628563319,19,1.05081248824749,1,"NANA OrderNA SexNA - NANA OrderNA SexNA"
"NR X5 Order2 F - NR X3 Order1 M",-0.499999999999996,3.17565667565583,19,-0.157447750518163,1,"NANA OrderNA SexNA - NANA OrderNA SexNA"
"NR X5 Order2 F - PR X3 Order1 M",0.166666666666664,2.75633242208784,19,0.0604668237151233,1,"NANA OrderNA SexNA - NANA OrderNA SexNA"
"NR X5 Order2 F - NR X4 Order1 M",-0.333333333333335,3.21545973175683,19,-0.103665839768179,1,"NANA OrderNA SexNA - NANA OrderNA SexNA"
"NR X5 Order2 F - PR X4 Order1 M",-1.5,2.87126314481686,19,-0.522418156868612,1,"NANA OrderNA SexNA - NANA OrderNA SexNA"
"NR X5 Order2 F - NR X5 Order1 M",-0.5,3.35030765803811,19,-0.149240025404948,1,"NANA OrderNA SexNA - NANA OrderNA SexNA"
"NR X5 Order2 F - PR X5 Order1 M",-1.83333333333333,2.90261023887645,19,-0.631615402157124,1,"NANA OrderNA SexNA - NANA OrderNA SexNA"
"NR X5 Order2 F - NR X6 Order1 M",-0.833333333333332,3.36906289572065,19,-0.247348701738938,1,"NANA OrderNA SexNA - NANA OrderNA SexNA"
"NR X5 Order2 F - PR X6 Order1 M",-0.500000000000001,3.00233827003542,19,-0.16653686394708,1,"NANA OrderNA SexNA - NANA OrderNA SexNA"
"NR X5 Order2 F - NR X0 Order2 M",-11.5,3.32995442780049,19,-3.4535007158029,1,"NANA OrderNA SexNA - NANA OrderNA SexNA"
"NR X5 Order2 F - PR X0 Order2 M",5,2.56950173794192,19,1.94590255619162,1,"NANA OrderNA SexNA - NANA OrderNA SexNA"
"NR X5 Order2 F - NR X1 Order2 M",-7.83333333333334,3.26105855880826,19,-2.40208300221263,1,"NANA OrderNA SexNA - NANA OrderNA SexNA"
"NR X5 Order2 F - PR X1 Order2 M",7.33333333333333,2.6528149013048,19,2.76435922073809,1,"NANA OrderNA SexNA - NANA OrderNA SexNA"
"NR X5 Order2 F - NR X2 Order2 M",-4.66666666666666,3.03223423311004,19,-1.53901918780207,1,"NANA OrderNA SexNA - NANA OrderNA SexNA"
"NR X5 Order2 F - PR X2 Order2 M",6.33333333333333,2.69632628563319,19,2.34887497372969,1,"NANA OrderNA SexNA - NANA OrderNA SexNA"
"NR X5 Order2 F - NR X3 Order2 M",-7.5,3.17565667565583,19,-2.36171625777245,1,"NANA OrderNA SexNA - NANA OrderNA SexNA"
"NR X5 Order2 F - PR X3 Order2 M",5.5,2.75633242208784,19,1.9954051825991,1,"NANA OrderNA SexNA - NANA OrderNA SexNA"
"NR X5 Order2 F - NR X4 Order2 M",-5.66666666666667,3.21545973175683,19,-1.76231927605903,1,"NANA OrderNA SexNA - NANA OrderNA SexNA"
"NR X5 Order2 F - PR X4 Order2 M",1.83333333333333,2.87126314481686,19,0.638511080617193,1,"NANA OrderNA SexNA - NANA OrderNA SexNA"
"NR X5 Order2 F - NR X5 Order2 M",-4,3.3503076580381,19,-1.19392020323959,1,"NANA OrderNA SexNA - NANA OrderNA SexNA"
"NR X5 Order2 F - PR X5 Order2 M",-0.166666666666666,2.90261023887645,19,-0.0574195820142836,1,"NANA OrderNA SexNA - NANA OrderNA SexNA"
"NR X5 Order2 F - NR X6 Order2 M",-6.66666666666667,3.36906289572065,19,-1.97878961391151,1,"NANA OrderNA SexNA - NANA OrderNA SexNA"
"NR X5 Order2 F - PR X6 Order2 M",-2.33333333333334,3.00233827003542,19,-0.77717203175304,1,"NANA OrderNA SexNA - NANA OrderNA SexNA"
"PR X5 Order2 F - NR X6 Order2 F",-6.66666666666667,2.14973138536882,19,-3.10116264387277,1,"NANA OrderNA SexNA - NANA OrderNA SexNA"
"PR X5 Order2 F - PR X6 Order2 F",-0.16666666666667,1.2766458245745,19,-0.130550434159935,1,"NANA OrderNA SexNA - NANA OrderNA SexNA"
"PR X5 Order2 F - NR X0 Order1 M",-3,2.87909383079984,19,-1.04199452199394,1,"NANA OrderNA SexNA - NANA OrderNA SexNA"
"PR X5 Order2 F - PR X0 Order1 M",0.166666666666664,1.95010870892066,19,0.0854653209353187,1,"NANA OrderNA SexNA - NANA OrderNA SexNA"
"PR X5 Order2 F - NR X1 Order1 M",-4.33333333333333,2.79912266956956,19,-1.54810411863789,1,"NANA OrderNA SexNA - NANA OrderNA SexNA"
"PR X5 Order2 F - PR X1 Order1 M",-2.66453525910038e-15,2.05864316866873,19,-1.29431622714074e-15,1,"NANA OrderNA SexNA - NANA OrderNA SexNA"
"PR X5 Order2 F - NR X2 Order1 M",-3.16666666666666,2.52883950454869,19,-1.25222129003074,1,"NANA OrderNA SexNA - NANA OrderNA SexNA"
"PR X5 Order2 F - PR X2 Order1 M",-1.33333333333334,2.11441723269513,19,-0.63059140491104,1,"NANA OrderNA SexNA - NANA OrderNA SexNA"
"PR X5 Order2 F - NR X3 Order1 M",-4.66666666666666,2.69914433051644,19,-1.72894298904489,1,"NANA OrderNA SexNA - NANA OrderNA SexNA"
"PR X5 Order2 F - PR X3 Order1 M",-4,2.19042306789676,19,-1.82613124314874,1,"NANA OrderNA SexNA - NANA OrderNA SexNA"
"PR X5 Order2 F - NR X4 Order1 M",-4.5,2.74586344923985,19,-1.63882876304201,1,"NANA OrderNA SexNA - NANA OrderNA SexNA"
"PR X5 Order2 F - PR X4 Order1 M",-5.66666666666667,2.33339598913371,19,-2.42850621714254,1,"NANA OrderNA SexNA - NANA OrderNA SexNA"
"PR X5 Order2 F - NR X5 Order1 M",-4.66666666666667,2.90261023887645,19,-1.60774829639995,1,"NANA OrderNA SexNA - NANA OrderNA SexNA"
"PR X5 Order2 F - PR X5 Order1 M",-6,2.37186234721833,19,-2.52965776324949,1,"NANA OrderNA SexNA - NANA OrderNA SexNA"
"PR X5 Order2 F - NR X6 Order1 M",-5,2.92423829238372,19,-1.70984697554323,1,"NANA OrderNA SexNA - NANA OrderNA SexNA"
"PR X5 Order2 F - PR X6 Order1 M",-4.66666666666667,2.49291393414232,19,-1.87197263521744,1,"NANA OrderNA SexNA - NANA OrderNA SexNA"
"PR X5 Order2 F - NR X0 Order2 M",-15.6666666666667,2.87909383079984,19,-5.44152694819061,0.044883260460228,"NANA OrderNA SexNA - NANA OrderNA SexNA"
"PR X5 Order2 F - PR X0 Order2 M",0.833333333333331,1.95010870892066,19,0.427326604676599,1,"NANA OrderNA SexNA - NANA OrderNA SexNA"
"PR X5 Order2 F - NR X1 Order2 M",-12,2.79912266956956,19,-4.28705755930493,0.578208696900607,"NANA OrderNA SexNA - NANA OrderNA SexNA"
"PR X5 Order2 F - PR X1 Order2 M",3.16666666666666,2.05864316866873,19,1.53822999287169,1,"NANA OrderNA SexNA - NANA OrderNA SexNA"
"PR X5 Order2 F - NR X2 Order2 M",-8.83333333333333,2.52883950454869,19,-3.49303833534891,1,"NANA OrderNA SexNA - NANA OrderNA SexNA"
"PR X5 Order2 F - PR X2 Order2 M",2.16666666666666,2.11441723269513,19,1.02471103298044,1,"NANA OrderNA SexNA - NANA OrderNA SexNA"
"PR X5 Order2 F - NR X3 Order2 M",-11.6666666666667,2.69914433051644,19,-4.32235747261222,0.533899532383714,"NANA OrderNA SexNA - NANA OrderNA SexNA"
"PR X5 Order2 F - PR X3 Order2 M",1.33333333333333,2.19042306789676,19,0.608710414382914,1,"NANA OrderNA SexNA - NANA OrderNA SexNA"
"PR X5 Order2 F - NR X4 Order2 M",-9.83333333333334,2.74586344923985,19,-3.58114433405476,1,"NANA OrderNA SexNA - NANA OrderNA SexNA"
"PR X5 Order2 F - PR X4 Order2 M",-2.33333333333333,2.33339598913371,19,-0.999973148235163,1,"NANA OrderNA SexNA - NANA OrderNA SexNA"
"PR X5 Order2 F - NR X5 Order2 M",-8.16666666666667,2.90261023887645,19,-2.81355951869991,1,"NANA OrderNA SexNA - NANA OrderNA SexNA"
"PR X5 Order2 F - PR X5 Order2 M",-4.33333333333333,2.37186234721833,19,-1.82697505123574,1,"NANA OrderNA SexNA - NANA OrderNA SexNA"
"PR X5 Order2 F - NR X6 Order2 M",-10.8333333333333,2.92423829238372,19,-3.70466844701033,1,"NANA OrderNA SexNA - NANA OrderNA SexNA"
"PR X5 Order2 F - PR X6 Order2 M",-6.5,2.49291393414232,19,-2.60739045619572,1,"NANA OrderNA SexNA - NANA OrderNA SexNA"
"NR X6 Order2 F - PR X6 Order2 F",6.5,2.10464537719367,19,3.08840627995348,1,"NANA OrderNA SexNA - NANA OrderNA SexNA"
"NR X6 Order2 F - NR X0 Order1 M",3.66666666666667,3.34882365660555,19,1.09491183850012,1,"NANA OrderNA SexNA - NANA OrderNA SexNA"
"NR X6 Order2 F - PR X0 Order1 M",6.83333333333333,2.59390874417344,19,2.63437692196485,1,"NANA OrderNA SexNA - NANA OrderNA SexNA"
"NR X6 Order2 F - NR X1 Order1 M",2.33333333333333,3.28032411749045,19,0.711311824612748,1,"NANA OrderNA SexNA - NANA OrderNA SexNA"
"NR X6 Order2 F - PR X1 Order1 M",6.66666666666666,2.67646227180539,19,2.49085023050585,1,"NANA OrderNA SexNA - NANA OrderNA SexNA"
"NR X6 Order2 F - NR X2 Order1 M",3.5,3.05294412596387,19,1.14643434520604,1,"NANA OrderNA SexNA - NANA OrderNA SexNA"
"NR X6 Order2 F - PR X2 Order1 M",5.33333333333333,2.71959534313643,19,1.96107606478784,1,"NANA OrderNA SexNA - NANA OrderNA SexNA"
"NR X6 Order2 F - NR X3 Order1 M",2,3.19543717094395,19,0.625892450080372,1,"NANA OrderNA SexNA - NANA OrderNA SexNA"
"NR X6 Order2 F - PR X3 Order1 M",2.66666666666666,2.77909910094359,19,0.959543567827878,1,"NANA OrderNA SexNA - NANA OrderNA SexNA"
"NR X6 Order2 F - NR X4 Order1 M",2.16666666666666,3.23499685909625,19,0.66975850705214,1,"NANA OrderNA SexNA - NANA OrderNA SexNA"
"NR X6 Order2 F - PR X4 Order1 M",0.999999999999999,2.893125548364,19,0.345646942479035,1,"NANA OrderNA SexNA - NANA OrderNA SexNA"
"NR X6 Order2 F - NR X5 Order1 M",2,3.36906289572065,19,0.593636884173453,1,"NANA OrderNA SexNA - NANA OrderNA SexNA"
"NR X6 Order2 F - PR X5 Order1 M",0.666666666666665,2.92423829238372,19,0.227979596739096,1,"NANA OrderNA SexNA - NANA OrderNA SexNA"
"NR X6 Order2 F - NR X6 Order1 M",1.66666666666667,3.38771430128553,19,0.49197379661981,1,"NANA OrderNA SexNA - NANA OrderNA SexNA"
"NR X6 Order2 F - PR X6 Order1 M",2,3.02325296320572,19,0.661539085329892,1,"NANA OrderNA SexNA - NANA OrderNA SexNA"
"NR X6 Order2 F - NR X0 Order2 M",-9.00000000000001,3.34882365660555,19,-2.68751087631847,1,"NANA OrderNA SexNA - NANA OrderNA SexNA"
"NR X6 Order2 F - PR X0 Order2 M",7.5,2.59390874417344,19,2.89138930459557,1,"NANA OrderNA SexNA - NANA OrderNA SexNA"
"NR X6 Order2 F - NR X1 Order2 M",-5.33333333333334,3.28032411749045,19,-1.62585559911486,1,"NANA OrderNA SexNA - NANA OrderNA SexNA"
"NR X6 Order2 F - PR X1 Order2 M",9.83333333333333,2.67646227180539,19,3.67400408999613,1,"NANA OrderNA SexNA - NANA OrderNA SexNA"
"NR X6 Order2 F - NR X2 Order2 M",-2.16666666666666,3.05294412596387,19,-0.709697451794211,1,"NANA OrderNA SexNA - NANA OrderNA SexNA"
"NR X6 Order2 F - PR X2 Order2 M",8.83333333333333,2.71959534313643,19,3.24803223230486,1,"NANA OrderNA SexNA - NANA OrderNA SexNA"
"NR X6 Order2 F - NR X3 Order2 M",-5,3.19543717094395,19,-1.56473112520093,1,"NANA OrderNA SexNA - NANA OrderNA SexNA"
"NR X6 Order2 F - PR X3 Order2 M",8,2.77909910094359,19,2.87863070348364,1,"NANA OrderNA SexNA - NANA OrderNA SexNA"
"NR X6 Order2 F - NR X4 Order2 M",-3.16666666666667,3.23499685909625,19,-0.978877817999285,1,"NANA OrderNA SexNA - NANA OrderNA SexNA"
"NR X6 Order2 F - PR X4 Order2 M",4.33333333333333,2.893125548364,19,1.49780341740916,1,"NANA OrderNA SexNA - NANA OrderNA SexNA"
"NR X6 Order2 F - NR X5 Order2 M",-1.5,3.36906289572065,19,-0.44522766313009,1,"NANA OrderNA SexNA - NANA OrderNA SexNA"
"NR X6 Order2 F - PR X5 Order2 M",2.33333333333333,2.92423829238372,19,0.797928588586839,1,"NANA OrderNA SexNA - NANA OrderNA SexNA"
"NR X6 Order2 F - NR X6 Order2 M",-4.16666666666667,3.38771430128553,19,-1.22993449154952,1,"NANA OrderNA SexNA - NANA OrderNA SexNA"
"NR X6 Order2 F - PR X6 Order2 M",0.166666666666662,3.02325296320572,19,0.055128257110823,1,"NANA OrderNA SexNA - NANA OrderNA SexNA"
"PR X6 Order2 F - NR X0 Order1 M",-2.83333333333333,2.97960906419594,19,-0.950907744032493,1,"NANA OrderNA SexNA - NANA OrderNA SexNA"
"PR X6 Order2 F - PR X0 Order1 M",0.333333333333334,2.09566525606956,19,0.159058481485972,1,"NANA OrderNA SexNA - NANA OrderNA SexNA"
"PR X6 Order2 F - NR X1 Order1 M",-4.16666666666666,2.90240875966621,19,-1.43558919907127,1,"NANA OrderNA SexNA - NANA OrderNA SexNA"
"PR X6 Order2 F - PR X1 Order1 M",0.166666666666667,2.19702084304982,19,0.0758603029160648,1,"NANA OrderNA SexNA - NANA OrderNA SexNA"
"PR X6 Order2 F - NR X2 Order1 M",-3,2.64271037547722,19,-1.13519817678025,1,"NANA OrderNA SexNA - NANA OrderNA SexNA"
"PR X6 Order2 F - PR X2 Order1 M",-1.16666666666667,2.24936638251909,19,-0.518664578493479,1,"NANA OrderNA SexNA - NANA OrderNA SexNA"
"PR X6 Order2 F - NR X3 Order1 M",-4.49999999999999,2.80611279278791,19,-1.60364188195343,1,"NANA OrderNA SexNA - NANA OrderNA SexNA"
"PR X6 Order2 F - PR X3 Order1 M",-3.83333333333333,2.32095715282794,19,-1.65161744957793,1,"NANA OrderNA SexNA - NANA OrderNA SexNA"
"PR X6 Order2 F - NR X4 Order1 M",-4.33333333333333,2.85107961494593,19,-1.51989208249995,1,"NANA OrderNA SexNA - NANA OrderNA SexNA"
"PR X6 Order2 F - PR X4 Order1 M",-5.5,2.45634397652164,19,-2.23910008230541,1,"NANA OrderNA SexNA - NANA OrderNA SexNA"
"PR X6 Order2 F - NR X5 Order1 M",-4.5,3.00233827003542,19,-1.49883177552372,1,"NANA OrderNA SexNA - NANA OrderNA SexNA"
"PR X6 Order2 F - PR X5 Order1 M",-5.83333333333333,2.49291393414232,19,-2.3399657940218,1,"NANA OrderNA SexNA - NANA OrderNA SexNA"
"PR X6 Order2 F - NR X6 Order1 M",-4.83333333333333,3.02325296320572,19,-1.59871945621391,1,"NANA OrderNA SexNA - NANA OrderNA SexNA"
"PR X6 Order2 F - PR X6 Order1 M",-4.5,2.608353651622,19,-1.72522617751687,1,"NANA OrderNA SexNA - NANA OrderNA SexNA"
"PR X6 Order2 F - NR X0 Order2 M",-15.5,2.97960906419594,19,-5.20202471735424,0.0759444437090007,"NANA OrderNA SexNA - NANA OrderNA SexNA"
"PR X6 Order2 F - PR X0 Order2 M",1,2.09566525606956,19,0.477175444457915,1,"NANA OrderNA SexNA - NANA OrderNA SexNA"
"PR X6 Order2 F - NR X1 Order2 M",-11.8333333333333,2.90240875966621,19,-4.07707332536242,0.920729698942518,"NANA OrderNA SexNA - NANA OrderNA SexNA"
"PR X6 Order2 F - PR X1 Order2 M",3.33333333333333,2.19702084304982,19,1.51720605832129,1,"NANA OrderNA SexNA - NANA OrderNA SexNA"
"PR X6 Order2 F - NR X2 Order2 M",-8.66666666666666,2.64271037547722,19,-3.27946139958739,1,"NANA OrderNA SexNA - NANA OrderNA SexNA"
"PR X6 Order2 F - PR X2 Order2 M",2.33333333333333,2.24936638251909,19,1.03732915698696,1,"NANA OrderNA SexNA - NANA OrderNA SexNA"
"PR X6 Order2 F - NR X3 Order2 M",-11.5,2.80611279278791,19,-4.09819592054765,0.879210161679203,"NANA OrderNA SexNA - NANA OrderNA SexNA"
"PR X6 Order2 F - PR X3 Order2 M",1.5,2.32095715282794,19,0.646285088965278,1,"NANA OrderNA SexNA - NANA OrderNA SexNA"
"PR X6 Order2 F - NR X4 Order2 M",-9.66666666666667,2.85107961494593,19,-3.39052849173066,1,"NANA OrderNA SexNA - NANA OrderNA SexNA"
"PR X6 Order2 F - PR X4 Order2 M",-2.16666666666666,2.45634397652164,19,-0.882069729393038,1,"NANA OrderNA SexNA - NANA OrderNA SexNA"
"PR X6 Order2 F - NR X5 Order2 M",-8,3.00233827003542,19,-2.66458982315328,1,"NANA OrderNA SexNA - NANA OrderNA SexNA"
"PR X6 Order2 F - PR X5 Order2 M",-4.16666666666666,2.49291393414232,19,-1.671404138587,1,"NANA OrderNA SexNA - NANA OrderNA SexNA"
"PR X6 Order2 F - NR X6 Order2 M",-10.6666666666667,3.02325296320572,19,-3.52820845509276,1,"NANA OrderNA SexNA - NANA OrderNA SexNA"
"PR X6 Order2 F - PR X6 Order2 M",-6.33333333333333,2.608353651622,19,-2.42809610169041,1,"NANA OrderNA SexNA - NANA OrderNA SexNA"
"NR X0 Order1 M - PR X0 Order1 M",3.16666666666666,2.42061081653912,19,1.30820974814705,1,"NANA OrderNA SexNA - NANA OrderNA SexNA"
"NR X0 Order1 M - NR X1 Order1 M",-1.33333333333334,1.42871553157913,19,-0.933239195530848,1,"NANA OrderNA SexNA - NANA OrderNA SexNA"
"NR X0 Order1 M - PR X1 Order1 M",2.99999999999999,2.18480933100934,19,1.37311753360832,1,"NANA OrderNA SexNA - NANA OrderNA SexNA"
"NR X0 Order1 M - NR X2 Order1 M",-0.166666666666668,1.73323211580315,19,-0.0961594613595291,1,"NANA OrderNA SexNA - NANA OrderNA SexNA"
"NR X0 Order1 M - PR X2 Order1 M",1.66666666666666,2.18507697885195,19,0.762749634359488,1,"NANA OrderNA SexNA - NANA OrderNA SexNA"
"NR X0 Order1 M - NR X3 Order1 M",-1.66666666666667,1.47186081848993,19,-1.13235344383758,1,"NANA OrderNA SexNA - NANA OrderNA SexNA"
"NR X0 Order1 M - PR X3 Order1 M",-1.00000000000001,2.05309636363288,19,-0.48706919836463,1,"NANA OrderNA SexNA - NANA OrderNA SexNA"
"NR X0 Order1 M - NR X4 Order1 M",-1.50000000000001,2.25164007801773,19,-0.666181071586076,1,"NANA OrderNA SexNA - NANA OrderNA SexNA"
"NR X0 Order1 M - PR X4 Order1 M",-2.66666666666667,2.23056911941577,19,-1.19550954214103,1,"NANA OrderNA SexNA - NANA OrderNA SexNA"
"NR X0 Order1 M - NR X5 Order1 M",-1.66666666666667,3.00004873254766,19,-0.555546531156288,1,"NANA OrderNA SexNA - NANA OrderNA SexNA"
"NR X0 Order1 M - PR X5 Order1 M",-3,1.98893135960404,19,-1.50834767902561,1,"NANA OrderNA SexNA - NANA OrderNA SexNA"
"NR X0 Order1 M - NR X6 Order1 M",-2,2.61764145436798,19,-0.764046579665317,1,"NANA OrderNA SexNA - NANA OrderNA SexNA"
"NR X0 Order1 M - PR X6 Order1 M",-1.66666666666667,1.55644293820334,19,-1.07081771246337,1,"NANA OrderNA SexNA - NANA OrderNA SexNA"
"NR X0 Order1 M - NR X0 Order2 M",-12.6666666666667,3.30947602785507,19,-3.82739338797271,1,"NANA OrderNA SexNA - NANA OrderNA SexNA"
"NR X0 Order1 M - PR X0 Order2 M",3.83333333333333,2.54290665754877,19,1.50746128331288,1,"NANA OrderNA SexNA - NANA OrderNA SexNA"
"NR X0 Order1 M - NR X1 Order2 M",-9.00000000000001,3.24014475165785,19,-2.77765368210635,1,"NANA OrderNA SexNA - NANA OrderNA SexNA"
"NR X0 Order1 M - PR X1 Order2 M",6.16666666666666,2.62706337729109,19,2.34736120946783,1,"NANA OrderNA SexNA - NANA OrderNA SexNA"
"NR X0 Order1 M - NR X2 Order2 M",-5.83333333333333,3.00973080725897,19,-1.93815783101409,1,"NANA OrderNA SexNA - NANA OrderNA SexNA"
"NR X0 Order1 M - PR X2 Order2 M",5.16666666666666,2.67099429544801,19,1.93436080169541,1,"NANA OrderNA SexNA - NANA OrderNA SexNA"
"NR X0 Order1 M - NR X3 Order2 M",-8.66666666666667,3.15417666108871,19,-2.7476795366545,1,"NANA OrderNA SexNA - NANA OrderNA SexNA"
"NR X0 Order1 M - PR X3 Order2 M",4.33333333333333,2.73155697520149,19,1.58639683252943,1,"NANA OrderNA SexNA - NANA OrderNA SexNA"
"NR X0 Order1 M - NR X4 Order2 M",-6.83333333333334,3.19424738776899,19,-2.13926240011925,1,"NANA OrderNA SexNA - NANA OrderNA SexNA"
"NR X0 Order1 M - PR X4 Order2 M",0.666666666666664,2.84748786380257,19,0.23412449799747,1,"NANA OrderNA SexNA - NANA OrderNA SexNA"
"NR X0 Order1 M - NR X5 Order2 M",-5.16666666666667,3.32995442780049,19,-1.55157278536072,1,"NANA OrderNA SexNA - NANA OrderNA SexNA"
"NR X0 Order1 M - PR X5 Order2 M",-1.33333333333334,2.87909383079984,19,-0.463108676441755,1,"NANA OrderNA SexNA - NANA OrderNA SexNA"
"NR X0 Order1 M - NR X6 Order2 M",-7.83333333333334,3.34882365660555,19,-2.33912983679571,1,"NANA OrderNA SexNA - NANA OrderNA SexNA"
"NR X0 Order1 M - PR X6 Order2 M",-3.50000000000001,2.97960906419594,19,-1.17465074262838,1,"NANA OrderNA SexNA - NANA OrderNA SexNA"
"PR X0 Order1 M - NR X1 Order1 M",-4.5,2.48586648147938,19,-1.81023399025114,1,"NANA OrderNA SexNA - NANA OrderNA SexNA"
"PR X0 Order1 M - PR X1 Order1 M",-0.166666666666666,1.12572263990217,19,-0.148053046779934,1,"NANA OrderNA SexNA - NANA OrderNA SexNA"
"PR X0 Order1 M - NR X2 Order1 M",-3.33333333333333,2.0974085932449,19,-1.58926274263821,1,"NANA OrderNA SexNA - NANA OrderNA SexNA"
"PR X0 Order1 M - PR X2 Order1 M",-1.5,1.17304023452432,19,-1.27872851744788,1,"NANA OrderNA SexNA - NANA OrderNA SexNA"
"PR X0 Order1 M - NR X3 Order1 M",-4.83333333333333,2.18781848141073,19,-2.20920216846178,1,"NANA OrderNA SexNA - NANA OrderNA SexNA"
"PR X0 Order1 M - PR X3 Order1 M",-4.16666666666667,1.42358989429347,19,-2.92687288900332,1,"NANA OrderNA SexNA - NANA OrderNA SexNA"
"PR X0 Order1 M - NR X4 Order1 M",-4.66666666666667,2.39272777365717,19,-1.95035420161228,1,"NANA OrderNA SexNA - NANA OrderNA SexNA"
"PR X0 Order1 M - PR X4 Order1 M",-5.83333333333333,1.91325019686121,19,-3.04891296648144,1,"NANA OrderNA SexNA - NANA OrderNA SexNA"
"PR X0 Order1 M - NR X5 Order1 M",-4.83333333333333,2.62054411563482,19,-1.84440067408003,1,"NANA OrderNA SexNA - NANA OrderNA SexNA"
"PR X0 Order1 M - PR X5 Order1 M",-6.16666666666667,1.76929628856366,19,-3.48537817352957,1,"NANA OrderNA SexNA - NANA OrderNA SexNA"
"PR X0 Order1 M - NR X6 Order1 M",-5.16666666666666,2.54210163088622,19,-2.03243906690917,1,"NANA OrderNA SexNA - NANA OrderNA SexNA"
"PR X0 Order1 M - PR X6 Order1 M",-4.83333333333333,1.746676041223,19,-2.76716072085645,1,"NANA OrderNA SexNA - NANA OrderNA SexNA"
"PR X0 Order1 M - NR X0 Order2 M",-15.8333333333333,2.54290665754877,19,-6.22647051803146,0.00846110327638109,"NANA OrderNA SexNA - NANA OrderNA SexNA"
"PR X0 Order1 M - PR X0 Order2 M",0.666666666666667,1.40716628692714,19,0.473765377169801,1,"NANA OrderNA SexNA - NANA OrderNA SexNA"
"PR X0 Order1 M - NR X1 Order2 M",-12.1666666666667,2.45199524912965,19,-4.96194544870561,0.128535482337077,"NANA OrderNA SexNA - NANA OrderNA SexNA"
"PR X0 Order1 M - PR X1 Order2 M",3,1.55409287958042,19,1.93038655502363,1,"NANA OrderNA SexNA - NANA OrderNA SexNA"
"PR X0 Order1 M - NR X2 Order2 M",-8.99999999999999,2.13827552532928,19,-4.20899921146226,0.688934298439583,"NANA OrderNA SexNA - NANA OrderNA SexNA"
"PR X0 Order1 M - PR X2 Order2 M",2,1.62725327357921,19,1.22906497253554,1,"NANA OrderNA SexNA - NANA OrderNA SexNA"
"PR X0 Order1 M - NR X3 Order2 M",-11.8333333333333,2.33721481670282,19,-5.06300629654015,0.102927125262067,"NANA OrderNA SexNA - NANA OrderNA SexNA"
"PR X0 Order1 M - PR X3 Order2 M",1.16666666666667,1.72486121146903,19,0.676382922236996,1,"NANA OrderNA SexNA - NANA OrderNA SexNA"
"PR X0 Order1 M - NR X4 Order2 M",-10,2.39101632456315,19,-4.18232192614872,0.731155939344558,"NANA OrderNA SexNA - NANA OrderNA SexNA"
"PR X0 Order1 M - PR X4 Order2 M",-2.5,1.90313683810739,19,-1.31362072865247,1,"NANA OrderNA SexNA - NANA OrderNA SexNA"
"PR X0 Order1 M - NR X5 Order2 M",-8.33333333333333,2.56950173794192,19,-3.24317092698604,1,"NANA OrderNA SexNA - NANA OrderNA SexNA"
"PR X0 Order1 M - PR X5 Order2 M",-4.5,1.95010870892066,19,-2.30756366525364,1,"NANA OrderNA SexNA - NANA OrderNA SexNA"
"PR X0 Order1 M - NR X6 Order2 M",-11,2.59390874417344,19,-4.24070431340683,0.641761926411354,"NANA OrderNA SexNA - NANA OrderNA SexNA"
"PR X0 Order1 M - PR X6 Order2 M",-6.66666666666667,2.09566525606956,19,-3.18116962971943,1,"NANA OrderNA SexNA - NANA OrderNA SexNA"
"NR X1 Order1 M - PR X1 Order1 M",4.33333333333333,1.95160752453575,19,2.22039179438199,1,"NANA OrderNA SexNA - NANA OrderNA SexNA"
"NR X1 Order1 M - NR X2 Order1 M",1.16666666666667,1.21864175182793,19,0.957349988145984,1,"NANA OrderNA SexNA - NANA OrderNA SexNA"
"NR X1 Order1 M - PR X2 Order1 M",3,1.9901805730763,19,1.50740090652316,1,"NANA OrderNA SexNA - NANA OrderNA SexNA"
"NR X1 Order1 M - NR X3 Order1 M",-0.33333333333333,1.06567936764295,19,-0.31278951573454,1,"NANA OrderNA SexNA - NANA OrderNA SexNA"
"NR X1 Order1 M - PR X3 Order1 M",0.333333333333331,1.73786519574923,19,0.19180620806991,1,"NANA OrderNA SexNA - NANA OrderNA SexNA"
"NR X1 Order1 M - NR X4 Order1 M",-0.166666666666669,1.49208437746452,19,-0.11170056411279,1,"NANA OrderNA SexNA - NANA OrderNA SexNA"
"NR X1 Order1 M - PR X4 Order1 M",-1.33333333333333,1.64414609273903,19,-0.810957942984312,1,"NANA OrderNA SexNA - NANA OrderNA SexNA"
"NR X1 Order1 M - NR X5 Order1 M",-0.333333333333333,2.20803953689494,19,-0.150963480392241,1,"NANA OrderNA SexNA - NANA OrderNA SexNA"
"NR X1 Order1 M - PR X5 Order1 M",-1.66666666666667,1.91760084023139,19,-0.869141602204114,1,"NANA OrderNA SexNA - NANA OrderNA SexNA"
"NR X1 Order1 M - NR X6 Order1 M",-0.666666666666666,2.13307290077015,19,-0.312538153958997,1,"NANA OrderNA SexNA - NANA OrderNA SexNA"
"NR X1 Order1 M - PR X6 Order1 M",-0.333333333333335,1.51850187791006,19,-0.219514600661612,1,"NANA OrderNA SexNA - NANA OrderNA SexNA"
"NR X1 Order1 M - NR X0 Order2 M",-11.3333333333333,3.24014475165785,19,-3.497786118208,1,"NANA OrderNA SexNA - NANA OrderNA SexNA"
"NR X1 Order1 M - PR X0 Order2 M",5.16666666666666,2.45199524912965,19,2.10712751931334,1,"NANA OrderNA SexNA - NANA OrderNA SexNA"
"NR X1 Order1 M - NR X1 Order2 M",-7.66666666666667,3.16929715306792,19,-2.41904318099211,1,"NANA OrderNA SexNA - NANA OrderNA SexNA"
"NR X1 Order1 M - PR X1 Order2 M",7.5,2.53916687538504,19,2.95372473259076,1,"NANA OrderNA SexNA - NANA OrderNA SexNA"
"NR X1 Order1 M - NR X2 Order2 M",-4.5,2.93332336521432,19,-1.5340961222907,1,"NANA OrderNA SexNA - NANA OrderNA SexNA"
"NR X1 Order1 M - PR X2 Order2 M",6.5,2.58459222297529,19,2.51490348930844,1,"NANA OrderNA SexNA - NANA OrderNA SexNA"
"NR X1 Order1 M - NR X3 Order2 M",-7.33333333333333,3.08135308624397,19,-2.37990685522908,1,"NANA OrderNA SexNA - NANA OrderNA SexNA"
"NR X1 Order1 M - PR X3 Order2 M",5.66666666666667,2.64713239969603,19,2.14068123956224,1,"NANA OrderNA SexNA - NANA OrderNA SexNA"
"NR X1 Order1 M - NR X4 Order2 M",-5.50000000000001,3.12235853274693,19,-1.76148893290654,1,"NANA OrderNA SexNA - NANA OrderNA SexNA"
"NR X1 Order1 M - PR X4 Order2 M",2,2.76660325439906,19,0.722908135389447,1,"NANA OrderNA SexNA - NANA OrderNA SexNA"
"NR X1 Order1 M - NR X5 Order2 M",-3.83333333333333,3.26105855880826,19,-1.17548742661469,1,"NANA OrderNA SexNA - NANA OrderNA SexNA"
"NR X1 Order1 M - PR X5 Order2 M",5.55111512312578e-16,2.79912266956956,19,1.98316250426403e-16,1,"NANA OrderNA SexNA - NANA OrderNA SexNA"
"NR X1 Order1 M - NR X6 Order2 M",-6.5,3.28032411749045,19,-1.98151151142123,1,"NANA OrderNA SexNA - NANA OrderNA SexNA"
"NR X1 Order1 M - PR X6 Order2 M",-2.16666666666667,2.90240875966621,19,-0.746506383517065,1,"NANA OrderNA SexNA - NANA OrderNA SexNA"
"PR X1 Order1 M - NR X2 Order1 M",-3.16666666666666,1.84240181405806,19,-1.71877092309836,1,"NANA OrderNA SexNA - NANA OrderNA SexNA"
"PR X1 Order1 M - PR X2 Order1 M",-1.33333333333333,1.05741602738504,19,-1.26093543014534,1,"NANA OrderNA SexNA - NANA OrderNA SexNA"
"PR X1 Order1 M - NR X3 Order1 M",-4.66666666666666,1.90980847758424,19,-2.44352599825593,1,"NANA OrderNA SexNA - NANA OrderNA SexNA"
"PR X1 Order1 M - PR X3 Order1 M",-4,0.973478720216036,19,-4.10897528310872,0.859029545823344,"NANA OrderNA SexNA - NANA OrderNA SexNA"
"PR X1 Order1 M - NR X4 Order1 M",-4.5,2.00394348066112,19,-2.24557231450231,1,"NANA OrderNA SexNA - NANA OrderNA SexNA"
"PR X1 Order1 M - PR X4 Order1 M",-5.66666666666667,1.48491439491774,19,-3.81615713744938,1,"NANA OrderNA SexNA - NANA OrderNA SexNA"
"PR X1 Order1 M - NR X5 Order1 M",-4.66666666666666,2.26568606239552,19,-2.05971460217775,1,"NANA OrderNA SexNA - NANA OrderNA SexNA"
"PR X1 Order1 M - PR X5 Order1 M",-6,1.69571182589826,19,-3.53833706197197,1,"NANA OrderNA SexNA - NANA OrderNA SexNA"
"PR X1 Order1 M - NR X6 Order1 M",-5,2.30490197175828,19,-2.16928965364448,1,"NANA OrderNA SexNA - NANA OrderNA SexNA"
"PR X1 Order1 M - PR X6 Order1 M",-4.66666666666667,1.62761260962723,19,-2.86718512689299,1,"NANA OrderNA SexNA - NANA OrderNA SexNA"
"PR X1 Order1 M - NR X0 Order2 M",-15.6666666666667,2.62706337729109,19,-5.9635663159453,0.0146792025147796,"NANA OrderNA SexNA - NANA OrderNA SexNA"
"PR X1 Order1 M - PR X0 Order2 M",0.833333333333333,1.55409287958042,19,0.536218487506563,1,"NANA OrderNA SexNA - NANA OrderNA SexNA"
"PR X1 Order1 M - NR X1 Order2 M",-12,2.53916687538504,19,-4.72595957214522,0.216462366468754,"NANA OrderNA SexNA - NANA OrderNA SexNA"
"PR X1 Order1 M - PR X1 Order2 M",3.16666666666667,1.68828090010544,19,1.87567523062596,1,"NANA OrderNA SexNA - NANA OrderNA SexNA"
"PR X1 Order1 M - NR X2 Order2 M",-8.83333333333333,2.23770193312703,19,-3.94750221312512,1,"NANA OrderNA SexNA - NANA OrderNA SexNA"
"PR X1 Order1 M - PR X2 Order2 M",2.16666666666667,1.75585903069481,19,1.23396390529671,1,"NANA OrderNA SexNA - NANA OrderNA SexNA"
"PR X1 Order1 M - NR X3 Order2 M",-11.6666666666667,2.42850999971453,19,-4.80404308322308,0.182295921870464,"NANA OrderNA SexNA - NANA OrderNA SexNA"
"PR X1 Order1 M - PR X3 Order2 M",1.33333333333333,1.84668186706012,19,0.722015717550729,1,"NANA OrderNA SexNA - NANA OrderNA SexNA"
"PR X1 Order1 M - NR X4 Order2 M",-9.83333333333334,2.48033199060645,19,-3.96452304392085,1,"NANA OrderNA SexNA - NANA OrderNA SexNA"
"PR X1 Order1 M - PR X4 Order2 M",-2.33333333333333,2.01420394793071,19,-1.15843945978285,1,"NANA OrderNA SexNA - NANA OrderNA SexNA"
"PR X1 Order1 M - NR X5 Order2 M",-8.16666666666666,2.6528149013048,19,-3.07849095036742,1,"NANA OrderNA SexNA - NANA OrderNA SexNA"
"PR X1 Order1 M - PR X5 Order2 M",-4.33333333333333,2.05864316866873,19,-2.10494630603495,1,"NANA OrderNA SexNA - NANA OrderNA SexNA"
"PR X1 Order1 M - NR X6 Order2 M",-10.8333333333333,2.67646227180539,19,-4.04763162457201,0.97995759982705,"NANA OrderNA SexNA - NANA OrderNA SexNA"
"PR X1 Order1 M - PR X6 Order2 M",-6.5,2.19702084304982,19,-2.95855181372652,1,"NANA OrderNA SexNA - NANA OrderNA SexNA"
"NR X2 Order1 M - PR X2 Order1 M",1.83333333333333,1.62590505610321,19,1.1275771155588,1,"NANA OrderNA SexNA - NANA OrderNA SexNA"
"NR X2 Order1 M - NR X3 Order1 M",-1.5,1.03942741772822,19,-1.44310220648058,1,"NANA OrderNA SexNA - NANA OrderNA SexNA"
"NR X2 Order1 M - PR X3 Order1 M",-0.833333333333338,1.47553142374405,19,-0.564768272585357,1,"NANA OrderNA SexNA - NANA OrderNA SexNA"
"NR X2 Order1 M - NR X4 Order1 M",-1.33333333333334,1.32508413061827,19,-1.00622541808815,1,"NANA OrderNA SexNA - NANA OrderNA SexNA"
"NR X2 Order1 M - PR X4 Order1 M",-2.5,1.39275485347255,19,-1.79500361730333,1,"NANA OrderNA SexNA - NANA OrderNA SexNA"
"NR X2 Order1 M - NR X5 Order1 M",-1.5,1.91493056383971,19,-0.783318219639403,1,"NANA OrderNA SexNA - NANA OrderNA SexNA"
"NR X2 Order1 M - PR X5 Order1 M",-2.83333333333334,1.72790986877785,19,-1.63974602178605,1,"NANA OrderNA SexNA - NANA OrderNA SexNA"
"NR X2 Order1 M - NR X6 Order1 M",-1.83333333333333,1.85324119422611,19,-0.989257814387681,1,"NANA OrderNA SexNA - NANA OrderNA SexNA"
"NR X2 Order1 M - PR X6 Order1 M",-1.5,1.27607310648701,19,-1.17548124192465,1,"NANA OrderNA SexNA - NANA OrderNA SexNA"
"NR X2 Order1 M - NR X0 Order2 M",-12.5,3.00973080725897,19,-4.15319535217305,0.780326837976707,"NANA OrderNA SexNA - NANA OrderNA SexNA"
"NR X2 Order1 M - PR X0 Order2 M",4,2.13827552532928,19,1.87066631620545,1,"NANA OrderNA SexNA - NANA OrderNA SexNA"
"NR X2 Order1 M - NR X1 Order2 M",-8.83333333333334,2.93332336521432,19,-3.01137386968175,1,"NANA OrderNA SexNA - NANA OrderNA SexNA"
"NR X2 Order1 M - PR X1 Order2 M",6.33333333333333,2.23770193312703,19,2.83028460563688,1,"NANA OrderNA SexNA - NANA OrderNA SexNA"
"NR X2 Order1 M - NR X2 Order2 M",-5.66666666666667,2.6766261385147,19,-2.11709307666374,1,"NANA OrderNA SexNA - NANA OrderNA SexNA"
"NR X2 Order1 M - PR X2 Order2 M",5.33333333333333,2.2891174018674,19,2.32986448357019,1,"NANA OrderNA SexNA - NANA OrderNA SexNA"
"NR X2 Order1 M - NR X3 Order2 M",-8.5,2.83807652514394,19,-2.99498619036317,1,"NANA OrderNA SexNA - NANA OrderNA SexNA"
"NR X2 Order1 M - PR X3 Order2 M",4.5,2.35950237592343,19,1.90718180490869,1,"NANA OrderNA SexNA - NANA OrderNA SexNA"
"NR X2 Order1 M - NR X4 Order2 M",-6.66666666666667,2.88254476591178,19,-2.31277125181365,1,"NANA OrderNA SexNA - NANA OrderNA SexNA"
"NR X2 Order1 M - PR X4 Order2 M",0.833333333333332,2.49279663986441,19,0.334296556729416,1,"NANA OrderNA SexNA - NANA OrderNA SexNA"
"NR X2 Order1 M - NR X5 Order2 M",-5,3.03223423311004,19,-1.64894912978794,1,"NANA OrderNA SexNA - NANA OrderNA SexNA"
"NR X2 Order1 M - PR X5 Order2 M",-1.16666666666667,2.52883950454869,19,-0.4613446858008,1,"NANA OrderNA SexNA - NANA OrderNA SexNA"
"NR X2 Order1 M - NR X6 Order2 M",-7.66666666666667,3.05294412596387,19,-2.51123713711798,1,"NANA OrderNA SexNA - NANA OrderNA SexNA"
"NR X2 Order1 M - PR X6 Order2 M",-3.33333333333334,2.64271037547722,19,-1.26133130753362,1,"NANA OrderNA SexNA - NANA OrderNA SexNA"
"PR X2 Order1 M - NR X3 Order1 M",-3.33333333333333,1.7493524282227,19,-1.90546700570789,1,"NANA OrderNA SexNA - NANA OrderNA SexNA"
"PR X2 Order1 M - PR X3 Order1 M",-2.66666666666667,0.880091701761113,19,-3.02998728579137,1,"NANA OrderNA SexNA - NANA OrderNA SexNA"
"PR X2 Order1 M - NR X4 Order1 M",-3.16666666666667,1.8085243249451,19,-1.75096714099369,1,"NANA OrderNA SexNA - NANA OrderNA SexNA"
"PR X2 Order1 M - PR X4 Order1 M",-4.33333333333333,1.35734949840441,19,-3.19249636031636,1,"NANA OrderNA SexNA - NANA OrderNA SexNA"
"PR X2 Order1 M - NR X5 Order1 M",-3.33333333333333,2.15374011691942,19,-1.54769524286948,1,"NANA OrderNA SexNA - NANA OrderNA SexNA"
"PR X2 Order1 M - PR X5 Order1 M",-4.66666666666667,1.29664434202583,19,-3.59903368673605,1,"NANA OrderNA SexNA - NANA OrderNA SexNA"
"PR X2 Order1 M - NR X6 Order1 M",-3.66666666666666,1.94703252990663,19,-1.8832077072911,1,"NANA OrderNA SexNA - NANA OrderNA SexNA"
"PR X2 Order1 M - PR X6 Order1 M",-3.33333333333333,1.41048703794488,19,-2.36324988720924,1,"NANA OrderNA SexNA - NANA OrderNA SexNA"
"PR X2 Order1 M - NR X0 Order2 M",-14.3333333333333,2.67099429544801,19,-5.36629125631629,0.0528988032881553,"NANA OrderNA SexNA - NANA OrderNA SexNA"
"PR X2 Order1 M - PR X0 Order2 M",2.16666666666667,1.62725327357921,19,1.33148705358017,1,"NANA OrderNA SexNA - NANA OrderNA SexNA"
"PR X2 Order1 M - NR X1 Order2 M",-10.6666666666667,2.58459222297529,19,-4.12702111066,0.825503478480392,"NANA OrderNA SexNA - NANA OrderNA SexNA"
"PR X2 Order1 M - PR X1 Order2 M",4.5,1.75585903069481,19,2.56284811100086,1,"NANA OrderNA SexNA - NANA OrderNA SexNA"
"PR X2 Order1 M - NR X2 Order2 M",-7.49999999999999,2.2891174018674,19,-3.27637193002058,1,"NANA OrderNA SexNA - NANA OrderNA SexNA"
"PR X2 Order1 M - PR X2 Order2 M",3.5,1.82093093600065,19,1.92209376577847,1,"NANA OrderNA SexNA - NANA OrderNA SexNA"
"PR X2 Order1 M - NR X3 Order2 M",-10.3333333333333,2.47596634805991,19,-4.17345467616318,0.745585044536791,"NANA OrderNA SexNA - NANA OrderNA SexNA"
"PR X2 Order1 M - PR X3 Order2 M",2.66666666666667,1.90865985868105,19,1.39714085489776,1,"NANA OrderNA SexNA - NANA OrderNA SexNA"
"PR X2 Order1 M - NR X4 Order2 M",-8.5,2.52681525277125,19,-3.36391827248856,1,"NANA OrderNA SexNA - NANA OrderNA SexNA"
"PR X2 Order1 M - PR X4 Order2 M",-0.999999999999998,2.07117504858265,19,-0.482817712913411,1,"NANA OrderNA SexNA - NANA OrderNA SexNA"
"PR X2 Order1 M - NR X5 Order2 M",-6.83333333333333,2.69632628563319,19,-2.53431247165572,1,"NANA OrderNA SexNA - NANA OrderNA SexNA"
"PR X2 Order1 M - PR X5 Order2 M",-3,2.11441723269513,19,-1.41883066104984,1,"NANA OrderNA SexNA - NANA OrderNA SexNA"
"PR X2 Order1 M - NR X6 Order2 M",-9.5,2.71959534313643,19,-3.49316674040334,1,"NANA OrderNA SexNA - NANA OrderNA SexNA"
"PR X2 Order1 M - PR X6 Order2 M",-5.16666666666667,2.24936638251909,19,-2.29694313332827,1,"NANA OrderNA SexNA - NANA OrderNA SexNA"
"NR X3 Order1 M - PR X3 Order1 M",0.666666666666661,1.72536969510749,19,0.386390620257838,1,"NANA OrderNA SexNA - NANA OrderNA SexNA"
"NR X3 Order1 M - NR X4 Order1 M",0.166666666666661,1.44792652716572,19,0.115107129774677,1,"NANA OrderNA SexNA - NANA OrderNA SexNA"
"NR X3 Order1 M - PR X4 Order1 M",-1,1.79578779402512,19,-0.556858668561603,1,"NANA OrderNA SexNA - NANA OrderNA SexNA"
"NR X3 Order1 M - NR X5 Order1 M",-3.33066907387547e-15,2.13067268295047,19,-1.5632007208462e-15,1,"NANA OrderNA SexNA - NANA OrderNA SexNA"
"NR X3 Order1 M - PR X5 Order1 M",-1.33333333333334,1.57613785130482,19,-0.845949694203157,1,"NANA OrderNA SexNA - NANA OrderNA SexNA"
"NR X3 Order1 M - NR X6 Order1 M",-0.333333333333336,2.11655960497301,19,-0.157488280769483,1,"NANA OrderNA SexNA - NANA OrderNA SexNA"
"NR X3 Order1 M - PR X6 Order1 M",-5.07233144375618e-15,1.29257890819792,19,-3.92419481053415e-15,1,"NANA OrderNA SexNA - NANA OrderNA SexNA"
"NR X3 Order1 M - NR X0 Order2 M",-11,3.15417666108871,19,-3.48743941190764,1,"NANA OrderNA SexNA - NANA OrderNA SexNA"
"NR X3 Order1 M - PR X0 Order2 M",5.49999999999999,2.33721481670282,19,2.35322827867359,1,"NANA OrderNA SexNA - NANA OrderNA SexNA"
"NR X3 Order1 M - NR X1 Order2 M",-7.33333333333334,3.08135308624397,19,-2.37990685522909,1,"NANA OrderNA SexNA - NANA OrderNA SexNA"
"NR X3 Order1 M - PR X1 Order2 M",7.83333333333333,2.42850999971453,19,3.22557178444978,1,"NANA OrderNA SexNA - NANA OrderNA SexNA"
"NR X3 Order1 M - NR X2 Order2 M",-4.16666666666667,2.83807652514394,19,-1.46813048547214,1,"NANA OrderNA SexNA - NANA OrderNA SexNA"
"NR X3 Order1 M - PR X2 Order2 M",6.83333333333333,2.47596634805991,19,2.75986518907565,1,"NANA OrderNA SexNA - NANA OrderNA SexNA"
"NR X3 Order1 M - NR X3 Order2 M",-7,2.99082417399721,19,-2.34049198239713,1,"NANA OrderNA SexNA - NANA OrderNA SexNA"
"NR X3 Order1 M - PR X3 Order2 M",6,2.54118128813772,19,2.36110663493711,1,"NANA OrderNA SexNA - NANA OrderNA SexNA"
"NR X3 Order1 M - NR X4 Order2 M",-5.16666666666668,3.03305377543465,19,-1.70345369690199,1,"NANA OrderNA SexNA - NANA OrderNA SexNA"
"NR X3 Order1 M - PR X4 Order2 M",2.33333333333333,2.66540540348223,19,0.875414047816117,1,"NANA OrderNA SexNA - NANA OrderNA SexNA"
"NR X3 Order1 M - NR X5 Order2 M",-3.5,3.17565667565583,19,-1.10213425362715,1,"NANA OrderNA SexNA - NANA OrderNA SexNA"
"NR X3 Order1 M - PR X5 Order2 M",0.33333333333333,2.69914433051644,19,0.12349592778892,1,"NANA OrderNA SexNA - NANA OrderNA SexNA"
"NR X3 Order1 M - NR X6 Order2 M",-6.16666666666667,3.19543717094395,19,-1.92983505441448,1,"NANA OrderNA SexNA - NANA OrderNA SexNA"
"NR X3 Order1 M - PR X6 Order2 M",-1.83333333333334,2.80611279278791,19,-0.653335581536586,1,"NANA OrderNA SexNA - NANA OrderNA SexNA"
"PR X3 Order1 M - NR X4 Order1 M",-0.499999999999999,1.7547762723726,19,-0.284936608656076,1,"NANA OrderNA SexNA - NANA OrderNA SexNA"
"PR X3 Order1 M - PR X4 Order1 M",-1.66666666666667,1.04629672756119,19,-1.59291969740887,1,"NANA OrderNA SexNA - NANA OrderNA SexNA"
"PR X3 Order1 M - NR X5 Order1 M",-0.666666666666664,2.06933896273425,19,-0.322164072040565,1,"NANA OrderNA SexNA - NANA OrderNA SexNA"
"PR X3 Order1 M - PR X5 Order1 M",-2,1.42543724696292,19,-1.40307825143566,1,"NANA OrderNA SexNA - NANA OrderNA SexNA"
"PR X3 Order1 M - NR X6 Order1 M",-0.999999999999997,2.01848185670517,19,-0.495421842251447,1,"NANA OrderNA SexNA - NANA OrderNA SexNA"
"PR X3 Order1 M - PR X6 Order1 M",-0.666666666666666,1.41638284050506,19,-0.470682535541691,1,"NANA OrderNA SexNA - NANA OrderNA SexNA"
"PR X3 Order1 M - NR X0 Order2 M",-11.6666666666667,2.73155697520149,19,-4.27106839527156,0.599253691602184,"NANA OrderNA SexNA - NANA OrderNA SexNA"
"PR X3 Order1 M - PR X0 Order2 M",4.83333333333333,1.72486121146903,19,2.80215782069612,1,"NANA OrderNA SexNA - NANA OrderNA SexNA"
"PR X3 Order1 M - NR X1 Order2 M",-8,2.64713239969603,19,-3.02213822055846,1,"NANA OrderNA SexNA - NANA OrderNA SexNA"
"PR X3 Order1 M - PR X1 Order2 M",7.16666666666667,1.84668186706012,19,3.88083448183517,1,"NANA OrderNA SexNA - NANA OrderNA SexNA"
"PR X3 Order1 M - NR X2 Order2 M",-4.83333333333333,2.35950237592343,19,-2.04845453119823,1,"NANA OrderNA SexNA - NANA OrderNA SexNA"
"PR X3 Order1 M - PR X2 Order2 M",6.16666666666667,1.90865985868105,19,3.23088822695106,1,"NANA OrderNA SexNA - NANA OrderNA SexNA"
"PR X3 Order1 M - NR X3 Order2 M",-7.66666666666666,2.54118128813772,19,-3.0169695890863,1,"NANA OrderNA SexNA - NANA OrderNA SexNA"
"PR X3 Order1 M - PR X3 Order2 M",5.33333333333333,1.99252990908455,19,2.67666412886303,1,"NANA OrderNA SexNA - NANA OrderNA SexNA"
"PR X3 Order1 M - NR X4 Order2 M",-5.83333333333334,2.5907505291119,19,-2.2515997846126,1,"NANA OrderNA SexNA - NANA OrderNA SexNA"
"PR X3 Order1 M - PR X4 Order2 M",1.66666666666667,2.14871102392283,19,0.775658824341997,1,"NANA OrderNA SexNA - NANA OrderNA SexNA"
"PR X3 Order1 M - NR X5 Order2 M",-4.16666666666666,2.75633242208784,19,-1.5116705928781,1,"NANA OrderNA SexNA - NANA OrderNA SexNA"
"PR X3 Order1 M - PR X5 Order2 M",-0.33333333333333,2.19042306789676,19,-0.152177603595727,1,"NANA OrderNA SexNA - NANA OrderNA SexNA"
"PR X3 Order1 M - NR X6 Order2 M",-6.83333333333333,2.77909910094359,19,-2.45883039255894,1,"NANA OrderNA SexNA - NANA OrderNA SexNA"
"PR X3 Order1 M - PR X6 Order2 M",-2.5,2.32095715282794,19,-1.07714181494213,1,"NANA OrderNA SexNA - NANA OrderNA SexNA"
"NR X4 Order1 M - PR X4 Order1 M",-1.16666666666667,1.82085064627042,19,-0.6407261732621,1,"NANA OrderNA SexNA - NANA OrderNA SexNA"
"NR X4 Order1 M - NR X5 Order1 M",-0.166666666666665,1.61190744586502,19,-0.103397169046033,1,"NANA OrderNA SexNA - NANA OrderNA SexNA"
"NR X4 Order1 M - PR X5 Order1 M",-1.5,1.88763288134553,19,-0.794646043107056,1,"NANA OrderNA SexNA - NANA OrderNA SexNA"
"NR X4 Order1 M - NR X6 Order1 M",-0.499999999999997,1.35734949840441,19,-0.368364964651886,1,"NANA OrderNA SexNA - NANA OrderNA SexNA"
"NR X4 Order1 M - PR X6 Order1 M",-0.166666666666666,1.73154428590062,19,-0.0962531931893262,1,"NANA OrderNA SexNA - NANA OrderNA SexNA"
"NR X4 Order1 M - NR X0 Order2 M",-11.1666666666667,3.19424738776899,19,-3.49586782458512,1,"NANA OrderNA SexNA - NANA OrderNA SexNA"
"NR X4 Order1 M - PR X0 Order2 M",5.33333333333333,2.39101632456315,19,2.23057169394598,1,"NANA OrderNA SexNA - NANA OrderNA SexNA"
"NR X4 Order1 M - NR X1 Order2 M",-7.5,3.12235853274693,19,-2.40203036305437,1,"NANA OrderNA SexNA - NANA OrderNA SexNA"
"NR X4 Order1 M - PR X1 Order2 M",7.66666666666667,2.48033199060645,19,3.09098406814168,1,"NANA OrderNA SexNA - NANA OrderNA SexNA"
"NR X4 Order1 M - NR X2 Order2 M",-4.33333333333333,2.88254476591178,19,-1.50330131367887,1,"NANA OrderNA SexNA - NANA OrderNA SexNA"
"NR X4 Order1 M - PR X2 Order2 M",6.66666666666667,2.52681525277125,19,2.63836727254005,1,"NANA OrderNA SexNA - NANA OrderNA SexNA"
"NR X4 Order1 M - NR X3 Order2 M",-7.16666666666666,3.03305377543465,19,-2.36285512796081,1,"NANA OrderNA SexNA - NANA OrderNA SexNA"
"NR X4 Order1 M - PR X3 Order2 M",5.83333333333333,2.5907505291119,19,2.2515997846126,1,"NANA OrderNA SexNA - NANA OrderNA SexNA"
"NR X4 Order1 M - NR X4 Order2 M",-5.33333333333334,3.07470342790823,19,-1.73458463828548,1,"NANA OrderNA SexNA - NANA OrderNA SexNA"
"NR X4 Order1 M - PR X4 Order2 M",2.16666666666667,2.71270564747165,19,0.798710567320893,1,"NANA OrderNA SexNA - NANA OrderNA SexNA"
"NR X4 Order1 M - NR X5 Order2 M",-3.66666666666667,3.21545973175683,19,-1.14032423744996,1,"NANA OrderNA SexNA - NANA OrderNA SexNA"
"NR X4 Order1 M - PR X5 Order2 M",0.166666666666669,2.74586344923985,19,0.0606973615941494,1,"NANA OrderNA SexNA - NANA OrderNA SexNA"
"NR X4 Order1 M - NR X6 Order2 M",-6.33333333333333,3.23499685909625,19,-1.95775563599857,1,"NANA OrderNA SexNA - NANA OrderNA SexNA"
"NR X4 Order1 M - PR X6 Order2 M",-2,2.85107961494593,19,-0.701488653461517,1,"NANA OrderNA SexNA - NANA OrderNA SexNA"
"PR X4 Order1 M - NR X5 Order1 M",1,2.01086231539158,19,0.497299090219048,1,"NANA OrderNA SexNA - NANA OrderNA SexNA"
"PR X4 Order1 M - PR X5 Order1 M",-0.333333333333333,1.49668249122256,19,-0.222714794412442,1,"NANA OrderNA SexNA - NANA OrderNA SexNA"
"PR X4 Order1 M - NR X6 Order1 M",0.666666666666669,2.1862141166278,19,0.304941159054901,1,"NANA OrderNA SexNA - NANA OrderNA SexNA"
"PR X4 Order1 M - PR X6 Order1 M",0.999999999999999,1.48491439491774,19,0.673439494844008,1,"NANA OrderNA SexNA - NANA OrderNA SexNA"
"PR X4 Order1 M - NR X0 Order2 M",-10,2.84748786380257,19,-3.51186746996206,1,"NANA OrderNA SexNA - NANA OrderNA SexNA"
"PR X4 Order1 M - PR X0 Order2 M",6.5,1.90313683810739,19,3.41541389449643,1,"NANA OrderNA SexNA - NANA OrderNA SexNA"
"PR X4 Order1 M - NR X1 Order2 M",-6.33333333333334,2.76660325439906,19,-2.28920909539992,1,"NANA OrderNA SexNA - NANA OrderNA SexNA"
"PR X4 Order1 M - PR X1 Order2 M",8.83333333333333,2.01420394793071,19,4.38552081203508,0.463676018592625,"NANA OrderNA SexNA - NANA OrderNA SexNA"
"PR X4 Order1 M - NR X2 Order2 M",-3.16666666666666,2.49279663986441,19,-1.27032691557178,1,"NANA OrderNA SexNA - NANA OrderNA SexNA"
"PR X4 Order1 M - PR X2 Order2 M",7.83333333333333,2.07117504858265,19,3.78207208448839,1,"NANA OrderNA SexNA - NANA OrderNA SexNA"
"PR X4 Order1 M - NR X3 Order2 M",-5.99999999999999,2.66540540348223,19,-2.2510646943843,1,"NANA OrderNA SexNA - NANA OrderNA SexNA"
"PR X4 Order1 M - PR X3 Order2 M",7,2.14871102392283,19,3.25776706223638,1,"NANA OrderNA SexNA - NANA OrderNA SexNA"
"PR X4 Order1 M - NR X4 Order2 M",-4.16666666666667,2.71270564747165,19,-1.53598186023249,1,"NANA OrderNA SexNA - NANA OrderNA SexNA"
"PR X4 Order1 M - PR X4 Order2 M",3.33333333333333,2.29428478835093,19,1.45288560088883,1,"NANA OrderNA SexNA - NANA OrderNA SexNA"
"PR X4 Order1 M - NR X5 Order2 M",-2.5,2.87126314481686,19,-0.870696928114353,1,"NANA OrderNA SexNA - NANA OrderNA SexNA"
"PR X4 Order1 M - PR X5 Order2 M",1.33333333333334,2.33339598913371,19,0.571413227562951,1,"NANA OrderNA SexNA - NANA OrderNA SexNA"
"PR X4 Order1 M - NR X6 Order2 M",-5.16666666666667,2.893125548364,19,-1.78584253614168,1,"NANA OrderNA SexNA - NANA OrderNA SexNA"
"PR X4 Order1 M - PR X6 Order2 M",-0.833333333333336,2.45634397652164,19,-0.339257588228093,1,"NANA OrderNA SexNA - NANA OrderNA SexNA"
"NR X5 Order1 M - PR X5 Order1 M",-1.33333333333333,2.0126791082988,19,-0.662466921744084,1,"NANA OrderNA SexNA - NANA OrderNA SexNA"
"NR X5 Order1 M - NR X6 Order1 M",-0.333333333333333,1.37319791531297,19,-0.242742382300633,1,"NANA OrderNA SexNA - NANA OrderNA SexNA"
"NR X5 Order1 M - PR X6 Order1 M",-1.74166236988071e-15,2.26439514663783,19,-7.69151255454125e-16,1,"NANA OrderNA SexNA - NANA OrderNA SexNA"
"NR X5 Order1 M - NR X0 Order2 M",-11,3.32995442780049,19,-3.30334851076799,1,"NANA OrderNA SexNA - NANA OrderNA SexNA"
"NR X5 Order1 M - PR X0 Order2 M",5.5,2.56950173794192,19,2.14049281181078,1,"NANA OrderNA SexNA - NANA OrderNA SexNA"
"NR X5 Order1 M - NR X1 Order2 M",-7.33333333333334,3.26105855880826,19,-2.24875855526289,1,"NANA OrderNA SexNA - NANA OrderNA SexNA"
"NR X5 Order1 M - PR X1 Order2 M",7.83333333333333,2.6528149013048,19,2.95283825851569,1,"NANA OrderNA SexNA - NANA OrderNA SexNA"
"NR X5 Order1 M - NR X2 Order2 M",-4.16666666666666,3.03223423311004,19,-1.37412427482328,1,"NANA OrderNA SexNA - NANA OrderNA SexNA"
"NR X5 Order1 M - PR X2 Order2 M",6.83333333333333,2.69632628563319,19,2.53431247165572,1,"NANA OrderNA SexNA - NANA OrderNA SexNA"
"NR X5 Order1 M - NR X3 Order2 M",-7,3.17565667565583,19,-2.20426850725429,1,"NANA OrderNA SexNA - NANA OrderNA SexNA"
"NR X5 Order1 M - PR X3 Order2 M",6,2.75633242208784,19,2.17680565374447,1,"NANA OrderNA SexNA - NANA OrderNA SexNA"
"NR X5 Order1 M - NR X4 Order2 M",-5.16666666666667,3.21545973175683,19,-1.60682051640677,1,"NANA OrderNA SexNA - NANA OrderNA SexNA"
"NR X5 Order1 M - PR X4 Order2 M",2.33333333333333,2.87126314481686,19,0.812650466240063,1,"NANA OrderNA SexNA - NANA OrderNA SexNA"
"NR X5 Order1 M - NR X5 Order2 M",-3.5,3.35030765803811,19,-1.04468017783464,1,"NANA OrderNA SexNA - NANA OrderNA SexNA"
"NR X5 Order1 M - PR X5 Order2 M",0.333333333333334,2.90261023887645,19,0.114839164028568,1,"NANA OrderNA SexNA - NANA OrderNA SexNA"
"NR X5 Order1 M - NR X6 Order2 M",-6.16666666666667,3.36906289572065,19,-1.83038039286815,1,"NANA OrderNA SexNA - NANA OrderNA SexNA"
"NR X5 Order1 M - PR X6 Order2 M",-1.83333333333334,3.00233827003542,19,-0.61063516780596,1,"NANA OrderNA SexNA - NANA OrderNA SexNA"
"PR X5 Order1 M - NR X6 Order1 M",1,2.14973138536882,19,0.465174396580917,1,"NANA OrderNA SexNA - NANA OrderNA SexNA"
"PR X5 Order1 M - PR X6 Order1 M",1.33333333333333,1.2766458245745,19,1.04440347327946,1,"NANA OrderNA SexNA - NANA OrderNA SexNA"
"PR X5 Order1 M - NR X0 Order2 M",-9.66666666666667,2.87909383079984,19,-3.35753790420272,1,"NANA OrderNA SexNA - NANA OrderNA SexNA"
"PR X5 Order1 M - PR X0 Order2 M",6.83333333333333,1.95010870892066,19,3.50407815834813,1,"NANA OrderNA SexNA - NANA OrderNA SexNA"
"PR X5 Order1 M - NR X1 Order2 M",-6,2.79912266956956,19,-2.14352877965247,1,"NANA OrderNA SexNA - NANA OrderNA SexNA"
"PR X5 Order1 M - PR X1 Order2 M",9.16666666666667,2.05864316866873,19,4.45277103199701,0.398761424764508,"NANA OrderNA SexNA - NANA OrderNA SexNA"
"PR X5 Order1 M - NR X2 Order2 M",-2.83333333333333,2.52883950454869,19,-1.12040852265908,1,"NANA OrderNA SexNA - NANA OrderNA SexNA"
"PR X5 Order1 M - PR X2 Order2 M",8.16666666666667,2.11441723269513,19,3.86237235508011,1,"NANA OrderNA SexNA - NANA OrderNA SexNA"
"PR X5 Order1 M - NR X3 Order2 M",-5.66666666666666,2.69914433051644,19,-2.09943077241165,1,"NANA OrderNA SexNA - NANA OrderNA SexNA"
"PR X5 Order1 M - PR X3 Order2 M",7.33333333333333,2.19042306789676,19,3.34790727910603,1,"NANA OrderNA SexNA - NANA OrderNA SexNA"
"PR X5 Order1 M - NR X4 Order2 M",-3.83333333333334,2.74586344923985,19,-1.39603931666542,1,"NANA OrderNA SexNA - NANA OrderNA SexNA"
"PR X5 Order1 M - PR X4 Order2 M",3.66666666666667,2.33339598913371,19,1.57138637579811,1,"NANA OrderNA SexNA - NANA OrderNA SexNA"
"PR X5 Order1 M - NR X5 Order2 M",-2.16666666666667,2.90261023887645,19,-0.746454566185691,1,"NANA OrderNA SexNA - NANA OrderNA SexNA"
"PR X5 Order1 M - PR X5 Order2 M",1.66666666666667,2.37186234721833,19,0.702682712013747,1,"NANA OrderNA SexNA - NANA OrderNA SexNA"
"PR X5 Order1 M - NR X6 Order2 M",-4.83333333333333,2.92423829238372,19,-1.65285207635845,1,"NANA OrderNA SexNA - NANA OrderNA SexNA"
"PR X5 Order1 M - PR X6 Order2 M",-0.500000000000003,2.49291393414232,19,-0.200568496630441,1,"NANA OrderNA SexNA - NANA OrderNA SexNA"
"NR X6 Order1 M - PR X6 Order1 M",0.333333333333331,2.10464537719367,19,0.158379809228383,1,"NANA OrderNA SexNA - NANA OrderNA SexNA"
"NR X6 Order1 M - NR X0 Order2 M",-10.6666666666667,3.34882365660555,19,-3.18519807563671,1,"NANA OrderNA SexNA - NANA OrderNA SexNA"
"NR X6 Order1 M - PR X0 Order2 M",5.83333333333333,2.59390874417344,19,2.24885834801878,1,"NANA OrderNA SexNA - NANA OrderNA SexNA"
"NR X6 Order1 M - NR X1 Order2 M",-7,3.28032411749045,19,-2.13393547383825,1,"NANA OrderNA SexNA - NANA OrderNA SexNA"
"NR X6 Order1 M - PR X1 Order2 M",8.16666666666666,2.67646227180539,19,3.05129153236967,1,"NANA OrderNA SexNA - NANA OrderNA SexNA"
"NR X6 Order1 M - NR X2 Order2 M",-3.83333333333333,3.05294412596387,19,-1.25561856855899,1,"NANA OrderNA SexNA - NANA OrderNA SexNA"
"NR X6 Order1 M - PR X2 Order2 M",7.16666666666666,2.71959534313643,19,2.63519596205866,1,"NANA OrderNA SexNA - NANA OrderNA SexNA"
"NR X6 Order1 M - NR X3 Order2 M",-6.66666666666666,3.19543717094395,19,-2.08630816693457,1,"NANA OrderNA SexNA - NANA OrderNA SexNA"
"NR X6 Order1 M - PR X3 Order2 M",6.33333333333333,2.77909910094359,19,2.27891597359121,1,"NANA OrderNA SexNA - NANA OrderNA SexNA"
"NR X6 Order1 M - NR X4 Order2 M",-4.83333333333334,3.23499685909625,19,-1.49407666957785,1,"NANA OrderNA SexNA - NANA OrderNA SexNA"
"NR X6 Order1 M - PR X4 Order2 M",2.66666666666667,2.893125548364,19,0.921725179944095,1,"NANA OrderNA SexNA - NANA OrderNA SexNA"
"NR X6 Order1 M - NR X5 Order2 M",-3.16666666666667,3.36906289572065,19,-0.939925066607968,1,"NANA OrderNA SexNA - NANA OrderNA SexNA"
"NR X6 Order1 M - PR X5 Order2 M",0.666666666666666,2.92423829238372,19,0.227979596739097,1,"NANA OrderNA SexNA - NANA OrderNA SexNA"
"NR X6 Order1 M - NR X6 Order2 M",-5.83333333333333,3.38771430128553,19,-1.72190828816933,1,"NANA OrderNA SexNA - NANA OrderNA SexNA"
"NR X6 Order1 M - PR X6 Order2 M",-1.5,3.02325296320572,19,-0.496154313997421,1,"NANA OrderNA SexNA - NANA OrderNA SexNA"
"PR X6 Order1 M - NR X0 Order2 M",-11,2.97960906419594,19,-3.69175947683204,1,"NANA OrderNA SexNA - NANA OrderNA SexNA"
"PR X6 Order1 M - PR X0 Order2 M",5.5,2.09566525606956,19,2.62446494451853,1,"NANA OrderNA SexNA - NANA OrderNA SexNA"
"PR X6 Order1 M - NR X1 Order2 M",-7.33333333333334,2.90240875966621,19,-2.52663699036545,1,"NANA OrderNA SexNA - NANA OrderNA SexNA"
"PR X6 Order1 M - PR X1 Order2 M",7.83333333333333,2.19702084304982,19,3.56543423705504,1,"NANA OrderNA SexNA - NANA OrderNA SexNA"
"PR X6 Order1 M - NR X2 Order2 M",-4.16666666666666,2.64271037547722,19,-1.57666413441701,1,"NANA OrderNA SexNA - NANA OrderNA SexNA"
"PR X6 Order1 M - PR X2 Order2 M",6.83333333333333,2.24936638251909,19,3.03789253117609,1,"NANA OrderNA SexNA - NANA OrderNA SexNA"
"PR X6 Order1 M - NR X3 Order2 M",-6.99999999999999,2.80611279278791,19,-2.49455403859422,1,"NANA OrderNA SexNA - NANA OrderNA SexNA"
"PR X6 Order1 M - PR X3 Order2 M",6,2.32095715282794,19,2.58514035586111,1,"NANA OrderNA SexNA - NANA OrderNA SexNA"
"PR X6 Order1 M - NR X4 Order2 M",-5.16666666666667,2.85107961494593,19,-1.81217902144225,1,"NANA OrderNA SexNA - NANA OrderNA SexNA"
"PR X6 Order1 M - PR X4 Order2 M",2.33333333333334,2.45634397652164,19,0.949921247038659,1,"NANA OrderNA SexNA - NANA OrderNA SexNA"
"PR X6 Order1 M - NR X5 Order2 M",-3.5,3.00233827003542,19,-1.16575804762956,1,"NANA OrderNA SexNA - NANA OrderNA SexNA"
"PR X6 Order1 M - PR X5 Order2 M",0.333333333333336,2.49291393414232,19,0.133712331086961,1,"NANA OrderNA SexNA - NANA OrderNA SexNA"
"PR X6 Order1 M - NR X6 Order2 M",-6.16666666666666,3.02325296320572,19,-2.0397455131005,1,"NANA OrderNA SexNA - NANA OrderNA SexNA"
"PR X6 Order1 M - PR X6 Order2 M",-1.83333333333334,2.608353651622,19,-0.702869924173541,1,"NANA OrderNA SexNA - NANA OrderNA SexNA"
"NR X0 Order2 M - PR X0 Order2 M",16.5,2.42061081653912,19,6.81646131929252,0.00253179883160073,"NANA OrderNA SexNA - NANA OrderNA SexNA"
"NR X0 Order2 M - NR X1 Order2 M",3.66666666666667,1.42871553157913,19,2.56640778770983,1,"NANA OrderNA SexNA - NANA OrderNA SexNA"
"NR X0 Order2 M - PR X1 Order2 M",18.8333333333333,2.18480933100934,19,8.62012673876336,8.36867297320479e-05,"NANA OrderNA SexNA - NANA OrderNA SexNA"
"NR X0 Order2 M - NR X2 Order2 M",6.83333333333334,1.73323211580315,19,3.94253791574067,1,"NANA OrderNA SexNA - NANA OrderNA SexNA"
"NR X0 Order2 M - PR X2 Order2 M",17.8333333333333,2.18507697885195,19,8.16142108764655,0.000191340500191317,"NANA OrderNA SexNA - NANA OrderNA SexNA"
"NR X0 Order2 M - NR X3 Order2 M",4.00000000000001,1.47186081848993,19,2.71764826521019,1,"NANA OrderNA SexNA - NANA OrderNA SexNA"
"NR X0 Order2 M - PR X3 Order2 M",17,2.05309636363288,19,8.28017637219866,0.000154109264325752,"NANA OrderNA SexNA - NANA OrderNA SexNA"
"NR X0 Order2 M - NR X4 Order2 M",5.83333333333333,2.25164007801773,19,2.59070416727918,1,"NANA OrderNA SexNA - NANA OrderNA SexNA"
"NR X0 Order2 M - PR X4 Order2 M",13.3333333333333,2.23056911941577,19,5.97754771070516,0.0142586248108242,"NANA OrderNA SexNA - NANA OrderNA SexNA"
"NR X0 Order2 M - NR X5 Order2 M",7.5,3.00004873254766,19,2.49995939020329,1,"NANA OrderNA SexNA - NANA OrderNA SexNA"
"NR X0 Order2 M - PR X5 Order2 M",11.3333333333333,1.98893135960404,19,5.69820234298563,0.0257549396282498,"NANA OrderNA SexNA - NANA OrderNA SexNA"
"NR X0 Order2 M - NR X6 Order2 M",4.83333333333334,2.61764145436798,19,1.84644590085785,1,"NANA OrderNA SexNA - NANA OrderNA SexNA"
"NR X0 Order2 M - PR X6 Order2 M",9.16666666666667,1.55644293820334,19,5.88949741854854,0.0171561069093113,"NANA OrderNA SexNA - NANA OrderNA SexNA"
"PR X0 Order2 M - NR X1 Order2 M",-12.8333333333333,2.48586648147938,19,-5.1625191573829,0.0827259219395305,"NANA OrderNA SexNA - NANA OrderNA SexNA"
"PR X0 Order2 M - PR X1 Order2 M",2.33333333333333,1.12572263990217,19,2.07274265491908,1,"NANA OrderNA SexNA - NANA OrderNA SexNA"
"PR X0 Order2 M - NR X2 Order2 M",-9.66666666666666,2.0974085932449,19,-4.6088619536508,0.281051378500589,"NANA OrderNA SexNA - NANA OrderNA SexNA"
"PR X0 Order2 M - PR X2 Order2 M",1.33333333333333,1.17304023452432,19,1.13664757106479,1,"NANA OrderNA SexNA - NANA OrderNA SexNA"
"PR X0 Order2 M - NR X3 Order2 M",-12.5,2.18781848141073,19,-5.71345388395287,0.024970566777153,"NANA OrderNA SexNA - NANA OrderNA SexNA"
"PR X0 Order2 M - PR X3 Order2 M",0.500000000000001,1.42358989429347,19,0.351224746680399,1,"NANA OrderNA SexNA - NANA OrderNA SexNA"
"PR X0 Order2 M - NR X4 Order2 M",-10.6666666666667,2.39272777365717,19,-4.45795246082807,0.394365341556026,"NANA OrderNA SexNA - NANA OrderNA SexNA"
"PR X0 Order2 M - PR X4 Order2 M",-3.16666666666666,1.91325019686121,19,-1.65512418180421,1,"NANA OrderNA SexNA - NANA OrderNA SexNA"
"PR X0 Order2 M - NR X5 Order2 M",-9,2.62054411563482,19,-3.43440125518351,1,"NANA OrderNA SexNA - NANA OrderNA SexNA"
"PR X0 Order2 M - PR X5 Order2 M",-5.16666666666666,1.76929628856366,19,-2.92018171295721,1,"NANA OrderNA SexNA - NANA OrderNA SexNA"
"PR X0 Order2 M - NR X6 Order2 M",-11.6666666666667,2.54210163088622,19,-4.58937853818199,0.293322611325827,"NANA OrderNA SexNA - NANA OrderNA SexNA"
"PR X0 Order2 M - PR X6 Order2 M",-7.33333333333333,1.746676041223,19,-4.19845074888565,0.705226372667962,"NANA OrderNA SexNA - NANA OrderNA SexNA"
"NR X1 Order2 M - PR X1 Order2 M",15.1666666666667,1.95160752453575,19,7.77137128033697,0.000394915797378788,"NANA OrderNA SexNA - NANA OrderNA SexNA"
"NR X1 Order2 M - NR X2 Order2 M",3.16666666666667,1.21864175182793,19,2.59852139639624,1,"NANA OrderNA SexNA - NANA OrderNA SexNA"
"NR X1 Order2 M - PR X2 Order2 M",14.1666666666667,1.9901805730763,19,7.11828205858161,0.00139001709118013,"NANA OrderNA SexNA - NANA OrderNA SexNA"
"NR X1 Order2 M - NR X3 Order2 M",0.333333333333341,1.06567936764295,19,0.31278951573455,1,"NANA OrderNA SexNA - NANA OrderNA SexNA"
"NR X1 Order2 M - PR X3 Order2 M",13.3333333333333,1.73786519574922,19,7.67224832279646,0.000475833014349147,"NANA OrderNA SexNA - NANA OrderNA SexNA"
"NR X1 Order2 M - NR X4 Order2 M",2.16666666666666,1.49208437746452,19,1.45210733346626,1,"NANA OrderNA SexNA - NANA OrderNA SexNA"
"NR X1 Order2 M - PR X4 Order2 M",9.66666666666667,1.64414609273903,19,5.87944508663626,0.0175170462341615,"NANA OrderNA SexNA - NANA OrderNA SexNA"
"NR X1 Order2 M - NR X5 Order2 M",3.83333333333334,2.20803953689494,19,1.73608002451078,1,"NANA OrderNA SexNA - NANA OrderNA SexNA"
"NR X1 Order2 M - PR X5 Order2 M",7.66666666666667,1.91760084023139,19,3.99805137013893,1,"NANA OrderNA SexNA - NANA OrderNA SexNA"
"NR X1 Order2 M - NR X6 Order2 M",1.16666666666667,2.13307290077015,19,0.546941769428247,1,"NANA OrderNA SexNA - NANA OrderNA SexNA"
"NR X1 Order2 M - PR X6 Order2 M",5.5,1.51850187791006,19,3.62199091091659,1,"NANA OrderNA SexNA - NANA OrderNA SexNA"
"PR X1 Order2 M - NR X2 Order2 M",-12,1.84240181405806,19,-6.51323718226746,0.00467872124887004,"NANA OrderNA SexNA - NANA OrderNA SexNA"
"PR X1 Order2 M - PR X2 Order2 M",-1,1.05741602738504,19,-0.945701572609006,1,"NANA OrderNA SexNA - NANA OrderNA SexNA"
"PR X1 Order2 M - NR X3 Order2 M",-14.8333333333333,1.90980847758424,19,-7.76692192302777,0.00039798662356809,"NANA OrderNA SexNA - NANA OrderNA SexNA"
"PR X1 Order2 M - PR X3 Order2 M",-1.83333333333333,0.973478720216035,19,-1.8832803380915,1,"NANA OrderNA SexNA - NANA OrderNA SexNA"
"PR X1 Order2 M - NR X4 Order2 M",-13,2.00394348066112,19,-6.48720890856222,0.00493293424563223,"NANA OrderNA SexNA - NANA OrderNA SexNA"
"PR X1 Order2 M - PR X4 Order2 M",-5.5,1.48491439491774,19,-3.70391722164205,1,"NANA OrderNA SexNA - NANA OrderNA SexNA"
"PR X1 Order2 M - NR X5 Order2 M",-11.3333333333333,2.26568606239552,19,-5.00216403386025,0.117725415139687,"NANA OrderNA SexNA - NANA OrderNA SexNA"
"PR X1 Order2 M - PR X5 Order2 M",-7.5,1.69571182589826,19,-4.42292132746497,0.426455892148388,"NANA OrderNA SexNA - NANA OrderNA SexNA"
"PR X1 Order2 M - NR X6 Order2 M",-14,2.30490197175828,19,-6.07401103020455,0.0116374479766934,"NANA OrderNA SexNA - NANA OrderNA SexNA"
"PR X1 Order2 M - PR X6 Order2 M",-9.66666666666667,1.62761260962722,19,-5.9391691914212,0.0154515235813703,"NANA OrderNA SexNA - NANA OrderNA SexNA"
"NR X2 Order2 M - PR X2 Order2 M",11,1.62590505610321,19,6.76546269335282,0.00280456313390276,"NANA OrderNA SexNA - NANA OrderNA SexNA"
"NR X2 Order2 M - NR X3 Order2 M",-2.83333333333333,1.03942741772822,19,-2.72585972335221,1,"NANA OrderNA SexNA - NANA OrderNA SexNA"
"NR X2 Order2 M - PR X3 Order2 M",10.1666666666667,1.47553142374405,19,6.89017292554131,0.00218446459914691,"NANA OrderNA SexNA - NANA OrderNA SexNA"
"NR X2 Order2 M - NR X4 Order2 M",-1.00000000000001,1.32508413061827,19,-0.754669063566116,1,"NANA OrderNA SexNA - NANA OrderNA SexNA"
"NR X2 Order2 M - PR X4 Order2 M",6.5,1.39275485347255,19,4.66700940498866,0.246763333818793,"NANA OrderNA SexNA - NANA OrderNA SexNA"
"NR X2 Order2 M - NR X5 Order2 M",0.666666666666663,1.91493056383971,19,0.348141430950843,1,"NANA OrderNA SexNA - NANA OrderNA SexNA"
"NR X2 Order2 M - PR X5 Order2 M",4.5,1.72790986877785,19,2.60430250518961,1,"NANA OrderNA SexNA - NANA OrderNA SexNA"
"NR X2 Order2 M - NR X6 Order2 M",-2,1.85324119422611,19,-1.07919034296838,1,"NANA OrderNA SexNA - NANA OrderNA SexNA"
"NR X2 Order2 M - PR X6 Order2 M",2.33333333333333,1.27607310648701,19,1.82852637632723,1,"NANA OrderNA SexNA - NANA OrderNA SexNA"
"PR X2 Order2 M - NR X3 Order2 M",-13.8333333333333,1.7493524282227,19,-7.90768807368774,0.000305923889108756,"NANA OrderNA SexNA - NANA OrderNA SexNA"
"PR X2 Order2 M - PR X3 Order2 M",-0.833333333333333,0.880091701761113,19,-0.946871026809804,1,"NANA OrderNA SexNA - NANA OrderNA SexNA"
"PR X2 Order2 M - NR X4 Order2 M",-12,1.8085243249451,19,-6.63524390271294,0.00364659306392598,"NANA OrderNA SexNA - NANA OrderNA SexNA"
"PR X2 Order2 M - PR X4 Order2 M",-4.5,1.35734949840441,19,-3.31528468186699,1,"NANA OrderNA SexNA - NANA OrderNA SexNA"
"PR X2 Order2 M - NR X5 Order2 M",-10.3333333333333,2.15374011691942,19,-4.79785525289538,0.184600911556818,"NANA OrderNA SexNA - NANA OrderNA SexNA"
"PR X2 Order2 M - PR X5 Order2 M",-6.5,1.29664434202583,19,-5.01293977795378,0.115004665520233,"NANA OrderNA SexNA - NANA OrderNA SexNA"
"PR X2 Order2 M - NR X6 Order2 M",-13,1.94703252990663,19,-6.67682732585028,0.00335479203928714,"NANA OrderNA SexNA - NANA OrderNA SexNA"
"PR X2 Order2 M - PR X6 Order2 M",-8.66666666666667,1.41048703794488,19,-6.14444970674402,0.0100442093384932,"NANA OrderNA SexNA - NANA OrderNA SexNA"
"NR X3 Order2 M - PR X3 Order2 M",13,1.72536969510749,19,7.5346170950279,0.000618448371320723,"NANA OrderNA SexNA - NANA OrderNA SexNA"
"NR X3 Order2 M - NR X4 Order2 M",1.83333333333332,1.44792652716572,19,1.26617842752148,1,"NANA OrderNA SexNA - NANA OrderNA SexNA"
"NR X3 Order2 M - PR X4 Order2 M",9.33333333333333,1.79578779402512,19,5.1973475732416,0.0766837241800806,"NANA OrderNA SexNA - NANA OrderNA SexNA"
"NR X3 Order2 M - NR X5 Order2 M",3.5,2.13067268295047,19,1.64267370957858,1,"NANA OrderNA SexNA - NANA OrderNA SexNA"
"NR X3 Order2 M - PR X5 Order2 M",7.33333333333333,1.57613785130482,19,4.65272331811735,0.254685335714639,"NANA OrderNA SexNA - NANA OrderNA SexNA"
"NR X3 Order2 M - NR X6 Order2 M",0.83333333333333,2.11655960497301,19,0.393720701923703,1,"NANA OrderNA SexNA - NANA OrderNA SexNA"
"NR X3 Order2 M - PR X6 Order2 M",5.16666666666666,1.29257890819792,19,3.9971769877244,1,"NANA OrderNA SexNA - NANA OrderNA SexNA"
"PR X3 Order2 M - NR X4 Order2 M",-11.1666666666667,1.7547762723726,19,-6.36358425998572,0.00636565824506158,"NANA OrderNA SexNA - NANA OrderNA SexNA"
"PR X3 Order2 M - PR X4 Order2 M",-3.66666666666666,1.04629672756119,19,-3.50442333429951,1,"NANA OrderNA SexNA - NANA OrderNA SexNA"
"PR X3 Order2 M - NR X5 Order2 M",-9.5,2.06933896273425,19,-4.59083802657807,0.292554545014979,"NANA OrderNA SexNA - NANA OrderNA SexNA"
"PR X3 Order2 M - PR X5 Order2 M",-5.66666666666666,1.42543724696292,19,-3.9753883790677,1,"NANA OrderNA SexNA - NANA OrderNA SexNA"
"PR X3 Order2 M - NR X6 Order2 M",-12.1666666666667,2.01848185670517,19,-6.02763241405929,0.0128291705326537,"NANA OrderNA SexNA - NANA OrderNA SexNA"
"PR X3 Order2 M - PR X6 Order2 M",-7.83333333333334,1.41638284050506,19,-5.53051979261488,0.0370048417359026,"NANA OrderNA SexNA - NANA OrderNA SexNA"
"NR X4 Order2 M - PR X4 Order2 M",7.50000000000001,1.82085064627042,19,4.11895397097065,0.840263782039217,"NANA OrderNA SexNA - NANA OrderNA SexNA"
"NR X4 Order2 M - NR X5 Order2 M",1.66666666666667,1.61190744586502,19,1.03397169046035,1,"NANA OrderNA SexNA - NANA OrderNA SexNA"
"NR X4 Order2 M - PR X5 Order2 M",5.50000000000001,1.88763288134553,19,2.91370215805921,1,"NANA OrderNA SexNA - NANA OrderNA SexNA"
"NR X4 Order2 M - NR X6 Order2 M",-0.999999999999993,1.35734949840441,19,-0.736729929303771,1,"NANA OrderNA SexNA - NANA OrderNA SexNA"
"NR X4 Order2 M - PR X6 Order2 M",3.33333333333334,1.73154428590062,19,1.92506386378653,1,"NANA OrderNA SexNA - NANA OrderNA SexNA"
"PR X4 Order2 M - NR X5 Order2 M",-5.83333333333333,2.01086231539158,19,-2.90091135961111,1,"NANA OrderNA SexNA - NANA OrderNA SexNA"
"PR X4 Order2 M - PR X5 Order2 M",-2,1.49668249122256,19,-1.33628876647465,1,"NANA OrderNA SexNA - NANA OrderNA SexNA"
"PR X4 Order2 M - NR X6 Order2 M",-8.5,2.1862141166278,19,-3.88799977794997,1,"NANA OrderNA SexNA - NANA OrderNA SexNA"
"PR X4 Order2 M - PR X6 Order2 M",-4.16666666666667,1.48491439491774,19,-2.80599789518337,1,"NANA OrderNA SexNA - NANA OrderNA SexNA"
"NR X5 Order2 M - PR X5 Order2 M",3.83333333333333,2.0126791082988,19,1.90459240001424,1,"NANA OrderNA SexNA - NANA OrderNA SexNA"
"NR X5 Order2 M - NR X6 Order2 M",-2.66666666666667,1.37319791531297,19,-1.94193905840507,1,"NANA OrderNA SexNA - NANA OrderNA SexNA"
"NR X5 Order2 M - PR X6 Order2 M",1.66666666666666,2.26439514663783,19,0.736031725355589,1,"NANA OrderNA SexNA - NANA OrderNA SexNA"
"PR X5 Order2 M - NR X6 Order2 M",-6.5,2.14973138536882,19,-3.02363357777596,1,"NANA OrderNA SexNA - NANA OrderNA SexNA"
"PR X5 Order2 M - PR X6 Order2 M",-2.16666666666667,1.2766458245745,19,-1.69715564407913,1,"NANA OrderNA SexNA - NANA OrderNA SexNA"
"NR X6 Order2 M - PR X6 Order2 M",4.33333333333333,2.10464537719367,19,2.05893751996899,1,"NANA OrderNA SexNA - NANA OrderNA SexNA"
