"contrast","estimate","SE","df","t.ratio","p.value","contrast_pretty"
"NR X0 Order1 F - PR X0 Order1 F",5.2,2.65164629431895,19,1.96104586465427,0.994085547313747,"NANA OrderNA SexNA - NANA OrderNA SexNA"
"NR X0 Order1 F - NR X1 Order1 F",0.400000000000001,1.56507944980775,19,0.25557807947011,1,"NANA OrderNA SexNA - NANA OrderNA SexNA"
"NR X0 Order1 F - PR X1 Order1 F",2,2.39333870888318,19,0.835652719181263,1,"NANA OrderNA SexNA - NANA OrderNA SexNA"
"NR X0 Order1 F - NR X2 Order1 F",1.20000000000001,1.89866065443558,19,0.632024473249925,1,"NANA OrderNA SexNA - NANA OrderNA SexNA"
"NR X0 Order1 F - PR X2 Order1 F",2.8,2.39363190240491,19,1.16977050530903,0.999999921756658,"NANA OrderNA SexNA - NANA OrderNA SexNA"
"NR X0 Order1 F - NR X3 Order1 F",1.2,1.6123427435899,19,0.744258629110203,1,"NANA OrderNA SexNA - NANA OrderNA SexNA"
"NR X0 Order1 F - PR X3 Order1 F",2.6,2.24905438218712,19,1.15604141037781,0.999999944590346,"NANA OrderNA SexNA - NANA OrderNA SexNA"
"NR X0 Order1 F - NR X4 Order1 F",-0.800000000000001,2.466548124226,19,-0.324339911369473,1,"NANA OrderNA SexNA - NANA OrderNA SexNA"
"NR X0 Order1 F - PR X4 Order1 F",1.4,2.4434660455569,19,0.572956600950402,1,"NANA OrderNA SexNA - NANA OrderNA SexNA"
"NR X0 Order1 F - NR X5 Order1 F",-1.4,3.28638872886227,19,-0.425999513601261,1,"NANA OrderNA SexNA - NANA OrderNA SexNA"
"NR X0 Order1 F - PR X5 Order1 F",1.8,2.1787651419691,19,0.826156048362889,1,"NANA OrderNA SexNA - NANA OrderNA SexNA"
"NR X0 Order1 F - NR X6 Order1 F",-2.2,2.86748254403595,19,-0.767223502223494,1,"NANA OrderNA SexNA - NANA OrderNA SexNA"
"NR X0 Order1 F - PR X6 Order1 F",3,1.70499781344718,19,1.75953304827681,0.998958460401571,"NANA OrderNA SexNA - NANA OrderNA SexNA"
"NR X0 Order1 F - NR X0 Order2 F",2.96666666666667,3.4710077408214,19,0.854698948601197,1,"NANA OrderNA SexNA - NANA OrderNA SexNA"
"NR X0 Order1 F - PR X0 Order2 F",7.13333333333333,2.7498431640551,19,2.59408733798987,0.867733452330146,"NANA OrderNA SexNA - NANA OrderNA SexNA"
"NR X0 Order1 F - NR X1 Order2 F",0.800000000000001,3.40496713193984,19,0.2349508729455,1,"NANA OrderNA SexNA - NANA OrderNA SexNA"
"NR X0 Order1 F - PR X1 Order2 F",7.63333333333333,2.82784814765553,19,2.6993434352767,0.821885118153138,"NANA OrderNA SexNA - NANA OrderNA SexNA"
"NR X0 Order1 F - NR X2 Order2 F",2.96666666666667,3.1864937925655,19,0.931012849793803,1,"NANA OrderNA SexNA - NANA OrderNA SexNA"
"NR X0 Order1 F - PR X2 Order2 F",6.3,2.86870592501402,19,2.1961121720656,0.973900786214565,"NANA OrderNA SexNA - NANA OrderNA SexNA"
"NR X0 Order1 F - NR X3 Order2 F",2.80000000000001,3.3232654975568,19,0.842544780746079,1,"NANA OrderNA SexNA - NANA OrderNA SexNA"
"NR X0 Order1 F - PR X3 Order2 F",7.63333333333333,2.92517805725851,19,2.60952775657265,0.861441135741488,"NANA OrderNA SexNA - NANA OrderNA SexNA"
"NR X0 Order1 F - NR X4 Order2 F",2.13333333333333,3.3613210992352,19,0.63467109221393,1,"NANA OrderNA SexNA - NANA OrderNA SexNA"
"NR X0 Order1 F - PR X4 Order2 F",6.3,3.03371888816312,19,2.07665912111408,0.986944193367334,"NANA OrderNA SexNA - NANA OrderNA SexNA"
"NR X0 Order1 F - NR X5 Order2 F",0.966666666666669,3.49053859012084,19,0.276939114611881,1,"NANA OrderNA SexNA - NANA OrderNA SexNA"
"NR X0 Order1 F - PR X5 Order2 F",5.13333333333334,3.06340406157014,19,1.67569580445821,0.999570927551445,"NANA OrderNA SexNA - NANA OrderNA SexNA"
"NR X0 Order1 F - NR X6 Order2 F",-1.53333333333333,3.50854429086134,19,-0.437028353134143,1,"NANA OrderNA SexNA - NANA OrderNA SexNA"
"NR X0 Order1 F - PR X6 Order2 F",4.96666666666667,3.1580584752872,19,1.57269623267979,0.999877315845773,"NANA OrderNA SexNA - NANA OrderNA SexNA"
"NR X0 Order1 F - NR X0 Order1 M",2.13333333333334,3.4710077408214,19,0.614614974275019,1,"NANA OrderNA SexNA - NANA OrderNA SexNA"
"NR X0 Order1 F - PR X0 Order1 M",5.3,2.7498431640551,19,1.92738264831957,0.99542223463051,"NANA OrderNA SexNA - NANA OrderNA SexNA"
"NR X0 Order1 F - NR X1 Order1 M",0.800000000000003,3.40496713193984,19,0.2349508729455,1,"NANA OrderNA SexNA - NANA OrderNA SexNA"
"NR X0 Order1 F - PR X1 Order1 M",5.13333333333333,2.82784814765553,19,1.81527899140878,0.998226685468737,"NANA OrderNA SexNA - NANA OrderNA SexNA"
"NR X0 Order1 F - NR X2 Order1 M",1.96666666666667,3.1864937925655,19,0.617188293683533,1,"NANA OrderNA SexNA - NANA OrderNA SexNA"
"NR X0 Order1 F - PR X2 Order1 M",3.8,2.86870592501402,19,1.32463908791259,0.999997666467145,"NANA OrderNA SexNA - NANA OrderNA SexNA"
"NR X0 Order1 F - NR X3 Order1 M",0.466666666666673,3.3232654975568,19,0.140424130124348,1,"NANA OrderNA SexNA - NANA OrderNA SexNA"
"NR X0 Order1 F - PR X3 Order1 M",1.13333333333333,2.92517805725851,19,0.387440802285895,1,"NANA OrderNA SexNA - NANA OrderNA SexNA"
"NR X0 Order1 F - NR X4 Order1 M",0.633333333333334,3.3613210992352,19,0.188417980501011,1,"NANA OrderNA SexNA - NANA OrderNA SexNA"
"NR X0 Order1 F - PR X4 Order1 M",-0.533333333333331,3.03371888816312,19,-0.175801830358863,1,"NANA OrderNA SexNA - NANA OrderNA SexNA"
"NR X0 Order1 F - NR X5 Order1 M",0.46666666666667,3.49053859012084,19,0.133694744985046,1,"NANA OrderNA SexNA - NANA OrderNA SexNA"
"NR X0 Order1 F - PR X5 Order1 M",-0.866666666666665,3.06340406157014,19,-0.282909681272165,1,"NANA OrderNA SexNA - NANA OrderNA SexNA"
"NR X0 Order1 F - NR X6 Order1 M",0.133333333333337,3.50854429086134,19,0.0380024654899267,1,"NANA OrderNA SexNA - NANA OrderNA SexNA"
"NR X0 Order1 F - PR X6 Order1 M",0.466666666666668,3.1580584752872,19,0.147770115822263,1,"NANA OrderNA SexNA - NANA OrderNA SexNA"
"NR X0 Order1 F - NR X0 Order2 M",-10.5333333333333,3.4710077408214,19,-3.0346614354829,0.641856783084007,"NANA OrderNA SexNA - NANA OrderNA SexNA"
"NR X0 Order1 F - PR X0 Order2 M",5.96666666666667,2.7498431640551,19,2.16982071729059,0.977369283164347,"NANA OrderNA SexNA - NANA OrderNA SexNA"
"NR X0 Order1 F - NR X1 Order2 M",-6.86666666666667,3.40496713193984,19,-2.01666165944887,0.991201559272262,"NANA OrderNA SexNA - NANA OrderNA SexNA"
"NR X0 Order1 F - PR X1 Order2 M",8.3,2.82784814765553,19,2.93509395364147,0.698907666009406,"NANA OrderNA SexNA - NANA OrderNA SexNA"
"NR X0 Order1 F - NR X2 Order2 M",-3.69999999999999,3.1864937925655,19,-1.161150857608,0.999999936938814,"NANA OrderNA SexNA - NANA OrderNA SexNA"
"NR X0 Order1 F - PR X2 Order2 M",7.3,2.86870592501402,19,2.54470140572681,0.886796509051558,"NANA OrderNA SexNA - NANA OrderNA SexNA"
"NR X0 Order1 F - NR X3 Order2 M",-6.53333333333333,3.3232654975568,19,-1.96593782174084,0.993867437882109,"NANA OrderNA SexNA - NANA OrderNA SexNA"
"NR X0 Order1 F - PR X3 Order2 M",6.46666666666667,2.92517805725851,19,2.21069163657246,0.971816605887279,"NANA OrderNA SexNA - NANA OrderNA SexNA"
"NR X0 Order1 F - NR X4 Order2 M",-4.7,3.3613210992352,19,-1.39825975003382,0.999991092245219,"NANA OrderNA SexNA - NANA OrderNA SexNA"
"NR X0 Order1 F - PR X4 Order2 M",2.8,3.03371888816312,19,0.922959609384036,1,"NANA OrderNA SexNA - NANA OrderNA SexNA"
"NR X0 Order1 F - NR X5 Order2 M",-3.03333333333333,3.49053859012084,19,-0.869015842402795,1,"NANA OrderNA SexNA - NANA OrderNA SexNA"
"NR X0 Order1 F - PR X5 Order2 M",0.800000000000004,3.06340406157014,19,0.261147398097385,1,"NANA OrderNA SexNA - NANA OrderNA SexNA"
"NR X0 Order1 F - NR X6 Order2 M",-5.7,3.50854429086134,19,-1.62460539969432,0.99976379859061,"NANA OrderNA SexNA - NANA OrderNA SexNA"
"NR X0 Order1 F - PR X6 Order2 M",-1.36666666666667,3.1580584752872,19,-0.432755339193768,1,"NANA OrderNA SexNA - NANA OrderNA SexNA"
"PR X0 Order1 F - NR X1 Order1 F",-4.8,2.72313029370451,19,-1.76267731701891,0.998925482014658,"NANA OrderNA SexNA - NANA OrderNA SexNA"
"PR X0 Order1 F - PR X1 Order1 F",-3.2,1.23316736673736,19,-2.5949437897196,0.867388508549526,"NANA OrderNA SexNA - NANA OrderNA SexNA"
"PR X0 Order1 F - NR X2 Order1 F",-3.99999999999999,2.29759599765082,19,-1.74095010789095,0.999136316015852,"NANA OrderNA SexNA - NANA OrderNA SexNA"
"PR X0 Order1 F - PR X2 Order1 F",-2.4,1.28500119462024,19,-1.86770254381692,0.997183613832419,"NANA OrderNA SexNA - NANA OrderNA SexNA"
"PR X0 Order1 F - NR X3 Order1 F",-4,2.3966350679907,19,-1.66900670587013,0.999602169882035,"NANA OrderNA SexNA - NANA OrderNA SexNA"
"PR X0 Order1 F - PR X3 Order1 F",-2.6,1.55946459548186,19,-1.66723887642773,0.999610088708162,"NANA OrderNA SexNA - NANA OrderNA SexNA"
"PR X0 Order1 F - NR X4 Order1 F",-6,2.6211019512023,19,-2.28911355288863,0.958486719515308,"NANA OrderNA SexNA - NANA OrderNA SexNA"
"PR X0 Order1 F - PR X4 Order1 F",-3.8,2.09586058194417,19,-1.8130976996929,0.998261835971546,"NANA OrderNA SexNA - NANA OrderNA SexNA"
"PR X0 Order1 F - NR X5 Order1 F",-6.6,2.87066225014124,19,-2.29912104765208,0.956514204495268,"NANA OrderNA SexNA - NANA OrderNA SexNA"
"PR X0 Order1 F - PR X5 Order1 F",-3.4,1.93816697631297,19,-1.75423482163952,0.999012094532306,"NANA OrderNA SexNA - NANA OrderNA SexNA"
"PR X0 Order1 F - NR X6 Order1 F",-7.4,2.78473281341411,19,-2.65734650173764,0.84099011432006,"NANA OrderNA SexNA - NANA OrderNA SexNA"
"PR X0 Order1 F - PR X6 Order1 F",-2.2,1.91338773686332,19,-1.14979309086956,1,"NANA OrderNA SexNA - NANA OrderNA SexNA"
"PR X0 Order1 F - NR X0 Order2 F",-2.23333333333333,2.58154720369632,19,-0.865114273384423,1,"NANA OrderNA SexNA - NANA OrderNA SexNA"
"PR X0 Order1 F - PR X0 Order2 F",1.93333333333333,1.47584845257593,19,1.30998093331258,0.999998246858832,"NANA OrderNA SexNA - NANA OrderNA SexNA"
"PR X0 Order1 F - NR X1 Order2 F",-4.4,2.49204582575458,19,-1.76561761205483,0.998893832199296,"NANA OrderNA SexNA - NANA OrderNA SexNA"
"PR X0 Order1 F - PR X1 Order2 F",2.43333333333333,1.6165445784973,19,1.50526831471317,0.999951663594914,"NANA OrderNA SexNA - NANA OrderNA SexNA"
"PR X0 Order1 F - NR X2 Order2 F",-2.23333333333333,2.18408651800442,19,-1.02254801488995,1,"NANA OrderNA SexNA - NANA OrderNA SexNA"
"PR X0 Order1 F - PR X2 Order2 F",1.1,1.6869987884645,19,0.652045518658146,1,"NANA OrderNA SexNA - NANA OrderNA SexNA"
"PR X0 Order1 F - NR X3 Order2 F",-2.4,2.37919835140361,19,-1.00874313341051,1,"NANA OrderNA SexNA - NANA OrderNA SexNA"
"PR X0 Order1 F - PR X3 Order2 F",2.43333333333333,1.78133598592092,19,1.36601592993438,0.999994949882651,"NANA OrderNA SexNA - NANA OrderNA SexNA"
"PR X0 Order1 F - NR X4 Order2 F",-3.06666666666667,2.43207129012164,19,-1.26092795023015,0.999999359963031,"NANA OrderNA SexNA - NANA OrderNA SexNA"
"PR X0 Order1 F - PR X4 Order2 F",1.1,1.95446706814616,19,0.562813269114516,1,"NANA OrderNA SexNA - NANA OrderNA SexNA"
"PR X0 Order1 F - NR X5 Order2 F",-4.23333333333333,2.60774823884381,19,-1.62336734439144,0.999767323952491,"NANA OrderNA SexNA - NANA OrderNA SexNA"
"PR X0 Order1 F - PR X5 Order2 F",-0.0666666666666638,2.00023390445083,19,-0.0333294353816922,1,"NANA OrderNA SexNA - NANA OrderNA SexNA"
"PR X0 Order1 F - NR X6 Order2 F",-6.73333333333333,2.63180057546271,19,-2.55845119729466,0.881654223330565,"NANA OrderNA SexNA - NANA OrderNA SexNA"
"PR X0 Order1 F - PR X6 Order2 F",-0.233333333333334,2.1423875843095,19,-0.108912754649172,1,"NANA OrderNA SexNA - NANA OrderNA SexNA"
"PR X0 Order1 F - NR X0 Order1 M",-3.06666666666666,2.58154720369632,19,-1.18791810673682,0.999999878011539,"NANA OrderNA SexNA - NANA OrderNA SexNA"
"PR X0 Order1 F - PR X0 Order1 M",0.1,1.47584845257593,19,0.0677576344816849,1,"NANA OrderNA SexNA - NANA OrderNA SexNA"
"PR X0 Order1 F - NR X1 Order1 M",-4.4,2.49204582575458,19,-1.76561761205483,0.998893832199296,"NANA OrderNA SexNA - NANA OrderNA SexNA"
"PR X0 Order1 F - PR X1 Order1 M",-0.0666666666666665,1.6165445784973,19,-0.0412402278003606,1,"NANA OrderNA SexNA - NANA OrderNA SexNA"
"PR X0 Order1 F - NR X2 Order1 M",-3.23333333333333,2.18408651800442,19,-1.48040533498994,0.999966558200918,"NANA OrderNA SexNA - NANA OrderNA SexNA"
"PR X0 Order1 F - PR X2 Order1 M",-1.4,1.6869987884645,19,-0.829876114655821,1,"NANA OrderNA SexNA - NANA OrderNA SexNA"
"PR X0 Order1 F - NR X3 Order1 M",-4.73333333333333,2.37919835140361,19,-1.98946562422629,0.992726111892902,"NANA OrderNA SexNA - NANA OrderNA SexNA"
"PR X0 Order1 F - PR X3 Order1 M",-4.06666666666667,1.78133598592092,19,-2.2829307322191,0.959673620299714,"NANA OrderNA SexNA - NANA OrderNA SexNA"
"PR X0 Order1 F - NR X4 Order1 M",-4.56666666666667,2.43207129012164,19,-1.87768618675576,0.996936218877952,"NANA OrderNA SexNA - NANA OrderNA SexNA"
"PR X0 Order1 F - PR X4 Order1 M",-5.73333333333333,1.95446706814616,19,-2.93345097841505,0.699833133713417,"NANA OrderNA SexNA - NANA OrderNA SexNA"
"PR X0 Order1 F - NR X5 Order1 M",-4.73333333333333,2.60774823884381,19,-1.81510364491012,0.99822953303146,"NANA OrderNA SexNA - NANA OrderNA SexNA"
"PR X0 Order1 F - PR X5 Order1 M",-6.06666666666667,2.00023390445083,19,-3.03297861973412,0.642832745760813,"NANA OrderNA SexNA - NANA OrderNA SexNA"
"PR X0 Order1 F - NR X6 Order1 M",-5.06666666666666,2.63180057546271,19,-1.92517119796429,0.995500598074903,"NANA OrderNA SexNA - NANA OrderNA SexNA"
"PR X0 Order1 F - PR X6 Order1 M",-4.73333333333333,2.1423875843095,19,-2.2093730228832,0.972009952315182,"NANA OrderNA SexNA - NANA OrderNA SexNA"
"PR X0 Order1 F - NR X0 Order2 M",-15.7333333333333,2.58154720369632,19,-6.09453637369326,0.00399322111780231,"NANA OrderNA SexNA - NANA OrderNA SexNA"
"PR X0 Order1 F - PR X0 Order2 M",0.766666666666667,1.47584845257593,19,0.519475197692918,1,"NANA OrderNA SexNA - NANA OrderNA SexNA"
"PR X0 Order1 F - NR X1 Order2 M",-12.0666666666667,2.49204582575458,19,-4.84207254215036,0.042847183491411,"NANA OrderNA SexNA - NANA OrderNA SexNA"
"PR X0 Order1 F - PR X1 Order2 M",3.1,1.6165445784973,19,1.91767059271677,0.995758267220733,"NANA OrderNA SexNA - NANA OrderNA SexNA"
"PR X0 Order1 F - NR X2 Order2 M",-8.9,2.18408651800442,19,-4.07493014888983,0.1639362734565,"NANA OrderNA SexNA - NANA OrderNA SexNA"
"PR X0 Order1 F - PR X2 Order2 M",2.1,1.6869987884645,19,1.24481417198373,0.999999548486685,"NANA OrderNA SexNA - NANA OrderNA SexNA"
"PR X0 Order1 F - NR X3 Order2 M",-11.7333333333333,2.37919835140361,19,-4.93163309667362,0.0363100369414814,"NANA OrderNA SexNA - NANA OrderNA SexNA"
"PR X0 Order1 F - PR X3 Order2 M",1.26666666666667,1.78133598592092,19,0.711076785445294,1,"NANA OrderNA SexNA - NANA OrderNA SexNA"
"PR X0 Order1 F - NR X4 Order2 M",-9.9,2.43207129012164,19,-4.07060436106907,0.165091312989778,"NANA OrderNA SexNA - NANA OrderNA SexNA"
"PR X0 Order1 F - PR X4 Order2 M",-2.4,1.95446706814616,19,-1.22795622352258,0.999999689687735,"NANA OrderNA SexNA - NANA OrderNA SexNA"
"PR X0 Order1 F - NR X5 Order2 M",-8.23333333333333,2.60774823884381,19,-3.15725774854084,0.570480635759061,"NANA OrderNA SexNA - NANA OrderNA SexNA"
"PR X0 Order1 F - PR X5 Order2 M",-4.4,2.00023390445083,19,-2.19974273519178,0.973392743320715,"NANA OrderNA SexNA - NANA OrderNA SexNA"
"PR X0 Order1 F - NR X6 Order2 M",-10.9,2.63180057546271,19,-4.14165119562056,0.146965792333267,"NANA OrderNA SexNA - NANA OrderNA SexNA"
"PR X0 Order1 F - PR X6 Order2 M",-6.56666666666667,2.1423875843095,19,-3.0651160951267,0.624155645930248,"NANA OrderNA SexNA - NANA OrderNA SexNA"
"NR X1 Order1 F - PR X1 Order1 F",1.6,2.1378789291701,19,0.748405336789163,1,"NANA OrderNA SexNA - NANA OrderNA SexNA"
"NR X1 Order1 F - NR X2 Order1 F",0.800000000000005,1.33495515398754,19,0.599271067354126,1,"NANA OrderNA SexNA - NANA OrderNA SexNA"
"NR X1 Order1 F - PR X2 Order1 F",2.4,2.18013358676489,19,1.10084997294196,1,"NANA OrderNA SexNA - NANA OrderNA SexNA"
"NR X1 Order1 F - NR X3 Order1 F",0.800000000000003,1.16739325745177,19,0.685287494075708,1,"NANA OrderNA SexNA - NANA OrderNA SexNA"
"NR X1 Order1 F - PR X3 Order1 F",2.2,1.90373593922996,19,1.15562245512362,0.999999945177667,"NANA OrderNA SexNA - NANA OrderNA SexNA"
"NR X1 Order1 F - NR X4 Order1 F",-1.2,1.63449654247674,19,-0.734171023807521,1,"NANA OrderNA SexNA - NANA OrderNA SexNA"
"NR X1 Order1 F - PR X4 Order1 F",1,1.80107180565429,19,0.55522494820062,1,"NANA OrderNA SexNA - NANA OrderNA SexNA"
"NR X1 Order1 F - NR X5 Order1 F",-1.8,2.41878612444124,19,-0.744174932132874,1,"NANA OrderNA SexNA - NANA OrderNA SexNA"
"NR X1 Order1 F - PR X5 Order1 F",1.4,2.10062647297119,19,0.666467845670726,1,"NANA OrderNA SexNA - NANA OrderNA SexNA"
"NR X1 Order1 F - NR X6 Order1 F",-2.6,2.33666428910958,19,-1.11269728052837,1,"NANA OrderNA SexNA - NANA OrderNA SexNA"
"NR X1 Order1 F - PR X6 Order1 F",2.6,1.66343546429059,19,1.56303028029334,0.999892028282885,"NANA OrderNA SexNA - NANA OrderNA SexNA"
"NR X1 Order1 F - NR X0 Order2 F",2.56666666666667,3.39160470222288,19,0.756770582663852,1,"NANA OrderNA SexNA - NANA OrderNA SexNA"
"NR X1 Order1 F - PR X0 Order2 F",6.73333333333333,2.64891018084774,19,2.54192587654234,0.887818863167761,"NANA OrderNA SexNA - NANA OrderNA SexNA"
"NR X1 Order1 F - NR X1 Order2 F",0.399999999999999,3.32398689661811,19,0.120337417818033,1,"NANA OrderNA SexNA - NANA OrderNA SexNA"
"NR X1 Order1 F - PR X1 Order2 F",7.23333333333333,2.72980088385528,19,2.64976591373864,0.844326996622928,"NANA OrderNA SexNA - NANA OrderNA SexNA"
"NR X1 Order1 F - NR X2 Order2 F",2.56666666666667,3.09981135060776,19,0.828007377340378,1,"NANA OrderNA SexNA - NANA OrderNA SexNA"
"NR X1 Order1 F - PR X2 Order2 F",5.9,2.77210414730558,19,2.12834716391686,0.982126093793603,"NANA OrderNA SexNA - NANA OrderNA SexNA"
"NR X1 Order1 F - NR X3 Order2 F",2.4,3.24024401651322,19,0.740684956987471,1,"NANA OrderNA SexNA - NANA OrderNA SexNA"
"NR X1 Order1 F - PR X3 Order2 F",7.23333333333333,2.83050426354827,19,2.55549282383548,0.882771496098574,"NANA OrderNA SexNA - NANA OrderNA SexNA"
"NR X1 Order1 F - NR X4 Order2 F",1.73333333333333,3.27926321777652,19,0.52857401746134,1,"NANA OrderNA SexNA - NANA OrderNA SexNA"
"NR X1 Order1 F - PR X4 Order2 F",5.9,2.94253938150297,19,2.00507087078863,0.991879626224071,"NANA OrderNA SexNA - NANA OrderNA SexNA"
"NR X1 Order1 F - NR X5 Order2 F",0.566666666666668,3.41159015246865,19,0.166100452088779,1,"NANA OrderNA SexNA - NANA OrderNA SexNA"
"NR X1 Order1 F - PR X5 Order2 F",4.73333333333334,2.97313507324216,19,1.59203440702467,0.999842465552745,"NANA OrderNA SexNA - NANA OrderNA SexNA"
"NR X1 Order1 F - NR X6 Order2 F",-1.93333333333333,3.43001031488739,19,-0.563652337995025,1,"NANA OrderNA SexNA - NANA OrderNA SexNA"
"NR X1 Order1 F - PR X6 Order2 F",4.56666666666667,3.07057340779073,19,1.48723578960204,0.999962944467342,"NANA OrderNA SexNA - NANA OrderNA SexNA"
"NR X1 Order1 F - NR X0 Order1 M",1.73333333333334,3.39160470222288,19,0.511065848032732,1,"NANA OrderNA SexNA - NANA OrderNA SexNA"
"NR X1 Order1 F - PR X0 Order1 M",4.9,2.64891018084774,19,1.84981734580061,0.997585348317872,"NANA OrderNA SexNA - NANA OrderNA SexNA"
"NR X1 Order1 F - NR X1 Order1 M",0.400000000000002,3.32398689661811,19,0.120337417818033,1,"NANA OrderNA SexNA - NANA OrderNA SexNA"
"NR X1 Order1 F - PR X1 Order1 M",4.73333333333333,2.72980088385528,19,1.73394820161699,0.999196225352352,"NANA OrderNA SexNA - NANA OrderNA SexNA"
"NR X1 Order1 F - NR X2 Order1 M",1.56666666666667,3.09981135060776,19,0.505407100454517,1,"NANA OrderNA SexNA - NANA OrderNA SexNA"
"NR X1 Order1 F - PR X2 Order1 M",3.4,2.77210414730558,19,1.22650514530802,0.999999699691814,"NANA OrderNA SexNA - NANA OrderNA SexNA"
"NR X1 Order1 F - NR X3 Order1 M",0.0666666666666718,3.24024401651322,19,0.0205745821385424,1,"NANA OrderNA SexNA - NANA OrderNA SexNA"
"NR X1 Order1 F - PR X3 Order1 M",0.733333333333332,2.83050426354827,19,0.259082221771339,1,"NANA OrderNA SexNA - NANA OrderNA SexNA"
"NR X1 Order1 F - NR X4 Order1 M",0.233333333333333,3.27926321777652,19,0.0711541946582572,1,"NANA OrderNA SexNA - NANA OrderNA SexNA"
"NR X1 Order1 F - PR X4 Order1 M",-0.933333333333333,2.94253938150297,19,-0.317186352441139,1,"NANA OrderNA SexNA - NANA OrderNA SexNA"
"NR X1 Order1 F - NR X5 Order1 M",0.0666666666666684,3.41159015246865,19,0.0195412296575039,1,"NANA OrderNA SexNA - NANA OrderNA SexNA"
"NR X1 Order1 F - PR X5 Order1 M",-1.26666666666667,2.97313507324216,19,-0.426037376527728,1,"NANA OrderNA SexNA - NANA OrderNA SexNA"
"NR X1 Order1 F - NR X6 Order1 M",-0.266666666666664,3.43001031488739,19,-0.0777451500682786,1,"NANA OrderNA SexNA - NANA OrderNA SexNA"
"NR X1 Order1 F - PR X6 Order1 M",0.0666666666666667,3.07057340779073,19,0.0217114713810516,1,"NANA OrderNA SexNA - NANA OrderNA SexNA"
"NR X1 Order1 F - NR X0 Order2 M",-10.9333333333333,3.39160470222288,19,-3.2236461183603,0.532134278463345,"NANA OrderNA SexNA - NANA OrderNA SexNA"
"NR X1 Order1 F - PR X0 Order2 M",5.56666666666667,2.64891018084774,19,2.10149317516124,0.984773811173424,"NANA OrderNA SexNA - NANA OrderNA SexNA"
"NR X1 Order1 F - NR X1 Order2 M",-7.26666666666667,3.32398689661811,19,-2.1861297570276,0.975260911039135,"NANA OrderNA SexNA - NANA OrderNA SexNA"
"NR X1 Order1 F - PR X1 Order2 M",7.9,2.72980088385528,19,2.89398397030441,0.721852060841439,"NANA OrderNA SexNA - NANA OrderNA SexNA"
"NR X1 Order1 F - NR X2 Order2 M",-4.1,3.09981135060776,19,-1.32266113523203,0.999997753922487,"NANA OrderNA SexNA - NANA OrderNA SexNA"
"NR X1 Order1 F - PR X2 Order2 M",6.9,2.77210414730558,19,2.4890839713604,0.906265939597918,"NANA OrderNA SexNA - NANA OrderNA SexNA"
"NR X1 Order1 F - NR X3 Order2 M",-6.93333333333333,3.24024401651322,19,-2.13975654240825,0.980900936880814,"NANA OrderNA SexNA - NANA OrderNA SexNA"
"NR X1 Order1 F - PR X3 Order2 M",6.06666666666667,2.83050426354827,19,2.14331656192653,0.980505972274836,"NANA OrderNA SexNA - NANA OrderNA SexNA"
"NR X1 Order1 F - NR X4 Order2 M",-5.1,3.27926321777652,19,-1.55522739753048,0.999902741146455,"NANA OrderNA SexNA - NANA OrderNA SexNA"
"NR X1 Order1 F - PR X4 Order2 M",2.4,2.94253938150297,19,0.815622049134358,1,"NANA OrderNA SexNA - NANA OrderNA SexNA"
"NR X1 Order1 F - NR X5 Order2 M",-3.43333333333333,3.41159015246865,19,-1.00637332736142,1,"NANA OrderNA SexNA - NANA OrderNA SexNA"
"NR X1 Order1 F - PR X5 Order2 M",0.400000000000002,2.97313507324216,19,0.134538118903494,1,"NANA OrderNA SexNA - NANA OrderNA SexNA"
"NR X1 Order1 F - NR X6 Order2 M",-6.1,3.43001031488739,19,-1.77842030781189,0.998746602219373,"NANA OrderNA SexNA - NANA OrderNA SexNA"
"NR X1 Order1 F - PR X6 Order2 M",-1.76666666666667,3.07057340779073,19,-0.575353991597869,1,"NANA OrderNA SexNA - NANA OrderNA SexNA"
"PR X1 Order1 F - NR X2 Order1 F",-0.799999999999995,2.01825006709608,19,-0.396382991901028,1,"NANA OrderNA SexNA - NANA OrderNA SexNA"
"PR X1 Order1 F - PR X2 Order1 F",0.799999999999999,1.15834122173257,19,0.690642778648082,1,"NANA OrderNA SexNA - NANA OrderNA SexNA"
"PR X1 Order1 F - NR X3 Order1 F",-0.799999999999996,2.09209036737497,19,-0.382392659741456,1,"NANA OrderNA SexNA - NANA OrderNA SexNA"
"PR X1 Order1 F - PR X3 Order1 F",0.599999999999999,1.06639250862717,19,0.562644612697455,1,"NANA OrderNA SexNA - NANA OrderNA SexNA"
"PR X1 Order1 F - NR X4 Order1 F",-2.8,2.19521009664703,19,-1.27550433750133,0.999999129248513,"NANA OrderNA SexNA - NANA OrderNA SexNA"
"PR X1 Order1 F - PR X4 Order1 F",-0.599999999999999,1.62664222012116,19,-0.368858002440947,1,"NANA OrderNA SexNA - NANA OrderNA SexNA"
"PR X1 Order1 F - NR X5 Order1 F",-3.4,2.48193472919817,19,-1.36989903884315,0.999994584325776,"NANA OrderNA SexNA - NANA OrderNA SexNA"
"PR X1 Order1 F - PR X5 Order1 F",-0.199999999999998,1.85755923614551,19,-0.107668168049921,1,"NANA OrderNA SexNA - NANA OrderNA SexNA"
"PR X1 Order1 F - NR X6 Order1 F",-4.2,2.52489360554029,19,-1.66343642788911,0.999626658285312,"NANA OrderNA SexNA - NANA OrderNA SexNA"
"PR X1 Order1 F - PR X6 Order1 F",0.999999999999999,1.78296028234536,19,0.560864989479501,1,"NANA OrderNA SexNA - NANA OrderNA SexNA"
"PR X1 Order1 F - NR X0 Order2 F",0.966666666666669,2.68076318015415,19,0.360593831571159,1,"NANA OrderNA SexNA - NANA OrderNA SexNA"
"PR X1 Order1 F - PR X0 Order2 F",5.13333333333333,1.64323884999371,19,3.1239118606239,0.589886464766896,"NANA OrderNA SexNA - NANA OrderNA SexNA"
"PR X1 Order1 F - NR X1 Order2 F",-1.2,2.59468642822571,19,-0.462483630756329,1,"NANA OrderNA SexNA - NANA OrderNA SexNA"
"PR X1 Order1 F - PR X1 Order2 F",5.63333333333333,1.77068394622725,19,3.18144485656864,0.55645348426627,"NANA OrderNA SexNA - NANA OrderNA SexNA"
"PR X1 Order1 F - NR X2 Order2 F",0.96666666666667,2.30050846146815,19,0.420196962044538,1,"NANA OrderNA SexNA - NANA OrderNA SexNA"
"PR X1 Order1 F - PR X2 Order2 F",4.3,1.83523027858593,19,2.34303021815508,0.947090870959636,"NANA OrderNA SexNA - NANA OrderNA SexNA"
"PR X1 Order1 F - NR X3 Order2 F",0.800000000000004,2.48650157017435,19,0.321737178691549,1,"NANA OrderNA SexNA - NANA OrderNA SexNA"
"PR X1 Order1 F - PR X3 Order2 F",5.63333333333333,1.92230672835912,19,2.93050700506154,0.7014897932484,"NANA OrderNA SexNA - NANA OrderNA SexNA"
"PR X1 Order1 F - NR X4 Order2 F",0.133333333333333,2.53713933858427,19,0.0525526254335456,1,"NANA OrderNA SexNA - NANA OrderNA SexNA"
"PR X1 Order1 F - PR X4 Order2 F",4.3,2.08375785148508,19,2.06357950706,0.987986431080997,"NANA OrderNA SexNA - NANA OrderNA SexNA"
"PR X1 Order1 F - NR X5 Order2 F",-1.03333333333333,2.70600372142222,19,-0.381866929876296,1,"NANA OrderNA SexNA - NANA OrderNA SexNA"
"PR X1 Order1 F - PR X5 Order2 F",3.13333333333334,2.12674421021253,19,1.47330051178097,0.999969977951065,"NANA OrderNA SexNA - NANA OrderNA SexNA"
"PR X1 Order1 F - NR X6 Order2 F",-3.53333333333333,2.72919027042157,19,-1.2946452915456,0.999998709626335,"NANA OrderNA SexNA - NANA OrderNA SexNA"
"PR X1 Order1 F - PR X6 Order2 F",2.96666666666667,2.26095772286025,19,1.3121283236175,0.999998171080452,"NANA OrderNA SexNA - NANA OrderNA SexNA"
"PR X1 Order1 F - NR X0 Order1 M",0.133333333333339,2.68076318015415,19,0.0497370802167135,1,"NANA OrderNA SexNA - NANA OrderNA SexNA"
"PR X1 Order1 F - PR X0 Order1 M",3.3,1.64323884999371,19,2.00822905325822,0.991699137629917,"NANA OrderNA SexNA - NANA OrderNA SexNA"
"PR X1 Order1 F - NR X1 Order1 M",-1.2,2.59468642822571,19,-0.462483630756328,1,"NANA OrderNA SexNA - NANA OrderNA SexNA"
"PR X1 Order1 F - PR X1 Order1 M",3.13333333333333,1.77068394622725,19,1.76956104448196,0.99885014071762,"NANA OrderNA SexNA - NANA OrderNA SexNA"
"PR X1 Order1 F - NR X2 Order1 M",-0.0333333333333291,2.30050846146815,19,-0.014489550415327,1,"NANA OrderNA SexNA - NANA OrderNA SexNA"
"PR X1 Order1 F - PR X2 Order1 M",1.8,1.83523027858593,19,0.980803347134684,1,"NANA OrderNA SexNA - NANA OrderNA SexNA"
"PR X1 Order1 F - NR X3 Order1 M",-1.53333333333333,2.48650157017436,19,-0.616662925825464,1,"NANA OrderNA SexNA - NANA OrderNA SexNA"
"PR X1 Order1 F - PR X3 Order1 M",-0.866666666666667,1.92230672835912,19,-0.45084723154793,1,"NANA OrderNA SexNA - NANA OrderNA SexNA"
"PR X1 Order1 F - NR X4 Order1 M",-1.36666666666667,2.53713933858427,19,-0.538664410693845,1,"NANA OrderNA SexNA - NANA OrderNA SexNA"
"PR X1 Order1 F - PR X4 Order1 M",-2.53333333333333,2.08375785148508,19,-1.21575226772527,0.999999765015032,"NANA OrderNA SexNA - NANA OrderNA SexNA"
"PR X1 Order1 F - NR X5 Order1 M",-1.53333333333333,2.70600372142222,19,-0.566641250784181,1,"NANA OrderNA SexNA - NANA OrderNA SexNA"
"PR X1 Order1 F - PR X5 Order1 M",-2.86666666666667,2.12674421021253,19,-1.34791323418259,0.999996374870677,"NANA OrderNA SexNA - NANA OrderNA SexNA"
"PR X1 Order1 F - NR X6 Order1 M",-1.86666666666666,2.72919027042157,19,-0.683963550250503,1,"NANA OrderNA SexNA - NANA OrderNA SexNA"
"PR X1 Order1 F - PR X6 Order1 M",-1.53333333333333,2.26095772286025,19,-0.678178684116912,1,"NANA OrderNA SexNA - NANA OrderNA SexNA"
"PR X1 Order1 F - NR X0 Order2 M",-12.5333333333333,2.68076318015415,19,-4.67528554037088,0.0581040767419745,"NANA OrderNA SexNA - NANA OrderNA SexNA"
"PR X1 Order1 F - PR X0 Order2 M",3.96666666666667,1.64323884999371,19,2.41393189230029,0.92913010393099,"NANA OrderNA SexNA - NANA OrderNA SexNA"
"PR X1 Order1 F - NR X1 Order2 M",-8.86666666666667,2.59468642822571,19,-3.41724016058843,0.425203454341266,"NANA OrderNA SexNA - NANA OrderNA SexNA"
"PR X1 Order1 F - PR X1 Order2 M",6.3,1.77068394622725,19,3.55794720645841,0.354688304665404,"NANA OrderNA SexNA - NANA OrderNA SexNA"
"PR X1 Order1 F - NR X2 Order2 M",-5.69999999999999,2.30050846146815,19,-2.47771312102123,0.909980474682057,"NANA OrderNA SexNA - NANA OrderNA SexNA"
"PR X1 Order1 F - PR X2 Order2 M",5.3,1.83523027858593,19,2.88792096656324,0.725195283959177,"NANA OrderNA SexNA - NANA OrderNA SexNA"
"PR X1 Order1 F - NR X3 Order2 M",-8.53333333333333,2.48650157017436,19,-3.4318632393765,0.417549756673575,"NANA OrderNA SexNA - NANA OrderNA SexNA"
"PR X1 Order1 F - PR X3 Order2 M",4.46666666666667,1.92230672835912,19,2.32359727028548,0.951417720106701,"NANA OrderNA SexNA - NANA OrderNA SexNA"
"PR X1 Order1 F - NR X4 Order2 M",-6.7,2.53713933858427,19,-2.64076942803568,0.848241470855409,"NANA OrderNA SexNA - NANA OrderNA SexNA"
"PR X1 Order1 F - PR X4 Order2 M",0.800000000000002,2.08375785148508,19,0.383921768755351,1,"NANA OrderNA SexNA - NANA OrderNA SexNA"
"PR X1 Order1 F - NR X5 Order2 M",-5.03333333333333,2.70600372142222,19,-1.86006149713938,0.997361552467872,"NANA OrderNA SexNA - NANA OrderNA SexNA"
"PR X1 Order1 F - PR X5 Order2 M",-1.2,2.12674421021253,19,-0.564242749192711,1,"NANA OrderNA SexNA - NANA OrderNA SexNA"
"PR X1 Order1 F - NR X6 Order2 M",-7.7,2.72919027042157,19,-2.82134964478333,0.761080618337023,"NANA OrderNA SexNA - NANA OrderNA SexNA"
"PR X1 Order1 F - PR X6 Order2 M",-3.36666666666667,2.26095772286025,19,-1.48904450208279,0.999961930661831,"NANA OrderNA SexNA - NANA OrderNA SexNA"
"NR X2 Order1 F - PR X2 Order1 F",1.59999999999999,1.78108975117886,19,0.898326431299147,1,"NANA OrderNA SexNA - NANA OrderNA SexNA"
"NR X2 Order1 F - NR X3 Order1 F",-1.55431223447522e-15,1.13863568715818,19,-1.36506544806662e-15,1,"NANA OrderNA SexNA - NANA OrderNA SexNA"
"NR X2 Order1 F - PR X3 Order1 F",1.39999999999999,1.61636369018466,19,0.866141703443025,1,"NANA OrderNA SexNA - NANA OrderNA SexNA"
"NR X2 Order1 F - NR X4 Order1 F",-2.00000000000001,1.4515569378635,19,-1.37783089855486,0.999993761596466,"NANA OrderNA SexNA - NANA OrderNA SexNA"
"NR X2 Order1 F - PR X4 Order1 F",0.199999999999996,1.52568650064344,19,0.131088529600051,1,"NANA OrderNA SexNA - NANA OrderNA SexNA"
"NR X2 Order1 F - NR X5 Order1 F",-2.6,2.0977013317422,19,-1.23945194707038,0.99999959880923,"NANA OrderNA SexNA - NANA OrderNA SexNA"
"NR X2 Order1 F - PR X5 Order1 F",0.599999999999997,1.89283042493084,19,0.316985606368791,1,"NANA OrderNA SexNA - NANA OrderNA SexNA"
"NR X2 Order1 F - NR X6 Order1 F",-3.4,2.0301240131509,19,-1.6747745349423,0.99957535309746,"NANA OrderNA SexNA - NANA OrderNA SexNA"
"NR X2 Order1 F - PR X6 Order1 F",1.79999999999999,1.39786805089726,19,1.28767518425263,0.999998880248969,"NANA OrderNA SexNA - NANA OrderNA SexNA"
"NR X2 Order1 F - NR X0 Order2 F",1.76666666666666,3.1264856117855,19,0.565064703962524,1,"NANA OrderNA SexNA - NANA OrderNA SexNA"
"NR X2 Order1 F - PR X0 Order2 F",5.93333333333333,2.29970758375065,19,2.58003816452895,0.87332278827216,"NANA OrderNA SexNA - NANA OrderNA SexNA"
"NR X2 Order1 F - NR X1 Order2 F",-0.400000000000005,3.05300159080376,19,-0.131018601891622,1,"NANA OrderNA SexNA - NANA OrderNA SexNA"
"NR X2 Order1 F - PR X1 Order2 F",6.43333333333333,2.39243446933421,19,2.68903220372161,0.826670712307971,"NANA OrderNA SexNA - NANA OrderNA SexNA"
"NR X2 Order1 F - NR X2 Order2 F",1.76666666666667,2.80726917731772,19,0.629318585100796,1,"NANA OrderNA SexNA - NANA OrderNA SexNA"
"NR X2 Order1 F - PR X2 Order2 F",5.1,2.44059239285674,19,2.08965659932685,0.98584038678736,"NANA OrderNA SexNA - NANA OrderNA SexNA"
"NR X2 Order1 F - NR X3 Order2 F",1.6,2.96160617083216,19,0.540247388649392,1,"NANA OrderNA SexNA - NANA OrderNA SexNA"
"NR X2 Order1 F - PR X3 Order2 F",6.43333333333333,2.50672778947502,19,2.56642678169721,0.878612592869058,"NANA OrderNA SexNA - NANA OrderNA SexNA"
"NR X2 Order1 F - NR X4 Order2 F",0.933333333333328,3.0042465072,19,0.310671355062407,1,"NANA OrderNA SexNA - NANA OrderNA SexNA"
"NR X2 Order1 F - PR X4 Order2 F",5.1,2.6325781728673,19,1.93726440968144,0.995058345884221,"NANA OrderNA SexNA - NANA OrderNA SexNA"
"NR X2 Order1 F - NR X5 Order2 F",-0.233333333333337,3.14815456942356,19,-0.074117495881424,1,"NANA OrderNA SexNA - NANA OrderNA SexNA"
"NR X2 Order1 F - PR X5 Order2 F",3.93333333333333,2.66673245532882,19,1.47496361154397,0.999969206871595,"NANA OrderNA SexNA - NANA OrderNA SexNA"
"NR X2 Order1 F - NR X6 Order2 F",-2.73333333333334,3.1681067824168,19,-0.862765531926991,1,"NANA OrderNA SexNA - NANA OrderNA SexNA"
"NR X2 Order1 F - PR X6 Order2 F",3.76666666666666,2.77495060806368,19,1.35738151724977,0.999995683409682,"NANA OrderNA SexNA - NANA OrderNA SexNA"
"NR X2 Order1 F - NR X0 Order1 M",0.933333333333334,3.1264856117855,19,0.298524749263221,1,"NANA OrderNA SexNA - NANA OrderNA SexNA"
"NR X2 Order1 F - PR X0 Order1 M",4.09999999999999,2.29970758375065,19,1.78283536088237,0.998692115536289,"NANA OrderNA SexNA - NANA OrderNA SexNA"
"NR X2 Order1 F - NR X1 Order1 M",-0.400000000000003,3.05300159080376,19,-0.131018601891621,1,"NANA OrderNA SexNA - NANA OrderNA SexNA"
"NR X2 Order1 F - PR X1 Order1 M",3.93333333333333,2.39243446933421,19,1.64407150279352,0.999701877474287,"NANA OrderNA SexNA - NANA OrderNA SexNA"
"NR X2 Order1 F - NR X2 Order1 M",0.766666666666666,2.80726917731772,19,0.273100518062609,1,"NANA OrderNA SexNA - NANA OrderNA SexNA"
"NR X2 Order1 F - PR X2 Order1 M",2.59999999999999,2.44059239285674,19,1.06531512906859,1,"NANA OrderNA SexNA - NANA OrderNA SexNA"
"NR X2 Order1 F - NR X3 Order1 M",-0.733333333333333,2.96160617083216,19,-0.247613386464305,1,"NANA OrderNA SexNA - NANA OrderNA SexNA"
"NR X2 Order1 F - PR X3 Order1 M",-0.0666666666666725,2.50672778947502,19,-0.0265950961833931,1,"NANA OrderNA SexNA - NANA OrderNA SexNA"
"NR X2 Order1 F - NR X4 Order1 M",-0.566666666666672,3.0042465072,19,-0.188621894145036,1,"NANA OrderNA SexNA - NANA OrderNA SexNA"
"NR X2 Order1 F - PR X4 Order1 M",-1.73333333333334,2.6325781728673,19,-0.658416662113954,1,"NANA OrderNA SexNA - NANA OrderNA SexNA"
"NR X2 Order1 F - NR X5 Order1 M",-0.733333333333337,3.14815456942356,19,-0.232940701341616,1,"NANA OrderNA SexNA - NANA OrderNA SexNA"
"NR X2 Order1 F - PR X5 Order1 M",-2.06666666666667,2.66673245532882,19,-0.774980880641752,1,"NANA OrderNA SexNA - NANA OrderNA SexNA"
"NR X2 Order1 F - NR X6 Order1 M",-1.06666666666667,3.1681067824168,19,-0.33668898806907,1,"NANA OrderNA SexNA - NANA OrderNA SexNA"
"NR X2 Order1 F - PR X6 Order1 M",-0.733333333333338,2.77495060806368,19,-0.264268967960135,1,"NANA OrderNA SexNA - NANA OrderNA SexNA"
"NR X2 Order1 F - NR X0 Order2 M",-11.7333333333333,3.1264856117855,19,-3.7528825621662,0.269842911489204,"NANA OrderNA SexNA - NANA OrderNA SexNA"
"NR X2 Order1 F - PR X0 Order2 M",4.76666666666666,2.29970758375065,19,2.07272728948112,0.987264600632468,"NANA OrderNA SexNA - NANA OrderNA SexNA"
"NR X2 Order1 F - NR X1 Order2 M",-8.06666666666667,3.05300159080376,19,-2.642208471481,0.847618683681011,"NANA OrderNA SexNA - NANA OrderNA SexNA"
"NR X2 Order1 F - PR X1 Order2 M",7.1,2.39243446933421,19,2.96768839063577,0.680422091366382,"NANA OrderNA SexNA - NANA OrderNA SexNA"
"NR X2 Order1 F - NR X2 Order2 M",-4.9,2.80726917731772,19,-1.74546852848711,0.999095658946704,"NANA OrderNA SexNA - NANA OrderNA SexNA"
"NR X2 Order1 F - PR X2 Order2 M",6.1,2.44059239285674,19,2.49939318743016,0.902819771295553,"NANA OrderNA SexNA - NANA OrderNA SexNA"
"NR X2 Order1 F - NR X3 Order2 M",-7.73333333333333,2.96160617083216,19,-2.6111957118054,0.860752141929916,"NANA OrderNA SexNA - NANA OrderNA SexNA"
"NR X2 Order1 F - PR X3 Order2 M",5.26666666666666,2.50672778947502,19,2.10101259848787,0.984818282287663,"NANA OrderNA SexNA - NANA OrderNA SexNA"
"NR X2 Order1 F - NR X4 Order2 M",-5.90000000000001,3.0042465072,19,-1.96388678021595,0.993959660569471,"NANA OrderNA SexNA - NANA OrderNA SexNA"
"NR X2 Order1 F - PR X4 Order2 M",1.6,2.6325781728673,19,0.607769226566725,1,"NANA OrderNA SexNA - NANA OrderNA SexNA"
"NR X2 Order1 F - NR X5 Order2 M",-4.23333333333334,3.14815456942356,19,-1.34470313956296,0.999996585270764,"NANA OrderNA SexNA - NANA OrderNA SexNA"
"NR X2 Order1 F - PR X5 Order2 M",-0.400000000000003,2.66673245532882,19,-0.149996299479049,1,"NANA OrderNA SexNA - NANA OrderNA SexNA"
"NR X2 Order1 F - NR X6 Order2 M",-6.9,3.1681067824168,19,-2.17795689157179,0.976334885194221,"NANA OrderNA SexNA - NANA OrderNA SexNA"
"NR X2 Order1 F - PR X6 Order2 M",-2.56666666666667,2.77495060806368,19,-0.92494138786047,1,"NANA OrderNA SexNA - NANA OrderNA SexNA"
"PR X2 Order1 F - NR X3 Order1 F",-1.6,1.91631957192802,19,-0.834933809286427,1,"NANA OrderNA SexNA - NANA OrderNA SexNA"
"PR X2 Order1 F - PR X3 Order1 F",-0.2,0.964092155455342,19,-0.207449048172724,1,"NANA OrderNA SexNA - NANA OrderNA SexNA"
"PR X2 Order1 F - NR X4 Order1 F",-3.6,1.98113913713847,19,-1.81713638003225,0.998196284789679,"NANA OrderNA SexNA - NANA OrderNA SexNA"
"PR X2 Order1 F - PR X4 Order1 F",-1.4,1.48690187738884,19,-0.941555069160683,1,"NANA OrderNA SexNA - NANA OrderNA SexNA"
"PR X2 Order1 F - NR X5 Order1 F",-4.2,2.35930409008116,19,-1.7801859529924,0.998725048042314,"NANA OrderNA SexNA - NANA OrderNA SexNA"
"PR X2 Order1 F - PR X5 Order1 F",-0.999999999999997,1.42040271037798,19,-0.704025691230825,1,"NANA OrderNA SexNA - NANA OrderNA SexNA"
"PR X2 Order1 F - NR X6 Order1 F",-5,2.13286727365243,19,-2.34426214034301,0.946808085931952,"NANA OrderNA SexNA - NANA OrderNA SexNA"
"PR X2 Order1 F - PR X6 Order1 F",0.2,1.54511113550211,19,0.129440527224604,1,"NANA OrderNA SexNA - NANA OrderNA SexNA"
"PR X2 Order1 F - NR X0 Order2 F",0.16666666666667,2.73235968966097,19,0.0609973376848307,1,"NANA OrderNA SexNA - NANA OrderNA SexNA"
"PR X2 Order1 F - PR X0 Order2 F",4.33333333333333,1.72613213971083,19,2.51042966737139,0.899048078937012,"NANA OrderNA SexNA - NANA OrderNA SexNA"
"PR X2 Order1 F - NR X1 Order2 F",-2,2.64796070711647,19,-0.755298216708784,1,"NANA OrderNA SexNA - NANA OrderNA SexNA"
"PR X2 Order1 F - PR X1 Order2 F",4.83333333333333,1.84786901133195,19,2.61562551441319,0.858913594638344,"NANA OrderNA SexNA - NANA OrderNA SexNA"
"PR X2 Order1 F - NR X2 Order2 F",0.166666666666671,2.36043161877242,19,0.0706085553765581,1,"NANA OrderNA SexNA - NANA OrderNA SexNA"
"PR X2 Order1 F - PR X2 Order2 F",3.5,1.90980847758424,19,1.83264449869195,0.997924936964612,"NANA OrderNA SexNA - NANA OrderNA SexNA"
"PR X2 Order1 F - NR X3 Order2 F",4.2769024451532e-15,2.54204411922641,19,1.68246585997679e-15,1,"NANA OrderNA SexNA - NANA OrderNA SexNA"
"PR X2 Order1 F - PR X3 Order2 F",4.83333333333333,1.99363020731247,19,2.42438809143494,0.926186661953749,"NANA OrderNA SexNA - NANA OrderNA SexNA"
"PR X2 Order1 F - NR X4 Order2 F",-0.666666666666667,2.59159685696017,19,-0.257241655806234,1,"NANA OrderNA SexNA - NANA OrderNA SexNA"
"PR X2 Order1 F - PR X4 Order2 F",3.5,2.14973138536882,19,1.62811038803321,0.999753562924847,"NANA OrderNA SexNA - NANA OrderNA SexNA"
"PR X2 Order1 F - NR X5 Order2 F",-1.83333333333333,2.75712792339509,19,-0.664943152538164,1,"NANA OrderNA SexNA - NANA OrderNA SexNA"
"PR X2 Order1 F - PR X5 Order2 F",2.33333333333334,2.19142400764584,19,1.06475667200522,1,"NANA OrderNA SexNA - NANA OrderNA SexNA"
"PR X2 Order1 F - NR X6 Order2 F",-4.33333333333333,2.77988808727578,19,-1.55881574987427,0.999897937714848,"NANA OrderNA SexNA - NANA OrderNA SexNA"
"PR X2 Order1 F - PR X6 Order2 F",2.16666666666667,2.32190182182095,19,0.933143101187397,1,"NANA OrderNA SexNA - NANA OrderNA SexNA"
"PR X2 Order1 F - NR X0 Order1 M",-0.666666666666661,2.73235968966097,19,-0.243989350739316,1,"NANA OrderNA SexNA - NANA OrderNA SexNA"
"PR X2 Order1 F - PR X0 Order1 M",2.5,1.72613213971083,19,1.44832480809888,0.999979648274978,"NANA OrderNA SexNA - NANA OrderNA SexNA"
"PR X2 Order1 F - NR X1 Order1 M",-2,2.64796070711647,19,-0.755298216708783,1,"NANA OrderNA SexNA - NANA OrderNA SexNA"
"PR X2 Order1 F - PR X1 Order1 M",2.33333333333333,1.84786901133195,19,1.26271576557878,0.999999335073332,"NANA OrderNA SexNA - NANA OrderNA SexNA"
"PR X2 Order1 F - NR X2 Order1 M",-0.833333333333328,2.36043161877242,19,-0.353042776882779,1,"NANA OrderNA SexNA - NANA OrderNA SexNA"
"PR X2 Order1 F - PR X2 Order1 M",1,1.90980847758424,19,0.523612713911985,1,"NANA OrderNA SexNA - NANA OrderNA SexNA"
"PR X2 Order1 F - NR X3 Order1 M",-2.33333333333333,2.54204411922641,19,-0.917896473820212,1,"NANA OrderNA SexNA - NANA OrderNA SexNA"
"PR X2 Order1 F - PR X3 Order1 M",-1.66666666666667,1.99363020731247,19,-0.835995893598256,1,"NANA OrderNA SexNA - NANA OrderNA SexNA"
"PR X2 Order1 F - NR X4 Order1 M",-2.16666666666667,2.59159685696017,19,-0.83603538137026,1,"NANA OrderNA SexNA - NANA OrderNA SexNA"
"PR X2 Order1 F - PR X4 Order1 M",-3.33333333333333,2.14973138536882,19,-1.55058132193639,0.999908661885377,"NANA OrderNA SexNA - NANA OrderNA SexNA"
"PR X2 Order1 F - NR X5 Order1 M",-2.33333333333333,2.75712792339509,19,-0.846291285048572,1,"NANA OrderNA SexNA - NANA OrderNA SexNA"
"PR X2 Order1 F - PR X5 Order1 M",-3.66666666666667,2.19142400764584,19,-1.67318905600821,0.99958287657545,"NANA OrderNA SexNA - NANA OrderNA SexNA"
"PR X2 Order1 F - NR X6 Order1 M",-2.66666666666666,2.77988808727578,19,-0.959271230691856,1,"NANA OrderNA SexNA - NANA OrderNA SexNA"
"PR X2 Order1 F - PR X6 Order1 M",-2.33333333333333,2.32190182182095,19,-1.00492333974027,1,"NANA OrderNA SexNA - NANA OrderNA SexNA"
"PR X2 Order1 F - NR X0 Order2 M",-13.3333333333333,2.73235968966097,19,-4.87978701478637,0.0399680397842613,"NANA OrderNA SexNA - NANA OrderNA SexNA"
"PR X2 Order1 F - PR X0 Order2 M",3.16666666666667,1.72613213971083,19,1.83454475692525,0.997889449473427,"NANA OrderNA SexNA - NANA OrderNA SexNA"
"PR X2 Order1 F - NR X1 Order2 M",-9.66666666666667,2.64796070711647,19,-3.65060804742579,0.31240177986959,"NANA OrderNA SexNA - NANA OrderNA SexNA"
"PR X2 Order1 F - PR X1 Order2 M",5.5,1.84786901133195,19,2.9764014474357,0.675443948778905,"NANA OrderNA SexNA - NANA OrderNA SexNA"
"PR X2 Order1 F - NR X2 Order2 M",-6.49999999999999,2.36043161877242,19,-2.75373365968569,0.795682166254958,"NANA OrderNA SexNA - NANA OrderNA SexNA"
"PR X2 Order1 F - PR X2 Order2 M",4.5,1.90980847758424,19,2.35625721260393,0.944001226350997,"NANA OrderNA SexNA - NANA OrderNA SexNA"
"PR X2 Order1 F - NR X3 Order2 M",-9.33333333333333,2.54204411922641,19,-3.67158589528085,0.303315969211827,"NANA OrderNA SexNA - NANA OrderNA SexNA"
"PR X2 Order1 F - PR X3 Order2 M",3.66666666666667,1.99363020731247,19,1.83919096591616,0.997800535286367,"NANA OrderNA SexNA - NANA OrderNA SexNA"
"PR X2 Order1 F - NR X4 Order2 M",-7.5,2.59159685696017,19,-2.89396862782013,0.721860535039339,"NANA OrderNA SexNA - NANA OrderNA SexNA"
"PR X2 Order1 F - PR X4 Order2 M",3.05571540293315e-15,2.14973138536882,19,1.42144056868244e-15,1,"NANA OrderNA SexNA - NANA OrderNA SexNA"
"PR X2 Order1 F - NR X5 Order2 M",-5.83333333333333,2.75712792339509,19,-2.11572821262143,0.98341064580434,"NANA OrderNA SexNA - NANA OrderNA SexNA"
"PR X2 Order1 F - PR X5 Order2 M",-2,2.19142400764584,19,-0.912648576004476,1,"NANA OrderNA SexNA - NANA OrderNA SexNA"
"PR X2 Order1 F - NR X6 Order2 M",-8.5,2.77988808727578,19,-3.05767704783029,0.628485199659123,"NANA OrderNA SexNA - NANA OrderNA SexNA"
"PR X2 Order1 F - PR X6 Order2 M",-4.16666666666667,2.32190182182095,19,-1.79450596382192,0.998538324680098,"NANA OrderNA SexNA - NANA OrderNA SexNA"
"NR X3 Order1 F - PR X3 Order1 F",1.4,1.89004780409237,19,0.740722005532711,1,"NANA OrderNA SexNA - NANA OrderNA SexNA"
"NR X3 Order1 F - NR X4 Order1 F",-2.00000000000001,1.58612404107756,19,-1.26093543014535,0.999999359860714,"NANA OrderNA SexNA - NANA OrderNA SexNA"
"NR X3 Order1 F - PR X4 Order1 F",0.199999999999997,1.96718696655999,19,0.101668018037826,1,"NANA OrderNA SexNA - NANA OrderNA SexNA"
"NR X3 Order1 F - NR X5 Order1 F",-2.6,2.33403498222405,19,-1.11395074187042,1,"NANA OrderNA SexNA - NANA OrderNA SexNA"
"NR X3 Order1 F - PR X5 Order1 F",0.599999999999999,1.72657250979475,19,0.347509297522248,1,"NANA OrderNA SexNA - NANA OrderNA SexNA"
"NR X3 Order1 F - NR X6 Order1 F",-3.4,2.31857487989588,19,-1.46641802664259,0.999972987730859,"NANA OrderNA SexNA - NANA OrderNA SexNA"
"NR X3 Order1 F - PR X6 Order1 F",1.8,1.4159492507508,19,1.2712320014616,0.999999203773511,"NANA OrderNA SexNA - NANA OrderNA SexNA"
"NR X3 Order1 F - NR X0 Order2 F",1.76666666666667,3.29292170167062,19,0.53650430429924,1,"NANA OrderNA SexNA - NANA OrderNA SexNA"
"NR X3 Order1 F - PR X0 Order2 F",5.93333333333333,2.52132425986659,19,2.35326071611562,0.94471151297128,"NANA OrderNA SexNA - NANA OrderNA SexNA"
"NR X3 Order1 F - NR X1 Order2 F",-0.400000000000004,3.22323436412587,19,-0.124098949940453,1,"NANA OrderNA SexNA - NANA OrderNA SexNA"
"NR X3 Order1 F - PR X1 Order2 F",6.43333333333333,2.60617799520487,19,2.46849345868551,0.912925561991675,"NANA OrderNA SexNA - NANA OrderNA SexNA"
"NR X3 Order1 F - NR X2 Order2 F",1.76666666666667,2.99151822433856,19,0.590558550602609,1,"NANA OrderNA SexNA - NANA OrderNA SexNA"
"NR X3 Order1 F - PR X2 Order2 F",5.1,2.65045510822231,19,1.92419784216629,0.995534740309607,"NANA OrderNA SexNA - NANA OrderNA SexNA"
"NR X3 Order1 F - NR X3 Order2 F",1.6,3.13680285700946,19,0.510073496147411,1,"NANA OrderNA SexNA - NANA OrderNA SexNA"
"NR X3 Order1 F - PR X3 Order2 F",6.43333333333333,2.7114765835533,19,2.37263097618297,0.940012193206668,"NANA OrderNA SexNA - NANA OrderNA SexNA"
"NR X3 Order1 F - NR X4 Order2 F",0.933333333333329,3.17709271640835,19,0.293769624195434,1,"NANA OrderNA SexNA - NANA OrderNA SexNA"
"NR X3 Order1 F - PR X4 Order2 F",5.1,2.8282306993753,19,1.80324752189646,0.998413350177122,"NANA OrderNA SexNA - NANA OrderNA SexNA"
"NR X3 Order1 F - NR X5 Order2 F",-0.233333333333335,3.31350241370276,19,-0.0704189417120692,1,"NANA OrderNA SexNA - NANA OrderNA SexNA"
"NR X3 Order1 F - PR X5 Order2 F",3.93333333333333,2.860049482253,19,1.37526758111711,0.999994039148344,"NANA OrderNA SexNA - NANA OrderNA SexNA"
"NR X3 Order1 F - NR X6 Order2 F",-2.73333333333334,3.33246479912795,19,-0.820213715100187,1,"NANA OrderNA SexNA - NANA OrderNA SexNA"
"NR X3 Order1 F - PR X6 Order2 F",3.76666666666666,2.96121122681658,19,1.27200202152279,0.999999190792293,"NANA OrderNA SexNA - NANA OrderNA SexNA"
"NR X3 Order1 F - NR X0 Order1 M",0.933333333333335,3.29292170167062,19,0.283436236233561,1,"NANA OrderNA SexNA - NANA OrderNA SexNA"
"NR X3 Order1 F - PR X0 Order1 M",4.1,2.52132425986659,19,1.62612959596753,0.999759394190336,"NANA OrderNA SexNA - NANA OrderNA SexNA"
"NR X3 Order1 F - NR X1 Order1 M",-0.400000000000002,3.22323436412587,19,-0.124098949940452,1,"NANA OrderNA SexNA - NANA OrderNA SexNA"
"NR X3 Order1 F - PR X1 Order1 M",3.93333333333333,2.60617799520487,19,1.50923434261601,0.999948804034364,"NANA OrderNA SexNA - NANA OrderNA SexNA"
"NR X3 Order1 F - NR X2 Order1 M",0.766666666666667,2.99151822433856,19,0.256280125733208,1,"NANA OrderNA SexNA - NANA OrderNA SexNA"
"NR X3 Order1 F - PR X2 Order1 M",2.6,2.65045510822231,19,0.980963605810265,1,"NANA OrderNA SexNA - NANA OrderNA SexNA"
"NR X3 Order1 F - NR X3 Order1 M",-0.733333333333332,3.13680285700946,19,-0.233783685734229,1,"NANA OrderNA SexNA - NANA OrderNA SexNA"
"NR X3 Order1 F - PR X3 Order1 M",-0.066666666666671,2.7114765835533,19,-0.0245868494941256,1,"NANA OrderNA SexNA - NANA OrderNA SexNA"
"NR X3 Order1 F - NR X4 Order1 M",-0.56666666666667,3.17709271640835,19,-0.178360128975801,1,"NANA OrderNA SexNA - NANA OrderNA SexNA"
"NR X3 Order1 F - PR X4 Order1 M",-1.73333333333334,2.8282306993753,19,-0.612868438814484,1,"NANA OrderNA SexNA - NANA OrderNA SexNA"
"NR X3 Order1 F - NR X5 Order1 M",-0.733333333333335,3.31350241370276,19,-0.221316673952216,1,"NANA OrderNA SexNA - NANA OrderNA SexNA"
"NR X3 Order1 F - PR X5 Order1 M",-2.06666666666667,2.860049482253,19,-0.722598220586958,1,"NANA OrderNA SexNA - NANA OrderNA SexNA"
"NR X3 Order1 F - NR X6 Order1 M",-1.06666666666667,3.33246479912795,19,-0.320083401014707,1,"NANA OrderNA SexNA - NANA OrderNA SexNA"
"NR X3 Order1 F - PR X6 Order1 M",-0.733333333333337,2.96121122681658,19,-0.247646411269924,1,"NANA OrderNA SexNA - NANA OrderNA SexNA"
"NR X3 Order1 F - NR X0 Order2 M",-11.7333333333333,3.29292170167062,19,-3.56319839836477,0.352199846268998,"NANA OrderNA SexNA - NANA OrderNA SexNA"
"NR X3 Order1 F - PR X0 Order2 M",4.76666666666666,2.52132425986659,19,1.89054091238502,0.996591461944379,"NANA OrderNA SexNA - NANA OrderNA SexNA"
"NR X3 Order1 F - NR X1 Order2 M",-8.06666666666667,3.22323436412587,19,-2.50266215713245,0.901711478438462,"NANA OrderNA SexNA - NANA OrderNA SexNA"
"NR X3 Order1 F - PR X1 Order2 M",7.1,2.60617799520487,19,2.72429588963738,0.810059381140048,"NANA OrderNA SexNA - NANA OrderNA SexNA"
"NR X3 Order1 F - NR X2 Order2 M",-4.9,2.99151822433856,19,-1.63796428186006,0.99972267569845,"NANA OrderNA SexNA - NANA OrderNA SexNA"
"NR X3 Order1 F - PR X2 Order2 M",6.1,2.65045510822231,19,2.3014915367087,0.956037592356466,"NANA OrderNA SexNA - NANA OrderNA SexNA"
"NR X3 Order1 F - NR X3 Order2 M",-7.73333333333333,3.13680285700946,19,-2.46535523137915,0.913914375938866,"NANA OrderNA SexNA - NANA OrderNA SexNA"
"NR X3 Order1 F - PR X3 Order2 M",5.26666666666666,2.7114765835533,19,1.9423611100358,0.994861662990385,"NANA OrderNA SexNA - NANA OrderNA SexNA"
"NR X3 Order1 F - NR X4 Order2 M",-5.90000000000001,3.17709271640835,19,-1.85704369580686,0.997429203103852,"NANA OrderNA SexNA - NANA OrderNA SexNA"
"NR X3 Order1 F - PR X4 Order2 M",1.6,2.8282306993753,19,0.56572471275183,1,"NANA OrderNA SexNA - NANA OrderNA SexNA"
"NR X3 Order1 F - NR X5 Order2 M",-4.23333333333334,3.31350241370276,19,-1.27760079963324,0.99999909037254,"NANA OrderNA SexNA - NANA OrderNA SexNA"
"NR X3 Order1 F - PR X5 Order2 M",-0.400000000000001,2.860049482253,19,-0.139857720113605,1,"NANA OrderNA SexNA - NANA OrderNA SexNA"
"NR X3 Order1 F - NR X6 Order2 M",-6.9,3.33246479912795,19,-2.07053950031389,0.987440221779183,"NANA OrderNA SexNA - NANA OrderNA SexNA"
"NR X3 Order1 F - PR X6 Order2 M",-2.56666666666667,2.96121122681658,19,-0.866762439444734,1,"NANA OrderNA SexNA - NANA OrderNA SexNA"
"PR X3 Order1 F - NR X4 Order1 F",-3.4,1.9222610955066,19,-1.76875035755949,0.998859240711277,"NANA OrderNA SexNA - NANA OrderNA SexNA"
"PR X3 Order1 F - PR X4 Order1 F",-1.2,1.14616063905821,19,-1.04697366067817,1,"NANA OrderNA SexNA - NANA OrderNA SexNA"
"PR X3 Order1 F - NR X5 Order1 F",-4,2.26684725802778,19,-1.76456529474337,0.998905249529094,"NANA OrderNA SexNA - NANA OrderNA SexNA"
"PR X3 Order1 F - PR X5 Order1 F",-0.799999999999997,1.56148826893931,19,-0.512331738837475,1,"NANA OrderNA SexNA - NANA OrderNA SexNA"
"PR X3 Order1 F - NR X6 Order1 F",-4.8,2.21113608966466,19,-2.17082974785507,0.977242862080711,"NANA OrderNA SexNA - NANA OrderNA SexNA"
"PR X3 Order1 F - PR X6 Order1 F",0.4,1.55156966361573,19,0.257803442139912,1,"NANA OrderNA SexNA - NANA OrderNA SexNA"
"PR X3 Order1 F - NR X0 Order2 F",0.36666666666667,2.80328754369429,19,0.130798807097563,1,"NANA OrderNA SexNA - NANA OrderNA SexNA"
"PR X3 Order1 F - PR X0 Order2 F",4.53333333333333,1.8363452133763,19,2.46867163118984,0.912869214201711,"NANA OrderNA SexNA - NANA OrderNA SexNA"
"PR X3 Order1 F - NR X1 Order2 F",-1.8,2.7210893931255,19,-0.661499767169531,1,"NANA OrderNA SexNA - NANA OrderNA SexNA"
"PR X3 Order1 F - PR X1 Order2 F",5.03333333333333,1.95121794323143,19,2.5795854075622,0.873500736169496,"NANA OrderNA SexNA - NANA OrderNA SexNA"
"PR X3 Order1 F - NR X2 Order2 F",0.366666666666671,2.44218529310287,19,0.150138757981304,1,"NANA OrderNA SexNA - NANA OrderNA SexNA"
"PR X3 Order1 F - PR X2 Order2 F",3.7,2.00997512422418,19,1.84081880188848,0.997768651649503,"NANA OrderNA SexNA - NANA OrderNA SexNA"
"PR X3 Order1 F - NR X3 Order2 F",0.200000000000005,2.61813290018687,19,0.0763903161622273,1,"NANA OrderNA SexNA - NANA OrderNA SexNA"
"PR X3 Order1 F - PR X3 Order2 F",5.03333333333333,2.08978299889155,19,2.40854353586142,0.930617074798945,"NANA OrderNA SexNA - NANA OrderNA SexNA"
"PR X3 Order1 F - NR X4 Order2 F",-0.466666666666666,2.66627190060452,19,-0.175025910358527,1,"NANA OrderNA SexNA - NANA OrderNA SexNA"
"PR X3 Order1 F - PR X4 Order2 F",3.7,2.23919106111719,19,1.6523824448254,0.999671392213059,"NANA OrderNA SexNA - NANA OrderNA SexNA"
"PR X3 Order1 F - NR X5 Order2 F",-1.63333333333333,2.82743452000436,19,-0.577673265915567,1,"NANA OrderNA SexNA - NANA OrderNA SexNA"
"PR X3 Order1 F - PR X5 Order2 F",2.53333333333334,2.27924784967189,19,1.11147777706493,1,"NANA OrderNA SexNA - NANA OrderNA SexNA"
"PR X3 Order1 F - NR X6 Order2 F",-4.13333333333333,2.84963319687379,19,-1.45047907845397,0.999978941695936,"NANA OrderNA SexNA - NANA OrderNA SexNA"
"PR X3 Order1 F - PR X6 Order2 F",2.36666666666667,2.40496562327257,19,0.984075050289582,1,"NANA OrderNA SexNA - NANA OrderNA SexNA"
"PR X3 Order1 F - NR X0 Order1 M",-0.46666666666666,2.80328754369429,19,-0.166471209033258,1,"NANA OrderNA SexNA - NANA OrderNA SexNA"
"PR X3 Order1 F - PR X0 Order1 M",2.7,1.8363452133763,19,1.47031178034101,0.999971320140205,"NANA OrderNA SexNA - NANA OrderNA SexNA"
"PR X3 Order1 F - NR X1 Order1 M",-1.8,2.7210893931255,19,-0.66149976716953,1,"NANA OrderNA SexNA - NANA OrderNA SexNA"
"PR X3 Order1 F - PR X1 Order1 M",2.53333333333333,1.95121794323143,19,1.29833437731607,0.999998609931758,"NANA OrderNA SexNA - NANA OrderNA SexNA"
"PR X3 Order1 F - NR X2 Order1 M",-0.633333333333328,2.44218529310287,19,-0.259330581967701,1,"NANA OrderNA SexNA - NANA OrderNA SexNA"
"PR X3 Order1 F - PR X2 Order1 M",1.2,2.00997512422418,19,0.597022314125994,1,"NANA OrderNA SexNA - NANA OrderNA SexNA"
"PR X3 Order1 F - NR X3 Order1 M",-2.13333333333333,2.61813290018687,19,-0.814830039063737,1,"NANA OrderNA SexNA - NANA OrderNA SexNA"
"PR X3 Order1 F - PR X3 Order1 M",-1.46666666666667,2.08978299889155,19,-0.701827255482799,1,"NANA OrderNA SexNA - NANA OrderNA SexNA"
"PR X3 Order1 F - NR X4 Order1 M",-1.96666666666667,2.66627190060452,19,-0.737609193653794,1,"NANA OrderNA SexNA - NANA OrderNA SexNA"
"PR X3 Order1 F - PR X4 Order1 M",-3.13333333333333,2.23919106111719,19,-1.39931486318547,0.999990929647279,"NANA OrderNA SexNA - NANA OrderNA SexNA"
"PR X3 Order1 F - NR X5 Order1 M",-2.13333333333333,2.82743452000436,19,-0.754512020787679,1,"NANA OrderNA SexNA - NANA OrderNA SexNA"
"PR X3 Order1 F - PR X5 Order1 M",-3.46666666666667,2.27924784967189,19,-1.5209695896678,0.999939436360015,"NANA OrderNA SexNA - NANA OrderNA SexNA"
"PR X3 Order1 F - NR X6 Order1 M",-2.46666666666666,2.84963319687379,19,-0.865608482303173,1,"NANA OrderNA SexNA - NANA OrderNA SexNA"
"PR X3 Order1 F - PR X6 Order1 M",-2.13333333333333,2.40496562327257,19,-0.887053566458214,1,"NANA OrderNA SexNA - NANA OrderNA SexNA"
"PR X3 Order1 F - NR X0 Order2 M",-13.1333333333333,2.80328754369429,19,-4.68497545422175,0.057093335163794,"NANA OrderNA SexNA - NANA OrderNA SexNA"
"PR X3 Order1 F - PR X0 Order2 M",3.36666666666667,1.8363452133763,19,1.83335172610422,0.997911788290516,"NANA OrderNA SexNA - NANA OrderNA SexNA"
"PR X3 Order1 F - NR X1 Order2 M",-9.46666666666667,2.7210893931255,19,-3.4789987754842,0.39337289030875,"NANA OrderNA SexNA - NANA OrderNA SexNA"
"PR X3 Order1 F - PR X1 Order2 M",5.7,1.95121794323143,19,2.92125234896117,0.706683520319326,"NANA OrderNA SexNA - NANA OrderNA SexNA"
"PR X3 Order1 F - NR X2 Order2 M",-6.29999999999999,2.44218529310287,19,-2.57965684167873,0.87347266936256,"NANA OrderNA SexNA - NANA OrderNA SexNA"
"PR X3 Order1 F - PR X2 Order2 M",4.7,2.00997512422418,19,2.33833739699347,0.948158783334267,"NANA OrderNA SexNA - NANA OrderNA SexNA"
"PR X3 Order1 F - NR X3 Order2 M",-9.13333333333333,2.61813290018687,19,-3.48849110474163,0.388598817619734,"NANA OrderNA SexNA - NANA OrderNA SexNA"
"PR X3 Order1 F - PR X3 Order2 M",3.86666666666667,2.08978299889155,19,1.85027185536374,0.997575766246648,"NANA OrderNA SexNA - NANA OrderNA SexNA"
"PR X3 Order1 F - NR X4 Order2 M",-7.3,2.66627190060452,19,-2.73790531203697,0.80346825678581,"NANA OrderNA SexNA - NANA OrderNA SexNA"
"PR X3 Order1 F - PR X4 Order2 M",0.200000000000003,2.23919106111719,19,0.0893179699905635,1,"NANA OrderNA SexNA - NANA OrderNA SexNA"
"PR X3 Order1 F - NR X5 Order2 M",-5.63333333333333,2.82743452000436,19,-1.99238330489247,0.992573458482938,"NANA OrderNA SexNA - NANA OrderNA SexNA"
"PR X3 Order1 F - PR X5 Order2 M",-1.8,2.27924784967189,19,-0.789734210019818,1,"NANA OrderNA SexNA - NANA OrderNA SexNA"
"PR X3 Order1 F - NR X6 Order2 M",-8.3,2.84963319687379,19,-2.91265556883095,0.711488032192386,"NANA OrderNA SexNA - NANA OrderNA SexNA"
"PR X3 Order1 F - PR X6 Order2 M",-3.96666666666667,2.40496562327257,19,-1.64936522513324,0.999682760095281,"NANA OrderNA SexNA - NANA OrderNA SexNA"
"NR X4 Order1 F - PR X4 Order1 F",2.2,1.99464194562033,19,1.10295484602165,1,"NANA OrderNA SexNA - NANA OrderNA SexNA"
"NR X4 Order1 F - NR X5 Order1 F",-0.599999999999995,1.76575613742162,19,-0.339797771212125,1,"NANA OrderNA SexNA - NANA OrderNA SexNA"
"NR X4 Order1 F - PR X5 Order1 F",2.6,2.06779821880284,19,1.2573760710101,0.999999406877691,"NANA OrderNA SexNA - NANA OrderNA SexNA"
"NR X4 Order1 F - NR X6 Order1 F",-1.39999999999999,1.48690187738884,19,-0.941555069160681,1,"NANA OrderNA SexNA - NANA OrderNA SexNA"
"NR X4 Order1 F - PR X6 Order1 F",3.8,1.89681172941389,19,2.00336171538448,0.99197599285541,"NANA OrderNA SexNA - NANA OrderNA SexNA"
"NR X4 Order1 F - NR X0 Order2 F",3.76666666666667,3.33895140593991,19,1.12809867791603,1,"NANA OrderNA SexNA - NANA OrderNA SexNA"
"NR X4 Order1 F - PR X0 Order2 F",7.93333333333334,2.58115074749356,19,3.07356451033984,0.619235354483284,"NANA OrderNA SexNA - NANA OrderNA SexNA"
"NR X4 Order1 F - NR X1 Order2 F",1.6,3.27024508622467,19,0.489259966092364,1,"NANA OrderNA SexNA - NANA OrderNA SexNA"
"NR X4 Order1 F - PR X1 Order2 F",8.43333333333334,2.6640996416397,19,3.16554726464464,0.565667427591957,"NANA OrderNA SexNA - NANA OrderNA SexNA"
"NR X4 Order1 F - NR X2 Order2 F",3.76666666666667,3.04211183956876,19,1.23817494730918,0.999999610000266,"NANA OrderNA SexNA - NANA OrderNA SexNA"
"NR X4 Order1 F - PR X2 Order2 F",7.1,2.70742967380438,19,2.62241345313444,0.856071932099272,"NANA OrderNA SexNA - NANA OrderNA SexNA"
"NR X4 Order1 F - NR X3 Order2 F",3.60000000000001,3.18508953118078,19,1.13026650106925,1,"NANA OrderNA SexNA - NANA OrderNA SexNA"
"NR X4 Order1 F - PR X3 Order2 F",8.43333333333334,2.76719504571915,19,3.04761073722638,0.634338443036309,"NANA OrderNA SexNA - NANA OrderNA SexNA"
"NR X4 Order1 F - NR X4 Order2 F",2.93333333333334,3.22477616068925,19,0.909623858266918,1,"NANA OrderNA SexNA - NANA OrderNA SexNA"
"NR X4 Order1 F - PR X4 Order2 F",7.1,2.88169256631994,19,2.46382979328952,0.914392516947961,"NANA OrderNA SexNA - NANA OrderNA SexNA"
"NR X4 Order1 F - NR X5 Order2 F",1.76666666666667,3.35925012517805,19,0.525911022053778,1,"NANA OrderNA SexNA - NANA OrderNA SexNA"
"NR X4 Order1 F - PR X5 Order2 F",5.93333333333334,2.91292742766283,19,2.03689706684313,0.98991089639691,"NANA OrderNA SexNA - NANA OrderNA SexNA"
"NR X4 Order1 F - NR X6 Order2 F",-0.733333333333329,3.37795571245711,19,-0.217093827082743,1,"NANA OrderNA SexNA - NANA OrderNA SexNA"
"NR X4 Order1 F - PR X6 Order2 F",5.76666666666667,3.01231390922648,19,1.91436445219199,0.995867942548064,"NANA OrderNA SexNA - NANA OrderNA SexNA"
"NR X4 Order1 F - NR X0 Order1 M",2.93333333333334,3.33895140593991,19,0.878519324394785,1,"NANA OrderNA SexNA - NANA OrderNA SexNA"
"NR X4 Order1 F - PR X0 Order1 M",6.1,2.58115074749356,19,2.36328699744618,0.942311007024813,"NANA OrderNA SexNA - NANA OrderNA SexNA"
"NR X4 Order1 F - NR X1 Order1 M",1.6,3.27024508622467,19,0.489259966092365,1,"NANA OrderNA SexNA - NANA OrderNA SexNA"
"NR X4 Order1 F - PR X1 Order1 M",5.93333333333334,2.6640996416397,19,2.22714392532311,0.969321618335139,"NANA OrderNA SexNA - NANA OrderNA SexNA"
"NR X4 Order1 F - NR X2 Order1 M",2.76666666666667,3.04211183956876,19,0.909455934749218,1,"NANA OrderNA SexNA - NANA OrderNA SexNA"
"NR X4 Order1 F - PR X2 Order1 M",4.6,2.70742967380438,19,1.69902843442513,0.99944467907587,"NANA OrderNA SexNA - NANA OrderNA SexNA"
"NR X4 Order1 F - NR X3 Order1 M",1.26666666666667,3.18508953118078,19,0.397686361487331,1,"NANA OrderNA SexNA - NANA OrderNA SexNA"
"NR X4 Order1 F - PR X3 Order1 M",1.93333333333334,2.76719504571915,19,0.698661750036087,1,"NANA OrderNA SexNA - NANA OrderNA SexNA"
"NR X4 Order1 F - NR X4 Order1 M",1.43333333333334,3.22477616068925,19,0.444475294380426,1,"NANA OrderNA SexNA - NANA OrderNA SexNA"
"NR X4 Order1 F - PR X4 Order1 M",0.26666666666667,2.88169256631994,19,0.0925382081986684,1,"NANA OrderNA SexNA - NANA OrderNA SexNA"
"NR X4 Order1 F - NR X5 Order1 M",1.26666666666667,3.35925012517805,19,0.377068279963086,1,"NANA OrderNA SexNA - NANA OrderNA SexNA"
"NR X4 Order1 F - PR X5 Order1 M",-0.0666666666666634,2.91292742766283,19,-0.0228864838971127,1,"NANA OrderNA SexNA - NANA OrderNA SexNA"
"NR X4 Order1 F - NR X6 Order1 M",0.933333333333339,3.37795571245711,19,0.276301234468949,1,"NANA OrderNA SexNA - NANA OrderNA SexNA"
"NR X4 Order1 F - PR X6 Order1 M",1.26666666666667,3.01231390922648,19,0.420496238053734,1,"NANA OrderNA SexNA - NANA OrderNA SexNA"
"NR X4 Order1 F - NR X0 Order2 M",-9.73333333333333,3.33895140593991,19,-2.91508684912814,0.710131266836849,"NANA OrderNA SexNA - NANA OrderNA SexNA"
"NR X4 Order1 F - PR X0 Order2 M",6.76666666666667,2.58115074749356,19,2.62156972940751,0.856426743466643,"NANA OrderNA SexNA - NANA OrderNA SexNA"
"NR X4 Order1 F - NR X1 Order2 M",-6.06666666666667,3.27024508622467,19,-1.85511070476688,0.997471771865309,"NANA OrderNA SexNA - NANA OrderNA SexNA"
"NR X4 Order1 F - PR X1 Order2 M",9.1,2.6640996416397,19,3.41578815513039,0.425967243056434,"NANA OrderNA SexNA - NANA OrderNA SexNA"
"NR X4 Order1 F - NR X2 Order2 M",-2.89999999999999,3.04211183956876,19,-0.953285136423875,1,"NANA OrderNA SexNA - NANA OrderNA SexNA"
"NR X4 Order1 F - PR X2 Order2 M",8.1,2.70742967380438,19,2.99176746061817,0.666632251157252,"NANA OrderNA SexNA - NANA OrderNA SexNA"
"NR X4 Order1 F - NR X3 Order2 M",-5.73333333333333,3.18508953118078,19,-1.80005405725843,0.998460012472872,"NANA OrderNA SexNA - NANA OrderNA SexNA"
"NR X4 Order1 F - PR X3 Order2 M",7.26666666666667,2.76719504571915,19,2.62600450875633,0.854556726370728,"NANA OrderNA SexNA - NANA OrderNA SexNA"
"NR X4 Order1 F - NR X4 Order2 M",-3.9,3.22477616068925,19,-1.20938626610488,0.999999797196244,"NANA OrderNA SexNA - NANA OrderNA SexNA"
"NR X4 Order1 F - PR X4 Order2 M",3.6,2.88169256631994,19,1.24926581068201,0.999999502338237,"NANA OrderNA SexNA - NANA OrderNA SexNA"
"NR X4 Order1 F - NR X5 Order2 M",-2.23333333333333,3.35925012517805,19,-0.664830914671754,1,"NANA OrderNA SexNA - NANA OrderNA SexNA"
"NR X4 Order1 F - PR X5 Order2 M",1.6,2.91292742766283,19,0.549275613530734,1,"NANA OrderNA SexNA - NANA OrderNA SexNA"
"NR X4 Order1 F - NR X6 Order2 M",-4.9,3.37795571245711,19,-1.45058148096197,0.99997890756463,"NANA OrderNA SexNA - NANA OrderNA SexNA"
"NR X4 Order1 F - PR X6 Order2 M",-0.566666666666666,3.01231390922648,19,-0.18811673807667,1,"NANA OrderNA SexNA - NANA OrderNA SexNA"
"PR X4 Order1 F - NR X5 Order1 F",-2.8,2.20278930035407,19,-1.27111567118559,0.999999205717848,"NANA OrderNA SexNA - NANA OrderNA SexNA"
"PR X4 Order1 F - PR X5 Order1 F",0.400000000000002,1.63953352373125,19,0.243971833579641,1,"NANA OrderNA SexNA - NANA OrderNA SexNA"
"PR X4 Order1 F - NR X6 Order1 F",-3.6,2.39487757442656,19,-1.50320836373525,0.999953091721771,"NANA OrderNA SexNA - NANA OrderNA SexNA"
"PR X4 Order1 F - PR X6 Order1 F",1.6,1.62664222012116,19,0.983621339842526,1,"NANA OrderNA SexNA - NANA OrderNA SexNA"
"PR X4 Order1 F - NR X0 Order2 F",1.56666666666667,2.93846242166014,19,0.533158653014712,1,"NANA OrderNA SexNA - NANA OrderNA SexNA"
"PR X4 Order1 F - PR X0 Order2 F",5.73333333333333,2.03673859234985,19,2.81495787179964,0.764437834832458,"NANA OrderNA SexNA - NANA OrderNA SexNA"
"PR X4 Order1 F - NR X1 Order2 F",-0.600000000000001,2.86015171560134,19,-0.20977908155262,1,"NANA OrderNA SexNA - NANA OrderNA SexNA"
"PR X4 Order1 F - PR X1 Order2 F",6.23333333333333,2.14088575427684,19,2.91156747663019,0.712094713919766,"NANA OrderNA SexNA - NANA OrderNA SexNA"
"PR X4 Order1 F - NR X2 Order2 F",1.56666666666667,2.5962298351119,19,0.603439127568283,1,"NANA OrderNA SexNA - NANA OrderNA SexNA"
"PR X4 Order1 F - PR X2 Order2 F",4.9,2.19457065297,19,2.23278297892511,0.968430754178216,"NANA OrderNA SexNA - NANA OrderNA SexNA"
"PR X4 Order1 F - NR X3 Order2 F",1.4,2.76238307153771,19,0.506808782034954,1,"NANA OrderNA SexNA - NANA OrderNA SexNA"
"PR X4 Order1 F - PR X3 Order2 F",6.23333333333333,2.26789182575654,19,2.7485143967367,0.79826358802406,"NANA OrderNA SexNA - NANA OrderNA SexNA"
"PR X4 Order1 F - NR X4 Order2 F",0.733333333333332,2.80805024862989,19,0.261153921191809,1,"NANA OrderNA SexNA - NANA OrderNA SexNA"
"PR X4 Order1 F - PR X4 Order2 F",4.9,2.40626618624464,19,2.03634993834461,0.989947649285668,"NANA OrderNA SexNA - NANA OrderNA SexNA"
"PR X4 Order1 F - NR X5 Order2 F",-0.433333333333333,2.96150743976602,19,-0.146321879025085,1,"NANA OrderNA SexNA - NANA OrderNA SexNA"
"PR X4 Order1 F - PR X5 Order2 F",3.73333333333334,2.44358570774817,19,1.52780944883399,0.999933297162115,"NANA OrderNA SexNA - NANA OrderNA SexNA"
"PR X4 Order1 F - NR X6 Order2 F",-2.93333333333333,2.98270845165972,19,-0.983446213692486,1,"NANA OrderNA SexNA - NANA OrderNA SexNA"
"PR X4 Order1 F - PR X6 Order2 F",3.56666666666667,2.56124969497314,19,1.39254937684007,0.999991927191534,"NANA OrderNA SexNA - NANA OrderNA SexNA"
"PR X4 Order1 F - NR X0 Order1 M",0.733333333333338,2.93846242166014,19,0.249563624815398,1,"NANA OrderNA SexNA - NANA OrderNA SexNA"
"PR X4 Order1 F - PR X0 Order1 M",3.9,2.03673859234985,19,1.91482599418929,0.995852772729644,"NANA OrderNA SexNA - NANA OrderNA SexNA"
"PR X4 Order1 F - NR X1 Order1 M",-0.599999999999999,2.86015171560134,19,-0.209779081552619,1,"NANA OrderNA SexNA - NANA OrderNA SexNA"
"PR X4 Order1 F - PR X1 Order1 M",3.73333333333333,2.14088575427684,19,1.74382651006728,0.999110619362215,"NANA OrderNA SexNA - NANA OrderNA SexNA"
"PR X4 Order1 F - NR X2 Order1 M",0.56666666666667,2.5962298351119,19,0.218265216354486,1,"NANA OrderNA SexNA - NANA OrderNA SexNA"
"PR X4 Order1 F - PR X2 Order1 M",2.4,2.19457065297,19,1.09360798967761,1,"NANA OrderNA SexNA - NANA OrderNA SexNA"
"PR X4 Order1 F - NR X3 Order1 M",-0.933333333333329,2.76238307153771,19,-0.337872521356634,1,"NANA OrderNA SexNA - NANA OrderNA SexNA"
"PR X4 Order1 F - PR X3 Order1 M",-0.266666666666668,2.26789182575654,19,-0.11758350360371,1,"NANA OrderNA SexNA - NANA OrderNA SexNA"
"PR X4 Order1 F - NR X4 Order1 M",-0.766666666666668,2.80805024862989,19,-0.273024553973256,1,"NANA OrderNA SexNA - NANA OrderNA SexNA"
"PR X4 Order1 F - PR X4 Order1 M",-1.93333333333333,2.40626618624464,19,-0.803457798802636,1,"NANA OrderNA SexNA - NANA OrderNA SexNA"
"PR X4 Order1 F - NR X5 Order1 M",-0.933333333333332,2.96150743976602,19,-0.315154816361722,1,"NANA OrderNA SexNA - NANA OrderNA SexNA"
"PR X4 Order1 F - PR X5 Order1 M",-2.26666666666667,2.44358570774817,19,-0.92759859393492,1,"NANA OrderNA SexNA - NANA OrderNA SexNA"
"PR X4 Order1 F - NR X6 Order1 M",-1.26666666666666,2.98270845165972,19,-0.424669955912664,1,"NANA OrderNA SexNA - NANA OrderNA SexNA"
"PR X4 Order1 F - PR X6 Order1 M",-0.933333333333334,2.56124969497314,19,-0.364405444406748,1,"NANA OrderNA SexNA - NANA OrderNA SexNA"
"PR X4 Order1 F - NR X0 Order2 M",-11.9333333333333,2.93846242166014,19,-4.06108080381419,0.167658251636855,"NANA OrderNA SexNA - NANA OrderNA SexNA"
"PR X4 Order1 F - PR X0 Order2 M",4.56666666666667,2.03673859234985,19,2.24214667695669,0.966910460495228,"NANA OrderNA SexNA - NANA OrderNA SexNA"
"PR X4 Order1 F - NR X1 Order2 M",-8.26666666666667,2.86015171560134,19,-2.89028956805832,0.723890546442038,"NANA OrderNA SexNA - NANA OrderNA SexNA"
"PR X4 Order1 F - PR X1 Order2 M",6.9,2.14088575427684,19,3.22296506771364,0.532524816057529,"NANA OrderNA SexNA - NANA OrderNA SexNA"
"PR X4 Order1 F - NR X2 Order2 M",-5.1,2.5962298351119,19,-1.96438694719036,0.993937274984669,"NANA OrderNA SexNA - NANA OrderNA SexNA"
"PR X4 Order1 F - PR X2 Order2 M",5.9,2.19457065297,19,2.68845297462412,0.826937743545507,"NANA OrderNA SexNA - NANA OrderNA SexNA"
"PR X4 Order1 F - NR X3 Order2 M",-7.93333333333333,2.76238307153771,19,-2.8719164315314,0.73396465009191,"NANA OrderNA SexNA - NANA OrderNA SexNA"
"PR X4 Order1 F - PR X3 Order2 M",5.06666666666667,2.26789182575654,19,2.23408656847047,0.96822218192564,"NANA OrderNA SexNA - NANA OrderNA SexNA"
"PR X4 Order1 F - NR X4 Order2 M",-6.1,2.80805024862989,19,-2.1723257990046,0.977054455679086,"NANA OrderNA SexNA - NANA OrderNA SexNA"
"PR X4 Order1 F - PR X4 Order2 M",1.4,2.40626618624464,19,0.581814268098461,1,"NANA OrderNA SexNA - NANA OrderNA SexNA"
"PR X4 Order1 F - NR X5 Order2 M",-4.43333333333333,2.96150743976602,19,-1.49698537771818,0.999957179286758,"NANA OrderNA SexNA - NANA OrderNA SexNA"
"PR X4 Order1 F - PR X5 Order2 M",-0.599999999999998,2.44358570774817,19,-0.24554080427689,1,"NANA OrderNA SexNA - NANA OrderNA SexNA"
"PR X4 Order1 F - NR X6 Order2 M",-7.1,2.98270845165972,19,-2.38038685814204,0.938058640568828,"NANA OrderNA SexNA - NANA OrderNA SexNA"
"PR X4 Order1 F - PR X6 Order2 M",-2.76666666666667,2.56124969497314,19,-1.08020185306286,1,"NANA OrderNA SexNA - NANA OrderNA SexNA"
"NR X5 Order1 F - PR X5 Order1 F",3.2,2.20477949726927,19,1.45139230656098,0.999978635545446,"NANA OrderNA SexNA - NANA OrderNA SexNA"
"NR X5 Order1 F - NR X6 Order1 F",-0.8,1.50426294827196,19,-0.531821913794399,1,"NANA OrderNA SexNA - NANA OrderNA SexNA"
"NR X5 Order1 F - PR X6 Order1 F",4.4,2.48052060183752,19,1.7738211876735,0.998801298821338,"NANA OrderNA SexNA - NANA OrderNA SexNA"
"NR X5 Order1 F - NR X0 Order2 F",4.36666666666667,3.49443166073955,19,1.24960711515031,0.999999498625872,"NANA OrderNA SexNA - NANA OrderNA SexNA"
"NR X5 Order1 F - PR X0 Order2 F",8.53333333333333,2.77935160093814,19,3.07026046307095,0.62115997134592,"NANA OrderNA SexNA - NANA OrderNA SexNA"
"NR X5 Order1 F - NR X1 Order2 F",2.2,3.42884223380538,19,0.641615988717685,1,"NANA OrderNA SexNA - NANA OrderNA SexNA"
"NR X5 Order1 F - PR X1 Order2 F",9.03333333333333,2.85655089941273,19,3.16232185296977,0.567539574869902,"NANA OrderNA SexNA - NANA OrderNA SexNA"
"NR X5 Order1 F - NR X2 Order2 F",4.36666666666667,3.21199324171072,19,1.35948812405999,0.999995514027083,"NANA OrderNA SexNA - NANA OrderNA SexNA"
"NR X5 Order1 F - PR X2 Order2 F",7.7,2.89700389695067,19,2.65791841291787,0.840736948200486,"NANA OrderNA SexNA - NANA OrderNA SexNA"
"NR X5 Order1 F - NR X3 Order2 F",4.2,3.34772332518509,19,1.2545839640938,0.99999944150335,"NANA OrderNA SexNA - NANA OrderNA SexNA"
"NR X5 Order1 F - PR X3 Order2 F",9.03333333333333,2.95293490639457,19,3.05910344104493,0.627655272280887,"NANA OrderNA SexNA - NANA OrderNA SexNA"
"NR X5 Order1 F - NR X4 Order2 F",3.53333333333333,3.38550401371798,19,1.04366538010776,1,"NANA OrderNA SexNA - NANA OrderNA SexNA"
"NR X5 Order1 F - PR X4 Order2 F",7.7,3.06049149437382,19,2.51593576200264,0.897134615445102,"NANA OrderNA SexNA - NANA OrderNA SexNA"
"NR X5 Order1 F - NR X5 Order2 F",2.36666666666667,3.51383231584258,19,0.673528630263952,1,"NANA OrderNA SexNA - NANA OrderNA SexNA"
"NR X5 Order1 F - PR X5 Order2 F",6.53333333333333,3.0899194713101,19,2.11440246064512,0.983541394650279,"NANA OrderNA SexNA - NANA OrderNA SexNA"
"NR X5 Order1 F - NR X6 Order2 F",-0.133333333333334,3.5317192605971,19,-0.0377530951627202,1,"NANA OrderNA SexNA - NANA OrderNA SexNA"
"NR X5 Order1 F - PR X6 Order2 F",6.36666666666666,3.18378567558656,19,1.9997158462916,0.99217849664468,"NANA OrderNA SexNA - NANA OrderNA SexNA"
"NR X5 Order1 F - NR X0 Order1 M",3.53333333333334,3.49443166073955,19,1.01113247485445,1,"NANA OrderNA SexNA - NANA OrderNA SexNA"
"NR X5 Order1 F - PR X0 Order1 M",6.7,2.77935160093814,19,2.41063419170805,0.930042545352395,"NANA OrderNA SexNA - NANA OrderNA SexNA"
"NR X5 Order1 F - NR X1 Order1 M",2.2,3.42884223380538,19,0.641615988717686,1,"NANA OrderNA SexNA - NANA OrderNA SexNA"
"NR X5 Order1 F - PR X1 Order1 M",6.53333333333333,2.85655089941273,19,2.28714052834714,0.958868097913298,"NANA OrderNA SexNA - NANA OrderNA SexNA"
"NR X5 Order1 F - NR X2 Order1 M",3.36666666666667,3.21199324171072,19,1.04815496587831,1,"NANA OrderNA SexNA - NANA OrderNA SexNA"
"NR X5 Order1 F - PR X2 Order1 M",5.2,2.89700389695067,19,1.79495788924323,0.99853207429109,"NANA OrderNA SexNA - NANA OrderNA SexNA"
"NR X5 Order1 F - NR X3 Order1 M",1.86666666666667,3.34772332518509,19,0.55759287293058,1,"NANA OrderNA SexNA - NANA OrderNA SexNA"
"NR X5 Order1 F - PR X3 Order1 M",2.53333333333333,2.95293490639457,19,0.857903548042121,1,"NANA OrderNA SexNA - NANA OrderNA SexNA"
"NR X5 Order1 F - NR X4 Order1 M",2.03333333333333,3.38550401371798,19,0.600599888552579,1,"NANA OrderNA SexNA - NANA OrderNA SexNA"
"NR X5 Order1 F - PR X4 Order1 M",0.866666666666665,3.06049149437382,19,0.283178916935362,1,"NANA OrderNA SexNA - NANA OrderNA SexNA"
"NR X5 Order1 F - NR X5 Order1 M",1.86666666666667,3.51383231584258,19,0.531233849222272,1,"NANA OrderNA SexNA - NANA OrderNA SexNA"
"NR X5 Order1 F - PR X5 Order1 M",0.533333333333331,3.0899194713101,19,0.172604282501642,1,"NANA OrderNA SexNA - NANA OrderNA SexNA"
"NR X5 Order1 F - NR X6 Order1 M",1.53333333333333,3.5317192605971,19,0.43416059437128,1,"NANA OrderNA SexNA - NANA OrderNA SexNA"
"NR X5 Order1 F - PR X6 Order1 M",1.86666666666666,3.18378567558656,19,0.58630412247293,1,"NANA OrderNA SexNA - NANA OrderNA SexNA"
"NR X5 Order1 F - NR X0 Order2 M",-9.13333333333334,3.49443166073955,19,-2.61368205764264,0.859721761255359,"NANA OrderNA SexNA - NANA OrderNA SexNA"
"NR X5 Order1 F - PR X0 Order2 M",7.36666666666666,2.77935160093814,19,2.65049829038547,0.844006161148151,"NANA OrderNA SexNA - NANA OrderNA SexNA"
"NR X5 Order1 F - NR X1 Order2 M",-5.46666666666667,3.42884223380538,19,-1.59431851741971,0.999837821136761,"NANA OrderNA SexNA - NANA OrderNA SexNA"
"NR X5 Order1 F - PR X1 Order2 M",9.7,2.85655089941273,19,3.39570353953581,0.436601147111041,"NANA OrderNA SexNA - NANA OrderNA SexNA"
"NR X5 Order1 F - NR X2 Order2 M",-2.3,3.21199324171072,19,-0.716066263817856,1,"NANA OrderNA SexNA - NANA OrderNA SexNA"
"NR X5 Order1 F - PR X2 Order2 M",8.7,2.89700389695067,19,3.00310262238772,0.660108182477804,"NANA OrderNA SexNA - NANA OrderNA SexNA"
"NR X5 Order1 F - NR X3 Order2 M",-5.13333333333333,3.34772332518509,19,-1.53338040055909,0.999927892704511,"NANA OrderNA SexNA - NANA OrderNA SexNA"
"NR X5 Order1 F - PR X3 Order2 M",7.86666666666666,2.95293490639457,19,2.66401628076238,0.838025361696549,"NANA OrderNA SexNA - NANA OrderNA SexNA"
"NR X5 Order1 F - NR X4 Order2 M",-3.30000000000001,3.38550401371798,19,-0.974744081421402,1,"NANA OrderNA SexNA - NANA OrderNA SexNA"
"NR X5 Order1 F - PR X4 Order2 M",4.2,3.06049149437382,19,1.37232859745599,0.999994343499557,"NANA OrderNA SexNA - NANA OrderNA SexNA"
"NR X5 Order1 F - NR X5 Order2 M",-1.63333333333333,3.51383231584258,19,-0.464829618069489,1,"NANA OrderNA SexNA - NANA OrderNA SexNA"
"NR X5 Order1 F - PR X5 Order2 M",2.2,3.0899194713101,19,0.711992665319274,1,"NANA OrderNA SexNA - NANA OrderNA SexNA"
"NR X5 Order1 F - NR X6 Order2 M",-4.3,3.5317192605971,19,-1.21753731899772,0.999999755175021,"NANA OrderNA SexNA - NANA OrderNA SexNA"
"NR X5 Order1 F - PR X6 Order2 M",0.0333333333333285,3.18378567558656,19,0.0104697164727294,1,"NANA OrderNA SexNA - NANA OrderNA SexNA"
"PR X5 Order1 F - NR X6 Order1 F",-4,2.35491274468667,19,-1.69857673454148,0.999447398527614,"NANA OrderNA SexNA - NANA OrderNA SexNA"
"PR X5 Order1 F - PR X6 Order1 F",1.2,1.39849543212848,19,0.858065012177856,1,"NANA OrderNA SexNA - NANA OrderNA SexNA"
"PR X5 Order1 F - NR X0 Order2 F",1.16666666666667,2.97518980671232,19,0.392131844507719,1,"NANA OrderNA SexNA - NANA OrderNA SexNA"
"PR X5 Order1 F - PR X0 Order2 F",5.33333333333333,2.08937719811991,19,2.55259478189599,0.88386021560562,"NANA OrderNA SexNA - NANA OrderNA SexNA"
"PR X5 Order1 F - NR X1 Order2 F",-1,2.89787177402891,19,-0.345080831029906,1,"NANA OrderNA SexNA - NANA OrderNA SexNA"
"PR X5 Order1 F - PR X1 Order2 F",5.83333333333333,2.19102368661812,19,2.66237803313628,0.838756050949968,"NANA OrderNA SexNA - NANA OrderNA SexNA"
"PR X5 Order1 F - NR X2 Order2 F",1.16666666666667,2.63772673701831,19,0.442300049619798,1,"NANA OrderNA SexNA - NANA OrderNA SexNA"
"PR X5 Order1 F - PR X2 Order2 F",4.5,2.24350915606185,19,2.00578633157847,0.991839014196381,"NANA OrderNA SexNA - NANA OrderNA SexNA"
"PR X5 Order1 F - NR X3 Order2 F",1,2.80141985721067,19,0.35696184469674,1,"NANA OrderNA SexNA - NANA OrderNA SexNA"
"PR X5 Order1 F - PR X3 Order2 F",5.83333333333333,2.31528104466595,19,2.51949254574187,0.895887358532204,"NANA OrderNA SexNA - NANA OrderNA SexNA"
"PR X5 Order1 F - NR X4 Order2 F",0.33333333333333,2.84646081674885,19,0.117104486867328,1,"NANA OrderNA SexNA - NANA OrderNA SexNA"
"PR X5 Order1 F - PR X4 Order2 F",4.5,2.45098142414839,19,1.83599922694786,0.997861944990283,"NANA OrderNA SexNA - NANA OrderNA SexNA"
"PR X5 Order1 F - NR X5 Order2 F",-0.833333333333334,2.99795251767696,19,-0.277967488951114,1,"NANA OrderNA SexNA - NANA OrderNA SexNA"
"PR X5 Order1 F - PR X5 Order2 F",3.33333333333333,2.48763021640421,19,1.33996335602948,0.999996875564322,"NANA OrderNA SexNA - NANA OrderNA SexNA"
"PR X5 Order1 F - NR X6 Order2 F",-3.33333333333333,3.01889759515928,19,-1.10415581458551,1,"NANA OrderNA SexNA - NANA OrderNA SexNA"
"PR X5 Order1 F - PR X6 Order2 F",3.16666666666666,2.60330424316025,19,1.21640283688953,0.999999761472126,"NANA OrderNA SexNA - NANA OrderNA SexNA"
"PR X5 Order1 F - NR X0 Order1 M",0.333333333333336,2.97518980671232,19,0.112037669859349,1,"NANA OrderNA SexNA - NANA OrderNA SexNA"
"PR X5 Order1 F - PR X0 Order1 M",3.5,2.08937719811991,19,1.67514032561924,0.999573600698883,"NANA OrderNA SexNA - NANA OrderNA SexNA"
"PR X5 Order1 F - NR X1 Order1 M",-1,2.89787177402891,19,-0.345080831029905,1,"NANA OrderNA SexNA - NANA OrderNA SexNA"
"PR X5 Order1 F - PR X1 Order1 M",3.33333333333333,2.19102368661812,19,1.52135887607787,0.999939100951193,"NANA OrderNA SexNA - NANA OrderNA SexNA"
"PR X5 Order1 F - NR X2 Order1 M",0.166666666666668,2.63772673701831,19,0.0631857213742574,1,"NANA OrderNA SexNA - NANA OrderNA SexNA"
"PR X5 Order1 F - PR X2 Order1 M",2,2.24350915606185,19,0.891460591812653,1,"NANA OrderNA SexNA - NANA OrderNA SexNA"
"PR X5 Order1 F - NR X3 Order1 M",-1.33333333333333,2.80141985721067,19,-0.475949126262319,1,"NANA OrderNA SexNA - NANA OrderNA SexNA"
"PR X5 Order1 F - PR X3 Order1 M",-0.66666666666667,2.31528104466595,19,-0.287942005227644,1,"NANA OrderNA SexNA - NANA OrderNA SexNA"
"PR X5 Order1 F - NR X4 Order1 M",-1.16666666666667,2.84646081674885,19,-0.409865704035653,1,"NANA OrderNA SexNA - NANA OrderNA SexNA"
"PR X5 Order1 F - PR X4 Order1 M",-2.33333333333333,2.45098142414839,19,-0.951999599158149,1,"NANA OrderNA SexNA - NANA OrderNA SexNA"
"PR X5 Order1 F - NR X5 Order1 M",-1.33333333333333,2.99795251767696,19,-0.444747982321782,1,"NANA OrderNA SexNA - NANA OrderNA SexNA"
"PR X5 Order1 F - PR X5 Order1 M",-2.66666666666667,2.48763021640421,19,-1.07197068482359,1,"NANA OrderNA SexNA - NANA OrderNA SexNA"
"PR X5 Order1 F - NR X6 Order1 M",-1.66666666666667,3.01889759515928,19,-0.552077907292755,1,"NANA OrderNA SexNA - NANA OrderNA SexNA"
"PR X5 Order1 F - PR X6 Order1 M",-1.33333333333334,2.60330424316025,19,-0.512169615532433,1,"NANA OrderNA SexNA - NANA OrderNA SexNA"
"PR X5 Order1 F - NR X0 Order2 M",-12.3333333333333,2.97518980671232,19,-4.14539378479589,0.146059876693431,"NANA OrderNA SexNA - NANA OrderNA SexNA"
"PR X5 Order1 F - PR X0 Order2 M",4.16666666666666,2.08937719811991,19,1.99421467335624,0.992476340249075,"NANA OrderNA SexNA - NANA OrderNA SexNA"
"PR X5 Order1 F - NR X1 Order2 M",-8.66666666666667,2.89787177402891,19,-2.99070053559251,0.667245333658059,"NANA OrderNA SexNA - NANA OrderNA SexNA"
"PR X5 Order1 F - PR X1 Order2 M",6.5,2.19102368661812,19,2.96664980835185,0.681014526848418,"NANA OrderNA SexNA - NANA OrderNA SexNA"
"PR X5 Order1 F - NR X2 Order2 M",-5.5,2.63772673701831,19,-2.08512880535047,0.986232785248323,"NANA OrderNA SexNA - NANA OrderNA SexNA"
"PR X5 Order1 F - PR X2 Order2 M",5.5,2.24350915606185,19,2.4515166274848,0.918192022404815,"NANA OrderNA SexNA - NANA OrderNA SexNA"
"PR X5 Order1 F - NR X3 Order2 M",-8.33333333333333,2.80141985721067,19,-2.9746820391395,0.67642742557631,"NANA OrderNA SexNA - NANA OrderNA SexNA"
"PR X5 Order1 F - PR X3 Order2 M",4.66666666666666,2.31528104466595,19,2.0155940365935,0.991265832186772,"NANA OrderNA SexNA - NANA OrderNA SexNA"
"PR X5 Order1 F - NR X4 Order2 M",-6.50000000000001,2.84646081674885,19,-2.28353749391292,0.959558208037727,"NANA OrderNA SexNA - NANA OrderNA SexNA"
"PR X5 Order1 F - PR X4 Order2 M",1,2.45098142414839,19,0.407999828210635,1,"NANA OrderNA SexNA - NANA OrderNA SexNA"
"PR X5 Order1 F - NR X5 Order2 M",-4.83333333333333,2.99795251767696,19,-1.61221143591646,0.999797063307537,"NANA OrderNA SexNA - NANA OrderNA SexNA"
"PR X5 Order1 F - PR X5 Order2 M",-1,2.48763021640421,19,-0.401989006808845,1,"NANA OrderNA SexNA - NANA OrderNA SexNA"
"PR X5 Order1 F - NR X6 Order2 M",-7.5,3.01889759515928,19,-2.4843505828174,0.907823224070368,"NANA OrderNA SexNA - NANA OrderNA SexNA"
"PR X5 Order1 F - PR X6 Order2 M",-3.16666666666667,2.60330424316025,19,-1.21640283688953,0.999999761472126,"NANA OrderNA SexNA - NANA OrderNA SexNA"
"NR X6 Order1 F - PR X6 Order1 F",5.2,2.30552349727589,19,2.25545304836151,0.964660589617962,"NANA OrderNA SexNA - NANA OrderNA SexNA"
"NR X6 Order1 F - NR X0 Order2 F",5.16666666666667,3.51600351276195,19,1.46947141773703,0.999971687683734,"NANA OrderNA SexNA - NANA OrderNA SexNA"
"NR X6 Order1 F - PR X0 Order2 F",9.33333333333333,2.80642537613471,19,3.32570158918251,0.474599955166631,"NANA OrderNA SexNA - NANA OrderNA SexNA"
"NR X6 Order1 F - NR X1 Order2 F",3,3.4508241239598,19,0.869357548294149,1,"NANA OrderNA SexNA - NANA OrderNA SexNA"
"NR X6 Order1 F - PR X1 Order2 F",9.83333333333333,2.88289977472529,19,3.41091751421374,0.428534272920355,"NANA OrderNA SexNA - NANA OrderNA SexNA"
"NR X6 Order1 F - NR X2 Order2 F",5.16666666666667,3.23544875635062,19,1.59689336959067,0.999832441172903,"NANA OrderNA SexNA - NANA OrderNA SexNA"
"NR X6 Order1 F - PR X2 Order2 F",8.5,2.9229881370137,19,2.90798306444176,0.714090936746076,"NANA OrderNA SexNA - NANA OrderNA SexNA"
"NR X6 Order1 F - NR X3 Order2 F",5,3.37023434380515,19,1.48357635996159,0.999964921875737,"NANA OrderNA SexNA - NANA OrderNA SexNA"
"NR X6 Order1 F - PR X3 Order2 F",9.83333333333333,2.97843123667124,19,3.30151430466573,0.488033330905758,"NANA OrderNA SexNA - NANA OrderNA SexNA"
"NR X6 Order1 F - NR X4 Order2 F",4.33333333333333,3.4077654697875,19,1.27160550564636,0.999999197501059,"NANA OrderNA SexNA - NANA OrderNA SexNA"
"NR X6 Order1 F - PR X4 Order2 F",8.5,3.0850990676654,19,2.75517894679221,0.79496492934386,"NANA OrderNA SexNA - NANA OrderNA SexNA"
"NR X6 Order1 F - NR X5 Order2 F",3.16666666666667,3.53528578958407,19,0.895731450056043,1,"NANA OrderNA SexNA - NANA OrderNA SexNA"
"NR X6 Order1 F - PR X5 Order2 F",7.33333333333333,3.11429452835738,19,2.35473339678032,0.944363189870142,"NANA OrderNA SexNA - NANA OrderNA SexNA"
"NR X6 Order1 F - NR X6 Order2 F",0.666666666666666,3.55306473426083,19,0.187631443986443,1,"NANA OrderNA SexNA - NANA OrderNA SexNA"
"NR X6 Order1 F - PR X6 Order2 F",7.16666666666666,3.20744747396518,19,2.23438317379737,0.968174587064968,"NANA OrderNA SexNA - NANA OrderNA SexNA"
"NR X6 Order1 F - NR X0 Order1 M",4.33333333333334,3.51600351276195,19,1.23245989874718,0.999999656637459,"NANA OrderNA SexNA - NANA OrderNA SexNA"
"NR X6 Order1 F - PR X0 Order1 M",7.5,2.80642537613471,19,2.67243877702166,0.834243489570826,"NANA OrderNA SexNA - NANA OrderNA SexNA"
"NR X6 Order1 F - NR X1 Order1 M",3,3.4508241239598,19,0.86935754829415,1,"NANA OrderNA SexNA - NANA OrderNA SexNA"
"NR X6 Order1 F - PR X1 Order1 M",7.33333333333333,2.88289977472529,19,2.54373509534584,0.887153044380457,"NANA OrderNA SexNA - NANA OrderNA SexNA"
"NR X6 Order1 F - NR X2 Order1 M",4.16666666666667,3.23544875635062,19,1.28781723354086,0.999998876989851,"NANA OrderNA SexNA - NANA OrderNA SexNA"
"NR X6 Order1 F - PR X2 Order1 M",6,2.9229881370137,19,2.05269392784124,0.988803384984486,"NANA OrderNA SexNA - NANA OrderNA SexNA"
"NR X6 Order1 F - NR X3 Order1 M",2.66666666666667,3.37023434380515,19,0.791240725312851,1,"NANA OrderNA SexNA - NANA OrderNA SexNA"
"NR X6 Order1 F - PR X3 Order1 M",3.33333333333333,2.97843123667124,19,1.11915739141211,1,"NANA OrderNA SexNA - NANA OrderNA SexNA"
"NR X6 Order1 F - NR X4 Order1 M",2.83333333333333,3.4077654697875,19,0.831434369076464,1,"NANA OrderNA SexNA - NANA OrderNA SexNA"
"NR X6 Order1 F - PR X4 Order1 M",1.66666666666666,3.0850990676654,19,0.540231166037688,1,"NANA OrderNA SexNA - NANA OrderNA SexNA"
"NR X6 Order1 F - NR X5 Order1 M",2.66666666666667,3.53528578958407,19,0.754300168468247,1,"NANA OrderNA SexNA - NANA OrderNA SexNA"
"NR X6 Order1 F - PR X5 Order1 M",1.33333333333333,3.11429452835738,19,0.428133344869148,1,"NANA OrderNA SexNA - NANA OrderNA SexNA"
"NR X6 Order1 F - NR X6 Order1 M",2.33333333333333,3.55306473426083,19,0.656710053952551,1,"NANA OrderNA SexNA - NANA OrderNA SexNA"
"NR X6 Order1 F - PR X6 Order1 M",2.66666666666666,3.20744747396518,19,0.831398390250182,1,"NANA OrderNA SexNA - NANA OrderNA SexNA"
"NR X6 Order1 F - NR X0 Order2 M",-8.33333333333334,3.51600351276195,19,-2.37011518989843,0.940637002420864,"NANA OrderNA SexNA - NANA OrderNA SexNA"
"NR X6 Order1 F - PR X0 Order2 M",8.16666666666666,2.80642537613471,19,2.90998889053469,0.712974297017277,"NANA OrderNA SexNA - NANA OrderNA SexNA"
"NR X6 Order1 F - NR X1 Order2 M",-4.66666666666667,3.4508241239598,19,-1.35233396401312,0.99999606569891,"NANA OrderNA SexNA - NANA OrderNA SexNA"
"NR X6 Order1 F - PR X1 Order2 M",10.5,2.88289977472529,19,3.64216615924518,0.316109530936336,"NANA OrderNA SexNA - NANA OrderNA SexNA"
"NR X6 Order1 F - NR X2 Order2 M",-1.5,3.23544875635062,19,-0.463614204074709,1,"NANA OrderNA SexNA - NANA OrderNA SexNA"
"NR X6 Order1 F - PR X2 Order2 M",9.5,2.9229881370137,19,3.25009871908196,0.517023665949467,"NANA OrderNA SexNA - NANA OrderNA SexNA"
"NR X6 Order1 F - NR X3 Order2 M",-4.33333333333333,3.37023434380515,19,-1.28576617863338,0.999998923211489,"NANA OrderNA SexNA - NANA OrderNA SexNA"
"NR X6 Order1 F - PR X3 Order2 M",8.66666666666666,2.97843123667124,19,2.90980921767149,0.713074366357818,"NANA OrderNA SexNA - NANA OrderNA SexNA"
"NR X6 Order1 F - NR X4 Order2 M",-2.50000000000001,3.4077654697875,19,-0.733618560949824,1,"NANA OrderNA SexNA - NANA OrderNA SexNA"
"NR X6 Order1 F - PR X4 Order2 M",5,3.0850990676654,19,1.62069349811307,0.999774780673772,"NANA OrderNA SexNA - NANA OrderNA SexNA"
"NR X6 Order1 F - NR X5 Order2 M",-0.833333333333335,3.53528578958407,19,-0.235718802646328,1,"NANA OrderNA SexNA - NANA OrderNA SexNA"
"NR X6 Order1 F - PR X5 Order2 M",3,3.11429452835738,19,0.963300025955584,1,"NANA OrderNA SexNA - NANA OrderNA SexNA"
"NR X6 Order1 F - NR X6 Order2 M",-3.5,3.55306473426083,19,-0.985065080928827,1,"NANA OrderNA SexNA - NANA OrderNA SexNA"
"NR X6 Order1 F - PR X6 Order2 M",0.833333333333328,3.20744747396518,19,0.259811996953181,1,"NANA OrderNA SexNA - NANA OrderNA SexNA"
"PR X6 Order1 F - NR X0 Order2 F",-0.0333333333333301,3.09166962216722,19,-0.0107816608522239,1,"NANA OrderNA SexNA - NANA OrderNA SexNA"
"PR X6 Order1 F - PR X0 Order2 F",4.13333333333333,2.25214647451938,19,1.83528619479131,0.997875465908306,"NANA OrderNA SexNA - NANA OrderNA SexNA"
"PR X6 Order1 F - NR X1 Order2 F",-2.2,3.01733781426278,19,-0.729119553535148,1,"NANA OrderNA SexNA - NANA OrderNA SexNA"
"PR X6 Order1 F - PR X1 Order2 F",4.63333333333333,2.34675338755232,19,1.97435885590259,0.993476824987406,"NANA OrderNA SexNA - NANA OrderNA SexNA"
"PR X6 Order1 F - NR X2 Order2 F",-0.0333333333333288,2.76844162045147,19,-0.0120404682139885,1,"NANA OrderNA SexNA - NANA OrderNA SexNA"
"PR X6 Order1 F - PR X2 Order2 F",3.3,2.39582971014219,19,1.37739338736398,0.999993809787287,"NANA OrderNA SexNA - NANA OrderNA SexNA"
"PR X6 Order1 F - NR X3 Order2 F",-0.199999999999996,2.92482818008869,19,-0.068380085148773,1,"NANA OrderNA SexNA - NANA OrderNA SexNA"
"PR X6 Order1 F - PR X3 Order2 F",4.63333333333333,2.46316726643891,19,1.88104697413908,0.996848997000292,"NANA OrderNA SexNA - NANA OrderNA SexNA"
"PR X6 Order1 F - NR X4 Order2 F",-0.866666666666666,2.96799694203906,19,-0.292003894745004,1,"NANA OrderNA SexNA - NANA OrderNA SexNA"
"PR X6 Order1 F - PR X4 Order2 F",3.3,2.59113423198937,19,1.2735735413701,0.999999163691164,"NANA OrderNA SexNA - NANA OrderNA SexNA"
"PR X6 Order1 F - NR X5 Order2 F",-2.03333333333333,3.11358089101797,19,-0.653052997337911,1,"NANA OrderNA SexNA - NANA OrderNA SexNA"
"PR X6 Order1 F - PR X5 Order2 F",2.13333333333334,2.62582763338227,19,0.812442258666247,1,"NANA OrderNA SexNA - NANA OrderNA SexNA"
"PR X6 Order1 F - NR X6 Order2 F",-4.53333333333333,3.13375323800792,19,-1.44661464672793,0.999980193881165,"NANA OrderNA SexNA - NANA OrderNA SexNA"
"PR X6 Order1 F - PR X6 Order2 F",1.96666666666667,2.73566438897808,19,0.718899099827565,1,"NANA OrderNA SexNA - NANA OrderNA SexNA"
"PR X6 Order1 F - NR X0 Order1 M",-0.86666666666666,3.09166962216722,19,-0.280323182157846,1,"NANA OrderNA SexNA - NANA OrderNA SexNA"
"PR X6 Order1 F - PR X0 Order1 M",2.3,2.25214647451938,19,1.02124796323065,1,"NANA OrderNA SexNA - NANA OrderNA SexNA"
"PR X6 Order1 F - NR X1 Order1 M",-2.2,3.01733781426278,19,-0.729119553535147,1,"NANA OrderNA SexNA - NANA OrderNA SexNA"
"PR X6 Order1 F - PR X1 Order1 M",2.13333333333333,2.34675338755232,19,0.909057314947955,1,"NANA OrderNA SexNA - NANA OrderNA SexNA"
"PR X6 Order1 F - NR X2 Order1 M",-1.03333333333333,2.76844162045147,19,-0.373254514633693,1,"NANA OrderNA SexNA - NANA OrderNA SexNA"
"PR X6 Order1 F - PR X2 Order1 M",0.800000000000001,2.39582971014219,19,0.333913548451873,1,"NANA OrderNA SexNA - NANA OrderNA SexNA"
"PR X6 Order1 F - NR X3 Order1 M",-2.53333333333333,2.92482818008869,19,-0.866147745217808,1,"NANA OrderNA SexNA - NANA OrderNA SexNA"
"PR X6 Order1 F - PR X3 Order1 M",-1.86666666666667,2.46316726643891,19,-0.757831874473297,1,"NANA OrderNA SexNA - NANA OrderNA SexNA"
"PR X6 Order1 F - NR X4 Order1 M",-2.36666666666667,2.96799694203906,19,-0.797395251034433,1,"NANA OrderNA SexNA - NANA OrderNA SexNA"
"PR X6 Order1 F - PR X4 Order1 M",-3.53333333333333,2.59113423198937,19,-1.36362419581041,0.999995163688961,"NANA OrderNA SexNA - NANA OrderNA SexNA"
"PR X6 Order1 F - NR X5 Order1 M",-2.53333333333333,3.11358089101797,19,-0.813639799961987,1,"NANA OrderNA SexNA - NANA OrderNA SexNA"
"PR X6 Order1 F - PR X5 Order1 M",-3.86666666666667,2.62582763338227,19,-1.47255159383257,0.999970319475863,"NANA OrderNA SexNA - NANA OrderNA SexNA"
"PR X6 Order1 F - NR X6 Order1 M",-2.86666666666666,3.13375323800792,19,-0.914771026607365,1,"NANA OrderNA SexNA - NANA OrderNA SexNA"
"PR X6 Order1 F - PR X6 Order1 M",-2.53333333333333,2.73566438897808,19,-0.926039518421948,1,"NANA OrderNA SexNA - NANA OrderNA SexNA"
"PR X6 Order1 F - NR X0 Order2 M",-13.5333333333333,3.09166962216722,19,-4.37735430600332,0.0985764775257769,"NANA OrderNA SexNA - NANA OrderNA SexNA"
"PR X6 Order1 F - PR X0 Order2 M",2.96666666666667,2.25214647451938,19,1.31726186561634,0.999997977575222,"NANA OrderNA SexNA - NANA OrderNA SexNA"
"PR X6 Order1 F - NR X1 Order2 M",-9.86666666666667,3.01733781426278,19,-3.26999072494551,0.505743202938504,"NANA OrderNA SexNA - NANA OrderNA SexNA"
"PR X6 Order1 F - PR X1 Order2 M",5.3,2.34675338755232,19,2.25843926682383,0.964141049028888,"NANA OrderNA SexNA - NANA OrderNA SexNA"
"PR X6 Order1 F - NR X2 Order2 M",-6.69999999999999,2.76844162045147,19,-2.42013411101202,0.927393405802258,"NANA OrderNA SexNA - NANA OrderNA SexNA"
"PR X6 Order1 F - PR X2 Order2 M",4.3,2.39582971014219,19,1.79478532292882,0.998534463645132,"NANA OrderNA SexNA - NANA OrderNA SexNA"
"PR X6 Order1 F - NR X3 Order2 M",-9.53333333333333,2.92482818008869,19,-3.25945072542491,0.511710839318748,"NANA OrderNA SexNA - NANA OrderNA SexNA"
"PR X6 Order1 F - PR X3 Order2 M",3.46666666666667,2.46316726643891,19,1.40740205259327,0.999989591020164,"NANA OrderNA SexNA - NANA OrderNA SexNA"
"PR X6 Order1 F - NR X4 Order2 M",-7.7,2.96799694203906,19,-2.59434229561907,0.867630816167337,"NANA OrderNA SexNA - NANA OrderNA SexNA"
"PR X6 Order1 F - PR X4 Order2 M",-0.199999999999997,2.59113423198937,19,-0.0771862752345504,1,"NANA OrderNA SexNA - NANA OrderNA SexNA"
"PR X6 Order1 F - NR X5 Order2 M",-6.03333333333333,3.11358089101797,19,-1.93774741833052,0.995039973317241,"NANA OrderNA SexNA - NANA OrderNA SexNA"
"PR X6 Order1 F - PR X5 Order2 M",-2.2,2.62582763338227,19,-0.837831079249565,1,"NANA OrderNA SexNA - NANA OrderNA SexNA"
"PR X6 Order1 F - NR X6 Order2 M",-8.7,3.13375323800792,19,-2.77622369702933,0.784405889576031,"NANA OrderNA SexNA - NANA OrderNA SexNA"
"PR X6 Order1 F - PR X6 Order2 M",-4.36666666666667,2.73566438897808,19,-1.59619969622731,0.9998339058093,"NANA OrderNA SexNA - NANA OrderNA SexNA"
"NR X0 Order2 F - PR X0 Order2 F",4.16666666666666,2.42061081653912,19,1.72132861598296,0.999295229601747,"NANA OrderNA SexNA - NANA OrderNA SexNA"
"NR X0 Order2 F - NR X1 Order2 F",-2.16666666666667,1.42871553157913,19,-1.51651369273763,0.999943159782537,"NANA OrderNA SexNA - NANA OrderNA SexNA"
"NR X0 Order2 F - PR X1 Order2 F",4.66666666666666,2.18480933100934,19,2.13596060783517,0.981315386381537,"NANA OrderNA SexNA - NANA OrderNA SexNA"
"NR X0 Order2 F - NR X2 Order2 F",1.33226762955019e-15,1.73323211580315,19,7.68660825865691e-16,1,"NANA OrderNA SexNA - NANA OrderNA SexNA"
"NR X0 Order2 F - PR X2 Order2 F",3.33333333333333,2.18507697885195,19,1.52549926871898,0.99993542966017,"NANA OrderNA SexNA - NANA OrderNA SexNA"
"NR X0 Order2 F - NR X3 Order2 F",-0.166666666666665,1.47186081848993,19,-0.113235344383757,1,"NANA OrderNA SexNA - NANA OrderNA SexNA"
"NR X0 Order2 F - PR X3 Order2 F",4.66666666666666,2.05309636363288,19,2.27298959236826,0.961531713296441,"NANA OrderNA SexNA - NANA OrderNA SexNA"
"NR X0 Order2 F - NR X4 Order2 F",-0.833333333333336,2.25164007801773,19,-0.370100595325598,1,"NANA OrderNA SexNA - NANA OrderNA SexNA"
"NR X0 Order2 F - PR X4 Order2 F",3.33333333333333,2.23056911941577,19,1.49438692767629,0.999958789550589,"NANA OrderNA SexNA - NANA OrderNA SexNA"
"NR X0 Order2 F - NR X5 Order2 F",-2,3.00004873254766,19,-0.666655837387544,1,"NANA OrderNA SexNA - NANA OrderNA SexNA"
"NR X0 Order2 F - PR X5 Order2 F",2.16666666666667,1.98893135960404,19,1.08936221262961,1,"NANA OrderNA SexNA - NANA OrderNA SexNA"
"NR X0 Order2 F - NR X6 Order2 F",-4.5,2.61764145436798,19,-1.71910480424696,0.999311541744911,"NANA OrderNA SexNA - NANA OrderNA SexNA"
"NR X0 Order2 F - PR X6 Order2 F",2,1.55644293820334,19,1.28498125495604,0.999998940431638,"NANA OrderNA SexNA - NANA OrderNA SexNA"
"NR X0 Order2 F - NR X0 Order1 M",-0.83333333333333,3.30947602785507,19,-0.251802196577151,1,"NANA OrderNA SexNA - NANA OrderNA SexNA"
"NR X0 Order2 F - PR X0 Order1 M",2.33333333333333,2.54290665754877,19,0.917585128973056,1,"NANA OrderNA SexNA - NANA OrderNA SexNA"
"NR X0 Order2 F - NR X1 Order1 M",-2.16666666666667,3.24014475165785,19,-0.668694404951529,1,"NANA OrderNA SexNA - NANA OrderNA SexNA"
"NR X0 Order2 F - PR X1 Order1 M",2.16666666666666,2.62706337729109,19,0.824748533056263,1,"NANA OrderNA SexNA - NANA OrderNA SexNA"
"NR X0 Order2 F - NR X2 Order1 M",-0.999999999999998,3.00973080725897,19,-0.332255628173843,1,"NANA OrderNA SexNA - NANA OrderNA SexNA"
"NR X0 Order2 F - PR X2 Order1 M",0.833333333333331,2.67099429544801,19,0.311993677692807,1,"NANA OrderNA SexNA - NANA OrderNA SexNA"
"NR X0 Order2 F - NR X3 Order1 M",-2.5,3.15417666108871,19,-0.792599866342643,1,"NANA OrderNA SexNA - NANA OrderNA SexNA"
"NR X0 Order2 F - PR X3 Order1 M",-1.83333333333334,2.73155697520149,19,-0.671167890685531,1,"NANA OrderNA SexNA - NANA OrderNA SexNA"
"NR X0 Order2 F - NR X4 Order1 M",-2.33333333333334,3.19424738776899,19,-0.73047984394316,1,"NANA OrderNA SexNA - NANA OrderNA SexNA"
"NR X0 Order2 F - PR X4 Order1 M",-3.5,2.84748786380257,19,-1.22915361448672,0.999999681200931,"NANA OrderNA SexNA - NANA OrderNA SexNA"
"NR X0 Order2 F - NR X5 Order1 M",-2.5,3.32995442780049,19,-0.750761025174542,1,"NANA OrderNA SexNA - NANA OrderNA SexNA"
"NR X0 Order2 F - PR X5 Order1 M",-3.83333333333334,2.87909383079984,19,-1.33143744477004,0.999997341556786,"NANA OrderNA SexNA - NANA OrderNA SexNA"
"NR X0 Order2 F - NR X6 Order1 M",-2.83333333333333,3.34882365660555,19,-0.846068238841,1,"NANA OrderNA SexNA - NANA OrderNA SexNA"
"NR X0 Order2 F - PR X6 Order1 M",-2.5,2.97960906419594,19,-0.839036244734555,1,"NANA OrderNA SexNA - NANA OrderNA SexNA"
"NR X0 Order2 F - NR X0 Order2 M",-13.5,3.30947602785507,19,-4.07919558454986,0.162803993480214,"NANA OrderNA SexNA - NANA OrderNA SexNA"
"NR X0 Order2 F - PR X0 Order2 M",3,2.54290665754877,19,1.17975230867964,0.999999899940721,"NANA OrderNA SexNA - NANA OrderNA SexNA"
"NR X0 Order2 F - NR X1 Order2 M",-9.83333333333334,3.24014475165785,19,-3.03484383785694,0.641750981418553,"NANA OrderNA SexNA - NANA OrderNA SexNA"
"NR X0 Order2 F - PR X1 Order2 M",5.33333333333333,2.62706337729109,19,2.03015023521542,0.990356788782611,"NANA OrderNA SexNA - NANA OrderNA SexNA"
"NR X0 Order2 F - NR X2 Order2 M",-6.66666666666666,3.00973080725897,19,-2.21503752115896,0.971172471277996,"NANA OrderNA SexNA - NANA OrderNA SexNA"
"NR X0 Order2 F - PR X2 Order2 M",4.33333333333333,2.67099429544801,19,1.6223671240026,0.999770138295931,"NANA OrderNA SexNA - NANA OrderNA SexNA"
"NR X0 Order2 F - NR X3 Order2 M",-9.5,3.15417666108871,19,-3.01187949210205,0.655044183349206,"NANA OrderNA SexNA - NANA OrderNA SexNA"
"NR X0 Order2 F - PR X3 Order2 M",3.5,2.73155697520149,19,1.28132051858147,0.999999017432835,"NANA OrderNA SexNA - NANA OrderNA SexNA"
"NR X0 Order2 F - NR X4 Order2 M",-7.66666666666667,3.19424738776899,19,-2.40014805867038,0.932893524900108,"NANA OrderNA SexNA - NANA OrderNA SexNA"
"NR X0 Order2 F - PR X4 Order2 M",-0.166666666666667,2.84748786380257,19,-0.0585311244993676,1,"NANA OrderNA SexNA - NANA OrderNA SexNA"
"NR X0 Order2 F - NR X5 Order2 M",-6,3.32995442780049,19,-1.8018264604189,0.998434259735534,"NANA OrderNA SexNA - NANA OrderNA SexNA"
"NR X0 Order2 F - PR X5 Order2 M",-2.16666666666667,2.87909383079984,19,-0.75255159921785,1,"NANA OrderNA SexNA - NANA OrderNA SexNA"
"NR X0 Order2 F - NR X6 Order2 M",-8.66666666666667,3.34882365660555,19,-2.58797343645483,0.870181857652911,"NANA OrderNA SexNA - NANA OrderNA SexNA"
"NR X0 Order2 F - PR X6 Order2 M",-4.33333333333334,2.97960906419594,19,-1.45432949087323,0.999977623473905,"NANA OrderNA SexNA - NANA OrderNA SexNA"
"PR X0 Order2 F - NR X1 Order2 F",-6.33333333333333,2.48586648147938,19,-2.54773672702013,0.885672422707446,"NANA OrderNA SexNA - NANA OrderNA SexNA"
"PR X0 Order2 F - PR X1 Order2 F",0.500000000000001,1.12572263990217,19,0.444159140339803,1,"NANA OrderNA SexNA - NANA OrderNA SexNA"
"PR X0 Order2 F - NR X2 Order2 F",-4.16666666666666,2.0974085932449,19,-1.98657842829776,0.992874688611822,"NANA OrderNA SexNA - NANA OrderNA SexNA"
"PR X0 Order2 F - PR X2 Order2 F",-0.833333333333333,1.17304023452432,19,-0.710404731915492,1,"NANA OrderNA SexNA - NANA OrderNA SexNA"
"PR X0 Order2 F - NR X3 Order2 F",-4.33333333333333,2.18781848141073,19,-1.98066401310366,0.993171457925298,"NANA OrderNA SexNA - NANA OrderNA SexNA"
"PR X0 Order2 F - PR X3 Order2 F",0.500000000000001,1.42358989429347,19,0.351224746680399,1,"NANA OrderNA SexNA - NANA OrderNA SexNA"
"PR X0 Order2 F - NR X4 Order2 F",-5,2.39272777365717,19,-2.08966521601316,0.985839631893848,"NANA OrderNA SexNA - NANA OrderNA SexNA"
"PR X0 Order2 F - PR X4 Order2 F",-0.833333333333331,1.91325019686121,19,-0.435558995211634,1,"NANA OrderNA SexNA - NANA OrderNA SexNA"
"PR X0 Order2 F - NR X5 Order2 F",-6.16666666666666,2.62054411563482,19,-2.35320086003314,0.94472563929202,"NANA OrderNA SexNA - NANA OrderNA SexNA"
"PR X0 Order2 F - PR X5 Order2 F",-2,1.76929628856366,19,-1.13039292114473,1,"NANA OrderNA SexNA - NANA OrderNA SexNA"
"PR X0 Order2 F - NR X6 Order2 F",-8.66666666666666,2.54210163088622,19,-3.40925262836377,0.429413479566538,"NANA OrderNA SexNA - NANA OrderNA SexNA"
"PR X0 Order2 F - PR X6 Order2 F",-2.16666666666667,1.746676041223,19,-1.24045135762531,0.999999589843015,"NANA OrderNA SexNA - NANA OrderNA SexNA"
"PR X0 Order2 F - NR X0 Order1 M",-4.99999999999999,2.54290665754877,19,-1.96625384779941,0.993853127737812,"NANA OrderNA SexNA - NANA OrderNA SexNA"
"PR X0 Order2 F - PR X0 Order1 M",-1.83333333333333,1.40716628692714,19,-1.30285478721695,0.999998478125155,"NANA OrderNA SexNA - NANA OrderNA SexNA"
"PR X0 Order2 F - NR X1 Order1 M",-6.33333333333333,2.45199524912965,19,-2.58293050754539,0.87218278556711,"NANA OrderNA SexNA - NANA OrderNA SexNA"
"PR X0 Order2 F - PR X1 Order1 M",-2,1.55409287958042,19,-1.28692437001575,0.9999988973311,"NANA OrderNA SexNA - NANA OrderNA SexNA"
"PR X0 Order2 F - NR X2 Order1 M",-5.16666666666666,2.13827552532928,19,-2.4162773250987,0.928476518948062,"NANA OrderNA SexNA - NANA OrderNA SexNA"
"PR X0 Order2 F - PR X2 Order1 M",-3.33333333333333,1.62725327357921,19,-2.04844162089256,0.989110450736652,"NANA OrderNA SexNA - NANA OrderNA SexNA"
"PR X0 Order2 F - NR X3 Order1 M",-6.66666666666666,2.33721481670282,19,-2.85239791354375,0.74454289242324,"NANA OrderNA SexNA - NANA OrderNA SexNA"
"PR X0 Order2 F - PR X3 Order1 M",-6,1.72486121146903,19,-3.47854074293312,0.393604075198109,"NANA OrderNA SexNA - NANA OrderNA SexNA"
"PR X0 Order2 F - NR X4 Order1 M",-6.5,2.39101632456315,19,-2.71850925199667,0.812832104576935,"NANA OrderNA SexNA - NANA OrderNA SexNA"
"PR X0 Order2 F - PR X4 Order1 M",-7.66666666666667,1.90313683810739,19,-4.02843690120092,0.176710755518103,"NANA OrderNA SexNA - NANA OrderNA SexNA"
"PR X0 Order2 F - NR X5 Order1 M",-6.66666666666666,2.56950173794192,19,-2.59453674158883,0.867552510978715,"NANA OrderNA SexNA - NANA OrderNA SexNA"
"PR X0 Order2 F - PR X5 Order1 M",-8,1.95010870892066,19,-4.10233540489537,0.156775416215181,"NANA OrderNA SexNA - NANA OrderNA SexNA"
"PR X0 Order2 F - NR X6 Order1 M",-7,2.59390874417344,19,-2.69863001762253,0.822218164355435,"NANA OrderNA SexNA - NANA OrderNA SexNA"
"PR X0 Order2 F - PR X6 Order1 M",-6.66666666666667,2.09566525606956,19,-3.18116962971943,0.556612791608376,"NANA OrderNA SexNA - NANA OrderNA SexNA"
"PR X0 Order2 F - NR X0 Order2 M",-17.6666666666667,2.54290665754877,19,-6.94743026222458,0.000796720775765203,"NANA OrderNA SexNA - NANA OrderNA SexNA"
"PR X0 Order2 F - PR X0 Order2 M",-1.16666666666667,1.40716628692714,19,-0.829089410047151,1,"NANA OrderNA SexNA - NANA OrderNA SexNA"
"PR X0 Order2 F - NR X1 Order2 M",-14,2.45199524912965,19,-5.70963585878454,0.00833360041036868,"NANA OrderNA SexNA - NANA OrderNA SexNA"
"PR X0 Order2 F - PR X1 Order2 M",1.16666666666667,1.55409287958042,19,0.750705882509188,1,"NANA OrderNA SexNA - NANA OrderNA SexNA"
"PR X0 Order2 F - NR X2 Order2 M",-10.8333333333333,2.13827552532928,19,-5.06638793972309,0.0282436637531397,"NANA OrderNA SexNA - NANA OrderNA SexNA"
"PR X0 Order2 F - PR X2 Order2 M",0.166666666666667,1.62725327357921,19,0.102422081044629,1,"NANA OrderNA SexNA - NANA OrderNA SexNA"
"PR X0 Order2 F - NR X3 Order2 M",-13.6666666666667,2.33721481670282,19,-5.84741572276469,0.00640359108427613,"NANA OrderNA SexNA - NANA OrderNA SexNA"
"PR X0 Order2 F - PR X3 Order2 M",-0.666666666666666,1.72486121146903,19,-0.386504526992568,1,"NANA OrderNA SexNA - NANA OrderNA SexNA"
"PR X0 Order2 F - NR X4 Order2 M",-11.8333333333333,2.39101632456315,19,-4.94908094594266,0.0351527442605487,"NANA OrderNA SexNA - NANA OrderNA SexNA"
"PR X0 Order2 F - PR X4 Order2 M",-4.33333333333333,1.90313683810739,19,-2.27694259633095,0.960800245022748,"NANA OrderNA SexNA - NANA OrderNA SexNA"
"PR X0 Order2 F - NR X5 Order2 M",-10.1666666666667,2.56950173794192,19,-3.95666853092297,0.198032897160597,"NANA OrderNA SexNA - NANA OrderNA SexNA"
"PR X0 Order2 F - PR X5 Order2 M",-6.33333333333333,1.95010870892066,19,-3.24768219554216,0.518399094870091,"NANA OrderNA SexNA - NANA OrderNA SexNA"
"PR X0 Order2 F - NR X6 Order2 M",-12.8333333333333,2.59390874417344,19,-4.94748836564131,0.0352568935853987,"NANA OrderNA SexNA - NANA OrderNA SexNA"
"PR X0 Order2 F - PR X6 Order2 M",-8.5,2.09566525606956,19,-4.05599127789228,0.169043677737248,"NANA OrderNA SexNA - NANA OrderNA SexNA"
"NR X1 Order2 F - PR X1 Order2 F",6.83333333333333,1.95160752453575,19,3.5013870603716,0.382165527350348,"NANA OrderNA SexNA - NANA OrderNA SexNA"
"NR X1 Order2 F - NR X2 Order2 F",2.16666666666667,1.21864175182793,19,1.77793569227111,0.998752463779456,"NANA OrderNA SexNA - NANA OrderNA SexNA"
"NR X1 Order2 F - PR X2 Order2 F",5.5,1.9901805730763,19,2.7635683286258,0.790781283422408,"NANA OrderNA SexNA - NANA OrderNA SexNA"
"NR X1 Order2 F - NR X3 Order2 F",2,1.06567936764295,19,1.87673709440726,0.996960485320578,"NANA OrderNA SexNA - NANA OrderNA SexNA"
"NR X1 Order2 F - PR X3 Order2 F",6.83333333333333,1.73786519574922,19,3.93202726543319,0.205816689155872,"NANA OrderNA SexNA - NANA OrderNA SexNA"
"NR X1 Order2 F - NR X4 Order2 F",1.33333333333333,1.49208437746452,19,0.893604512902313,1,"NANA OrderNA SexNA - NANA OrderNA SexNA"
"NR X1 Order2 F - PR X4 Order2 F",5.5,1.64414609273903,19,3.34520151481029,0.463877574614779,"NANA OrderNA SexNA - NANA OrderNA SexNA"
"NR X1 Order2 F - NR X5 Order2 F",0.166666666666669,2.20803953689494,19,0.0754817401961216,1,"NANA OrderNA SexNA - NANA OrderNA SexNA"
"NR X1 Order2 F - PR X5 Order2 F",4.33333333333334,1.91760084023139,19,2.2597681657307,0.963908108666299,"NANA OrderNA SexNA - NANA OrderNA SexNA"
"NR X1 Order2 F - NR X6 Order2 F",-2.33333333333333,2.13307290077015,19,-1.09388353885649,1,"NANA OrderNA SexNA - NANA OrderNA SexNA"
"NR X1 Order2 F - PR X6 Order2 F",4.16666666666667,1.51850187791006,19,2.74393250827014,0.800518449166271,"NANA OrderNA SexNA - NANA OrderNA SexNA"
"NR X1 Order2 F - NR X0 Order1 M",1.33333333333334,3.24014475165785,19,0.411504249200943,1,"NANA OrderNA SexNA - NANA OrderNA SexNA"
"NR X1 Order2 F - PR X0 Order1 M",4.5,2.45199524912965,19,1.83524009746646,0.997876337562382,"NANA OrderNA SexNA - NANA OrderNA SexNA"
"NR X1 Order2 F - NR X1 Order1 M",2.22044604925031e-15,3.16929715306792,19,7.00611505330414e-16,1,"NANA OrderNA SexNA - NANA OrderNA SexNA"
"NR X1 Order2 F - PR X1 Order1 M",4.33333333333333,2.53916687538504,19,1.70659651216355,0.999397372115561,"NANA OrderNA SexNA - NANA OrderNA SexNA"
"NR X1 Order2 F - NR X2 Order1 M",1.16666666666667,2.93332336521432,19,0.39772862429759,1,"NANA OrderNA SexNA - NANA OrderNA SexNA"
"NR X1 Order2 F - PR X2 Order1 M",3,2.58459222297529,19,1.16072468737313,0.999999937612889,"NANA OrderNA SexNA - NANA OrderNA SexNA"
"NR X1 Order2 F - NR X3 Order1 M",-0.333333333333328,3.08135308624397,19,-0.108177584328593,1,"NANA OrderNA SexNA - NANA OrderNA SexNA"
"NR X1 Order2 F - PR X3 Order1 M",0.333333333333333,2.64713239969603,19,0.125922425856602,1,"NANA OrderNA SexNA - NANA OrderNA SexNA"
"NR X1 Order2 F - NR X4 Order1 M",-0.166666666666667,3.12235853274693,19,-0.0533784525123192,1,"NANA OrderNA SexNA - NANA OrderNA SexNA"
"NR X1 Order2 F - PR X4 Order1 M",-1.33333333333333,2.76660325439906,19,-0.481938756926298,1,"NANA OrderNA SexNA - NANA OrderNA SexNA"
"NR X1 Order2 F - NR X5 Order1 M",-0.333333333333331,3.26105855880826,19,-0.102216297966494,1,"NANA OrderNA SexNA - NANA OrderNA SexNA"
"NR X1 Order2 F - PR X5 Order1 M",-1.66666666666667,2.79912266956956,19,-0.595424661014573,1,"NANA OrderNA SexNA - NANA OrderNA SexNA"
"NR X1 Order2 F - NR X6 Order1 M",-0.666666666666664,3.28032411749045,19,-0.203231949889356,1,"NANA OrderNA SexNA - NANA OrderNA SexNA"
"NR X1 Order2 F - PR X6 Order1 M",-0.333333333333333,2.90240875966621,19,-0.114847135925702,1,"NANA OrderNA SexNA - NANA OrderNA SexNA"
"NR X1 Order2 F - NR X0 Order2 M",-11.3333333333333,3.24014475165785,19,-3.497786118208,0.383955749535872,"NANA OrderNA SexNA - NANA OrderNA SexNA"
"NR X1 Order2 F - PR X0 Order2 M",5.16666666666667,2.45199524912965,19,2.10712751931334,0.984244936880978,"NANA OrderNA SexNA - NANA OrderNA SexNA"
"NR X1 Order2 F - NR X1 Order2 M",-7.66666666666667,3.16929715306792,19,-2.41904318099211,0.927700831420105,"NANA OrderNA SexNA - NANA OrderNA SexNA"
"NR X1 Order2 F - PR X1 Order2 M",7.5,2.53916687538504,19,2.95372473259076,0.688369372829704,"NANA OrderNA SexNA - NANA OrderNA SexNA"
"NR X1 Order2 F - NR X2 Order2 M",-4.49999999999999,2.93332336521432,19,-1.5340961222907,0.999927170833921,"NANA OrderNA SexNA - NANA OrderNA SexNA"
"NR X1 Order2 F - PR X2 Order2 M",6.5,2.58459222297529,19,2.51490348930844,0.897494955611848,"NANA OrderNA SexNA - NANA OrderNA SexNA"
"NR X1 Order2 F - NR X3 Order2 M",-7.33333333333333,3.08135308624397,19,-2.37990685522908,0.93818074457149,"NANA OrderNA SexNA - NANA OrderNA SexNA"
"NR X1 Order2 F - PR X3 Order2 M",5.66666666666667,2.64713239969603,19,2.14068123956224,0.980798932834849,"NANA OrderNA SexNA - NANA OrderNA SexNA"
"NR X1 Order2 F - NR X4 Order2 M",-5.5,3.12235853274693,19,-1.76148893290654,0.99893805320224,"NANA OrderNA SexNA - NANA OrderNA SexNA"
"NR X1 Order2 F - PR X4 Order2 M",2,2.76660325439906,19,0.722908135389448,1,"NANA OrderNA SexNA - NANA OrderNA SexNA"
"NR X1 Order2 F - NR X5 Order2 M",-3.83333333333333,3.26105855880826,19,-1.17548742661469,0.999999909876328,"NANA OrderNA SexNA - NANA OrderNA SexNA"
"NR X1 Order2 F - PR X5 Order2 M",2.77555756156289e-15,2.79912266956956,19,9.91581252132013e-16,1,"NANA OrderNA SexNA - NANA OrderNA SexNA"
"NR X1 Order2 F - NR X6 Order2 M",-6.5,3.28032411749045,19,-1.98151151142123,0.993129552241325,"NANA OrderNA SexNA - NANA OrderNA SexNA"
"NR X1 Order2 F - PR X6 Order2 M",-2.16666666666667,2.90240875966621,19,-0.746506383517064,1,"NANA OrderNA SexNA - NANA OrderNA SexNA"
"PR X1 Order2 F - NR X2 Order2 F",-4.66666666666666,1.84240181405806,19,-2.53292557088179,0.891097686119035,"NANA OrderNA SexNA - NANA OrderNA SexNA"
"PR X1 Order2 F - PR X2 Order2 F",-1.33333333333333,1.05741602738504,19,-1.26093543014534,0.999999359860714,"NANA OrderNA SexNA - NANA OrderNA SexNA"
"PR X1 Order2 F - NR X3 Order2 F",-4.83333333333333,1.90980847758424,19,-2.53079478390793,0.891865766249682,"NANA OrderNA SexNA - NANA OrderNA SexNA"
"PR X1 Order2 F - PR X3 Order2 F",2.77555756156289e-17,0.973478720216035,19,2.85117435432686e-17,1,"NANA OrderNA SexNA - NANA OrderNA SexNA"
"PR X1 Order2 F - NR X4 Order2 F",-5.5,2.00394348066112,19,-2.74458838439171,0.800196330109898,"NANA OrderNA SexNA - NANA OrderNA SexNA"
"PR X1 Order2 F - PR X4 Order2 F",-1.33333333333333,1.48491439491774,19,-0.897919326458678,1,"NANA OrderNA SexNA - NANA OrderNA SexNA"
"PR X1 Order2 F - NR X5 Order2 F",-6.66666666666667,2.26568606239552,19,-2.9424494316825,0.694756553437382,"NANA OrderNA SexNA - NANA OrderNA SexNA"
"PR X1 Order2 F - PR X5 Order2 F",-2.5,1.69571182589826,19,-1.47430710915499,0.999969513353526,"NANA OrderNA SexNA - NANA OrderNA SexNA"
"PR X1 Order2 F - NR X6 Order2 F",-9.16666666666666,2.30490197175828,19,-3.97703103168155,0.191781143205258,"NANA OrderNA SexNA - NANA OrderNA SexNA"
"PR X1 Order2 F - PR X6 Order2 F",-2.66666666666667,1.62761260962722,19,-1.63839150108171,0.999721263235184,"NANA OrderNA SexNA - NANA OrderNA SexNA"
"PR X1 Order2 F - NR X0 Order1 M",-5.49999999999999,2.62706337729109,19,-2.0935924300659,0.9854923419047,"NANA OrderNA SexNA - NANA OrderNA SexNA"
"PR X1 Order2 F - PR X0 Order1 M",-2.33333333333333,1.55409287958042,19,-1.50141176501838,0.999954306192903,"NANA OrderNA SexNA - NANA OrderNA SexNA"
"PR X1 Order2 F - NR X1 Order1 M",-6.83333333333333,2.53916687538504,19,-2.69117142302714,0.825682842127937,"NANA OrderNA SexNA - NANA OrderNA SexNA"
"PR X1 Order2 F - PR X1 Order1 M",-2.5,1.68828090010544,19,-1.48079623470471,0.999966360261825,"NANA OrderNA SexNA - NANA OrderNA SexNA"
"PR X1 Order2 F - NR X2 Order1 M",-5.66666666666666,2.23770193312703,19,-2.53235991030668,0.891301894008605,"NANA OrderNA SexNA - NANA OrderNA SexNA"
"PR X1 Order2 F - PR X2 Order1 M",-3.83333333333333,1.75585903069481,19,-2.18316690937111,0.975654332831817,"NANA OrderNA SexNA - NANA OrderNA SexNA"
"PR X1 Order2 F - NR X3 Order1 M",-7.16666666666666,2.42850999971453,19,-2.95105503683703,0.689884211012293,"NANA OrderNA SexNA - NANA OrderNA SexNA"
"PR X1 Order2 F - PR X3 Order1 M",-6.5,1.84668186706012,19,-3.5198266230598,0.373073830471076,"NANA OrderNA SexNA - NANA OrderNA SexNA"
"PR X1 Order2 F - NR X4 Order1 M",-7,2.48033199060645,19,-2.82220284482501,0.760631216672756,"NANA OrderNA SexNA - NANA OrderNA SexNA"
"PR X1 Order2 F - PR X4 Order1 M",-8.16666666666667,2.01420394793071,19,-4.05453810923998,0.16944099456766,"NANA OrderNA SexNA - NANA OrderNA SexNA"
"PR X1 Order2 F - NR X5 Order1 M",-7.16666666666667,2.6528149013048,19,-2.70153287481223,0.82086123275439,"NANA OrderNA SexNA - NANA OrderNA SexNA"
"PR X1 Order2 F - PR X5 Order1 M",-8.5,2.05864316866873,19,-4.12893313876087,0.150080220920001,"NANA OrderNA SexNA - NANA OrderNA SexNA"
"PR X1 Order2 F - NR X6 Order1 M",-7.5,2.67646227180539,19,-2.80220650931908,0.771084209649669,"NANA OrderNA SexNA - NANA OrderNA SexNA"
"PR X1 Order2 F - PR X6 Order1 M",-7.16666666666667,2.19702084304982,19,-3.26199302539078,0.510269426824044,"NANA OrderNA SexNA - NANA OrderNA SexNA"
"PR X1 Order2 F - NR X0 Order2 M",-18.1666666666667,2.62706337729109,19,-6.91519923870253,0.000846078958194996,"NANA OrderNA SexNA - NANA OrderNA SexNA"
"PR X1 Order2 F - PR X0 Order2 M",-1.66666666666667,1.55409287958042,19,-1.07243697501313,1,"NANA OrderNA SexNA - NANA OrderNA SexNA"
"PR X1 Order2 F - NR X1 Order2 M",-14.5,2.53916687538504,19,-5.71053448300881,0.00831929844817769,"NANA OrderNA SexNA - NANA OrderNA SexNA"
"PR X1 Order2 F - PR X1 Order2 M",0.666666666666667,1.68828090010544,19,0.394878995921255,1,"NANA OrderNA SexNA - NANA OrderNA SexNA"
"PR X1 Order2 F - NR X2 Order2 M",-11.3333333333333,2.23770193312703,19,-5.06471982061336,0.0283320292132123,"NANA OrderNA SexNA - NANA OrderNA SexNA"
"PR X1 Order2 F - PR X2 Order2 M",-0.333333333333333,1.75585903069481,19,-0.189840600814879,1,"NANA OrderNA SexNA - NANA OrderNA SexNA"
"PR X1 Order2 F - NR X3 Order2 M",-14.1666666666667,2.42850999971453,19,-5.83348088677089,0.00657652121311958,"NANA OrderNA SexNA - NANA OrderNA SexNA"
"PR X1 Order2 F - PR X3 Order2 M",-1.16666666666667,1.84668186706012,19,-0.631763752856888,1,"NANA OrderNA SexNA - NANA OrderNA SexNA"
"PR X1 Order2 F - NR X4 Order2 M",-12.3333333333333,2.48033199060645,19,-4.97245263135836,0.0336578628538579,"NANA OrderNA SexNA - NANA OrderNA SexNA"
"PR X1 Order2 F - PR X4 Order2 M",-4.83333333333333,2.01420394793071,19,-2.39962459526447,0.933033837488807,"NANA OrderNA SexNA - NANA OrderNA SexNA"
"PR X1 Order2 F - NR X5 Order2 M",-10.6666666666667,2.6528149013048,19,-4.02088613925541,0.178861321228389,"NANA OrderNA SexNA - NANA OrderNA SexNA"
"PR X1 Order2 F - PR X5 Order2 M",-6.83333333333333,2.05864316866873,19,-3.3193384056705,0.47812009655045,"NANA OrderNA SexNA - NANA OrderNA SexNA"
"PR X1 Order2 F - NR X6 Order2 M",-13.3333333333333,2.67646227180539,19,-4.9817004610117,0.0330833844224705,"NANA OrderNA SexNA - NANA OrderNA SexNA"
"PR X1 Order2 F - PR X6 Order2 M",-9,2.19702084304982,19,-4.09645635746749,0.158288939591822,"NANA OrderNA SexNA - NANA OrderNA SexNA"
"NR X2 Order2 F - PR X2 Order2 F",3.33333333333333,1.62590505610321,19,2.05014021010691,0.988988594499699,"NANA OrderNA SexNA - NANA OrderNA SexNA"
"NR X2 Order2 F - NR X3 Order2 F",-0.166666666666667,1.03942741772822,19,-0.160344689608954,1,"NANA OrderNA SexNA - NANA OrderNA SexNA"
"NR X2 Order2 F - PR X3 Order2 F",4.66666666666666,1.47553142374405,19,3.16270232647798,0.567318689829583,"NANA OrderNA SexNA - NANA OrderNA SexNA"
"NR X2 Order2 F - NR X4 Order2 F",-0.833333333333338,1.32508413061827,19,-0.628890886305094,1,"NANA OrderNA SexNA - NANA OrderNA SexNA"
"NR X2 Order2 F - PR X4 Order2 F",3.33333333333333,1.39275485347255,19,2.39333815640444,0.934704022711394,"NANA OrderNA SexNA - NANA OrderNA SexNA"
"NR X2 Order2 F - NR X5 Order2 F",-2,1.91493056383971,19,-1.04442429285254,1,"NANA OrderNA SexNA - NANA OrderNA SexNA"
"NR X2 Order2 F - PR X5 Order2 F",2.16666666666667,1.72790986877785,19,1.25392342842463,0.999999449416753,"NANA OrderNA SexNA - NANA OrderNA SexNA"
"NR X2 Order2 F - NR X6 Order2 F",-4.5,1.85324119422611,19,-2.42817827167885,0.925100795743463,"NANA OrderNA SexNA - NANA OrderNA SexNA"
"NR X2 Order2 F - PR X6 Order2 F",2,1.27607310648701,19,1.5673083225662,0.999885721591273,"NANA OrderNA SexNA - NANA OrderNA SexNA"
"NR X2 Order2 F - NR X0 Order1 M",-0.833333333333332,3.00973080725897,19,-0.276879690144869,1,"NANA OrderNA SexNA - NANA OrderNA SexNA"
"NR X2 Order2 F - PR X0 Order1 M",2.33333333333333,2.13827552532928,19,1.09122201778651,1,"NANA OrderNA SexNA - NANA OrderNA SexNA"
"NR X2 Order2 F - NR X1 Order1 M",-2.16666666666667,2.93332336521432,19,-0.738638873695523,1,"NANA OrderNA SexNA - NANA OrderNA SexNA"
"NR X2 Order2 F - PR X1 Order1 M",2.16666666666666,2.23770193312703,19,0.968255259823141,1,"NANA OrderNA SexNA - NANA OrderNA SexNA"
"NR X2 Order2 F - NR X2 Order1 M",-1,2.6766261385147,19,-0.373604660587718,1,"NANA OrderNA SexNA - NANA OrderNA SexNA"
"NR X2 Order2 F - PR X2 Order1 M",0.83333333333333,2.2891174018674,19,0.364041325557841,1,"NANA OrderNA SexNA - NANA OrderNA SexNA"
"NR X2 Order2 F - NR X3 Order1 M",-2.5,2.83807652514394,19,-0.880878291283285,1,"NANA OrderNA SexNA - NANA OrderNA SexNA"
"NR X2 Order2 F - PR X3 Order1 M",-1.83333333333334,2.35950237592343,19,-0.776999994592433,1,"NANA OrderNA SexNA - NANA OrderNA SexNA"
"NR X2 Order2 F - NR X4 Order1 M",-2.33333333333334,2.88254476591178,19,-0.809469938134779,1,"NANA OrderNA SexNA - NANA OrderNA SexNA"
"NR X2 Order2 F - PR X4 Order1 M",-3.5,2.49279663986441,19,-1.40404553826355,0.999990166970485,"NANA OrderNA SexNA - NANA OrderNA SexNA"
"NR X2 Order2 F - NR X5 Order1 M",-2.5,3.03223423311004,19,-0.82447456489397,1,"NANA OrderNA SexNA - NANA OrderNA SexNA"
"NR X2 Order2 F - PR X5 Order1 M",-3.83333333333334,2.52883950454869,19,-1.51584682477406,0.999943699076639,"NANA OrderNA SexNA - NANA OrderNA SexNA"
"NR X2 Order2 F - NR X6 Order1 M",-2.83333333333333,3.05294412596387,19,-0.928065898500123,1,"NANA OrderNA SexNA - NANA OrderNA SexNA"
"NR X2 Order2 F - PR X6 Order1 M",-2.5,2.64271037547722,19,-0.945998480650211,1,"NANA OrderNA SexNA - NANA OrderNA SexNA"
"NR X2 Order2 F - NR X0 Order2 M",-13.5,3.00973080725897,19,-4.4854509803469,0.0815902784440997,"NANA OrderNA SexNA - NANA OrderNA SexNA"
"NR X2 Order2 F - PR X0 Order2 M",3,2.13827552532928,19,1.40299973715408,0.999990340416998,"NANA OrderNA SexNA - NANA OrderNA SexNA"
"NR X2 Order2 F - NR X1 Order2 M",-9.83333333333334,2.93332336521432,19,-3.35228411907968,0.460008244336734,"NANA OrderNA SexNA - NANA OrderNA SexNA"
"NR X2 Order2 F - PR X1 Order2 M",5.33333333333333,2.23770193312703,19,2.38339756264158,0.937289151129267,"NANA OrderNA SexNA - NANA OrderNA SexNA"
"NR X2 Order2 F - NR X2 Order2 M",-6.66666666666667,2.6766261385147,19,-2.49069773725146,0.905731407810617,"NANA OrderNA SexNA - NANA OrderNA SexNA"
"NR X2 Order2 F - PR X2 Order2 M",4.33333333333333,2.2891174018674,19,1.89301489290078,0.996521569179371,"NANA OrderNA SexNA - NANA OrderNA SexNA"
"NR X2 Order2 F - NR X3 Order2 M",-9.5,2.83807652514394,19,-3.34733750687649,0.462709207003764,"NANA OrderNA SexNA - NANA OrderNA SexNA"
"NR X2 Order2 F - PR X3 Order2 M",3.5,2.35950237592343,19,1.4833636260401,0.999965033859645,"NANA OrderNA SexNA - NANA OrderNA SexNA"
"NR X2 Order2 F - NR X4 Order2 M",-7.66666666666667,2.88254476591178,19,-2.6596869395857,0.839952829256246,"NANA OrderNA SexNA - NANA OrderNA SexNA"
"NR X2 Order2 F - PR X4 Order2 M",-0.166666666666668,2.49279663986441,19,-0.066859311345884,1,"NANA OrderNA SexNA - NANA OrderNA SexNA"
"NR X2 Order2 F - NR X5 Order2 M",-6,3.03223423311004,19,-1.97873895574553,0.993265883055933,"NANA OrderNA SexNA - NANA OrderNA SexNA"
"NR X2 Order2 F - PR X5 Order2 M",-2.16666666666667,2.52883950454869,19,-0.856782987915771,1,"NANA OrderNA SexNA - NANA OrderNA SexNA"
"NR X2 Order2 F - NR X6 Order2 M",-8.66666666666667,3.05294412596387,19,-2.83878980717685,0.751836793878027,"NANA OrderNA SexNA - NANA OrderNA SexNA"
"NR X2 Order2 F - PR X6 Order2 M",-4.33333333333334,2.64271037547722,19,-1.6397306997937,0.99971679475338,"NANA OrderNA SexNA - NANA OrderNA SexNA"
"PR X2 Order2 F - NR X3 Order2 F",-3.5,1.7493524282227,19,-2.00074035599328,0.992122003463261,"NANA OrderNA SexNA - NANA OrderNA SexNA"
"PR X2 Order2 F - PR X3 Order2 F",1.33333333333333,0.880091701761113,19,1.51499364289569,0.999944382376237,"NANA OrderNA SexNA - NANA OrderNA SexNA"
"PR X2 Order2 F - NR X4 Order2 F",-4.16666666666667,1.8085243249451,19,-2.30390413288644,0.955548803469744,"NANA OrderNA SexNA - NANA OrderNA SexNA"
"PR X2 Order2 F - PR X4 Order2 F",1.82926590541754e-15,1.35734949840441,19,1.34767494117608e-15,1,"NANA OrderNA SexNA - NANA OrderNA SexNA"
"PR X2 Order2 F - NR X5 Order2 F",-5.33333333333333,2.15374011691942,19,-2.47631238859116,0.910431770923773,"NANA OrderNA SexNA - NANA OrderNA SexNA"
"PR X2 Order2 F - PR X5 Order2 F",-1.16666666666666,1.29664434202583,19,-0.89975842168401,1,"NANA OrderNA SexNA - NANA OrderNA SexNA"
"PR X2 Order2 F - NR X6 Order2 F",-7.83333333333333,1.94703252990663,19,-4.02321646557645,0.178195318805423,"NANA OrderNA SexNA - NANA OrderNA SexNA"
"PR X2 Order2 F - PR X6 Order2 F",-1.33333333333333,1.41048703794488,19,-0.945299954883695,1,"NANA OrderNA SexNA - NANA OrderNA SexNA"
"PR X2 Order2 F - NR X0 Order1 M",-4.16666666666666,2.67099429544801,19,-1.55996838846404,0.999896350737759,"NANA OrderNA SexNA - NANA OrderNA SexNA"
"PR X2 Order2 F - PR X0 Order1 M",-1,1.62725327357921,19,-0.614532486267769,1,"NANA OrderNA SexNA - NANA OrderNA SexNA"
"PR X2 Order2 F - NR X1 Order1 M",-5.5,2.58459222297529,19,-2.12799526018406,0.982162909380012,"NANA OrderNA SexNA - NANA OrderNA SexNA"
"PR X2 Order2 F - PR X1 Order1 M",-1.16666666666667,1.75585903069481,19,-0.664442102852076,1,"NANA OrderNA SexNA - NANA OrderNA SexNA"
"PR X2 Order2 F - NR X2 Order1 M",-4.33333333333333,2.2891174018674,19,-1.89301489290078,0.996521569179371,"NANA OrderNA SexNA - NANA OrderNA SexNA"
"PR X2 Order2 F - PR X2 Order1 M",-2.5,1.82093093600065,19,-1.37292411841319,0.999994282998812,"NANA OrderNA SexNA - NANA OrderNA SexNA"
"PR X2 Order2 F - NR X3 Order1 M",-5.83333333333333,2.47596634805991,19,-2.35598247847922,0.944066602281778,"NANA OrderNA SexNA - NANA OrderNA SexNA"
"PR X2 Order2 F - PR X3 Order1 M",-5.16666666666667,1.90865985868105,19,-2.7069604063644,0.818311515715591,"NANA OrderNA SexNA - NANA OrderNA SexNA"
"PR X2 Order2 F - NR X4 Order1 M",-5.66666666666667,2.52681525277125,19,-2.24261218165904,0.966833533740476,"NANA OrderNA SexNA - NANA OrderNA SexNA"
"PR X2 Order2 F - PR X4 Order1 M",-6.83333333333333,2.07117504858265,19,-3.29925437157498,0.489295622499229,"NANA OrderNA SexNA - NANA OrderNA SexNA"
"PR X2 Order2 F - NR X5 Order1 M",-5.83333333333333,2.69632628563319,19,-2.16343747580366,0.97815694659342,"NANA OrderNA SexNA - NANA OrderNA SexNA"
"PR X2 Order2 F - PR X5 Order1 M",-7.16666666666667,2.11441723269513,19,-3.38942880139684,0.439949176235002,"NANA OrderNA SexNA - NANA OrderNA SexNA"
"PR X2 Order2 F - NR X6 Order1 M",-6.16666666666666,2.71959534313643,19,-2.26749419991094,0.962532500919266,"NANA OrderNA SexNA - NANA OrderNA SexNA"
"PR X2 Order2 F - PR X6 Order1 M",-5.83333333333333,2.24936638251909,19,-2.5933228924674,0.868040932738891,"NANA OrderNA SexNA - NANA OrderNA SexNA"
"PR X2 Order2 F - NR X0 Order2 M",-16.8333333333333,2.67099429544801,19,-6.30227228939472,0.00268774699315288,"NANA OrderNA SexNA - NANA OrderNA SexNA"
"PR X2 Order2 F - PR X0 Order2 M",-0.333333333333334,1.62725327357921,19,-0.204844162089256,1,"NANA OrderNA SexNA - NANA OrderNA SexNA"
"PR X2 Order2 F - NR X1 Order2 M",-13.1666666666667,2.58459222297529,19,-5.09429168347094,0.026804459927638,"NANA OrderNA SexNA - NANA OrderNA SexNA"
"PR X2 Order2 F - PR X1 Order2 M",2,1.75585903069481,19,1.13904360488927,1,"NANA OrderNA SexNA - NANA OrderNA SexNA"
"PR X2 Order2 F - NR X2 Order2 M",-9.99999999999999,2.2891174018674,19,-4.36849590669411,0.100100931689641,"NANA OrderNA SexNA - NANA OrderNA SexNA"
"PR X2 Order2 F - PR X2 Order2 M",1,1.82093093600065,19,0.549169647365276,1,"NANA OrderNA SexNA - NANA OrderNA SexNA"
"PR X2 Order2 F - NR X3 Order2 M",-12.8333333333333,2.47596634805991,19,-5.18316145265428,0.0226791683667099,"NANA OrderNA SexNA - NANA OrderNA SexNA"
"PR X2 Order2 F - PR X3 Order2 M",0.166666666666667,1.90865985868105,19,0.08732130343111,1,"NANA OrderNA SexNA - NANA OrderNA SexNA"
"PR X2 Order2 F - NR X4 Order2 M",-11,2.52681525277125,19,-4.35330599969108,0.102764258591208,"NANA OrderNA SexNA - NANA OrderNA SexNA"
"PR X2 Order2 F - PR X4 Order2 M",-3.5,2.07117504858265,19,-1.68986199519694,0.999497658437236,"NANA OrderNA SexNA - NANA OrderNA SexNA"
"PR X2 Order2 F - NR X5 Order2 M",-9.33333333333333,2.69632628563319,19,-3.46149996128586,0.402258248031592,"NANA OrderNA SexNA - NANA OrderNA SexNA"
"PR X2 Order2 F - PR X5 Order2 M",-5.5,2.11441723269513,19,-2.60118954525804,0.864858441859034,"NANA OrderNA SexNA - NANA OrderNA SexNA"
"PR X2 Order2 F - NR X6 Order2 M",-12,2.71959534313643,19,-4.41242114577265,0.0927446642275369,"NANA OrderNA SexNA - NANA OrderNA SexNA"
"PR X2 Order2 F - PR X6 Order2 M",-7.66666666666667,2.24936638251909,19,-3.40836723010001,0.429881407783119,"NANA OrderNA SexNA - NANA OrderNA SexNA"
"NR X3 Order2 F - PR X3 Order2 F",4.83333333333333,1.72536969510749,19,2.80133199686935,0.771537478338843,"NANA OrderNA SexNA - NANA OrderNA SexNA"
"NR X3 Order2 F - NR X4 Order2 F",-0.666666666666671,1.44792652716572,19,-0.460428519098725,1,"NANA OrderNA SexNA - NANA OrderNA SexNA"
"NR X3 Order2 F - PR X4 Order2 F",3.5,1.79578779402512,19,1.9490053399656,0.994595779179699,"NANA OrderNA SexNA - NANA OrderNA SexNA"
"NR X3 Order2 F - NR X5 Order2 F",-1.83333333333334,2.13067268295047,19,-0.860448133588783,1,"NANA OrderNA SexNA - NANA OrderNA SexNA"
"NR X3 Order2 F - PR X5 Order2 F",2.33333333333333,1.57613785130482,19,1.48041196485552,0.999966554852505,"NANA OrderNA SexNA - NANA OrderNA SexNA"
"NR X3 Order2 F - NR X6 Order2 F",-4.33333333333333,2.11655960497301,19,-2.04734765000327,0.989188370679543,"NANA OrderNA SexNA - NANA OrderNA SexNA"
"NR X3 Order2 F - PR X6 Order2 F",2.16666666666666,1.29257890819792,19,1.6762355109812,0.99956831638238,"NANA OrderNA SexNA - NANA OrderNA SexNA"
"NR X3 Order2 F - NR X0 Order1 M",-0.666666666666665,3.15417666108871,19,-0.211359964358038,1,"NANA OrderNA SexNA - NANA OrderNA SexNA"
"NR X3 Order2 F - PR X0 Order1 M",2.5,2.33721481670282,19,1.0696492175789,1,"NANA OrderNA SexNA - NANA OrderNA SexNA"
"NR X3 Order2 F - NR X1 Order1 M",-2,3.08135308624397,19,-0.649065505971569,1,"NANA OrderNA SexNA - NANA OrderNA SexNA"
"NR X3 Order2 F - PR X1 Order1 M",2.33333333333333,2.42850999971453,19,0.960808616644615,1,"NANA OrderNA SexNA - NANA OrderNA SexNA"
"NR X3 Order2 F - NR X2 Order1 M",-0.833333333333333,2.83807652514394,19,-0.293626097094428,1,"NANA OrderNA SexNA - NANA OrderNA SexNA"
"NR X3 Order2 F - PR X2 Order1 M",0.999999999999996,2.47596634805991,19,0.403882710596436,1,"NANA OrderNA SexNA - NANA OrderNA SexNA"
"NR X3 Order2 F - NR X3 Order1 M",-2.33333333333333,2.99082417399721,19,-0.780163994132378,1,"NANA OrderNA SexNA - NANA OrderNA SexNA"
"NR X3 Order2 F - PR X3 Order1 M",-1.66666666666667,2.54118128813772,19,-0.655862954149198,1,"NANA OrderNA SexNA - NANA OrderNA SexNA"
"NR X3 Order2 F - NR X4 Order1 M",-2.16666666666667,3.03305377543465,19,-0.714351550313736,1,"NANA OrderNA SexNA - NANA OrderNA SexNA"
"NR X3 Order2 F - PR X4 Order1 M",-3.33333333333334,2.66540540348223,19,-1.25059149688017,0.999999487777716,"NANA OrderNA SexNA - NANA OrderNA SexNA"
"NR X3 Order2 F - NR X5 Order1 M",-2.33333333333333,3.17565667565583,19,-0.734756169084764,1,"NANA OrderNA SexNA - NANA OrderNA SexNA"
"NR X3 Order2 F - PR X5 Order1 M",-3.66666666666667,2.69914433051644,19,-1.35845520567813,0.999995597823292,"NANA OrderNA SexNA - NANA OrderNA SexNA"
"NR X3 Order2 F - NR X6 Order1 M",-2.66666666666667,3.19543717094395,19,-0.834523266773828,1,"NANA OrderNA SexNA - NANA OrderNA SexNA"
"NR X3 Order2 F - PR X6 Order1 M",-2.33333333333334,2.80611279278791,19,-0.831518012864743,1,"NANA OrderNA SexNA - NANA OrderNA SexNA"
"NR X3 Order2 F - NR X0 Order2 M",-13.3333333333333,3.15417666108871,19,-4.22719928716077,0.127423973157106,"NANA OrderNA SexNA - NANA OrderNA SexNA"
"NR X3 Order2 F - PR X0 Order2 M",3.16666666666666,2.33721481670282,19,1.35488900893328,0.99999587626616,"NANA OrderNA SexNA - NANA OrderNA SexNA"
"NR X3 Order2 F - NR X1 Order2 M",-9.66666666666667,3.08135308624397,19,-3.13714994552925,0.582175667962001,"NANA OrderNA SexNA - NANA OrderNA SexNA"
"NR X3 Order2 F - PR X1 Order2 M",5.5,2.42850999971453,19,2.26476316780517,0.963022939424367,"NANA OrderNA SexNA - NANA OrderNA SexNA"
"NR X3 Order2 F - NR X2 Order2 M",-6.5,2.83807652514394,19,-2.29028355733654,0.958259397568506,"NANA OrderNA SexNA - NANA OrderNA SexNA"
"NR X3 Order2 F - PR X2 Order2 M",4.5,2.47596634805991,19,1.81747219768397,0.998190741793117,"NANA OrderNA SexNA - NANA OrderNA SexNA"
"NR X3 Order2 F - NR X3 Order2 M",-9.33333333333333,2.99082417399721,19,-3.12065597652951,0.591783871324757,"NANA OrderNA SexNA - NANA OrderNA SexNA"
"NR X3 Order2 F - PR X3 Order2 M",3.66666666666666,2.54118128813772,19,1.44289849912823,0.999981334227529,"NANA OrderNA SexNA - NANA OrderNA SexNA"
"NR X3 Order2 F - NR X4 Order2 M",-7.50000000000001,3.03305377543465,19,-2.47275536647062,0.91157159103587,"NANA OrderNA SexNA - NANA OrderNA SexNA"
"NR X3 Order2 F - PR X4 Order2 M",-1.22124532708767e-15,2.66540540348223,19,-4.58183706498145e-16,1,"NANA OrderNA SexNA - NANA OrderNA SexNA"
"NR X3 Order2 F - NR X5 Order2 M",-5.83333333333334,3.17565667565583,19,-1.83689042271191,0.997844944426201,"NANA OrderNA SexNA - NANA OrderNA SexNA"
"NR X3 Order2 F - PR X5 Order2 M",-2,2.69914433051644,19,-0.740975566733524,1,"NANA OrderNA SexNA - NANA OrderNA SexNA"
"NR X3 Order2 F - NR X6 Order2 M",-8.5,3.19543717094395,19,-2.66004291284158,0.839794771714725,"NANA OrderNA SexNA - NANA OrderNA SexNA"
"NR X3 Order2 F - PR X6 Order2 M",-4.16666666666667,2.80611279278791,19,-1.48485359440133,0.999964242740119,"NANA OrderNA SexNA - NANA OrderNA SexNA"
"PR X3 Order2 F - NR X4 Order2 F",-5.5,1.7547762723726,19,-3.13430269521684,0.583833496727095,"NANA OrderNA SexNA - NANA OrderNA SexNA"
"PR X3 Order2 F - PR X4 Order2 F",-1.33333333333333,1.04629672756119,19,-1.27433575792709,0.999999150247298,"NANA OrderNA SexNA - NANA OrderNA SexNA"
"PR X3 Order2 F - NR X5 Order2 F",-6.66666666666667,2.06933896273425,19,-3.22164072040566,0.533284443337448,"NANA OrderNA SexNA - NANA OrderNA SexNA"
"PR X3 Order2 F - PR X5 Order2 F",-2.5,1.42543724696292,19,-1.75384781429457,0.999015918057528,"NANA OrderNA SexNA - NANA OrderNA SexNA"
"PR X3 Order2 F - NR X6 Order2 F",-9.16666666666666,2.01848185670517,19,-4.54136688730494,0.073893504002884,"NANA OrderNA SexNA - NANA OrderNA SexNA"
"PR X3 Order2 F - PR X6 Order2 F",-2.66666666666667,1.41638284050506,19,-1.88273014216677,0.996804564529251,"NANA OrderNA SexNA - NANA OrderNA SexNA"
"PR X3 Order2 F - NR X0 Order1 M",-5.49999999999999,2.73155697520149,19,-2.01350367205659,0.99139059764861,"NANA OrderNA SexNA - NANA OrderNA SexNA"
"PR X3 Order2 F - PR X0 Order1 M",-2.33333333333333,1.72486121146903,19,-1.35276584447399,0.999996034237679,"NANA OrderNA SexNA - NANA OrderNA SexNA"
"PR X3 Order2 F - NR X1 Order1 M",-6.83333333333333,2.64713239969603,19,-2.58140973006035,0.872782886262885,"NANA OrderNA SexNA - NANA OrderNA SexNA"
"PR X3 Order2 F - PR X1 Order1 M",-2.5,1.84668186706012,19,-1.35377947040762,0.999995959492928,"NANA OrderNA SexNA - NANA OrderNA SexNA"
"PR X3 Order2 F - NR X2 Order1 M",-5.66666666666666,2.35950237592343,19,-2.40163634692206,0.932493552808678,"NANA OrderNA SexNA - NANA OrderNA SexNA"
"PR X3 Order2 F - PR X2 Order1 M",-3.83333333333333,1.90865985868105,19,-2.00838997891552,0.991689856114399,"NANA OrderNA SexNA - NANA OrderNA SexNA"
"PR X3 Order2 F - NR X3 Order1 M",-7.16666666666666,2.54118128813772,19,-2.82021070284154,0.761680065211371,"NANA OrderNA SexNA - NANA OrderNA SexNA"
"PR X3 Order2 F - PR X3 Order1 M",-6.5,1.99252990908455,19,-3.26218440705182,0.510160969296997,"NANA OrderNA SexNA - NANA OrderNA SexNA"
"PR X3 Order2 F - NR X4 Order1 M",-7,2.5907505291119,19,-2.70191974153512,0.820680036283574,"NANA OrderNA SexNA - NANA OrderNA SexNA"
"PR X3 Order2 F - PR X4 Order1 M",-8.16666666666667,2.14871102392283,19,-3.80072823927578,0.251440112757758,"NANA OrderNA SexNA - NANA OrderNA SexNA"
"PR X3 Order2 F - NR X5 Order1 M",-7.16666666666667,2.75633242208784,19,-2.60007341975034,0.865312440000168,"NANA OrderNA SexNA - NANA OrderNA SexNA"
"PR X3 Order2 F - PR X5 Order1 M",-8.5,2.19042306789676,19,-3.88052889169108,0.222869595352322,"NANA OrderNA SexNA - NANA OrderNA SexNA"
"PR X3 Order2 F - NR X6 Order1 M",-7.5,2.77909910094359,19,-2.69871628451591,0.822177907429765,"NANA OrderNA SexNA - NANA OrderNA SexNA"
"PR X3 Order2 F - PR X6 Order1 M",-7.16666666666667,2.32095715282794,19,-3.08780653616744,0.610935283599099,"NANA OrderNA SexNA - NANA OrderNA SexNA"
"PR X3 Order2 F - NR X0 Order2 M",-18.1666666666667,2.73155697520149,19,-6.65066364406571,0.00138952208176002,"NANA OrderNA SexNA - NANA OrderNA SexNA"
"PR X3 Order2 F - PR X0 Order2 M",-1.66666666666667,1.72486121146903,19,-0.966261317481422,1,"NANA OrderNA SexNA - NANA OrderNA SexNA"
"PR X3 Order2 F - NR X1 Order2 M",-14.5,2.64713239969603,19,-5.4776255247622,0.0129764061475511,"NANA OrderNA SexNA - NANA OrderNA SexNA"
"PR X3 Order2 F - PR X1 Order2 M",0.666666666666667,1.84668186706012,19,0.361007858775365,1,"NANA OrderNA SexNA - NANA OrderNA SexNA"
"PR X3 Order2 F - NR X2 Order2 M",-11.3333333333333,2.35950237592343,19,-4.80327269384412,0.0460144114697525,"NANA OrderNA SexNA - NANA OrderNA SexNA"
"PR X3 Order2 F - PR X2 Order2 M",-0.333333333333333,1.90865985868105,19,-0.174642606862219,1,"NANA OrderNA SexNA - NANA OrderNA SexNA"
"PR X3 Order2 F - NR X3 Order2 M",-14.1666666666667,2.54118128813772,19,-5.57483511026817,0.0107809530407716,"NANA OrderNA SexNA - NANA OrderNA SexNA"
"PR X3 Order2 F - PR X3 Order2 M",-1.16666666666667,1.99252990908455,19,-0.585520278188788,1,"NANA OrderNA SexNA - NANA OrderNA SexNA"
"PR X3 Order2 F - NR X4 Order2 M",-12.3333333333333,2.5907505291119,19,-4.76052525889522,0.0497603152922965,"NANA OrderNA SexNA - NANA OrderNA SexNA"
"PR X3 Order2 F - PR X4 Order2 M",-4.83333333333333,2.14871102392283,19,-2.24941059059179,0.965695392794085,"NANA OrderNA SexNA - NANA OrderNA SexNA"
"PR X3 Order2 F - NR X5 Order2 M",-10.6666666666667,2.75633242208784,19,-3.86987671776794,0.22653131418234,"NANA OrderNA SexNA - NANA OrderNA SexNA"
"PR X3 Order2 F - PR X5 Order2 M",-6.83333333333333,2.19042306789676,19,-3.11964087371244,0.592375494990571,"NANA OrderNA SexNA - NANA OrderNA SexNA"
"PR X3 Order2 F - NR X6 Order2 M",-13.3333333333333,2.77909910094359,19,-4.79771783913939,0.0464856293837544,"NANA OrderNA SexNA - NANA OrderNA SexNA"
"PR X3 Order2 F - PR X6 Order2 M",-9,2.32095715282794,19,-3.87771053379167,0.223833898005173,"NANA OrderNA SexNA - NANA OrderNA SexNA"
"NR X4 Order2 F - PR X4 Order2 F",4.16666666666667,1.82085064627042,19,2.28830776165036,0.958642773564461,"NANA OrderNA SexNA - NANA OrderNA SexNA"
"NR X4 Order2 F - NR X5 Order2 F",-1.16666666666666,1.61190744586502,19,-0.723780183322239,1,"NANA OrderNA SexNA - NANA OrderNA SexNA"
"NR X4 Order2 F - PR X5 Order2 F",3,1.88763288134553,19,1.58929208621411,0.999847886417088,"NANA OrderNA SexNA - NANA OrderNA SexNA"
"NR X4 Order2 F - NR X6 Order2 F",-3.66666666666666,1.35734949840441,19,-2.70134307411384,0.820950098930113,"NANA OrderNA SexNA - NANA OrderNA SexNA"
"NR X4 Order2 F - PR X6 Order2 F",2.83333333333333,1.73154428590062,19,1.63630428421855,0.999728104707983,"NANA OrderNA SexNA - NANA OrderNA SexNA"
"NR X4 Order2 F - NR X0 Order1 M",5.99520433297585e-15,3.19424738776899,19,1.87687539666838e-15,1,"NANA OrderNA SexNA - NANA OrderNA SexNA"
"NR X4 Order2 F - PR X0 Order1 M",3.16666666666667,2.39101632456315,19,1.32440194328043,0.999997677114797,"NANA OrderNA SexNA - NANA OrderNA SexNA"
"NR X4 Order2 F - NR X1 Order1 M",-1.33333333333333,3.12235853274693,19,-0.427027620098553,1,"NANA OrderNA SexNA - NANA OrderNA SexNA"
"NR X4 Order2 F - PR X1 Order1 M",3,2.48033199060645,19,1.20951550492501,0.999999796585788,"NANA OrderNA SexNA - NANA OrderNA SexNA"
"NR X4 Order2 F - NR X2 Order1 M",-0.166666666666662,2.88254476591178,19,-0.0578192812953396,1,"NANA OrderNA SexNA - NANA OrderNA SexNA"
"NR X4 Order2 F - PR X2 Order1 M",1.66666666666667,2.52681525277125,19,0.659591818135012,1,"NANA OrderNA SexNA - NANA OrderNA SexNA"
"NR X4 Order2 F - NR X3 Order1 M",-1.66666666666666,3.03305377543465,19,-0.549501192549025,1,"NANA OrderNA SexNA - NANA OrderNA SexNA"
"NR X4 Order2 F - PR X3 Order1 M",-1,2.5907505291119,19,-0.385988534505018,1,"NANA OrderNA SexNA - NANA OrderNA SexNA"
"NR X4 Order2 F - NR X4 Order1 M",-1.5,3.07470342790823,19,-0.487851929517791,1,"NANA OrderNA SexNA - NANA OrderNA SexNA"
"NR X4 Order2 F - PR X4 Order1 M",-2.66666666666667,2.71270564747165,19,-0.98302839054879,1,"NANA OrderNA SexNA - NANA OrderNA SexNA"
"NR X4 Order2 F - NR X5 Order1 M",-1.66666666666666,3.21545973175683,19,-0.518329198840891,1,"NANA OrderNA SexNA - NANA OrderNA SexNA"
"NR X4 Order2 F - PR X5 Order1 M",-3,2.74586344923985,19,-1.09255250869467,1,"NANA OrderNA SexNA - NANA OrderNA SexNA"
"NR X4 Order2 F - NR X6 Order1 M",-2,3.23499685909625,19,-0.618238621894283,1,"NANA OrderNA SexNA - NANA OrderNA SexNA"
"NR X4 Order2 F - PR X6 Order1 M",-1.66666666666667,2.85107961494593,19,-0.584573877884597,1,"NANA OrderNA SexNA - NANA OrderNA SexNA"
"NR X4 Order2 F - NR X0 Order2 M",-12.6666666666667,3.19424738776899,19,-3.96546200997715,0.19531319459536,"NANA OrderNA SexNA - NANA OrderNA SexNA"
"NR X4 Order2 F - PR X0 Order2 M",3.83333333333333,2.39101632456315,19,1.60322340502368,0.999818541136535,"NANA OrderNA SexNA - NANA OrderNA SexNA"
"NR X4 Order2 F - NR X1 Order2 M",-9,3.12235853274693,19,-2.88243643566524,0.728209695672036,"NANA OrderNA SexNA - NANA OrderNA SexNA"
"NR X4 Order2 F - PR X1 Order2 M",6.16666666666667,2.48033199060645,19,2.48622631567918,0.907208004638096,"NANA OrderNA SexNA - NANA OrderNA SexNA"
"NR X4 Order2 F - NR X2 Order2 M",-5.83333333333333,2.88254476591178,19,-2.02367484533694,0.990769978187109,"NANA OrderNA SexNA - NANA OrderNA SexNA"
"NR X4 Order2 F - PR X2 Order2 M",5.16666666666667,2.52681525277125,19,2.04473463621854,0.989372718462819,"NANA OrderNA SexNA - NANA OrderNA SexNA"
"NR X4 Order2 F - NR X3 Order2 M",-8.66666666666666,3.03305377543465,19,-2.85740620125494,0.741841355291184,"NANA OrderNA SexNA - NANA OrderNA SexNA"
"NR X4 Order2 F - PR X3 Order2 M",4.33333333333333,2.5907505291119,19,1.67261698285508,0.999585562630615,"NANA OrderNA SexNA - NANA OrderNA SexNA"
"NR X4 Order2 F - NR X4 Order2 M",-6.83333333333334,3.07470342790823,19,-2.22243656780327,0.970051235903054,"NANA OrderNA SexNA - NANA OrderNA SexNA"
"NR X4 Order2 F - PR X4 Order2 M",0.66666666666667,2.71270564747165,19,0.245757097637199,1,"NANA OrderNA SexNA - NANA OrderNA SexNA"
"NR X4 Order2 F - NR X5 Order2 M",-5.16666666666666,3.21545973175683,19,-1.60682051640676,0.999810198309772,"NANA OrderNA SexNA - NANA OrderNA SexNA"
"NR X4 Order2 F - PR X5 Order2 M",-1.33333333333333,2.74586344923985,19,-0.485578892753187,1,"NANA OrderNA SexNA - NANA OrderNA SexNA"
"NR X4 Order2 F - NR X6 Order2 M",-7.83333333333333,3.23499685909625,19,-2.42143460241928,0.927025836155085,"NANA OrderNA SexNA - NANA OrderNA SexNA"
"NR X4 Order2 F - PR X6 Order2 M",-3.5,2.85107961494593,19,-1.22760514355765,0.999999692136101,"NANA OrderNA SexNA - NANA OrderNA SexNA"
"PR X4 Order2 F - NR X5 Order2 F",-5.33333333333333,2.01086231539158,19,-2.65226181450159,0.843232211423789,"NANA OrderNA SexNA - NANA OrderNA SexNA"
"PR X4 Order2 F - PR X5 Order2 F",-1.16666666666667,1.49668249122256,19,-0.779501780443546,1,"NANA OrderNA SexNA - NANA OrderNA SexNA"
"PR X4 Order2 F - NR X6 Order2 F",-7.83333333333333,2.1862141166278,19,-3.58305861889507,0.342886900457947,"NANA OrderNA SexNA - NANA OrderNA SexNA"
"PR X4 Order2 F - PR X6 Order2 F",-1.33333333333334,1.48491439491774,19,-0.89791932645868,1,"NANA OrderNA SexNA - NANA OrderNA SexNA"
"PR X4 Order2 F - NR X0 Order1 M",-4.16666666666666,2.84748786380257,19,-1.46327811248419,0.999974268351317,"NANA OrderNA SexNA - NANA OrderNA SexNA"
"PR X4 Order2 F - PR X0 Order1 M",-1,1.90313683810739,19,-0.525448291460991,1,"NANA OrderNA SexNA - NANA OrderNA SexNA"
"PR X4 Order2 F - NR X1 Order1 M",-5.5,2.76660325439906,19,-1.98799737232098,0.992801975675499,"NANA OrderNA SexNA - NANA OrderNA SexNA"
"PR X4 Order2 F - PR X1 Order1 M",-1.16666666666667,2.01420394793071,19,-0.579219729891426,1,"NANA OrderNA SexNA - NANA OrderNA SexNA"
"PR X4 Order2 F - NR X2 Order1 M",-4.33333333333333,2.49279663986441,19,-1.73834209499297,0.999159062775045,"NANA OrderNA SexNA - NANA OrderNA SexNA"
"PR X4 Order2 F - PR X2 Order1 M",-2.5,2.07117504858265,19,-1.20704428228353,0.999999807967965,"NANA OrderNA SexNA - NANA OrderNA SexNA"
"PR X4 Order2 F - NR X3 Order1 M",-5.83333333333333,2.66540540348223,19,-2.18853511954029,0.974938074799551,"NANA OrderNA SexNA - NANA OrderNA SexNA"
"PR X4 Order2 F - PR X3 Order1 M",-5.16666666666667,2.14871102392283,19,-2.40454235546019,0.931708128512098,"NANA OrderNA SexNA - NANA OrderNA SexNA"
"PR X4 Order2 F - NR X4 Order1 M",-5.66666666666667,2.71270564747165,19,-2.08893532991618,0.985903466040242,"NANA OrderNA SexNA - NANA OrderNA SexNA"
"PR X4 Order2 F - PR X4 Order1 M",-6.83333333333333,2.29428478835093,19,-2.97841548182209,0.674291279067736,"NANA OrderNA SexNA - NANA OrderNA SexNA"
"PR X4 Order2 F - NR X5 Order1 M",-5.83333333333333,2.87126314481686,19,-2.03162616560016,0.990260599788228,"NANA OrderNA SexNA - NANA OrderNA SexNA"
"PR X4 Order2 F - PR X5 Order1 M",-7.16666666666667,2.33339598913371,19,-3.07134609815086,0.620527634107844,"NANA OrderNA SexNA - NANA OrderNA SexNA"
"PR X4 Order2 F - NR X6 Order1 M",-6.16666666666667,2.893125548364,19,-2.13148947862072,0.98179478863707,"NANA OrderNA SexNA - NANA OrderNA SexNA"
"PR X4 Order2 F - PR X6 Order1 M",-5.83333333333333,2.45634397652164,19,-2.37480311759664,0.939469239860433,"NANA OrderNA SexNA - NANA OrderNA SexNA"
"PR X4 Order2 F - NR X0 Order2 M",-16.8333333333333,2.84748786380257,19,-5.91164357443613,0.00566352772940282,"NANA OrderNA SexNA - NANA OrderNA SexNA"
"PR X4 Order2 F - PR X0 Order2 M",-0.333333333333336,1.90313683810739,19,-0.175149430486998,1,"NANA OrderNA SexNA - NANA OrderNA SexNA"
"PR X4 Order2 F - NR X1 Order2 M",-13.1666666666667,2.76660325439906,19,-4.7591452246472,0.049885920228081,"NANA OrderNA SexNA - NANA OrderNA SexNA"
"PR X4 Order2 F - PR X1 Order2 M",2,2.01420394793071,19,0.992948108385299,1,"NANA OrderNA SexNA - NANA OrderNA SexNA"
"PR X4 Order2 F - NR X2 Order2 M",-10,2.49279663986441,19,-4.011558680753,0.181547656807778,"NANA OrderNA SexNA - NANA OrderNA SexNA"
"PR X4 Order2 F - PR X2 Order2 M",0.999999999999998,2.07117504858265,19,0.482817712913411,1,"NANA OrderNA SexNA - NANA OrderNA SexNA"
"PR X4 Order2 F - NR X3 Order2 M",-12.8333333333333,2.66540540348223,19,-4.81477726298865,0.0450528400119418,"NANA OrderNA SexNA - NANA OrderNA SexNA"
"PR X4 Order2 F - PR X3 Order2 M",0.166666666666665,2.14871102392283,19,0.077565882434199,1,"NANA OrderNA SexNA - NANA OrderNA SexNA"
"PR X4 Order2 F - NR X4 Order2 M",-11,2.71270564747165,19,-4.05499211101376,0.169316780541375,"NANA OrderNA SexNA - NANA OrderNA SexNA"
"PR X4 Order2 F - PR X4 Order2 M",-3.5,2.29428478835093,19,-1.52552988093327,0.999935401796851,"NANA OrderNA SexNA - NANA OrderNA SexNA"
"PR X4 Order2 F - NR X5 Order2 M",-9.33333333333333,2.87126314481686,19,-3.25060186496025,0.516737419804254,"NANA OrderNA SexNA - NANA OrderNA SexNA"
"PR X4 Order2 F - PR X5 Order2 M",-5.5,2.33339598913371,19,-2.35707956369717,0.943805233280278,"NANA OrderNA SexNA - NANA OrderNA SexNA"
"PR X4 Order2 F - NR X6 Order2 M",-12,2.893125548364,19,-4.14776330974843,0.145488792093636,"NANA OrderNA SexNA - NANA OrderNA SexNA"
"PR X4 Order2 F - PR X6 Order2 M",-7.66666666666667,2.45634397652164,19,-3.12116981169845,0.59148440757838,"NANA OrderNA SexNA - NANA OrderNA SexNA"
"NR X5 Order2 F - PR X5 Order2 F",4.16666666666667,2.0126791082988,19,2.07020913045026,0.987466577301113,"NANA OrderNA SexNA - NANA OrderNA SexNA"
"NR X5 Order2 F - NR X6 Order2 F",-2.5,1.37319791531297,19,-1.82056786725475,0.998138980073063,"NANA OrderNA SexNA - NANA OrderNA SexNA"
"NR X5 Order2 F - PR X6 Order2 F",4,2.26439514663783,19,1.76647614085342,0.998884442455929,"NANA OrderNA SexNA - NANA OrderNA SexNA"
"NR X5 Order2 F - NR X0 Order1 M",1.16666666666667,3.32995442780049,19,0.350355145081454,1,"NANA OrderNA SexNA - NANA OrderNA SexNA"
"NR X5 Order2 F - PR X0 Order1 M",4.33333333333333,2.56950173794192,19,1.68644888203274,0.999516235697503,"NANA OrderNA SexNA - NANA OrderNA SexNA"
"NR X5 Order2 F - NR X1 Order1 M",-0.166666666666666,3.26105855880826,19,-0.0511081489832473,1,"NANA OrderNA SexNA - NANA OrderNA SexNA"
"NR X5 Order2 F - PR X1 Order1 M",4.16666666666667,2.6528149013048,19,1.57065864814664,0.99988055693802,"NANA OrderNA SexNA - NANA OrderNA SexNA"
"NR X5 Order2 F - NR X2 Order1 M",1,3.03223423311004,19,0.329789825957589,1,"NANA OrderNA SexNA - NANA OrderNA SexNA"
"NR X5 Order2 F - PR X2 Order1 M",2.83333333333333,2.69632628563319,19,1.05081248824749,1,"NANA OrderNA SexNA - NANA OrderNA SexNA"
"NR X5 Order2 F - NR X3 Order1 M",-0.499999999999996,3.17565667565583,19,-0.157447750518163,1,"NANA OrderNA SexNA - NANA OrderNA SexNA"
"NR X5 Order2 F - PR X3 Order1 M",0.166666666666664,2.75633242208784,19,0.0604668237151233,1,"NANA OrderNA SexNA - NANA OrderNA SexNA"
"NR X5 Order2 F - NR X4 Order1 M",-0.333333333333335,3.21545973175683,19,-0.103665839768179,1,"NANA OrderNA SexNA - NANA OrderNA SexNA"
"NR X5 Order2 F - PR X4 Order1 M",-1.5,2.87126314481686,19,-0.522418156868612,1,"NANA OrderNA SexNA - NANA OrderNA SexNA"
"NR X5 Order2 F - NR X5 Order1 M",-0.5,3.35030765803811,19,-0.149240025404948,1,"NANA OrderNA SexNA - NANA OrderNA SexNA"
"NR X5 Order2 F - PR X5 Order1 M",-1.83333333333333,2.90261023887645,19,-0.631615402157124,1,"NANA OrderNA SexNA - NANA OrderNA SexNA"
"NR X5 Order2 F - NR X6 Order1 M",-0.833333333333332,3.36906289572065,19,-0.247348701738938,1,"NANA OrderNA SexNA - NANA OrderNA SexNA"
"NR X5 Order2 F - PR X6 Order1 M",-0.500000000000001,3.00233827003542,19,-0.16653686394708,1,"NANA OrderNA SexNA - NANA OrderNA SexNA"
"NR X5 Order2 F - NR X0 Order2 M",-11.5,3.32995442780049,19,-3.4535007158029,0.406355890335711,"NANA OrderNA SexNA - NANA OrderNA SexNA"
"NR X5 Order2 F - PR X0 Order2 M",5,2.56950173794192,19,1.94590255619162,0.994721307442337,"NANA OrderNA SexNA - NANA OrderNA SexNA"
"NR X5 Order2 F - NR X1 Order2 M",-7.83333333333334,3.26105855880826,19,-2.40208300221263,0.932373215080881,"NANA OrderNA SexNA - NANA OrderNA SexNA"
"NR X5 Order2 F - PR X1 Order2 M",7.33333333333333,2.6528149013048,19,2.76435922073809,0.790385105218399,"NANA OrderNA SexNA - NANA OrderNA SexNA"
"NR X5 Order2 F - NR X2 Order2 M",-4.66666666666666,3.03223423311004,19,-1.53901918780207,0.99992202863298,"NANA OrderNA SexNA - NANA OrderNA SexNA"
"NR X5 Order2 F - PR X2 Order2 M",6.33333333333333,2.69632628563319,19,2.34887497372969,0.945740161198562,"NANA OrderNA SexNA - NANA OrderNA SexNA"
"NR X5 Order2 F - NR X3 Order2 M",-7.5,3.17565667565583,19,-2.36171625777245,0.942691591190557,"NANA OrderNA SexNA - NANA OrderNA SexNA"
"NR X5 Order2 F - PR X3 Order2 M",5.5,2.75633242208784,19,1.9954051825991,0.992412664793514,"NANA OrderNA SexNA - NANA OrderNA SexNA"
"NR X5 Order2 F - NR X4 Order2 M",-5.66666666666667,3.21545973175683,19,-1.76231927605903,0.998929282789052,"NANA OrderNA SexNA - NANA OrderNA SexNA"
"NR X5 Order2 F - PR X4 Order2 M",1.83333333333333,2.87126314481686,19,0.638511080617193,1,"NANA OrderNA SexNA - NANA OrderNA SexNA"
"NR X5 Order2 F - NR X5 Order2 M",-4,3.3503076580381,19,-1.19392020323959,0.999999859124901,"NANA OrderNA SexNA - NANA OrderNA SexNA"
"NR X5 Order2 F - PR X5 Order2 M",-0.166666666666666,2.90261023887645,19,-0.0574195820142836,1,"NANA OrderNA SexNA - NANA OrderNA SexNA"
"NR X5 Order2 F - NR X6 Order2 M",-6.66666666666667,3.36906289572065,19,-1.97878961391151,0.993263411749608,"NANA OrderNA SexNA - NANA OrderNA SexNA"
"NR X5 Order2 F - PR X6 Order2 M",-2.33333333333334,3.00233827003542,19,-0.77717203175304,1,"NANA OrderNA SexNA - NANA OrderNA SexNA"
"PR X5 Order2 F - NR X6 Order2 F",-6.66666666666667,2.14973138536882,19,-3.10116264387277,0.603148168806869,"NANA OrderNA SexNA - NANA OrderNA SexNA"
"PR X5 Order2 F - PR X6 Order2 F",-0.16666666666667,1.2766458245745,19,-0.130550434159935,1,"NANA OrderNA SexNA - NANA OrderNA SexNA"
"PR X5 Order2 F - NR X0 Order1 M",-3,2.87909383079984,19,-1.04199452199394,1,"NANA OrderNA SexNA - NANA OrderNA SexNA"
"PR X5 Order2 F - PR X0 Order1 M",0.166666666666664,1.95010870892066,19,0.0854653209353187,1,"NANA OrderNA SexNA - NANA OrderNA SexNA"
"PR X5 Order2 F - NR X1 Order1 M",-4.33333333333333,2.79912266956956,19,-1.54810411863789,0.999911685984641,"NANA OrderNA SexNA - NANA OrderNA SexNA"
"PR X5 Order2 F - PR X1 Order1 M",-2.66453525910038e-15,2.05864316866873,19,-1.29431622714074e-15,1,"NANA OrderNA SexNA - NANA OrderNA SexNA"
"PR X5 Order2 F - NR X2 Order1 M",-3.16666666666666,2.52883950454869,19,-1.25222129003074,0.999999469333635,"NANA OrderNA SexNA - NANA OrderNA SexNA"
"PR X5 Order2 F - PR X2 Order1 M",-1.33333333333334,2.11441723269513,19,-0.63059140491104,1,"NANA OrderNA SexNA - NANA OrderNA SexNA"
"PR X5 Order2 F - NR X3 Order1 M",-4.66666666666666,2.69914433051644,19,-1.72894298904489,0.999236833834224,"NANA OrderNA SexNA - NANA OrderNA SexNA"
"PR X5 Order2 F - PR X3 Order1 M",-4,2.19042306789676,19,-1.82613124314874,0.998042802460393,"NANA OrderNA SexNA - NANA OrderNA SexNA"
"PR X5 Order2 F - NR X4 Order1 M",-4.5,2.74586344923985,19,-1.63882876304201,0.999719811058202,"NANA OrderNA SexNA - NANA OrderNA SexNA"
"PR X5 Order2 F - PR X4 Order1 M",-5.66666666666667,2.33339598913371,19,-2.42850621714254,0.925006367278354,"NANA OrderNA SexNA - NANA OrderNA SexNA"
"PR X5 Order2 F - NR X5 Order1 M",-4.66666666666667,2.90261023887645,19,-1.60774829639995,0.99980799251525,"NANA OrderNA SexNA - NANA OrderNA SexNA"
"PR X5 Order2 F - PR X5 Order1 M",-6,2.37186234721833,19,-2.52965776324949,0.892274343029864,"NANA OrderNA SexNA - NANA OrderNA SexNA"
"PR X5 Order2 F - NR X6 Order1 M",-5,2.92423829238372,19,-1.70984697554323,0.99937600737274,"NANA OrderNA SexNA - NANA OrderNA SexNA"
"PR X5 Order2 F - PR X6 Order1 M",-4.66666666666667,2.49291393414232,19,-1.87197263521744,0.997079911127535,"NANA OrderNA SexNA - NANA OrderNA SexNA"
"PR X5 Order2 F - NR X0 Order2 M",-15.6666666666667,2.87909383079984,19,-5.44152694819061,0.0138996423653432,"NANA OrderNA SexNA - NANA OrderNA SexNA"
"PR X5 Order2 F - PR X0 Order2 M",0.833333333333331,1.95010870892066,19,0.427326604676599,1,"NANA OrderNA SexNA - NANA OrderNA SexNA"
"PR X5 Order2 F - NR X1 Order2 M",-12,2.79912266956956,19,-4.28705755930493,0.115134092913269,"NANA OrderNA SexNA - NANA OrderNA SexNA"
"PR X5 Order2 F - PR X1 Order2 M",3.16666666666666,2.05864316866873,19,1.53822999287169,0.999922874100027,"NANA OrderNA SexNA - NANA OrderNA SexNA"
"PR X5 Order2 F - NR X2 Order2 M",-8.83333333333333,2.52883950454869,19,-3.49303833534891,0.38632342234812,"NANA OrderNA SexNA - NANA OrderNA SexNA"
"PR X5 Order2 F - PR X2 Order2 M",2.16666666666666,2.11441723269513,19,1.02471103298044,1,"NANA OrderNA SexNA - NANA OrderNA SexNA"
"PR X5 Order2 F - NR X3 Order2 M",-11.6666666666667,2.69914433051644,19,-4.32235747261222,0.108387486733458,"NANA OrderNA SexNA - NANA OrderNA SexNA"
"PR X5 Order2 F - PR X3 Order2 M",1.33333333333333,2.19042306789676,19,0.608710414382914,1,"NANA OrderNA SexNA - NANA OrderNA SexNA"
"PR X5 Order2 F - NR X4 Order2 M",-9.83333333333334,2.74586344923985,19,-3.58114433405476,0.343777730410905,"NANA OrderNA SexNA - NANA OrderNA SexNA"
"PR X5 Order2 F - PR X4 Order2 M",-2.33333333333333,2.33339598913371,19,-0.999973148235163,1,"NANA OrderNA SexNA - NANA OrderNA SexNA"
"PR X5 Order2 F - NR X5 Order2 M",-8.16666666666667,2.90261023887645,19,-2.81355951869991,0.765170052022972,"NANA OrderNA SexNA - NANA OrderNA SexNA"
"PR X5 Order2 F - PR X5 Order2 M",-4.33333333333333,2.37186234721833,19,-1.82697505123574,0.998027857027637,"NANA OrderNA SexNA - NANA OrderNA SexNA"
"PR X5 Order2 F - NR X6 Order2 M",-10.8333333333333,2.92423829238372,19,-3.70466844701033,0.289360145977395,"NANA OrderNA SexNA - NANA OrderNA SexNA"
"PR X5 Order2 F - PR X6 Order2 M",-6.5,2.49291393414232,19,-2.60739045619572,0.86232137787999,"NANA OrderNA SexNA - NANA OrderNA SexNA"
"NR X6 Order2 F - PR X6 Order2 F",6.5,2.10464537719367,19,3.08840627995348,0.610585653699618,"NANA OrderNA SexNA - NANA OrderNA SexNA"
"NR X6 Order2 F - NR X0 Order1 M",3.66666666666667,3.34882365660555,19,1.09491183850012,1,"NANA OrderNA SexNA - NANA OrderNA SexNA"
"NR X6 Order2 F - PR X0 Order1 M",6.83333333333333,2.59390874417344,19,2.63437692196485,0.850992442785852,"NANA OrderNA SexNA - NANA OrderNA SexNA"
"NR X6 Order2 F - NR X1 Order1 M",2.33333333333333,3.28032411749045,19,0.711311824612748,1,"NANA OrderNA SexNA - NANA OrderNA SexNA"
"NR X6 Order2 F - PR X1 Order1 M",6.66666666666666,2.67646227180539,19,2.49085023050585,0.905680802606881,"NANA OrderNA SexNA - NANA OrderNA SexNA"
"NR X6 Order2 F - NR X2 Order1 M",3.5,3.05294412596387,19,1.14643434520604,1,"NANA OrderNA SexNA - NANA OrderNA SexNA"
"NR X6 Order2 F - PR X2 Order1 M",5.33333333333333,2.71959534313643,19,1.96107606478784,0.994084220316965,"NANA OrderNA SexNA - NANA OrderNA SexNA"
"NR X6 Order2 F - NR X3 Order1 M",2,3.19543717094395,19,0.625892450080372,1,"NANA OrderNA SexNA - NANA OrderNA SexNA"
"NR X6 Order2 F - PR X3 Order1 M",2.66666666666666,2.77909910094359,19,0.959543567827878,1,"NANA OrderNA SexNA - NANA OrderNA SexNA"
"NR X6 Order2 F - NR X4 Order1 M",2.16666666666666,3.23499685909625,19,0.66975850705214,1,"NANA OrderNA SexNA - NANA OrderNA SexNA"
"NR X6 Order2 F - PR X4 Order1 M",0.999999999999999,2.893125548364,19,0.345646942479035,1,"NANA OrderNA SexNA - NANA OrderNA SexNA"
"NR X6 Order2 F - NR X5 Order1 M",2,3.36906289572065,19,0.593636884173453,1,"NANA OrderNA SexNA - NANA OrderNA SexNA"
"NR X6 Order2 F - PR X5 Order1 M",0.666666666666665,2.92423829238372,19,0.227979596739096,1,"NANA OrderNA SexNA - NANA OrderNA SexNA"
"NR X6 Order2 F - NR X6 Order1 M",1.66666666666667,3.38771430128553,19,0.49197379661981,1,"NANA OrderNA SexNA - NANA OrderNA SexNA"
"NR X6 Order2 F - PR X6 Order1 M",2,3.02325296320572,19,0.661539085329892,1,"NANA OrderNA SexNA - NANA OrderNA SexNA"
"NR X6 Order2 F - NR X0 Order2 M",-9.00000000000001,3.34882365660555,19,-2.68751087631847,0.827371650201842,"NANA OrderNA SexNA - NANA OrderNA SexNA"
"NR X6 Order2 F - PR X0 Order2 M",7.5,2.59390874417344,19,2.89138930459557,0.723284172359767,"NANA OrderNA SexNA - NANA OrderNA SexNA"
"NR X6 Order2 F - NR X1 Order2 M",-5.33333333333334,3.28032411749045,19,-1.62585559911486,0.999760191213096,"NANA OrderNA SexNA - NANA OrderNA SexNA"
"NR X6 Order2 F - PR X1 Order2 M",9.83333333333333,2.67646227180539,19,3.67400408999613,0.302280373523487,"NANA OrderNA SexNA - NANA OrderNA SexNA"
"NR X6 Order2 F - NR X2 Order2 M",-2.16666666666666,3.05294412596387,19,-0.709697451794211,1,"NANA OrderNA SexNA - NANA OrderNA SexNA"
"NR X6 Order2 F - PR X2 Order2 M",8.83333333333333,2.71959534313643,19,3.24803223230486,0.51819979704739,"NANA OrderNA SexNA - NANA OrderNA SexNA"
"NR X6 Order2 F - NR X3 Order2 M",-5,3.19543717094395,19,-1.56473112520093,0.999889558826063,"NANA OrderNA SexNA - NANA OrderNA SexNA"
"NR X6 Order2 F - PR X3 Order2 M",8,2.77909910094359,19,2.87863070348364,0.730295781293497,"NANA OrderNA SexNA - NANA OrderNA SexNA"
"NR X6 Order2 F - NR X4 Order2 M",-3.16666666666667,3.23499685909625,19,-0.978877817999285,1,"NANA OrderNA SexNA - NANA OrderNA SexNA"
"NR X6 Order2 F - PR X4 Order2 M",4.33333333333333,2.893125548364,19,1.49780341740916,0.999956660807582,"NANA OrderNA SexNA - NANA OrderNA SexNA"
"NR X6 Order2 F - NR X5 Order2 M",-1.5,3.36906289572065,19,-0.44522766313009,1,"NANA OrderNA SexNA - NANA OrderNA SexNA"
"NR X6 Order2 F - PR X5 Order2 M",2.33333333333333,2.92423829238372,19,0.797928588586839,1,"NANA OrderNA SexNA - NANA OrderNA SexNA"
"NR X6 Order2 F - NR X6 Order2 M",-4.16666666666667,3.38771430128553,19,-1.22993449154952,0.999999675550909,"NANA OrderNA SexNA - NANA OrderNA SexNA"
"NR X6 Order2 F - PR X6 Order2 M",0.166666666666662,3.02325296320572,19,0.055128257110823,1,"NANA OrderNA SexNA - NANA OrderNA SexNA"
"PR X6 Order2 F - NR X0 Order1 M",-2.83333333333333,2.97960906419594,19,-0.950907744032493,1,"NANA OrderNA SexNA - NANA OrderNA SexNA"
"PR X6 Order2 F - PR X0 Order1 M",0.333333333333334,2.09566525606956,19,0.159058481485972,1,"NANA OrderNA SexNA - NANA OrderNA SexNA"
"PR X6 Order2 F - NR X1 Order1 M",-4.16666666666666,2.90240875966621,19,-1.43558919907127,0.999983405824289,"NANA OrderNA SexNA - NANA OrderNA SexNA"
"PR X6 Order2 F - PR X1 Order1 M",0.166666666666667,2.19702084304982,19,0.0758603029160648,1,"NANA OrderNA SexNA - NANA OrderNA SexNA"
"PR X6 Order2 F - NR X2 Order1 M",-3,2.64271037547722,19,-1.13519817678025,1,"NANA OrderNA SexNA - NANA OrderNA SexNA"
"PR X6 Order2 F - PR X2 Order1 M",-1.16666666666667,2.24936638251909,19,-0.518664578493479,1,"NANA OrderNA SexNA - NANA OrderNA SexNA"
"PR X6 Order2 F - NR X3 Order1 M",-4.49999999999999,2.80611279278791,19,-1.60364188195343,0.999817587445369,"NANA OrderNA SexNA - NANA OrderNA SexNA"
"PR X6 Order2 F - PR X3 Order1 M",-3.83333333333333,2.32095715282794,19,-1.65161744957793,0.99967430757098,"NANA OrderNA SexNA - NANA OrderNA SexNA"
"PR X6 Order2 F - NR X4 Order1 M",-4.33333333333333,2.85107961494593,19,-1.51989208249995,0.999940356158772,"NANA OrderNA SexNA - NANA OrderNA SexNA"
"PR X6 Order2 F - PR X4 Order1 M",-5.5,2.45634397652164,19,-2.23910008230541,0.967410762496976,"NANA OrderNA SexNA - NANA OrderNA SexNA"
"PR X6 Order2 F - NR X5 Order1 M",-4.5,3.00233827003542,19,-1.49883177552372,0.999956001171163,"NANA OrderNA SexNA - NANA OrderNA SexNA"
"PR X6 Order2 F - PR X5 Order1 M",-5.83333333333333,2.49291393414232,19,-2.3399657940218,0.947789890089471,"NANA OrderNA SexNA - NANA OrderNA SexNA"
"PR X6 Order2 F - NR X6 Order1 M",-4.83333333333333,3.02325296320572,19,-1.59871945621391,0.999828530984845,"NANA OrderNA SexNA - NANA OrderNA SexNA"
"PR X6 Order2 F - PR X6 Order1 M",-4.5,2.608353651622,19,-1.72522617751687,0.999265837697108,"NANA OrderNA SexNA - NANA OrderNA SexNA"
"PR X6 Order2 F - NR X0 Order2 M",-15.5,2.97960906419594,19,-5.20202471735424,0.0218866137738559,"NANA OrderNA SexNA - NANA OrderNA SexNA"
"PR X6 Order2 F - PR X0 Order2 M",1,2.09566525606956,19,0.477175444457915,1,"NANA OrderNA SexNA - NANA OrderNA SexNA"
"PR X6 Order2 F - NR X1 Order2 M",-11.8333333333333,2.90240875966621,19,-4.07707332536242,0.163366534119583,"NANA OrderNA SexNA - NANA OrderNA SexNA"
"PR X6 Order2 F - PR X1 Order2 M",3.33333333333333,2.19702084304982,19,1.51720605832129,0.999942594991676,"NANA OrderNA SexNA - NANA OrderNA SexNA"
"PR X6 Order2 F - NR X2 Order2 M",-8.66666666666666,2.64271037547722,19,-3.27946139958739,0.500400105481294,"NANA OrderNA SexNA - NANA OrderNA SexNA"
"PR X6 Order2 F - PR X2 Order2 M",2.33333333333333,2.24936638251909,19,1.03732915698696,1,"NANA OrderNA SexNA - NANA OrderNA SexNA"
"PR X6 Order2 F - NR X3 Order2 M",-11.5,2.80611279278791,19,-4.09819592054765,0.15783982006514,"NANA OrderNA SexNA - NANA OrderNA SexNA"
"PR X6 Order2 F - PR X3 Order2 M",1.5,2.32095715282794,19,0.646285088965278,1,"NANA OrderNA SexNA - NANA OrderNA SexNA"
"PR X6 Order2 F - NR X4 Order2 M",-9.66666666666667,2.85107961494593,19,-3.39052849173066,0.43936153913603,"NANA OrderNA SexNA - NANA OrderNA SexNA"
"PR X6 Order2 F - PR X4 Order2 M",-2.16666666666666,2.45634397652164,19,-0.882069729393038,1,"NANA OrderNA SexNA - NANA OrderNA SexNA"
"PR X6 Order2 F - NR X5 Order2 M",-8,3.00233827003542,19,-2.66458982315328,0.837769170914024,"NANA OrderNA SexNA - NANA OrderNA SexNA"
"PR X6 Order2 F - PR X5 Order2 M",-4.16666666666666,2.49291393414232,19,-1.671404138587,0.999591207645768,"NANA OrderNA SexNA - NANA OrderNA SexNA"
"PR X6 Order2 F - NR X6 Order2 M",-10.6666666666667,3.02325296320572,19,-3.52820845509276,0.368983443360939,"NANA OrderNA SexNA - NANA OrderNA SexNA"
"PR X6 Order2 F - PR X6 Order2 M",-6.33333333333333,2.608353651622,19,-2.42809610169041,0.925124443904582,"NANA OrderNA SexNA - NANA OrderNA SexNA"
"NR X0 Order1 M - PR X0 Order1 M",3.16666666666666,2.42061081653912,19,1.30820974814705,0.999998307179121,"NANA OrderNA SexNA - NANA OrderNA SexNA"
"NR X0 Order1 M - NR X1 Order1 M",-1.33333333333334,1.42871553157913,19,-0.933239195530848,1,"NANA OrderNA SexNA - NANA OrderNA SexNA"
"NR X0 Order1 M - PR X1 Order1 M",2.99999999999999,2.18480933100934,19,1.37311753360832,0.999994263222658,"NANA OrderNA SexNA - NANA OrderNA SexNA"
"NR X0 Order1 M - NR X2 Order1 M",-0.166666666666668,1.73323211580315,19,-0.0961594613595291,1,"NANA OrderNA SexNA - NANA OrderNA SexNA"
"NR X0 Order1 M - PR X2 Order1 M",1.66666666666666,2.18507697885195,19,0.762749634359488,1,"NANA OrderNA SexNA - NANA OrderNA SexNA"
"NR X0 Order1 M - NR X3 Order1 M",-1.66666666666667,1.47186081848993,19,-1.13235344383758,1,"NANA OrderNA SexNA - NANA OrderNA SexNA"
"NR X0 Order1 M - PR X3 Order1 M",-1.00000000000001,2.05309636363288,19,-0.48706919836463,1,"NANA OrderNA SexNA - NANA OrderNA SexNA"
"NR X0 Order1 M - NR X4 Order1 M",-1.50000000000001,2.25164007801773,19,-0.666181071586076,1,"NANA OrderNA SexNA - NANA OrderNA SexNA"
"NR X0 Order1 M - PR X4 Order1 M",-2.66666666666667,2.23056911941577,19,-1.19550954214103,0.999999853686696,"NANA OrderNA SexNA - NANA OrderNA SexNA"
"NR X0 Order1 M - NR X5 Order1 M",-1.66666666666667,3.00004873254766,19,-0.555546531156288,1,"NANA OrderNA SexNA - NANA OrderNA SexNA"
"NR X0 Order1 M - PR X5 Order1 M",-3,1.98893135960404,19,-1.50834767902561,0.999949456140914,"NANA OrderNA SexNA - NANA OrderNA SexNA"
"NR X0 Order1 M - NR X6 Order1 M",-2,2.61764145436798,19,-0.764046579665317,1,"NANA OrderNA SexNA - NANA OrderNA SexNA"
"NR X0 Order1 M - PR X6 Order1 M",-1.66666666666667,1.55644293820334,19,-1.07081771246337,1,"NANA OrderNA SexNA - NANA OrderNA SexNA"
"NR X0 Order1 M - NR X0 Order2 M",-12.6666666666667,3.30947602785507,19,-3.82739338797271,0.241599688821154,"NANA OrderNA SexNA - NANA OrderNA SexNA"
"NR X0 Order1 M - PR X0 Order2 M",3.83333333333333,2.54290665754877,19,1.50746128331288,0.999950100616174,"NANA OrderNA SexNA - NANA OrderNA SexNA"
"NR X0 Order1 M - NR X1 Order2 M",-9.00000000000001,3.24014475165785,19,-2.77765368210635,0.783680735835112,"NANA OrderNA SexNA - NANA OrderNA SexNA"
"NR X0 Order1 M - PR X1 Order2 M",6.16666666666666,2.62706337729109,19,2.34736120946783,0.946092193458713,"NANA OrderNA SexNA - NANA OrderNA SexNA"
"NR X0 Order1 M - NR X2 Order2 M",-5.83333333333333,3.00973080725897,19,-1.93815783101409,0.995024318506256,"NANA OrderNA SexNA - NANA OrderNA SexNA"
"NR X0 Order1 M - PR X2 Order2 M",5.16666666666666,2.67099429544801,19,1.93436080169541,0.99516762917266,"NANA OrderNA SexNA - NANA OrderNA SexNA"
"NR X0 Order1 M - NR X3 Order2 M",-8.66666666666667,3.15417666108871,19,-2.7476795366545,0.798675235779512,"NANA OrderNA SexNA - NANA OrderNA SexNA"
"NR X0 Order1 M - PR X3 Order2 M",4.33333333333333,2.73155697520149,19,1.58639683252943,0.999853430337171,"NANA OrderNA SexNA - NANA OrderNA SexNA"
"NR X0 Order1 M - NR X4 Order2 M",-6.83333333333334,3.19424738776899,19,-2.13926240011925,0.98095527805565,"NANA OrderNA SexNA - NANA OrderNA SexNA"
"NR X0 Order1 M - PR X4 Order2 M",0.666666666666664,2.84748786380257,19,0.23412449799747,1,"NANA OrderNA SexNA - NANA OrderNA SexNA"
"NR X0 Order1 M - NR X5 Order2 M",-5.16666666666667,3.32995442780049,19,-1.55157278536072,0.999907425992935,"NANA OrderNA SexNA - NANA OrderNA SexNA"
"NR X0 Order1 M - PR X5 Order2 M",-1.33333333333334,2.87909383079984,19,-0.463108676441755,1,"NANA OrderNA SexNA - NANA OrderNA SexNA"
"NR X0 Order1 M - NR X6 Order2 M",-7.83333333333334,3.34882365660555,19,-2.33912983679571,0.947979487275265,"NANA OrderNA SexNA - NANA OrderNA SexNA"
"NR X0 Order1 M - PR X6 Order2 M",-3.50000000000001,2.97960906419594,19,-1.17465074262838,0.999999911714253,"NANA OrderNA SexNA - NANA OrderNA SexNA"
"PR X0 Order1 M - NR X1 Order1 M",-4.5,2.48586648147938,19,-1.81023399025114,0.99830709110076,"NANA OrderNA SexNA - NANA OrderNA SexNA"
"PR X0 Order1 M - PR X1 Order1 M",-0.166666666666666,1.12572263990217,19,-0.148053046779934,1,"NANA OrderNA SexNA - NANA OrderNA SexNA"
"PR X0 Order1 M - NR X2 Order1 M",-3.33333333333333,2.0974085932449,19,-1.58926274263821,0.99984794352042,"NANA OrderNA SexNA - NANA OrderNA SexNA"
"PR X0 Order1 M - PR X2 Order1 M",-1.5,1.17304023452432,19,-1.27872851744788,0.999999068804651,"NANA OrderNA SexNA - NANA OrderNA SexNA"
"PR X0 Order1 M - NR X3 Order1 M",-4.83333333333333,2.18781848141073,19,-2.20920216846178,0.972034933346789,"NANA OrderNA SexNA - NANA OrderNA SexNA"
"PR X0 Order1 M - PR X3 Order1 M",-4.16666666666667,1.42358989429347,19,-2.92687288900332,0.70353185609437,"NANA OrderNA SexNA - NANA OrderNA SexNA"
"PR X0 Order1 M - NR X4 Order1 M",-4.66666666666667,2.39272777365717,19,-1.95035420161228,0.99454045939052,"NANA OrderNA SexNA - NANA OrderNA SexNA"
"PR X0 Order1 M - PR X4 Order1 M",-5.83333333333333,1.91325019686121,19,-3.04891296648144,0.633581630444788,"NANA OrderNA SexNA - NANA OrderNA SexNA"
"PR X0 Order1 M - NR X5 Order1 M",-4.83333333333333,2.62054411563482,19,-1.84440067408003,0.99769713286358,"NANA OrderNA SexNA - NANA OrderNA SexNA"
"PR X0 Order1 M - PR X5 Order1 M",-6.16666666666667,1.76929628856366,19,-3.48537817352957,0.39016084275787,"NANA OrderNA SexNA - NANA OrderNA SexNA"
"PR X0 Order1 M - NR X6 Order1 M",-5.16666666666666,2.54210163088622,19,-2.03243906690917,0.990207299426278,"NANA OrderNA SexNA - NANA OrderNA SexNA"
"PR X0 Order1 M - PR X6 Order1 M",-4.83333333333333,1.746676041223,19,-2.76716072085645,0.788979329424093,"NANA OrderNA SexNA - NANA OrderNA SexNA"
"PR X0 Order1 M - NR X0 Order2 M",-15.8333333333333,2.54290665754877,19,-6.22647051803146,0.0031049416893919,"NANA OrderNA SexNA - NANA OrderNA SexNA"
"PR X0 Order1 M - PR X0 Order2 M",0.666666666666667,1.40716628692714,19,0.473765377169801,1,"NANA OrderNA SexNA - NANA OrderNA SexNA"
"PR X0 Order1 M - NR X1 Order2 M",-12.1666666666667,2.45199524912965,19,-4.96194544870561,0.0343222042517818,"NANA OrderNA SexNA - NANA OrderNA SexNA"
"PR X0 Order1 M - PR X1 Order2 M",3,1.55409287958042,19,1.93038655502363,0.995314009847745,"NANA OrderNA SexNA - NANA OrderNA SexNA"
"PR X0 Order1 M - NR X2 Order2 M",-8.99999999999999,2.13827552532928,19,-4.20899921146226,0.131381423035331,"NANA OrderNA SexNA - NANA OrderNA SexNA"
"PR X0 Order1 M - PR X2 Order2 M",2,1.62725327357921,19,1.22906497253554,0.999999681836501,"NANA OrderNA SexNA - NANA OrderNA SexNA"
"PR X0 Order1 M - NR X3 Order2 M",-11.8333333333333,2.33721481670282,19,-5.06300629654015,0.0284230782280219,"NANA OrderNA SexNA - NANA OrderNA SexNA"
"PR X0 Order1 M - PR X3 Order2 M",1.16666666666667,1.72486121146903,19,0.676382922236996,1,"NANA OrderNA SexNA - NANA OrderNA SexNA"
"PR X0 Order1 M - NR X4 Order2 M",-10,2.39101632456315,19,-4.18232192614872,0.137374920852078,"NANA OrderNA SexNA - NANA OrderNA SexNA"
"PR X0 Order1 M - PR X4 Order2 M",-2.5,1.90313683810739,19,-1.31362072865247,0.999998116656369,"NANA OrderNA SexNA - NANA OrderNA SexNA"
"PR X0 Order1 M - NR X5 Order2 M",-8.33333333333333,2.56950173794192,19,-3.24317092698604,0.5209695875594,"NANA OrderNA SexNA - NANA OrderNA SexNA"
"PR X0 Order1 M - PR X5 Order2 M",-4.5,1.95010870892066,19,-2.30756366525364,0.954800218213773,"NANA OrderNA SexNA - NANA OrderNA SexNA"
"PR X0 Order1 M - NR X6 Order2 M",-11,2.59390874417344,19,-4.24070431340683,0.124555009857062,"NANA OrderNA SexNA - NANA OrderNA SexNA"
"PR X0 Order1 M - PR X6 Order2 M",-6.66666666666667,2.09566525606956,19,-3.18116962971943,0.556612791608376,"NANA OrderNA SexNA - NANA OrderNA SexNA"
"NR X1 Order1 M - PR X1 Order1 M",4.33333333333333,1.95160752453575,19,2.22039179438199,0.970364210289793,"NANA OrderNA SexNA - NANA OrderNA SexNA"
"NR X1 Order1 M - NR X2 Order1 M",1.16666666666667,1.21864175182793,19,0.957349988145984,1,"NANA OrderNA SexNA - NANA OrderNA SexNA"
"NR X1 Order1 M - PR X2 Order1 M",3,1.9901805730763,19,1.50740090652316,0.999950144246024,"NANA OrderNA SexNA - NANA OrderNA SexNA"
"NR X1 Order1 M - NR X3 Order1 M",-0.33333333333333,1.06567936764295,19,-0.31278951573454,1,"NANA OrderNA SexNA - NANA OrderNA SexNA"
"NR X1 Order1 M - PR X3 Order1 M",0.333333333333331,1.73786519574923,19,0.19180620806991,1,"NANA OrderNA SexNA - NANA OrderNA SexNA"
"NR X1 Order1 M - NR X4 Order1 M",-0.166666666666669,1.49208437746452,19,-0.11170056411279,1,"NANA OrderNA SexNA - NANA OrderNA SexNA"
"NR X1 Order1 M - PR X4 Order1 M",-1.33333333333333,1.64414609273903,19,-0.810957942984312,1,"NANA OrderNA SexNA - NANA OrderNA SexNA"
"NR X1 Order1 M - NR X5 Order1 M",-0.333333333333333,2.20803953689494,19,-0.150963480392241,1,"NANA OrderNA SexNA - NANA OrderNA SexNA"
"NR X1 Order1 M - PR X5 Order1 M",-1.66666666666667,1.91760084023139,19,-0.869141602204114,1,"NANA OrderNA SexNA - NANA OrderNA SexNA"
"NR X1 Order1 M - NR X6 Order1 M",-0.666666666666666,2.13307290077015,19,-0.312538153958997,1,"NANA OrderNA SexNA - NANA OrderNA SexNA"
"NR X1 Order1 M - PR X6 Order1 M",-0.333333333333335,1.51850187791006,19,-0.219514600661612,1,"NANA OrderNA SexNA - NANA OrderNA SexNA"
"NR X1 Order1 M - NR X0 Order2 M",-11.3333333333333,3.24014475165785,19,-3.497786118208,0.383955749535871,"NANA OrderNA SexNA - NANA OrderNA SexNA"
"NR X1 Order1 M - PR X0 Order2 M",5.16666666666666,2.45199524912965,19,2.10712751931334,0.984244936880978,"NANA OrderNA SexNA - NANA OrderNA SexNA"
"NR X1 Order1 M - NR X1 Order2 M",-7.66666666666667,3.16929715306792,19,-2.41904318099211,0.927700831420105,"NANA OrderNA SexNA - NANA OrderNA SexNA"
"NR X1 Order1 M - PR X1 Order2 M",7.5,2.53916687538504,19,2.95372473259076,0.688369372829705,"NANA OrderNA SexNA - NANA OrderNA SexNA"
"NR X1 Order1 M - NR X2 Order2 M",-4.5,2.93332336521432,19,-1.5340961222907,0.999927170833921,"NANA OrderNA SexNA - NANA OrderNA SexNA"
"NR X1 Order1 M - PR X2 Order2 M",6.5,2.58459222297529,19,2.51490348930844,0.897494955611848,"NANA OrderNA SexNA - NANA OrderNA SexNA"
"NR X1 Order1 M - NR X3 Order2 M",-7.33333333333333,3.08135308624397,19,-2.37990685522908,0.93818074457149,"NANA OrderNA SexNA - NANA OrderNA SexNA"
"NR X1 Order1 M - PR X3 Order2 M",5.66666666666667,2.64713239969603,19,2.14068123956224,0.980798932834849,"NANA OrderNA SexNA - NANA OrderNA SexNA"
"NR X1 Order1 M - NR X4 Order2 M",-5.50000000000001,3.12235853274693,19,-1.76148893290654,0.99893805320224,"NANA OrderNA SexNA - NANA OrderNA SexNA"
"NR X1 Order1 M - PR X4 Order2 M",2,2.76660325439906,19,0.722908135389447,1,"NANA OrderNA SexNA - NANA OrderNA SexNA"
"NR X1 Order1 M - NR X5 Order2 M",-3.83333333333333,3.26105855880826,19,-1.17548742661469,0.999999909876328,"NANA OrderNA SexNA - NANA OrderNA SexNA"
"NR X1 Order1 M - PR X5 Order2 M",5.55111512312578e-16,2.79912266956956,19,1.98316250426403e-16,1,"NANA OrderNA SexNA - NANA OrderNA SexNA"
"NR X1 Order1 M - NR X6 Order2 M",-6.5,3.28032411749045,19,-1.98151151142123,0.993129552241325,"NANA OrderNA SexNA - NANA OrderNA SexNA"
"NR X1 Order1 M - PR X6 Order2 M",-2.16666666666667,2.90240875966621,19,-0.746506383517065,1,"NANA OrderNA SexNA - NANA OrderNA SexNA"
"PR X1 Order1 M - NR X2 Order1 M",-3.16666666666666,1.84240181405806,19,-1.71877092309836,0.999313962566118,"NANA OrderNA SexNA - NANA OrderNA SexNA"
"PR X1 Order1 M - PR X2 Order1 M",-1.33333333333333,1.05741602738504,19,-1.26093543014534,0.999999359860714,"NANA OrderNA SexNA - NANA OrderNA SexNA"
"PR X1 Order1 M - NR X3 Order1 M",-4.66666666666666,1.90980847758424,19,-2.44352599825593,0.92060059402383,"NANA OrderNA SexNA - NANA OrderNA SexNA"
"PR X1 Order1 M - PR X3 Order1 M",-4,0.973478720216036,19,-4.10897528310872,0.155080753657828,"NANA OrderNA SexNA - NANA OrderNA SexNA"
"PR X1 Order1 M - NR X4 Order1 M",-4.5,2.00394348066112,19,-2.24557231450231,0.966341351648493,"NANA OrderNA SexNA - NANA OrderNA SexNA"
"PR X1 Order1 M - PR X4 Order1 M",-5.66666666666667,1.48491439491774,19,-3.81615713744938,0.245710139562836,"NANA OrderNA SexNA - NANA OrderNA SexNA"
"PR X1 Order1 M - NR X5 Order1 M",-4.66666666666666,2.26568606239552,19,-2.05971460217775,0.988281645830032,"NANA OrderNA SexNA - NANA OrderNA SexNA"
"PR X1 Order1 M - PR X5 Order1 M",-6,1.69571182589826,19,-3.53833706197197,0.364076369440251,"NANA OrderNA SexNA - NANA OrderNA SexNA"
"PR X1 Order1 M - NR X6 Order1 M",-5,2.30490197175828,19,-2.16928965364448,0.977435609453141,"NANA OrderNA SexNA - NANA OrderNA SexNA"
"PR X1 Order1 M - PR X6 Order1 M",-4.66666666666667,1.62761260962723,19,-2.86718512689299,0.736540940426585,"NANA OrderNA SexNA - NANA OrderNA SexNA"
"PR X1 Order1 M - NR X0 Order2 M",-15.6666666666667,2.62706337729109,19,-5.9635663159453,0.00512836515828508,"NANA OrderNA SexNA - NANA OrderNA SexNA"
"PR X1 Order1 M - PR X0 Order2 M",0.833333333333333,1.55409287958042,19,0.536218487506563,1,"NANA OrderNA SexNA - NANA OrderNA SexNA"
"PR X1 Order1 M - NR X1 Order2 M",-12,2.53916687538504,19,-4.72595957214522,0.0529979156391227,"NANA OrderNA SexNA - NANA OrderNA SexNA"
"PR X1 Order1 M - PR X1 Order2 M",3.16666666666667,1.68828090010544,19,1.87567523062596,0.996987446250264,"NANA OrderNA SexNA - NANA OrderNA SexNA"
"PR X1 Order1 M - NR X2 Order2 M",-8.83333333333333,2.23770193312703,19,-3.94750221312512,0.200900307332153,"NANA OrderNA SexNA - NANA OrderNA SexNA"
"PR X1 Order1 M - PR X2 Order2 M",2.16666666666667,1.75585903069481,19,1.23396390529671,0.999999644892883,"NANA OrderNA SexNA - NANA OrderNA SexNA"
"PR X1 Order1 M - NR X3 Order2 M",-11.6666666666667,2.42850999971453,19,-4.80404308322308,0.0459494179248456,"NANA OrderNA SexNA - NANA OrderNA SexNA"
"PR X1 Order1 M - PR X3 Order2 M",1.33333333333333,1.84668186706012,19,0.722015717550729,1,"NANA OrderNA SexNA - NANA OrderNA SexNA"
"PR X1 Order1 M - NR X4 Order2 M",-9.83333333333334,2.48033199060645,19,-3.96452304392085,0.195602157464044,"NANA OrderNA SexNA - NANA OrderNA SexNA"
"PR X1 Order1 M - PR X4 Order2 M",-2.33333333333333,2.01420394793071,19,-1.15843945978285,0.999999941114179,"NANA OrderNA SexNA - NANA OrderNA SexNA"
"PR X1 Order1 M - NR X5 Order2 M",-8.16666666666666,2.6528149013048,19,-3.07849095036742,0.616364944299748,"NANA OrderNA SexNA - NANA OrderNA SexNA"
"PR X1 Order1 M - PR X5 Order2 M",-4.33333333333333,2.05864316866873,19,-2.10494630603495,0.984451322301824,"NANA OrderNA SexNA - NANA OrderNA SexNA"
"PR X1 Order1 M - NR X6 Order2 M",-10.8333333333333,2.67646227180539,19,-4.04763162457201,0.171339976388761,"NANA OrderNA SexNA - NANA OrderNA SexNA"
"PR X1 Order1 M - PR X6 Order2 M",-6.5,2.19702084304982,19,-2.95855181372652,0.685626565728781,"NANA OrderNA SexNA - NANA OrderNA SexNA"
"NR X2 Order1 M - PR X2 Order1 M",1.83333333333333,1.62590505610321,19,1.1275771155588,1,"NANA OrderNA SexNA - NANA OrderNA SexNA"
"NR X2 Order1 M - NR X3 Order1 M",-1.5,1.03942741772822,19,-1.44310220648058,0.999981273287633,"NANA OrderNA SexNA - NANA OrderNA SexNA"
"NR X2 Order1 M - PR X3 Order1 M",-0.833333333333338,1.47553142374405,19,-0.564768272585357,1,"NANA OrderNA SexNA - NANA OrderNA SexNA"
"NR X2 Order1 M - NR X4 Order1 M",-1.33333333333334,1.32508413061827,19,-1.00622541808815,1,"NANA OrderNA SexNA - NANA OrderNA SexNA"
"NR X2 Order1 M - PR X4 Order1 M",-2.5,1.39275485347255,19,-1.79500361730333,0.998531440588265,"NANA OrderNA SexNA - NANA OrderNA SexNA"
"NR X2 Order1 M - NR X5 Order1 M",-1.5,1.91493056383971,19,-0.783318219639403,1,"NANA OrderNA SexNA - NANA OrderNA SexNA"
"NR X2 Order1 M - PR X5 Order1 M",-2.83333333333334,1.72790986877785,19,-1.63974602178605,0.999716743268491,"NANA OrderNA SexNA - NANA OrderNA SexNA"
"NR X2 Order1 M - NR X6 Order1 M",-1.83333333333333,1.85324119422611,19,-0.989257814387681,1,"NANA OrderNA SexNA - NANA OrderNA SexNA"
"NR X2 Order1 M - PR X6 Order1 M",-1.5,1.27607310648701,19,-1.17548124192465,0.999999909890044,"NANA OrderNA SexNA - NANA OrderNA SexNA"
"NR X2 Order1 M - NR X0 Order2 M",-12.5,3.00973080725897,19,-4.15319535217305,0.144186813421582,"NANA OrderNA SexNA - NANA OrderNA SexNA"
"NR X2 Order1 M - PR X0 Order2 M",4,2.13827552532928,19,1.87066631620545,0.997111966918027,"NANA OrderNA SexNA - NANA OrderNA SexNA"
"NR X2 Order1 M - NR X1 Order2 M",-8.83333333333334,2.93332336521432,19,-3.01137386968175,0.655336186019771,"NANA OrderNA SexNA - NANA OrderNA SexNA"
"NR X2 Order1 M - PR X1 Order2 M",6.33333333333333,2.23770193312703,19,2.83028460563688,0.756359814983638,"NANA OrderNA SexNA - NANA OrderNA SexNA"
"NR X2 Order1 M - NR X2 Order2 M",-5.66666666666667,2.6766261385147,19,-2.11709307666374,0.983275208699942,"NANA OrderNA SexNA - NANA OrderNA SexNA"
"NR X2 Order1 M - PR X2 Order2 M",5.33333333333333,2.2891174018674,19,2.32986448357019,0.950049692399118,"NANA OrderNA SexNA - NANA OrderNA SexNA"
"NR X2 Order1 M - NR X3 Order2 M",-8.5,2.83807652514394,19,-2.99498619036317,0.664781619300527,"NANA OrderNA SexNA - NANA OrderNA SexNA"
"NR X2 Order1 M - PR X3 Order2 M",4.5,2.35950237592343,19,1.90718180490869,0.996098219976483,"NANA OrderNA SexNA - NANA OrderNA SexNA"
"NR X2 Order1 M - NR X4 Order2 M",-6.66666666666667,2.88254476591178,19,-2.31277125181365,0.95372000634521,"NANA OrderNA SexNA - NANA OrderNA SexNA"
"NR X2 Order1 M - PR X4 Order2 M",0.833333333333332,2.49279663986441,19,0.334296556729416,1,"NANA OrderNA SexNA - NANA OrderNA SexNA"
"NR X2 Order1 M - NR X5 Order2 M",-5,3.03223423311004,19,-1.64894912978794,0.999684300557939,"NANA OrderNA SexNA - NANA OrderNA SexNA"
"NR X2 Order1 M - PR X5 Order2 M",-1.16666666666667,2.52883950454869,19,-0.4613446858008,1,"NANA OrderNA SexNA - NANA OrderNA SexNA"
"NR X2 Order1 M - NR X6 Order2 M",-7.66666666666667,3.05294412596387,19,-2.51123713711798,0.898768790435518,"NANA OrderNA SexNA - NANA OrderNA SexNA"
"NR X2 Order1 M - PR X6 Order2 M",-3.33333333333334,2.64271037547722,19,-1.26133130753362,0.999999354423951,"NANA OrderNA SexNA - NANA OrderNA SexNA"
"PR X2 Order1 M - NR X3 Order1 M",-3.33333333333333,1.7493524282227,19,-1.90546700570789,0.996151609298986,"NANA OrderNA SexNA - NANA OrderNA SexNA"
"PR X2 Order1 M - PR X3 Order1 M",-2.66666666666667,0.880091701761113,19,-3.02998728579137,0.644566923327833,"NANA OrderNA SexNA - NANA OrderNA SexNA"
"PR X2 Order1 M - NR X4 Order1 M",-3.16666666666667,1.8085243249451,19,-1.75096714099369,0.999043983275992,"NANA OrderNA SexNA - NANA OrderNA SexNA"
"PR X2 Order1 M - PR X4 Order1 M",-4.33333333333333,1.35734949840441,19,-3.19249636031636,0.550063393930849,"NANA OrderNA SexNA - NANA OrderNA SexNA"
"PR X2 Order1 M - NR X5 Order1 M",-3.33333333333333,2.15374011691942,19,-1.54769524286948,0.999912175457492,"NANA OrderNA SexNA - NANA OrderNA SexNA"
"PR X2 Order1 M - PR X5 Order1 M",-4.66666666666667,1.29664434202583,19,-3.59903368673605,0.335510012572426,"NANA OrderNA SexNA - NANA OrderNA SexNA"
"PR X2 Order1 M - NR X6 Order1 M",-3.66666666666666,1.94703252990663,19,-1.8832077072911,0.996791859190693,"NANA OrderNA SexNA - NANA OrderNA SexNA"
"PR X2 Order1 M - PR X6 Order1 M",-3.33333333333333,1.41048703794488,19,-2.36324988720924,0.942320018072583,"NANA OrderNA SexNA - NANA OrderNA SexNA"
"PR X2 Order1 M - NR X0 Order2 M",-14.3333333333333,2.67099429544801,19,-5.36629125631629,0.0160369072041443,"NANA OrderNA SexNA - NANA OrderNA SexNA"
"PR X2 Order1 M - PR X0 Order2 M",2.16666666666667,1.62725327357921,19,1.33148705358017,0.999997339040311,"NANA OrderNA SexNA - NANA OrderNA SexNA"
"PR X2 Order1 M - NR X1 Order2 M",-10.6666666666667,2.58459222297529,19,-4.12702111066,0.150553272974119,"NANA OrderNA SexNA - NANA OrderNA SexNA"
"PR X2 Order1 M - PR X1 Order2 M",4.5,1.75585903069481,19,2.56284811100086,0.879982701540734,"NANA OrderNA SexNA - NANA OrderNA SexNA"
"PR X2 Order1 M - NR X2 Order2 M",-7.49999999999999,2.2891174018674,19,-3.27637193002058,0.502141057770428,"NANA OrderNA SexNA - NANA OrderNA SexNA"
"PR X2 Order1 M - PR X2 Order2 M",3.5,1.82093093600065,19,1.92209376577847,0.995607821740612,"NANA OrderNA SexNA - NANA OrderNA SexNA"
"PR X2 Order1 M - NR X3 Order2 M",-10.3333333333333,2.47596634805991,19,-4.17345467616318,0.139418749643751,"NANA OrderNA SexNA - NANA OrderNA SexNA"
"PR X2 Order1 M - PR X3 Order2 M",2.66666666666667,1.90865985868105,19,1.39714085489776,0.999991261775288,"NANA OrderNA SexNA - NANA OrderNA SexNA"
"PR X2 Order1 M - NR X4 Order2 M",-8.5,2.52681525277125,19,-3.36391827248856,0.45368257912361,"NANA OrderNA SexNA - NANA OrderNA SexNA"
"PR X2 Order1 M - PR X4 Order2 M",-0.999999999999998,2.07117504858265,19,-0.482817712913411,1,"NANA OrderNA SexNA - NANA OrderNA SexNA"
"PR X2 Order1 M - NR X5 Order2 M",-6.83333333333333,2.69632628563319,19,-2.53431247165572,0.890596070390186,"NANA OrderNA SexNA - NANA OrderNA SexNA"
"PR X2 Order1 M - PR X5 Order2 M",-3,2.11441723269513,19,-1.41883066104984,0.999987393159813,"NANA OrderNA SexNA - NANA OrderNA SexNA"
"PR X2 Order1 M - NR X6 Order2 M",-9.5,2.71959534313643,19,-3.49316674040334,0.386259279225673,"NANA OrderNA SexNA - NANA OrderNA SexNA"
"PR X2 Order1 M - PR X6 Order2 M",-5.16666666666667,2.24936638251909,19,-2.29694313332827,0.956948920765771,"NANA OrderNA SexNA - NANA OrderNA SexNA"
"NR X3 Order1 M - PR X3 Order1 M",0.666666666666661,1.72536969510749,19,0.386390620257838,1,"NANA OrderNA SexNA - NANA OrderNA SexNA"
"NR X3 Order1 M - NR X4 Order1 M",0.166666666666661,1.44792652716572,19,0.115107129774677,1,"NANA OrderNA SexNA - NANA OrderNA SexNA"
"NR X3 Order1 M - PR X4 Order1 M",-1,1.79578779402512,19,-0.556858668561603,1,"NANA OrderNA SexNA - NANA OrderNA SexNA"
"NR X3 Order1 M - NR X5 Order1 M",-3.33066907387547e-15,2.13067268295047,19,-1.5632007208462e-15,1,"NANA OrderNA SexNA - NANA OrderNA SexNA"
"NR X3 Order1 M - PR X5 Order1 M",-1.33333333333334,1.57613785130482,19,-0.845949694203157,1,"NANA OrderNA SexNA - NANA OrderNA SexNA"
"NR X3 Order1 M - NR X6 Order1 M",-0.333333333333336,2.11655960497301,19,-0.157488280769483,1,"NANA OrderNA SexNA - NANA OrderNA SexNA"
"NR X3 Order1 M - PR X6 Order1 M",-5.07233144375618e-15,1.29257890819792,19,-3.92419481053415e-15,1,"NANA OrderNA SexNA - NANA OrderNA SexNA"
"NR X3 Order1 M - NR X0 Order2 M",-11,3.15417666108871,19,-3.48743941190764,0.389126148636263,"NANA OrderNA SexNA - NANA OrderNA SexNA"
"NR X3 Order1 M - PR X0 Order2 M",5.49999999999999,2.33721481670282,19,2.35322827867359,0.944719168662931,"NANA OrderNA SexNA - NANA OrderNA SexNA"
"NR X3 Order1 M - NR X1 Order2 M",-7.33333333333334,3.08135308624397,19,-2.37990685522909,0.938180744571489,"NANA OrderNA SexNA - NANA OrderNA SexNA"
"NR X3 Order1 M - PR X1 Order2 M",7.83333333333333,2.42850999971453,19,3.22557178444978,0.531030420592817,"NANA OrderNA SexNA - NANA OrderNA SexNA"
"NR X3 Order1 M - NR X2 Order2 M",-4.16666666666667,2.83807652514394,19,-1.46813048547214,0.999972265390228,"NANA OrderNA SexNA - NANA OrderNA SexNA"
"NR X3 Order1 M - PR X2 Order2 M",6.83333333333333,2.47596634805991,19,2.75986518907565,0.792632233132072,"NANA OrderNA SexNA - NANA OrderNA SexNA"
"NR X3 Order1 M - NR X3 Order2 M",-7,2.99082417399721,19,-2.34049198239713,0.947670309557789,"NANA OrderNA SexNA - NANA OrderNA SexNA"
"NR X3 Order1 M - PR X3 Order2 M",6,2.54118128813772,19,2.36110663493711,0.942838848054927,"NANA OrderNA SexNA - NANA OrderNA SexNA"
"NR X3 Order1 M - NR X4 Order2 M",-5.16666666666668,3.03305377543465,19,-1.70345369690199,0.999417419411423,"NANA OrderNA SexNA - NANA OrderNA SexNA"
"NR X3 Order1 M - PR X4 Order2 M",2.33333333333333,2.66540540348223,19,0.875414047816117,1,"NANA OrderNA SexNA - NANA OrderNA SexNA"
"NR X3 Order1 M - NR X5 Order2 M",-3.5,3.17565667565583,19,-1.10213425362715,1,"NANA OrderNA SexNA - NANA OrderNA SexNA"
"NR X3 Order1 M - PR X5 Order2 M",0.33333333333333,2.69914433051644,19,0.12349592778892,1,"NANA OrderNA SexNA - NANA OrderNA SexNA"
"NR X3 Order1 M - NR X6 Order2 M",-6.16666666666667,3.19543717094395,19,-1.92983505441448,0.995334034127483,"NANA OrderNA SexNA - NANA OrderNA SexNA"
"NR X3 Order1 M - PR X6 Order2 M",-1.83333333333334,2.80611279278791,19,-0.653335581536586,1,"NANA OrderNA SexNA - NANA OrderNA SexNA"
"PR X3 Order1 M - NR X4 Order1 M",-0.499999999999999,1.7547762723726,19,-0.284936608656076,1,"NANA OrderNA SexNA - NANA OrderNA SexNA"
"PR X3 Order1 M - PR X4 Order1 M",-1.66666666666667,1.04629672756119,19,-1.59291969740887,0.99984067954966,"NANA OrderNA SexNA - NANA OrderNA SexNA"
"PR X3 Order1 M - NR X5 Order1 M",-0.666666666666664,2.06933896273425,19,-0.322164072040565,1,"NANA OrderNA SexNA - NANA OrderNA SexNA"
"PR X3 Order1 M - PR X5 Order1 M",-2,1.42543724696292,19,-1.40307825143566,0.999990327492474,"NANA OrderNA SexNA - NANA OrderNA SexNA"
"PR X3 Order1 M - NR X6 Order1 M",-0.999999999999997,2.01848185670517,19,-0.495421842251447,1,"NANA OrderNA SexNA - NANA OrderNA SexNA"
"PR X3 Order1 M - PR X6 Order1 M",-0.666666666666666,1.41638284050506,19,-0.470682535541691,1,"NANA OrderNA SexNA - NANA OrderNA SexNA"
"PR X3 Order1 M - NR X0 Order2 M",-11.6666666666667,2.73155697520149,19,-4.27106839527156,0.118310341477654,"NANA OrderNA SexNA - NANA OrderNA SexNA"
"PR X3 Order1 M - PR X0 Order2 M",4.83333333333333,1.72486121146903,19,2.80215782069612,0.771109454187746,"NANA OrderNA SexNA - NANA OrderNA SexNA"
"PR X3 Order1 M - NR X1 Order2 M",-8,2.64713239969603,19,-3.02213822055846,0.649112951804283,"NANA OrderNA SexNA - NANA OrderNA SexNA"
"PR X3 Order1 M - PR X1 Order2 M",7.16666666666667,1.84668186706012,19,3.88083448183517,0.222765232548045,"NANA OrderNA SexNA - NANA OrderNA SexNA"
"PR X3 Order1 M - NR X2 Order2 M",-4.83333333333333,2.35950237592343,19,-2.04845453119823,0.989109528558065,"NANA OrderNA SexNA - NANA OrderNA SexNA"
"PR X3 Order1 M - PR X2 Order2 M",6.16666666666667,1.90865985868105,19,3.23088822695106,0.527985859243901,"NANA OrderNA SexNA - NANA OrderNA SexNA"
"PR X3 Order1 M - NR X3 Order2 M",-7.66666666666666,2.54118128813772,19,-3.0169695890863,0.652102830724453,"NANA OrderNA SexNA - NANA OrderNA SexNA"
"PR X3 Order1 M - PR X3 Order2 M",5.33333333333333,1.99252990908455,19,2.67666412886303,0.832330403046647,"NANA OrderNA SexNA - NANA OrderNA SexNA"
"PR X3 Order1 M - NR X4 Order2 M",-5.83333333333334,2.5907505291119,19,-2.2515997846126,0.965323017802447,"NANA OrderNA SexNA - NANA OrderNA SexNA"
"PR X3 Order1 M - PR X4 Order2 M",1.66666666666667,2.14871102392283,19,0.775658824341997,1,"NANA OrderNA SexNA - NANA OrderNA SexNA"
"PR X3 Order1 M - NR X5 Order2 M",-4.16666666666666,2.75633242208784,19,-1.5116705928781,0.999946973686091,"NANA OrderNA SexNA - NANA OrderNA SexNA"
"PR X3 Order1 M - PR X5 Order2 M",-0.33333333333333,2.19042306789676,19,-0.152177603595727,1,"NANA OrderNA SexNA - NANA OrderNA SexNA"
"PR X3 Order1 M - NR X6 Order2 M",-6.83333333333333,2.77909910094359,19,-2.45883039255894,0.915948069403427,"NANA OrderNA SexNA - NANA OrderNA SexNA"
"PR X3 Order1 M - PR X6 Order2 M",-2.5,2.32095715282794,19,-1.07714181494213,1,"NANA OrderNA SexNA - NANA OrderNA SexNA"
"NR X4 Order1 M - PR X4 Order1 M",-1.16666666666667,1.82085064627042,19,-0.6407261732621,1,"NANA OrderNA SexNA - NANA OrderNA SexNA"
"NR X4 Order1 M - NR X5 Order1 M",-0.166666666666665,1.61190744586502,19,-0.103397169046033,1,"NANA OrderNA SexNA - NANA OrderNA SexNA"
"NR X4 Order1 M - PR X5 Order1 M",-1.5,1.88763288134553,19,-0.794646043107056,1,"NANA OrderNA SexNA - NANA OrderNA SexNA"
"NR X4 Order1 M - NR X6 Order1 M",-0.499999999999997,1.35734949840441,19,-0.368364964651886,1,"NANA OrderNA SexNA - NANA OrderNA SexNA"
"NR X4 Order1 M - PR X6 Order1 M",-0.166666666666666,1.73154428590062,19,-0.0962531931893262,1,"NANA OrderNA SexNA - NANA OrderNA SexNA"
"NR X4 Order1 M - NR X0 Order2 M",-11.1666666666667,3.19424738776899,19,-3.49586782458512,0.384911387226302,"NANA OrderNA SexNA - NANA OrderNA SexNA"
"NR X4 Order1 M - PR X0 Order2 M",5.33333333333333,2.39101632456315,19,2.23057169394598,0.968782293450431,"NANA OrderNA SexNA - NANA OrderNA SexNA"
"NR X4 Order1 M - NR X1 Order2 M",-7.5,3.12235853274693,19,-2.40203036305437,0.932387404325301,"NANA OrderNA SexNA - NANA OrderNA SexNA"
"NR X4 Order1 M - PR X1 Order2 M",7.66666666666667,2.48033199060645,19,3.09098406814168,0.609082826795664,"NANA OrderNA SexNA - NANA OrderNA SexNA"
"NR X4 Order1 M - NR X2 Order2 M",-4.33333333333333,2.88254476591178,19,-1.50330131367887,0.999953028103958,"NANA OrderNA SexNA - NANA OrderNA SexNA"
"NR X4 Order1 M - PR X2 Order2 M",6.66666666666667,2.52681525277125,19,2.63836727254005,0.849278208363658,"NANA OrderNA SexNA - NANA OrderNA SexNA"
"NR X4 Order1 M - NR X3 Order2 M",-7.16666666666666,3.03305377543465,19,-2.36285512796081,0.942415814805528,"NANA OrderNA SexNA - NANA OrderNA SexNA"
"NR X4 Order1 M - PR X3 Order2 M",5.83333333333333,2.5907505291119,19,2.2515997846126,0.965323017802447,"NANA OrderNA SexNA - NANA OrderNA SexNA"
"NR X4 Order1 M - NR X4 Order2 M",-5.33333333333334,3.07470342790823,19,-1.73458463828548,0.99919093135467,"NANA OrderNA SexNA - NANA OrderNA SexNA"
"NR X4 Order1 M - PR X4 Order2 M",2.16666666666667,2.71270564747165,19,0.798710567320893,1,"NANA OrderNA SexNA - NANA OrderNA SexNA"
"NR X4 Order1 M - NR X5 Order2 M",-3.66666666666667,3.21545973175683,19,-1.14032423744996,1,"NANA OrderNA SexNA - NANA OrderNA SexNA"
"NR X4 Order1 M - PR X5 Order2 M",0.166666666666669,2.74586344923985,19,0.0606973615941494,1,"NANA OrderNA SexNA - NANA OrderNA SexNA"
"NR X4 Order1 M - NR X6 Order2 M",-6.33333333333333,3.23499685909625,19,-1.95775563599857,0.994228687104904,"NANA OrderNA SexNA - NANA OrderNA SexNA"
"NR X4 Order1 M - PR X6 Order2 M",-2,2.85107961494593,19,-0.701488653461517,1,"NANA OrderNA SexNA - NANA OrderNA SexNA"
"PR X4 Order1 M - NR X5 Order1 M",1,2.01086231539158,19,0.497299090219048,1,"NANA OrderNA SexNA - NANA OrderNA SexNA"
"PR X4 Order1 M - PR X5 Order1 M",-0.333333333333333,1.49668249122256,19,-0.222714794412442,1,"NANA OrderNA SexNA - NANA OrderNA SexNA"
"PR X4 Order1 M - NR X6 Order1 M",0.666666666666669,2.1862141166278,19,0.304941159054901,1,"NANA OrderNA SexNA - NANA OrderNA SexNA"
"PR X4 Order1 M - PR X6 Order1 M",0.999999999999999,1.48491439491774,19,0.673439494844008,1,"NANA OrderNA SexNA - NANA OrderNA SexNA"
"PR X4 Order1 M - NR X0 Order2 M",-10,2.84748786380257,19,-3.51186746996206,0.376982518860126,"NANA OrderNA SexNA - NANA OrderNA SexNA"
"PR X4 Order1 M - PR X0 Order2 M",6.5,1.90313683810739,19,3.41541389449643,0.426164223277241,"NANA OrderNA SexNA - NANA OrderNA SexNA"
"PR X4 Order1 M - NR X1 Order2 M",-6.33333333333334,2.76660325439906,19,-2.28920909539992,0.958468188948452,"NANA OrderNA SexNA - NANA OrderNA SexNA"
"PR X4 Order1 M - PR X1 Order2 M",8.83333333333333,2.01420394793071,19,4.38552081203508,0.0971896057552277,"NANA OrderNA SexNA - NANA OrderNA SexNA"
"PR X4 Order1 M - NR X2 Order2 M",-3.16666666666666,2.49279663986441,19,-1.27032691557178,0.999999218785942,"NANA OrderNA SexNA - NANA OrderNA SexNA"
"PR X4 Order1 M - PR X2 Order2 M",7.83333333333333,2.07117504858265,19,3.78207208448839,0.258501585382873,"NANA OrderNA SexNA - NANA OrderNA SexNA"
"PR X4 Order1 M - NR X3 Order2 M",-5.99999999999999,2.66540540348223,19,-2.2510646943843,0.965414300461858,"NANA OrderNA SexNA - NANA OrderNA SexNA"
"PR X4 Order1 M - PR X3 Order2 M",7,2.14871102392283,19,3.25776706223638,0.512666110142021,"NANA OrderNA SexNA - NANA OrderNA SexNA"
"PR X4 Order1 M - NR X4 Order2 M",-4.16666666666667,2.71270564747165,19,-1.53598186023249,0.99992523798278,"NANA OrderNA SexNA - NANA OrderNA SexNA"
"PR X4 Order1 M - PR X4 Order2 M",3.33333333333333,2.29428478835093,19,1.45288560088883,0.999978126276461,"NANA OrderNA SexNA - NANA OrderNA SexNA"
"PR X4 Order1 M - NR X5 Order2 M",-2.5,2.87126314481686,19,-0.870696928114353,1,"NANA OrderNA SexNA - NANA OrderNA SexNA"
"PR X4 Order1 M - PR X5 Order2 M",1.33333333333334,2.33339598913371,19,0.571413227562951,1,"NANA OrderNA SexNA - NANA OrderNA SexNA"
"PR X4 Order1 M - NR X6 Order2 M",-5.16666666666667,2.893125548364,19,-1.78584253614168,0.998653864447774,"NANA OrderNA SexNA - NANA OrderNA SexNA"
"PR X4 Order1 M - PR X6 Order2 M",-0.833333333333336,2.45634397652164,19,-0.339257588228093,1,"NANA OrderNA SexNA - NANA OrderNA SexNA"
"NR X5 Order1 M - PR X5 Order1 M",-1.33333333333333,2.0126791082988,19,-0.662466921744084,1,"NANA OrderNA SexNA - NANA OrderNA SexNA"
"NR X5 Order1 M - NR X6 Order1 M",-0.333333333333333,1.37319791531297,19,-0.242742382300633,1,"NANA OrderNA SexNA - NANA OrderNA SexNA"
"NR X5 Order1 M - PR X6 Order1 M",-1.74166236988071e-15,2.26439514663783,19,-7.69151255454125e-16,1,"NANA OrderNA SexNA - NANA OrderNA SexNA"
"NR X5 Order1 M - NR X0 Order2 M",-11,3.32995442780049,19,-3.30334851076799,0.487009702623373,"NANA OrderNA SexNA - NANA OrderNA SexNA"
"NR X5 Order1 M - PR X0 Order2 M",5.5,2.56950173794192,19,2.14049281181078,0.980819751728082,"NANA OrderNA SexNA - NANA OrderNA SexNA"
"NR X5 Order1 M - NR X1 Order2 M",-7.33333333333334,3.26105855880826,19,-2.24875855526289,0.965805746899329,"NANA OrderNA SexNA - NANA OrderNA SexNA"
"NR X5 Order1 M - PR X1 Order2 M",7.83333333333333,2.6528149013048,19,2.95283825851569,0.688872545131304,"NANA OrderNA SexNA - NANA OrderNA SexNA"
"NR X5 Order1 M - NR X2 Order2 M",-4.16666666666666,3.03223423311004,19,-1.37412427482328,0.999994159275581,"NANA OrderNA SexNA - NANA OrderNA SexNA"
"NR X5 Order1 M - PR X2 Order2 M",6.83333333333333,2.69632628563319,19,2.53431247165572,0.890596070390186,"NANA OrderNA SexNA - NANA OrderNA SexNA"
"NR X5 Order1 M - NR X3 Order2 M",-7,3.17565667565583,19,-2.20426850725429,0.972749287638645,"NANA OrderNA SexNA - NANA OrderNA SexNA"
"NR X5 Order1 M - PR X3 Order2 M",6,2.75633242208784,19,2.17680565374447,0.976483340553941,"NANA OrderNA SexNA - NANA OrderNA SexNA"
"NR X5 Order1 M - NR X4 Order2 M",-5.16666666666667,3.21545973175683,19,-1.60682051640677,0.999810198309772,"NANA OrderNA SexNA - NANA OrderNA SexNA"
"NR X5 Order1 M - PR X4 Order2 M",2.33333333333333,2.87126314481686,19,0.812650466240063,1,"NANA OrderNA SexNA - NANA OrderNA SexNA"
"NR X5 Order1 M - NR X5 Order2 M",-3.5,3.35030765803811,19,-1.04468017783464,1,"NANA OrderNA SexNA - NANA OrderNA SexNA"
"NR X5 Order1 M - PR X5 Order2 M",0.333333333333334,2.90261023887645,19,0.114839164028568,1,"NANA OrderNA SexNA - NANA OrderNA SexNA"
"NR X5 Order1 M - NR X6 Order2 M",-6.16666666666667,3.36906289572065,19,-1.83038039286815,0.997966565342316,"NANA OrderNA SexNA - NANA OrderNA SexNA"
"NR X5 Order1 M - PR X6 Order2 M",-1.83333333333334,3.00233827003542,19,-0.61063516780596,1,"NANA OrderNA SexNA - NANA OrderNA SexNA"
"PR X5 Order1 M - NR X6 Order1 M",1,2.14973138536882,19,0.465174396580917,1,"NANA OrderNA SexNA - NANA OrderNA SexNA"
"PR X5 Order1 M - PR X6 Order1 M",1.33333333333333,1.2766458245745,19,1.04440347327946,1,"NANA OrderNA SexNA - NANA OrderNA SexNA"
"PR X5 Order1 M - NR X0 Order2 M",-9.66666666666667,2.87909383079984,19,-3.35753790420272,0.457146971129772,"NANA OrderNA SexNA - NANA OrderNA SexNA"
"PR X5 Order1 M - PR X0 Order2 M",6.83333333333333,1.95010870892066,19,3.50407815834813,0.380830767898516,"NANA OrderNA SexNA - NANA OrderNA SexNA"
"PR X5 Order1 M - NR X1 Order2 M",-6,2.79912266956956,19,-2.14352877965247,0.980482234916281,"NANA OrderNA SexNA - NANA OrderNA SexNA"
"PR X5 Order1 M - PR X1 Order2 M",9.16666666666667,2.05864316866873,19,4.45277103199701,0.0864214342125896,"NANA OrderNA SexNA - NANA OrderNA SexNA"
"PR X5 Order1 M - NR X2 Order2 M",-2.83333333333333,2.52883950454869,19,-1.12040852265908,1,"NANA OrderNA SexNA - NANA OrderNA SexNA"
"PR X5 Order1 M - PR X2 Order2 M",8.16666666666667,2.11441723269513,19,3.86237235508011,0.229138892032204,"NANA OrderNA SexNA - NANA OrderNA SexNA"
"PR X5 Order1 M - NR X3 Order2 M",-5.66666666666666,2.69914433051644,19,-2.09943077241165,0.984963955712438,"NANA OrderNA SexNA - NANA OrderNA SexNA"
"PR X5 Order1 M - PR X3 Order2 M",7.33333333333333,2.19042306789676,19,3.34790727910603,0.462397756704803,"NANA OrderNA SexNA - NANA OrderNA SexNA"
"PR X5 Order1 M - NR X4 Order2 M",-3.83333333333334,2.74586344923985,19,-1.39603931666542,0.999991425806446,"NANA OrderNA SexNA - NANA OrderNA SexNA"
"PR X5 Order1 M - PR X4 Order2 M",3.66666666666667,2.33339598913371,19,1.57138637579811,0.999879408182722,"NANA OrderNA SexNA - NANA OrderNA SexNA"
"PR X5 Order1 M - NR X5 Order2 M",-2.16666666666667,2.90261023887645,19,-0.746454566185691,1,"NANA OrderNA SexNA - NANA OrderNA SexNA"
"PR X5 Order1 M - PR X5 Order2 M",1.66666666666667,2.37186234721833,19,0.702682712013747,1,"NANA OrderNA SexNA - NANA OrderNA SexNA"
"PR X5 Order1 M - NR X6 Order2 M",-4.83333333333333,2.92423829238372,19,-1.65285207635845,0.999669591218497,"NANA OrderNA SexNA - NANA OrderNA SexNA"
"PR X5 Order1 M - PR X6 Order2 M",-0.500000000000003,2.49291393414232,19,-0.200568496630441,1,"NANA OrderNA SexNA - NANA OrderNA SexNA"
"NR X6 Order1 M - PR X6 Order1 M",0.333333333333331,2.10464537719367,19,0.158379809228383,1,"NANA OrderNA SexNA - NANA OrderNA SexNA"
"NR X6 Order1 M - NR X0 Order2 M",-10.6666666666667,3.34882365660555,19,-3.18519807563671,0.554281833452691,"NANA OrderNA SexNA - NANA OrderNA SexNA"
"NR X6 Order1 M - PR X0 Order2 M",5.83333333333333,2.59390874417344,19,2.24885834801878,0.965788873902763,"NANA OrderNA SexNA - NANA OrderNA SexNA"
"NR X6 Order1 M - NR X1 Order2 M",-7,3.28032411749045,19,-2.13393547383825,0.981533693821893,"NANA OrderNA SexNA - NANA OrderNA SexNA"
"NR X6 Order1 M - PR X1 Order2 M",8.16666666666666,2.67646227180539,19,3.05129153236967,0.632198971949681,"NANA OrderNA SexNA - NANA OrderNA SexNA"
"NR X6 Order1 M - NR X2 Order2 M",-3.83333333333333,3.05294412596387,19,-1.25561856855899,0.999999428896927,"NANA OrderNA SexNA - NANA OrderNA SexNA"
"NR X6 Order1 M - PR X2 Order2 M",7.16666666666666,2.71959534313643,19,2.63519596205866,0.850641398551561,"NANA OrderNA SexNA - NANA OrderNA SexNA"
"NR X6 Order1 M - NR X3 Order2 M",-6.66666666666666,3.19543717094395,19,-2.08630816693457,0.986131395600402,"NANA OrderNA SexNA - NANA OrderNA SexNA"
"NR X6 Order1 M - PR X3 Order2 M",6.33333333333333,2.77909910094359,19,2.27891597359121,0.960431446792362,"NANA OrderNA SexNA - NANA OrderNA SexNA"
"NR X6 Order1 M - NR X4 Order2 M",-4.83333333333334,3.23499685909625,19,-1.49407666957785,0.99995897814522,"NANA OrderNA SexNA - NANA OrderNA SexNA"
"NR X6 Order1 M - PR X4 Order2 M",2.66666666666667,2.893125548364,19,0.921725179944095,1,"NANA OrderNA SexNA - NANA OrderNA SexNA"
"NR X6 Order1 M - NR X5 Order2 M",-3.16666666666667,3.36906289572065,19,-0.939925066607968,1,"NANA OrderNA SexNA - NANA OrderNA SexNA"
"NR X6 Order1 M - PR X5 Order2 M",0.666666666666666,2.92423829238372,19,0.227979596739097,1,"NANA OrderNA SexNA - NANA OrderNA SexNA"
"NR X6 Order1 M - NR X6 Order2 M",-5.83333333333333,3.38771430128553,19,-1.72190828816933,0.999290923366305,"NANA OrderNA SexNA - NANA OrderNA SexNA"
"NR X6 Order1 M - PR X6 Order2 M",-1.5,3.02325296320572,19,-0.496154313997421,1,"NANA OrderNA SexNA - NANA OrderNA SexNA"
"PR X6 Order1 M - NR X0 Order2 M",-11,2.97960906419594,19,-3.69175947683204,0.29475132712294,"NANA OrderNA SexNA - NANA OrderNA SexNA"
"PR X6 Order1 M - PR X0 Order2 M",5.5,2.09566525606956,19,2.62446494451853,0.855207330180869,"NANA OrderNA SexNA - NANA OrderNA SexNA"
"PR X6 Order1 M - NR X1 Order2 M",-7.33333333333334,2.90240875966621,19,-2.52663699036545,0.893355486588679,"NANA OrderNA SexNA - NANA OrderNA SexNA"
"PR X6 Order1 M - PR X1 Order2 M",7.83333333333333,2.19702084304982,19,3.56543423705504,0.351143608195215,"NANA OrderNA SexNA - NANA OrderNA SexNA"
"PR X6 Order1 M - NR X2 Order2 M",-4.16666666666666,2.64271037547722,19,-1.57666413441701,0.999870780212847,"NANA OrderNA SexNA - NANA OrderNA SexNA"
"PR X6 Order1 M - PR X2 Order2 M",6.83333333333333,2.24936638251909,19,3.03789253117609,0.63998215132504,"NANA OrderNA SexNA - NANA OrderNA SexNA"
"PR X6 Order1 M - NR X3 Order2 M",-6.99999999999999,2.80611279278791,19,-2.49455403859422,0.904446678534554,"NANA OrderNA SexNA - NANA OrderNA SexNA"
"PR X6 Order1 M - PR X3 Order2 M",6,2.32095715282794,19,2.58514035586111,0.871308038995769,"NANA OrderNA SexNA - NANA OrderNA SexNA"
"PR X6 Order1 M - NR X4 Order2 M",-5.16666666666667,2.85107961494593,19,-1.81217902144225,0.998276463482307,"NANA OrderNA SexNA - NANA OrderNA SexNA"
"PR X6 Order1 M - PR X4 Order2 M",2.33333333333334,2.45634397652164,19,0.949921247038659,1,"NANA OrderNA SexNA - NANA OrderNA SexNA"
"PR X6 Order1 M - NR X5 Order2 M",-3.5,3.00233827003542,19,-1.16575804762956,0.999999929204525,"NANA OrderNA SexNA - NANA OrderNA SexNA"
"PR X6 Order1 M - PR X5 Order2 M",0.333333333333336,2.49291393414232,19,0.133712331086961,1,"NANA OrderNA SexNA - NANA OrderNA SexNA"
"PR X6 Order1 M - NR X6 Order2 M",-6.16666666666666,3.02325296320572,19,-2.0397455131005,0.989717842879606,"NANA OrderNA SexNA - NANA OrderNA SexNA"
"PR X6 Order1 M - PR X6 Order2 M",-1.83333333333334,2.608353651622,19,-0.702869924173541,1,"NANA OrderNA SexNA - NANA OrderNA SexNA"
"NR X0 Order2 M - PR X0 Order2 M",16.5,2.42061081653912,19,6.81646131929252,0.0010176205344965,"NANA OrderNA SexNA - NANA OrderNA SexNA"
"NR X0 Order2 M - NR X1 Order2 M",3.66666666666667,1.42871553157913,19,2.56640778770983,0.878619887602622,"NANA OrderNA SexNA - NANA OrderNA SexNA"
"NR X0 Order2 M - PR X1 Order2 M",18.8333333333333,2.18480933100934,19,8.62012673876336,3.99324238143928e-05,"NANA OrderNA SexNA - NANA OrderNA SexNA"
"NR X0 Order2 M - NR X2 Order2 M",6.83333333333334,1.73323211580315,19,3.94253791574067,0.202467103435856,"NANA OrderNA SexNA - NANA OrderNA SexNA"
"NR X0 Order2 M - PR X2 Order2 M",17.8333333333333,2.18507697885195,19,8.16142108764655,8.83774937434634e-05,"NANA OrderNA SexNA - NANA OrderNA SexNA"
"NR X0 Order2 M - NR X3 Order2 M",4.00000000000001,1.47186081848993,19,2.71764826521019,0.813243113320262,"NANA OrderNA SexNA - NANA OrderNA SexNA"
"NR X0 Order2 M - PR X3 Order2 M",17,2.05309636363288,19,8.28017637219866,7.18050776868928e-05,"NANA OrderNA SexNA - NANA OrderNA SexNA"
"NR X0 Order2 M - NR X4 Order2 M",5.83333333333333,2.25164007801773,19,2.59070416727918,0.869091339435121,"NANA OrderNA SexNA - NANA OrderNA SexNA"
"NR X0 Order2 M - PR X4 Order2 M",13.3333333333333,2.23056911941577,19,5.97754771070516,0.0049931368042081,"NANA OrderNA SexNA - NANA OrderNA SexNA"
"NR X0 Order2 M - NR X5 Order2 M",7.5,3.00004873254766,19,2.49995939020329,0.902628344351206,"NANA OrderNA SexNA - NANA OrderNA SexNA"
"NR X0 Order2 M - PR X5 Order2 M",11.3333333333333,1.98893135960404,19,5.69820234298563,0.00851772181660548,"NANA OrderNA SexNA - NANA OrderNA SexNA"
"NR X0 Order2 M - NR X6 Order2 M",4.83333333333334,2.61764145436798,19,1.84644590085785,0.997655444279524,"NANA OrderNA SexNA - NANA OrderNA SexNA"
"NR X0 Order2 M - PR X6 Order2 M",9.16666666666667,1.55644293820334,19,5.88949741854854,0.00590849347314437,"NANA OrderNA SexNA - NANA OrderNA SexNA"
"PR X0 Order2 M - NR X1 Order2 M",-12.8333333333333,2.48586648147938,19,-5.1625191573829,0.0235785013507339,"NANA OrderNA SexNA - NANA OrderNA SexNA"
"PR X0 Order2 M - PR X1 Order2 M",2.33333333333333,1.12572263990217,19,2.07274265491908,0.987263360491207,"NANA OrderNA SexNA - NANA OrderNA SexNA"
"PR X0 Order2 M - NR X2 Order2 M",-9.66666666666666,2.0974085932449,19,-4.6088619536508,0.0654956491965717,"NANA OrderNA SexNA - NANA OrderNA SexNA"
"PR X0 Order2 M - PR X2 Order2 M",1.33333333333333,1.17304023452432,19,1.13664757106479,1,"NANA OrderNA SexNA - NANA OrderNA SexNA"
"PR X0 Order2 M - NR X3 Order2 M",-12.5,2.18781848141073,19,-5.71345388395287,0.00827300356937721,"NANA OrderNA SexNA - NANA OrderNA SexNA"
"PR X0 Order2 M - PR X3 Order2 M",0.500000000000001,1.42358989429347,19,0.351224746680399,1,"NANA OrderNA SexNA - NANA OrderNA SexNA"
"PR X0 Order2 M - NR X4 Order2 M",-10.6666666666667,2.39272777365717,19,-4.45795246082807,0.0856384679902517,"NANA OrderNA SexNA - NANA OrderNA SexNA"
"PR X0 Order2 M - PR X4 Order2 M",-3.16666666666666,1.91325019686121,19,-1.65512418180421,0.999660755798188,"NANA OrderNA SexNA - NANA OrderNA SexNA"
"PR X0 Order2 M - NR X5 Order2 M",-9,2.62054411563482,19,-3.43440125518351,0.416228559829382,"NANA OrderNA SexNA - NANA OrderNA SexNA"
"PR X0 Order2 M - PR X5 Order2 M",-5.16666666666666,1.76929628856366,19,-2.92018171295721,0.707282941924858,"NANA OrderNA SexNA - NANA OrderNA SexNA"
"PR X0 Order2 M - NR X6 Order2 M",-11.6666666666667,2.54210163088622,19,-4.58937853818199,0.0678242625075328,"NANA OrderNA SexNA - NANA OrderNA SexNA"
"PR X0 Order2 M - PR X6 Order2 M",-7.33333333333333,1.746676041223,19,-4.19845074888565,0.133723656620509,"NANA OrderNA SexNA - NANA OrderNA SexNA"
"NR X1 Order2 M - PR X1 Order2 M",15.1666666666667,1.95160752453575,19,7.77137128033697,0.000176499055288382,"NANA OrderNA SexNA - NANA OrderNA SexNA"
"NR X1 Order2 M - NR X2 Order2 M",3.16666666666667,1.21864175182793,19,2.59852139639624,0.865942393136898,"NANA OrderNA SexNA - NANA OrderNA SexNA"
"NR X1 Order2 M - PR X2 Order2 M",14.1666666666667,1.9901805730763,19,7.11828205858161,0.000580106033975736,"NANA OrderNA SexNA - NANA OrderNA SexNA"
"NR X1 Order2 M - NR X3 Order2 M",0.333333333333341,1.06567936764295,19,0.31278951573455,1,"NANA OrderNA SexNA - NANA OrderNA SexNA"
"NR X1 Order2 M - PR X3 Order2 M",13.3333333333333,1.73786519574922,19,7.67224832279646,0.000210906523360088,"NANA OrderNA SexNA - NANA OrderNA SexNA"
"NR X1 Order2 M - NR X4 Order2 M",2.16666666666666,1.49208437746452,19,1.45210733346626,0.999978393044356,"NANA OrderNA SexNA - NANA OrderNA SexNA"
"NR X1 Order2 M - PR X4 Order2 M",9.66666666666667,1.64414609273903,19,5.87944508663626,0.00602316077314191,"NANA OrderNA SexNA - NANA OrderNA SexNA"
"NR X1 Order2 M - NR X5 Order2 M",3.83333333333334,2.20803953689494,19,1.73608002451078,0.999178374659544,"NANA OrderNA SexNA - NANA OrderNA SexNA"
"NR X1 Order2 M - PR X5 Order2 M",7.66666666666667,1.91760084023139,19,3.99805137013893,0.185496480065696,"NANA OrderNA SexNA - NANA OrderNA SexNA"
"NR X1 Order2 M - NR X6 Order2 M",1.16666666666667,2.13307290077015,19,0.546941769428247,1,"NANA OrderNA SexNA - NANA OrderNA SexNA"
"NR X1 Order2 M - PR X6 Order2 M",5.5,1.51850187791006,19,3.62199091091659,0.325089529008822,"NANA OrderNA SexNA - NANA OrderNA SexNA"
"PR X1 Order2 M - NR X2 Order2 M",-12,1.84240181405806,19,-6.51323718226746,0.00180117923166523,"NANA OrderNA SexNA - NANA OrderNA SexNA"
"PR X1 Order2 M - PR X2 Order2 M",-1,1.05741602738504,19,-0.945701572609006,1,"NANA OrderNA SexNA - NANA OrderNA SexNA"
"PR X1 Order2 M - NR X3 Order2 M",-14.8333333333333,1.90980847758424,19,-7.76692192302777,0.000177912175031714,"NANA OrderNA SexNA - NANA OrderNA SexNA"
"PR X1 Order2 M - PR X3 Order2 M",-1.83333333333333,0.973478720216035,19,-1.8832803380915,0.996789923238014,"NANA OrderNA SexNA - NANA OrderNA SexNA"
"PR X1 Order2 M - NR X4 Order2 M",-13,2.00394348066112,19,-6.48720890856222,0.00189213585658632,"NANA OrderNA SexNA - NANA OrderNA SexNA"
"PR X1 Order2 M - PR X4 Order2 M",-5.5,1.48491439491774,19,-3.70391722164205,0.289671967351463,"NANA OrderNA SexNA - NANA OrderNA SexNA"
"PR X1 Order2 M - NR X5 Order2 M",-11.3333333333333,2.26568606239552,19,-5.00216403386025,0.0318455079702152,"NANA OrderNA SexNA - NANA OrderNA SexNA"
"PR X1 Order2 M - PR X5 Order2 M",-7.5,1.69571182589826,19,-4.42292132746497,0.0910600573207787,"NANA OrderNA SexNA - NANA OrderNA SexNA"
"PR X1 Order2 M - NR X6 Order2 M",-14,2.30490197175828,19,-6.07401103020455,0.00415280568975895,"NANA OrderNA SexNA - NANA OrderNA SexNA"
"PR X1 Order2 M - PR X6 Order2 M",-9.66666666666667,1.62761260962722,19,-5.9391691914212,0.00537319675935199,"NANA OrderNA SexNA - NANA OrderNA SexNA"
"NR X2 Order2 M - PR X2 Order2 M",11,1.62590505610321,19,6.76546269335282,0.00111972946036409,"NANA OrderNA SexNA - NANA OrderNA SexNA"
"NR X2 Order2 M - NR X3 Order2 M",-2.83333333333333,1.03942741772822,19,-2.72585972335221,0.809306977793861,"NANA OrderNA SexNA - NANA OrderNA SexNA"
"NR X2 Order2 M - PR X3 Order2 M",10.1666666666667,1.47553142374405,19,6.89017292554131,0.000886550225507876,"NANA OrderNA SexNA - NANA OrderNA SexNA"
"NR X2 Order2 M - NR X4 Order2 M",-1.00000000000001,1.32508413061827,19,-0.754669063566116,1,"NANA OrderNA SexNA - NANA OrderNA SexNA"
"NR X2 Order2 M - PR X4 Order2 M",6.5,1.39275485347255,19,4.66700940498866,0.0589805832394372,"NANA OrderNA SexNA - NANA OrderNA SexNA"
"NR X2 Order2 M - NR X5 Order2 M",0.666666666666663,1.91493056383971,19,0.348141430950843,1,"NANA OrderNA SexNA - NANA OrderNA SexNA"
"NR X2 Order2 M - PR X5 Order2 M",4.5,1.72790986877785,19,2.60430250518961,0.86358791704295,"NANA OrderNA SexNA - NANA OrderNA SexNA"
"NR X2 Order2 M - NR X6 Order2 M",-2,1.85324119422611,19,-1.07919034296838,1,"NANA OrderNA SexNA - NANA OrderNA SexNA"
"NR X2 Order2 M - PR X6 Order2 M",2.33333333333333,1.27607310648701,19,1.82852637632723,0.998000130248289,"NANA OrderNA SexNA - NANA OrderNA SexNA"
"PR X2 Order2 M - NR X3 Order2 M",-13.8333333333333,1.7493524282227,19,-7.90768807368774,0.00013836723359939,"NANA OrderNA SexNA - NANA OrderNA SexNA"
"PR X2 Order2 M - PR X3 Order2 M",-0.833333333333333,0.880091701761113,19,-0.946871026809804,1,"NANA OrderNA SexNA - NANA OrderNA SexNA"
"PR X2 Order2 M - NR X4 Order2 M",-12,1.8085243249451,19,-6.63524390271294,0.00143049317952648,"NANA OrderNA SexNA - NANA OrderNA SexNA"
"PR X2 Order2 M - PR X4 Order2 M",-4.5,1.35734949840441,19,-3.31528468186699,0.480367899272788,"NANA OrderNA SexNA - NANA OrderNA SexNA"
"PR X2 Order2 M - NR X5 Order2 M",-10.3333333333333,2.15374011691942,19,-4.79785525289538,0.0464739176371779,"NANA OrderNA SexNA - NANA OrderNA SexNA"
"PR X2 Order2 M - PR X5 Order2 M",-6.5,1.29664434202583,19,-5.01293977795378,0.0312117104746341,"NANA OrderNA SexNA - NANA OrderNA SexNA"
"PR X2 Order2 M - NR X6 Order2 M",-13,1.94703252990663,19,-6.67682732585028,0.00132271504095416,"NANA OrderNA SexNA - NANA OrderNA SexNA"
"PR X2 Order2 M - PR X6 Order2 M",-8.66666666666667,1.41048703794488,19,-6.14444970674402,0.00363042960941662,"NANA OrderNA SexNA - NANA OrderNA SexNA"
"NR X3 Order2 M - PR X3 Order2 M",13,1.72536969510749,19,7.5346170950279,0.000270487771323435,"NANA OrderNA SexNA - NANA OrderNA SexNA"
"NR X3 Order2 M - NR X4 Order2 M",1.83333333333332,1.44792652716572,19,1.26617842752148,0.999999284311693,"NANA OrderNA SexNA - NANA OrderNA SexNA"
"NR X3 Order2 M - PR X4 Order2 M",9.33333333333333,1.79578779402512,19,5.1973475732416,0.0220805734748953,"NANA OrderNA SexNA - NANA OrderNA SexNA"
"NR X3 Order2 M - NR X5 Order2 M",3.5,2.13067268295047,19,1.64267370957858,0.999706754234338,"NANA OrderNA SexNA - NANA OrderNA SexNA"
"NR X3 Order2 M - PR X5 Order2 M",7.33333333333333,1.57613785130482,19,4.65272331811735,0.0605227346615674,"NANA OrderNA SexNA - NANA OrderNA SexNA"
"NR X3 Order2 M - NR X6 Order2 M",0.83333333333333,2.11655960497301,19,0.393720701923703,1,"NANA OrderNA SexNA - NANA OrderNA SexNA"
"NR X3 Order2 M - PR X6 Order2 M",5.16666666666666,1.29257890819792,19,3.9971769877244,0.185754508383043,"NANA OrderNA SexNA - NANA OrderNA SexNA"
"PR X3 Order2 M - NR X4 Order2 M",-11.1666666666667,1.7547762723726,19,-6.36358425998572,0.00239207865240332,"NANA OrderNA SexNA - NANA OrderNA SexNA"
"PR X3 Order2 M - PR X4 Order2 M",-3.66666666666666,1.04629672756119,19,-3.50442333429951,0.380659758119622,"NANA OrderNA SexNA - NANA OrderNA SexNA"
"PR X3 Order2 M - NR X5 Order2 M",-9.5,2.06933896273425,19,-4.59083802657807,0.0676472026349121,"NANA OrderNA SexNA - NANA OrderNA SexNA"
"PR X3 Order2 M - PR X5 Order2 M",-5.66666666666666,1.42543724696292,19,-3.9753883790677,0.192279471016688,"NANA OrderNA SexNA - NANA OrderNA SexNA"
"PR X3 Order2 M - NR X6 Order2 M",-12.1666666666667,2.01848185670517,19,-6.02763241405929,0.00453743749343161,"NANA OrderNA SexNA - NANA OrderNA SexNA"
"PR X3 Order2 M - PR X6 Order2 M",-7.83333333333334,1.41638284050506,19,-5.53051979261488,0.0117320179641828,"NANA OrderNA SexNA - NANA OrderNA SexNA"
"NR X4 Order2 M - PR X4 Order2 M",7.50000000000001,1.82085064627042,19,4.11895397097065,0.152563146016067,"NANA OrderNA SexNA - NANA OrderNA SexNA"
"NR X4 Order2 M - NR X5 Order2 M",1.66666666666667,1.61190744586502,19,1.03397169046035,1,"NANA OrderNA SexNA - NANA OrderNA SexNA"
"NR X4 Order2 M - PR X5 Order2 M",5.50000000000001,1.88763288134553,19,2.91370215805921,0.710904184938906,"NANA OrderNA SexNA - NANA OrderNA SexNA"
"NR X4 Order2 M - NR X6 Order2 M",-0.999999999999993,1.35734949840441,19,-0.736729929303771,1,"NANA OrderNA SexNA - NANA OrderNA SexNA"
"NR X4 Order2 M - PR X6 Order2 M",3.33333333333334,1.73154428590062,19,1.92506386378653,0.995504373442968,"NANA OrderNA SexNA - NANA OrderNA SexNA"
"PR X4 Order2 M - NR X5 Order2 M",-5.83333333333333,2.01086231539158,19,-2.90091135961111,0.718018642211098,"NANA OrderNA SexNA - NANA OrderNA SexNA"
"PR X4 Order2 M - PR X5 Order2 M",-2,1.49668249122256,19,-1.33628876647465,0.999997084875963,"NANA OrderNA SexNA - NANA OrderNA SexNA"
"PR X4 Order2 M - NR X6 Order2 M",-8.5,2.1862141166278,19,-3.88799977794997,0.220329116378826,"NANA OrderNA SexNA - NANA OrderNA SexNA"
"PR X4 Order2 M - PR X6 Order2 M",-4.16666666666667,1.48491439491774,19,-2.80599789518337,0.769115270455783,"NANA OrderNA SexNA - NANA OrderNA SexNA"
"NR X5 Order2 M - PR X5 Order2 M",3.83333333333333,2.0126791082988,19,1.90459240001424,0.996178607718735,"NANA OrderNA SexNA - NANA OrderNA SexNA"
"NR X5 Order2 M - NR X6 Order2 M",-2.66666666666667,1.37319791531297,19,-1.94193905840507,0.994878187806132,"NANA OrderNA SexNA - NANA OrderNA SexNA"
"NR X5 Order2 M - PR X6 Order2 M",1.66666666666666,2.26439514663783,19,0.736031725355589,1,"NANA OrderNA SexNA - NANA OrderNA SexNA"
"PR X5 Order2 M - NR X6 Order2 M",-6.5,2.14973138536882,19,-3.02363357777596,0.648247375682176,"NANA OrderNA SexNA - NANA OrderNA SexNA"
"PR X5 Order2 M - PR X6 Order2 M",-2.16666666666667,1.2766458245745,19,-1.69715564407913,0.999455879260603,"NANA OrderNA SexNA - NANA OrderNA SexNA"
"NR X6 Order2 M - PR X6 Order2 M",4.33333333333333,2.10464537719367,19,2.05893751996899,0.988340312545479,"NANA OrderNA SexNA - NANA OrderNA SexNA"
