"","contrast","estimate","SE","df","t.ratio","p.value"
"1","NR0 F Order1 - NR1 F Order1",-6.6,3.83044131945059,19,-1.72303905727152,1
"2","NR0 F Order1 - NR2 F Order1",-9.6,3.16150086498458,19,-3.03653246036573,1
"3","NR0 F Order1 - NR3 F Order1",-10,3.77851729947821,19,-2.64654074797565,1
"4","NR0 F Order1 - NR4 F Order1",-6.00000000000001,3.86368608655499,19,-1.55292119121143,1
"5","NR0 F Order1 - NR5 F Order1",-9.8,4.65546274105307,19,-2.10505390013781,1
"6","NR0 F Order1 - NR6 F Order1",-1.20000000000001,4.03641320716145,19,-0.297293646218121,1
"7","NR0 F Order1 - PR0 F Order1",-7.8,4.24735211631906,19,-1.83643827645724,1
"8","NR0 F Order1 - PR1 F Order1",-13.6,6.60876610825986,19,-2.05787279761683,1
"9","NR0 F Order1 - PR2 F Order1",-7.2,5.71590578538244,19,-1.25964287557239,1
"10","NR0 F Order1 - PR3 F Order1",-8.40000000000001,4.78158015429312,19,-1.756741438802,1
"11","NR0 F Order1 - PR4 F Order1",-8.40000000000001,5.08665264075692,19,-1.65138070028506,1
"12","NR0 F Order1 - PR5 F Order1",-11.4,4.92401918276937,19,-2.3151818822908,1
"13","NR0 F Order1 - PR6 F Order1",-13.8,4.66844577615637,19,-2.95601591229401,1
"14","NR0 F Order1 - NR0 M Order1",-1.76666666666667,4.78316981198581,19,-0.369350605583707,1
"15","NR0 F Order1 - NR1 M Order1",-0.433333333333333,6.08009887577343,19,-0.0712707707863074,1
"16","NR0 F Order1 - NR2 M Order1",-1.76666666666667,5.55380908220992,19,-0.31809999957069,1
"17","NR0 F Order1 - NR3 M Order1",-1.26666666666667,5.86208952228226,19,-0.216077673643838,1
"18","NR0 F Order1 - NR4 M Order1",-2.10000000000001,5.18319935518166,19,-0.405155166933842,1
"19","NR0 F Order1 - NR5 M Order1",-2.26666666666667,5.62024848049053,19,-0.403303639427137,1
"20","NR0 F Order1 - NR6 M Order1",-3.60000000000001,4.98199095925802,19,-0.722602676207217,1
"21","NR0 F Order1 - PR0 M Order1",0.066666666666666,5.30593841428077,19,0.0125645383457966,1
"22","NR0 F Order1 - PR1 M Order1",-2.43333333333334,7.27145343708665,19,-0.334641946673631,1
"23","NR0 F Order1 - PR2 M Order1",-9.1,6.31171749825495,19,-1.44176288031204,1
"24","NR0 F Order1 - PR3 M Order1",-10.4333333333333,6.25291043346128,19,-1.66855633778173,1
"25","NR0 F Order1 - PR4 M Order1",-9.26666666666667,6.36437912426867,19,-1.45602053016153,1
"26","NR0 F Order1 - PR5 M Order1",-5.76666666666666,5.98531829460383,19,-0.963468671643695,1
"27","NR0 F Order1 - PR6 M Order1",-3.26666666666667,6.1895781110656,19,-0.527768873427186,1
"28","NR0 F Order1 - NR0 F Order2",-2.1,4.78316981198581,19,-0.439039399090067,1
"29","NR0 F Order1 - NR1 F Order2",-3.1,6.08009887577343,19,-0.509860129471276,1
"30","NR0 F Order1 - NR2 F Order2",-0.266666666666673,5.55380908220992,19,-0.0480150942748222,1
"31","NR0 F Order1 - NR3 F Order2",2.23333333333333,5.86208952228226,19,0.380979056161503,1
"32","NR0 F Order1 - NR4 F Order2",-0.600000000000008,5.18319935518166,19,-0.115758619123956,1
"33","NR0 F Order1 - NR5 F Order2",-2.76666666666667,5.62024848049053,19,-0.492267677536064,1
"34","NR0 F Order1 - NR6 F Order2",1.23333333333333,4.98199095925802,19,0.247558324256175,1
"35","NR0 F Order1 - PR0 F Order2",-14.9333333333333,5.30593841428077,19,-2.81445658945847,1
"36","NR0 F Order1 - PR1 F Order2",-26.4333333333333,7.27145343708665,19,-3.6352200508519,1
"37","NR0 F Order1 - PR2 F Order2",-29.2666666666667,6.31171749825495,19,-4.63687842093031,0.269907003105721
"38","NR0 F Order1 - PR3 F Order2",-25.1,6.25291043346128,19,-4.01413074233113,1
"39","NR0 F Order1 - PR4 F Order2",-19.1,6.36437912426867,19,-3.00107828698762,1
"40","NR0 F Order1 - PR5 F Order2",-13.4333333333333,5.98531829460383,19,-2.24438077845323,1
"41","NR0 F Order1 - PR6 F Order2",-10.2666666666667,6.1895781110656,19,-1.6587021736283,1
"42","NR0 F Order1 - NR0 M Order2",-2.6,4.78316981198581,19,-0.543572589349607,1
"43","NR0 F Order1 - NR1 M Order2",-4.93333333333334,6.08009887577343,19,-0.811390313567192,1
"44","NR0 F Order1 - NR2 M Order2",-1.10000000000001,5.55380908220992,19,-0.198062263883638,1
"45","NR0 F Order1 - NR3 M Order2",-2.1,5.86208952228226,19,-0.358234037883205,1
"46","NR0 F Order1 - NR4 M Order2",-2.26666666666668,5.18319935518166,19,-0.437310338912719,1
"47","NR0 F Order1 - NR5 M Order2",2.06666666666666,5.62024848049053,19,0.367718024183565,1
"48","NR0 F Order1 - NR6 M Order2",0.233333333333323,4.98199095925802,19,0.0468353586430583,1
"49","NR0 F Order1 - PR0 M Order2",-9.93333333333334,5.30593841428077,19,-1.87211621352371,1
"50","NR0 F Order1 - PR1 M Order2",-23.2666666666667,7.27145343708665,19,-3.1997271065506,1
"51","NR0 F Order1 - PR2 M Order2",-26.4333333333333,6.31171749825495,19,-4.18797789043023,0.737742897830626
"52","NR0 F Order1 - PR3 M Order2",-27.1,6.25291043346128,19,-4.33398179749696,0.531037878780707
"53","NR0 F Order1 - PR4 M Order2",-24.2666666666667,6.36437912426868,19,-3.8128882948115,1
"54","NR0 F Order1 - PR5 M Order2",-16.4333333333333,5.98531829460383,19,-2.74560725503088,1
"55","NR0 F Order1 - PR6 M Order2",-11.2666666666667,6.1895781110656,19,-1.82026407365703,1
"56","NR1 F Order1 - NR2 F Order1",-3,2.46448457299418,19,-1.21729307331602,1
"57","NR1 F Order1 - NR3 F Order1",-3.39999999999999,2.88772356163485,19,-1.17739801869232,1
"58","NR1 F Order1 - NR4 F Order1",0.599999999999999,3.21405902848664,19,0.186679832163043,1
"59","NR1 F Order1 - NR5 F Order1",-3.2,3.95363479221026,19,-0.809381788703619,1
"60","NR1 F Order1 - NR6 F Order1",5.4,4.13737776095465,19,1.30517451197253,1
"61","NR1 F Order1 - PR0 F Order1",-1.2,4.80036548316165,19,-0.249980965867966,1
"62","NR1 F Order1 - PR1 F Order1",-7,6.65911853394447,19,-1.05119017844748,1
"63","NR1 F Order1 - PR2 F Order1",-0.599999999999995,6.33525363316191,19,-0.0947081261055267,1
"64","NR1 F Order1 - PR3 F Order1",-1.8,5.03632419563205,19,-0.357403520917324,1
"65","NR1 F Order1 - PR4 F Order1",-1.8,5.63911776103381,19,-0.319198866964255,1
"66","NR1 F Order1 - PR5 F Order1",-4.79999999999999,5.09588757484293,19,-0.941936008105112,1
"67","NR1 F Order1 - PR6 F Order1",-7.2,3.59795263419278,19,-2.00113807268487,1
"68","NR1 F Order1 - NR0 M Order1",4.83333333333334,6.30756530818025,19,0.766275590847234,1
"69","NR1 F Order1 - NR1 M Order1",6.16666666666667,7.33990933226344,19,0.840155700501688,1
"70","NR1 F Order1 - NR2 M Order1",4.83333333333333,6.91024326549392,19,0.699444744220283,1
"71","NR1 F Order1 - NR3 M Order1",5.33333333333333,7.16036034246309,19,0.744841471413815,1
"72","NR1 F Order1 - NR4 M Order1",4.5,6.61605790650462,19,0.680163333452054,1
"73","NR1 F Order1 - NR5 M Order1",4.33333333333334,6.96375327313675,19,0.622269796669782,1
"74","NR1 F Order1 - NR6 M Order1",3,6.45963625793243,19,0.464422434980917,1
"75","NR1 F Order1 - PR0 M Order1",6.66666666666667,6.71264844326046,19,0.993149979924846,1
"76","NR1 F Order1 - PR1 M Order1",4.16666666666666,8.35348440798126,19,0.498793852142187,1
"77","NR1 F Order1 - PR2 M Order1",-2.49999999999999,7.53289084246177,19,-0.331877900832954,1
"78","NR1 F Order1 - PR3 M Order1",-3.83333333333333,7.48368596051141,19,-0.512225306294303,1
"79","NR1 F Order1 - PR4 M Order1",-2.66666666666667,7.5770699022837,19,-0.351939034621146,1
"80","NR1 F Order1 - PR5 M Order1",0.833333333333343,7.26159085561738,19,0.114759058986186,1
"81","NR1 F Order1 - PR6 M Order1",3.33333333333334,7.43085081667296,19,0.448580306020164,1
"82","NR1 F Order1 - NR0 F Order2",4.50000000000001,6.30756530818025,19,0.713428998375011,1
"83","NR1 F Order1 - NR1 F Order2",3.5,7.33990933226344,19,0.476845127311769,1
"84","NR1 F Order1 - NR2 F Order2",6.33333333333333,6.91024326549392,19,0.916513802771406,1
"85","NR1 F Order1 - NR3 F Order2",8.83333333333333,7.16036034246309,19,1.23364368702913,1
"86","NR1 F Order1 - NR4 F Order2",6,6.61605790650462,19,0.906884444602739,1
"87","NR1 F Order1 - NR5 F Order2",3.83333333333333,6.96375327313675,19,0.550469435515576,1
"88","NR1 F Order1 - NR6 F Order2",7.83333333333333,6.45963625793243,19,1.21265858022795,1
"89","NR1 F Order1 - PR0 F Order2",-8.33333333333333,6.71264844326046,19,-1.24143747490606,1
"90","NR1 F Order1 - PR1 F Order2",-19.8333333333333,8.35348440798126,19,-2.37425873619681,1
"91","NR1 F Order1 - PR2 F Order2",-22.6666666666667,7.53289084246177,19,-3.00902630088545,1
"92","NR1 F Order1 - PR3 F Order2",-18.5,7.48368596051141,19,-2.47204386950729,1
"93","NR1 F Order1 - PR4 F Order2",-12.5,7.5770699022837,19,-1.64971422478662,1
"94","NR1 F Order1 - PR5 F Order2",-6.83333333333332,7.26159085561738,19,-0.941024283686712,1
"95","NR1 F Order1 - PR6 F Order2",-3.66666666666667,7.43085081667295,19,-0.49343833662218,1
"96","NR1 F Order1 - NR0 M Order2",4,6.30756530818025,19,0.634159109666676,1
"97","NR1 F Order1 - NR1 M Order2",1.66666666666667,7.33990933226344,19,0.2270691082437,1
"98","NR1 F Order1 - NR2 M Order2",5.5,6.91024326549392,19,0.795919881354115,1
"99","NR1 F Order1 - NR3 M Order2",4.5,7.16036034246309,19,0.628459991505406,1
"100","NR1 F Order1 - NR4 M Order2",4.33333333333332,6.61605790650462,19,0.654972098879755,1
"101","NR1 F Order1 - NR5 M Order2",8.66666666666667,6.96375327313675,19,1.24453959333956,1
"102","NR1 F Order1 - NR6 M Order2",6.83333333333333,6.45963625793243,19,1.05785110190098,1
"103","NR1 F Order1 - PR0 M Order2",-3.33333333333333,6.71264844326046,19,-0.496574989962422,1
"104","NR1 F Order1 - PR1 M Order2",-16.6666666666667,8.35348440798126,19,-1.99517540856875,1
"105","NR1 F Order1 - PR2 M Order2",-19.8333333333333,7.53289084246177,19,-2.63289801327477,1
"106","NR1 F Order1 - PR3 M Order2",-20.5,7.48368596051141,19,-2.73929185539997,1
"107","NR1 F Order1 - PR4 M Order2",-17.6666666666667,7.5770699022837,19,-2.33159610436509,1
"108","NR1 F Order1 - PR5 M Order2",-9.83333333333333,7.26159085561738,19,-1.35415689603698,1
"109","NR1 F Order1 - PR6 M Order2",-4.66666666666667,7.43085081667296,19,-0.628012428428229,1
"110","NR2 F Order1 - NR3 F Order1",-0.399999999999994,2.61211751166306,19,-0.153132467514957,1
"111","NR2 F Order1 - NR4 F Order1",3.6,3.07913179834494,19,1.16916073613186,1
"112","NR2 F Order1 - NR5 F Order1",-0.199999999999998,3.49229728844456,19,-0.0572688930755597,1
"113","NR2 F Order1 - NR6 F Order1",8.4,3.70045042303411,19,2.26999393039093,1
"114","NR2 F Order1 - PR0 F Order1",1.8,4.20751207897694,19,0.427806258476072,1
"115","NR2 F Order1 - PR1 F Order1",-4,5.84987629198934,19,-0.683775143326961,1
"116","NR2 F Order1 - PR2 F Order1",2.40000000000001,5.18283266042469,19,0.463067237020024,1
"117","NR2 F Order1 - PR3 F Order1",1.2,4.56642975438738,19,0.262787355668189,1
"118","NR2 F Order1 - PR4 F Order1",1.2,5.71790048574757,19,0.209867241130047,1
"119","NR2 F Order1 - PR5 F Order1",-1.79999999999999,5.09795280549139,19,-0.353082907723484,1
"120","NR2 F Order1 - PR6 F Order1",-4.2,3.75167798715431,19,-1.11949906531977,1
"121","NR2 F Order1 - NR0 M Order1",7.83333333333334,5.69543779668486,19,1.37536983335906,1
"122","NR2 F Order1 - NR1 M Order1",9.16666666666667,6.82106300988309,19,1.34387655610057,1
"123","NR2 F Order1 - NR2 M Order1",7.83333333333333,6.35642144348937,19,1.23234958584389,1
"124","NR2 F Order1 - NR3 M Order1",8.33333333333334,6.62747250562879,19,1.25739236583113,1
"125","NR2 F Order1 - NR4 M Order1",7.5,6.03530063883893,19,1.24268871574273,1
"126","NR2 F Order1 - NR5 M Order1",7.33333333333334,6.41455308093013,19,1.14323371259249,1
"127","NR2 F Order1 - NR6 M Order1",6,5.86340619126312,19,1.02329598262191,1
"128","NR2 F Order1 - PR0 M Order1",9.66666666666667,6.14103254361629,19,1.57411096554363,1
"129","NR2 F Order1 - PR1 M Order1",7.16666666666667,7.90147665524194,19,0.907003460158578,1
"130","NR2 F Order1 - PR2 M Order1",0.500000000000008,7.02830534505949,19,0.0711409045925246,1
"131","NR2 F Order1 - PR3 M Order1",-0.833333333333329,6.97554206743124,19,-0.11946502870711,1
"132","NR2 F Order1 - PR4 M Order1",0.333333333333334,7.07563565222524,19,0.0471100194692052,1
"133","NR2 F Order1 - PR5 M Order1",3.83333333333334,6.73671532227193,19,0.569021125274531,1
"134","NR2 F Order1 - PR6 M Order1",6.33333333333334,6.91882760578673,19,0.915376664109437,1
"135","NR2 F Order1 - NR0 F Order2",7.50000000000001,5.69543779668486,19,1.31684345747144,1
"136","NR2 F Order1 - NR1 F Order2",6.5,6.82106300988309,19,0.952930648871313,1
"137","NR2 F Order1 - NR2 F Order2",9.33333333333333,6.35642144348937,19,1.46833142143102,1
"138","NR2 F Order1 - NR3 F Order2",11.8333333333333,6.62747250562879,19,1.7854971594802,1
"139","NR2 F Order1 - NR4 F Order2",9,6.03530063883893,19,1.49122645889127,1
"140","NR2 F Order1 - NR5 F Order2",6.83333333333333,6.41455308093013,19,1.06528595946118,1
"141","NR2 F Order1 - NR6 F Order2",10.8333333333333,5.86340619126312,19,1.84761774640068,1
"142","NR2 F Order1 - PR0 F Order2",-5.33333333333333,6.14103254361629,19,-0.868475015472344,1
"143","NR2 F Order1 - PR1 F Order2",-16.8333333333333,7.90147665524194,19,-2.13040347618643,1
"144","NR2 F Order1 - PR2 F Order2",-19.6666666666667,7.02830534505949,19,-2.79820891397259,1
"145","NR2 F Order1 - PR3 F Order2",-15.5,6.97554206743124,19,-2.22204953395226,1
"146","NR2 F Order1 - PR4 F Order2",-9.5,7.07563565222524,19,-1.34263555487235,1
"147","NR2 F Order1 - PR5 F Order2",-3.83333333333332,6.73671532227193,19,-0.569021125274528,1
"148","NR2 F Order1 - PR6 F Order2",-0.666666666666669,6.91882760578673,19,-0.0963554383273095,1
"149","NR2 F Order1 - NR0 M Order2",7,5.69543779668486,19,1.22905389364001,1
"150","NR2 F Order1 - NR1 M Order2",4.66666666666667,6.82106300988309,19,0.684155337651199,1
"151","NR2 F Order1 - NR2 M Order2",8.5,6.35642144348937,19,1.33723040166039,1
"152","NR2 F Order1 - NR3 M Order2",7.5,6.62747250562879,19,1.13165312924802,1
"153","NR2 F Order1 - NR4 M Order2",7.33333333333333,6.03530063883893,19,1.21507341094844,1
"154","NR2 F Order1 - NR5 M Order2",11.6666666666667,6.41455308093013,19,1.81878090639714,1
"155","NR2 F Order1 - NR6 M Order2",9.83333333333333,5.86340619126312,19,1.67706841596369,1
"156","NR2 F Order1 - PR0 M Order2",-0.333333333333331,6.14103254361629,19,-0.0542796884670212,1
"157","NR2 F Order1 - PR1 M Order2",-13.6666666666667,7.90147665524194,19,-1.72963450541868,1
"158","NR2 F Order1 - PR2 M Order2",-16.8333333333333,7.02830534505949,19,-2.39507712128162,1
"159","NR2 F Order1 - PR3 M Order2",-17.5,6.97554206743124,19,-2.50876560284933,1
"160","NR2 F Order1 - PR4 M Order2",-14.6666666666667,7.07563565222524,19,-2.07284085664503,1
"161","NR2 F Order1 - PR5 M Order2",-6.83333333333333,6.73671532227193,19,-1.01434200592416,1
"162","NR2 F Order1 - PR6 M Order2",-1.66666666666667,6.91882760578673,19,-0.240888595818273,1
"163","NR3 F Order1 - NR4 F Order1",3.99999999999999,1.80787749934324,19,2.21253929066161,1
"164","NR3 F Order1 - NR5 F Order1",0.199999999999996,2.74846049411653,19,0.0727680097378602,1
"165","NR3 F Order1 - NR6 F Order1",8.79999999999999,3.11780399550484,19,2.82249942994735,1
"166","NR3 F Order1 - PR0 F Order1",2.2,4.15717515425534,19,0.529205510561192,1
"167","NR3 F Order1 - PR1 F Order1",-3.60000000000001,6.03864746097127,19,-0.596159988352918,1
"168","NR3 F Order1 - PR2 F Order1",2.8,5.34934001503842,19,0.523429057066564,1
"169","NR3 F Order1 - PR3 F Order1",1.59999999999999,3.34249617827072,19,0.478684167360146,1
"170","NR3 F Order1 - PR4 F Order1",1.59999999999999,4.78964526394032,19,0.334053966803319,1
"171","NR3 F Order1 - PR5 F Order1",-1.4,4.20196278280403,19,-0.333177629685182,1
"172","NR3 F Order1 - PR6 F Order1",-3.8,2.44762684921179,19,-1.55252423433078,1
"173","NR3 F Order1 - NR0 M Order1",8.23333333333333,6.05484678506759,19,1.3597921839473,1
"174","NR3 F Order1 - NR1 M Order1",9.56666666666667,7.12390752884484,19,1.3428959637574,1
"175","NR3 F Order1 - NR2 M Order1",8.23333333333333,6.6803631235127,19,1.23246793342037,1
"176","NR3 F Order1 - NR3 M Order1",8.73333333333333,6.93877148403104,19,1.25862818129006,1
"177","NR3 F Order1 - NR4 M Order1",7.89999999999999,6.37557932237584,19,1.23910308389922,1
"178","NR3 F Order1 - NR5 M Order1",7.73333333333333,6.73569960158609,19,1.14811137532207,1
"179","NR3 F Order1 - NR6 M Order1",6.39999999999999,6.213106313148,19,1.0300805551092,1
"180","NR3 F Order1 - PR0 M Order1",10.0666666666667,6.4757577623388,19,1.55451563139245,1
"181","NR3 F Order1 - PR1 M Order1",7.56666666666666,8.1643426696869,19,0.926794351094629,1
"182","NR3 F Order1 - PR2 M Order1",0.900000000000002,7.32258382800284,19,0.122907435563693,1
"183","NR3 F Order1 - PR3 M Order1",-0.433333333333335,7.27195606623416,19,-0.0595896522732624,1
"184","NR3 F Order1 - PR4 M Order1",0.733333333333328,7.36802400768196,19,0.0995291726206033,1
"185","NR3 F Order1 - PR5 M Order1",4.23333333333334,7.04318757581183,19,0.601053612127515,1
"186","NR3 F Order1 - PR6 M Order1",6.73333333333333,7.21757115194117,19,0.932908480094776,1
"187","NR3 F Order1 - NR0 F Order2",7.9,6.05484678506758,19,1.30473986880773,1
"188","NR3 F Order1 - NR1 F Order2",6.9,7.12390752884484,19,0.968569562710039,1
"189","NR3 F Order1 - NR2 F Order2",9.73333333333333,6.6803631235127,19,1.45700662574392,1
"190","NR3 F Order1 - NR3 F Order2",12.2333333333333,6.93877148403104,19,1.7630402386773,1
"191","NR3 F Order1 - NR4 F Order2",9.39999999999999,6.37557932237584,19,1.47437582134844,1
"192","NR3 F Order1 - NR5 F Order2",7.23333333333333,6.73569960158609,19,1.07388003640038,1
"193","NR3 F Order1 - NR6 F Order2",11.2333333333333,6.213106313148,19,1.8080059743323,1
"194","NR3 F Order1 - PR0 F Order2",-4.93333333333334,6.4757577623388,19,-0.761815607437361,1
"195","NR3 F Order1 - PR1 F Order2",-16.4333333333333,8.1643426696869,19,-2.01281768761962,1
"196","NR3 F Order1 - PR2 F Order2",-19.2666666666667,7.32258382800284,19,-2.63112954651165,1
"197","NR3 F Order1 - PR3 F Order2",-15.1,7.27195606623416,19,-2.07647019075291,1
"198","NR3 F Order1 - PR4 F Order2",-9.1,7.36802400768196,19,-1.23506655115568,1
"199","NR3 F Order1 - PR5 F Order2",-3.43333333333333,7.04318757581183,19,-0.487468677552235,1
"200","NR3 F Order1 - PR6 F Order2",-0.266666666666675,7.21757115194117,19,-0.0369468704988042,1
"201","NR3 F Order1 - NR0 M Order2",7.4,6.05484678506759,19,1.22216139609838,1
"202","NR3 F Order1 - NR1 M Order2",5.06666666666666,7.12390752884484,19,0.71122016198998,1
"203","NR3 F Order1 - NR2 M Order2",8.89999999999999,6.6803631235127,19,1.33226290778639,1
"204","NR3 F Order1 - NR3 M Order2",7.9,6.93877148403104,19,1.13853007238834,1
"205","NR3 F Order1 - NR4 M Order2",7.73333333333332,6.37557932237584,19,1.21296166862708,1
"206","NR3 F Order1 - NR5 M Order2",12.0666666666667,6.73569960158609,19,1.79144964597668,1
"207","NR3 F Order1 - NR6 M Order2",10.2333333333333,6.213106313148,19,1.64705588759649,1
"208","NR3 F Order1 - PR0 M Order2",0.0666666666666632,6.4757577623388,19,0.0102948055059097,1
"209","NR3 F Order1 - PR1 M Order2",-13.2666666666667,8.1643426696869,19,-1.62495221028926,1
"210","NR3 F Order1 - PR2 M Order2",-16.4333333333333,7.32258382800284,19,-2.24419873084817,1
"211","NR3 F Order1 - PR3 M Order2",-17.1,7.27195606623416,19,-2.35149935509104,1
"212","NR3 F Order1 - PR4 M Order2",-14.2666666666667,7.36802400768196,19,-1.93629481280084,1
"213","NR3 F Order1 - PR5 M Order2",-6.43333333333333,7.04318757581183,19,-0.913412182209529,1
"214","NR3 F Order1 - PR6 M Order2",-1.26666666666668,7.21757115194117,19,-0.175497634869316,1
"215","NR4 F Order1 - NR5 F Order1",-3.8,2.74111003254636,19,-1.38629969424101,1
"216","NR4 F Order1 - NR6 F Order1",4.8,2.71571127318392,19,1.76749275499101,1
"217","NR4 F Order1 - PR0 F Order1",-1.79999999999999,4.17801262248981,19,-0.430826845833538,1
"218","NR4 F Order1 - PR1 F Order1",-7.6,6.38037011520629,19,-1.19115346959058,1
"219","NR4 F Order1 - PR2 F Order1",-1.19999999999999,5.32023611136778,19,-0.225553899278257,1
"220","NR4 F Order1 - PR3 F Order1",-2.4,3.58192342723801,19,-0.670031073738117,1
"221","NR4 F Order1 - PR4 F Order1",-2.4,4.99424229892292,19,-0.480553376538738,1
"222","NR4 F Order1 - PR5 F Order1",-5.39999999999999,4.35793287550054,19,-1.23911959047321,1
"223","NR4 F Order1 - PR6 F Order1",-7.8,2.93251583504796,19,-2.65983218463079,1
"224","NR4 F Order1 - NR0 M Order1",4.23333333333334,5.25955549230239,19,0.804884241554068,1
"225","NR4 F Order1 - NR1 M Order1",5.56666666666667,6.46156427388114,19,0.861504494997936,1
"226","NR4 F Order1 - NR2 M Order1",4.23333333333333,5.96900375673807,19,0.709219411791216,1
"227","NR4 F Order1 - NR3 M Order1",4.73333333333334,6.25686056210039,19,0.756502927683014,1
"228","NR4 F Order1 - NR4 M Order1",3.9,5.62581248193284,19,0.693233201875241,1
"229","NR4 F Order1 - NR5 M Order1",3.73333333333334,6.03087087482164,19,0.619037185644229,1
"230","NR4 F Order1 - NR6 M Order1",2.4,5.44099664073085,19,0.441095659209527,1
"231","NR4 F Order1 - PR0 M Order1",6.06666666666667,5.73909339377363,19,1.05707752957086,1
"232","NR4 F Order1 - PR1 M Order1",3.56666666666667,7.59330268157638,19,0.469712168240108,1
"233","NR4 F Order1 - PR2 M Order1",-3.09999999999999,6.67996918436706,19,-0.464073997115859,1
"234","NR4 F Order1 - PR3 M Order1",-4.43333333333333,6.62443200698782,19,-0.669239767070867,1
"235","NR4 F Order1 - PR4 M Order1",-3.26666666666667,6.72974978463113,19,-0.485406853331579,1
"236","NR4 F Order1 - PR5 M Order1",0.233333333333344,6.37245993428245,19,0.0366158964888993,1
"237","NR4 F Order1 - PR6 M Order1",2.73333333333334,6.56468489108946,19,0.416369312264083,1
"238","NR4 F Order1 - NR0 F Order2",3.90000000000001,5.25955549230239,19,0.741507529620677,1
"239","NR4 F Order1 - NR1 F Order2",2.9,6.46156427388114,19,0.448807730927068,1
"240","NR4 F Order1 - NR2 F Order2",5.73333333333333,5.96900375673807,19,0.960517628567631,1
"241","NR4 F Order1 - NR3 F Order2",8.23333333333333,6.25686056210039,19,1.31588889533595,1
"242","NR4 F Order1 - NR4 F Order2",5.4,5.62581248193284,19,0.959861356442641,1
"243","NR4 F Order1 - NR5 F Order2",3.23333333333334,6.03087087482164,19,0.536130419709734,1
"244","NR4 F Order1 - NR6 F Order2",7.23333333333333,5.44099664073085,19,1.32941330622871,1
"245","NR4 F Order1 - PR0 F Order2",-8.93333333333333,5.73909339377363,19,-1.55657570288456,1
"246","NR4 F Order1 - PR1 F Order2",-20.4333333333333,7.59330268157638,19,-2.69096784234753,1
"247","NR4 F Order1 - PR2 F Order2",-23.2666666666667,6.67996918436706,19,-3.48304999985883,1
"248","NR4 F Order1 - PR3 F Order2",-19.1,6.62443200698782,19,-2.88326606414743,1
"249","NR4 F Order1 - PR4 F Order2",-13.1,6.72974978463113,19,-1.94658054448276,1
"250","NR4 F Order1 - PR5 F Order2",-7.43333333333332,6.37245993428245,19,-1.16647784528916,1
"251","NR4 F Order1 - PR6 F Order2",-4.26666666666667,6.56468489108946,19,-0.649942341095154,1
"252","NR4 F Order1 - NR0 M Order2",3.40000000000001,5.25955549230239,19,0.64644246172059,1
"253","NR4 F Order1 - NR1 M Order2",1.06666666666667,6.46156427388114,19,0.165078705628347,1
"254","NR4 F Order1 - NR2 M Order2",4.9,5.96900375673807,19,0.820907508136289,1
"255","NR4 F Order1 - NR3 M Order2",3.9,6.25686056210039,19,0.623315792527554,1
"256","NR4 F Order1 - NR4 M Order2",3.73333333333333,5.62581248193284,19,0.663607851367751,1
"257","NR4 F Order1 - NR5 M Order2",8.06666666666667,6.03087087482164,19,1.33756249040985,1
"258","NR4 F Order1 - NR6 M Order2",6.23333333333333,5.44099664073086,19,1.14562344822474,1
"259","NR4 F Order1 - PR0 M Order2",-3.93333333333333,5.73909339377363,19,-0.685357958732754,1
"260","NR4 F Order1 - PR1 M Order2",-17.2666666666667,7.59330268157638,19,-2.27393367428389,1
"261","NR4 F Order1 - PR2 M Order2",-20.4333333333333,6.67996918436706,19,-3.05889634658089,1
"262","NR4 F Order1 - PR3 M Order2",-21.1,6.62443200698782,19,-3.1851787410215,1
"263","NR4 F Order1 - PR4 M Order2",-18.2666666666667,6.72974978463113,19,-2.71431587373169,1
"264","NR4 F Order1 - PR5 M Order2",-10.4333333333333,6.37245993428245,19,-1.63725365728928,1
"265","NR4 F Order1 - PR6 M Order2",-5.26666666666667,6.56468489108946,19,-0.802272577289331,1
"266","NR5 F Order1 - NR6 F Order1",8.6,2.45242450748484,19,3.50673383574199,1
"267","NR5 F Order1 - PR0 F Order1",2,4.30197832907834,19,0.464902388392199,1
"268","NR5 F Order1 - PR1 F Order1",-3.8,6.05092424432221,19,-0.628003234971199,1
"269","NR5 F Order1 - PR2 F Order1",2.6,5.67453530055043,19,0.458187298570123,1
"270","NR5 F Order1 - PR3 F Order1",1.4,4.41552285751792,19,0.317063243737113,1
"271","NR5 F Order1 - PR4 F Order1",1.4,5.25343663626279,19,0.266492221555742,1
"272","NR5 F Order1 - PR5 F Order1",-1.59999999999999,4.7832309421158,19,-0.334501933810508,1
"273","NR5 F Order1 - PR6 F Order1",-4,3.33535026698978,19,-1.19927434296431,1
"274","NR5 F Order1 - NR0 M Order1",8.03333333333334,5.77311777888594,19,1.39150691896737,1
"275","NR5 F Order1 - NR1 M Order1",9.36666666666667,6.8860567655065,19,1.36023663260895,1
"276","NR5 F Order1 - NR2 M Order1",8.03333333333333,6.42611630459906,19,1.25010705573194,1
"277","NR5 F Order1 - NR3 M Order1",8.53333333333333,6.69434604766201,19,1.27470753268179,1
"278","NR5 F Order1 - NR4 M Order1",7.7,6.10866032728552,19,1.26050550979344,1
"279","NR5 F Order1 - NR5 M Order1",7.53333333333334,6.48362309369172,19,1.16190179849642,1
"280","NR5 F Order1 - NR6 M Order1",6.2,5.93888957270003,19,1.0439662034634,1
"281","NR5 F Order1 - PR0 M Order1",9.86666666666667,6.21314396217703,19,1.58803123293629,1
"282","NR5 F Order1 - PR1 M Order1",7.36666666666666,7.95765106839423,19,0.925733813075217,1
"283","NR5 F Order1 - PR2 M Order1",0.700000000000006,7.09139994756848,19,0.0987111156013735,1
"284","NR5 F Order1 - PR3 M Order1",-0.633333333333331,7.03910962604543,19,-0.0899735004822105,1
"285","NR5 F Order1 - PR4 M Order1",0.533333333333332,7.13831192061704,19,0.0747142096428913,1
"286","NR5 F Order1 - PR5 M Order1",4.03333333333334,6.80251501478062,19,0.592917961161371,1
"287","NR5 F Order1 - PR6 M Order1",6.53333333333334,6.98291147241457,19,0.935617379533272,1
"288","NR5 F Order1 - NR0 F Order2",7.7,5.77311777888594,19,1.33376804266167,1
"289","NR5 F Order1 - NR1 F Order2",6.7,6.8860567655065,19,0.972980651795018,1
"290","NR5 F Order1 - NR2 F Order2",9.53333333333333,6.42611630459906,19,1.48352953501798,1
"291","NR5 F Order1 - NR3 F Order2",12.0333333333333,6.69434604766201,19,1.79753679413331,1
"292","NR5 F Order1 - NR4 F Order2",9.2,6.10866032728552,19,1.50605853118177,1
"293","NR5 F Order1 - NR5 F Order2",7.03333333333333,6.48362309369172,19,1.08478442249002,1
"294","NR5 F Order1 - NR6 F Order2",11.0333333333333,5.93888957270003,19,1.85781082444292,1
"295","NR5 F Order1 - PR0 F Order2",-5.13333333333333,6.21314396217703,19,-0.826205438757395,1
"296","NR5 F Order1 - PR1 F Order2",-16.6333333333333,7.95765106839423,19,-2.09023155078975,1
"297","NR5 F Order1 - PR2 F Order2",-19.4666666666667,7.09139994756848,19,-2.74510911958103,1
"298","NR5 F Order1 - PR3 F Order2",-15.3,7.03910962604543,19,-2.17357035375446,1
"299","NR5 F Order1 - PR4 F Order2",-9.3,7.13831192061704,19,-1.30282903064792,1
"300","NR5 F Order1 - PR5 F Order2",-3.63333333333332,6.80251501478062,19,-0.534116179889167,1
"301","NR5 F Order1 - PR6 F Order2",-0.466666666666671,6.98291147241456,19,-0.0668298128238057,1
"302","NR5 F Order1 - NR0 M Order2",7.2,5.77311777888594,19,1.24715972820312,1
"303","NR5 F Order1 - NR1 M Order2",4.86666666666667,6.8860567655065,19,0.706742164985436,1
"304","NR5 F Order1 - NR2 M Order2",8.7,6.42611630459906,19,1.35385037985907,1
"305","NR5 F Order1 - NR3 M Order2",7.7,6.69434604766201,19,1.15022437519333,1
"306","NR5 F Order1 - NR4 M Order2",7.53333333333332,6.10866032728552,19,1.23322184075029,1
"307","NR5 F Order1 - NR5 M Order2",11.8666666666667,6.48362309369172,19,1.83025239055188,1
"308","NR5 F Order1 - NR6 M Order2",10.0333333333333,5.93888957270003,19,1.68942917872302,1
"309","NR5 F Order1 - PR0 M Order2",-0.133333333333333,6.21314396217703,19,-0.021459881526166,1
"310","NR5 F Order1 - PR1 M Order2",-13.4666666666667,7.95765106839423,19,-1.6922916763909,1
"311","NR5 F Order1 - PR2 M Order2",-16.6333333333333,7.09139994756848,19,-2.34556412786119,1
"312","NR5 F Order1 - PR3 M Order2",-17.3,7.03910962604543,19,-2.4576971973825,1
"313","NR5 F Order1 - PR4 M Order2",-14.4666666666667,7.13831192061704,19,-2.02662293656343,1
"314","NR5 F Order1 - PR5 M Order2",-6.63333333333333,6.80251501478062,19,-0.975129539430682,1
"315","NR5 F Order1 - PR6 M Order2",-1.46666666666667,6.98291147241457,19,-0.210036554589103,1
"316","NR6 F Order1 - PR0 F Order1",-6.59999999999999,3.62186343431694,19,-1.82226638847434,1
"317","NR6 F Order1 - PR1 F Order1",-12.4,5.24641899591538,19,-2.36351690737131,1
"318","NR6 F Order1 - PR2 F Order1",-5.99999999999999,5.26791013524172,19,-1.13897159328149,1
"319","NR6 F Order1 - PR3 F Order1",-7.2,3.95008327693694,19,-1.82274638158596,1
"320","NR6 F Order1 - PR4 F Order1",-7.2,4.48737019066515,19,-1.60450323777116,1
"321","NR6 F Order1 - PR5 F Order1",-10.2,4.05267942555487,19,-2.51685340214233,1
"322","NR6 F Order1 - PR6 F Order1",-12.6,3.55340212566305,19,-3.54589758051909,1
"323","NR6 F Order1 - NR0 M Order1",-0.56666666666666,5.0208104935056,19,-0.11286358395714,1
"324","NR6 F Order1 - NR1 M Order1",0.766666666666672,6.26876597908909,19,0.122299455622377,1
"325","NR6 F Order1 - NR2 M Order1",-0.566666666666667,5.75974130348238,19,-0.0983840483120407,1
"326","NR6 F Order1 - NR3 M Order1",-0.0666666666666638,6.05755050566274,19,-0.0110055486296552,1
"327","NR6 F Order1 - NR4 M Order1",-0.900000000000001,5.4032749436762,19,-0.166565649422177,1
"328","NR6 F Order1 - NR5 M Order1",-1.06666666666666,5.82383186088504,19,-0.183155470856015,1
"329","NR6 F Order1 - NR6 M Order1",-2.4,5.21057179967153,19,-0.460602039904967,1
"330","NR6 F Order1 - PR0 M Order1",1.26666666666667,5.52112370967576,19,0.229421895482407,1
"331","NR6 F Order1 - PR1 M Order1",-1.23333333333333,7.42992998951691,19,-0.165995283276353,1
"332","NR6 F Order1 - PR2 M Order1",-7.89999999999999,6.49365862508812,19,-1.2165714978423,1
"333","NR6 F Order1 - PR3 M Order1",-9.23333333333333,6.43651407598029,19,-1.43452390911257,1
"334","NR6 F Order1 - PR4 M Order1",-8.06666666666666,6.54485646892508,19,-1.2325200262171,1
"335","NR6 F Order1 - PR5 M Order1",-4.56666666666666,6.17688106159758,19,-0.739315946207574,1
"336","NR6 F Order1 - PR6 M Order1",-2.06666666666666,6.375006019949,19,-0.324182700408367,1
"337","NR6 F Order1 - NR0 F Order2",-0.899999999999993,5.0208104935056,19,-0.179253927461341,1
"338","NR6 F Order1 - NR1 F Order2",-1.9,6.26876597908909,19,-0.303089955238062,1
"339","NR6 F Order1 - NR2 F Order2",0.933333333333332,5.75974130348238,19,0.16204431486689,1
"340","NR6 F Order1 - NR3 F Order2",3.43333333333333,6.05755050566274,19,0.566785754427268,1
"341","NR6 F Order1 - NR4 F Order2",0.599999999999998,5.4032749436762,19,0.11104376628145,1
"342","NR6 F Order1 - NR5 F Order2",-1.56666666666666,5.82383186088503,19,-0.269009597819773,1
"343","NR6 F Order1 - NR6 F Order2",2.43333333333333,5.21057179967153,19,0.466999290459203,1
"344","NR6 F Order1 - PR0 F Order2",-13.7333333333333,5.52112370967576,19,-2.48741634049345,1
"345","NR6 F Order1 - PR1 F Order2",-25.2333333333333,7.42992998951691,19,-3.39617376865404,1
"346","NR6 F Order1 - PR2 F Order2",-28.0666666666667,6.49365862508812,19,-4.32216540583635,0.54515374731927
"347","NR6 F Order1 - PR3 F Order2",-23.9,6.43651407598029,19,-3.71319004633109,1
"348","NR6 F Order1 - PR4 F Order2",-17.9,6.54485646892508,19,-2.73497212429166,1
"349","NR6 F Order1 - PR5 F Order2",-12.2333333333333,6.17688106159758,19,-1.9805033011546,1
"350","NR6 F Order1 - PR6 F Order2",-9.06666666666667,6.375006019949,19,-1.4222208792109,1
"351","NR6 F Order1 - NR0 M Order2",-1.39999999999999,5.0208104935056,19,-0.278839442717643,1
"352","NR6 F Order1 - NR1 M Order2",-3.73333333333333,6.26876597908909,19,-0.595545175204613,1
"353","NR6 F Order1 - NR2 M Order2",0.0999999999999978,5.75974130348238,19,0.017361890878595,1
"354","NR6 F Order1 - NR3 M Order2",-0.899999999999999,6.05755050566274,19,-0.148574906500351,1
"355","NR6 F Order1 - NR4 M Order2",-1.06666666666667,5.4032749436762,19,-0.197411140055914,1
"356","NR6 F Order1 - NR5 M Order2",3.26666666666667,5.82383186088504,19,0.560913629496549,1
"357","NR6 F Order1 - NR6 M Order2",1.43333333333333,5.21057179967153,19,0.275081773832132,1
"358","NR6 F Order1 - PR0 M Order2",-8.73333333333333,5.52112370967576,19,-1.58180359516817,1
"359","NR6 F Order1 - PR1 M Order2",-22.0666666666667,7.42992998951691,19,-2.96996966294448,1
"360","NR6 F Order1 - PR2 M Order2",-25.2333333333333,6.49365862508812,19,-3.88584229479586,1
"361","NR6 F Order1 - PR3 M Order2",-25.9,6.43651407598029,19,-4.02391724686089,1
"362","NR6 F Order1 - PR4 M Order2",-23.0666666666667,6.54485646892508,19,-3.52439610802575,1
"363","NR6 F Order1 - PR5 M Order2",-15.2333333333333,6.17688106159758,19,-2.46618530961213,1
"364","NR6 F Order1 - PR6 M Order2",-10.0666666666667,6.375006019949,19,-1.57908347618269,1
"365","PR0 F Order1 - PR1 F Order1",-5.80000000000001,3.9962262900646,19,-1.45136926165066,1
"366","PR0 F Order1 - PR2 F Order1",0.600000000000001,3.95616330175783,19,0.151662091333137,1
"367","PR0 F Order1 - PR3 F Order1",-0.600000000000007,4.51006671285315,19,-0.133035726121319,1
"368","PR0 F Order1 - PR4 F Order1",-0.600000000000006,4.6574219206948,19,-0.12882663632727,1
"369","PR0 F Order1 - PR5 F Order1",-3.6,4.98527656766807,19,-0.72212643594294,1
"370","PR0 F Order1 - PR6 F Order1",-6,4.70386179532027,19,-1.27554767998694,1
"371","PR0 F Order1 - NR0 M Order1",6.03333333333333,5.40442746804043,19,1.1163686383085,1
"372","PR0 F Order1 - NR1 M Order1",7.36666666666667,6.58002470711158,19,1.11955000088448,1
"373","PR0 F Order1 - NR2 M Order1",6.03333333333333,6.09704175224797,19,0.989550929532153,1
"374","PR0 F Order1 - NR3 M Order1",6.53333333333333,6.37912348009262,19,1.02417414457048,1
"375","PR0 F Order1 - NR4 M Order1",5.69999999999999,5.76148230601927,19,0.989328734732893,1
"376","PR0 F Order1 - NR5 M Order1",5.53333333333333,6.15762257608192,19,0.898615214713953,1
"377","PR0 F Order1 - NR6 M Order1",4.19999999999999,5.58116087612122,19,0.752531613623526,1
"378","PR0 F Order1 - PR0 M Order1",7.86666666666667,5.8721465634943,19,1.33965775234082,1
"379","PR0 F Order1 - PR1 M Order1",5.36666666666666,7.69435883584441,19,0.697480684376959,1
"380","PR0 F Order1 - PR2 M Order1",-1.3,6.79462291704222,19,-0.191327762536953,1
"381","PR0 F Order1 - PR3 M Order1",-2.63333333333333,6.74003054117015,19,-0.390700504582009,1
"382","PR0 F Order1 - PR4 M Order1",-1.46666666666667,6.84356956890514,19,-0.214313108371208,1
"383","PR0 F Order1 - PR5 M Order1",2.03333333333334,6.49254633366115,19,0.313179641520824,1
"384","PR0 F Order1 - PR6 M Order1",4.53333333333333,6.68131723539603,19,0.678508918767816,1
"385","PR0 F Order1 - NR0 F Order2",5.7,5.40442746804043,19,1.05469081298758,1
"386","PR0 F Order1 - NR1 F Order2",4.7,6.58002470711158,19,0.714283032238514,1
"387","PR0 F Order1 - NR2 F Order2",7.53333333333333,6.09704175224797,19,1.23557187886335,1
"388","PR0 F Order1 - NR3 F Order2",10.0333333333333,6.37912348009262,19,1.5728388648761,1
"389","PR0 F Order1 - NR4 F Order2",7.19999999999999,5.76148230601927,19,1.24967840176787,1
"390","PR0 F Order1 - NR5 F Order2",5.03333333333333,6.15762257608192,19,0.817415044709679,1
"391","PR0 F Order1 - NR6 F Order2",9.03333333333333,5.58116087612122,19,1.61854021660298,1
"392","PR0 F Order1 - PR0 F Order2",-7.13333333333333,5.8721465634943,19,-1.21477440254634,1
"393","PR0 F Order1 - PR1 F Order2",-18.6333333333333,7.6943588358444,19,-2.42168759358212,1
"394","PR0 F Order1 - PR2 F Order2",-21.4666666666667,6.79462291704222,19,-3.15936100189227,1
"395","PR0 F Order1 - PR3 F Order2",-17.3,6.74003054117015,19,-2.56675394782358,1
"396","PR0 F Order1 - PR4 F Order2",-11.3,6.84356956890514,19,-1.6511850849509,1
"397","PR0 F Order1 - PR5 F Order2",-5.63333333333333,6.49254633366115,19,-0.867661629787197,1
"398","PR0 F Order1 - PR6 F Order2",-2.46666666666667,6.68131723539603,19,-0.369188676388372,1
"399","PR0 F Order1 - NR0 M Order2",5.2,5.40442746804043,19,0.962174075006218,1
"400","PR0 F Order1 - NR1 M Order2",2.86666666666666,6.58002470711158,19,0.435661991294413,1
"401","PR0 F Order1 - NR2 M Order2",6.69999999999999,6.09704175224797,19,1.09889357367935,1
"402","PR0 F Order1 - NR3 M Order2",5.7,6.37912348009262,19,0.893539687354858,1
"403","PR0 F Order1 - NR4 M Order2",5.53333333333332,5.76148230601927,19,0.960400993951228,1
"404","PR0 F Order1 - NR5 M Order2",9.86666666666666,6.15762257608192,19,1.60235002141765,1
"405","PR0 F Order1 - NR6 M Order2",8.03333333333332,5.58116087612122,19,1.43936602288309,1
"406","PR0 F Order1 - PR0 M Order2",-2.13333333333334,5.8721465634943,19,-0.363297017583953,1
"407","PR0 F Order1 - PR1 M Order2",-15.4666666666667,7.69435883584441,19,-2.01013066801807,1
"408","PR0 F Order1 - PR2 M Order2",-18.6333333333333,6.79462291704222,19,-2.74236459636301,1
"409","PR0 F Order1 - PR3 M Order2",-19.3,6.74003054117016,19,-2.86348850826561,1
"410","PR0 F Order1 - PR4 M Order2",-16.4666666666667,6.84356956890514,19,-2.40615171671311,1
"411","PR0 F Order1 - PR5 M Order2",-8.63333333333333,6.49254633366115,19,-1.32972995334251,1
"412","PR0 F Order1 - PR6 M Order2",-3.46666666666668,6.68131723539603,19,-0.518859761410684,1
"413","PR1 F Order1 - PR2 F Order1",6.40000000000001,4.52850620194481,19,1.41326956718122,1
"414","PR1 F Order1 - PR3 F Order1",5.2,6.61494851526821,19,0.786098332889165,1
"415","PR1 F Order1 - PR4 F Order1",5.2,6.72698154462716,19,0.773006431711299,1
"416","PR1 F Order1 - PR5 F Order1",2.20000000000001,6.62766662651953,19,0.331941861891042,1
"417","PR1 F Order1 - PR6 F Order1",-0.199999999999994,6.42893677602879,19,-0.0311093431103137,1
"418","PR1 F Order1 - NR0 M Order1",11.8333333333333,7.67288077681419,19,1.5422282292058,1
"419","PR1 F Order1 - NR1 M Order1",13.1666666666667,8.5417789894198,19,1.54144314468631,1
"420","PR1 F Order1 - NR2 M Order1",11.8333333333333,8.17552330352924,19,1.44740989585646,1
"421","PR1 F Order1 - NR3 M Order1",12.3333333333333,8.38799615713811,19,1.47035514827195,1
"422","PR1 F Order1 - NR4 M Order1",11.5,7.92842616920079,19,1.45047702464249,1
"423","PR1 F Order1 - NR5 M Order1",11.3333333333333,8.22080160004901,19,1.37861657350614,1
"424","PR1 F Order1 - NR6 M Order1",10,7.79837289971703,19,1.2823187770827,1
"425","PR1 F Order1 - PR0 M Order1",13.6666666666667,8.00920523029924,19,1.70636989235398,1
"426","PR1 F Order1 - PR1 M Order1",11.1666666666667,9.42700488239142,19,1.18454024432773,1
"427","PR1 F Order1 - PR2 M Order1",4.50000000000001,8.7081664971847,19,0.516756311613338,1
"428","PR1 F Order1 - PR3 M Order1",3.16666666666667,8.66563759072587,19,0.365428006134909,1
"429","PR1 F Order1 - PR4 M Order1",4.33333333333334,8.74641112699027,19,0.49544130391507,1
"430","PR1 F Order1 - PR5 M Order1",7.83333333333335,8.47457497769838,19,0.924333474415823,1
"431","PR1 F Order1 - PR6 M Order1",10.3333333333333,8.62005006701787,19,1.19875560501335,1
"432","PR1 F Order1 - NR0 F Order2",11.5,7.67288077681419,19,1.49878518049577,1
"433","PR1 F Order1 - NR1 F Order2",10.5,8.5417789894198,19,1.22925212804098,1
"434","PR1 F Order1 - NR2 F Order2",13.3333333333333,8.17552330352924,19,1.63088438969742,1
"435","PR1 F Order1 - NR3 F Order2",15.8333333333333,8.38799615713811,19,1.88761809575453,1
"436","PR1 F Order1 - NR4 F Order2",13,7.92842616920078,19,1.63966968003064,1
"437","PR1 F Order1 - NR5 F Order2",10.8333333333333,8.22080160004901,19,1.31779525408675,1
"438","PR1 F Order1 - NR6 F Order2",14.8333333333333,7.79837289971703,19,1.902106186006,1
"439","PR1 F Order1 - PR0 F Order2",-1.33333333333333,8.00920523029924,19,-0.166475111449168,1
"440","PR1 F Order1 - PR1 F Order2",-12.8333333333333,9.42700488239142,19,-1.36133729571993,1
"441","PR1 F Order1 - PR2 F Order2",-15.6666666666667,8.7081664971847,19,-1.79907752932051,1
"442","PR1 F Order1 - PR3 F Order2",-11.5,8.66563759072587,19,-1.32708065385835,1
"443","PR1 F Order1 - PR4 F Order2",-5.49999999999999,8.74641112699027,19,-0.628829347276819,1
"444","PR1 F Order1 - PR5 F Order2",0.166666666666681,8.47457497769838,19,0.0196666696684234,1
"445","PR1 F Order1 - PR6 F Order2",3.33333333333333,8.62005006701787,19,0.386695356455918,1
"446","PR1 F Order1 - NR0 M Order2",11,7.67288077681419,19,1.43362060743074,1
"447","PR1 F Order1 - NR1 M Order2",8.66666666666667,8.5417789894198,19,1.01462080409732,1
"448","PR1 F Order1 - NR2 M Order2",12.5,8.17552330352924,19,1.52895411534133,1
"449","PR1 F Order1 - NR3 M Order2",11.5,8.38799615713811,19,1.37100682744276,1
"450","PR1 F Order1 - NR4 M Order2",11.3333333333333,7.92842616920079,19,1.42945561848825,1
"451","PR1 F Order1 - NR5 M Order2",15.6666666666667,8.22080160004901,19,1.90573467514084,1
"452","PR1 F Order1 - NR6 M Order2",13.8333333333333,7.79837289971703,19,1.77387430829773,1
"453","PR1 F Order1 - PR0 M Order2",3.66666666666667,8.00920523029924,19,0.457806556485216,1
"454","PR1 F Order1 - PR1 M Order2",-9.66666666666666,9.42700488239142,19,-1.02542289807475,1
"455","PR1 F Order1 - PR2 M Order2",-12.8333333333333,8.7081664971847,19,-1.47371244423063,1
"456","PR1 F Order1 - PR3 M Order2",-13.5,8.66563759072587,19,-1.55787728931198,1
"457","PR1 F Order1 - PR4 M Order2",-10.6666666666667,8.74641112699027,19,-1.21954782502171,1
"458","PR1 F Order1 - PR5 M Order2",-2.83333333333332,8.47457497769838,19,-0.334333384363168,1
"459","PR1 F Order1 - PR6 M Order2",2.33333333333333,8.62005006701787,19,0.270686749519142,1
"460","PR2 F Order1 - PR3 F Order1",-1.20000000000001,5.54626474589691,19,-0.216361831787377,1
"461","PR2 F Order1 - PR4 F Order1",-1.20000000000001,5.94297462289896,19,-0.201919085330816,1
"462","PR2 F Order1 - PR5 F Order1",-4.2,5.63911776103381,19,-0.744797356249928,1
"463","PR2 F Order1 - PR6 F Order1",-6.6,5.86592898073421,19,-1.12514147744999,1
"464","PR2 F Order1 - NR0 M Order1",5.43333333333333,6.5749213412234,19,0.826372370307681,1
"465","PR2 F Order1 - NR1 M Order1",6.76666666666667,7.57089687766012,19,0.893773455907643,1
"466","PR2 F Order1 - NR2 M Order1",5.43333333333333,7.15511512937562,19,0.7593635091945,1
"467","PR2 F Order1 - NR3 M Order1",5.93333333333333,7.39695685807575,19,0.802131666734748,1
"468","PR2 F Order1 - NR4 M Order1",5.09999999999999,6.87142145036513,19,0.742204511372096,1
"469","PR2 F Order1 - NR5 M Order1",4.93333333333333,7.20680721092486,19,0.684537991505427,1
"470","PR2 F Order1 - NR6 M Order1",3.59999999999999,6.72094570065189,19,0.535638905645498,1
"471","PR2 F Order1 - PR0 M Order1",7.26666666666666,6.96447123973693,19,1.04339100794982,1
"472","PR2 F Order1 - PR1 M Order1",4.76666666666666,8.55715561858622,19,0.557038679571681,1
"473","PR2 F Order1 - PR2 M Order1",-1.9,7.75813476105953,19,-0.244904227435786,1
"474","PR2 F Order1 - PR3 M Order1",-3.23333333333333,7.71036744143049,19,-0.419348799897591,1
"475","PR2 F Order1 - PR4 M Order1",-2.06666666666667,7.80103831745553,19,-0.264921999170587,1
"476","PR2 F Order1 - PR5 M Order1",1.43333333333334,7.49499248036326,19,0.191238795380869,1
"477","PR2 F Order1 - PR6 M Order1",3.93333333333333,7.65909618597161,19,0.513550585842964,1
"478","PR2 F Order1 - NR0 F Order2",5.1,6.5749213412234,19,0.775674678877762,1
"479","PR2 F Order1 - NR1 F Order2",4.1,7.57089687766012,19,0.541547463431724,1
"480","PR2 F Order1 - NR2 F Order2",6.93333333333333,7.15511512937562,19,0.969003741794208,1
"481","PR2 F Order1 - NR3 F Order2",9.43333333333333,7.39695685807575,19,1.27529922295468,1
"482","PR2 F Order1 - NR4 F Order2",6.59999999999999,6.87142145036513,19,0.960499955893301,1
"483","PR2 F Order1 - NR5 F Order2",4.43333333333333,7.20680721092486,19,0.615159141015012,1
"484","PR2 F Order1 - NR6 F Order2",8.43333333333333,6.72094570065189,19,1.25478373266955,1
"485","PR2 F Order1 - PR0 F Order2",-7.73333333333334,6.96447123973693,19,-1.11039776992825,1
"486","PR2 F Order1 - PR1 F Order2",-19.2333333333333,8.55715561858622,19,-2.24763159519483,1
"487","PR2 F Order1 - PR2 F Order2",-22.0666666666667,7.75813476105953,19,-2.84432629057,1
"488","PR2 F Order1 - PR3 F Order2",-17.9,7.71036744143049,19,-2.3215495417011,1
"489","PR2 F Order1 - PR4 F Order2",-11.9,7.80103831745553,19,-1.52543796296612,1
"490","PR2 F Order1 - PR5 F Order2",-6.23333333333333,7.49499248036325,19,-0.831666389214472,1
"491","PR2 F Order1 - PR6 F Order2",-3.06666666666667,7.65909618597161,19,-0.40039537201316,1
"492","PR2 F Order1 - NR0 M Order2",4.6,6.5749213412234,19,0.699628141732883,1
"493","PR2 F Order1 - NR1 M Order2",2.26666666666666,7.57089687766012,19,0.29939209360453,1
"494","PR2 F Order1 - NR2 M Order2",6.09999999999999,7.15511512937562,19,0.852536945905481,1
"495","PR2 F Order1 - NR3 M Order2",5.09999999999999,7.39695685807575,19,0.68947272477762,1
"496","PR2 F Order1 - NR4 M Order2",4.93333333333332,6.87142145036513,19,0.71794946198085,1
"497","PR2 F Order1 - NR5 M Order2",9.26666666666666,7.20680721092486,19,1.28582136242236,1
"498","PR2 F Order1 - NR6 M Order2",7.43333333333332,6.72094570065189,19,1.10599514776802,1
"499","PR2 F Order1 - PR0 M Order2",-2.73333333333334,6.96447123973693,19,-0.392468177302228,1
"500","PR2 F Order1 - PR1 M Order2",-16.0666666666667,8.55715561858622,19,-1.87757093394091,1
"501","PR2 F Order1 - PR2 M Order2",-19.2333333333333,7.75813476105953,19,-2.47911823211313,1
"502","PR2 F Order1 - PR3 M Order2",-19.9,7.71036744143049,19,-2.58094055194703,1
"503","PR2 F Order1 - PR4 M Order2",-17.0666666666667,7.80103831745553,19,-2.18774296089259,1
"504","PR2 F Order1 - PR5 M Order2",-9.23333333333333,7.49499248036326,19,-1.23193363536048,1
"505","PR2 F Order1 - PR6 M Order2",-4.06666666666668,7.65909618597161,19,-0.53095908027832,1
"506","PR3 F Order1 - PR4 F Order1",1.66359981346176e-15,4.69677007344484,19,3.54200820446293e-16,1
"507","PR3 F Order1 - PR5 F Order1",-2.99999999999999,4.42718872423573,19,-0.677630927178936,1
"508","PR3 F Order1 - PR6 F Order1",-5.39999999999999,4.61542037772919,19,-1.16999093431589,1
"509","PR3 F Order1 - NR0 M Order1",6.63333333333334,6.50714407221849,19,1.01939241850409,1
"510","PR3 F Order1 - NR1 M Order1",7.96666666666667,7.51211107915059,19,1.06050969996672,1
"511","PR3 F Order1 - NR2 M Order1",6.63333333333333,7.09288416992363,19,0.935209595196978,1
"512","PR3 F Order1 - NR3 M Order1",7.13333333333334,7.33677750061751,19,0.972270636901958,1
"513","PR3 F Order1 - NR4 M Order1",6.3,6.80659724692679,19,0.925572613076891,1
"514","PR3 F Order1 - NR5 M Order1",6.13333333333334,7.14502648761864,19,0.858405961679998,1
"515","PR3 F Order1 - NR6 M Order1",4.8,6.65465584718282,19,0.721299509730775,1
"516","PR3 F Order1 - PR0 M Order1",8.46666666666667,6.9005212109272,19,1.22696045818386,1
"517","PR3 F Order1 - PR1 M Order1",5.96666666666667,8.50518933440256,19,0.701532491761489,1
"518","PR3 F Order1 - PR2 M Order1",-0.699999999999989,7.70077842195798,19,-0.0908999014961931,1
"519","PR3 F Order1 - PR3 M Order1",-2.03333333333333,7.65265309648913,19,-0.265703058494338,1
"520","PR3 F Order1 - PR4 M Order1",-0.866666666666664,7.74399975230776,19,-0.111914604130558,1
"521","PR3 F Order1 - PR5 M Order1",2.63333333333335,7.43560660699819,19,0.35415178243224,1
"522","PR3 F Order1 - PR6 M Order1",5.13333333333334,7.60099254829909,19,0.675350396769176,1
"523","PR3 F Order1 - NR0 F Order2",6.30000000000001,6.50714407221849,19,0.968166668830515,1
"524","PR3 F Order1 - NR1 F Order2",5.30000000000001,7.51211107915059,19,0.705527373618028,1
"525","PR3 F Order1 - NR2 F Order2",8.13333333333333,7.09288416992363,19,1.14668915189981,1
"526","PR3 F Order1 - NR3 F Order2",10.6333333333333,7.33677750061751,19,1.44931931388656,1
"527","PR3 F Order1 - NR4 F Order2",7.8,6.80659724692679,19,1.14594704476186,1
"528","PR3 F Order1 - NR5 F Order2",5.63333333333334,7.14502648761864,19,0.788427214803911,1
"529","PR3 F Order1 - NR6 F Order2",9.63333333333333,6.65465584718282,19,1.44760804383468,1
"530","PR3 F Order1 - PR0 F Order2",-6.53333333333333,6.9005212109272,19,-0.94678838505526,1
"531","PR3 F Order1 - PR1 F Order2",-18.0333333333333,8.50518933440256,19,-2.12027417901098,1
"532","PR3 F Order1 - PR2 F Order2",-20.8666666666667,7.70077842195798,19,-2.70968277793418,1
"533","PR3 F Order1 - PR3 F Order2",-16.7,7.65265309648913,19,-2.18224970992891,1
"534","PR3 F Order1 - PR4 F Order2",-10.7,7.74399975230776,19,-1.38171492022728,1
"535","PR3 F Order1 - PR5 F Order2",-5.03333333333332,7.43560660699819,19,-0.676923027180605,1
"536","PR3 F Order1 - PR6 F Order2",-1.86666666666667,7.60099254829909,19,-0.245581962461518,1
"537","PR3 F Order1 - NR0 M Order2",5.80000000000001,6.50714407221849,19,0.891328044320157,1
"538","PR3 F Order1 - NR1 M Order2",3.46666666666667,7.51211107915059,19,0.461477024253301,1
"539","PR3 F Order1 - NR2 M Order2",7.3,7.09288416992363,19,1.02920050928713,1
"540","PR3 F Order1 - NR3 M Order2",6.3,7.33677750061751,19,0.85868761857229,1
"541","PR3 F Order1 - NR4 M Order2",6.13333333333333,6.80659724692679,19,0.901086565111893,1
"542","PR3 F Order1 - NR5 M Order2",10.4666666666667,7.14502648761864,19,1.46488843460608,1
"543","PR3 F Order1 - NR6 M Order2",8.63333333333333,6.65465584718282,19,1.29733731264077,1
"544","PR3 F Order1 - PR0 M Order2",-1.53333333333333,6.9005212109272,19,-0.222205437308887,1
"545","PR3 F Order1 - PR1 M Order2",-14.8666666666667,8.50518933440256,19,-1.74795246550628,1
"546","PR3 F Order1 - PR2 M Order2",-18.0333333333333,7.70077842195798,19,-2.34175460521148,1
"547","PR3 F Order1 - PR3 M Order2",-18.7,7.65265309648913,19,-2.44359698057908,1
"548","PR3 F Order1 - PR4 M Order2",-15.8666666666667,7.74399975230777,19,-2.04889813715946,1
"549","PR3 F Order1 - PR5 M Order2",-8.03333333333332,7.43560660699819,19,-1.08038708311607,1
"550","PR3 F Order1 - PR6 M Order2",-2.86666666666667,7.60099254829909,19,-0.377143728065903,1
"551","PR4 F Order1 - PR5 F Order1",-2.99999999999999,2.9229881370137,19,-1.02634696392062,1
"552","PR4 F Order1 - PR6 F Order1",-5.4,3.9068540760988,19,-1.3821862539059,1
"553","PR4 F Order1 - NR0 M Order1",6.63333333333334,6.63555900243934,19,0.999664584535352,1
"554","PR4 F Order1 - NR1 M Order1",7.96666666666667,7.62361673772644,19,1.044998317825,1
"555","PR4 F Order1 - NR2 M Order1",6.63333333333333,7.210875477097,19,0.919906792788471,1
"556","PR4 F Order1 - NR3 M Order1",7.13333333333334,7.45090755490986,19,0.957377779923298,1
"557","PR4 F Order1 - NR4 M Order1",6.3,6.9294650139904,19,0.909161095016783,1
"558","PR4 F Order1 - NR5 M Order1",6.13333333333334,7.26217066771482,19,0.844559239099142,1
"559","PR4 F Order1 - NR6 M Order1",4.8,6.78027755646405,19,0.707935620633092,1
"560","PR4 F Order1 - PR0 M Order1",8.46666666666667,7.0217456718897,19,1.20577803046349,1
"561","PR4 F Order1 - PR1 M Order1",5.96666666666667,8.60383431455306,19,0.693489257059992,1
"562","PR4 F Order1 - PR2 M Order1",-0.699999999999991,7.80959074486872,19,-0.0896333780947388,1
"563","PR4 F Order1 - PR3 M Order1",-2.03333333333333,7.76214008592027,19,-0.261955248272521,1
"564","PR4 F Order1 - PR4 M Order1",-0.866666666666665,7.85221315693788,19,-0.110372279680273,1
"565","PR4 F Order1 - PR5 M Order1",2.63333333333334,7.54824250486699,19,0.348867081527311,1
"566","PR4 F Order1 - PR6 M Order1",5.13333333333334,7.71121307042827,19,0.665697249764652,1
"567","PR4 F Order1 - NR0 F Order2",6.30000000000001,6.63555900243934,19,0.94943018330242,1
"568","PR4 F Order1 - NR1 F Order2",5.30000000000001,7.62361673772644,19,0.695208085917053,1
"569","PR4 F Order1 - NR2 F Order2",8.13333333333333,7.210875477097,19,1.12792591678586,1
"570","PR4 F Order1 - NR3 F Order2",10.6333333333333,7.45090755490986,19,1.42711921399781,1
"571","PR4 F Order1 - NR4 F Order2",7.8,6.9294650139904,19,1.12562802240173,1
"572","PR4 F Order1 - NR5 F Order2",5.63333333333334,7.26217066771482,19,0.775709301129103,1
"573","PR4 F Order1 - NR6 F Order2",9.63333333333333,6.78027755646405,19,1.42078746085391,1
"574","PR4 F Order1 - PR0 F Order2",-6.53333333333333,7.0217456718897,19,-0.930442889648988,1
"575","PR4 F Order1 - PR1 F Order2",-18.0333333333333,8.60383431455306,19,-2.09596473781819,1
"576","PR4 F Order1 - PR2 F Order2",-20.8666666666667,7.80959074486872,19,-2.6719283184432,1
"577","PR4 F Order1 - PR3 F Order2",-16.7,7.76214008592027,19,-2.15146851450054,1
"578","PR4 F Order1 - PR4 F Order2",-10.7,7.85221315693788,19,-1.36267314528337,1
"579","PR4 F Order1 - PR5 F Order2",-5.03333333333332,7.54824250486699,19,-0.666821890007893,1
"580","PR4 F Order1 - PR6 F Order2",-1.86666666666667,7.71121307042827,19,-0.242071727187146,1
"581","PR4 F Order1 - NR0 M Order2",5.80000000000001,6.63555900243934,19,0.874078581453021,1
"582","PR4 F Order1 - NR1 M Order2",3.46666666666667,7.62361673772644,19,0.454727301480337,1
"583","PR4 F Order1 - NR2 M Order2",7.3,7.210875477097,19,1.01235973678731,1
"584","PR4 F Order1 - NR3 M Order2",6.3,7.45090755490986,19,0.845534581334128,1
"585","PR4 F Order1 - NR4 M Order2",6.13333333333333,6.9294650139904,19,0.885109214196232,1
"586","PR4 F Order1 - NR5 M Order2",10.4666666666667,7.26217066771482,19,1.44125870150614,1
"587","PR4 F Order1 - NR6 M Order2",8.63333333333333,6.78027755646405,19,1.27330087322202,1
"588","PR4 F Order1 - PR0 M Order2",-1.53333333333333,7.0217456718897,19,-0.218369249611497,1
"589","PR4 F Order1 - PR1 M Order2",-14.8666666666667,8.60383431455306,19,-1.72791178016065,1
"590","PR4 F Order1 - PR2 M Order2",-18.0333333333333,7.80959074486872,19,-2.30912654996449,1
"591","PR4 F Order1 - PR3 M Order2",-18.7,7.76214008592027,19,-2.40912941444073,1
"592","PR4 F Order1 - PR4 M Order2",-15.8666666666667,7.85221315693788,19,-2.020661735685,1
"593","PR4 F Order1 - PR5 M Order2",-8.03333333333332,7.54824250486699,19,-1.06426540060863,1
"594","PR4 F Order1 - PR6 M Order2",-2.86666666666667,7.71121307042828,19,-0.371753009608832,1
"595","PR5 F Order1 - PR6 F Order1",-2.40000000000001,3.47679021159439,19,-0.690291865179697,1
"596","PR5 F Order1 - NR0 M Order1",9.63333333333333,6.19783021832679,19,1.55430739371464,1
"597","PR5 F Order1 - NR1 M Order1",10.9666666666667,7.24582557781331,19,1.51351513349239,1
"598","PR5 F Order1 - NR2 M Order1",9.63333333333332,6.81022622873497,19,1.41453940144992,1
"599","PR5 F Order1 - NR3 M Order1",10.1333333333333,7.06388558317331,19,1.43452682153738,1
"600","PR5 F Order1 - NR4 M Order1",9.29999999999999,6.51152374797695,19,1.42823713157606,1
"601","PR5 F Order1 - NR5 M Order1",9.13333333333333,6.86451592957351,19,1.33051382312122,1
"602","PR5 F Order1 - NR6 M Order1",7.79999999999999,6.35252862119022,19,1.22785751393255,1
"603","PR5 F Order1 - PR0 M Order1",11.4666666666667,6.60964207964793,19,1.73483927397131,1
"604","PR5 F Order1 - PR1 M Order1",8.96666666666666,8.2709383417259,19,1.08411721816748,1
"605","PR5 F Order1 - PR2 M Order1",2.3,7.44124745877263,19,0.309087960418315,1
"606","PR5 F Order1 - PR3 M Order1",0.966666666666662,7.39143253055869,19,0.130782045654903,1
"607","PR5 F Order1 - PR4 M Order1",2.13333333333332,7.48596737919283,19,0.284977642203318,1
"608","PR5 F Order1 - PR5 M Order1",5.63333333333333,7.1664789857106,19,0.786067097184791,1
"609","PR5 F Order1 - PR6 M Order1",8.13333333333333,7.33793316662769,19,1.1083956679141,1
"610","PR5 F Order1 - NR0 F Order2",9.3,6.19783021832679,19,1.50052513095635,1
"611","PR5 F Order1 - NR1 F Order2",8.3,7.24582557781331,19,1.1454871375064,1
"612","PR5 F Order1 - NR2 F Order2",11.1333333333333,6.81022622873497,19,1.63479640167569,1
"613","PR5 F Order1 - NR3 F Order2",13.6333333333333,7.06388558317331,19,1.93000483555522,1
"614","PR5 F Order1 - NR4 F Order2",10.8,6.51152374797695,19,1.65859795924962,1
"615","PR5 F Order1 - NR5 F Order2",8.63333333333333,6.86451592957351,19,1.25767547514013,1
"616","PR5 F Order1 - NR6 F Order2",12.6333333333333,6.35252862119022,19,1.98870939222409,1
"617","PR5 F Order1 - PR0 F Order2",-3.53333333333334,6.60964207964793,19,-0.534572566979534,1
"618","PR5 F Order1 - PR1 F Order2",-15.0333333333333,8.2709383417259,19,-1.81760916503173,1
"619","PR5 F Order1 - PR2 F Order2",-17.8666666666667,7.44124745877262,19,-2.40103111281474,1
"620","PR5 F Order1 - PR3 F Order2",-13.7,7.39143253055869,19,-1.85349726772984,1
"621","PR5 F Order1 - PR4 F Order2",-7.70000000000001,7.48596737919283,19,-1.02859117732761,1
"622","PR5 F Order1 - PR5 F Order2",-2.03333333333333,7.1664789857106,19,-0.283728360522321,1
"623","PR5 F Order1 - PR6 F Order2",1.13333333333332,7.33793316662769,19,0.154448576676553,1
"624","PR5 F Order1 - NR0 M Order2",8.8,6.19783021832679,19,1.41985173681891,1
"625","PR5 F Order1 - NR1 M Order2",6.46666666666666,7.24582557781331,19,0.892467890266027,1
"626","PR5 F Order1 - NR2 M Order2",10.3,6.81022622873497,19,1.51243140155026,1
"627","PR5 F Order1 - NR3 M Order2",9.29999999999999,7.06388558317331,19,1.31655586581884,1
"628","PR5 F Order1 - NR4 M Order2",9.13333333333332,6.51152374797695,19,1.40264148405677,1
"629","PR5 F Order1 - NR5 M Order2",13.4666666666667,6.86451592957351,19,1.96177950562398,1
"630","PR5 F Order1 - NR6 M Order2",11.6333333333333,6.35252862119022,19,1.83129176223273,1
"631","PR5 F Order1 - PR0 M Order2",1.46666666666666,6.60964207964793,19,0.221898046670748,1
"632","PR5 F Order1 - PR1 M Order2",-11.8666666666667,8.2709383417259,19,-1.43474248947072,1
"633","PR5 F Order1 - PR2 M Order2",-15.0333333333333,7.44124745877263,19,-2.02027058186464,1
"634","PR5 F Order1 - PR3 M Order2",-15.7,7.39143253055869,19,-2.12408081046413,1
"635","PR5 F Order1 - PR4 M Order2",-12.8666666666667,7.48596737919283,19,-1.71877140453877,1
"636","PR5 F Order1 - PR5 M Order2",-5.03333333333333,7.1664789857106,19,-0.702343974407713,1
"637","PR5 F Order1 - PR6 M Order2",0.133333333333319,7.33793316662769,19,0.0181704207854751,1
"638","PR6 F Order1 - NR0 M Order1",12.0333333333333,6.43407413242344,19,1.87025096162529,1
"639","PR6 F Order1 - NR1 M Order1",13.3666666666667,7.44890588143046,19,1.79444698046041,1
"640","PR6 F Order1 - NR2 M Order1",12.0333333333333,7.0259086111951,19,1.71270849070815,1
"641","PR6 F Order1 - NR3 M Order1",12.5333333333333,7.27204854621306,19,1.72349417824776,1
"642","PR6 F Order1 - NR4 M Order1",11.7,6.73677608703033,19,1.7367357692836,1
"643","PR6 F Order1 - NR5 M Order1",11.5333333333333,7.07854430470589,19,1.62933688578679,1
"644","PR6 F Order1 - NR6 M Order1",10.2,6.58322340570003,19,1.54939296016727,1
"645","PR6 F Order1 - PR0 M Order1",13.8666666666667,6.83166004331073,19,2.02976532479017,1
"646","PR6 F Order1 - PR1 M Order1",11.3666666666667,8.4494160495828,19,1.3452606191913,1
"647","PR6 F Order1 - PR2 M Order1",4.7,7.63913439265247,19,0.615252953858305,1
"648","PR6 F Order1 - PR3 M Order1",3.36666666666667,7.59061824755513,19,0.443529967766596,1
"649","PR6 F Order1 - PR4 M Order1",4.53333333333333,7.68270252766922,19,0.590070137039219,1
"650","PR6 F Order1 - PR5 M Order1",8.03333333333334,7.37174549065195,19,1.08974643027494,1
"651","PR6 F Order1 - PR6 M Order1",10.5333333333333,7.53853259488944,19,1.39726574114359,1
"652","PR6 F Order1 - NR0 F Order2",11.7,6.43407413242344,19,1.81844345576309,1
"653","PR6 F Order1 - NR1 F Order2",10.7,7.44890588143046,19,1.43645257039349,1
"654","PR6 F Order1 - NR2 F Order2",13.5333333333333,7.0259086111951,19,1.92620400894046,1
"655","PR6 F Order1 - NR3 F Order2",16.0333333333333,7.27204854621306,19,2.20478909504568,1
"656","PR6 F Order1 - NR4 F Order2",13.2,6.73677608703033,19,1.95939420124304,1
"657","PR6 F Order1 - NR5 F Order2",11.0333333333333,7.07854430470589,19,1.55870089362841,1
"658","PR6 F Order1 - NR6 F Order2",15.0333333333333,6.58322340570003,19,2.28358243475633,1
"659","PR6 F Order1 - PR0 F Order2",-1.13333333333333,6.83166004331073,19,-0.165894281353043,1
"660","PR6 F Order1 - PR1 F Order2",-12.6333333333333,8.4494160495828,19,-1.49517235974634,1
"661","PR6 F Order1 - PR2 F Order2",-15.4666666666667,7.63913439265247,19,-2.02466220276775,1
"662","PR6 F Order1 - PR3 F Order2",-11.3,7.59061824755513,19,-1.48867979280075,1
"663","PR6 F Order1 - PR4 F Order2",-5.3,7.68270252766922,19,-0.68986141021497,1
"664","PR6 F Order1 - PR5 F Order2",0.366666666666674,7.37174549065195,19,0.0497394636225086,1
"665","PR6 F Order1 - PR6 F Order2",3.53333333333333,7.53853259488944,19,0.468703065067154,1
"666","PR6 F Order1 - NR0 M Order2",11.2,6.43407413242344,19,1.7407321969698,1
"667","PR6 F Order1 - NR1 M Order2",8.86666666666667,7.44890588143046,19,1.19033141347249,1
"668","PR6 F Order1 - NR2 M Order2",12.7,7.0259086111951,19,1.80759538770029,1
"669","PR6 F Order1 - NR3 M Order2",11.7,7.27204854621306,19,1.60890015043874,1
"670","PR6 F Order1 - NR4 M Order2",11.5333333333333,6.73677608703033,19,1.71199594351033,1
"671","PR6 F Order1 - NR5 M Order2",15.8666666666667,7.07854430470589,19,2.24151548449281,1
"672","PR6 F Order1 - NR6 M Order2",14.0333333333333,6.58322340570003,19,2.13168116415169,1
"673","PR6 F Order1 - PR0 M Order2",3.86666666666667,6.83166004331073,19,0.565992254028029,1
"674","PR6 F Order1 - PR1 M Order2",-9.46666666666667,8.4494160495828,19,-1.12039300835874,1
"675","PR6 F Order1 - PR2 M Order2",-12.6333333333333,7.63913439265247,19,-1.65376503200211,1
"676","PR6 F Order1 - PR3 M Order2",-13.3,7.59061824755513,19,-1.75216294196903,1
"677","PR6 F Order1 - PR4 M Order2",-10.4666666666667,7.68270252766922,19,-1.36236781639938,1
"678","PR6 F Order1 - PR5 M Order2",-2.63333333333333,7.37174549065195,19,-0.357219784198008,1
"679","PR6 F Order1 - PR6 M Order2",2.53333333333332,7.53853259488944,19,0.336051254199091,1
"680","NR0 M Order1 - NR1 M Order1",1.33333333333333,3.49669852643823,19,0.381312064294967,1
"681","NR0 M Order1 - NR2 M Order1",-7.27196081129478e-15,2.88604223220692,19,-2.5197000688843e-15,1
"682","NR0 M Order1 - NR3 M Order1",0.499999999999996,3.44929859807954,19,0.144957006702285,1
"683","NR0 M Order1 - NR4 M Order1",-0.333333333333341,3.52704670787504,19,-0.0945077740504792,1
"684","NR0 M Order1 - NR5 M Order1",-0.500000000000001,4.249836598166,19,-0.117651582231603,1
"685","NR0 M Order1 - NR6 M Order1",-1.83333333333334,3.68472427495683,19,-0.497549666278576,1
"686","NR0 M Order1 - PR0 M Order1",1.83333333333333,3.87728427295876,19,0.472839545482775,1
"687","NR0 M Order1 - PR1 M Order1",-0.666666666666674,6.03295045794926,19,-0.110504250169707,1
"688","NR0 M Order1 - PR2 M Order1",-7.33333333333333,5.21788422538041,19,-1.40542277608674,1
"689","NR0 M Order1 - PR3 M Order1",-8.66666666666667,4.36496551837563,19,-1.9855063299313,1
"690","NR0 M Order1 - PR4 M Order1",-7.50000000000001,4.64345732255964,19,-1.61517582245501,1
"691","NR0 M Order1 - PR5 M Order1",-4,4.49499396665156,19,-0.889878836251187,1
"692","NR0 M Order1 - PR6 M Order1",-1.5,4.26168843348427,19,-0.351973172936444,1
"693","NR0 M Order1 - NR0 F Order2",-0.333333333333333,4.56057347373735,19,-0.0730902232477727,1
"694","NR0 M Order1 - NR1 F Order2",-1.33333333333334,5.90658270899897,19,-0.225736842946758,1
"695","NR0 M Order1 - NR2 F Order2",1.49999999999999,5.36329304445522,19,0.279678918822224,1
"696","NR0 M Order1 - NR3 F Order2",4,5.68191961631945,19,0.703987432083922,1
"697","NR0 M Order1 - NR4 F Order2",1.16666666666666,4.97852111722145,19,0.234340005635606,1
"698","NR0 M Order1 - NR5 F Order2",-1,5.43206313858008,19,-0.184092116473705,1
"699","NR0 M Order1 - NR6 F Order2",2.99999999999999,4.76868439689533,19,0.629104329477781,1
"700","NR0 M Order1 - PR0 F Order2",-13.1666666666667,5.10618246983054,19,-2.57857347332588,1
"701","NR0 M Order1 - PR1 F Order2",-24.6666666666667,7.12700161686411,19,-3.46101600542642,1
"702","NR0 M Order1 - PR2 F Order2",-27.5,6.14474529470849,19,-4.47536857608752,0.386850598355201
"703","NR0 M Order1 - PR3 F Order2",-23.3333333333333,6.08432460080437,19,-3.83499153385876,1
"704","NR0 M Order1 - PR4 F Order2",-17.3333333333333,6.19882558203497,19,-2.79622859264949,1
"705","NR0 M Order1 - PR5 F Order2",-11.6666666666667,5.80897168583077,19,-2.00838759381871,1
"706","NR0 M Order1 - PR6 F Order2",-8.50000000000001,6.01921873269669,19,-1.41214339891448,1
"707","NR0 M Order1 - NR0 M Order2",-0.833333333333334,4.56057347373735,19,-0.182725558119432,1
"708","NR0 M Order1 - NR1 M Order2",-3.16666666666667,5.90658270899897,19,-0.536125001998549,1
"709","NR0 M Order1 - NR2 M Order2",0.666666666666658,5.36329304445522,19,0.124301741698765,1
"710","NR0 M Order1 - NR3 M Order2",-0.333333333333339,5.68191961631945,19,-0.0586656193403278,1
"711","NR0 M Order1 - NR4 M Order2",-0.500000000000014,4.97852111722145,19,-0.100431430986692,1
"712","NR0 M Order1 - NR5 M Order2",3.83333333333333,5.43206313858008,19,0.705686446482532,1
"713","NR0 M Order1 - NR6 M Order2",1.99999999999999,4.76868439689533,19,0.419402886318519,1
"714","NR0 M Order1 - PR0 M Order2",-8.16666666666667,5.10618246983054,19,-1.59936835687302,1
"715","NR0 M Order1 - PR1 M Order2",-21.5,7.12700161686411,19,-3.01669638310816,1
"716","NR0 M Order1 - PR2 M Order2",-24.6666666666667,6.14474529470849,19,-4.01426999552092,1
"717","NR0 M Order1 - PR3 M Order2",-25.3333333333333,6.08432460080437,19,-4.1637050939038,0.777121782104767
"718","NR0 M Order1 - PR4 M Order2",-22.5,6.19882558203497,19,-3.62971980776617,1
"719","NR0 M Order1 - PR5 M Order2",-14.6666666666667,5.80897168583077,19,-2.52483011794352,1
"720","NR0 M Order1 - PR6 M Order2",-9.50000000000001,6.01921873269669,19,-1.57827791643383,1
"721","NR1 M Order1 - NR2 M Order1",-1.33333333333334,2.24975632208734,19,-0.592656778088867,1
"722","NR1 M Order1 - NR3 M Order1",-0.833333333333336,2.63611889091094,19,-0.316121300980233,1
"723","NR1 M Order1 - NR4 M Order1",-1.66666666666667,2.93402105175879,19,-0.568048639483209,1
"724","NR1 M Order1 - NR5 M Order1",-1.83333333333333,3.60915826638468,19,-0.507967010039102,1
"725","NR1 M Order1 - NR6 M Order1",-3.16666666666667,3.7768918809918,19,-0.838431908152774,1
"726","NR1 M Order1 - PR0 M Order1",0.499999999999999,4.38211409899471,19,0.114100178294012,1
"727","NR1 M Order1 - PR1 M Order1",-2.00000000000001,6.0789157235702,19,-0.329006041693467,1
"728","NR1 M Order1 - PR2 M Order1",-8.66666666666666,5.78326887066557,19,-1.49857578135897,1
"729","NR1 M Order1 - PR3 M Order1",-10,4.59751394809456,19,-2.17508856153542,1
"730","NR1 M Order1 - PR4 M Order1",-8.83333333333334,5.14778667024374,19,-1.71594782363331,1
"731","NR1 M Order1 - PR5 M Order1",-5.33333333333333,4.65188762541962,19,-1.14648799859009,1
"732","NR1 M Order1 - PR6 M Order1",-2.83333333333333,3.28446636430419,19,-0.862646475581603,1
"733","NR1 M Order1 - NR0 F Order2",-1.66666666666667,5.90658270899897,19,-0.282171053683447,1
"734","NR1 M Order1 - NR1 F Order2",-2.66666666666667,6.99832895676779,19,-0.381043343795357,1
"735","NR1 M Order1 - NR2 F Order2",0.16666666666666,6.5462814765018,19,0.0254597464629222,1
"736","NR1 M Order1 - NR3 F Order2",2.66666666666666,6.80977968918266,19,0.391593676797307,1
"737","NR1 M Order1 - NR4 F Order2",-0.166666666666675,6.23494678433656,19,-0.0267310487854323,1
"738","NR1 M Order1 - NR5 F Order2",-2.33333333333334,6.60274176614604,19,-0.353388549177697,1
"739","NR1 M Order1 - NR6 F Order2",1.66666666666666,6.0687098930565,19,0.274632779624805,1
"740","NR1 M Order1 - PR0 F Order2",-14.5,6.33734868096222,19,-2.2880230724181,1
"741","NR1 M Order1 - PR1 F Order2",-26,8.05500098917887,19,-3.22780841801616,1
"742","NR1 M Order1 - PR2 F Order2",-28.8333333333333,7.20047106971002,19,-4.00436763847653,1
"743","NR1 M Order1 - PR3 F Order2",-24.6666666666667,7.14897857996806,19,-3.45037635667064,1
"744","NR1 M Order1 - PR4 F Order2",-18.6666666666667,7.24667699607069,19,-2.57589329244123,1
"745","NR1 M Order1 - PR5 F Order2",-13,6.91614350166858,19,-1.87966024661918,1
"746","NR1 M Order1 - PR6 F Order2",-9.83333333333334,7.0936508964662,19,-1.38621613564772,1
"747","NR1 M Order1 - NR0 M Order2",-2.16666666666667,5.90658270899897,19,-0.366822369788481,1
"748","NR1 M Order1 - NR1 M Order2",-4.5,6.99832895676779,19,-0.643010642654664,1
"749","NR1 M Order1 - NR2 M Order2",-0.666666666666675,6.54628147650181,19,-0.101838985851694,1
"750","NR1 M Order1 - NR3 M Order2",-1.66666666666667,6.80977968918266,19,-0.244746047998318,1
"751","NR1 M Order1 - NR4 M Order2",-1.83333333333335,6.23494678433656,19,-0.294041536639743,1
"752","NR1 M Order1 - NR5 M Order2",2.5,6.60274176614604,19,0.378630588404675,1
"753","NR1 M Order1 - NR6 M Order2",0.666666666666656,6.0687098930565,19,0.109853111849921,1
"754","NR1 M Order1 - PR0 M Order2",-9.5,6.33734868096222,19,-1.49904959917048,1
"755","NR1 M Order1 - PR1 M Order2",-22.8333333333333,8.05500098917887,19,-2.83467790556547,1
"756","NR1 M Order1 - PR2 M Order2",-26,7.20047106971002,19,-3.61087486475341,1
"757","NR1 M Order1 - PR3 M Order2",-26.6666666666667,7.14897857996806,19,-3.7301366018061,1
"758","NR1 M Order1 - PR4 M Order2",-23.8333333333333,7.24667699607069,19,-3.28886375731336,1
"759","NR1 M Order1 - PR5 M Order2",-16,6.91614350166858,19,-2.31342799583899,1
"760","NR1 M Order1 - PR6 M Order2",-10.8333333333333,7.0936508964662,19,-1.52718726808647,1
"761","NR2 M Order1 - NR3 M Order1",0.500000000000004,2.38452613998687,19,0.209685266860927,1
"762","NR2 M Order1 - NR4 M Order1",-0.333333333333334,2.81084990580829,19,-0.118588094171994,1
"763","NR2 M Order1 - NR5 M Order1",-0.499999999999994,3.18801667065868,19,-0.156837322904177,1
"764","NR2 M Order1 - NR6 M Order1",-1.83333333333333,3.3780336160422,19,-0.542722051262865,1
"765","NR2 M Order1 - PR0 M Order1",1.83333333333334,3.84091546105188,19,0.477316762611396,1
"766","NR2 M Order1 - PR1 M Order1",-0.666666666666667,5.34018200622873,19,-0.124839690087168,1
"767","NR2 M Order1 - PR2 M Order1",-7.33333333333332,4.73125726648186,19,-1.54997560274002,1
"768","NR2 M Order1 - PR3 M Order1",-8.66666666666666,4.16856097290124,19,-2.07905479205089,1
"769","NR2 M Order1 - PR4 M Order1",-7.5,5.21970512935615,19,-1.43686277560379,1
"770","NR2 M Order1 - PR5 M Order1",-3.99999999999999,4.65377291444064,19,-0.859517658798522,1
"771","NR2 M Order1 - PR6 M Order1",-1.49999999999999,3.42479777009999,19,-0.437982065129702,1
"772","NR2 M Order1 - NR0 F Order2",-0.333333333333326,5.36329304445522,19,-0.0621508708493821,1
"773","NR2 M Order1 - NR1 F Order2",-1.33333333333333,6.54628147650181,19,-0.203677971703385,1
"774","NR2 M Order1 - NR2 F Order2",1.5,6.06061004784558,19,0.247499837171213,1
"775","NR2 M Order1 - NR3 F Order2",4,6.34431181434683,19,0.630486034900511,1
"776","NR2 M Order1 - NR4 F Order2",1.16666666666667,5.72291485049052,19,0.203858819700361,1
"777","NR2 M Order1 - NR5 F Order2",-0.999999999999997,6.12155142205516,19,-0.163357281684693,1
"778","NR2 M Order1 - NR6 F Order2",3,5.54133853401306,19,0.541385439923193,1
"779","NR2 M Order1 - PR0 F Order2",-13.1666666666667,5.83431069506499,19,-2.25676474134362,1
"780","NR2 M Order1 - PR1 F Order2",-24.6666666666667,7.66552241651726,19,-3.21787157174262,1
"781","NR2 M Order1 - PR2 F Order2",-27.5,6.76195065112037,19,-4.06687380888289,0.964130626784046
"782","NR2 M Order1 - PR3 F Order2",-23.3333333333333,6.70709234462284,19,-3.47890443942373,1
"783","NR2 M Order1 - PR4 F Order2",-17.3333333333333,6.8111320988391,19,-2.54485349598309,1
"784","NR2 M Order1 - PR5 F Order2",-11.6666666666667,6.4583460667673,19,-1.80644805125879,1
"785","NR2 M Order1 - PR6 F Order2",-8.5,6.64808814798599,19,-1.27856307118537,1
"786","NR2 M Order1 - NR0 M Order2",-0.833333333333327,5.36329304445522,19,-0.155377177123458,1
"787","NR2 M Order1 - NR1 M Order2",-3.16666666666666,6.54628147650181,19,-0.483735182795541,1
"788","NR2 M Order1 - NR2 M Order2",0.666666666666665,6.06061004784558,19,0.10999992763165,1
"789","NR2 M Order1 - NR3 M Order2",-0.333333333333331,6.34431181434684,19,-0.0525405029083755,1
"790","NR2 M Order1 - NR4 M Order2",-0.500000000000007,5.72291485049052,19,-0.0873680655858703,1
"791","NR2 M Order1 - NR5 M Order2",3.83333333333334,6.12155142205516,19,0.626202913124659,1
"792","NR2 M Order1 - NR6 M Order2",2,5.54133853401306,19,0.360923626615461,1
"793","NR2 M Order1 - PR0 M Order2",-8.16666666666666,5.83431069506499,19,-1.39976547247895,1
"794","NR2 M Order1 - PR1 M Order2",-21.5,7.66552241651726,19,-2.80476643753242,1
"795","NR2 M Order1 - PR2 M Order2",-24.6666666666667,6.76195065112037,19,-3.64786256796768,1
"796","NR2 M Order1 - PR3 M Order2",-25.3333333333333,6.70709234462284,19,-3.7770962485172,1
"797","NR2 M Order1 - PR4 M Order2",-22.5,6.8111320988391,19,-3.30341559574728,1
"798","NR2 M Order1 - PR5 M Order2",-14.6666666666667,6.4583460667673,19,-2.27096326443962,1
"799","NR2 M Order1 - PR6 M Order2",-9.5,6.64808814798599,19,-1.4289822560307,1
"800","NR3 M Order1 - NR4 M Order1",-0.833333333333337,1.65035881266054,19,-0.504940699525772,1
"801","NR3 M Order1 - NR5 M Order1",-0.999999999999998,2.5089896850657,19,-0.398566803981823,1
"802","NR3 M Order1 - NR6 M Order1",-2.33333333333334,2.8461526303629,19,-0.819820170022233,1
"803","NR3 M Order1 - PR0 M Order1",1.33333333333334,3.79496434580945,19,0.351342782655035,1
"804","NR3 M Order1 - PR1 M Order1",-1.16666666666667,5.51250571865877,19,-0.21163999208522,1
"805","NR3 M Order1 - PR2 M Order1",-7.83333333333333,4.88325699000261,19,-1.60412064107426,1
"806","NR3 M Order1 - PR3 M Order1",-9.16666666666666,3.05126759202281,19,-3.00421591689692,1
"807","NR3 M Order1 - PR4 M Order1",-8,4.37232792251317,19,-1.8296889304226,1
"808","NR3 M Order1 - PR5 M Order1",-4.49999999999999,3.83584966989824,19,-1.1731429506515,1
"809","NR3 M Order1 - PR6 M Order1",-2,2.23436739611433,19,-0.895107941280424,1
"810","NR3 M Order1 - NR0 F Order2",-0.833333333333329,5.68191961631945,19,-0.146664048350817,1
"811","NR3 M Order1 - NR1 F Order2",-1.83333333333333,6.80977968918266,19,-0.269220652798149,1
"812","NR3 M Order1 - NR2 F Order2",0.999999999999996,6.34431181434683,19,0.157621508725127,1
"813","NR3 M Order1 - NR3 F Order2",3.5,6.61585902534772,19,0.529031828911446,1
"814","NR3 M Order1 - NR4 F Order2",0.666666666666662,6.02254536152107,19,0.11069516735002,1
"815","NR3 M Order1 - NR5 F Order2",-1.5,6.40255340145473,19,-0.234281528937999,1
"816","NR3 M Order1 - NR6 F Order2",2.5,5.85027614682863,19,0.427330255402596,1
"817","NR3 M Order1 - PR0 F Order2",-13.6666666666667,6.12849733068097,19,-2.23001919218395,1
"818","NR3 M Order1 - PR1 F Order2",-25.1666666666667,7.89173822194722,19,-3.1889890362401,1
"819","NR3 M Order1 - PR2 F Order2",-28,7.01735526062356,19,-3.99010723557295,1
"820","NR3 M Order1 - PR3 F Order2",-23.8333333333333,6.96450902540246,19,-3.42211249154869,1
"821","NR3 M Order1 - PR4 F Order2",-17.8333333333333,7.06475892819071,19,-2.52426636416035,1
"822","NR3 M Order1 - PR5 F Order2",-12.1666666666667,6.72529048917165,19,-1.80909162009524,1
"823","NR3 M Order1 - PR6 F Order2",-9,6.90770397954384,19,-1.30289312145572,1
"824","NR3 M Order1 - NR0 M Order2",-1.33333333333333,5.68191961631945,19,-0.234662477361307,1
"825","NR3 M Order1 - NR1 M Order2",-3.66666666666667,6.80977968918266,19,-0.538441305596298,1
"826","NR3 M Order1 - NR2 M Order2",0.166666666666662,6.34431181434684,19,0.0262702514541871,1
"827","NR3 M Order1 - NR3 M Order2",-0.833333333333335,6.61585902534772,19,-0.12595995926463,1
"828","NR3 M Order1 - NR4 M Order2",-1.00000000000001,6.02254536152107,19,-0.166042751025033,1
"829","NR3 M Order1 - NR5 M Order2",3.33333333333333,6.40255340145473,19,0.52062561986222,1
"830","NR3 M Order1 - NR6 M Order2",1.49999999999999,5.85027614682863,19,0.256398153241557,1
"831","NR3 M Order1 - PR0 M Order2",-8.66666666666667,6.12849733068097,19,-1.41415851211665,1
"832","NR3 M Order1 - PR1 M Order2",-22,7.89173822194722,19,-2.7877255151238,1
"833","NR3 M Order1 - PR2 M Order2",-25.1666666666667,7.01735526062356,19,-3.58634638435426,1
"834","NR3 M Order1 - PR3 M Order2",-25.8333333333333,6.96450902540246,19,-3.70928277055977,1
"835","NR3 M Order1 - PR4 M Order2",-23,7.06475892819071,19,-3.25559587153391,1
"836","NR3 M Order1 - PR5 M Order2",-15.1666666666667,6.72529048917165,19,-2.25516900587215,1
"837","NR3 M Order1 - PR6 M Order2",-10,6.90770397954384,19,-1.44765902383969,1
"838","NR4 M Order1 - NR5 M Order1",-0.16666666666666,2.50227966238227,19,-0.0666059310524815,1
"839","NR4 M Order1 - NR6 M Order1",-1.5,2.47909387332318,19,-0.605059782584705,1
"840","NR4 M Order1 - PR0 M Order1",2.16666666666667,3.81398626479831,19,0.568084548878481,1
"841","NR4 M Order1 - PR1 M Order1",-0.333333333333333,5.82445439555054,19,-0.0572299670829212,1
"842","NR4 M Order1 - PR2 M Order1",-6.99999999999999,4.85668888241617,19,-1.44131118329275,1
"843","NR4 M Order1 - PR3 M Order1",-8.33333333333333,3.26983376725746,19,-2.54854953691509,1
"844","NR4 M Order1 - PR4 M Order1",-7.16666666666666,4.55909860794424,19,-1.57194815970392,1
"845","NR4 M Order1 - PR5 M Order1",-3.66666666666665,3.97823023334167,19,-0.921682871930391,1
"846","NR4 M Order1 - PR6 M Order1",-1.16666666666666,2.67700845516144,19,-0.435809854995883,1
"847","NR4 M Order1 - NR0 F Order2",8.04911692853238e-15,4.97852111722145,19,1.61676866262338e-15,1
"848","NR4 M Order1 - NR1 F Order2",-0.999999999999994,6.23494678433656,19,-0.160386292712585,1
"849","NR4 M Order1 - NR2 F Order2",1.83333333333333,5.72291485049052,19,0.320349573814853,1
"850","NR4 M Order1 - NR3 F Order2",4.33333333333334,6.02254536152107,19,0.719518587775136,1
"851","NR4 M Order1 - NR4 F Order2",1.5,5.36400173563386,19,0.279641967681568,1
"852","NR4 M Order1 - NR5 F Order2",-0.666666666666663,5.78741324313234,19,-0.115192511517605,1
"853","NR4 M Order1 - NR6 F Order2",3.33333333333333,5.16983490862679,19,0.644765914627385,1
"854","NR4 M Order1 - PR0 F Order2",-12.8333333333333,5.48269473165047,19,-2.3406981350337,1
"855","NR4 M Order1 - PR1 F Order2",-24.3333333333333,7.40141838785288,19,-3.28765812959161,1
"856","NR4 M Order1 - PR2 F Order2",-27.1666666666667,6.46101670343803,19,-4.20470460201887,0.710600870433492
"857","NR4 M Order1 - PR3 F Order2",-23,6.4035808695773,19,-3.59174038220872,1
"858","NR4 M Order1 - PR4 F Order2",-17,6.51247116705743,19,-2.61037624028072,1
"859","NR4 M Order1 - PR5 F Order2",-11.3333333333333,6.14255599502738,19,-1.84505169224474,1
"860","NR4 M Order1 - PR6 F Order2",-8.16666666666667,6.34175340558981,19,-1.28776162432748,1
"861","NR4 M Order1 - NR0 M Order2",-0.499999999999993,4.97852111722145,19,-0.100431430986688,1
"862","NR4 M Order1 - NR1 M Order2",-2.83333333333333,6.23494678433656,19,-0.454427829352326,1
"863","NR4 M Order1 - NR2 M Order2",0.999999999999999,5.72291485049052,19,0.174736131171738,1
"864","NR4 M Order1 - NR3 M Order2",2.55351295663786e-15,6.02254536152107,19,4.23992316098212e-16,1
"865","NR4 M Order1 - NR4 M Order2",-0.166666666666673,5.36400173563386,19,-0.0310713297423977,1
"866","NR4 M Order1 - NR5 M Order2",4.16666666666667,5.78741324313234,19,0.719953196985037,1
"867","NR4 M Order1 - NR6 M Order2",2.33333333333333,5.16983490862679,19,0.451336140239169,1
"868","NR4 M Order1 - PR0 M Order2",-7.83333333333333,5.48269473165047,19,-1.4287378226829,1
"869","NR4 M Order1 - PR1 M Order2",-21.1666666666667,7.40141838785289,19,-2.85981220861736,1
"870","NR4 M Order1 - PR2 M Order2",-24.3333333333333,6.46101670343803,19,-3.76617712818868,1
"871","NR4 M Order1 - PR3 M Order2",-25,6.4035808695773,19,-3.90406563283556,1
"872","NR4 M Order1 - PR4 M Order2",-22.1666666666667,6.51247116705743,19,-3.40372588193467,1
"873","NR4 M Order1 - PR5 M Order2",-14.3333333333333,6.14255599502738,19,-2.33344772842717,1
"874","NR4 M Order1 - PR6 M Order2",-9.16666666666667,6.34175340558981,19,-1.44544672118391,1
"875","NR5 M Order1 - NR6 M Order1",-1.33333333333334,2.23874703887991,19,-0.595571232558919,1
"876","NR5 M Order1 - PR0 M Order1",2.33333333333333,3.92715095455765,19,0.594154225374349,1
"877","NR5 M Order1 - PR1 M Order1",-0.166666666666673,5.52371283728363,19,-0.0301729419280662,1
"878","NR5 M Order1 - PR2 M Order1",-6.83333333333333,5.18011831245138,19,-1.31914618955867,1
"879","NR5 M Order1 - PR3 M Order1",-8.16666666666667,4.03080245373705,19,-2.02606472542338,1
"880","NR5 M Order1 - PR4 M Order1",-7,4.79570958350865,19,-1.45963801145745,1
"881","NR5 M Order1 - PR5 M Order1",-3.49999999999999,4.36647247458919,19,-0.801562364212381,1
"882","NR5 M Order1 - PR6 M Order1",-1,3.04474429735196,19,-0.32843480513937,1
"883","NR5 M Order1 - NR0 F Order2",0.166666666666668,5.43206313858008,19,0.0306820194122843,1
"884","NR5 M Order1 - NR1 F Order2",-0.833333333333334,6.60274176614604,19,-0.126210196134892,1
"885","NR5 M Order1 - NR2 F Order2",1.99999999999999,6.12155142205516,19,0.326714563369386,1
"886","NR5 M Order1 - NR3 F Order2",4.5,6.40255340145473,19,0.702844586813996,1
"887","NR5 M Order1 - NR4 F Order2",1.66666666666666,5.78741324313234,19,0.287981278794013,1
"888","NR5 M Order1 - NR5 F Order2",-0.500000000000003,6.18189206260383,19,-0.0808813863031768,1
"889","NR5 M Order1 - NR6 F Order2",3.49999999999999,5.60792567794516,19,0.624116687880652,1
"890","NR5 M Order1 - PR0 F Order2",-12.6666666666667,5.89759094439148,19,-2.14776962086739,1
"891","NR5 M Order1 - PR1 F Order2",-24.1666666666667,7.71379488831194,19,-3.13291538296985,1
"892","NR5 M Order1 - PR2 F Order2",-27,6.81662484437906,19,-3.96090449693209,1
"893","NR5 M Order1 - PR3 F Order2",-22.8333333333333,6.76221009582792,19,-3.37660809258512,1
"894","NR5 M Order1 - PR4 F Order2",-16.8333333333333,6.86541463632423,19,-2.45190337729492,1
"895","NR5 M Order1 - PR5 F Order2",-11.1666666666667,6.51556840029689,19,-1.71384382460905,1
"896","NR5 M Order1 - PR6 F Order2",-8.00000000000001,6.70369104928103,19,-1.1933724184467,1
"897","NR5 M Order1 - NR0 M Order2",-0.333333333333333,5.43206313858008,19,-0.0613640388245681,1
"898","NR5 M Order1 - NR1 M Order2",-2.66666666666667,6.60274176614604,19,-0.403872627631654,1
"899","NR5 M Order1 - NR2 M Order2",1.16666666666666,6.12155142205516,19,0.190583495298808,1
"900","NR5 M Order1 - NR3 M Order2",0.166666666666663,6.40255340145473,19,0.0260312809931104,1
"901","NR5 M Order1 - NR4 M Order2",-1.29896093881143e-14,5.78741324313234,19,-2.24445859357434e-15,1
"902","NR5 M Order1 - NR5 M Order2",4.33333333333333,6.18189206260383,19,0.700972014627528,1
"903","NR5 M Order1 - NR6 M Order2",2.49999999999999,5.60792567794516,19,0.445797634200464,1
"904","NR5 M Order1 - PR0 M Order2",-7.66666666666667,5.89759094439148,19,-1.29996582315658,1
"905","NR5 M Order1 - PR1 M Order2",-21,7.71379488831194,19,-2.72239543623587,1
"906","NR5 M Order1 - PR2 M Order2",-24.1666666666667,6.81662484437906,19,-3.5452540250318,1
"907","NR5 M Order1 - PR3 M Order2",-24.8333333333333,6.76221009582792,19,-3.6723693853663,1
"908","NR5 M Order1 - PR4 M Order2",-22,6.86541463632423,19,-3.20446778022702,1
"909","NR5 M Order1 - PR5 M Order2",-14.1666666666667,6.51556840029689,19,-2.17427947898163,1
"910","NR5 M Order1 - PR6 M Order2",-9.00000000000001,6.70369104928103,19,-1.34254397075254,1
"911","NR6 M Order1 - PR0 M Order1",3.66666666666667,3.30629383863086,19,1.10899600750097,1
"912","NR6 M Order1 - PR1 M Order1",1.16666666666667,4.7893033836441,19,0.243598405281849,1
"913","NR6 M Order1 - PR2 M Order1",-5.49999999999999,4.80892201996997,19,-1.14370746232943,1
"914","NR6 M Order1 - PR3 M Order1",-6.83333333333333,3.60591619133714,19,-1.89503387509386,1
"915","NR6 M Order1 - PR4 M Order1",-5.66666666666667,4.09638979550594,19,-1.38333189699951,1
"916","NR6 M Order1 - PR5 M Order1",-2.16666666666666,3.69957323285581,19,-0.585653136265705,1
"917","NR6 M Order1 - PR6 M Order1",0.333333333333338,3.24379750018743,19,0.102760216479012,1
"918","NR6 M Order1 - NR0 F Order2",1.50000000000001,4.76868439689533,19,0.314552164738893,1
"919","NR6 M Order1 - NR1 F Order2",0.500000000000005,6.0687098930565,19,0.0823898338874426,1
"920","NR6 M Order1 - NR2 F Order2",3.33333333333333,5.54133853401306,19,0.601539377692436,1
"921","NR6 M Order1 - NR3 F Order2",5.83333333333333,5.85027614682863,19,0.997103929272727,1
"922","NR6 M Order1 - NR4 F Order2",3,5.16983490862679,19,0.580289323164646,1
"923","NR6 M Order1 - NR5 F Order2",0.833333333333336,5.60792567794516,19,0.148599211400156,1
"924","NR6 M Order1 - NR6 F Order2",4.83333333333333,4.96808527956488,19,0.972876482860345,1
"925","NR6 M Order1 - PR0 F Order2",-11.3333333333333,5.2928838909465,19,-2.14123974129095,1
"926","NR6 M Order1 - PR1 F Order2",-22.8333333333333,7.26193311141186,19,-3.14425002034949,1
"927","NR6 M Order1 - PR2 F Order2",-25.6666666666667,6.30074719415708,19,-4.07359093703495,0.950101209745462
"928","NR6 M Order1 - PR3 F Order2",-21.5,6.24183677420273,19,-3.44449891558502,1
"929","NR6 M Order1 - PR4 F Order2",-15.5,6.35349974929782,19,-2.43960031661495,1
"930","NR6 M Order1 - PR5 F Order2",-9.83333333333332,5.97374861495024,19,-1.64609091663547,1
"931","NR6 M Order1 - PR6 F Order2",-6.66666666666667,6.17839094100422,19,-1.07902959367979,1
"932","NR6 M Order1 - NR0 M Order2",1.00000000000001,4.76868439689533,19,0.209701443159262,1
"933","NR6 M Order1 - NR1 M Order2",-1.33333333333333,6.0687098930565,19,-0.219706223699844,1
"934","NR6 M Order1 - NR2 M Order2",2.5,5.54133853401306,19,0.451154533269327,1
"935","NR6 M Order1 - NR3 M Order2",1.5,5.85027614682863,19,0.256398153241558,1
"936","NR6 M Order1 - NR4 M Order2",1.33333333333333,5.16983490862679,19,0.257906365850952,1
"937","NR6 M Order1 - NR5 M Order2",5.66666666666667,5.60792567794516,19,1.01047463752106,1
"938","NR6 M Order1 - NR6 M Order2",3.83333333333333,4.96808527956488,19,0.771591693303031,1
"939","NR6 M Order1 - PR0 M Order2",-6.33333333333333,5.2928838909465,19,-1.19657514954494,1
"940","NR6 M Order1 - PR1 M Order2",-19.6666666666667,7.26193311141186,19,-2.70818614891416,1
"941","NR6 M Order1 - PR2 M Order2",-22.8333333333333,6.30074719415708,19,-3.62390882060901,1
"942","NR6 M Order1 - PR3 M Order2",-23.5,6.24183677420273,19,-3.76491741936037,1
"943","NR6 M Order1 - PR4 M Order2",-20.6666666666667,6.35349974929782,19,-3.25280042215327,1
"944","NR6 M Order1 - PR5 M Order2",-12.8333333333333,5.97374861495024,19,-2.14828814543952,1
"945","NR6 M Order1 - PR6 M Order2",-7.66666666666667,6.17839094100422,19,-1.24088403273176,1
"946","PR0 M Order1 - PR1 M Order1",-2.50000000000001,3.64803880660595,19,-0.685299727479037,1
"947","PR0 M Order1 - PR2 M Order1",-9.16666666666666,3.6114664692448,19,-2.53821176099235,1
"948","PR0 M Order1 - PR3 M Order1",-10.5,4.11710879080474,19,-2.55033338527536,1
"949","PR0 M Order1 - PR4 M Order1",-9.33333333333334,4.25162507630596,19,-2.19523903585653,1
"950","PR0 M Order1 - PR5 M Order1",-5.83333333333333,4.55091405252289,19,-1.2817937816469,1
"951","PR0 M Order1 - PR6 M Order1",-3.33333333333333,4.2940186878061,19,-0.7762735972247,1
"952","PR0 M Order1 - NR0 F Order2",-2.16666666666666,5.10618246983054,19,-0.424322217129575,1
"953","PR0 M Order1 - NR1 F Order2",-3.16666666666667,6.33734868096222,19,-0.499683199723494,1
"954","PR0 M Order1 - NR2 F Order2",-0.333333333333339,5.83431069506499,19,-0.0571332845909788,1
"955","PR0 M Order1 - NR3 F Order2",2.16666666666666,6.12849733068097,19,0.353539628029162,1
"956","PR0 M Order1 - NR4 F Order2",-0.666666666666674,5.48269473165047,19,-0.12159470831344,1
"957","PR0 M Order1 - NR5 F Order2",-2.83333333333334,5.89759094439148,19,-0.480422152036128,1
"958","PR0 M Order1 - NR6 F Order2",1.16666666666666,5.2928838909465,19,0.220421738074068,1
"959","PR0 M Order1 - PR0 F Order2",-15,5.59887206685888,19,-2.679111046096,1
"960","PR0 M Order1 - PR1 F Order2",-26.5,7.48788495188271,19,-3.53905010163611,1
"961","PR0 M Order1 - PR2 F Order2",-29.3333333333333,6.55989052825503,19,-4.47161933678429,0.389896439389183
"962","PR0 M Order1 - PR3 F Order2",-25.1666666666667,6.50332798294852,19,-3.86981353741542,1
"963","PR0 M Order1 - PR4 F Order2",-19.1666666666667,6.61057543655159,19,-2.89939459138295,1
"964","PR0 M Order1 - PR5 F Order2",-13.5,6.24647268885662,19,-2.16121972710828,1
"965","PR0 M Order1 - PR6 F Order2",-10.3333333333333,6.44245785068826,19,-1.60394271453858,1
"966","PR0 M Order1 - NR0 M Order2",-2.66666666666667,5.10618246983054,19,-0.522242728774862,1
"967","PR0 M Order1 - NR1 M Order2",-5,6.33734868096222,19,-0.788973473247622,1
"968","PR0 M Order1 - NR2 M Order2",-1.16666666666667,5.83431069506499,19,-0.199966496068423,1
"969","PR0 M Order1 - NR3 M Order2",-2.16666666666667,6.12849733068097,19,-0.353539628029163,1
"970","PR0 M Order1 - NR4 M Order2",-2.33333333333335,5.48269473165047,19,-0.425581479097038,1
"971","PR0 M Order1 - NR5 M Order2",2,5.89759094439148,19,0.339121519084325,1
"972","PR0 M Order1 - NR6 M Order2",0.166666666666657,5.2928838909465,19,0.0314888197248652,1
"973","PR0 M Order1 - PR0 M Order2",-10,5.59887206685888,19,-1.78607403073067,1
"974","PR0 M Order1 - PR1 M Order2",-23.3333333333333,7.48788495188272,19,-3.11614474357896,1
"975","PR0 M Order1 - PR2 M Order2",-26.5,6.55989052825503,19,-4.03970155993581,1
"976","PR0 M Order1 - PR3 M Order2",-27.1666666666667,6.50332798294852,19,-4.17734838807095,0.754832580602062
"977","PR0 M Order1 - PR4 M Order2",-24.3333333333333,6.61057543655159,19,-3.68097052471227,1
"978","PR0 M Order1 - PR5 M Order2",-16.5,6.24647268885662,19,-2.64149077757678,1
"979","PR0 M Order1 - PR6 M Order2",-11.3333333333333,6.44245785068826,19,-1.75916297723587,1
"980","PR1 M Order1 - PR2 M Order1",-6.66666666666666,4.13394166434537,19,-1.61266587870982,1
"981","PR1 M Order1 - PR3 M Order1",-7.99999999999999,6.03859419757951,19,-1.32481165950954,1
"982","PR1 M Order1 - PR4 M Order1",-6.83333333333333,6.14086589318873,19,-1.11276381086789,1
"983","PR1 M Order1 - PR5 M Order1",-3.33333333333332,6.05020419161485,19,-0.550945592539353,1
"984","PR1 M Order1 - PR6 M Order1",-0.833333333333327,5.86878948834251,19,-0.141994074755726,1
"985","PR1 M Order1 - NR0 F Order2",0.333333333333341,7.12700161686411,19,0.0467704865598176,1
"986","PR1 M Order1 - NR1 F Order2",-0.666666666666661,8.05500098917887,19,-0.0827643184106699,1
"987","PR1 M Order1 - NR2 F Order2",2.16666666666667,7.66552241651726,19,0.282650881301716,1
"988","PR1 M Order1 - NR3 F Order2",4.66666666666667,7.89173822194722,19,0.591335715329291,1
"989","PR1 M Order1 - NR4 F Order2",1.83333333333333,7.40141838785289,19,0.247700270037723,1
"990","PR1 M Order1 - NR5 F Order2",-0.33333333333333,7.71379488831194,19,-0.0432126259719975,1
"991","PR1 M Order1 - NR6 F Order2",3.66666666666667,7.26193311141186,19,0.504916061661961,1
"992","PR1 M Order1 - PR0 F Order2",-12.5,7.48788495188271,19,-1.66936325548873,1
"993","PR1 M Order1 - PR1 F Order2",-24,8.98829648399576,19,-2.67013889035965,1
"994","PR1 M Order1 - PR2 F Order2",-26.8333333333333,8.23123419508089,19,-3.25994045332464,1
"995","PR1 M Order1 - PR3 F Order2",-22.6666666666667,8.18622791555306,19,-2.76887803521841,1
"996","PR1 M Order1 - PR4 F Order2",-16.6666666666667,8.27168424408948,19,-2.01490605478271,1
"997","PR1 M Order1 - PR5 F Order2",-11,7.98370050065823,19,-1.3778071959354,1
"998","PR1 M Order1 - PR6 F Order2",-7.83333333333333,8.13795525850774,19,-0.962567756211742,1
"999","PR1 M Order1 - NR0 M Order2",-0.16666666666666,7.12700161686411,19,-0.0233852432799074,1
"1000","PR1 M Order1 - NR1 M Order2",-2.5,8.05500098917887,19,-0.310366194040014,1
"1001","PR1 M Order1 - NR2 M Order2",1.33333333333333,7.66552241651726,19,0.173939003877979,1
"1002","PR1 M Order1 - NR3 M Order2",0.333333333333335,7.89173822194722,19,0.0422382653806639,1
"1003","PR1 M Order1 - NR4 M Order2",0.16666666666666,7.40141838785289,19,0.0225182063670649,1
"1004","PR1 M Order1 - NR5 M Order2",4.5,7.71379488831194,19,0.583370450621972,1
"1005","PR1 M Order1 - NR6 M Order2",2.66666666666666,7.26193311141186,19,0.367211681208699,1
"1006","PR1 M Order1 - PR0 M Order2",-7.5,7.48788495188272,19,-1.00161795329324,1
"1007","PR1 M Order1 - PR1 M Order2",-20.8333333333333,8.98829648399576,19,-2.31782889788164,1
"1008","PR1 M Order1 - PR2 M Order2",-24,8.23123419508089,19,-2.91572313837732,1
"1009","PR1 M Order1 - PR3 M Order2",-24.6666666666667,8.18622791555306,19,-3.0131908030318,1
"1010","PR1 M Order1 - PR4 M Order2",-21.8333333333333,8.27168424408948,19,-2.63952693176536,1
"1011","PR1 M Order1 - PR5 M Order2",-14,7.98370050065823,19,-1.75357279482688,1
"1012","PR1 M Order1 - PR6 M Order2",-8.83333333333334,8.13795525850774,19,-1.08544874636643,1
"1013","PR2 M Order1 - PR3 M Order1",-1.33333333333334,5.063023852039,19,-0.263347235229076,1
"1014","PR2 M Order1 - PR4 M Order1",-0.166666666666675,5.42516876607086,19,-0.0307210105073619,1
"1015","PR2 M Order1 - PR5 M Order1",3.33333333333333,5.14778667024374,19,0.647527480616345,1
"1016","PR2 M Order1 - PR6 M Order1",5.83333333333333,5.35483603911903,19,1.08935797300211,1
"1017","PR2 M Order1 - NR0 F Order2",7,6.14474529470849,19,1.13918472845864,1
"1018","PR2 M Order1 - NR1 F Order2",6,7.20047106971002,19,0.833278814943093,1
"1019","PR2 M Order1 - NR2 F Order2",8.83333333333332,6.76195065112037,19,1.30632916285329,1
"1020","PR2 M Order1 - NR3 F Order2",11.3333333333333,7.01735526062356,19,1.61504340487477,1
"1021","PR2 M Order1 - NR4 F Order2",8.49999999999999,6.46101670343803,19,1.31558242149056,1
"1022","PR2 M Order1 - NR5 F Order2",6.33333333333333,6.81662484437906,19,0.92910105483592,1
"1023","PR2 M Order1 - NR6 F Order2",10.3333333333333,6.30074719415708,19,1.64001713049459,1
"1024","PR2 M Order1 - PR0 F Order2",-5.83333333333334,6.55989052825503,19,-0.889242481746877,1
"1025","PR2 M Order1 - PR1 F Order2",-17.3333333333333,8.23123419508089,19,-2.10580004438362,1
"1026","PR2 M Order1 - PR2 F Order2",-20.1666666666667,7.39709125699606,19,-2.72629685994388,1
"1027","PR2 M Order1 - PR3 F Order2",-16,7.34697694126221,19,-2.17776646475376,1
"1028","PR2 M Order1 - PR4 F Order2",-10,7.44207651962654,19,-1.34371098894611,1
"1029","PR2 M Order1 - PR5 F Order2",-4.33333333333333,7.12061910049042,19,-0.608561316393806,1
"1030","PR2 M Order1 - PR6 F Order2",-1.16666666666668,7.2931514778957,19,-0.159967425632478,1
"1031","PR2 M Order1 - NR0 M Order2",6.5,6.14474529470849,19,1.05781439071159,1
"1032","PR2 M Order1 - NR1 M Order2",4.16666666666666,7.20047106971002,19,0.578665843710481,1
"1033","PR2 M Order1 - NR2 M Order2",7.99999999999999,6.76195065112037,19,1.18309056258411,1
"1034","PR2 M Order1 - NR3 M Order2",6.99999999999999,7.01735526062356,19,0.997526808893237,1
"1035","PR2 M Order1 - NR4 M Order2",6.83333333333332,6.46101670343803,19,1.05762508394339,1
"1036","PR2 M Order1 - NR5 M Order2",11.1666666666667,6.81662484437906,19,1.63815185984228,1
"1037","PR2 M Order1 - NR6 M Order2",9.33333333333332,6.30074719415708,19,1.48130579528543,1
"1038","PR2 M Order1 - PR0 M Order2",-0.833333333333339,6.55989052825503,19,-0.127034640249555,1
"1039","PR2 M Order1 - PR1 M Order2",-14.1666666666667,8.23123419508089,19,-1.72108657473662,1
"1040","PR2 M Order1 - PR2 M Order2",-17.3333333333333,7.39709125699606,19,-2.34326341681127,1
"1041","PR2 M Order1 - PR3 M Order2",-18,7.34697694126221,19,-2.44998727284798,1
"1042","PR2 M Order1 - PR4 M Order2",-15.1666666666667,7.44207651962654,19,-2.03796166656827,1
"1043","PR2 M Order1 - PR5 M Order2",-7.33333333333333,7.12061910049042,19,-1.02987299697413,1
"1044","PR2 M Order1 - PR6 M Order2",-2.16666666666668,7.2931514778957,19,-0.297082361888887,1
"1045","PR3 M Order1 - PR4 M Order1",1.16666666666666,4.28754486106822,19,0.272105996431718,1
"1046","PR3 M Order1 - PR5 M Order1",4.66666666666667,4.04145188432738,19,1.15470053837925,1
"1047","PR3 M Order1 - PR6 M Order1",7.16666666666667,4.21328308875216,19,1.70096965138633,1
"1048","PR3 M Order1 - NR0 F Order2",8.33333333333334,6.08432460080437,19,1.36963983352099,1
"1049","PR3 M Order1 - NR1 F Order2",7.33333333333333,7.14897857996806,19,1.02578756549668,1
"1050","PR3 M Order1 - NR2 F Order2",10.1666666666667,6.70709234462284,19,1.51580836289177,1
"1051","PR3 M Order1 - NR3 F Order2",12.6666666666667,6.96450902540246,19,1.8187451004035,1
"1052","PR3 M Order1 - NR4 F Order2",9.83333333333333,6.4035808695773,19,1.53559914891532,1
"1053","PR3 M Order1 - NR5 F Order2",7.66666666666666,6.76221009582792,19,1.13375162232785,1
"1054","PR3 M Order1 - NR6 F Order2",11.6666666666667,6.24183677420273,19,1.86910793868955,1
"1055","PR3 M Order1 - PR0 F Order2",-4.5,6.50332798294851,19,-0.691953413974942,1
"1056","PR3 M Order1 - PR1 F Order2",-16,8.18622791555306,19,-1.95450214250711,1
"1057","PR3 M Order1 - PR2 F Order2",-18.8333333333333,7.34697694126221,19,-2.56341260955391,1
"1058","PR3 M Order1 - PR3 F Order2",-14.6666666666667,7.29651843597683,19,-2.01009108595546,1
"1059","PR3 M Order1 - PR4 F Order2",-8.66666666666667,7.39226717828081,19,-1.17239629705622,1
"1060","PR3 M Order1 - PR5 F Order2",-2.99999999999999,7.06854493409925,19,-0.424415495405249,1
"1061","PR3 M Order1 - PR6 F Order2",0.16666666666666,7.24231797083249,19,0.0230128899805129,1
"1062","PR3 M Order1 - NR0 M Order2",7.83333333333333,6.08432460080437,19,1.28746144350973,1
"1063","PR3 M Order1 - NR1 M Order2",5.5,7.14897857996806,19,0.769340674122508,1
"1064","PR3 M Order1 - NR2 M Order2",9.33333333333333,6.70709234462284,19,1.39156177576949,1
"1065","PR3 M Order1 - NR3 M Order2",8.33333333333333,6.96450902540246,19,1.19654282921283,1
"1066","PR3 M Order1 - NR4 M Order2",8.16666666666665,6.4035808695773,19,1.27532810672628,1
"1067","PR3 M Order1 - NR5 M Order2",12.5,6.76221009582792,19,1.84850807988236,1
"1068","PR3 M Order1 - NR6 M Order2",10.6666666666667,6.24183677420273,19,1.70889868680187,1
"1069","PR3 M Order1 - PR0 M Order2",0.499999999999998,6.50332798294852,19,0.0768837126638822,1
"1070","PR3 M Order1 - PR1 M Order2",-12.8333333333333,8.18622791555306,19,-1.56767359346925,1
"1071","PR3 M Order1 - PR2 M Order2",-16,7.34697694126221,19,-2.17776646475376,1
"1072","PR3 M Order1 - PR3 M Order2",-16.6666666666667,7.29651843597683,19,-2.28419441585847,1
"1073","PR3 M Order1 - PR4 M Order2",-13.8333333333333,7.39226717828081,19,-1.87132485876282,1
"1074","PR3 M Order1 - PR5 M Order2",-6,7.06854493409925,19,-0.848830990810499,1
"1075","PR3 M Order1 - PR6 M Order2",-0.833333333333343,7.24231797083249,19,-0.115064449902571,1
"1076","PR4 M Order1 - PR5 M Order1",3.50000000000001,2.66831089660401,19,1.31169122925462,1
"1077","PR4 M Order1 - PR6 M Order1",6,3.56645351060053,19,1.68234353319517,1
"1078","PR4 M Order1 - NR0 F Order2",7.16666666666667,6.19882558203497,19,1.156132975807,1
"1079","PR4 M Order1 - NR1 F Order2",6.16666666666667,7.24667699607069,19,0.850964748395765,1
"1080","PR4 M Order1 - NR2 F Order2",9,6.8111320988391,19,1.32136623829891,1
"1081","PR4 M Order1 - NR3 F Order2",11.5,7.06475892819071,19,1.62779793576696,1
"1082","PR4 M Order1 - NR4 F Order2",8.66666666666666,6.51247116705743,19,1.33078004406468,1
"1083","PR4 M Order1 - NR5 F Order2",6.5,6.86541463632423,19,0.946774571430711,1
"1084","PR4 M Order1 - NR6 F Order2",10.5,6.35349974929782,19,1.65263247254561,1
"1085","PR4 M Order1 - PR0 F Order2",-5.66666666666666,6.61057543655159,19,-0.85721231397409,1
"1086","PR4 M Order1 - PR1 F Order2",-17.1666666666667,8.27168424408948,19,-2.0753532364262,1
"1087","PR4 M Order1 - PR2 F Order2",-20,7.44207651962654,19,-2.68742197789222,1
"1088","PR4 M Order1 - PR3 F Order2",-15.8333333333333,7.39226717828081,19,-2.14187785039117,1
"1089","PR4 M Order1 - PR4 F Order2",-9.83333333333333,7.4867914879223,19,-1.31342422841567,1
"1090","PR4 M Order1 - PR5 F Order2",-4.16666666666666,7.1673398296661,19,-0.581340743663436,1
"1091","PR4 M Order1 - PR6 F Order2",-1,7.33877389890037,19,-0.136262543822183,1
"1092","PR4 M Order1 - NR0 M Order2",6.66666666666667,6.19882558203497,19,1.07547253563442,1
"1093","PR4 M Order1 - NR1 M Order2",4.33333333333334,7.24667699607069,19,0.597975228602429,1
"1094","PR4 M Order1 - NR2 M Order2",8.16666666666666,6.8111320988391,19,1.19901751253049,1
"1095","PR4 M Order1 - NR3 M Order2",7.16666666666667,7.06475892819071,19,1.01442480055042,1
"1096","PR4 M Order1 - NR4 M Order2",6.99999999999999,6.51247116705743,19,1.07486080482147,1
"1097","PR4 M Order1 - NR5 M Order2",11.3333333333333,6.86541463632423,19,1.65078643223816,1
"1098","PR4 M Order1 - NR6 M Order2",9.49999999999999,6.35349974929782,19,1.49523890373175,1
"1099","PR4 M Order1 - PR0 M Order2",-0.666666666666665,6.61057543655159,19,-0.100848507526363,1
"1100","PR4 M Order1 - PR1 M Order2",-14,8.27168424408948,19,-1.69252108601748,1
"1101","PR4 M Order1 - PR2 M Order2",-17.1666666666667,7.44207651962654,19,-2.30670386435749,1
"1102","PR4 M Order1 - PR3 M Order2",-17.8333333333333,7.39226717828081,19,-2.41243084201953,1
"1103","PR4 M Order1 - PR4 M Order2",-15,7.4867914879223,19,-2.0035284840239,1
"1104","PR4 M Order1 - PR5 M Order2",-7.16666666666666,7.1673398296661,19,-0.999906079101111,1
"1105","PR4 M Order1 - PR6 M Order2",-2.00000000000001,7.33877389890037,19,-0.272525087644366,1
"1106","PR5 M Order1 - PR6 M Order1",2.49999999999999,3.17386071100568,19,0.787684220460902,1
"1107","PR5 M Order1 - NR0 F Order2",3.66666666666666,5.80897168583077,19,0.631207529485879,1
"1108","PR5 M Order1 - NR1 F Order2",2.66666666666666,6.91614350166858,19,0.385571332639831,1
"1109","PR5 M Order1 - NR2 F Order2",5.49999999999999,6.4583460667673,19,0.851611224164857,1
"1110","PR5 M Order1 - NR3 F Order2",7.99999999999999,6.72529048917165,19,1.18953969540509,1
"1111","PR5 M Order1 - NR4 F Order2",5.16666666666665,6.14255599502738,19,0.841126506758629,1
"1112","PR5 M Order1 - NR5 F Order2",2.99999999999999,6.51556840029689,19,0.460435654372578,1
"1113","PR5 M Order1 - NR6 F Order2",6.99999999999999,5.97374861495024,19,1.1717935338761,1
"1114","PR5 M Order1 - PR0 F Order2",-9.16666666666667,6.24647268885662,19,-1.46749487643155,1
"1115","PR5 M Order1 - PR1 F Order2",-20.6666666666667,7.98370050065823,19,-2.58860745903015,1
"1116","PR5 M Order1 - PR2 F Order2",-23.5,7.12061910049042,19,-3.30027483121257,1
"1117","PR5 M Order1 - PR3 F Order2",-19.3333333333333,7.06854493409925,19,-2.7351220815005,1
"1118","PR5 M Order1 - PR4 F Order2",-13.3333333333333,7.1673398296661,19,-1.860290379723,1
"1119","PR5 M Order1 - PR5 F Order2",-7.66666666666667,6.83296960948975,19,-1.12201094177546,1
"1120","PR5 M Order1 - PR6 F Order2",-4.50000000000001,7.01258267612395,19,-0.641703664374805,1
"1121","PR5 M Order1 - NR0 M Order2",3.16666666666666,5.80897168583077,19,0.545133775465077,1
"1122","PR5 M Order1 - NR1 M Order2",0.833333333333326,6.91614350166858,19,0.120491041449946,1
"1123","PR5 M Order1 - NR2 M Order2",4.66666666666665,6.4583460667673,19,0.722579220503514,1
"1124","PR5 M Order1 - NR3 M Order2",3.66666666666666,6.72529048917165,19,0.545205693727332,1
"1125","PR5 M Order1 - NR4 M Order2",3.49999999999998,6.14255599502738,19,0.569795375546166,1
"1126","PR5 M Order1 - NR5 M Order2",7.83333333333333,6.51556840029689,19,1.20224865308396,1
"1127","PR5 M Order1 - NR6 M Order2",5.99999999999998,5.97374861495024,19,1.00439445760808,1
"1128","PR5 M Order1 - PR0 M Order2",-4.16666666666667,6.24647268885662,19,-0.667043125650704,1
"1129","PR5 M Order1 - PR1 M Order2",-17.5,7.98370050065823,19,-2.1919659935336,1
"1130","PR5 M Order1 - PR2 M Order2",-20.6666666666667,7.12061910049042,19,-2.90236935510892,1
"1131","PR5 M Order1 - PR3 M Order2",-21.3333333333333,7.06854493409925,19,-3.018065745104,1
"1132","PR5 M Order1 - PR4 M Order2",-18.5,7.1673398296661,19,-2.58115290186566,1
"1133","PR5 M Order1 - PR5 M Order2",-10.6666666666667,6.83296960948975,19,-1.56105870160063,1
"1134","PR5 M Order1 - PR6 M Order2",-5.50000000000002,7.01258267612395,19,-0.784304478680317,1
"1135","PR6 M Order1 - NR0 F Order2",1.16666666666667,6.01921873269669,19,0.193823603772576,1
"1136","PR6 M Order1 - NR1 F Order2",0.166666666666666,7.0936508964662,19,0.0234951887397918,1
"1137","PR6 M Order1 - NR2 F Order2",2.99999999999999,6.64808814798599,19,0.45125755453601,1
"1138","PR6 M Order1 - NR3 F Order2",5.5,6.90770397954384,19,0.79621246311183,1
"1139","PR6 M Order1 - NR4 F Order2",2.66666666666666,6.34175340558981,19,0.420493591617135,1
"1140","PR6 M Order1 - NR5 F Order2",0.499999999999998,6.70369104928103,19,0.0745857761529184,1
"1141","PR6 M Order1 - NR6 F Order2",4.49999999999999,6.17839094100422,19,0.728344975733856,1
"1142","PR6 M Order1 - PR0 F Order2",-11.6666666666667,6.44245785068826,19,-1.81090306480163,1
"1143","PR6 M Order1 - PR1 F Order2",-23.1666666666667,8.13795525850774,19,-2.84674293858366,1
"1144","PR6 M Order1 - PR2 F Order2",-26,7.2931514778957,19,-3.56498834266662,1
"1145","PR6 M Order1 - PR3 F Order2",-21.8333333333333,7.24231797083249,19,-3.01468858744732,1
"1146","PR6 M Order1 - PR4 F Order2",-15.8333333333333,7.33877389890037,19,-2.15749027718456,1
"1147","PR6 M Order1 - PR5 F Order2",-10.1666666666667,7.01258267612395,19,-1.44977494543937,1
"1148","PR6 M Order1 - PR6 F Order2",-7.00000000000001,7.18770880703558,19,-0.973884750749524,1
"1149","PR6 M Order1 - NR0 M Order2",0.666666666666667,6.01921873269669,19,0.1107563450129,1
"1150","PR6 M Order1 - NR1 M Order2",-1.66666666666667,7.0936508964662,19,-0.234951887397918,1
"1151","PR6 M Order1 - NR2 M Order2",2.16666666666666,6.64808814798599,19,0.325908233831563,1
"1152","PR6 M Order1 - NR3 M Order2",1.16666666666666,6.90770397954384,19,0.168893552781297,1
"1153","PR6 M Order1 - NR4 M Order2",0.999999999999987,6.34175340558981,19,0.157685096856424,1
"1154","PR6 M Order1 - NR5 M Order2",5.33333333333333,6.70369104928103,19,0.7955816122978,1
"1155","PR6 M Order1 - NR6 M Order2",3.49999999999999,6.17839094100422,19,0.566490536681887,1
"1156","PR6 M Order1 - PR0 M Order2",-6.66666666666667,6.44245785068826,19,-1.03480175131522,1
"1157","PR6 M Order1 - PR1 M Order2",-20,8.13795525850774,19,-2.45761980309381,1
"1158","PR6 M Order1 - PR2 M Order2",-23.1666666666667,7.2931514778957,19,-3.17649602327346,1
"1159","PR6 M Order1 - PR3 M Order2",-23.8333333333333,7.24231797083249,19,-3.29084326721348,1
"1160","PR6 M Order1 - PR4 M Order2",-21,7.33877389890037,19,-2.86151342026583,1
"1161","PR6 M Order1 - PR5 M Order2",-13.1666666666667,7.01258267612395,19,-1.8775773883559,1
"1162","PR6 M Order1 - PR6 M Order2",-8.00000000000001,7.18770880703558,19,-1.11301114371374,1
"1163","NR0 F Order2 - NR1 F Order2",-1,3.49669852643823,19,-0.285984048221226,1
"1164","NR0 F Order2 - NR2 F Order2",1.83333333333333,2.88604223220692,19,0.635241339462798,1
"1165","NR0 F Order2 - NR3 F Order2",4.33333333333333,3.44929859807954,19,1.25629405808647,1
"1166","NR0 F Order2 - NR4 F Order2",1.49999999999999,3.52704670787504,19,0.425284983227144,1
"1167","NR0 F Order2 - NR5 F Order2",-0.666666666666671,4.249836598166,19,-0.156868776308804,1
"1168","NR0 F Order2 - NR6 F Order2",3.33333333333333,3.68472427495683,19,0.904635756870133,1
"1169","NR0 F Order2 - PR0 F Order2",-12.8333333333333,3.87728427295876,19,-3.30987681837943,1
"1170","NR0 F Order2 - PR1 F Order2",-24.3333333333333,6.03295045794926,19,-4.03340513119427,1
"1171","NR0 F Order2 - PR2 F Order2",-27.1666666666667,5.21788422538041,19,-5.20645255686678,0.0762084241504725
"1172","NR0 F Order2 - PR3 F Order2",-23,4.36496551837563,19,-5.26922833712537,0.0663789386010898
"1173","NR0 F Order2 - PR4 F Order2",-17,4.64345732255964,19,-3.66106519756469,1
"1174","NR0 F Order2 - PR5 F Order2",-11.3333333333333,4.49499396665156,19,-2.52132336937836,1
"1175","NR0 F Order2 - PR6 F Order2",-8.16666666666667,4.26168843348426,19,-1.91629838598731,1
"1176","NR0 F Order2 - NR0 M Order2",-0.500000000000001,4.56057347373735,19,-0.109635334871659,1
"1177","NR0 F Order2 - NR1 M Order2",-2.83333333333334,5.90658270899897,19,-0.47969079126186,1
"1178","NR0 F Order2 - NR2 M Order2",0.999999999999991,5.36329304445522,19,0.186452612548149,1
"1179","NR0 F Order2 - NR3 M Order2",-5.49560397189452e-15,5.68191961631945,19,-9.67209031981058e-16,1
"1180","NR0 F Order2 - NR4 M Order2",-0.166666666666681,4.97852111722145,19,-0.0334771436622326,1
"1181","NR0 F Order2 - NR5 M Order2",4.16666666666666,5.43206313858008,19,0.767050485307101,1
"1182","NR0 F Order2 - NR6 M Order2",2.33333333333332,4.76868439689533,19,0.489303367371606,1
"1183","NR0 F Order2 - PR0 M Order2",-7.83333333333334,5.10618246983054,19,-1.53408801577616,1
"1184","NR0 F Order2 - PR1 M Order2",-21.1666666666667,7.12700161686411,19,-2.96992589654835,1
"1185","NR0 F Order2 - PR2 M Order2",-24.3333333333333,6.14474529470849,19,-3.96002310368956,1
"1186","NR0 F Order2 - PR3 M Order2",-25,6.08432460080437,19,-4.10891950056296,0.878854946067582
"1187","NR0 F Order2 - PR4 M Order2",-22.1666666666667,6.19882558203498,19,-3.57594618098445,1
"1188","NR0 F Order2 - PR5 M Order2",-14.3333333333333,5.80897168583077,19,-2.46744761526298,1
"1189","NR0 F Order2 - PR6 M Order2",-9.16666666666668,6.01921873269669,19,-1.52289974392738,1
"1190","NR1 F Order2 - NR2 F Order2",2.83333333333333,2.24975632208734,19,1.25939565343883,1
"1191","NR1 F Order2 - NR3 F Order2",5.33333333333333,2.63611889091094,19,2.02317632627348,1
"1192","NR1 F Order2 - NR4 F Order2",2.49999999999999,2.93402105175879,19,0.852072959224807,1
"1193","NR1 F Order2 - NR5 F Order2",0.333333333333331,3.60915826638468,19,0.092357638188927,1
"1194","NR1 F Order2 - NR6 F Order2",4.33333333333333,3.7768918809918,19,1.14732787431432,1
"1195","NR1 F Order2 - PR0 F Order2",-11.8333333333333,4.38211409899471,19,-2.70037088629162,1
"1196","NR1 F Order2 - PR1 F Order2",-23.3333333333333,6.0789157235702,19,-3.8384038197571,1
"1197","NR1 F Order2 - PR2 F Order2",-26.1666666666667,5.78326887066557,19,-4.52454610910305,0.346697775424645
"1198","NR1 F Order2 - PR3 F Order2",-22,4.59751394809456,19,-4.78519483537792,0.193538506292618
"1199","NR1 F Order2 - PR4 F Order2",-16,5.14778667024375,19,-3.10813190695845,1
"1200","NR1 F Order2 - PR5 F Order2",-10.3333333333333,4.65188762541962,19,-2.22132049726829,1
"1201","NR1 F Order2 - PR6 F Order2",-7.16666666666667,3.28446636430419,19,-2.18198814411817,1
"1202","NR1 F Order2 - NR0 M Order2",0.500000000000001,5.90658270899897,19,0.0846513161050341,1
"1203","NR1 F Order2 - NR1 M Order2",-1.83333333333333,6.99832895676779,19,-0.261967298859308,1
"1204","NR1 F Order2 - NR2 M Order2",1.99999999999999,6.54628147650181,19,0.305516957555078,1
"1205","NR1 F Order2 - NR3 M Order2",0.999999999999997,6.80977968918266,19,0.14684762879899,1
"1206","NR1 F Order2 - NR4 M Order2",0.833333333333321,6.23494678433656,19,0.133655243927153,1
"1207","NR1 F Order2 - NR5 M Order2",5.16666666666666,6.60274176614604,19,0.782503216036328,1
"1208","NR1 F Order2 - NR6 M Order2",3.33333333333332,6.0687098930565,19,0.549265559249611,1
"1209","NR1 F Order2 - PR0 M Order2",-6.83333333333333,6.33734868096222,19,-1.07826374677175,1
"1210","NR1 F Order2 - PR1 M Order2",-20.1666666666667,8.05500098917887,19,-2.50362063192279,1
"1211","NR1 F Order2 - PR2 M Order2",-23.3333333333333,7.20047106971002,19,-3.2405287247787,1
"1212","NR1 F Order2 - PR3 M Order2",-24,7.14897857996806,19,-3.35712294162549,1
"1213","NR1 F Order2 - PR4 M Order2",-21.1666666666667,7.24667699607069,19,-2.92087900125033,1
"1214","NR1 F Order2 - PR5 M Order2",-13.3333333333333,6.91614350166858,19,-1.92785666319916,1
"1215","NR1 F Order2 - PR6 M Order2",-8.16666666666667,7.0936508964662,19,-1.1512642482498,1
"1216","NR2 F Order2 - NR3 F Order2",2.5,2.38452613998687,19,1.04842633430463,1
"1217","NR2 F Order2 - NR4 F Order2",-0.333333333333334,2.81084990580829,19,-0.118588094171994,1
"1218","NR2 F Order2 - NR5 F Order2",-2.5,3.18801667065868,19,-0.784186614520892,1
"1219","NR2 F Order2 - NR6 F Order2",1.5,3.3780336160422,19,0.444045314669617,1
"1220","NR2 F Order2 - PR0 F Order2",-14.6666666666667,3.84091546105188,19,-3.81853410089115,1
"1221","NR2 F Order2 - PR1 F Order2",-26.1666666666667,5.34018200622873,19,-4.89995783592135,0.150057976709025
"1222","NR2 F Order2 - PR2 F Order2",-29,4.73125726648186,19,-6.1294489744719,0.0104484412178337
"1223","NR2 F Order2 - PR3 F Order2",-24.8333333333333,4.16856097290124,19,-5.9572916156843,0.0150239798667304
"1224","NR2 F Order2 - PR4 F Order2",-18.8333333333333,5.21970512935615,19,-3.60812208096062,1
"1225","NR2 F Order2 - PR5 F Order2",-13.1666666666667,4.65377291444064,19,-2.82924562687847,1
"1226","NR2 F Order2 - PR6 F Order2",-10,3.42479777009999,19,-2.91988043419803,1
"1227","NR2 F Order2 - NR0 M Order2",-2.33333333333333,5.36329304445522,19,-0.435056095945683,1
"1228","NR2 F Order2 - NR1 M Order2",-4.66666666666666,6.54628147650181,19,-0.71287290096185,1
"1229","NR2 F Order2 - NR2 M Order2",-0.833333333333334,6.06061004784558,19,-0.137499909539563,1
"1230","NR2 F Order2 - NR3 M Order2",-1.83333333333333,6.34431181434683,19,-0.288972765996067,1
"1231","NR2 F Order2 - NR4 M Order2",-2.00000000000001,5.72291485049052,19,-0.349472262343478,1
"1232","NR2 F Order2 - NR5 M Order2",2.33333333333334,6.12155142205516,19,0.381166990597619,1
"1233","NR2 F Order2 - NR6 M Order2",0.499999999999997,5.54133853401306,19,0.0902309066538648,1
"1234","NR2 F Order2 - PR0 M Order2",-9.66666666666666,5.83431069506499,19,-1.65686525313835,1
"1235","NR2 F Order2 - PR1 M Order2",-23,7.66552241651726,19,-3.00044781689514,1
"1236","NR2 F Order2 - PR2 M Order2",-26.1666666666667,6.76195065112037,19,-3.8696920484522,1
"1237","NR2 F Order2 - PR3 M Order2",-26.8333333333333,6.70709234462284,19,-4.00074010533729,1
"1238","NR2 F Order2 - PR4 M Order2",-24,6.8111320988391,19,-3.52364330213044,1
"1239","NR2 F Order2 - PR5 M Order2",-16.1666666666667,6.4583460667673,19,-2.50322087103004,1
"1240","NR2 F Order2 - PR6 M Order2",-11,6.64808814798599,19,-1.65461103329871,1
"1241","NR3 F Order2 - NR4 F Order2",-2.83333333333334,1.65035881266054,19,-1.71679837838762,1
"1242","NR3 F Order2 - NR5 F Order2",-5,2.5089896850657,19,-1.99283401990912,1
"1243","NR3 F Order2 - NR6 F Order2",-1,2.8461526303629,19,-0.3513515014381,1
"1244","NR3 F Order2 - PR0 F Order2",-17.1666666666667,3.79496434580944,19,-4.52353832668357,0.347258636963267
"1245","NR3 F Order2 - PR1 F Order2",-28.6666666666667,5.51250571865877,19,-5.20029694837967,0.077203086954247
"1246","NR3 F Order2 - PR2 F Order2",-31.5,4.88325699000261,19,-6.45061279070286,0.00535805803485797
"1247","NR3 F Order2 - PR3 F Order2",-27.3333333333333,3.05126759202281,19,-8.95802564311083,4.62503366538694e-05
"1248","NR3 F Order2 - PR4 F Order2",-21.3333333333333,4.37232792251317,19,-4.87917048112694,0.15700984155173
"1249","NR3 F Order2 - PR5 F Order2",-15.6666666666667,3.83584966989824,19,-4.08427545782373,0.927831743034755
"1250","NR3 F Order2 - PR6 F Order2",-12.5,2.23436739611433,19,-5.59442463300266,0.0326957336276971
"1251","NR3 F Order2 - NR0 M Order2",-4.83333333333333,5.68191961631945,19,-0.850651480434739,1
"1252","NR3 F Order2 - NR1 M Order2",-7.16666666666666,6.80977968918266,19,-1.05240800639276,1
"1253","NR3 F Order2 - NR2 M Order2",-3.33333333333334,6.34431181434683,19,-0.525405029083759,1
"1254","NR3 F Order2 - NR3 M Order2",-4.33333333333333,6.61585902534772,19,-0.654991788176076,1
"1255","NR3 F Order2 - NR4 M Order2",-4.50000000000001,6.02254536152107,19,-0.747192379612642,1
"1256","NR3 F Order2 - NR5 M Order2",-0.166666666666666,6.40255340145473,19,-0.0260312809931109,1
"1257","NR3 F Order2 - NR6 M Order2",-2.00000000000001,5.85027614682863,19,-0.341864204322079,1
"1258","NR3 F Order2 - PR0 M Order2",-12.1666666666667,6.12849733068097,19,-1.98526098816376,1
"1259","NR3 F Order2 - PR1 M Order2",-25.5,7.89173822194722,19,-3.23122730162077,1
"1260","NR3 F Order2 - PR2 M Order2",-28.6666666666667,7.01735526062356,19,-4.08510978880088,0.926696513281038
"1261","NR3 F Order2 - PR3 M Order2",-29.3333333333333,6.96450902540246,19,-4.21183075882916,0.699615509891183
"1262","NR3 F Order2 - PR4 M Order2",-26.5,7.06475892819071,19,-3.75101263459342,1
"1263","NR3 F Order2 - PR5 M Order2",-18.6666666666667,6.72529048917165,19,-2.77559262261188,1
"1264","NR3 F Order2 - PR6 M Order2",-13.5,6.90770397954384,19,-1.95433968218359,1
"1265","NR4 F Order2 - NR5 F Order2",-2.16666666666666,2.50227966238227,19,-0.865877103682291,1
"1266","NR4 F Order2 - NR6 F Order2",1.83333333333334,2.47909387332318,19,0.739517512047974,1
"1267","NR4 F Order2 - PR0 F Order2",-14.3333333333333,3.81398626479831,19,-3.7580977848884,1
"1268","NR4 F Order2 - PR1 F Order2",-25.8333333333333,5.82445439555054,19,-4.4353224489264,0.422839112487346
"1269","NR4 F Order2 - PR2 F Order2",-28.6666666666667,4.85668888241617,19,-5.90251246491317,0.0168736578693997
"1270","NR4 F Order2 - PR3 F Order2",-24.5,3.26983376725746,19,-7.49273563853038,0.000671587405433023
"1271","NR4 F Order2 - PR4 F Order2",-18.5,4.55909860794424,19,-4.05781966807292,0.982931752082634
"1272","NR4 F Order2 - PR5 F Order2",-12.8333333333333,3.97823023334167,19,-3.22589005175637,1
"1273","NR4 F Order2 - PR6 F Order2",-9.66666666666667,2.67700845516144,19,-3.61099594139448,1
"1274","NR4 F Order2 - NR0 M Order2",-1.99999999999999,4.97852111722145,19,-0.401725723946755,1
"1275","NR4 F Order2 - NR1 M Order2",-4.33333333333333,6.23494678433656,19,-0.695007268421205,1
"1276","NR4 F Order2 - NR2 M Order2",-0.5,5.72291485049052,19,-0.0873680655858691,1
"1277","NR4 F Order2 - NR3 M Order2",-1.5,6.02254536152107,19,-0.249064126537546,1
"1278","NR4 F Order2 - NR4 M Order2",-1.66666666666667,5.36400173563386,19,-0.310713297423966,1
"1279","NR4 F Order2 - NR5 M Order2",2.66666666666667,5.78741324313234,19,0.460770046070424,1
"1280","NR4 F Order2 - NR6 M Order2",0.833333333333331,5.16983490862679,19,0.161191478656846,1
"1281","NR4 F Order2 - PR0 M Order2",-9.33333333333333,5.48269473165047,19,-1.70232591638814,1
"1282","NR4 F Order2 - PR1 M Order2",-22.6666666666667,7.40141838785289,19,-3.06247606592095,1
"1283","NR4 F Order2 - PR2 M Order2",-25.8333333333333,6.46101670343803,19,-3.99833873198113,1
"1284","NR4 F Order2 - PR3 M Order2",-26.5,6.4035808695773,19,-4.13830957080569,0.822380413760757
"1285","NR4 F Order2 - PR4 M Order2",-23.6666666666667,6.51247116705743,19,-3.63405319725356,1
"1286","NR4 F Order2 - PR5 M Order2",-15.8333333333333,6.14255599502738,19,-2.57764574651838,1
"1287","NR4 F Order2 - PR6 M Order2",-10.6666666666667,6.34175340558981,19,-1.68197436646855,1
"1288","NR5 F Order2 - NR6 F Order2",4,2.23874703887991,19,1.78671369767675,1
"1289","NR5 F Order2 - PR0 F Order2",-12.1666666666667,3.92715095455765,19,-3.09808988945196,1
"1290","NR5 F Order2 - PR1 F Order2",-23.6666666666667,5.52371283728363,19,-4.28455775378525,0.593518229505315
"1291","NR5 F Order2 - PR2 F Order2",-26.5,5.18011831245138,19,-5.11571327170314,0.0930745788786131
"1292","NR5 F Order2 - PR3 F Order2",-22.3333333333333,4.03080245373705,19,-5.54066680013742,0.0367022802844031
"1293","NR5 F Order2 - PR4 F Order2",-16.3333333333333,4.79570958350865,19,-3.40582202673405,1
"1294","NR5 F Order2 - PR5 F Order2",-10.6666666666667,4.36647247458919,19,-2.44285672902821,1
"1295","NR5 F Order2 - PR6 F Order2",-7.5,3.04474429735196,19,-2.46326103854528,1
"1296","NR5 F Order2 - NR0 M Order2",0.166666666666669,5.43206313858008,19,0.0306820194122846,1
"1297","NR5 F Order2 - NR1 M Order2",-2.16666666666667,6.60274176614604,19,-0.328146509950718,1
"1298","NR5 F Order2 - NR2 M Order2",1.66666666666666,6.12155142205516,19,0.272262136141155,1
"1299","NR5 F Order2 - NR3 M Order2",0.666666666666665,6.40255340145473,19,0.104125123972444,1
"1300","NR5 F Order2 - NR4 M Order2",0.49999999999999,5.78741324313234,19,0.0863943836382025,1
"1301","NR5 F Order2 - NR5 M Order2",4.83333333333333,6.18189206260383,19,0.781853400930705,1
"1302","NR5 F Order2 - NR6 M Order2",2.99999999999999,5.60792567794516,19,0.534957161040558,1
"1303","NR5 F Order2 - PR0 M Order2",-7.16666666666667,5.89759094439148,19,-1.2151854433855,1
"1304","NR5 F Order2 - PR1 M Order2",-20.5,7.71379488831194,19,-2.65757649727787,1
"1305","NR5 F Order2 - PR2 M Order2",-23.6666666666667,6.81662484437906,19,-3.47190394175528,1
"1306","NR5 F Order2 - PR3 M Order2",-24.3333333333333,6.76221009582792,19,-3.598429062171,1
"1307","NR5 F Order2 - PR4 M Order2",-21.5,6.86541463632423,19,-3.13163896704004,1
"1308","NR5 F Order2 - PR5 M Order2",-13.6666666666667,6.51556840029689,19,-2.09754020325286,1
"1309","NR5 F Order2 - PR6 M Order2",-8.50000000000001,6.70369104928103,19,-1.26795819459962,1
"1310","NR6 F Order2 - PR0 F Order2",-16.1666666666667,3.30629383863087,19,-4.88966421489061,0.153459473794841
"1311","NR6 F Order2 - PR1 F Order2",-27.6666666666667,4.7893033836441,19,-5.77676218239814,0.0220767765780778
"1312","NR6 F Order2 - PR2 F Order2",-30.5,4.80892201996997,19,-6.34237774564505,0.00670047368873921
"1313","NR6 F Order2 - PR3 F Order2",-26.3333333333333,3.60591619133714,19,-7.30281346987391,0.000969613090277897
"1314","NR6 F Order2 - PR4 F Order2",-20.3333333333333,4.09638979550593,19,-4.96372033629236,0.130267879332085
"1315","NR6 F Order2 - PR5 F Order2",-14.6666666666667,3.69957323285581,19,-3.96442123010633,1
"1316","NR6 F Order2 - PR6 F Order2",-11.5,3.24379750018743,19,-3.54522746852586,1
"1317","NR6 F Order2 - NR0 M Order2",-3.83333333333333,4.76868439689533,19,-0.803855532110499,1
"1318","NR6 F Order2 - NR1 M Order2",-6.16666666666666,6.0687098930565,19,-1.01614128461178,1
"1319","NR6 F Order2 - NR2 M Order2",-2.33333333333334,5.54133853401306,19,-0.421077564384706,1
"1320","NR6 F Order2 - NR3 M Order2",-3.33333333333333,5.85027614682863,19,-0.569773673870129,1
"1321","NR6 F Order2 - NR4 M Order2",-3.50000000000001,5.16983490862679,19,-0.677004210358756,1
"1322","NR6 F Order2 - NR5 M Order2",0.833333333333336,5.60792567794516,19,0.148599211400156,1
"1323","NR6 F Order2 - NR6 M Order2",-1,4.96808527956488,19,-0.201284789557314,1
"1324","NR6 F Order2 - PR0 M Order2",-11.1666666666667,5.2928838909465,19,-2.10975092156609,1
"1325","NR6 F Order2 - PR1 M Order2",-24.5,7.26193311141186,19,-3.37375732110492,1
"1326","NR6 F Order2 - PR2 M Order2",-27.6666666666667,6.30074719415708,19,-4.39101360745325,0.46734087735278
"1327","NR6 F Order2 - PR3 M Order2",-28.3333333333333,6.24183677420273,19,-4.53926213681747,0.335544414675996
"1328","NR6 F Order2 - PR4 M Order2",-25.5,6.35349974929782,19,-4.01353600475363,1
"1329","NR6 F Order2 - PR5 M Order2",-17.6666666666667,5.97374861495024,19,-2.95738368073492,1
"1330","NR6 F Order2 - PR6 M Order2",-12.5,6.17839094100422,19,-2.0231804881496,1
"1331","PR0 F Order2 - PR1 F Order2",-11.5,3.64803880660594,19,-3.15237874640356,1
"1332","PR0 F Order2 - PR2 F Order2",-14.3333333333333,3.6114664692448,19,-3.96884020809712,1
"1333","PR0 F Order2 - PR3 F Order2",-10.1666666666667,4.11710879080474,19,-2.46937042066345,1
"1334","PR0 F Order2 - PR4 F Order2",-4.16666666666667,4.25162507630596,19,-0.980017426721664,1
"1335","PR0 F Order2 - PR5 F Order2",1.50000000000001,4.55091405252289,19,0.329604115280633,1
"1336","PR0 F Order2 - PR6 F Order2",4.66666666666666,4.2940186878061,19,1.08678303611458,1
"1337","PR0 F Order2 - NR0 M Order2",12.3333333333333,5.10618246983054,19,2.41537262058374,1
"1338","PR0 F Order2 - NR1 M Order2",10,6.33734868096222,19,1.57794694649524,1
"1339","PR0 F Order2 - NR2 M Order2",13.8333333333333,5.83431069506499,19,2.37103131052558,1
"1340","PR0 F Order2 - NR3 M Order2",12.8333333333333,6.12849733068097,19,2.09404241217273,1
"1341","PR0 F Order2 - NR4 M Order2",12.6666666666667,5.48269473165047,19,2.31029945795533,1
"1342","PR0 F Order2 - NR5 M Order2",17,5.89759094439148,19,2.88253291221676,1
"1343","PR0 F Order2 - NR6 M Order2",15.1666666666667,5.2928838909465,19,2.86548259496289,1
"1344","PR0 F Order2 - PR0 M Order2",5,5.59887206685888,19,0.893037015365335,1
"1345","PR0 F Order2 - PR1 M Order2",-8.33333333333334,7.48788495188271,19,-1.11290883699249,1
"1346","PR0 F Order2 - PR2 M Order2",-11.5,6.55989052825503,19,-1.75307803544384,1
"1347","PR0 F Order2 - PR3 M Order2",-12.1666666666667,6.50332798294852,19,-1.87083700815447,1
"1348","PR0 F Order2 - PR4 M Order2",-9.33333333333334,6.61057543655159,19,-1.41187910536909,1
"1349","PR0 F Order2 - PR5 M Order2",-1.49999999999999,6.24647268885662,19,-0.240135525234252,1
"1350","PR0 F Order2 - PR6 M Order2",3.66666666666666,6.44245785068826,19,0.569140963223367,1
"1351","PR1 F Order2 - PR2 F Order2",-2.83333333333332,4.13394166434537,19,-0.685382998451672,1
"1352","PR1 F Order2 - PR3 F Order2",1.33333333333333,6.03859419757951,19,0.22080194325159,1
"1353","PR1 F Order2 - PR4 F Order2",7.33333333333334,6.14086589318873,19,1.19418555312651,1
"1354","PR1 F Order2 - PR5 F Order2",13,6.05020419161485,19,2.14868781090349,1
"1355","PR1 F Order2 - PR6 F Order2",16.1666666666667,5.86878948834251,19,2.75468505026111,1
"1356","PR1 F Order2 - NR0 M Order2",23.8333333333333,7.12700161686411,19,3.34408978902688,1
"1357","PR1 F Order2 - NR1 M Order2",21.5,8.05500098917887,19,2.66914926874413,1
"1358","PR1 F Order2 - NR2 M Order2",25.3333333333333,7.66552241651726,19,3.30484107368161,1
"1359","PR1 F Order2 - NR3 M Order2",24.3333333333333,7.89173822194722,19,3.08339337278845,1
"1360","PR1 F Order2 - NR4 M Order2",24.1666666666667,7.40141838785289,19,3.26513992322454,1
"1361","PR1 F Order2 - NR5 M Order2",28.5,7.71379488831194,19,3.69467952060582,1
"1362","PR1 F Order2 - NR6 M Order2",26.6666666666667,7.26193311141186,19,3.67211681208699,1
"1363","PR1 F Order2 - PR0 M Order2",16.5,7.48788495188272,19,2.20355949724512,1
"1364","PR1 F Order2 - PR1 M Order2",3.16666666666667,8.98829648399576,19,0.35230999247801,1
"1365","PR1 F Order2 - PR2 M Order2",1.42386102908176e-14,8.23123419508089,19,1.72982689513643e-15,1
"1366","PR1 F Order2 - PR3 M Order2",-0.666666666666671,8.18622791555306,19,-0.0814375892711303,1
"1367","PR1 F Order2 - PR4 M Order2",2.16666666666666,8.27168424408948,19,0.261937787121752,1
"1368","PR1 F Order2 - PR5 M Order2",10,7.98370050065823,19,1.25255199630491,1
"1369","PR1 F Order2 - PR6 M Order2",15.1666666666667,8.13795525850774,19,1.86369501734614,1
"1370","PR2 F Order2 - PR3 F Order2",4.16666666666666,5.063023852039,19,0.822960110090859,1
"1371","PR2 F Order2 - PR4 F Order2",10.1666666666667,5.42516876607086,19,1.87398164094898,1
"1372","PR2 F Order2 - PR5 F Order2",15.8333333333333,5.14778667024374,19,3.07575553292764,1
"1373","PR2 F Order2 - PR6 F Order2",19,5.35483603911903,19,3.54819454063543,1
"1374","PR2 F Order2 - NR0 M Order2",26.6666666666667,6.14474529470849,19,4.33975134650911,0.524460522371943
"1375","PR2 F Order2 - NR1 M Order2",24.3333333333333,7.20047106971002,19,3.37940852726921,1
"1376","PR2 F Order2 - NR2 M Order2",28.1666666666667,6.76195065112037,19,4.16546468909823,0.774532481566102
"1377","PR2 F Order2 - NR3 M Order2",27.1666666666667,7.01735526062356,19,3.87135404403804,1
"1378","PR2 F Order2 - NR4 M Order2",27,6.46101670343803,19,4.17890886826415,0.752658809290492
"1379","PR2 F Order2 - NR5 M Order2",31.3333333333333,6.81662484437906,19,4.59660521866193,0.29545688573122
"1380","PR2 F Order2 - NR6 M Order2",29.5,6.30074719415708,19,4.68198438867003,0.244078282687127
"1381","PR2 F Order2 - PR0 M Order2",19.3333333333333,6.55989052825503,19,2.94720365378965,1
"1382","PR2 F Order2 - PR1 M Order2",5.99999999999999,8.23123419508089,19,0.728930784594329,1
"1383","PR2 F Order2 - PR2 M Order2",2.83333333333334,7.39709125699606,19,0.383033443132612,1
"1384","PR2 F Order2 - PR3 M Order2",2.16666666666665,7.34697694126221,19,0.294905875435403,1
"1385","PR2 F Order2 - PR4 M Order2",4.99999999999999,7.44207651962654,19,0.671855494473053,1
"1386","PR2 F Order2 - PR5 M Order2",12.8333333333333,7.12061910049042,19,1.80227774470473,1
"1387","PR2 F Order2 - PR6 M Order2",18,7.2931514778957,19,2.46806885261535,1
"1388","PR3 F Order2 - PR4 F Order2",6,4.28754486106822,19,1.39940226736313,1
"1389","PR3 F Order2 - PR5 F Order2",11.6666666666667,4.04145188432738,19,2.88675134594813,1
"1390","PR3 F Order2 - PR6 F Order2",14.8333333333333,4.21328308875216,19,3.52061160403217,1
"1391","PR3 F Order2 - NR0 M Order2",22.5,6.08432460080437,19,3.69802755050666,1
"1392","PR3 F Order2 - NR1 M Order2",20.1666666666667,7.14897857996806,19,2.82091580511586,1
"1393","PR3 F Order2 - NR2 M Order2",24,6.70709234462284,19,3.57830170912155,1
"1394","PR3 F Order2 - NR3 M Order2",23,6.96450902540246,19,3.3024582086274,1
"1395","PR3 F Order2 - NR4 M Order2",22.8333333333333,6.4035808695773,19,3.56571327798981,1
"1396","PR3 F Order2 - NR5 M Order2",27.1666666666667,6.76221009582792,19,4.01742422694434,1
"1397","PR3 F Order2 - NR6 M Order2",25.3333333333333,6.24183677420273,19,4.05863438115444,0.981774666293666
"1398","PR3 F Order2 - PR0 M Order2",15.1666666666667,6.50332798294852,19,2.33213928413777,1
"1399","PR3 F Order2 - PR1 M Order2",1.83333333333333,8.18622791555306,19,0.223953370495607,1
"1400","PR3 F Order2 - PR2 M Order2",-1.33333333333332,7.34697694126221,19,-0.181480538729478,1
"1401","PR3 F Order2 - PR3 M Order2",-2,7.29651843597683,19,-0.274103329903017,1
"1402","PR3 F Order2 - PR4 M Order2",0.833333333333329,7.39226717828081,19,0.112730413178482,1
"1403","PR3 F Order2 - PR5 M Order2",8.66666666666668,7.06854493409925,19,1.2260892089485,1
"1404","PR3 F Order2 - PR6 M Order2",13.8333333333333,7.24231797083249,19,1.91006986838265,1
"1405","PR4 F Order2 - PR5 F Order2",5.66666666666668,2.66831089660401,19,2.12369056165034,1
"1406","PR4 F Order2 - PR6 F Order2",8.83333333333333,3.56645351060053,19,2.47678353498177,1
"1407","PR4 F Order2 - NR0 M Order2",16.5,6.19882558203497,19,2.66179452569519,1
"1408","PR4 F Order2 - NR1 M Order2",14.1666666666667,7.24667699607069,19,1.95491901658486,1
"1409","PR4 F Order2 - NR2 M Order2",18,6.8111320988391,19,2.64273247659783,1
"1410","PR4 F Order2 - NR3 M Order2",17,7.06475892819071,19,2.40630999200333,1
"1411","PR4 F Order2 - NR4 M Order2",16.8333333333333,6.51247116705743,19,2.5847843163564,1
"1412","PR4 F Order2 - NR5 M Order2",21.1666666666667,6.86541463632423,19,3.08308642491539,1
"1413","PR4 F Order2 - NR6 M Order2",19.3333333333333,6.35349974929782,19,3.04294233040145,1
"1414","PR4 F Order2 - PR0 M Order2",9.16666666666667,6.61057543655159,19,1.3866669784875,1
"1415","PR4 F Order2 - PR1 M Order2",-4.16666666666667,8.27168424408948,19,-0.503726513695679,1
"1416","PR4 F Order2 - PR2 M Order2",-7.33333333333332,7.44207651962654,19,-0.985388058560479,1
"1417","PR4 F Order2 - PR3 M Order2",-8.00000000000001,7.39226717828081,19,-1.08221196651344,1
"1418","PR4 F Order2 - PR4 M Order2",-5.16666666666667,7.4867914879223,19,-0.690104255608233,1
"1419","PR4 F Order2 - PR5 M Order2",2.66666666666667,7.1673398296661,19,0.372058075944601,1
"1420","PR4 F Order2 - PR6 M Order2",7.83333333333333,7.33877389890037,19,1.06738992660709,1
"1421","PR5 F Order2 - PR6 F Order2",3.16666666666665,3.17386071100568,19,0.99773334591714,1
"1422","PR5 F Order2 - NR0 M Order2",10.8333333333333,5.80897168583077,19,1.86493133711737,1
"1423","PR5 F Order2 - NR1 M Order2",8.49999999999999,6.91614350166858,19,1.22900862278946,1
"1424","PR5 F Order2 - NR2 M Order2",12.3333333333333,6.4583460667673,19,1.90967365418786,1
"1425","PR5 F Order2 - NR3 M Order2",11.3333333333333,6.72529048917165,19,1.68518123515721,1
"1426","PR5 F Order2 - NR4 M Order2",11.1666666666666,6.14255599502738,19,1.81791857912349,1
"1427","PR5 F Order2 - NR5 M Order2",15.5,6.51556840029689,19,2.37891754759166,1
"1428","PR5 F Order2 - NR6 M Order2",13.6666666666667,5.97374861495024,19,2.28778737566286,1
"1429","PR5 F Order2 - PR0 M Order2",3.49999999999999,6.24647268885662,19,0.560316225546589,1
"1430","PR5 F Order2 - PR1 M Order2",-9.83333333333335,7.98370050065823,19,-1.23167612969983,1
"1431","PR5 F Order2 - PR2 M Order2",-13,7.12061910049042,19,-1.82568394918142,1
"1432","PR5 F Order2 - PR3 M Order2",-13.6666666666667,7.06854493409925,19,-1.93344836795725,1
"1433","PR5 F Order2 - PR4 M Order2",-10.8333333333333,7.1673398296661,19,-1.51148593352494,1
"1434","PR5 F Order2 - PR5 M Order2",-3,6.83296960948975,19,-0.439047759825179,1
"1435","PR5 F Order2 - PR6 M Order2",2.16666666666665,7.01258267612395,19,0.308968430995273,1
"1436","PR6 F Order2 - NR0 M Order2",7.66666666666667,6.01921873269669,19,1.27369796764835,1
"1437","PR6 F Order2 - NR1 M Order2",5.33333333333334,7.0936508964662,19,0.751846039673339,1
"1438","PR6 F Order2 - NR2 M Order2",9.16666666666667,6.64808814798599,19,1.37884252774892,1
"1439","PR6 F Order2 - NR3 M Order2",8.16666666666667,6.90770397954384,19,1.18225486946908,1
"1440","PR6 F Order2 - NR4 M Order2",7.99999999999999,6.34175340558981,19,1.26148077485141,1
"1441","PR6 F Order2 - NR5 M Order2",12.3333333333333,6.70369104928103,19,1.83978247843866,1
"1442","PR6 F Order2 - NR6 M Order2",10.5,6.17839094100422,19,1.69947161004566,1
"1443","PR6 F Order2 - PR0 M Order2",0.333333333333338,6.44245785068826,19,0.0517400875657615,1
"1444","PR6 F Order2 - PR1 M Order2",-13,8.13795525850774,19,-1.59745287201097,1
"1445","PR6 F Order2 - PR2 M Order2",-16.1666666666667,7.2931514778957,19,-2.2166914694786,1
"1446","PR6 F Order2 - PR3 M Order2",-16.8333333333333,7.24231797083249,19,-2.3243018880319,1
"1447","PR6 F Order2 - PR4 M Order2",-14,7.33877389890037,19,-1.90767561351055,1
"1448","PR6 F Order2 - PR5 M Order2",-6.16666666666666,7.01258267612395,19,-0.879371688217321,1
"1449","PR6 F Order2 - PR6 M Order2",-1,7.18770880703558,19,-0.139126392964218,1
"1450","NR0 M Order2 - NR1 M Order2",-2.33333333333333,3.49669852643823,19,-0.667296112516193,1
"1451","NR0 M Order2 - NR2 M Order2",1.49999999999999,2.88604223220692,19,0.519742914105926,1
"1452","NR0 M Order2 - NR3 M Order2",0.499999999999996,3.44929859807954,19,0.144957006702285,1
"1453","NR0 M Order2 - NR4 M Order2",0.33333333333332,3.52704670787504,19,0.0945077740504733,1
"1454","NR0 M Order2 - NR5 M Order2",4.66666666666666,4.249836598166,19,1.09808143416162,1
"1455","NR0 M Order2 - NR6 M Order2",2.83333333333332,3.68472427495683,19,0.768940393339612,1
"1456","NR0 M Order2 - PR0 M Order2",-7.33333333333334,3.87728427295876,19,-1.8913581819311,1
"1457","NR0 M Order2 - PR1 M Order2",-20.6666666666667,6.03295045794926,19,-3.42563175526088,1
"1458","NR0 M Order2 - PR2 M Order2",-23.8333333333333,5.21788422538041,19,-4.5676240222819,0.314866500828501
"1459","NR0 M Order2 - PR3 M Order2",-24.5,4.36496551837563,19,-5.61287366345964,0.0314329148896569
"1460","NR0 M Order2 - PR4 M Order2",-21.6666666666667,4.64345732255964,19,-4.66606348709225,0.252846426187514
"1461","NR0 M Order2 - PR5 M Order2",-13.8333333333333,4.49499396665156,19,-3.07749764203536,1
"1462","NR0 M Order2 - PR6 M Order2",-8.66666666666668,4.26168843348426,19,-2.03362277696612,1
"1463","NR1 M Order2 - NR2 M Order2",3.83333333333333,2.24975632208733,19,1.70388823700548,1
"1464","NR1 M Order2 - NR3 M Order2",2.83333333333333,2.63611889091094,19,1.07481242333279,1
"1465","NR1 M Order2 - NR4 M Order2",2.66666666666666,2.93402105175879,19,0.908877823173127,1
"1466","NR1 M Order2 - NR5 M Order2",7,3.60915826638468,19,1.93951040196748,1
"1467","NR1 M Order2 - NR6 M Order2",5.16666666666666,3.7768918809918,19,1.36796785014399,1
"1468","NR1 M Order2 - PR0 M Order2",-5,4.38211409899471,19,-1.14100178294012,1
"1469","NR1 M Order2 - PR1 M Order2",-18.3333333333333,6.0789157235702,19,-3.01588871552343,1
"1470","NR1 M Order2 - PR2 M Order2",-21.5,5.78326887066557,19,-3.71762068837129,1
"1471","NR1 M Order2 - PR3 M Order2",-22.1666666666667,4.59751394809456,19,-4.82144631140351,0.178502569995559
"1472","NR1 M Order2 - PR4 M Order2",-19.3333333333333,5.14778667024375,19,-3.7556593875748,1
"1473","NR1 M Order2 - PR5 M Order2",-11.5,4.65188762541962,19,-2.47211474695988,1
"1474","NR1 M Order2 - PR6 M Order2",-6.33333333333334,3.28446636430419,19,-1.92826859247653,1
"1475","NR2 M Order2 - NR3 M Order2",-0.999999999999996,2.38452613998687,19,-0.419370533721849,1
"1476","NR2 M Order2 - NR4 M Order2",-1.16666666666667,2.81084990580829,19,-0.41505832960198,1
"1477","NR2 M Order2 - NR5 M Order2",3.16666666666667,3.18801667065868,19,0.993303045059799,1
"1478","NR2 M Order2 - NR6 M Order2",1.33333333333333,3.3780336160422,19,0.394706946372992,1
"1479","NR2 M Order2 - PR0 M Order2",-8.83333333333333,3.84091546105188,19,-2.29979894712763,1
"1480","NR2 M Order2 - PR1 M Order2",-22.1666666666667,5.34018200622873,19,-4.15091969539834,0.799589667446797
"1481","NR2 M Order2 - PR2 M Order2",-25.3333333333333,4.73125726648186,19,-5.35446117310189,0.0550531664016546
"1482","NR2 M Order2 - PR3 M Order2",-26,4.16856097290124,19,-6.23716437615269,0.00833917448485282
"1483","NR2 M Order2 - PR4 M Order2",-23.1666666666667,5.21970512935615,19,-4.43830946242058,0.42026072352009
"1484","NR2 M Order2 - PR5 M Order2",-15.3333333333333,4.65377291444064,19,-3.29481769206101,1
"1485","NR2 M Order2 - PR6 M Order2",-10.1666666666667,3.42479777009999,19,-2.96854510810133,1
"1486","NR3 M Order2 - NR4 M Order2",-0.166666666666676,1.65035881266054,19,-0.10098813990516,1
"1487","NR3 M Order2 - NR5 M Order2",4.16666666666667,2.5089896850657,19,1.66069501659093,1
"1488","NR3 M Order2 - NR6 M Order2",2.33333333333333,2.8461526303629,19,0.81982017002223,1
"1489","NR3 M Order2 - PR0 M Order2",-7.83333333333333,3.79496434580945,19,-2.06413884809833,1
"1490","NR3 M Order2 - PR1 M Order2",-21.1666666666667,5.51250571865877,19,-3.83975414211755,1
"1491","NR3 M Order2 - PR2 M Order2",-24.3333333333333,4.88325699000261,19,-4.98301305525194,0.124934732253243
"1492","NR3 M Order2 - PR3 M Order2",-25,3.05126759202281,19,-8.19331613699161,0.000180590310280943
"1493","NR3 M Order2 - PR4 M Order2",-22.1666666666667,4.37232792251317,19,-5.06976307804597,0.103023142841773
"1494","NR3 M Order2 - PR5 M Order2",-14.3333333333333,3.83584966989824,19,-3.73667754651958,1
"1495","NR3 M Order2 - PR6 M Order2",-9.16666666666667,2.23436739611433,19,-4.10257806420196,0.891066414299159
"1496","NR4 M Order2 - NR5 M Order2",4.33333333333334,2.50227966238227,19,1.73175420736459,1
"1497","NR4 M Order2 - NR6 M Order2",2.5,2.47909387332318,19,1.00843297097451,1
"1498","NR4 M Order2 - PR0 M Order2",-7.66666666666666,3.81398626479831,19,-2.01014532680077,1
"1499","NR4 M Order2 - PR1 M Order2",-21,5.82445439555054,19,-3.60548792622404,1
"1500","NR4 M Order2 - PR2 M Order2",-24.1666666666666,4.85668888241617,19,-4.97595527565354,0.126836961748727
"1501","NR4 M Order2 - PR3 M Order2",-24.8333333333333,3.26983376725746,19,-7.59467762000698,0.00055306478786399
"1502","NR4 M Order2 - PR4 M Order2",-22,4.55909860794424,19,-4.82551528095158,0.176995001688972
"1503","NR4 M Order2 - PR5 M Order2",-14.1666666666667,3.97823023334167,19,-3.56104745973106,1
"1504","NR4 M Order2 - PR6 M Order2",-9,2.67700845516144,19,-3.36196173853968,1
"1505","NR5 M Order2 - NR6 M Order2",-1.83333333333334,2.23874703887991,19,-0.818910444768513,1
"1506","NR5 M Order2 - PR0 M Order2",-12,3.92715095455765,19,-3.05565030192522,1
"1507","NR5 M Order2 - PR1 M Order2",-25.3333333333333,5.52371283728363,19,-4.5862871730659,0.302238173352345
"1508","NR5 M Order2 - PR2 M Order2",-28.5,5.18011831245138,19,-5.50180483937884,0.0399208520830575
"1509","NR5 M Order2 - PR3 M Order2",-29.1666666666667,4.03080245373705,19,-7.23594544794066,0.0011042672785334
"1510","NR5 M Order2 - PR4 M Order2",-26.3333333333333,4.79570958350865,19,-5.49101918595898,0.0408449550172243
"1511","NR5 M Order2 - PR5 M Order2",-18.5,4.36647247458919,19,-4.2368296394083,0.661289775620932
"1512","NR5 M Order2 - PR6 M Order2",-13.3333333333333,3.04474429735196,19,-4.3791307351916,0.479823472444209
"1513","NR6 M Order2 - PR0 M Order2",-10.1666666666667,3.30629383863086,19,-3.07494347534358,1
"1514","NR6 M Order2 - PR1 M Order2",-23.5,4.7893033836441,19,-4.9067678778201,0.147882984384056
"1515","NR6 M Order2 - PR2 M Order2",-26.6666666666666,4.80892201996997,19,-5.54524830220332,0.0363618252480608
"1516","NR6 M Order2 - PR3 M Order2",-27.3333333333333,3.60591619133714,19,-7.58013550037545,0.000568285153846789
"1517","NR6 M Order2 - PR4 M Order2",-24.5,4.09638979550593,19,-5.98087614290965,0.0142983860529058
"1518","NR6 M Order2 - PR5 M Order2",-16.6666666666667,3.69957323285581,19,-4.50502412512083,0.361911042610975
"1519","NR6 M Order2 - PR6 M Order2",-11.5,3.24379750018743,19,-3.54522746852586,1
"1520","PR0 M Order2 - PR1 M Order2",-13.3333333333333,3.64803880660595,19,-3.65493187988819,1
"1521","PR0 M Order2 - PR2 M Order2",-16.5,3.6114664692448,19,-4.56878116978622,0.314251994361595
"1522","PR0 M Order2 - PR3 M Order2",-17.1666666666667,4.11710879080474,19,-4.16959267751369,0.767790485791499
"1523","PR0 M Order2 - PR4 M Order2",-14.3333333333333,4.25162507630596,19,-3.37125994792252,1
"1524","PR0 M Order2 - PR5 M Order2",-6.49999999999999,4.55091405252289,19,-1.4282844995494,1
"1525","PR0 M Order2 - PR6 M Order2",-1.33333333333334,4.29401868780611,19,-0.310509438889882,1
"1526","PR1 M Order2 - PR2 M Order2",-3.16666666666665,4.13394166434537,19,-0.766016292387162,1
"1527","PR1 M Order2 - PR3 M Order2",-3.83333333333334,6.03859419757951,19,-0.634805586848322,1
"1528","PR1 M Order2 - PR4 M Order2",-1,6.14086589318873,19,-0.162843484517253,1
"1529","PR1 M Order2 - PR5 M Order2",6.83333333333334,6.05020419161485,19,1.12943846470568,1
"1530","PR1 M Order2 - PR6 M Order2",12,5.86878948834251,19,2.04471467648247,1
"1531","PR2 M Order2 - PR3 M Order2",-0.666666666666685,5.063023852039,19,-0.131673617614541,1
"1532","PR2 M Order2 - PR4 M Order2",2.16666666666665,5.42516876607087,19,0.399373136595682,1
"1533","PR2 M Order2 - PR5 M Order2",9.99999999999999,5.14778667024374,19,1.94258244184903,1
"1534","PR2 M Order2 - PR6 M Order2",15.1666666666666,5.35483603911903,19,2.83233072980547,1
"1535","PR3 M Order2 - PR4 M Order2",2.83333333333333,4.28754486106822,19,0.660828848477033,1
"1536","PR3 M Order2 - PR5 M Order2",10.6666666666667,4.04145188432738,19,2.63931551629543,1
"1537","PR3 M Order2 - PR6 M Order2",15.8333333333333,4.21328308875216,19,3.75795620655119,1
"1538","PR4 M Order2 - PR5 M Order2",7.83333333333335,2.668310896604,19,2.93568989404606,1
"1539","PR4 M Order2 - PR6 M Order2",13,3.56645351060053,19,3.64507765525619,1
"1540","PR5 M Order2 - PR6 M Order2",5.16666666666665,3.17386071100568,19,1.62788072228586,1
