"sex","order","diet","term","group1","group2","null.value","estimate","conf.low","conf.high","p.adj","p.adj.signif"
"F","1","NR","hour","0","1",0,-1.17142857142857,-3.26306757114416,0.920210428287014,0.905,"ns"
"F","1","NR","hour","0","2",0,-0.228571428571428,-2.32021042828701,1.86306757114416,1,"ns"
"F","1","NR","hour","0","3",0,-0.514285714285714,-2.6059247140013,1.57735328542987,1,"ns"
"F","1","NR","hour","0","4",0,-0.542857142857142,-2.63449614257273,1.54878185685844,1,"ns"
"F","1","NR","hour","0","5",0,-0.885714285714286,-2.97735328542987,1.2059247140013,0.996,"ns"
"F","1","NR","hour","0","6",0,-0.857142857142858,-2.94878185685844,1.23449614257273,0.997,"ns"
"F","1","NR","hour","0","7",0,-1.25714285714286,-3.34878185685844,0.834496142572728,0.833,"ns"
"F","1","NR","hour","0","8",0,-0.942857142857142,-3.03449614257273,1.14878185685844,0.99,"ns"
"F","1","NR","hour","0","9",0,-0.885714285714286,-2.97735328542987,1.2059247140013,0.996,"ns"
"F","1","NR","hour","0","10",0,-0.8,-2.89163899971558,1.29163899971558,0.999,"ns"
"F","1","NR","hour","0","11",0,-0.6,-2.69163899971558,1.49163899971559,1,"ns"
"F","1","NR","hour","0","12",0,-0.171428571428571,-2.26306757114416,1.92021042828701,1,"ns"
"F","1","NR","hour","0","13",0,0.828571428571429,-1.26306757114416,2.92021042828701,0.998,"ns"
"F","1","NR","hour","0","14",0,0.914285714285713,-1.17735328542987,3.0059247140013,0.993,"ns"
"F","1","NR","hour","0","15",0,1.05714285714286,-1.03449614257273,3.14878185685844,0.964,"ns"
"F","1","NR","hour","0","16",0,0.685714285714286,-1.4059247140013,2.77735328542987,1,"ns"
"F","1","NR","hour","0","17",0,0.542857142857143,-1.54878185685844,2.63449614257273,1,"ns"
"F","1","NR","hour","0","18",0,-0.314285714285714,-2.4059247140013,1.77735328542987,1,"ns"
"F","1","NR","hour","0","19",0,-0.228571428571428,-2.32021042828701,1.86306757114416,1,"ns"
"F","1","NR","hour","0","20",0,-0.314285714285714,-2.4059247140013,1.77735328542987,1,"ns"
"F","1","NR","hour","0","21",0,-0.571428571428571,-2.66306757114416,1.52021042828701,1,"ns"
"F","1","NR","hour","0","22",0,0.0285714285714287,-2.06306757114416,2.12021042828701,1,"ns"
"F","1","NR","hour","0","23",0,0.0285714285714287,-2.06306757114416,2.12021042828701,1,"ns"
"F","1","NR","hour","1","2",0,0.942857142857142,-1.14878185685844,3.03449614257273,0.99,"ns"
"F","1","NR","hour","1","3",0,0.657142857142856,-1.43449614257273,2.74878185685844,1,"ns"
"F","1","NR","hour","1","4",0,0.628571428571428,-1.46306757114416,2.72021042828701,1,"ns"
"F","1","NR","hour","1","5",0,0.285714285714284,-1.8059247140013,2.37735328542987,1,"ns"
"F","1","NR","hour","1","6",0,0.314285714285713,-1.77735328542987,2.4059247140013,1,"ns"
"F","1","NR","hour","1","7",0,-0.0857142857142857,-2.17735328542987,2.0059247140013,1,"ns"
"F","1","NR","hour","1","8",0,0.228571428571428,-1.86306757114416,2.32021042828701,1,"ns"
"F","1","NR","hour","1","9",0,0.285714285714285,-1.8059247140013,2.37735328542987,1,"ns"
"F","1","NR","hour","1","10",0,0.371428571428571,-1.72021042828701,2.46306757114416,1,"ns"
"F","1","NR","hour","1","11",0,0.571428571428571,-1.52021042828701,2.66306757114416,1,"ns"
"F","1","NR","hour","1","12",0,0.999999999999999,-1.09163899971559,3.09163899971558,0.98,"ns"
"F","1","NR","hour","1","13",0,2,-0.0916389997155851,4.09163899971558,0.0798,"ns"
"F","1","NR","hour","1","14",0,2.08571428571428,-0.00592471400130101,4.17735328542987,0.0516,"ns"
"F","1","NR","hour","1","15",0,2.22857142857143,0.136932428855842,4.32021042828701,0.0235,"*"
"F","1","NR","hour","1","16",0,1.85714285714286,-0.234496142572728,3.94878185685844,0.155,"ns"
"F","1","NR","hour","1","17",0,1.71428571428571,-0.377353285429871,3.8059247140013,0.275,"ns"
"F","1","NR","hour","1","18",0,0.857142857142857,-1.23449614257273,2.94878185685844,0.997,"ns"
"F","1","NR","hour","1","19",0,0.942857142857143,-1.14878185685844,3.03449614257273,0.99,"ns"
"F","1","NR","hour","1","20",0,0.857142857142857,-1.23449614257273,2.94878185685844,0.997,"ns"
"F","1","NR","hour","1","21",0,0.6,-1.49163899971559,2.69163899971558,1,"ns"
"F","1","NR","hour","1","22",0,1.2,-0.891638999715585,3.29163899971558,0.884,"ns"
"F","1","NR","hour","1","23",0,1.2,-0.891638999715585,3.29163899971558,0.884,"ns"
"F","1","NR","hour","2","3",0,-0.285714285714286,-2.37735328542987,1.8059247140013,1,"ns"
"F","1","NR","hour","2","4",0,-0.314285714285714,-2.4059247140013,1.77735328542987,1,"ns"
"F","1","NR","hour","2","5",0,-0.657142857142858,-2.74878185685844,1.43449614257273,1,"ns"
"F","1","NR","hour","2","6",0,-0.628571428571429,-2.72021042828701,1.46306757114416,1,"ns"
"F","1","NR","hour","2","7",0,-1.02857142857143,-3.12021042828701,1.06306757114416,0.973,"ns"
"F","1","NR","hour","2","8",0,-0.714285714285714,-2.8059247140013,1.37735328542987,1,"ns"
"F","1","NR","hour","2","9",0,-0.657142857142857,-2.74878185685844,1.43449614257273,1,"ns"
"F","1","NR","hour","2","10",0,-0.571428571428572,-2.66306757114416,1.52021042828701,1,"ns"
"F","1","NR","hour","2","11",0,-0.371428571428571,-2.46306757114416,1.72021042828701,1,"ns"
"F","1","NR","hour","2","12",0,0.0571428571428572,-2.03449614257273,2.14878185685844,1,"ns"
"F","1","NR","hour","2","13",0,1.05714285714286,-1.03449614257273,3.14878185685844,0.964,"ns"
"F","1","NR","hour","2","14",0,1.14285714285714,-0.948781856858443,3.23449614257273,0.924,"ns"
"F","1","NR","hour","2","15",0,1.28571428571428,-0.8059247140013,3.37735328542987,0.804,"ns"
"F","1","NR","hour","2","16",0,0.914285714285714,-1.17735328542987,3.0059247140013,0.993,"ns"
"F","1","NR","hour","2","17",0,0.771428571428572,-1.32021042828701,2.86306757114416,0.999,"ns"
"F","1","NR","hour","2","18",0,-0.0857142857142856,-2.17735328542987,2.0059247140013,1,"ns"
"F","1","NR","hour","2","19",0,4.44089209850063e-16,-2.09163899971558,2.09163899971559,1,"ns"
"F","1","NR","hour","2","20",0,-0.0857142857142852,-2.17735328542987,2.0059247140013,1,"ns"
"F","1","NR","hour","2","21",0,-0.342857142857143,-2.43449614257273,1.74878185685844,1,"ns"
"F","1","NR","hour","2","22",0,0.257142857142857,-1.83449614257273,2.34878185685844,1,"ns"
"F","1","NR","hour","2","23",0,0.257142857142857,-1.83449614257273,2.34878185685844,1,"ns"
"F","1","NR","hour","3","4",0,-0.028571428571428,-2.12021042828701,2.06306757114416,1,"ns"
"F","1","NR","hour","3","5",0,-0.371428571428572,-2.46306757114416,1.72021042828701,1,"ns"
"F","1","NR","hour","3","6",0,-0.342857142857143,-2.43449614257273,1.74878185685844,1,"ns"
"F","1","NR","hour","3","7",0,-0.742857142857142,-2.83449614257273,1.34878185685844,1,"ns"
"F","1","NR","hour","3","8",0,-0.428571428571428,-2.52021042828701,1.66306757114416,1,"ns"
"F","1","NR","hour","3","9",0,-0.371428571428571,-2.46306757114416,1.72021042828701,1,"ns"
"F","1","NR","hour","3","10",0,-0.285714285714286,-2.37735328542987,1.8059247140013,1,"ns"
"F","1","NR","hour","3","11",0,-0.0857142857142853,-2.17735328542987,2.0059247140013,1,"ns"
"F","1","NR","hour","3","12",0,0.342857142857143,-1.74878185685844,2.43449614257273,1,"ns"
"F","1","NR","hour","3","13",0,1.34285714285714,-0.748781856858441,3.43449614257273,0.74,"ns"
"F","1","NR","hour","3","14",0,1.42857142857143,-0.663067571144157,3.52021042828701,0.63,"ns"
"F","1","NR","hour","3","15",0,1.57142857142857,-0.520210428287014,3.66306757114415,0.44,"ns"
"F","1","NR","hour","3","16",0,1.2,-0.891638999715585,3.29163899971558,0.884,"ns"
"F","1","NR","hour","3","17",0,1.05714285714286,-1.03449614257273,3.14878185685844,0.964,"ns"
"F","1","NR","hour","3","18",0,0.2,-1.89163899971558,2.29163899971558,1,"ns"
"F","1","NR","hour","3","19",0,0.285714285714286,-1.8059247140013,2.37735328542987,1,"ns"
"F","1","NR","hour","3","20",0,0.200000000000001,-1.89163899971558,2.29163899971559,1,"ns"
"F","1","NR","hour","3","21",0,-0.0571428571428567,-2.14878185685844,2.03449614257273,1,"ns"
"F","1","NR","hour","3","22",0,0.542857142857143,-1.54878185685844,2.63449614257273,1,"ns"
"F","1","NR","hour","3","23",0,0.542857142857143,-1.54878185685844,2.63449614257273,1,"ns"
"F","1","NR","hour","4","5",0,-0.342857142857144,-2.43449614257273,1.74878185685844,1,"ns"
"F","1","NR","hour","4","6",0,-0.314285714285715,-2.4059247140013,1.77735328542987,1,"ns"
"F","1","NR","hour","4","7",0,-0.714285714285714,-2.8059247140013,1.37735328542987,1,"ns"
"F","1","NR","hour","4","8",0,-0.4,-2.49163899971559,1.69163899971558,1,"ns"
"F","1","NR","hour","4","9",0,-0.342857142857143,-2.43449614257273,1.74878185685844,1,"ns"
"F","1","NR","hour","4","10",0,-0.257142857142858,-2.34878185685844,1.83449614257273,1,"ns"
"F","1","NR","hour","4","11",0,-0.0571428571428573,-2.14878185685844,2.03449614257273,1,"ns"
"F","1","NR","hour","4","12",0,0.371428571428571,-1.72021042828701,2.46306757114416,1,"ns"
"F","1","NR","hour","4","13",0,1.37142857142857,-0.720210428287013,3.46306757114416,0.705,"ns"
"F","1","NR","hour","4","14",0,1.45714285714286,-0.634496142572729,3.54878185685844,0.592,"ns"
"F","1","NR","hour","4","15",0,1.6,-0.491638999715586,3.69163899971558,0.404,"ns"
"F","1","NR","hour","4","16",0,1.22857142857143,-0.863067571144157,3.32021042828701,0.86,"ns"
"F","1","NR","hour","4","17",0,1.08571428571429,-1.0059247140013,3.17735328542987,0.953,"ns"
"F","1","NR","hour","4","18",0,0.228571428571428,-1.86306757114416,2.32021042828701,1,"ns"
"F","1","NR","hour","4","19",0,0.314285714285714,-1.77735328542987,2.4059247140013,1,"ns"
"F","1","NR","hour","4","20",0,0.228571428571429,-1.86306757114416,2.32021042828701,1,"ns"
"F","1","NR","hour","4","21",0,-0.0285714285714287,-2.12021042828701,2.06306757114416,1,"ns"
"F","1","NR","hour","4","22",0,0.571428571428571,-1.52021042828701,2.66306757114416,1,"ns"
"F","1","NR","hour","4","23",0,0.571428571428571,-1.52021042828701,2.66306757114416,1,"ns"
"F","1","NR","hour","5","6",0,0.0285714285714289,-2.06306757114416,2.12021042828701,1,"ns"
"F","1","NR","hour","5","7",0,-0.37142857142857,-2.46306757114415,1.72021042828701,1,"ns"
"F","1","NR","hour","5","8",0,-0.0571428571428559,-2.14878185685844,2.03449614257273,1,"ns"
"F","1","NR","hour","5","9",0,8.88178419700125e-16,-2.09163899971558,2.09163899971559,1,"ns"
"F","1","NR","hour","5","10",0,0.0857142857142865,-2.0059247140013,2.17735328542987,1,"ns"
"F","1","NR","hour","5","11",0,0.285714285714287,-1.8059247140013,2.37735328542987,1,"ns"
"F","1","NR","hour","5","12",0,0.714285714285715,-1.37735328542987,2.8059247140013,1,"ns"
"F","1","NR","hour","5","13",0,1.71428571428572,-0.377353285429869,3.8059247140013,0.275,"ns"
"F","1","NR","hour","5","14",0,1.8,-0.291638999715585,3.89163899971558,0.197,"ns"
"F","1","NR","hour","5","15",0,1.94285714285714,-0.148781856858442,4.03449614257273,0.105,"ns"
"F","1","NR","hour","5","16",0,1.57142857142857,-0.520210428287013,3.66306757114416,0.44,"ns"
"F","1","NR","hour","5","17",0,1.42857142857143,-0.663067571144155,3.52021042828701,0.63,"ns"
"F","1","NR","hour","5","18",0,0.571428571428572,-1.52021042828701,2.66306757114416,1,"ns"
"F","1","NR","hour","5","19",0,0.657142857142858,-1.43449614257273,2.74878185685844,1,"ns"
"F","1","NR","hour","5","20",0,0.571428571428573,-1.52021042828701,2.66306757114416,1,"ns"
"F","1","NR","hour","5","21",0,0.314285714285716,-1.77735328542987,2.4059247140013,1,"ns"
"F","1","NR","hour","5","22",0,0.914285714285715,-1.17735328542987,3.0059247140013,0.993,"ns"
"F","1","NR","hour","5","23",0,0.914285714285715,-1.17735328542987,3.0059247140013,0.993,"ns"
"F","1","NR","hour","6","7",0,-0.399999999999999,-2.49163899971558,1.69163899971559,1,"ns"
"F","1","NR","hour","6","8",0,-0.0857142857142849,-2.17735328542987,2.0059247140013,1,"ns"
"F","1","NR","hour","6","9",0,-0.028571428571428,-2.12021042828701,2.06306757114416,1,"ns"
"F","1","NR","hour","6","10",0,0.0571428571428576,-2.03449614257273,2.14878185685844,1,"ns"
"F","1","NR","hour","6","11",0,0.257142857142858,-1.83449614257273,2.34878185685844,1,"ns"
"F","1","NR","hour","6","12",0,0.685714285714286,-1.4059247140013,2.77735328542987,1,"ns"
"F","1","NR","hour","6","13",0,1.68571428571429,-0.405924714001298,3.77735328542987,0.305,"ns"
"F","1","NR","hour","6","14",0,1.77142857142857,-0.320210428287014,3.86306757114416,0.221,"ns"
"F","1","NR","hour","6","15",0,1.91428571428571,-0.177353285429871,4.0059247140013,0.12,"ns"
"F","1","NR","hour","6","16",0,1.54285714285714,-0.548781856858441,3.63449614257273,0.477,"ns"
"F","1","NR","hour","6","17",0,1.4,-0.691638999715584,3.49163899971559,0.668,"ns"
"F","1","NR","hour","6","18",0,0.542857142857143,-1.54878185685844,2.63449614257273,1,"ns"
"F","1","NR","hour","6","19",0,0.62857142857143,-1.46306757114416,2.72021042828701,1,"ns"
"F","1","NR","hour","6","20",0,0.542857142857144,-1.54878185685844,2.63449614257273,1,"ns"
"F","1","NR","hour","6","21",0,0.285714285714287,-1.8059247140013,2.37735328542987,1,"ns"
"F","1","NR","hour","6","22",0,0.885714285714286,-1.2059247140013,2.97735328542987,0.996,"ns"
"F","1","NR","hour","6","23",0,0.885714285714286,-1.2059247140013,2.97735328542987,0.996,"ns"
"F","1","NR","hour","7","8",0,0.314285714285714,-1.77735328542987,2.4059247140013,1,"ns"
"F","1","NR","hour","7","9",0,0.371428571428571,-1.72021042828701,2.46306757114416,1,"ns"
"F","1","NR","hour","7","10",0,0.457142857142856,-1.63449614257273,2.54878185685844,1,"ns"
"F","1","NR","hour","7","11",0,0.657142857142857,-1.43449614257273,2.74878185685844,1,"ns"
"F","1","NR","hour","7","12",0,1.08571428571428,-1.0059247140013,3.17735328542987,0.953,"ns"
"F","1","NR","hour","7","13",0,2.08571428571429,-0.00592471400129924,4.17735328542987,0.0516,"ns"
"F","1","NR","hour","7","14",0,2.17142857142857,0.0797895717129848,4.26306757114415,0.0325,"*"
"F","1","NR","hour","7","15",0,2.31428571428571,0.222646714570128,4.4059247140013,0.0142,"*"
"F","1","NR","hour","7","16",0,1.94285714285714,-0.148781856858442,4.03449614257273,0.105,"ns"
"F","1","NR","hour","7","17",0,1.8,-0.291638999715585,3.89163899971558,0.197,"ns"
"F","1","NR","hour","7","18",0,0.942857142857142,-1.14878185685844,3.03449614257273,0.99,"ns"
"F","1","NR","hour","7","19",0,1.02857142857143,-1.06306757114416,3.12021042828701,0.973,"ns"
"F","1","NR","hour","7","20",0,0.942857142857143,-1.14878185685844,3.03449614257273,0.99,"ns"
"F","1","NR","hour","7","21",0,0.685714285714285,-1.4059247140013,2.77735328542987,1,"ns"
"F","1","NR","hour","7","22",0,1.28571428571429,-0.8059247140013,3.37735328542987,0.804,"ns"
"F","1","NR","hour","7","23",0,1.28571428571429,-0.8059247140013,3.37735328542987,0.804,"ns"
"F","1","NR","hour","8","9",0,0.0571428571428568,-2.03449614257273,2.14878185685844,1,"ns"
"F","1","NR","hour","8","10",0,0.142857142857142,-1.94878185685844,2.23449614257273,1,"ns"
"F","1","NR","hour","8","11",0,0.342857142857143,-1.74878185685844,2.43449614257273,1,"ns"
"F","1","NR","hour","8","12",0,0.771428571428571,-1.32021042828701,2.86306757114416,0.999,"ns"
"F","1","NR","hour","8","13",0,1.77142857142857,-0.320210428287013,3.86306757114416,0.221,"ns"
"F","1","NR","hour","8","14",0,1.85714285714286,-0.234496142572729,3.94878185685844,0.155,"ns"
"F","1","NR","hour","8","15",0,2,-0.091638999715586,4.09163899971558,0.0798,"ns"
"F","1","NR","hour","8","16",0,1.62857142857143,-0.463067571144157,3.72021042828701,0.37,"ns"
"F","1","NR","hour","8","17",0,1.48571428571429,-0.605924714001299,3.57735328542987,0.554,"ns"
"F","1","NR","hour","8","18",0,0.628571428571428,-1.46306757114416,2.72021042828701,1,"ns"
"F","1","NR","hour","8","19",0,0.714285714285714,-1.37735328542987,2.8059247140013,1,"ns"
"F","1","NR","hour","8","20",0,0.628571428571429,-1.46306757114416,2.72021042828701,1,"ns"
"F","1","NR","hour","8","21",0,0.371428571428571,-1.72021042828701,2.46306757114416,1,"ns"
"F","1","NR","hour","8","22",0,0.971428571428571,-1.12021042828701,3.06306757114416,0.986,"ns"
"F","1","NR","hour","8","23",0,0.971428571428571,-1.12021042828701,3.06306757114416,0.986,"ns"
"F","1","NR","hour","9","10",0,0.0857142857142856,-2.0059247140013,2.17735328542987,1,"ns"
"F","1","NR","hour","9","11",0,0.285714285714286,-1.8059247140013,2.37735328542987,1,"ns"
"F","1","NR","hour","9","12",0,0.714285714285714,-1.37735328542987,2.8059247140013,1,"ns"
"F","1","NR","hour","9","13",0,1.71428571428571,-0.37735328542987,3.8059247140013,0.275,"ns"
"F","1","NR","hour","9","14",0,1.8,-0.291638999715586,3.89163899971558,0.197,"ns"
"F","1","NR","hour","9","15",0,1.94285714285714,-0.148781856858443,4.03449614257273,0.105,"ns"
"F","1","NR","hour","9","16",0,1.57142857142857,-0.520210428287013,3.66306757114416,0.44,"ns"
"F","1","NR","hour","9","17",0,1.42857142857143,-0.663067571144156,3.52021042828701,0.63,"ns"
"F","1","NR","hour","9","18",0,0.571428571428572,-1.52021042828701,2.66306757114416,1,"ns"
"F","1","NR","hour","9","19",0,0.657142857142858,-1.43449614257273,2.74878185685844,1,"ns"
"F","1","NR","hour","9","20",0,0.571428571428572,-1.52021042828701,2.66306757114416,1,"ns"
"F","1","NR","hour","9","21",0,0.314285714285715,-1.77735328542987,2.4059247140013,1,"ns"
"F","1","NR","hour","9","22",0,0.914285714285714,-1.17735328542987,3.0059247140013,0.993,"ns"
"F","1","NR","hour","9","23",0,0.914285714285714,-1.17735328542987,3.0059247140013,0.993,"ns"
"F","1","NR","hour","10","11",0,0.2,-1.89163899971558,2.29163899971558,1,"ns"
"F","1","NR","hour","10","12",0,0.628571428571429,-1.46306757114416,2.72021042828701,1,"ns"
"F","1","NR","hour","10","13",0,1.62857142857143,-0.463067571144156,3.72021042828701,0.37,"ns"
"F","1","NR","hour","10","14",0,1.71428571428571,-0.377353285429872,3.8059247140013,0.275,"ns"
"F","1","NR","hour","10","15",0,1.85714285714286,-0.234496142572728,3.94878185685844,0.155,"ns"
"F","1","NR","hour","10","16",0,1.48571428571429,-0.605924714001299,3.57735328542987,0.554,"ns"
"F","1","NR","hour","10","17",0,1.34285714285714,-0.748781856858441,3.43449614257273,0.74,"ns"
"F","1","NR","hour","10","18",0,0.485714285714286,-1.6059247140013,2.57735328542987,1,"ns"
"F","1","NR","hour","10","19",0,0.571428571428572,-1.52021042828701,2.66306757114416,1,"ns"
"F","1","NR","hour","10","20",0,0.485714285714286,-1.6059247140013,2.57735328542987,1,"ns"
"F","1","NR","hour","10","21",0,0.228571428571429,-1.86306757114416,2.32021042828701,1,"ns"
"F","1","NR","hour","10","22",0,0.828571428571429,-1.26306757114416,2.92021042828701,0.998,"ns"
"F","1","NR","hour","10","23",0,0.828571428571429,-1.26306757114416,2.92021042828701,0.998,"ns"
"F","1","NR","hour","11","12",0,0.428571428571428,-1.66306757114416,2.52021042828701,1,"ns"
"F","1","NR","hour","11","13",0,1.42857142857143,-0.663067571144156,3.52021042828701,0.63,"ns"
"F","1","NR","hour","11","14",0,1.51428571428571,-0.577353285429872,3.6059247140013,0.515,"ns"
"F","1","NR","hour","11","15",0,1.65714285714286,-0.434496142572729,3.74878185685844,0.336,"ns"
"F","1","NR","hour","11","16",0,1.28571428571429,-0.8059247140013,3.37735328542987,0.804,"ns"
"F","1","NR","hour","11","17",0,1.14285714285714,-0.948781856858442,3.23449614257273,0.924,"ns"
"F","1","NR","hour","11","18",0,0.285714285714285,-1.8059247140013,2.37735328542987,1,"ns"
"F","1","NR","hour","11","19",0,0.371428571428572,-1.72021042828701,2.46306757114416,1,"ns"
"F","1","NR","hour","11","20",0,0.285714285714286,-1.8059247140013,2.37735328542987,1,"ns"
"F","1","NR","hour","11","21",0,0.0285714285714286,-2.06306757114416,2.12021042828701,1,"ns"
"F","1","NR","hour","11","22",0,0.628571428571428,-1.46306757114416,2.72021042828701,1,"ns"
"F","1","NR","hour","11","23",0,0.628571428571428,-1.46306757114416,2.72021042828701,1,"ns"
"F","1","NR","hour","12","13",0,1,-1.09163899971558,3.09163899971558,0.98,"ns"
"F","1","NR","hour","12","14",0,1.08571428571428,-1.0059247140013,3.17735328542987,0.953,"ns"
"F","1","NR","hour","12","15",0,1.22857142857143,-0.863067571144157,3.32021042828701,0.86,"ns"
"F","1","NR","hour","12","16",0,0.857142857142857,-1.23449614257273,2.94878185685844,0.997,"ns"
"F","1","NR","hour","12","17",0,0.714285714285715,-1.37735328542987,2.8059247140013,1,"ns"
"F","1","NR","hour","12","18",0,-0.142857142857143,-2.23449614257273,1.94878185685844,1,"ns"
"F","1","NR","hour","12","19",0,-0.0571428571428567,-2.14878185685844,2.03449614257273,1,"ns"
"F","1","NR","hour","12","20",0,-0.142857142857142,-2.23449614257273,1.94878185685844,1,"ns"
"F","1","NR","hour","12","21",0,-0.4,-2.49163899971558,1.69163899971558,1,"ns"
"F","1","NR","hour","12","22",0,0.2,-1.89163899971558,2.29163899971558,1,"ns"
"F","1","NR","hour","12","23",0,0.2,-1.89163899971558,2.29163899971558,1,"ns"
"F","1","NR","hour","13","14",0,0.0857142857142841,-2.0059247140013,2.17735328542987,1,"ns"
"F","1","NR","hour","13","15",0,0.228571428571427,-1.86306757114416,2.32021042828701,1,"ns"
"F","1","NR","hour","13","16",0,-0.142857142857143,-2.23449614257273,1.94878185685844,1,"ns"
"F","1","NR","hour","13","17",0,-0.285714285714286,-2.37735328542987,1.8059247140013,1,"ns"
"F","1","NR","hour","13","18",0,-1.14285714285714,-3.23449614257273,0.948781856858442,0.924,"ns"
"F","1","NR","hour","13","19",0,-1.05714285714286,-3.14878185685844,1.03449614257273,0.964,"ns"
"F","1","NR","hour","13","20",0,-1.14285714285714,-3.23449614257273,0.948781856858442,0.924,"ns"
"F","1","NR","hour","13","21",0,-1.4,-3.49163899971558,0.691638999715585,0.668,"ns"
"F","1","NR","hour","13","22",0,-0.8,-2.89163899971558,1.29163899971558,0.999,"ns"
"F","1","NR","hour","13","23",0,-0.8,-2.89163899971558,1.29163899971558,0.999,"ns"
"F","1","NR","hour","14","15",0,0.142857142857143,-1.94878185685844,2.23449614257273,1,"ns"
"F","1","NR","hour","14","16",0,-0.228571428571427,-2.32021042828701,1.86306757114416,1,"ns"
"F","1","NR","hour","14","17",0,-0.37142857142857,-2.46306757114415,1.72021042828701,1,"ns"
"F","1","NR","hour","14","18",0,-1.22857142857143,-3.32021042828701,0.863067571144158,0.86,"ns"
"F","1","NR","hour","14","19",0,-1.14285714285714,-3.23449614257273,0.948781856858444,0.924,"ns"
"F","1","NR","hour","14","20",0,-1.22857142857143,-3.32021042828701,0.863067571144158,0.86,"ns"
"F","1","NR","hour","14","21",0,-1.48571428571428,-3.57735328542987,0.605924714001301,0.554,"ns"
"F","1","NR","hour","14","22",0,-0.885714285714284,-2.97735328542987,1.2059247140013,0.996,"ns"
"F","1","NR","hour","14","23",0,-0.885714285714284,-2.97735328542987,1.2059247140013,0.996,"ns"
"F","1","NR","hour","15","16",0,-0.371428571428571,-2.46306757114416,1.72021042828701,1,"ns"
"F","1","NR","hour","15","17",0,-0.514285714285713,-2.6059247140013,1.57735328542987,1,"ns"
"F","1","NR","hour","15","18",0,-1.37142857142857,-3.46306757114415,0.720210428287014,0.705,"ns"
"F","1","NR","hour","15","19",0,-1.28571428571428,-3.37735328542987,0.8059247140013,0.804,"ns"
"F","1","NR","hour","15","20",0,-1.37142857142857,-3.46306757114415,0.720210428287015,0.705,"ns"
"F","1","NR","hour","15","21",0,-1.62857142857143,-3.72021042828701,0.463067571144157,0.37,"ns"
"F","1","NR","hour","15","22",0,-1.02857142857143,-3.12021042828701,1.06306757114416,0.973,"ns"
"F","1","NR","hour","15","23",0,-1.02857142857143,-3.12021042828701,1.06306757114416,0.973,"ns"
"F","1","NR","hour","16","17",0,-0.142857142857142,-2.23449614257273,1.94878185685844,1,"ns"
"F","1","NR","hour","16","18",0,-1,-3.09163899971558,1.09163899971558,0.98,"ns"
"F","1","NR","hour","16","19",0,-0.914285714285714,-3.0059247140013,1.17735328542987,0.993,"ns"
"F","1","NR","hour","16","20",0,-0.999999999999999,-3.09163899971558,1.09163899971559,0.98,"ns"
"F","1","NR","hour","16","21",0,-1.25714285714286,-3.34878185685844,0.834496142572728,0.833,"ns"
"F","1","NR","hour","16","22",0,-0.657142857142857,-2.74878185685844,1.43449614257273,1,"ns"
"F","1","NR","hour","16","23",0,-0.657142857142857,-2.74878185685844,1.43449614257273,1,"ns"
"F","1","NR","hour","17","18",0,-0.857142857142857,-2.94878185685844,1.23449614257273,0.997,"ns"
"F","1","NR","hour","17","19",0,-0.771428571428571,-2.86306757114416,1.32021042828701,0.999,"ns"
"F","1","NR","hour","17","20",0,-0.857142857142857,-2.94878185685844,1.23449614257273,0.997,"ns"
"F","1","NR","hour","17","21",0,-1.11428571428571,-3.2059247140013,0.97735328542987,0.94,"ns"
"F","1","NR","hour","17","22",0,-0.514285714285715,-2.6059247140013,1.57735328542987,1,"ns"
"F","1","NR","hour","17","23",0,-0.514285714285715,-2.6059247140013,1.57735328542987,1,"ns"
"F","1","NR","hour","18","19",0,0.0857142857142861,-2.0059247140013,2.17735328542987,1,"ns"
"F","1","NR","hour","18","20",0,4.44089209850063e-16,-2.09163899971558,2.09163899971559,1,"ns"
"F","1","NR","hour","18","21",0,-0.257142857142857,-2.34878185685844,1.83449614257273,1,"ns"
"F","1","NR","hour","18","22",0,0.342857142857143,-1.74878185685844,2.43449614257273,1,"ns"
"F","1","NR","hour","18","23",0,0.342857142857143,-1.74878185685844,2.43449614257273,1,"ns"
"F","1","NR","hour","19","20",0,-0.0857142857142856,-2.17735328542987,2.0059247140013,1,"ns"
"F","1","NR","hour","19","21",0,-0.342857142857143,-2.43449614257273,1.74878185685844,1,"ns"
"F","1","NR","hour","19","22",0,0.257142857142857,-1.83449614257273,2.34878185685844,1,"ns"
"F","1","NR","hour","19","23",0,0.257142857142857,-1.83449614257273,2.34878185685844,1,"ns"
"F","1","NR","hour","20","21",0,-0.257142857142857,-2.34878185685844,1.83449614257273,1,"ns"
"F","1","NR","hour","20","22",0,0.342857142857142,-1.74878185685844,2.43449614257273,1,"ns"
"F","1","NR","hour","20","23",0,0.342857142857142,-1.74878185685844,2.43449614257273,1,"ns"
"F","1","NR","hour","21","22",0,0.6,-1.49163899971559,2.69163899971558,1,"ns"
"F","1","NR","hour","21","23",0,0.6,-1.49163899971559,2.69163899971558,1,"ns"
"F","1","NR","hour","22","23",0,0,-2.09163899971558,2.09163899971558,1,"ns"
"F","1","PR","hour","0","1",0,-1.54285714285714,-3.94387372931037,0.858159443596089,0.738,"ns"
"F","1","PR","hour","0","2",0,-0.514285714285716,-2.91530230073895,1.88673087216751,1,"ns"
"F","1","PR","hour","0","3",0,-0.485714285714287,-2.88673087216752,1.91530230073894,1,"ns"
"F","1","PR","hour","0","4",0,-1.4,-3.80101658645323,1.00101658645323,0.868,"ns"
"F","1","PR","hour","0","5",0,-1.37142857142857,-3.77244515788181,1.02958801502466,0.888,"ns"
"F","1","PR","hour","0","6",0,-1.25714285714286,-3.65815944359609,1.14387372931037,0.949,"ns"
"F","1","PR","hour","0","7",0,-1.77142857142857,-4.1724451578818,0.629588015024656,0.477,"ns"
"F","1","PR","hour","0","8",0,-1.45714285714286,-3.85815944359609,0.943873729310374,0.821,"ns"
"F","1","PR","hour","0","9",0,-1.25714285714286,-3.65815944359609,1.14387372931037,0.949,"ns"
"F","1","PR","hour","0","10",0,-1.54285714285714,-3.94387372931037,0.858159443596086,0.738,"ns"
"F","1","PR","hour","0","11",0,-0.942857142857144,-3.34387372931037,1.45815944359609,0.998,"ns"
"F","1","PR","hour","0","12",0,-0.42857142857143,-2.82958801502466,1.9724451578818,1,"ns"
"F","1","PR","hour","0","13",0,1.08571428571428,-1.31530230073895,3.48673087216751,0.99,"ns"
"F","1","PR","hour","0","14",0,1.25714285714285,-1.14387372931038,3.65815944359608,0.949,"ns"
"F","1","PR","hour","0","15",0,1.05714285714286,-1.34387372931037,3.45815944359609,0.993,"ns"
"F","1","PR","hour","0","16",0,0.828571428571427,-1.5724451578818,3.22958801502466,1,"ns"
"F","1","PR","hour","0","17",0,0.0571428571428561,-2.34387372931037,2.45815944359609,1,"ns"
"F","1","PR","hour","0","18",0,0.257142857142857,-2.14387372931037,2.65815944359609,1,"ns"
"F","1","PR","hour","0","19",0,-0.171428571428573,-2.5724451578818,2.22958801502466,1,"ns"
"F","1","PR","hour","0","20",0,-0.542857142857144,-2.94387372931037,1.85815944359609,1,"ns"
"F","1","PR","hour","0","21",0,-0.600000000000001,-3.00101658645323,1.80101658645323,1,"ns"
"F","1","PR","hour","0","22",0,-0.971428571428573,-3.3724451578818,1.42958801502466,0.998,"ns"
"F","1","PR","hour","0","23",0,-8.88178419700125e-16,-2.40101658645323,2.40101658645323,1,"ns"
"F","1","PR","hour","1","2",0,1.02857142857143,-1.3724451578818,3.42958801502466,0.995,"ns"
"F","1","PR","hour","1","3",0,1.05714285714285,-1.34387372931038,3.45815944359608,0.993,"ns"
"F","1","PR","hour","1","4",0,0.14285714285714,-2.25815944359609,2.54387372931037,1,"ns"
"F","1","PR","hour","1","5",0,0.171428571428566,-2.22958801502466,2.5724451578818,1,"ns"
"F","1","PR","hour","1","6",0,0.285714285714282,-2.11530230073895,2.68673087216751,1,"ns"
"F","1","PR","hour","1","7",0,-0.228571428571433,-2.62958801502466,2.1724451578818,1,"ns"
"F","1","PR","hour","1","8",0,0.0857142857142846,-2.31530230073895,2.48673087216751,1,"ns"
"F","1","PR","hour","1","9",0,0.285714285714284,-2.11530230073895,2.68673087216751,1,"ns"
"F","1","PR","hour","1","10",0,-2.88657986402541e-15,-2.40101658645323,2.40101658645323,1,"ns"
"F","1","PR","hour","1","11",0,0.599999999999997,-1.80101658645323,3.00101658645323,1,"ns"
"F","1","PR","hour","1","12",0,1.11428571428571,-1.28673087216752,3.51530230073894,0.986,"ns"
"F","1","PR","hour","1","13",0,2.62857142857143,0.227554842118195,5.02958801502466,0.0165,"*"
"F","1","PR","hour","1","14",0,2.8,0.398983413546765,5.20101658645323,0.0066,"**"
"F","1","PR","hour","1","15",0,2.6,0.198983413546767,5.00101658645323,0.0191,"*"
"F","1","PR","hour","1","16",0,2.37142857142857,-0.0295880150246619,4.7724451578818,0.0572,"ns"
"F","1","PR","hour","1","17",0,1.6,-0.801016586453233,4.00101658645323,0.676,"ns"
"F","1","PR","hour","1","18",0,1.8,-0.601016586453232,4.20101658645323,0.445,"ns"
"F","1","PR","hour","1","19",0,1.37142857142857,-1.02958801502466,3.7724451578818,0.888,"ns"
"F","1","PR","hour","1","20",0,0.999999999999997,-1.40101658645323,3.40101658645323,0.996,"ns"
"F","1","PR","hour","1","21",0,0.94285714285714,-1.45815944359609,3.34387372931037,0.998,"ns"
"F","1","PR","hour","1","22",0,0.571428571428568,-1.82958801502466,2.9724451578818,1,"ns"
"F","1","PR","hour","1","23",0,1.54285714285714,-0.85815944359609,3.94387372931037,0.738,"ns"
"F","1","PR","hour","2","3",0,0.0285714285714287,-2.3724451578818,2.42958801502466,1,"ns"
"F","1","PR","hour","2","4",0,-0.885714285714286,-3.28673087216752,1.51530230073894,0.999,"ns"
"F","1","PR","hour","2","5",0,-0.857142857142859,-3.25815944359609,1.54387372931037,1,"ns"
"F","1","PR","hour","2","6",0,-0.742857142857144,-3.14387372931037,1.65815944359609,1,"ns"
"F","1","PR","hour","2","7",0,-1.25714285714286,-3.65815944359609,1.14387372931037,0.949,"ns"
"F","1","PR","hour","2","8",0,-0.942857142857141,-3.34387372931037,1.45815944359609,0.998,"ns"
"F","1","PR","hour","2","9",0,-0.742857142857141,-3.14387372931037,1.65815944359609,1,"ns"
"F","1","PR","hour","2","10",0,-1.02857142857143,-3.42958801502466,1.3724451578818,0.995,"ns"
"F","1","PR","hour","2","11",0,-0.428571428571428,-2.82958801502466,1.9724451578818,1,"ns"
"F","1","PR","hour","2","12",0,0.0857142857142859,-2.31530230073894,2.48673087216752,1,"ns"
"F","1","PR","hour","2","13",0,1.6,-0.80101658645323,4.00101658645323,0.676,"ns"
"F","1","PR","hour","2","14",0,1.77142857142857,-0.62958801502466,4.1724451578818,0.477,"ns"
"F","1","PR","hour","2","15",0,1.57142857142857,-0.829588015024658,3.9724451578818,0.708,"ns"
"F","1","PR","hour","2","16",0,1.34285714285714,-1.05815944359609,3.74387372931037,0.906,"ns"
"F","1","PR","hour","2","17",0,0.571428571428572,-1.82958801502466,2.9724451578818,1,"ns"
"F","1","PR","hour","2","18",0,0.771428571428573,-1.62958801502466,3.1724451578818,1,"ns"
"F","1","PR","hour","2","19",0,0.342857142857143,-2.05815944359609,2.74387372931037,1,"ns"
"F","1","PR","hour","2","20",0,-0.0285714285714282,-2.42958801502466,2.3724451578818,1,"ns"
"F","1","PR","hour","2","21",0,-0.0857142857142852,-2.48673087216752,2.31530230073894,1,"ns"
"F","1","PR","hour","2","22",0,-0.457142857142857,-2.85815944359609,1.94387372931037,1,"ns"
"F","1","PR","hour","2","23",0,0.514285714285715,-1.88673087216752,2.91530230073895,1,"ns"
"F","1","PR","hour","3","4",0,-0.914285714285714,-3.31530230073894,1.48673087216752,0.999,"ns"
"F","1","PR","hour","3","5",0,-0.885714285714288,-3.28673087216752,1.51530230073894,0.999,"ns"
"F","1","PR","hour","3","6",0,-0.771428571428572,-3.1724451578818,1.62958801502466,1,"ns"
"F","1","PR","hour","3","7",0,-1.28571428571429,-3.68673087216752,1.11530230073894,0.937,"ns"
"F","1","PR","hour","3","8",0,-0.971428571428569,-3.3724451578818,1.42958801502466,0.998,"ns"
"F","1","PR","hour","3","9",0,-0.77142857142857,-3.1724451578818,1.62958801502466,1,"ns"
"F","1","PR","hour","3","10",0,-1.05714285714286,-3.45815944359609,1.34387372931037,0.993,"ns"
"F","1","PR","hour","3","11",0,-0.457142857142857,-2.85815944359609,1.94387372931037,1,"ns"
"F","1","PR","hour","3","12",0,0.0571428571428572,-2.34387372931037,2.45815944359609,1,"ns"
"F","1","PR","hour","3","13",0,1.57142857142857,-0.829588015024659,3.9724451578818,0.708,"ns"
"F","1","PR","hour","3","14",0,1.74285714285714,-0.658159443596089,4.14387372931037,0.51,"ns"
"F","1","PR","hour","3","15",0,1.54285714285714,-0.858159443596087,3.94387372931037,0.738,"ns"
"F","1","PR","hour","3","16",0,1.31428571428571,-1.08673087216752,3.71530230073894,0.923,"ns"
"F","1","PR","hour","3","17",0,0.542857142857143,-1.85815944359609,2.94387372931037,1,"ns"
"F","1","PR","hour","3","18",0,0.742857142857144,-1.65815944359609,3.14387372931037,1,"ns"
"F","1","PR","hour","3","19",0,0.314285714285715,-2.08673087216752,2.71530230073894,1,"ns"
"F","1","PR","hour","3","20",0,-0.0571428571428569,-2.45815944359609,2.34387372931037,1,"ns"
"F","1","PR","hour","3","21",0,-0.114285714285714,-2.51530230073894,2.28673087216752,1,"ns"
"F","1","PR","hour","3","22",0,-0.485714285714286,-2.88673087216752,1.91530230073894,1,"ns"
"F","1","PR","hour","3","23",0,0.485714285714286,-1.91530230073894,2.88673087216752,1,"ns"
"F","1","PR","hour","4","5",0,0.0285714285714266,-2.3724451578818,2.42958801502466,1,"ns"
"F","1","PR","hour","4","6",0,0.142857142857142,-2.25815944359609,2.54387372931037,1,"ns"
"F","1","PR","hour","4","7",0,-0.371428571428573,-2.7724451578818,2.02958801502466,1,"ns"
"F","1","PR","hour","4","8",0,-0.0571428571428551,-2.45815944359609,2.34387372931038,1,"ns"
"F","1","PR","hour","4","9",0,0.142857142857145,-2.25815944359609,2.54387372931037,1,"ns"
"F","1","PR","hour","4","10",0,-0.142857142857143,-2.54387372931037,2.25815944359609,1,"ns"
"F","1","PR","hour","4","11",0,0.457142857142858,-1.94387372931037,2.85815944359609,1,"ns"
"F","1","PR","hour","4","12",0,0.971428571428572,-1.42958801502466,3.3724451578818,0.998,"ns"
"F","1","PR","hour","4","13",0,2.48571428571429,0.0846976992610555,4.88673087216752,0.0336,"*"
"F","1","PR","hour","4","14",0,2.65714285714286,0.256126270689625,5.05815944359609,0.0142,"*"
"F","1","PR","hour","4","15",0,2.45714285714286,0.0561262706896271,4.85815944359609,0.0385,"*"
"F","1","PR","hour","4","16",0,2.22857142857143,-0.172445157881802,4.62958801502466,0.106,"ns"
"F","1","PR","hour","4","17",0,1.45714285714286,-0.943873729310373,3.85815944359609,0.821,"ns"
"F","1","PR","hour","4","18",0,1.65714285714286,-0.743873729310372,4.05815944359609,0.61,"ns"
"F","1","PR","hour","4","19",0,1.22857142857143,-1.1724451578818,3.62958801502466,0.959,"ns"
"F","1","PR","hour","4","20",0,0.857142857142857,-1.54387372931037,3.25815944359609,1,"ns"
"F","1","PR","hour","4","21",0,0.8,-1.60101658645323,3.20101658645323,1,"ns"
"F","1","PR","hour","4","22",0,0.428571428571429,-1.9724451578818,2.82958801502466,1,"ns"
"F","1","PR","hour","4","23",0,1.4,-1.00101658645323,3.80101658645323,0.868,"ns"
"F","1","PR","hour","5","6",0,0.114285714285715,-2.28673087216752,2.51530230073895,1,"ns"
"F","1","PR","hour","5","7",0,-0.399999999999999,-2.80101658645323,2.00101658645323,1,"ns"
"F","1","PR","hour","5","8",0,-0.0857142857142816,-2.48673087216751,2.31530230073895,1,"ns"
"F","1","PR","hour","5","9",0,0.114285714285718,-2.28673087216751,2.51530230073895,1,"ns"
"F","1","PR","hour","5","10",0,-0.171428571428569,-2.5724451578818,2.22958801502466,1,"ns"
"F","1","PR","hour","5","11",0,0.428571428571431,-1.9724451578818,2.82958801502466,1,"ns"
"F","1","PR","hour","5","12",0,0.942857142857145,-1.45815944359609,3.34387372931038,0.998,"ns"
"F","1","PR","hour","5","13",0,2.45714285714286,0.0561262706896293,4.85815944359609,0.0385,"*"
"F","1","PR","hour","5","14",0,2.62857142857143,0.227554842118199,5.02958801502466,0.0165,"*"
"F","1","PR","hour","5","15",0,2.42857142857143,0.0275548421182008,4.82958801502466,0.044,"*"
"F","1","PR","hour","5","16",0,2.2,-0.201016586453228,4.60101658645323,0.119,"ns"
"F","1","PR","hour","5","17",0,1.42857142857143,-0.972445157881799,3.82958801502466,0.846,"ns"
"F","1","PR","hour","5","18",0,1.62857142857143,-0.772445157881798,4.02958801502466,0.643,"ns"
"F","1","PR","hour","5","19",0,1.2,-1.20101658645323,3.60101658645323,0.968,"ns"
"F","1","PR","hour","5","20",0,0.828571428571431,-1.5724451578818,3.22958801502466,1,"ns"
"F","1","PR","hour","5","21",0,0.771428571428574,-1.62958801502466,3.1724451578818,1,"ns"
"F","1","PR","hour","5","22",0,0.400000000000002,-2.00101658645323,2.80101658645323,1,"ns"
"F","1","PR","hour","5","23",0,1.37142857142857,-1.02958801502466,3.7724451578818,0.888,"ns"
"F","1","PR","hour","6","7",0,-0.514285714285715,-2.91530230073894,1.88673087216752,1,"ns"
"F","1","PR","hour","6","8",0,-0.199999999999997,-2.60101658645323,2.20101658645323,1,"ns"
"F","1","PR","hour","6","9",0,2.77555756156289e-15,-2.40101658645323,2.40101658645323,1,"ns"
"F","1","PR","hour","6","10",0,-0.285714285714284,-2.68673087216751,2.11530230073895,1,"ns"
"F","1","PR","hour","6","11",0,0.314285714285716,-2.08673087216751,2.71530230073895,1,"ns"
"F","1","PR","hour","6","12",0,0.82857142857143,-1.5724451578818,3.22958801502466,1,"ns"
"F","1","PR","hour","6","13",0,2.34285714285714,-0.0581594435960859,4.74387372931037,0.065,"ns"
"F","1","PR","hour","6","14",0,2.51428571428571,0.113269127832484,4.91530230073894,0.0292,"*"
"F","1","PR","hour","6","15",0,2.31428571428572,-0.0867308721675144,4.71530230073895,0.0737,"ns"
"F","1","PR","hour","6","16",0,2.08571428571429,-0.315302300738944,4.48673087216752,0.184,"ns"
"F","1","PR","hour","6","17",0,1.31428571428572,-1.08673087216751,3.71530230073895,0.923,"ns"
"F","1","PR","hour","6","18",0,1.51428571428572,-0.886730872167514,3.91530230073895,0.767,"ns"
"F","1","PR","hour","6","19",0,1.08571428571429,-1.31530230073894,3.48673087216752,0.99,"ns"
"F","1","PR","hour","6","20",0,0.714285714285716,-1.68673087216751,3.11530230073895,1,"ns"
"F","1","PR","hour","6","21",0,0.657142857142859,-1.74387372931037,3.05815944359609,1,"ns"
"F","1","PR","hour","6","22",0,0.285714285714287,-2.11530230073894,2.68673087216752,1,"ns"
"F","1","PR","hour","6","23",0,1.25714285714286,-1.14387372931037,3.65815944359609,0.949,"ns"
"F","1","PR","hour","7","8",0,0.314285714285718,-2.08673087216751,2.71530230073895,1,"ns"
"F","1","PR","hour","7","9",0,0.514285714285717,-1.88673087216751,2.91530230073895,1,"ns"
"F","1","PR","hour","7","10",0,0.22857142857143,-2.1724451578818,2.62958801502466,1,"ns"
"F","1","PR","hour","7","11",0,0.82857142857143,-1.5724451578818,3.22958801502466,1,"ns"
"F","1","PR","hour","7","12",0,1.34285714285714,-1.05815944359609,3.74387372931037,0.906,"ns"
"F","1","PR","hour","7","13",0,2.85714285714286,0.456126270689628,5.25815944359609,0.0048,"**"
"F","1","PR","hour","7","14",0,3.02857142857143,0.627554842118198,5.42958801502466,0.00179,"**"
"F","1","PR","hour","7","15",0,2.82857142857143,0.4275548421182,5.22958801502466,0.00563,"**"
"F","1","PR","hour","7","16",0,2.6,0.198983413546771,5.00101658645323,0.0191,"*"
"F","1","PR","hour","7","17",0,1.82857142857143,-0.5724451578818,4.22958801502466,0.413,"ns"
"F","1","PR","hour","7","18",0,2.02857142857143,-0.372445157881799,4.42958801502466,0.225,"ns"
"F","1","PR","hour","7","19",0,1.6,-0.801016586453229,4.00101658645323,0.676,"ns"
"F","1","PR","hour","7","20",0,1.22857142857143,-1.1724451578818,3.62958801502466,0.959,"ns"
"F","1","PR","hour","7","21",0,1.17142857142857,-1.22958801502466,3.5724451578818,0.975,"ns"
"F","1","PR","hour","7","22",0,0.800000000000001,-1.60101658645323,3.20101658645323,1,"ns"
"F","1","PR","hour","7","23",0,1.77142857142857,-0.629588015024657,4.1724451578818,0.477,"ns"
"F","1","PR","hour","8","9",0,0.2,-2.20101658645323,2.60101658645323,1,"ns"
"F","1","PR","hour","8","10",0,-0.0857142857142875,-2.48673087216752,2.31530230073894,1,"ns"
"F","1","PR","hour","8","11",0,0.514285714285713,-1.88673087216752,2.91530230073894,1,"ns"
"F","1","PR","hour","8","12",0,1.02857142857143,-1.3724451578818,3.42958801502466,0.995,"ns"
"F","1","PR","hour","8","13",0,2.54285714285714,0.141840556403911,4.94387372931037,0.0254,"*"
"F","1","PR","hour","8","14",0,2.71428571428571,0.313269127832481,5.11530230073894,0.0105,"*"
"F","1","PR","hour","8","15",0,2.51428571428571,0.113269127832482,4.91530230073894,0.0292,"*"
"F","1","PR","hour","8","16",0,2.28571428571428,-0.115302300738947,4.68673087216751,0.0834,"ns"
"F","1","PR","hour","8","17",0,1.51428571428571,-0.886730872167518,3.91530230073894,0.767,"ns"
"F","1","PR","hour","8","18",0,1.71428571428571,-0.686730872167517,4.11530230073894,0.543,"ns"
"F","1","PR","hour","8","19",0,1.28571428571428,-1.11530230073895,3.68673087216751,0.937,"ns"
"F","1","PR","hour","8","20",0,0.914285714285712,-1.48673087216752,3.31530230073894,0.999,"ns"
"F","1","PR","hour","8","21",0,0.857142857142856,-1.54387372931037,3.25815944359609,1,"ns"
"F","1","PR","hour","8","22",0,0.485714285714284,-1.91530230073895,2.88673087216751,1,"ns"
"F","1","PR","hour","8","23",0,1.45714285714286,-0.943873729310375,3.85815944359609,0.821,"ns"
"F","1","PR","hour","9","10",0,-0.285714285714287,-2.68673087216752,2.11530230073894,1,"ns"
"F","1","PR","hour","9","11",0,0.314285714285713,-2.08673087216752,2.71530230073894,1,"ns"
"F","1","PR","hour","9","12",0,0.828571428571427,-1.5724451578818,3.22958801502466,1,"ns"
"F","1","PR","hour","9","13",0,2.34285714285714,-0.058159443596089,4.74387372931037,0.065,"ns"
"F","1","PR","hour","9","14",0,2.51428571428571,0.113269127832481,4.91530230073894,0.0292,"*"
"F","1","PR","hour","9","15",0,2.31428571428571,-0.0867308721675175,4.71530230073894,0.0737,"ns"
"F","1","PR","hour","9","16",0,2.08571428571428,-0.315302300738947,4.48673087216751,0.184,"ns"
"F","1","PR","hour","9","17",0,1.31428571428571,-1.08673087216752,3.71530230073894,0.923,"ns"
"F","1","PR","hour","9","18",0,1.51428571428571,-0.886730872167516,3.91530230073894,0.767,"ns"
"F","1","PR","hour","9","19",0,1.08571428571428,-1.31530230073895,3.48673087216751,0.99,"ns"
"F","1","PR","hour","9","20",0,0.714285714285713,-1.68673087216752,3.11530230073894,1,"ns"
"F","1","PR","hour","9","21",0,0.657142857142856,-1.74387372931037,3.05815944359609,1,"ns"
"F","1","PR","hour","9","22",0,0.285714285714284,-2.11530230073895,2.68673087216751,1,"ns"
"F","1","PR","hour","9","23",0,1.25714285714286,-1.14387372931037,3.65815944359609,0.949,"ns"
"F","1","PR","hour","10","11",0,0.6,-1.80101658645323,3.00101658645323,1,"ns"
"F","1","PR","hour","10","12",0,1.11428571428571,-1.28673087216752,3.51530230073894,0.986,"ns"
"F","1","PR","hour","10","13",0,2.62857142857143,0.227554842118198,5.02958801502466,0.0165,"*"
"F","1","PR","hour","10","14",0,2.8,0.398983413546768,5.20101658645323,0.0066,"**"
"F","1","PR","hour","10","15",0,2.6,0.19898341354677,5.00101658645323,0.0191,"*"
"F","1","PR","hour","10","16",0,2.37142857142857,-0.0295880150246592,4.7724451578818,0.0572,"ns"
"F","1","PR","hour","10","17",0,1.6,-0.80101658645323,4.00101658645323,0.676,"ns"
"F","1","PR","hour","10","18",0,1.8,-0.601016586453229,4.20101658645323,0.445,"ns"
"F","1","PR","hour","10","19",0,1.37142857142857,-1.02958801502466,3.7724451578818,0.888,"ns"
"F","1","PR","hour","10","20",0,1,-1.40101658645323,3.40101658645323,0.996,"ns"
"F","1","PR","hour","10","21",0,0.942857142857143,-1.45815944359609,3.34387372931037,0.998,"ns"
"F","1","PR","hour","10","22",0,0.571428571428571,-1.82958801502466,2.9724451578818,1,"ns"
"F","1","PR","hour","10","23",0,1.54285714285714,-0.858159443596087,3.94387372931037,0.738,"ns"
"F","1","PR","hour","11","12",0,0.514285714285714,-1.88673087216752,2.91530230073894,1,"ns"
"F","1","PR","hour","11","13",0,2.02857142857143,-0.372445157881802,4.42958801502466,0.225,"ns"
"F","1","PR","hour","11","14",0,2.2,-0.201016586453232,4.60101658645323,0.119,"ns"
"F","1","PR","hour","11","15",0,2,-0.40101658645323,4.40101658645323,0.248,"ns"
"F","1","PR","hour","11","16",0,1.77142857142857,-0.629588015024659,4.1724451578818,0.477,"ns"
"F","1","PR","hour","11","17",0,1,-1.40101658645323,3.40101658645323,0.996,"ns"
"F","1","PR","hour","11","18",0,1.2,-1.20101658645323,3.60101658645323,0.968,"ns"
"F","1","PR","hour","11","19",0,0.771428571428571,-1.62958801502466,3.1724451578818,1,"ns"
"F","1","PR","hour","11","20",0,0.4,-2.00101658645323,2.80101658645323,1,"ns"
"F","1","PR","hour","11","21",0,0.342857142857143,-2.05815944359609,2.74387372931037,1,"ns"
"F","1","PR","hour","11","22",0,-0.0285714285714289,-2.42958801502466,2.3724451578818,1,"ns"
"F","1","PR","hour","11","23",0,0.942857142857143,-1.45815944359609,3.34387372931037,0.998,"ns"
"F","1","PR","hour","12","13",0,1.51428571428571,-0.886730872167516,3.91530230073894,0.767,"ns"
"F","1","PR","hour","12","14",0,1.68571428571428,-0.715302300738946,4.08673087216751,0.577,"ns"
"F","1","PR","hour","12","15",0,1.48571428571429,-0.915302300738944,3.88673087216752,0.795,"ns"
"F","1","PR","hour","12","16",0,1.25714285714286,-1.14387372931037,3.65815944359609,0.949,"ns"
"F","1","PR","hour","12","17",0,0.485714285714286,-1.91530230073894,2.88673087216752,1,"ns"
"F","1","PR","hour","12","18",0,0.685714285714287,-1.71530230073894,3.08673087216752,1,"ns"
"F","1","PR","hour","12","19",0,0.257142857142857,-2.14387372931037,2.65815944359609,1,"ns"
"F","1","PR","hour","12","20",0,-0.114285714285714,-2.51530230073894,2.28673087216752,1,"ns"
"F","1","PR","hour","12","21",0,-0.171428571428571,-2.5724451578818,2.22958801502466,1,"ns"
"F","1","PR","hour","12","22",0,-0.542857142857143,-2.94387372931037,1.85815944359609,1,"ns"
"F","1","PR","hour","12","23",0,0.428571428571429,-1.9724451578818,2.82958801502466,1,"ns"
"F","1","PR","hour","13","14",0,0.17142857142857,-2.22958801502466,2.5724451578818,1,"ns"
"F","1","PR","hour","13","15",0,-0.0285714285714285,-2.42958801502466,2.3724451578818,1,"ns"
"F","1","PR","hour","13","16",0,-0.257142857142858,-2.65815944359609,2.14387372931037,1,"ns"
"F","1","PR","hour","13","17",0,-1.02857142857143,-3.42958801502466,1.3724451578818,0.995,"ns"
"F","1","PR","hour","13","18",0,-0.828571428571427,-3.22958801502466,1.5724451578818,1,"ns"
"F","1","PR","hour","13","19",0,-1.25714285714286,-3.65815944359609,1.14387372931037,0.949,"ns"
"F","1","PR","hour","13","20",0,-1.62857142857143,-4.02958801502466,0.772445157881802,0.643,"ns"
"F","1","PR","hour","13","21",0,-1.68571428571429,-4.08673087216752,0.715302300738945,0.577,"ns"
"F","1","PR","hour","13","22",0,-2.05714285714286,-4.45815944359609,0.343873729310373,0.204,"ns"
"F","1","PR","hour","13","23",0,-1.08571428571429,-3.48673087216752,1.31530230073894,0.99,"ns"
"F","1","PR","hour","14","15",0,-0.199999999999998,-2.60101658645323,2.20101658645323,1,"ns"
"F","1","PR","hour","14","16",0,-0.428571428571427,-2.82958801502466,1.9724451578818,1,"ns"
"F","1","PR","hour","14","17",0,-1.2,-3.60101658645323,1.20101658645323,0.968,"ns"
"F","1","PR","hour","14","18",0,-0.999999999999997,-3.40101658645323,1.40101658645323,0.996,"ns"
"F","1","PR","hour","14","19",0,-1.42857142857143,-3.82958801502466,0.972445157881803,0.846,"ns"
"F","1","PR","hour","14","20",0,-1.8,-4.20101658645323,0.601016586453232,0.445,"ns"
"F","1","PR","hour","14","21",0,-1.85714285714286,-4.25815944359609,0.543873729310375,0.382,"ns"
"F","1","PR","hour","14","22",0,-2.22857142857143,-4.62958801502466,0.172445157881803,0.106,"ns"
"F","1","PR","hour","14","23",0,-1.25714285714286,-3.65815944359609,1.14387372931037,0.949,"ns"
"F","1","PR","hour","15","16",0,-0.228571428571429,-2.62958801502466,2.1724451578818,1,"ns"
"F","1","PR","hour","15","17",0,-1,-3.40101658645323,1.40101658645323,0.996,"ns"
"F","1","PR","hour","15","18",0,-0.799999999999999,-3.20101658645323,1.60101658645323,1,"ns"
"F","1","PR","hour","15","19",0,-1.22857142857143,-3.62958801502466,1.1724451578818,0.959,"ns"
"F","1","PR","hour","15","20",0,-1.6,-4.00101658645323,0.80101658645323,0.676,"ns"
"F","1","PR","hour","15","21",0,-1.65714285714286,-4.05815944359609,0.743873729310373,0.61,"ns"
"F","1","PR","hour","15","22",0,-2.02857142857143,-4.42958801502466,0.372445157881801,0.225,"ns"
"F","1","PR","hour","15","23",0,-1.05714285714286,-3.45815944359609,1.34387372931037,0.993,"ns"
"F","1","PR","hour","16","17",0,-0.771428571428571,-3.1724451578818,1.62958801502466,1,"ns"
"F","1","PR","hour","16","18",0,-0.57142857142857,-2.9724451578818,1.82958801502466,1,"ns"
"F","1","PR","hour","16","19",0,-1,-3.40101658645323,1.40101658645323,0.996,"ns"
"F","1","PR","hour","16","20",0,-1.37142857142857,-3.7724451578818,1.02958801502466,0.888,"ns"
"F","1","PR","hour","16","21",0,-1.42857142857143,-3.82958801502466,0.972445157881802,0.846,"ns"
"F","1","PR","hour","16","22",0,-1.8,-4.20101658645323,0.60101658645323,0.445,"ns"
"F","1","PR","hour","16","23",0,-0.828571428571428,-3.22958801502466,1.5724451578818,1,"ns"
"F","1","PR","hour","17","18",0,0.200000000000001,-2.20101658645323,2.60101658645323,1,"ns"
"F","1","PR","hour","17","19",0,-0.228571428571429,-2.62958801502466,2.1724451578818,1,"ns"
"F","1","PR","hour","17","20",0,-0.6,-3.00101658645323,1.80101658645323,1,"ns"
"F","1","PR","hour","17","21",0,-0.657142857142857,-3.05815944359609,1.74387372931037,1,"ns"
"F","1","PR","hour","17","22",0,-1.02857142857143,-3.42958801502466,1.3724451578818,0.995,"ns"
"F","1","PR","hour","17","23",0,-0.0571428571428569,-2.45815944359609,2.34387372931037,1,"ns"
"F","1","PR","hour","18","19",0,-0.42857142857143,-2.82958801502466,1.9724451578818,1,"ns"
"F","1","PR","hour","18","20",0,-0.800000000000001,-3.20101658645323,1.60101658645323,1,"ns"
"F","1","PR","hour","18","21",0,-0.857142857142858,-3.25815944359609,1.54387372931037,1,"ns"
"F","1","PR","hour","18","22",0,-1.22857142857143,-3.62958801502466,1.1724451578818,0.959,"ns"
"F","1","PR","hour","18","23",0,-0.257142857142858,-2.65815944359609,2.14387372931037,1,"ns"
"F","1","PR","hour","19","20",0,-0.371428571428571,-2.7724451578818,2.02958801502466,1,"ns"
"F","1","PR","hour","19","21",0,-0.428571428571428,-2.82958801502466,1.9724451578818,1,"ns"
"F","1","PR","hour","19","22",0,-0.8,-3.20101658645323,1.60101658645323,1,"ns"
"F","1","PR","hour","19","23",0,0.171428571428572,-2.22958801502466,2.5724451578818,1,"ns"
"F","1","PR","hour","20","21",0,-0.0571428571428569,-2.45815944359609,2.34387372931037,1,"ns"
"F","1","PR","hour","20","22",0,-0.428571428571429,-2.82958801502466,1.9724451578818,1,"ns"
"F","1","PR","hour","20","23",0,0.542857142857143,-1.85815944359609,2.94387372931037,1,"ns"
"F","1","PR","hour","21","22",0,-0.371428571428572,-2.7724451578818,2.02958801502466,1,"ns"
"F","1","PR","hour","21","23",0,0.6,-1.80101658645323,3.00101658645323,1,"ns"
"F","1","PR","hour","22","23",0,0.971428571428572,-1.42958801502466,3.3724451578818,0.998,"ns"
"F","2","NR","hour","0","1",0,-0.952380952380951,-2.41960443134527,0.514842526583366,0.732,"ns"
"F","2","NR","hour","0","2",0,-0.166666666666666,-1.63389014563098,1.30055681229765,1,"ns"
"F","2","NR","hour","0","3",0,-0.0238095238095237,-1.49103300277384,1.44341395515479,1,"ns"
"F","2","NR","hour","0","4",0,-0.357142857142858,-1.82436633610717,1.11008062182146,1,"ns"
"F","2","NR","hour","0","5",0,-0.285714285714285,-1.7529377646786,1.18150919325003,1,"ns"
"F","2","NR","hour","0","6",0,-0.785714285714285,-2.2529377646786,0.681509193250031,0.942,"ns"
"F","2","NR","hour","0","7",0,-0.976190476190472,-2.44341395515479,0.491033002773845,0.69,"ns"
"F","2","NR","hour","0","8",0,-0.523809523809525,-1.99103300277384,0.943413955154792,1,"ns"
"F","2","NR","hour","0","9",0,-0.619047619047618,-2.08627109801193,0.848175859916699,0.996,"ns"
"F","2","NR","hour","0","10",0,-0.619047619047618,-2.08627109801193,0.848175859916698,0.996,"ns"
"F","2","NR","hour","0","11",0,-0.571428571428575,-2.03865205039289,0.895794907535742,0.999,"ns"
"F","2","NR","hour","0","12",0,0.547619047619049,-0.919604431345268,2.01484252658337,0.999,"ns"
"F","2","NR","hour","0","13",0,2.97619047619047,1.50896699722616,4.44341395515479,2.53e-09,"****"
"F","2","NR","hour","0","14",0,2.02380952380952,0.556586044845207,3.49103300277384,0.000271,"***"
"F","2","NR","hour","0","15",0,1.73809523809524,0.270871759130924,3.20531871705956,0.00489,"**"
"F","2","NR","hour","0","16",0,1.42857142857143,-0.0386520503928871,2.89579490753575,0.0668,"ns"
"F","2","NR","hour","0","17",0,1.19047619047619,-0.276747288488125,2.65769966944051,0.299,"ns"
"F","2","NR","hour","0","18",0,0.642857142857143,-0.824366336107174,2.11008062182146,0.994,"ns"
"F","2","NR","hour","0","19",0,0.0476190476190477,-1.41960443134527,1.51484252658336,1,"ns"
"F","2","NR","hour","0","20",0,-0.452380952380951,-1.91960443134527,1.01484252658337,1,"ns"
"F","2","NR","hour","0","21",0,-0.571428571428571,-2.03865205039289,0.895794907535745,0.999,"ns"
"F","2","NR","hour","0","22",0,-6.66133814775094e-16,-1.46722347896432,1.46722347896432,1,"ns"
"F","2","NR","hour","0","23",0,0.5,-0.967223478964317,1.96722347896432,1,"ns"
"F","2","NR","hour","1","2",0,0.785714285714284,-0.681509193250032,2.2529377646786,0.942,"ns"
"F","2","NR","hour","1","3",0,0.928571428571427,-0.53865205039289,2.39579490753574,0.773,"ns"
"F","2","NR","hour","1","4",0,0.595238095238093,-0.871985383726224,2.06246157420241,0.998,"ns"
"F","2","NR","hour","1","5",0,0.666666666666665,-0.800556812297651,2.13389014563098,0.99,"ns"
"F","2","NR","hour","1","6",0,0.166666666666666,-1.30055681229765,1.63389014563098,1,"ns"
"F","2","NR","hour","1","7",0,-0.0238095238095209,-1.49103300277384,1.4434139551548,1,"ns"
"F","2","NR","hour","1","8",0,0.428571428571426,-1.03865205039289,1.89579490753574,1,"ns"
"F","2","NR","hour","1","9",0,0.333333333333333,-1.13389014563098,1.80055681229765,1,"ns"
"F","2","NR","hour","1","10",0,0.333333333333333,-1.13389014563098,1.80055681229765,1,"ns"
"F","2","NR","hour","1","11",0,0.380952380952376,-1.08627109801194,1.84817585991669,1,"ns"
"F","2","NR","hour","1","12",0,1.5,0.0327765210356827,2.96722347896432,0.0387,"*"
"F","2","NR","hour","1","13",0,3.92857142857142,2.46134794960711,5.39579490753574,2.45e-13,"****"
"F","2","NR","hour","1","14",0,2.97619047619047,1.50896699722616,4.44341395515479,2.53e-09,"****"
"F","2","NR","hour","1","15",0,2.69047619047619,1.22325271151187,4.15769966944051,1.02e-07,"****"
"F","2","NR","hour","1","16",0,2.38095238095238,0.913728901988064,3.8481758599167,4.65e-06,"****"
"F","2","NR","hour","1","17",0,2.14285714285714,0.675633663892826,3.61008062182146,7.34e-05,"****"
"F","2","NR","hour","1","18",0,1.59523809523809,0.128014616273777,3.06246157420241,0.0177,"*"
"F","2","NR","hour","1","19",0,0.999999999999998,-0.467223478964318,2.46722347896432,0.646,"ns"
"F","2","NR","hour","1","20",0,0.499999999999999,-0.967223478964317,1.96722347896432,1,"ns"
"F","2","NR","hour","1","21",0,0.38095238095238,-1.08627109801194,1.8481758599167,1,"ns"
"F","2","NR","hour","1","22",0,0.95238095238095,-0.514842526583366,2.41960443134527,0.732,"ns"
"F","2","NR","hour","1","23",0,1.45238095238095,-0.014842526583366,2.91960443134527,0.056,"ns"
"F","2","NR","hour","2","3",0,0.142857142857143,-1.32436633610717,1.61008062182146,1,"ns"
"F","2","NR","hour","2","4",0,-0.190476190476192,-1.65769966944051,1.27674728848813,1,"ns"
"F","2","NR","hour","2","5",0,-0.119047619047619,-1.58627109801194,1.3481758599167,1,"ns"
"F","2","NR","hour","2","6",0,-0.619047619047619,-2.08627109801194,0.848175859916698,0.996,"ns"
"F","2","NR","hour","2","7",0,-0.809523809523805,-2.27674728848812,0.657699669440511,0.923,"ns"
"F","2","NR","hour","2","8",0,-0.357142857142858,-1.82436633610717,1.11008062182146,1,"ns"
"F","2","NR","hour","2","9",0,-0.452380952380951,-1.91960443134527,1.01484252658337,1,"ns"
"F","2","NR","hour","2","10",0,-0.452380952380952,-1.91960443134527,1.01484252658336,1,"ns"
"F","2","NR","hour","2","11",0,-0.404761904761909,-1.87198538372623,1.06246157420241,1,"ns"
"F","2","NR","hour","2","12",0,0.714285714285715,-0.752937764678602,2.18150919325003,0.978,"ns"
"F","2","NR","hour","2","13",0,3.14285714285714,1.67563366389282,4.61008062182146,2.75e-10,"****"
"F","2","NR","hour","2","14",0,2.19047619047619,0.723252711511873,3.65769966944051,4.29e-05,"****"
"F","2","NR","hour","2","15",0,1.90476190476191,0.43753842579759,3.37198538372622,0.000948,"***"
"F","2","NR","hour","2","16",0,1.5952380952381,0.128014616273779,3.06246157420241,0.0177,"*"
"F","2","NR","hour","2","17",0,1.35714285714286,-0.110080621821459,2.82436633610717,0.111,"ns"
"F","2","NR","hour","2","18",0,0.809523809523809,-0.657699669440508,2.27674728848813,0.923,"ns"
"F","2","NR","hour","2","19",0,0.214285714285714,-1.2529377646786,1.68150919325003,1,"ns"
"F","2","NR","hour","2","20",0,-0.285714285714285,-1.7529377646786,1.18150919325003,1,"ns"
"F","2","NR","hour","2","21",0,-0.404761904761905,-1.87198538372622,1.06246157420241,1,"ns"
"F","2","NR","hour","2","22",0,0.166666666666666,-1.30055681229765,1.63389014563098,1,"ns"
"F","2","NR","hour","2","23",0,0.666666666666666,-0.800556812297651,2.13389014563098,0.99,"ns"
"F","2","NR","hour","3","4",0,-0.333333333333334,-1.80055681229765,1.13389014563098,1,"ns"
"F","2","NR","hour","3","5",0,-0.261904761904762,-1.72912824086908,1.20531871705955,1,"ns"
"F","2","NR","hour","3","6",0,-0.761904761904762,-2.22912824086908,0.705318717059555,0.957,"ns"
"F","2","NR","hour","3","7",0,-0.952380952380948,-2.41960443134526,0.514842526583369,0.732,"ns"
"F","2","NR","hour","3","8",0,-0.500000000000001,-1.96722347896432,0.967223478964316,1,"ns"
"F","2","NR","hour","3","9",0,-0.595238095238094,-2.06246157420241,0.871985383726223,0.998,"ns"
"F","2","NR","hour","3","10",0,-0.595238095238094,-2.06246157420241,0.871985383726222,0.998,"ns"
"F","2","NR","hour","3","11",0,-0.547619047619051,-2.01484252658337,0.919604431345265,0.999,"ns"
"F","2","NR","hour","3","12",0,0.571428571428572,-0.895794907535744,2.03865205039289,0.999,"ns"
"F","2","NR","hour","3","13",0,3,1.53277652103568,4.46722347896431,1.84e-09,"****"
"F","2","NR","hour","3","14",0,2.04761904761905,0.580395568654731,3.51484252658336,0.00021,"***"
"F","2","NR","hour","3","15",0,1.76190476190476,0.294681282940448,3.22912824086908,0.0039,"**"
"F","2","NR","hour","3","16",0,1.45238095238095,-0.0148425265833634,2.91960443134527,0.056,"ns"
"F","2","NR","hour","3","17",0,1.21428571428572,-0.252937764678602,2.68150919325003,0.264,"ns"
"F","2","NR","hour","3","18",0,0.666666666666666,-0.80055681229765,2.13389014563098,0.99,"ns"
"F","2","NR","hour","3","19",0,0.0714285714285714,-1.39579490753575,1.53865205039289,1,"ns"
"F","2","NR","hour","3","20",0,-0.428571428571428,-1.89579490753574,1.03865205039289,1,"ns"
"F","2","NR","hour","3","21",0,-0.547619047619047,-2.01484252658336,0.919604431345269,0.999,"ns"
"F","2","NR","hour","3","22",0,0.0238095238095231,-1.44341395515479,1.49103300277384,1,"ns"
"F","2","NR","hour","3","23",0,0.523809523809524,-0.943413955154793,1.99103300277384,1,"ns"
"F","2","NR","hour","4","5",0,0.0714285714285725,-1.39579490753574,1.53865205039289,1,"ns"
"F","2","NR","hour","4","6",0,-0.428571428571427,-1.89579490753574,1.03865205039289,1,"ns"
"F","2","NR","hour","4","7",0,-0.619047619047614,-2.08627109801193,0.848175859916703,0.996,"ns"
"F","2","NR","hour","4","8",0,-0.166666666666667,-1.63389014563098,1.30055681229765,1,"ns"
"F","2","NR","hour","4","9",0,-0.26190476190476,-1.72912824086908,1.20531871705956,1,"ns"
"F","2","NR","hour","4","10",0,-0.26190476190476,-1.72912824086908,1.20531871705956,1,"ns"
"F","2","NR","hour","4","11",0,-0.214285714285717,-1.68150919325003,1.2529377646786,1,"ns"
"F","2","NR","hour","4","12",0,0.904761904761906,-0.56246157420241,2.37198538372622,0.81,"ns"
"F","2","NR","hour","4","13",0,3.33333333333333,1.86610985436901,4.80055681229765,2.12e-11,"****"
"F","2","NR","hour","4","14",0,2.38095238095238,0.913728901988065,3.8481758599167,4.65e-06,"****"
"F","2","NR","hour","4","15",0,2.0952380952381,0.628014616273782,3.56246157420242,0.000125,"***"
"F","2","NR","hour","4","16",0,1.78571428571429,0.318490806749971,3.2529377646786,0.0031,"**"
"F","2","NR","hour","4","17",0,1.54761904761905,0.0803955686547326,3.01484252658337,0.0264,"*"
"F","2","NR","hour","4","18",0,1,-0.467223478964316,2.46722347896432,0.646,"ns"
"F","2","NR","hour","4","19",0,0.404761904761906,-1.06246157420241,1.87198538372622,1,"ns"
"F","2","NR","hour","4","20",0,-0.0952380952380936,-1.56246157420241,1.37198538372622,1,"ns"
"F","2","NR","hour","4","21",0,-0.214285714285713,-1.68150919325003,1.2529377646786,1,"ns"
"F","2","NR","hour","4","22",0,0.357142857142857,-1.11008062182146,1.82436633610717,1,"ns"
"F","2","NR","hour","4","23",0,0.857142857142858,-0.610080621821459,2.32436633610717,0.874,"ns"
"F","2","NR","hour","5","6",0,-0.5,-1.96722347896432,0.967223478964317,1,"ns"
"F","2","NR","hour","5","7",0,-0.690476190476186,-2.1576996694405,0.77674728848813,0.985,"ns"
"F","2","NR","hour","5","8",0,-0.238095238095239,-1.70531871705956,1.22912824086908,1,"ns"
"F","2","NR","hour","5","9",0,-0.333333333333332,-1.80055681229765,1.13389014563098,1,"ns"
"F","2","NR","hour","5","10",0,-0.333333333333333,-1.80055681229765,1.13389014563098,1,"ns"
"F","2","NR","hour","5","11",0,-0.28571428571429,-1.75293776467861,1.18150919325003,1,"ns"
"F","2","NR","hour","5","12",0,0.833333333333334,-0.633890145630983,2.30055681229765,0.9,"ns"
"F","2","NR","hour","5","13",0,3.26190476190476,1.79468128294044,4.72912824086907,5.55e-11,"****"
"F","2","NR","hour","5","14",0,2.30952380952381,0.842300330559492,3.77674728848813,1.08e-05,"****"
"F","2","NR","hour","5","15",0,2.02380952380953,0.556586044845209,3.49103300277384,0.000271,"***"
"F","2","NR","hour","5","16",0,1.71428571428571,0.247062235321398,3.18150919325003,0.00611,"**"
"F","2","NR","hour","5","17",0,1.47619047619048,0.00896699722616012,2.94341395515479,0.0467,"*"
"F","2","NR","hour","5","18",0,0.928571428571428,-0.538652050392889,2.39579490753574,0.773,"ns"
"F","2","NR","hour","5","19",0,0.333333333333333,-1.13389014563098,1.80055681229765,1,"ns"
"F","2","NR","hour","5","20",0,-0.166666666666666,-1.63389014563098,1.30055681229765,1,"ns"
"F","2","NR","hour","5","21",0,-0.285714285714286,-1.7529377646786,1.18150919325003,1,"ns"
"F","2","NR","hour","5","22",0,0.285714285714285,-1.18150919325003,1.7529377646786,1,"ns"
"F","2","NR","hour","5","23",0,0.785714285714285,-0.681509193250031,2.2529377646786,0.942,"ns"
"F","2","NR","hour","6","7",0,-0.190476190476186,-1.6576996694405,1.27674728848813,1,"ns"
"F","2","NR","hour","6","8",0,0.261904761904761,-1.20531871705956,1.72912824086908,1,"ns"
"F","2","NR","hour","6","9",0,0.166666666666668,-1.30055681229765,1.63389014563098,1,"ns"
"F","2","NR","hour","6","10",0,0.166666666666667,-1.30055681229765,1.63389014563098,1,"ns"
"F","2","NR","hour","6","11",0,0.21428571428571,-1.25293776467861,1.68150919325003,1,"ns"
"F","2","NR","hour","6","12",0,1.33333333333333,-0.133890145630983,2.80055681229765,0.13,"ns"
"F","2","NR","hour","6","13",0,3.76190476190476,2.29468128294044,5.22912824086907,3.1e-13,"****"
"F","2","NR","hour","6","14",0,2.80952380952381,1.34230033055949,4.27674728848813,2.23e-08,"****"
"F","2","NR","hour","6","15",0,2.52380952380953,1.05658604484521,3.99103300277384,8.22e-07,"****"
"F","2","NR","hour","6","16",0,2.21428571428571,0.747062235321398,3.68150919325003,3.27e-05,"****"
"F","2","NR","hour","6","17",0,1.97619047619048,0.50896699722616,3.44341395515479,0.000451,"***"
"F","2","NR","hour","6","18",0,1.42857142857143,-0.0386520503928887,2.89579490753574,0.0668,"ns"
"F","2","NR","hour","6","19",0,0.833333333333333,-0.633890145630984,2.30055681229765,0.9,"ns"
"F","2","NR","hour","6","20",0,0.333333333333334,-1.13389014563098,1.80055681229765,1,"ns"
"F","2","NR","hour","6","21",0,0.214285714285714,-1.2529377646786,1.68150919325003,1,"ns"
"F","2","NR","hour","6","22",0,0.785714285714285,-0.681509193250032,2.2529377646786,0.942,"ns"
"F","2","NR","hour","6","23",0,1.28571428571429,-0.181509193250031,2.7529377646786,0.175,"ns"
"F","2","NR","hour","7","8",0,0.452380952380947,-1.01484252658337,1.91960443134526,1,"ns"
"F","2","NR","hour","7","9",0,0.357142857142854,-1.11008062182146,1.82436633610717,1,"ns"
"F","2","NR","hour","7","10",0,0.357142857142854,-1.11008062182146,1.82436633610717,1,"ns"
"F","2","NR","hour","7","11",0,0.404761904761897,-1.06246157420242,1.87198538372621,1,"ns"
"F","2","NR","hour","7","12",0,1.52380952380952,0.0565860448452036,2.99103300277384,0.032,"*"
"F","2","NR","hour","7","13",0,3.95238095238094,2.48515747341663,5.41960443134526,2.49e-13,"****"
"F","2","NR","hour","7","14",0,3,1.53277652103568,4.46722347896431,1.84e-09,"****"
"F","2","NR","hour","7","15",0,2.71428571428571,1.2470622353214,4.18150919325003,7.55e-08,"****"
"F","2","NR","hour","7","16",0,2.4047619047619,0.937538425797585,3.87198538372622,3.5e-06,"****"
"F","2","NR","hour","7","17",0,2.16666666666666,0.699443187702346,3.63389014563098,5.62e-05,"****"
"F","2","NR","hour","7","18",0,1.61904761904761,0.151824140083298,3.08627109801193,0.0144,"*"
"F","2","NR","hour","7","19",0,1.02380952380952,-0.443413955154797,2.49103300277384,0.6,"ns"
"F","2","NR","hour","7","20",0,0.52380952380952,-0.943413955154796,1.99103300277384,1,"ns"
"F","2","NR","hour","7","21",0,0.404761904761901,-1.06246157420242,1.87198538372622,1,"ns"
"F","2","NR","hour","7","22",0,0.976190476190471,-0.491033002773846,2.44341395515479,0.69,"ns"
"F","2","NR","hour","7","23",0,1.47619047619047,0.00896699722615479,2.94341395515479,0.0467,"*"
"F","2","NR","hour","8","9",0,-0.0952380952380929,-1.56246157420241,1.37198538372622,1,"ns"
"F","2","NR","hour","8","10",0,-0.0952380952380935,-1.56246157420241,1.37198538372622,1,"ns"
"F","2","NR","hour","8","11",0,-0.0476190476190502,-1.51484252658337,1.41960443134527,1,"ns"
"F","2","NR","hour","8","12",0,1.07142857142857,-0.395794907535743,2.53865205039289,0.508,"ns"
"F","2","NR","hour","8","13",0,3.5,2.03277652103568,4.96722347896431,2.38e-12,"****"
"F","2","NR","hour","8","14",0,2.54761904761905,1.08039556865473,4.01484252658337,6.13e-07,"****"
"F","2","NR","hour","8","15",0,2.26190476190477,0.794681282940449,3.72912824086908,1.89e-05,"****"
"F","2","NR","hour","8","16",0,1.95238095238095,0.485157473416638,3.41960443134527,0.000579,"***"
"F","2","NR","hour","8","17",0,1.71428571428572,0.2470622353214,3.18150919325003,0.00611,"**"
"F","2","NR","hour","8","18",0,1.16666666666667,-0.300556812297649,2.63389014563098,0.337,"ns"
"F","2","NR","hour","8","19",0,0.571428571428572,-0.895794907535744,2.03865205039289,0.999,"ns"
"F","2","NR","hour","8","20",0,0.0714285714285733,-1.39579490753574,1.53865205039289,1,"ns"
"F","2","NR","hour","8","21",0,-0.0476190476190465,-1.51484252658336,1.41960443134527,1,"ns"
"F","2","NR","hour","8","22",0,0.523809523809524,-0.943413955154793,1.99103300277384,1,"ns"
"F","2","NR","hour","8","23",0,1.02380952380952,-0.443413955154792,2.49103300277384,0.6,"ns"
"F","2","NR","hour","9","10",0,-5.55111512312578e-16,-1.46722347896432,1.46722347896432,1,"ns"
"F","2","NR","hour","9","11",0,0.0476190476190427,-1.41960443134527,1.51484252658336,1,"ns"
"F","2","NR","hour","9","12",0,1.16666666666667,-0.300556812297651,2.63389014563098,0.337,"ns"
"F","2","NR","hour","9","13",0,3.59523809523809,2.12801461627377,5.06246157420241,8.29e-13,"****"
"F","2","NR","hour","9","14",0,2.64285714285714,1.17563366389282,4.11008062182146,1.87e-07,"****"
"F","2","NR","hour","9","15",0,2.35714285714286,0.889919378178541,3.82436633610717,6.18e-06,"****"
"F","2","NR","hour","9","16",0,2.04761904761905,0.58039556865473,3.51484252658336,0.00021,"***"
"F","2","NR","hour","9","17",0,1.80952380952381,0.342300330559492,3.27674728848813,0.00246,"**"
"F","2","NR","hour","9","18",0,1.26190476190476,-0.205318717059557,2.72912824086908,0.202,"ns"
"F","2","NR","hour","9","19",0,0.666666666666665,-0.800556812297651,2.13389014563098,0.99,"ns"
"F","2","NR","hour","9","20",0,0.166666666666666,-1.30055681229765,1.63389014563098,1,"ns"
"F","2","NR","hour","9","21",0,0.0476190476190465,-1.41960443134527,1.51484252658336,1,"ns"
"F","2","NR","hour","9","22",0,0.619047619047617,-0.8481758599167,2.08627109801193,0.996,"ns"
"F","2","NR","hour","9","23",0,1.11904761904762,-0.348175859916699,2.58627109801193,0.419,"ns"
"F","2","NR","hour","10","11",0,0.0476190476190432,-1.41960443134527,1.51484252658336,1,"ns"
"F","2","NR","hour","10","12",0,1.16666666666667,-0.30055681229765,2.63389014563098,0.337,"ns"
"F","2","NR","hour","10","13",0,3.59523809523809,2.12801461627377,5.06246157420241,8.29e-13,"****"
"F","2","NR","hour","10","14",0,2.64285714285714,1.17563366389282,4.11008062182146,1.87e-07,"****"
"F","2","NR","hour","10","15",0,2.35714285714286,0.889919378178542,3.82436633610718,6.18e-06,"****"
"F","2","NR","hour","10","16",0,2.04761904761905,0.580395568654731,3.51484252658336,0.00021,"***"
"F","2","NR","hour","10","17",0,1.80952380952381,0.342300330559493,3.27674728848813,0.00246,"**"
"F","2","NR","hour","10","18",0,1.26190476190476,-0.205318717059556,2.72912824086908,0.202,"ns"
"F","2","NR","hour","10","19",0,0.666666666666666,-0.800556812297651,2.13389014563098,0.99,"ns"
"F","2","NR","hour","10","20",0,0.166666666666667,-1.30055681229765,1.63389014563098,1,"ns"
"F","2","NR","hour","10","21",0,0.047619047619047,-1.41960443134527,1.51484252658336,1,"ns"
"F","2","NR","hour","10","22",0,0.619047619047618,-0.848175859916699,2.08627109801193,0.996,"ns"
"F","2","NR","hour","10","23",0,1.11904761904762,-0.348175859916699,2.58627109801193,0.419,"ns"
"F","2","NR","hour","11","12",0,1.11904761904762,-0.348175859916693,2.58627109801194,0.419,"ns"
"F","2","NR","hour","11","13",0,3.54761904761905,2.08039556865473,5.01484252658336,1.36e-12,"****"
"F","2","NR","hour","11","14",0,2.5952380952381,1.12801461627378,4.06246157420242,3.39e-07,"****"
"F","2","NR","hour","11","15",0,2.30952380952382,0.842300330559499,3.77674728848813,1.08e-05,"****"
"F","2","NR","hour","11","16",0,2,0.532776521035688,3.46722347896432,0.00035,"***"
"F","2","NR","hour","11","17",0,1.76190476190477,0.29468128294045,3.22912824086908,0.0039,"**"
"F","2","NR","hour","11","18",0,1.21428571428572,-0.252937764678599,2.68150919325003,0.264,"ns"
"F","2","NR","hour","11","19",0,0.619047619047623,-0.848175859916694,2.08627109801194,0.996,"ns"
"F","2","NR","hour","11","20",0,0.119047619047624,-1.34817585991669,1.58627109801194,1,"ns"
"F","2","NR","hour","11","21",0,3.77475828372553e-15,-1.46722347896431,1.46722347896432,1,"ns"
"F","2","NR","hour","11","22",0,0.571428571428574,-0.895794907535742,2.03865205039289,0.999,"ns"
"F","2","NR","hour","11","23",0,1.07142857142857,-0.395794907535742,2.53865205039289,0.508,"ns"
"F","2","NR","hour","12","13",0,2.42857142857142,0.961347949607107,3.89579490753574,2.63e-06,"****"
"F","2","NR","hour","12","14",0,1.47619047619047,0.00896699722615835,2.94341395515479,0.0467,"*"
"F","2","NR","hour","12","15",0,1.19047619047619,-0.276747288488125,2.65769966944051,0.299,"ns"
"F","2","NR","hour","12","16",0,0.880952380952381,-0.586271098011936,2.3481758599167,0.844,"ns"
"F","2","NR","hour","12","17",0,0.642857142857143,-0.824366336107174,2.11008062182146,0.994,"ns"
"F","2","NR","hour","12","18",0,0.095238095238094,-1.37198538372622,1.56246157420241,1,"ns"
"F","2","NR","hour","12","19",0,-0.500000000000001,-1.96722347896432,0.967223478964316,1,"ns"
"F","2","NR","hour","12","20",0,-1,-2.46722347896432,0.467223478964317,0.646,"ns"
"F","2","NR","hour","12","21",0,-1.11904761904762,-2.58627109801194,0.348175859916697,0.419,"ns"
"F","2","NR","hour","12","22",0,-0.547619047619049,-2.01484252658337,0.919604431345267,0.999,"ns"
"F","2","NR","hour","12","23",0,-0.0476190476190488,-1.51484252658337,1.41960443134527,1,"ns"
"F","2","NR","hour","13","14",0,-0.952380952380949,-2.41960443134527,0.514842526583368,0.732,"ns"
"F","2","NR","hour","13","15",0,-1.23809523809523,-2.70531871705955,0.229128240869085,0.231,"ns"
"F","2","NR","hour","13","16",0,-1.54761904761904,-3.01484252658336,-0.0803955686547264,0.0264,"*"
"F","2","NR","hour","13","17",0,-1.78571428571428,-3.2529377646786,-0.318490806749965,0.0031,"**"
"F","2","NR","hour","13","18",0,-2.33333333333333,-3.80055681229765,-0.866109854369013,8.19e-06,"****"
"F","2","NR","hour","13","19",0,-2.92857142857142,-4.39579490753574,-1.46134794960711,4.73e-09,"****"
"F","2","NR","hour","13","20",0,-3.42857142857142,-4.89579490753574,-1.96134794960711,5.95e-12,"****"
"F","2","NR","hour","13","21",0,-3.54761904761904,-5.01484252658336,-2.08039556865473,1.36e-12,"****"
"F","2","NR","hour","13","22",0,-2.97619047619047,-4.44341395515479,-1.50896699722616,2.53e-09,"****"
"F","2","NR","hour","13","23",0,-2.47619047619047,-3.94341395515479,-1.00896699722616,1.47e-06,"****"
"F","2","NR","hour","14","15",0,-0.285714285714283,-1.7529377646786,1.18150919325003,1,"ns"
"F","2","NR","hour","14","16",0,-0.595238095238094,-2.06246157420241,0.871985383726223,0.998,"ns"
"F","2","NR","hour","14","17",0,-0.833333333333332,-2.30055681229765,0.633890145630984,0.9,"ns"
"F","2","NR","hour","14","18",0,-1.38095238095238,-2.8481758599167,0.0862710980119357,0.094,"ns"
"F","2","NR","hour","14","19",0,-1.97619047619048,-3.44341395515479,-0.508966997226159,0.000451,"***"
"F","2","NR","hour","14","20",0,-2.47619047619047,-3.94341395515479,-1.00896699722616,1.47e-06,"****"
"F","2","NR","hour","14","21",0,-2.59523809523809,-4.06246157420241,-1.12801461627378,3.39e-07,"****"
"F","2","NR","hour","14","22",0,-2.02380952380952,-3.49103300277384,-0.556586044845208,0.000271,"***"
"F","2","NR","hour","14","23",0,-1.52380952380952,-2.99103300277384,-0.0565860448452071,0.032,"*"
"F","2","NR","hour","15","16",0,-0.309523809523811,-1.77674728848813,1.15769966944051,1,"ns"
"F","2","NR","hour","15","17",0,-0.547619047619049,-2.01484252658337,0.919604431345267,0.999,"ns"
"F","2","NR","hour","15","18",0,-1.0952380952381,-2.56246157420241,0.371985383726219,0.463,"ns"
"F","2","NR","hour","15","19",0,-1.69047619047619,-3.15769966944051,-0.223252711511876,0.0076,"**"
"F","2","NR","hour","15","20",0,-2.19047619047619,-3.65769966944051,-0.723252711511875,4.29e-05,"****"
"F","2","NR","hour","15","21",0,-2.30952380952381,-3.77674728848813,-0.842300330559495,1.08e-05,"****"
"F","2","NR","hour","15","22",0,-1.73809523809524,-3.20531871705956,-0.270871759130925,0.00489,"**"
"F","2","NR","hour","15","23",0,-1.23809523809524,-2.70531871705956,0.229128240869076,0.231,"ns"
"F","2","NR","hour","16","17",0,-0.238095238095238,-1.70531871705955,1.22912824086908,1,"ns"
"F","2","NR","hour","16","18",0,-0.785714285714287,-2.2529377646786,0.68150919325003,0.942,"ns"
"F","2","NR","hour","16","19",0,-1.38095238095238,-2.8481758599167,0.0862710980119348,0.094,"ns"
"F","2","NR","hour","16","20",0,-1.88095238095238,-3.3481758599167,-0.413728901988064,0.00121,"**"
"F","2","NR","hour","16","21",0,-2,-3.46722347896432,-0.532776521035684,0.00035,"***"
"F","2","NR","hour","16","22",0,-1.42857142857143,-2.89579490753575,0.0386520503928864,0.0668,"ns"
"F","2","NR","hour","16","23",0,-0.92857142857143,-2.39579490753575,0.538652050392887,0.773,"ns"
"F","2","NR","hour","17","18",0,-0.547619047619049,-2.01484252658337,0.919604431345268,0.999,"ns"
"F","2","NR","hour","17","19",0,-1.14285714285714,-2.61008062182146,0.324366336107173,0.377,"ns"
"F","2","NR","hour","17","20",0,-1.64285714285714,-3.11008062182146,-0.175633663892826,0.0117,"*"
"F","2","NR","hour","17","21",0,-1.76190476190476,-3.22912824086908,-0.294681282940446,0.0039,"**"
"F","2","NR","hour","17","22",0,-1.19047619047619,-2.65769966944051,0.276747288488125,0.299,"ns"
"F","2","NR","hour","17","23",0,-0.690476190476192,-2.15769966944051,0.776747288488125,0.985,"ns"
"F","2","NR","hour","18","19",0,-0.595238095238095,-2.06246157420241,0.871985383726222,0.998,"ns"
"F","2","NR","hour","18","20",0,-1.09523809523809,-2.56246157420241,0.371985383726223,0.463,"ns"
"F","2","NR","hour","18","21",0,-1.21428571428571,-2.68150919325003,0.252937764678603,0.264,"ns"
"F","2","NR","hour","18","22",0,-0.642857142857143,-2.11008062182146,0.824366336107173,0.994,"ns"
"F","2","NR","hour","18","23",0,-0.142857142857143,-1.61008062182146,1.32436633610717,1,"ns"
"F","2","NR","hour","19","20",0,-0.499999999999999,-1.96722347896432,0.967223478964317,1,"ns"
"F","2","NR","hour","19","21",0,-0.619047619047619,-2.08627109801194,0.848175859916698,0.996,"ns"
"F","2","NR","hour","19","22",0,-0.0476190476190483,-1.51484252658336,1.41960443134527,1,"ns"
"F","2","NR","hour","19","23",0,0.452380952380952,-1.01484252658336,1.91960443134527,1,"ns"
"F","2","NR","hour","20","21",0,-0.11904761904762,-1.58627109801194,1.3481758599167,1,"ns"
"F","2","NR","hour","20","22",0,0.452380952380951,-1.01484252658337,1.91960443134527,1,"ns"
"F","2","NR","hour","20","23",0,0.952380952380951,-0.514842526583365,2.41960443134527,0.732,"ns"
"F","2","NR","hour","21","22",0,0.571428571428571,-0.895794907535746,2.03865205039289,0.999,"ns"
"F","2","NR","hour","21","23",0,1.07142857142857,-0.395794907535746,2.53865205039289,0.508,"ns"
"F","2","NR","hour","22","23",0,0.5,-0.967223478964316,1.96722347896432,1,"ns"
"F","2","PR","hour","0","1",0,-1.30952380952381,-2.49951518379028,-0.119532435257328,0.015,"*"
"F","2","PR","hour","0","2",0,0.0714285714285754,-1.1185628028379,1.26141994569505,1,"ns"
"F","2","PR","hour","0","3",0,-0.571428571428568,-1.76141994569505,0.618562802837909,0.982,"ns"
"F","2","PR","hour","0","4",0,-0.809523809523809,-1.99951518379029,0.380467564742668,0.649,"ns"
"F","2","PR","hour","0","5",0,-1.11904761904762,-2.30903899331409,0.0709437552188612,0.0948,"ns"
"F","2","PR","hour","0","6",0,-1.26190476190476,-2.45189613617124,-0.0719133876382834,0.0246,"*"
"F","2","PR","hour","0","7",0,-1.38095238095237,-2.57094375521885,-0.190961006685896,0.0068,"**"
"F","2","PR","hour","0","8",0,-1.21428571428572,-2.40427708855219,-0.0242943400192381,0.0396,"*"
"F","2","PR","hour","0","9",0,-0.976190476190469,-2.16618185045695,0.213800898076008,0.279,"ns"
"F","2","PR","hour","0","10",0,-1.04761904761904,-2.23761042188552,0.142372326647433,0.169,"ns"
"F","2","PR","hour","0","11",0,-0.476190476190474,-1.66618185045695,0.713800898076003,0.998,"ns"
"F","2","PR","hour","0","12",0,0.690476190476195,-0.499515183790282,1.88046756474267,0.881,"ns"
"F","2","PR","hour","0","13",0,2.5,1.31000862573352,3.68999137426648,6.17e-10,"****"
"F","2","PR","hour","0","14",0,2.54761904761905,1.35762767335257,3.73761042188553,2.82e-10,"****"
"F","2","PR","hour","0","15",0,2.61904761904763,1.42905624478115,3.8090389933141,8.62e-11,"****"
"F","2","PR","hour","0","16",0,2.1904761904762,1.00048481620972,3.38046756474267,8.97e-08,"****"
"F","2","PR","hour","0","17",0,1.45238095238096,0.262389578114479,2.64237232664743,0.00296,"**"
"F","2","PR","hour","0","18",0,1.47619047619048,0.286199101924,2.66618185045695,0.00222,"**"
"F","2","PR","hour","0","19",0,0.476190476190479,-0.713800898075998,1.66618185045696,0.998,"ns"
"F","2","PR","hour","0","20",0,-0.309523809523806,-1.49951518379028,0.880467564742671,1,"ns"
"F","2","PR","hour","0","21",0,0.0714285714285749,-1.1185628028379,1.26141994569505,1,"ns"
"F","2","PR","hour","0","22",0,-0.166666666666664,-1.35665804093314,1.02332470759981,1,"ns"
"F","2","PR","hour","0","23",0,1.19047619047619,0.000484816209716632,2.38046756474267,0.0498,"*"
"F","2","PR","hour","1","2",0,1.38095238095238,0.190961006685904,2.57094375521886,0.0068,"**"
"F","2","PR","hour","1","3",0,0.738095238095238,-0.451896136171239,1.92808661236171,0.802,"ns"
"F","2","PR","hour","1","4",0,0.499999999999997,-0.68999137426648,1.68999137426647,0.997,"ns"
"F","2","PR","hour","1","5",0,0.190476190476189,-0.999515183790288,1.38046756474267,1,"ns"
"F","2","PR","hour","1","6",0,0.047619047619045,-1.14237232664743,1.23761042188552,1,"ns"
"F","2","PR","hour","1","7",0,-0.0714285714285671,-1.26141994569504,1.11856280283791,1,"ns"
"F","2","PR","hour","1","8",0,0.0952380952380903,-1.09475327902839,1.28522946950457,1,"ns"
"F","2","PR","hour","1","9",0,0.333333333333336,-0.856658040933141,1.52332470759981,1,"ns"
"F","2","PR","hour","1","10",0,0.261904761904761,-0.928086612361716,1.45189613617124,1,"ns"
"F","2","PR","hour","1","11",0,0.833333333333331,-0.356658040933146,2.02332470759981,0.593,"ns"
"F","2","PR","hour","1","12",0,2,0.810008625733523,3.18999137426648,1.67e-06,"****"
"F","2","PR","hour","1","13",0,3.80952380952381,2.61953243525733,4.99951518379028,5.66e-14,"****"
"F","2","PR","hour","1","14",0,3.85714285714285,2.66715148287638,5.04713423140933,5.15e-14,"****"
"F","2","PR","hour","1","15",0,3.92857142857143,2.73858005430495,5.11856280283791,3.94e-14,"****"
"F","2","PR","hour","1","16",0,3.5,2.31000862573352,4.68999137426648,1.59e-13,"****"
"F","2","PR","hour","1","17",0,2.76190476190476,1.57191338763828,3.95189613617124,8.08e-12,"****"
"F","2","PR","hour","1","18",0,2.78571428571428,1.59572291144781,3.97570565998076,5.49e-12,"****"
"F","2","PR","hour","1","19",0,1.78571428571428,0.595722911447807,2.97570565998076,3.78e-05,"****"
"F","2","PR","hour","1","20",0,1,-0.189991374266477,2.18999137426648,0.238,"ns"
"F","2","PR","hour","1","21",0,1.38095238095238,0.190961006685903,2.57094375521886,0.0068,"**"
"F","2","PR","hour","1","22",0,1.14285714285714,-0.0471342314093357,2.33284851712362,0.077,"ns"
"F","2","PR","hour","1","23",0,2.5,1.31000862573352,3.68999137426648,6.17e-10,"****"
"F","2","PR","hour","2","3",0,-0.642857142857143,-1.83284851712362,0.547134231409334,0.937,"ns"
"F","2","PR","hour","2","4",0,-0.880952380952384,-2.07094375521886,0.309038993314093,0.48,"ns"
"F","2","PR","hour","2","5",0,-1.19047619047619,-2.38046756474267,-0.000484816209714412,0.0498,"*"
"F","2","PR","hour","2","6",0,-1.33333333333334,-2.52332470759981,-0.143341959066859,0.0116,"*"
"F","2","PR","hour","2","7",0,-1.45238095238095,-2.64237232664743,-0.262389578114471,0.00296,"**"
"F","2","PR","hour","2","8",0,-1.28571428571429,-2.47570565998077,-0.0957229114478133,0.0193,"*"
"F","2","PR","hour","2","9",0,-1.04761904761904,-2.23761042188552,0.142372326647433,0.169,"ns"
"F","2","PR","hour","2","10",0,-1.11904761904762,-2.3090389933141,0.0709437552188577,0.0948,"ns"
"F","2","PR","hour","2","11",0,-0.54761904761905,-1.73761042188553,0.642372326647427,0.989,"ns"
"F","2","PR","hour","2","12",0,0.619047619047619,-0.570943755218858,1.8090389933141,0.956,"ns"
"F","2","PR","hour","2","13",0,2.42857142857143,1.23858005430495,3.6185628028379,1.99e-09,"****"
"F","2","PR","hour","2","14",0,2.47619047619047,1.286199101924,3.66618185045695,9.13e-10,"****"
"F","2","PR","hour","2","15",0,2.54761904761905,1.35762767335257,3.73761042188553,2.82e-10,"****"
"F","2","PR","hour","2","16",0,2.11904761904762,0.929056244781143,3.3090389933141,2.72e-07,"****"
"F","2","PR","hour","2","17",0,1.38095238095238,0.190961006685904,2.57094375521886,0.0068,"**"
"F","2","PR","hour","2","18",0,1.4047619047619,0.214770530495425,2.59475327902838,0.00517,"**"
"F","2","PR","hour","2","19",0,0.404761904761904,-0.785229469504574,1.59475327902838,1,"ns"
"F","2","PR","hour","2","20",0,-0.380952380952381,-1.57094375521886,0.809038993314096,1,"ns"
"F","2","PR","hour","2","21",0,-4.44089209850063e-16,-1.18999137426648,1.18999137426648,1,"ns"
"F","2","PR","hour","2","22",0,-0.238095238095239,-1.42808661236172,0.951896136171238,1,"ns"
"F","2","PR","hour","2","23",0,1.11904761904762,-0.0709437552188588,2.3090389933141,0.0948,"ns"
"F","2","PR","hour","3","4",0,-0.238095238095241,-1.42808661236172,0.951896136171236,1,"ns"
"F","2","PR","hour","3","5",0,-0.547619047619048,-1.73761042188553,0.642372326647429,0.989,"ns"
"F","2","PR","hour","3","6",0,-0.690476190476193,-1.88046756474267,0.499515183790284,0.881,"ns"
"F","2","PR","hour","3","7",0,-0.809523809523805,-1.99951518379028,0.380467564742672,0.649,"ns"
"F","2","PR","hour","3","8",0,-0.642857142857147,-1.83284851712362,0.54713423140933,0.937,"ns"
"F","2","PR","hour","3","9",0,-0.404761904761901,-1.59475327902838,0.785229469504576,1,"ns"
"F","2","PR","hour","3","10",0,-0.476190476190476,-1.66618185045695,0.713800898076001,0.998,"ns"
"F","2","PR","hour","3","11",0,0.0952380952380933,-1.09475327902838,1.28522946950457,1,"ns"
"F","2","PR","hour","3","12",0,1.26190476190476,0.0719133876382854,2.45189613617124,0.0246,"*"
"F","2","PR","hour","3","13",0,3.07142857142857,1.88143719716209,4.26141994569505,2.93e-13,"****"
"F","2","PR","hour","3","14",0,3.11904761904762,1.92905624478114,4.3090389933141,2.7e-13,"****"
"F","2","PR","hour","3","15",0,3.19047619047619,2.00048481620972,4.38046756474267,2.62e-13,"****"
"F","2","PR","hour","3","16",0,2.76190476190476,1.57191338763829,3.95189613617124,8.08e-12,"****"
"F","2","PR","hour","3","17",0,2.02380952380952,0.833818149543047,3.213800898076,1.17e-06,"****"
"F","2","PR","hour","3","18",0,2.04761904761905,0.857627673352569,3.23761042188552,8.13e-07,"****"
"F","2","PR","hour","3","19",0,1.04761904761905,-0.14237232664743,2.23761042188552,0.169,"ns"
"F","2","PR","hour","3","20",0,0.261904761904762,-0.928086612361715,1.45189613617124,1,"ns"
"F","2","PR","hour","3","21",0,0.642857142857143,-0.547134231409334,1.83284851712362,0.937,"ns"
"F","2","PR","hour","3","22",0,0.404761904761904,-0.785229469504573,1.59475327902838,1,"ns"
"F","2","PR","hour","3","23",0,1.76190476190476,0.571913387638284,2.95189613617124,5.27e-05,"****"
"F","2","PR","hour","4","5",0,-0.309523809523807,-1.49951518379028,0.88046756474267,1,"ns"
"F","2","PR","hour","4","6",0,-0.452380952380952,-1.64237232664743,0.737610421885525,0.999,"ns"
"F","2","PR","hour","4","7",0,-0.571428571428564,-1.76141994569504,0.618562802837913,0.982,"ns"
"F","2","PR","hour","4","8",0,-0.404761904761906,-1.59475327902838,0.785229469504571,1,"ns"
"F","2","PR","hour","4","9",0,-0.16666666666666,-1.35665804093314,1.02332470759982,1,"ns"
"F","2","PR","hour","4","10",0,-0.238095238095235,-1.42808661236171,0.951896136171242,1,"ns"
"F","2","PR","hour","4","11",0,0.333333333333334,-0.856658040933143,1.52332470759981,1,"ns"
"F","2","PR","hour","4","12",0,1.5,0.310008625733526,2.68999137426648,0.00166,"**"
"F","2","PR","hour","4","13",0,3.30952380952381,2.11953243525733,4.49951518379029,2.17e-13,"****"
"F","2","PR","hour","4","14",0,3.35714285714286,2.16715148287638,4.54713423140934,2.11e-13,"****"
"F","2","PR","hour","4","15",0,3.42857142857144,2.23858005430496,4.61856280283791,1.82e-13,"****"
"F","2","PR","hour","4","16",0,3,1.81000862573353,4.18999137426648,3.81e-13,"****"
"F","2","PR","hour","4","17",0,2.26190476190476,1.07191338763829,3.45189613617124,2.91e-08,"****"
"F","2","PR","hour","4","18",0,2.28571428571429,1.09572291144781,3.47570565998076,1.99e-08,"****"
"F","2","PR","hour","4","19",0,1.28571428571429,0.0957229114478106,2.47570565998076,0.0193,"*"
"F","2","PR","hour","4","20",0,0.500000000000003,-0.689991374266474,1.68999137426648,0.997,"ns"
"F","2","PR","hour","4","21",0,0.880952380952384,-0.309038993314093,2.07094375521886,0.48,"ns"
"F","2","PR","hour","4","22",0,0.642857142857145,-0.547134231409332,1.83284851712362,0.937,"ns"
"F","2","PR","hour","4","23",0,2,0.810008625733526,3.18999137426648,1.67e-06,"****"
"F","2","PR","hour","5","6",0,-0.142857142857144,-1.33284851712362,1.04713423140933,1,"ns"
"F","2","PR","hour","5","7",0,-0.261904761904757,-1.45189613617123,0.928086612361721,1,"ns"
"F","2","PR","hour","5","8",0,-0.0952380952380991,-1.28522946950458,1.09475327902838,1,"ns"
"F","2","PR","hour","5","9",0,0.142857142857147,-1.04713423140933,1.33284851712362,1,"ns"
"F","2","PR","hour","5","10",0,0.071428571428572,-1.11856280283791,1.26141994569505,1,"ns"
"F","2","PR","hour","5","11",0,0.642857142857142,-0.547134231409336,1.83284851712362,0.937,"ns"
"F","2","PR","hour","5","12",0,1.80952380952381,0.619532435257333,2.99951518379029,2.7e-05,"****"
"F","2","PR","hour","5","13",0,3.61904761904762,2.42905624478114,4.80903899331409,1.15e-13,"****"
"F","2","PR","hour","5","14",0,3.66666666666667,2.47667529240019,4.85665804093314,9.69e-14,"****"
"F","2","PR","hour","5","15",0,3.73809523809524,2.54810386382877,4.92808661236172,7.47e-14,"****"
"F","2","PR","hour","5","16",0,3.30952380952381,2.11953243525733,4.49951518379029,2.17e-13,"****"
"F","2","PR","hour","5","17",0,2.57142857142857,1.38143719716209,3.76141994569505,1.9e-10,"****"
"F","2","PR","hour","5","18",0,2.59523809523809,1.40524672097162,3.78522946950457,1.28e-10,"****"
"F","2","PR","hour","5","19",0,1.59523809523809,0.405246720971618,2.78522946950457,0.000497,"***"
"F","2","PR","hour","5","20",0,0.80952380952381,-0.380467564742667,1.99951518379029,0.649,"ns"
"F","2","PR","hour","5","21",0,1.19047619047619,0.000484816209713967,2.38046756474267,0.0498,"*"
"F","2","PR","hour","5","22",0,0.952380952380952,-0.237610421885525,2.14237232664743,0.324,"ns"
"F","2","PR","hour","5","23",0,2.30952380952381,1.11953243525733,3.49951518379029,1.36e-08,"****"
"F","2","PR","hour","6","7",0,-0.119047619047612,-1.30903899331409,1.07094375521886,1,"ns"
"F","2","PR","hour","6","8",0,0.0476190476190453,-1.14237232664743,1.23761042188552,1,"ns"
"F","2","PR","hour","6","9",0,0.285714285714291,-0.904277088552186,1.47570565998077,1,"ns"
"F","2","PR","hour","6","10",0,0.214285714285716,-0.975705659980761,1.40427708855219,1,"ns"
"F","2","PR","hour","6","11",0,0.785714285714286,-0.404277088552191,1.97570565998076,0.703,"ns"
"F","2","PR","hour","6","12",0,1.95238095238096,0.762389578114478,3.14237232664743,3.4e-06,"****"
"F","2","PR","hour","6","13",0,3.76190476190476,2.57191338763828,4.95189613617124,7.09e-14,"****"
"F","2","PR","hour","6","14",0,3.80952380952381,2.61953243525733,4.99951518379029,5.66e-14,"****"
"F","2","PR","hour","6","15",0,3.88095238095239,2.69096100668591,5.07094375521886,4.8e-14,"****"
"F","2","PR","hour","6","16",0,3.45238095238096,2.26238957811448,4.64237232664743,1.88e-13,"****"
"F","2","PR","hour","6","17",0,2.71428571428572,1.52429434001924,3.90427708855219,1.77e-11,"****"
"F","2","PR","hour","6","18",0,2.73809523809524,1.54810386382876,3.92808661236172,1.19e-11,"****"
"F","2","PR","hour","6","19",0,1.73809523809524,0.548103863828762,2.92808661236172,7.33e-05,"****"
"F","2","PR","hour","6","20",0,0.952380952380955,-0.237610421885522,2.14237232664743,0.324,"ns"
"F","2","PR","hour","6","21",0,1.33333333333334,0.143341959066858,2.52332470759981,0.0116,"*"
"F","2","PR","hour","6","22",0,1.0952380952381,-0.0947532790283807,2.28522946950457,0.116,"ns"
"F","2","PR","hour","6","23",0,2.45238095238095,1.26238957811448,3.64237232664743,1.35e-09,"****"
"F","2","PR","hour","7","8",0,0.166666666666657,-1.02332470759982,1.35665804093313,1,"ns"
"F","2","PR","hour","7","9",0,0.404761904761904,-0.785229469504574,1.59475327902838,1,"ns"
"F","2","PR","hour","7","10",0,0.333333333333329,-0.856658040933149,1.52332470759981,1,"ns"
"F","2","PR","hour","7","11",0,0.904761904761898,-0.285229469504579,2.09475327902838,0.425,"ns"
"F","2","PR","hour","7","12",0,2.07142857142857,0.88143719716209,3.26141994569504,5.66e-07,"****"
"F","2","PR","hour","7","13",0,3.88095238095237,2.6909610066859,5.07094375521885,4.8e-14,"****"
"F","2","PR","hour","7","14",0,3.92857142857142,2.73858005430495,5.1185628028379,3.94e-14,"****"
"F","2","PR","hour","7","15",0,4,2.81000862573352,5.18999137426648,3.31e-14,"****"
"F","2","PR","hour","7","16",0,3.57142857142857,2.38143719716209,4.76141994569505,1.34e-13,"****"
"F","2","PR","hour","7","17",0,2.83333333333333,1.64334195906685,4.02332470759981,2.58e-12,"****"
"F","2","PR","hour","7","18",0,2.85714285714285,1.66715148287637,4.04713423140933,1.82e-12,"****"
"F","2","PR","hour","7","19",0,1.85714285714285,0.667151482876374,3.04713423140933,1.37e-05,"****"
"F","2","PR","hour","7","20",0,1.07142857142857,-0.11856280283791,2.26141994569504,0.14,"ns"
"F","2","PR","hour","7","21",0,1.45238095238095,0.262389578114471,2.64237232664742,0.00296,"**"
"F","2","PR","hour","7","22",0,1.21428571428571,0.0242943400192315,2.40427708855219,0.0396,"*"
"F","2","PR","hour","7","23",0,2.57142857142857,1.38143719716209,3.76141994569504,1.9e-10,"****"
"F","2","PR","hour","8","9",0,0.238095238095246,-0.951896136171231,1.42808661236172,1,"ns"
"F","2","PR","hour","8","10",0,0.166666666666671,-1.02332470759981,1.35665804093315,1,"ns"
"F","2","PR","hour","8","11",0,0.738095238095241,-0.451896136171236,1.92808661236172,0.802,"ns"
"F","2","PR","hour","8","12",0,1.90476190476191,0.714770530495433,3.09475327902839,6.85e-06,"****"
"F","2","PR","hour","8","13",0,3.71428571428572,2.52429434001924,4.90427708855219,8.17e-14,"****"
"F","2","PR","hour","8","14",0,3.76190476190476,2.57191338763829,4.95189613617124,7.09e-14,"****"
"F","2","PR","hour","8","15",0,3.83333333333334,2.64334195906686,5.02332470759982,5.41e-14,"****"
"F","2","PR","hour","8","16",0,3.40476190476191,2.21477053049543,4.59475327902839,1.94e-13,"****"
"F","2","PR","hour","8","17",0,2.66666666666667,1.47667529240019,3.85665804093315,3.91e-11,"****"
"F","2","PR","hour","8","18",0,2.69047619047619,1.50048481620972,3.88046756474267,2.63e-11,"****"
"F","2","PR","hour","8","19",0,1.69047619047619,0.500484816209717,2.88046756474267,0.000141,"***"
"F","2","PR","hour","8","20",0,0.904761904761909,-0.285229469504568,2.09475327902839,0.425,"ns"
"F","2","PR","hour","8","21",0,1.28571428571429,0.0957229114478129,2.47570565998077,0.0193,"*"
"F","2","PR","hour","8","22",0,1.04761904761905,-0.142372326647426,2.23761042188553,0.169,"ns"
"F","2","PR","hour","8","23",0,2.40476190476191,1.21477053049543,3.59475327902839,2.93e-09,"****"
"F","2","PR","hour","9","10",0,-0.0714285714285751,-1.26141994569505,1.1185628028379,1,"ns"
"F","2","PR","hour","9","11",0,0.499999999999995,-0.689991374266483,1.68999137426647,0.997,"ns"
"F","2","PR","hour","9","12",0,1.66666666666666,0.476675292400187,2.85665804093314,0.000194,"***"
"F","2","PR","hour","9","13",0,3.47619047619047,2.28619910192399,4.66618185045695,1.71e-13,"****"
"F","2","PR","hour","9","14",0,3.52380952380952,2.33381814954304,4.713800898076,1.49e-13,"****"
"F","2","PR","hour","9","15",0,3.5952380952381,2.40524672097162,4.78522946950457,1.22e-13,"****"
"F","2","PR","hour","9","16",0,3.16666666666666,1.97667529240019,4.35665804093314,2.48e-13,"****"
"F","2","PR","hour","9","17",0,2.42857142857143,1.23858005430495,3.6185628028379,1.99e-09,"****"
"F","2","PR","hour","9","18",0,2.45238095238095,1.26238957811447,3.64237232664742,1.35e-09,"****"
"F","2","PR","hour","9","19",0,1.45238095238095,0.262389578114471,2.64237232664743,0.00296,"**"
"F","2","PR","hour","9","20",0,0.666666666666663,-0.523324707599814,1.85665804093314,0.912,"ns"
"F","2","PR","hour","9","21",0,1.04761904761904,-0.142372326647433,2.23761042188552,0.169,"ns"
"F","2","PR","hour","9","22",0,0.809523809523805,-0.380467564742672,1.99951518379028,0.649,"ns"
"F","2","PR","hour","9","23",0,2.16666666666666,0.976675292400186,3.35665804093314,1.3e-07,"****"
"F","2","PR","hour","10","11",0,0.57142857142857,-0.618562802837908,1.76141994569505,0.982,"ns"
"F","2","PR","hour","10","12",0,1.73809523809524,0.548103863828762,2.92808661236172,7.33e-05,"****"
"F","2","PR","hour","10","13",0,3.54761904761905,2.35762767335257,4.73761042188552,1.46e-13,"****"
"F","2","PR","hour","10","14",0,3.59523809523809,2.40524672097162,4.78522946950457,1.22e-13,"****"
"F","2","PR","hour","10","15",0,3.66666666666667,2.47667529240019,4.85665804093315,9.69e-14,"****"
"F","2","PR","hour","10","16",0,3.23809523809524,2.04810386382876,4.42808661236172,2.37e-13,"****"
"F","2","PR","hour","10","17",0,2.5,1.31000862573352,3.68999137426648,6.17e-10,"****"
"F","2","PR","hour","10","18",0,2.52380952380952,1.33381814954304,3.713800898076,4.17e-10,"****"
"F","2","PR","hour","10","19",0,1.52380952380952,0.333818149543046,2.713800898076,0.00123,"**"
"F","2","PR","hour","10","20",0,0.738095238095238,-0.451896136171239,1.92808661236172,0.802,"ns"
"F","2","PR","hour","10","21",0,1.11904761904762,-0.0709437552188581,2.3090389933141,0.0948,"ns"
"F","2","PR","hour","10","22",0,0.88095238095238,-0.309038993314097,2.07094375521886,0.48,"ns"
"F","2","PR","hour","10","23",0,2.23809523809524,1.04810386382876,3.42808661236172,4.24e-08,"****"
"F","2","PR","hour","11","12",0,1.16666666666667,-0.023324707599808,2.35665804093315,0.0621,"ns"
"F","2","PR","hour","11","13",0,2.97619047619048,1.786199101924,4.16618185045695,4.52e-13,"****"
"F","2","PR","hour","11","14",0,3.02380952380952,1.83381814954305,4.213800898076,3.4e-13,"****"
"F","2","PR","hour","11","15",0,3.0952380952381,1.90524672097162,4.28522946950458,2.72e-13,"****"
"F","2","PR","hour","11","16",0,2.66666666666667,1.47667529240019,3.85665804093315,3.91e-11,"****"
"F","2","PR","hour","11","17",0,1.92857142857143,0.738580054304953,3.11856280283791,4.83e-06,"****"
"F","2","PR","hour","11","18",0,1.95238095238095,0.762389578114475,3.14237232664743,3.4e-06,"****"
"F","2","PR","hour","11","19",0,0.952380952380953,-0.237610421885524,2.14237232664743,0.324,"ns"
"F","2","PR","hour","11","20",0,0.166666666666669,-1.02332470759981,1.35665804093315,1,"ns"
"F","2","PR","hour","11","21",0,0.547619047619049,-0.642372326647428,1.73761042188553,0.989,"ns"
"F","2","PR","hour","11","22",0,0.30952380952381,-0.880467564742667,1.49951518379029,1,"ns"
"F","2","PR","hour","11","23",0,1.66666666666667,0.476675292400191,2.85665804093315,0.000194,"***"
"F","2","PR","hour","12","13",0,1.80952380952381,0.619532435257329,2.99951518379028,2.7e-05,"****"
"F","2","PR","hour","12","14",0,1.85714285714285,0.667151482876378,3.04713423140933,1.37e-05,"****"
"F","2","PR","hour","12","15",0,1.92857142857143,0.738580054304954,3.11856280283791,4.83e-06,"****"
"F","2","PR","hour","12","16",0,1.5,0.310008625733524,2.68999137426648,0.00166,"**"
"F","2","PR","hour","12","17",0,0.761904761904761,-0.428086612361716,1.95189613617124,0.755,"ns"
"F","2","PR","hour","12","18",0,0.785714285714283,-0.404277088552194,1.97570565998076,0.703,"ns"
"F","2","PR","hour","12","19",0,-0.214285714285716,-1.40427708855219,0.975705659980761,1,"ns"
"F","2","PR","hour","12","20",0,-1,-2.18999137426648,0.189991374266477,0.238,"ns"
"F","2","PR","hour","12","21",0,-0.61904761904762,-1.8090389933141,0.570943755218857,0.956,"ns"
"F","2","PR","hour","12","22",0,-0.857142857142859,-2.04713423140934,0.332848517123618,0.536,"ns"
"F","2","PR","hour","12","23",0,0.499999999999999,-0.689991374266478,1.68999137426648,0.997,"ns"
"F","2","PR","hour","13","14",0,0.0476190476190483,-1.14237232664743,1.23761042188553,1,"ns"
"F","2","PR","hour","13","15",0,0.119047619047625,-1.07094375521885,1.3090389933141,1,"ns"
"F","2","PR","hour","13","16",0,-0.309523809523806,-1.49951518379028,0.880467564742671,1,"ns"
"F","2","PR","hour","13","17",0,-1.04761904761905,-2.23761042188552,0.142372326647432,0.169,"ns"
"F","2","PR","hour","13","18",0,-1.02380952380952,-2.213800898076,0.166181850456953,0.201,"ns"
"F","2","PR","hour","13","19",0,-2.02380952380952,-3.213800898076,-0.833818149543045,1.17e-06,"****"
"F","2","PR","hour","13","20",0,-2.80952380952381,-3.99951518379028,-1.61953243525733,3.76e-12,"****"
"F","2","PR","hour","13","21",0,-2.42857142857143,-3.6185628028379,-1.23858005430495,1.99e-09,"****"
"F","2","PR","hour","13","22",0,-2.66666666666667,-3.85665804093314,-1.47667529240019,3.91e-11,"****"
"F","2","PR","hour","13","23",0,-1.30952380952381,-2.49951518379028,-0.11953243525733,0.015,"*"
"F","2","PR","hour","14","15",0,0.0714285714285765,-1.1185628028379,1.26141994569505,1,"ns"
"F","2","PR","hour","14","16",0,-0.357142857142854,-1.54713423140933,0.832848517123623,1,"ns"
"F","2","PR","hour","14","17",0,-1.09523809523809,-2.28522946950457,0.0947532790283836,0.116,"ns"
"F","2","PR","hour","14","18",0,-1.07142857142857,-2.26141994569505,0.118562802837905,0.14,"ns"
"F","2","PR","hour","14","19",0,-2.07142857142857,-3.26141994569505,-0.881437197162094,5.66e-07,"****"
"F","2","PR","hour","14","20",0,-2.85714285714286,-4.04713423140933,-1.66715148287638,1.82e-12,"****"
"F","2","PR","hour","14","21",0,-2.47619047619047,-3.66618185045695,-1.286199101924,9.13e-10,"****"
"F","2","PR","hour","14","22",0,-2.71428571428571,-3.90427708855219,-1.52429434001924,1.77e-11,"****"
"F","2","PR","hour","14","23",0,-1.35714285714286,-2.54713423140933,-0.167151482876379,0.00889,"**"
"F","2","PR","hour","15","16",0,-0.428571428571431,-1.61856280283791,0.761419945695047,1,"ns"
"F","2","PR","hour","15","17",0,-1.16666666666667,-2.35665804093315,0.0233247075998071,0.0621,"ns"
"F","2","PR","hour","15","18",0,-1.14285714285715,-2.33284851712363,0.0471342314093286,0.077,"ns"
"F","2","PR","hour","15","19",0,-2.14285714285715,-3.33284851712362,-0.95286576859067,1.88e-07,"****"
"F","2","PR","hour","15","20",0,-2.92857142857143,-4.11856280283791,-1.73858005430495,7.09e-13,"****"
"F","2","PR","hour","15","21",0,-2.54761904761905,-3.73761042188553,-1.35762767335257,2.82e-10,"****"
"F","2","PR","hour","15","22",0,-2.78571428571429,-3.97570565998077,-1.59572291144781,5.49e-12,"****"
"F","2","PR","hour","15","23",0,-1.42857142857143,-2.61856280283791,-0.238580054304955,0.00392,"**"
"F","2","PR","hour","16","17",0,-0.738095238095239,-1.92808661236172,0.451896136171238,0.802,"ns"
"F","2","PR","hour","16","18",0,-0.714285714285718,-1.9042770885522,0.475705659980759,0.844,"ns"
"F","2","PR","hour","16","19",0,-1.71428571428572,-2.90427708855219,-0.524294340019239,0.000102,"***"
"F","2","PR","hour","16","20",0,-2.5,-3.68999137426648,-1.31000862573352,6.17e-10,"****"
"F","2","PR","hour","16","21",0,-2.11904761904762,-3.3090389933141,-0.929056244781143,2.72e-07,"****"
"F","2","PR","hour","16","22",0,-2.35714285714286,-3.54713423140934,-1.16715148287638,6.33e-09,"****"
"F","2","PR","hour","16","23",0,-1,-2.18999137426648,0.189991374266475,0.238,"ns"
"F","2","PR","hour","17","18",0,0.0238095238095215,-1.16618185045696,1.213800898076,1,"ns"
"F","2","PR","hour","17","19",0,-0.976190476190477,-2.16618185045695,0.213800898076,0.279,"ns"
"F","2","PR","hour","17","20",0,-1.76190476190476,-2.95189613617124,-0.571913387638285,5.27e-05,"****"
"F","2","PR","hour","17","21",0,-1.38095238095238,-2.57094375521886,-0.190961006685904,0.0068,"**"
"F","2","PR","hour","17","22",0,-1.61904761904762,-2.8090389933141,-0.429056244781143,0.000365,"***"
"F","2","PR","hour","17","23",0,-0.261904761904762,-1.45189613617124,0.928086612361715,1,"ns"
"F","2","PR","hour","18","19",0,-0.999999999999999,-2.18999137426648,0.189991374266478,0.238,"ns"
"F","2","PR","hour","18","20",0,-1.78571428571428,-2.97570565998076,-0.595722911447806,3.78e-05,"****"
"F","2","PR","hour","18","21",0,-1.4047619047619,-2.59475327902838,-0.214770530495425,0.00517,"**"
"F","2","PR","hour","18","22",0,-1.64285714285714,-2.83284851712362,-0.452865768590665,0.000266,"***"
"F","2","PR","hour","18","23",0,-0.285714285714284,-1.47570565998076,0.904277088552193,1,"ns"
"F","2","PR","hour","19","20",0,-0.785714285714285,-1.97570565998076,0.404277088552192,0.703,"ns"
"F","2","PR","hour","19","21",0,-0.404761904761904,-1.59475327902838,0.785229469504573,1,"ns"
"F","2","PR","hour","19","22",0,-0.642857142857143,-1.83284851712362,0.547134231409334,0.937,"ns"
"F","2","PR","hour","19","23",0,0.714285714285715,-0.475705659980762,1.90427708855219,0.844,"ns"
"F","2","PR","hour","20","21",0,0.380952380952381,-0.809038993314096,1.57094375521886,1,"ns"
"F","2","PR","hour","20","22",0,0.142857142857142,-1.04713423140934,1.33284851712362,1,"ns"
"F","2","PR","hour","20","23",0,1.5,0.310008625733522,2.68999137426648,0.00166,"**"
"F","2","PR","hour","21","22",0,-0.238095238095239,-1.42808661236172,0.951896136171238,1,"ns"
"F","2","PR","hour","21","23",0,1.11904761904762,-0.0709437552188583,2.3090389933141,0.0948,"ns"
"F","2","PR","hour","22","23",0,1.35714285714286,0.167151482876381,2.54713423140934,0.00889,"**"
"M","1","NR","hour","0","1",0,0.0476190476190479,-1.05452349499817,1.14976159023626,1,"ns"
"M","1","NR","hour","0","2",0,-0.523809523809523,-1.62595206642674,0.57833301880769,0.984,"ns"
"M","1","NR","hour","0","3",0,-0.404761904761905,-1.50690444737912,0.697380637855308,1,"ns"
"M","1","NR","hour","0","4",0,-0.714285714285715,-1.81642825690293,0.387856828331498,0.735,"ns"
"M","1","NR","hour","0","5",0,-1.02380952380952,-2.12595206642674,0.0783330188076907,0.106,"ns"
"M","1","NR","hour","0","6",0,-1.02380952380952,-2.12595206642674,0.0783330188076887,0.106,"ns"
"M","1","NR","hour","0","7",0,-0.928571428571426,-2.03071397118864,0.173571114045787,0.234,"ns"
"M","1","NR","hour","0","8",0,-0.857142857142857,-1.95928539976007,0.244999685474356,0.38,"ns"
"M","1","NR","hour","0","9",0,-0.738095238095237,-1.84023778071245,0.364047304521976,0.678,"ns"
"M","1","NR","hour","0","10",0,-0.928571428571428,-2.03071397118864,0.173571114045785,0.234,"ns"
"M","1","NR","hour","0","11",0,-0.785714285714288,-1.8878568283315,0.316428256902925,0.557,"ns"
"M","1","NR","hour","0","12",0,0.190476190476192,-0.911666352141021,1.2926187330934,1,"ns"
"M","1","NR","hour","0","13",0,1.21428571428571,0.112143171668502,2.31642825690293,0.0147,"*"
"M","1","NR","hour","0","14",0,1.9047619047619,0.802619362144692,3.00690444737912,7.1e-07,"****"
"M","1","NR","hour","0","15",0,1.64285714285714,0.540714600239931,2.74499968547436,4.46e-05,"****"
"M","1","NR","hour","0","16",0,1.19047619047619,0.0883336478589787,2.2926187330934,0.0193,"*"
"M","1","NR","hour","0","17",0,0.738095238095239,-0.364047304521974,1.84023778071245,0.678,"ns"
"M","1","NR","hour","0","18",0,1.07142857142857,-0.0307139711886413,2.17357111404578,0.0679,"ns"
"M","1","NR","hour","0","19",0,0.142857142857143,-0.95928539976007,1.24499968547436,1,"ns"
"M","1","NR","hour","0","20",0,-0.19047619047619,-1.2926187330934,0.911666352141023,1,"ns"
"M","1","NR","hour","0","21",0,-0.285714285714285,-1.3878568283315,0.816428256902928,1,"ns"
"M","1","NR","hour","0","22",0,-0.69047619047619,-1.7926187330934,0.411666352141023,0.788,"ns"
"M","1","NR","hour","0","23",0,0.476190476190477,-0.625952066426736,1.57833301880769,0.995,"ns"
"M","1","NR","hour","1","2",0,-0.571428571428571,-1.67357111404578,0.530713971188642,0.958,"ns"
"M","1","NR","hour","1","3",0,-0.452380952380953,-1.55452349499817,0.64976159023626,0.998,"ns"
"M","1","NR","hour","1","4",0,-0.761904761904763,-1.86404730452198,0.34023778071245,0.618,"ns"
"M","1","NR","hour","1","5",0,-1.07142857142857,-2.17357111404578,0.0307139711886428,0.0679,"ns"
"M","1","NR","hour","1","6",0,-1.07142857142857,-2.17357111404579,0.0307139711886408,0.0679,"ns"
"M","1","NR","hour","1","7",0,-0.976190476190474,-2.07833301880769,0.125952066426739,0.161,"ns"
"M","1","NR","hour","1","8",0,-0.904761904761905,-2.00690444737912,0.197380637855308,0.278,"ns"
"M","1","NR","hour","1","9",0,-0.785714285714285,-1.8878568283315,0.316428256902928,0.557,"ns"
"M","1","NR","hour","1","10",0,-0.976190476190476,-2.07833301880769,0.125952066426737,0.161,"ns"
"M","1","NR","hour","1","11",0,-0.833333333333336,-1.93547587595055,0.268809209283877,0.437,"ns"
"M","1","NR","hour","1","12",0,0.142857142857144,-0.959285399760069,1.24499968547436,1,"ns"
"M","1","NR","hour","1","13",0,1.16666666666667,0.0645241240494536,2.26880920928388,0.0252,"*"
"M","1","NR","hour","1","14",0,1.85714285714286,0.755000314525644,2.95928539976007,1.54e-06,"****"
"M","1","NR","hour","1","15",0,1.5952380952381,0.493095552620883,2.69738063785531,9.1e-05,"****"
"M","1","NR","hour","1","16",0,1.14285714285714,0.0407146002399308,2.24499968547436,0.0327,"*"
"M","1","NR","hour","1","17",0,0.690476190476191,-0.411666352141022,1.7926187330934,0.788,"ns"
"M","1","NR","hour","1","18",0,1.02380952380952,-0.0783330188076892,2.12595206642674,0.106,"ns"
"M","1","NR","hour","1","19",0,0.0952380952380951,-1.00690444737912,1.19738063785531,1,"ns"
"M","1","NR","hour","1","20",0,-0.238095238095238,-1.34023778071245,0.864047304521975,1,"ns"
"M","1","NR","hour","1","21",0,-0.333333333333333,-1.43547587595055,0.76880920928388,1,"ns"
"M","1","NR","hour","1","22",0,-0.738095238095238,-1.84023778071245,0.364047304521975,0.678,"ns"
"M","1","NR","hour","1","23",0,0.428571428571429,-0.673571114045784,1.53071397118864,0.999,"ns"
"M","1","NR","hour","2","3",0,0.119047619047618,-0.983094923569595,1.22119016166483,1,"ns"
"M","1","NR","hour","2","4",0,-0.190476190476192,-1.29261873309341,0.911666352141021,1,"ns"
"M","1","NR","hour","2","5",0,-0.499999999999999,-1.60214254261721,0.602142542617214,0.991,"ns"
"M","1","NR","hour","2","6",0,-0.500000000000001,-1.60214254261721,0.602142542617212,0.991,"ns"
"M","1","NR","hour","2","7",0,-0.404761904761903,-1.50690444737912,0.69738063785531,1,"ns"
"M","1","NR","hour","2","8",0,-0.333333333333334,-1.43547587595055,0.768809209283879,1,"ns"
"M","1","NR","hour","2","9",0,-0.214285714285714,-1.31642825690293,0.887856828331499,1,"ns"
"M","1","NR","hour","2","10",0,-0.404761904761905,-1.50690444737912,0.697380637855308,1,"ns"
"M","1","NR","hour","2","11",0,-0.261904761904765,-1.36404730452198,0.840237780712447,1,"ns"
"M","1","NR","hour","2","12",0,0.714285714285715,-0.387856828331498,1.81642825690293,0.735,"ns"
"M","1","NR","hour","2","13",0,1.73809523809524,0.635952695478024,2.84023778071245,1.03e-05,"****"
"M","1","NR","hour","2","14",0,2.42857142857143,1.32642888595421,3.53071397118864,8.19e-11,"****"
"M","1","NR","hour","2","15",0,2.16666666666667,1.06452412404945,3.26880920928388,8.42e-09,"****"
"M","1","NR","hour","2","16",0,1.71428571428571,0.612143171668502,2.81642825690293,1.49e-05,"****"
"M","1","NR","hour","2","17",0,1.26190476190476,0.159762219287549,2.36404730452197,0.00837,"**"
"M","1","NR","hour","2","18",0,1.59523809523809,0.493095552620882,2.69738063785531,9.1e-05,"****"
"M","1","NR","hour","2","19",0,0.666666666666666,-0.435475875950547,1.76880920928388,0.835,"ns"
"M","1","NR","hour","2","20",0,0.333333333333333,-0.76880920928388,1.43547587595055,1,"ns"
"M","1","NR","hour","2","21",0,0.238095238095238,-0.864047304521975,1.34023778071245,1,"ns"
"M","1","NR","hour","2","22",0,-0.166666666666667,-1.26880920928388,0.935475875950545,1,"ns"
"M","1","NR","hour","2","23",0,1,-0.102142542617213,2.10214254261721,0.131,"ns"
"M","1","NR","hour","3","4",0,-0.30952380952381,-1.41166635214102,0.792618733093403,1,"ns"
"M","1","NR","hour","3","5",0,-0.619047619047617,-1.72119016166483,0.483094923569596,0.91,"ns"
"M","1","NR","hour","3","6",0,-0.619047619047619,-1.72119016166483,0.483094923569594,0.91,"ns"
"M","1","NR","hour","3","7",0,-0.523809523809521,-1.62595206642673,0.578333018807692,0.984,"ns"
"M","1","NR","hour","3","8",0,-0.452380952380952,-1.55452349499816,0.649761590236261,0.998,"ns"
"M","1","NR","hour","3","9",0,-0.333333333333332,-1.43547587595054,0.768809209283881,1,"ns"
"M","1","NR","hour","3","10",0,-0.523809523809522,-1.62595206642674,0.578333018807691,0.984,"ns"
"M","1","NR","hour","3","11",0,-0.380952380952383,-1.4830949235696,0.72119016166483,1,"ns"
"M","1","NR","hour","3","12",0,0.595238095238097,-0.506904447379116,1.69738063785531,0.937,"ns"
"M","1","NR","hour","3","13",0,1.61904761904762,0.516905076430407,2.72119016166483,6.38e-05,"****"
"M","1","NR","hour","3","14",0,2.30952380952381,1.2073812669066,3.41166635214102,6.86e-10,"****"
"M","1","NR","hour","3","15",0,2.04761904761905,0.945476505001836,3.14976159023626,6.51e-08,"****"
"M","1","NR","hour","3","16",0,1.5952380952381,0.493095552620884,2.69738063785531,9.1e-05,"****"
"M","1","NR","hour","3","17",0,1.14285714285714,0.040714600239931,2.24499968547436,0.0327,"*"
"M","1","NR","hour","3","18",0,1.47619047619048,0.374047933573264,2.57833301880769,0.000506,"***"
"M","1","NR","hour","3","19",0,0.547619047619048,-0.554523494998165,1.64976159023626,0.973,"ns"
"M","1","NR","hour","3","20",0,0.214285714285716,-0.887856828331497,1.31642825690293,1,"ns"
"M","1","NR","hour","3","21",0,0.11904761904762,-0.983094923569593,1.22119016166483,1,"ns"
"M","1","NR","hour","3","22",0,-0.285714285714285,-1.3878568283315,0.816428256902928,1,"ns"
"M","1","NR","hour","3","23",0,0.880952380952382,-0.221190161664831,1.98309492356959,0.327,"ns"
"M","1","NR","hour","4","5",0,-0.309523809523807,-1.41166635214102,0.792618733093406,1,"ns"
"M","1","NR","hour","4","6",0,-0.309523809523809,-1.41166635214102,0.792618733093404,1,"ns"
"M","1","NR","hour","4","7",0,-0.214285714285711,-1.31642825690292,0.887856828331502,1,"ns"
"M","1","NR","hour","4","8",0,-0.142857142857142,-1.24499968547436,0.959285399760071,1,"ns"
"M","1","NR","hour","4","9",0,-0.0238095238095221,-1.12595206642674,1.07833301880769,1,"ns"
"M","1","NR","hour","4","10",0,-0.214285714285713,-1.31642825690293,0.8878568283315,1,"ns"
"M","1","NR","hour","4","11",0,-0.0714285714285732,-1.17357111404579,1.03071397118864,1,"ns"
"M","1","NR","hour","4","12",0,0.904761904761907,-0.197380637855306,2.00690444737912,0.278,"ns"
"M","1","NR","hour","4","13",0,1.92857142857143,0.826428885954217,3.03071397118864,4.79e-07,"****"
"M","1","NR","hour","4","14",0,2.61904761904762,1.51690507643041,3.72119016166483,2.81e-12,"****"
"M","1","NR","hour","4","15",0,2.35714285714286,1.25500031452565,3.45928539976007,2.94e-10,"****"
"M","1","NR","hour","4","16",0,1.90476190476191,0.802619362144694,3.00690444737912,7.1e-07,"****"
"M","1","NR","hour","4","17",0,1.45238095238095,0.350238409763741,2.55452349499817,0.000705,"***"
"M","1","NR","hour","4","18",0,1.78571428571429,0.683571743097074,2.8878568283315,4.86e-06,"****"
"M","1","NR","hour","4","19",0,0.857142857142858,-0.244999685474355,1.95928539976007,0.38,"ns"
"M","1","NR","hour","4","20",0,0.523809523809525,-0.578333018807688,1.62595206642674,0.984,"ns"
"M","1","NR","hour","4","21",0,0.42857142857143,-0.673571114045783,1.53071397118864,0.999,"ns"
"M","1","NR","hour","4","22",0,0.0238095238095248,-1.07833301880769,1.12595206642674,1,"ns"
"M","1","NR","hour","4","23",0,1.19047619047619,0.0883336478589789,2.2926187330934,0.0193,"*"
"M","1","NR","hour","5","6",0,-1.88737914186277e-15,-1.10214254261721,1.10214254261721,1,"ns"
"M","1","NR","hour","5","7",0,0.0952380952380961,-1.00690444737912,1.19738063785531,1,"ns"
"M","1","NR","hour","5","8",0,0.166666666666665,-0.935475875950548,1.26880920928388,1,"ns"
"M","1","NR","hour","5","9",0,0.285714285714285,-0.816428256902928,1.3878568283315,1,"ns"
"M","1","NR","hour","5","10",0,0.0952380952380946,-1.00690444737912,1.19738063785531,1,"ns"
"M","1","NR","hour","5","11",0,0.238095238095234,-0.864047304521979,1.34023778071245,1,"ns"
"M","1","NR","hour","5","12",0,1.21428571428571,0.112143171668501,2.31642825690293,0.0147,"*"
"M","1","NR","hour","5","13",0,2.23809523809524,1.13595269547802,3.34023778071245,2.42e-09,"****"
"M","1","NR","hour","5","14",0,2.92857142857143,1.82642888595421,4.03071397118864,2.53e-13,"****"
"M","1","NR","hour","5","15",0,2.66666666666667,1.56452412404945,3.76880920928388,1.32e-12,"****"
"M","1","NR","hour","5","16",0,2.21428571428571,1.1121431716685,3.31642825690293,3.67e-09,"****"
"M","1","NR","hour","5","17",0,1.76190476190476,0.659762219287548,2.86404730452197,7.09e-06,"****"
"M","1","NR","hour","5","18",0,2.09523809523809,0.993095552620881,3.19738063785531,2.89e-08,"****"
"M","1","NR","hour","5","19",0,1.16666666666667,0.0645241240494523,2.26880920928388,0.0252,"*"
"M","1","NR","hour","5","20",0,0.833333333333332,-0.268809209283881,1.93547587595055,0.437,"ns"
"M","1","NR","hour","5","21",0,0.738095238095237,-0.364047304521976,1.84023778071245,0.678,"ns"
"M","1","NR","hour","5","22",0,0.333333333333332,-0.768809209283881,1.43547587595054,1,"ns"
"M","1","NR","hour","5","23",0,1.5,0.397857457382786,2.60214254261721,0.000362,"***"
"M","1","NR","hour","6","7",0,0.095238095238098,-1.00690444737911,1.19738063785531,1,"ns"
"M","1","NR","hour","6","8",0,0.166666666666667,-0.935475875950546,1.26880920928388,1,"ns"
"M","1","NR","hour","6","9",0,0.285714285714287,-0.816428256902926,1.3878568283315,1,"ns"
"M","1","NR","hour","6","10",0,0.0952380952380965,-1.00690444737912,1.19738063785531,1,"ns"
"M","1","NR","hour","6","11",0,0.238095238095236,-0.864047304521977,1.34023778071245,1,"ns"
"M","1","NR","hour","6","12",0,1.21428571428572,0.112143171668503,2.31642825690293,0.0147,"*"
"M","1","NR","hour","6","13",0,2.23809523809524,1.13595269547803,3.34023778071245,2.42e-09,"****"
"M","1","NR","hour","6","14",0,2.92857142857143,1.82642888595422,4.03071397118864,2.53e-13,"****"
"M","1","NR","hour","6","15",0,2.66666666666667,1.56452412404946,3.76880920928388,1.32e-12,"****"
"M","1","NR","hour","6","16",0,2.21428571428572,1.1121431716685,3.31642825690293,3.67e-09,"****"
"M","1","NR","hour","6","17",0,1.76190476190476,0.65976221928755,2.86404730452198,7.09e-06,"****"
"M","1","NR","hour","6","18",0,2.0952380952381,0.993095552620883,3.19738063785531,2.89e-08,"****"
"M","1","NR","hour","6","19",0,1.16666666666667,0.0645241240494543,2.26880920928388,0.0252,"*"
"M","1","NR","hour","6","20",0,0.833333333333334,-0.268809209283879,1.93547587595055,0.437,"ns"
"M","1","NR","hour","6","21",0,0.738095238095239,-0.364047304521974,1.84023778071245,0.678,"ns"
"M","1","NR","hour","6","22",0,0.333333333333334,-0.768809209283879,1.43547587595055,1,"ns"
"M","1","NR","hour","6","23",0,1.5,0.397857457382788,2.60214254261721,0.000362,"***"
"M","1","NR","hour","7","8",0,0.071428571428569,-1.03071397118864,1.17357111404578,1,"ns"
"M","1","NR","hour","7","9",0,0.190476190476189,-0.911666352141024,1.2926187330934,1,"ns"
"M","1","NR","hour","7","10",0,-1.49880108324396e-15,-1.10214254261721,1.10214254261721,1,"ns"
"M","1","NR","hour","7","11",0,0.142857142857138,-0.959285399760075,1.24499968547435,1,"ns"
"M","1","NR","hour","7","12",0,1.11904761904762,0.0169050764304053,2.22119016166483,0.042,"*"
"M","1","NR","hour","7","13",0,2.14285714285714,1.04071460023993,3.24499968547435,1.27e-08,"****"
"M","1","NR","hour","7","14",0,2.83333333333333,1.73119079071612,3.93547587595054,2.96e-13,"****"
"M","1","NR","hour","7","15",0,2.57142857142857,1.46928602881136,3.67357111404578,6.39e-12,"****"
"M","1","NR","hour","7","16",0,2.11904761904762,1.0169050764304,3.22119016166483,1.92e-08,"****"
"M","1","NR","hour","7","17",0,1.66666666666666,0.564524124049452,2.76880920928388,3.11e-05,"****"
"M","1","NR","hour","7","18",0,2,0.897857457382785,3.10214254261721,1.46e-07,"****"
"M","1","NR","hour","7","19",0,1.07142857142857,-0.0307139711886437,2.17357111404578,0.0679,"ns"
"M","1","NR","hour","7","20",0,0.738095238095236,-0.364047304521977,1.84023778071245,0.678,"ns"
"M","1","NR","hour","7","21",0,0.642857142857141,-0.459285399760072,1.74499968547435,0.876,"ns"
"M","1","NR","hour","7","22",0,0.238095238095236,-0.864047304521977,1.34023778071245,1,"ns"
"M","1","NR","hour","7","23",0,1.4047619047619,0.30261936214469,2.50690444737912,0.00135,"**"
"M","1","NR","hour","8","9",0,0.11904761904762,-0.983094923569593,1.22119016166483,1,"ns"
"M","1","NR","hour","8","10",0,-0.0714285714285705,-1.17357111404578,1.03071397118864,1,"ns"
"M","1","NR","hour","8","11",0,0.0714285714285689,-1.03071397118864,1.17357111404578,1,"ns"
"M","1","NR","hour","8","12",0,1.04761904761905,-0.0545234949981637,2.14976159023626,0.0854,"ns"
"M","1","NR","hour","8","13",0,2.07142857142857,0.969286028811359,3.17357111404578,4.34e-08,"****"
"M","1","NR","hour","8","14",0,2.76190476190476,1.65976221928755,3.86404730452197,4.43e-13,"****"
"M","1","NR","hour","8","15",0,2.5,1.39785745738279,3.60214254261721,2.27e-11,"****"
"M","1","NR","hour","8","16",0,2.04761904761905,0.945476505001836,3.14976159023626,6.51e-08,"****"
"M","1","NR","hour","8","17",0,1.5952380952381,0.493095552620883,2.69738063785531,9.1e-05,"****"
"M","1","NR","hour","8","18",0,1.92857142857143,0.826428885954216,3.03071397118864,4.79e-07,"****"
"M","1","NR","hour","8","19",0,1,-0.102142542617213,2.10214254261721,0.131,"ns"
"M","1","NR","hour","8","20",0,0.666666666666667,-0.435475875950545,1.76880920928388,0.835,"ns"
"M","1","NR","hour","8","21",0,0.571428571428572,-0.530713971188641,1.67357111404578,0.958,"ns"
"M","1","NR","hour","8","22",0,0.166666666666667,-0.935475875950546,1.26880920928388,1,"ns"
"M","1","NR","hour","8","23",0,1.33333333333333,0.231190790716121,2.43547587595055,0.00344,"**"
"M","1","NR","hour","9","10",0,-0.190476190476191,-1.2926187330934,0.911666352141022,1,"ns"
"M","1","NR","hour","9","11",0,-0.0476190476190511,-1.14976159023626,1.05452349499816,1,"ns"
"M","1","NR","hour","9","12",0,0.928571428571429,-0.173571114045784,2.03071397118864,0.234,"ns"
"M","1","NR","hour","9","13",0,1.95238095238095,0.850238409763739,3.05452349499816,3.23e-07,"****"
"M","1","NR","hour","9","14",0,2.64285714285714,1.54071460023993,3.74499968547435,1.92e-12,"****"
"M","1","NR","hour","9","15",0,2.38095238095238,1.27880983833517,3.48309492356959,1.92e-10,"****"
"M","1","NR","hour","9","16",0,1.92857142857143,0.826428885954216,3.03071397118864,4.79e-07,"****"
"M","1","NR","hour","9","17",0,1.47619047619048,0.374047933573263,2.57833301880769,0.000506,"***"
"M","1","NR","hour","9","18",0,1.80952380952381,0.707381266906596,2.91166635214102,3.33e-06,"****"
"M","1","NR","hour","9","19",0,0.88095238095238,-0.221190161664833,1.98309492356959,0.327,"ns"
"M","1","NR","hour","9","20",0,0.547619047619047,-0.554523494998166,1.64976159023626,0.973,"ns"
"M","1","NR","hour","9","21",0,0.452380952380952,-0.649761590236261,1.55452349499816,0.998,"ns"
"M","1","NR","hour","9","22",0,0.0476190476190469,-1.05452349499817,1.14976159023626,1,"ns"
"M","1","NR","hour","9","23",0,1.21428571428571,0.112143171668501,2.31642825690293,0.0147,"*"
"M","1","NR","hour","10","11",0,0.142857142857139,-0.959285399760073,1.24499968547435,1,"ns"
"M","1","NR","hour","10","12",0,1.11904761904762,0.0169050764304068,2.22119016166483,0.042,"*"
"M","1","NR","hour","10","13",0,2.14285714285714,1.04071460023993,3.24499968547435,1.27e-08,"****"
"M","1","NR","hour","10","14",0,2.83333333333333,1.73119079071612,3.93547587595055,2.96e-13,"****"
"M","1","NR","hour","10","15",0,2.57142857142857,1.46928602881136,3.67357111404578,6.39e-12,"****"
"M","1","NR","hour","10","16",0,2.11904761904762,1.01690507643041,3.22119016166483,1.92e-08,"****"
"M","1","NR","hour","10","17",0,1.66666666666667,0.564524124049453,2.76880920928388,3.11e-05,"****"
"M","1","NR","hour","10","18",0,2,0.897857457382786,3.10214254261721,1.46e-07,"****"
"M","1","NR","hour","10","19",0,1.07142857142857,-0.0307139711886422,2.17357111404578,0.0679,"ns"
"M","1","NR","hour","10","20",0,0.738095238095238,-0.364047304521975,1.84023778071245,0.678,"ns"
"M","1","NR","hour","10","21",0,0.642857142857143,-0.45928539976007,1.74499968547436,0.876,"ns"
"M","1","NR","hour","10","22",0,0.238095238095237,-0.864047304521975,1.34023778071245,1,"ns"
"M","1","NR","hour","10","23",0,1.4047619047619,0.302619362144692,2.50690444737912,0.00135,"**"
"M","1","NR","hour","11","12",0,0.97619047619048,-0.125952066426733,2.07833301880769,0.161,"ns"
"M","1","NR","hour","11","13",0,2,0.89785745738279,3.10214254261722,1.46e-07,"****"
"M","1","NR","hour","11","14",0,2.69047619047619,1.58833364785898,3.79261873309341,9.46e-13,"****"
"M","1","NR","hour","11","15",0,2.42857142857143,1.32642888595422,3.53071397118865,8.19e-11,"****"
"M","1","NR","hour","11","16",0,1.97619047619048,0.874047933573267,3.07833301880769,2.17e-07,"****"
"M","1","NR","hour","11","17",0,1.52380952380953,0.421666981192314,2.62595206642674,0.000258,"***"
"M","1","NR","hour","11","18",0,1.85714285714286,0.755000314525647,2.95928539976007,1.54e-06,"****"
"M","1","NR","hour","11","19",0,0.928571428571431,-0.173571114045782,2.03071397118864,0.234,"ns"
"M","1","NR","hour","11","20",0,0.595238095238098,-0.506904447379114,1.69738063785531,0.937,"ns"
"M","1","NR","hour","11","21",0,0.500000000000003,-0.60214254261721,1.60214254261722,0.991,"ns"
"M","1","NR","hour","11","22",0,0.095238095238098,-1.00690444737911,1.19738063785531,1,"ns"
"M","1","NR","hour","11","23",0,1.26190476190476,0.159762219287552,2.36404730452198,0.00837,"**"
"M","1","NR","hour","12","13",0,1.02380952380952,-0.0783330188076905,2.12595206642674,0.106,"ns"
"M","1","NR","hour","12","14",0,1.71428571428571,0.6121431716685,2.81642825690293,1.49e-05,"****"
"M","1","NR","hour","12","15",0,1.45238095238095,0.350238409763739,2.55452349499816,0.000705,"***"
"M","1","NR","hour","12","16",0,1,-0.102142542617213,2.10214254261721,0.131,"ns"
"M","1","NR","hour","12","17",0,0.547619047619047,-0.554523494998166,1.64976159023626,0.973,"ns"
"M","1","NR","hour","12","18",0,0.88095238095238,-0.221190161664833,1.98309492356959,0.327,"ns"
"M","1","NR","hour","12","19",0,-0.047619047619049,-1.14976159023626,1.05452349499816,1,"ns"
"M","1","NR","hour","12","20",0,-0.380952380952382,-1.48309492356959,0.721190161664831,1,"ns"
"M","1","NR","hour","12","21",0,-0.476190476190477,-1.57833301880769,0.625952066426736,0.995,"ns"
"M","1","NR","hour","12","22",0,-0.880952380952382,-1.9830949235696,0.221190161664831,0.327,"ns"
"M","1","NR","hour","12","23",0,0.285714285714285,-0.816428256902928,1.3878568283315,1,"ns"
"M","1","NR","hour","13","14",0,0.69047619047619,-0.411666352141023,1.7926187330934,0.788,"ns"
"M","1","NR","hour","13","15",0,0.42857142857143,-0.673571114045783,1.53071397118864,0.999,"ns"
"M","1","NR","hour","13","16",0,-0.0238095238095228,-1.12595206642674,1.07833301880769,1,"ns"
"M","1","NR","hour","13","17",0,-0.476190476190476,-1.57833301880769,0.625952066426737,0.995,"ns"
"M","1","NR","hour","13","18",0,-0.142857142857143,-1.24499968547436,0.95928539976007,1,"ns"
"M","1","NR","hour","13","19",0,-1.07142857142857,-2.17357111404578,0.0307139711886415,0.0679,"ns"
"M","1","NR","hour","13","20",0,-1.4047619047619,-2.50690444737912,-0.302619362144691,0.00135,"**"
"M","1","NR","hour","13","21",0,-1.5,-2.60214254261721,-0.397857457382787,0.000362,"***"
"M","1","NR","hour","13","22",0,-1.9047619047619,-3.00690444737912,-0.802619362144692,7.1e-07,"****"
"M","1","NR","hour","13","23",0,-0.738095238095238,-1.84023778071245,0.364047304521975,0.678,"ns"
"M","1","NR","hour","14","15",0,-0.261904761904761,-1.36404730452197,0.840237780712452,1,"ns"
"M","1","NR","hour","14","16",0,-0.714285714285713,-1.81642825690293,0.3878568283315,0.735,"ns"
"M","1","NR","hour","14","17",0,-1.16666666666667,-2.26880920928388,-0.0645241240494532,0.0252,"*"
"M","1","NR","hour","14","18",0,-0.833333333333333,-1.93547587595055,0.26880920928388,0.437,"ns"
"M","1","NR","hour","14","19",0,-1.76190476190476,-2.86404730452197,-0.659762219287549,7.09e-06,"****"
"M","1","NR","hour","14","20",0,-2.09523809523809,-3.19738063785531,-0.993095552620882,2.89e-08,"****"
"M","1","NR","hour","14","21",0,-2.19047619047619,-3.2926187330934,-1.08833364785898,5.57e-09,"****"
"M","1","NR","hour","14","22",0,-2.59523809523809,-3.69738063785531,-1.49309555262088,4.22e-12,"****"
"M","1","NR","hour","14","23",0,-1.42857142857143,-2.53071397118864,-0.326428885954215,0.000977,"***"
"M","1","NR","hour","15","16",0,-0.452380952380953,-1.55452349499817,0.64976159023626,0.998,"ns"
"M","1","NR","hour","15","17",0,-0.904761904761906,-2.00690444737912,0.197380637855307,0.278,"ns"
"M","1","NR","hour","15","18",0,-0.571428571428573,-1.67357111404579,0.53071397118864,0.958,"ns"
"M","1","NR","hour","15","19",0,-1.5,-2.60214254261721,-0.397857457382788,0.000362,"***"
"M","1","NR","hour","15","20",0,-1.83333333333333,-2.93547587595055,-0.731190790716121,2.27e-06,"****"
"M","1","NR","hour","15","21",0,-1.92857142857143,-3.03071397118864,-0.826428885954216,4.79e-07,"****"
"M","1","NR","hour","15","22",0,-2.33333333333333,-3.43547587595055,-1.23119079071612,4.49e-10,"****"
"M","1","NR","hour","15","23",0,-1.16666666666667,-2.26880920928388,-0.0645241240494545,0.0252,"*"
"M","1","NR","hour","16","17",0,-0.452380952380953,-1.55452349499817,0.64976159023626,0.998,"ns"
"M","1","NR","hour","16","18",0,-0.11904761904762,-1.22119016166483,0.983094923569593,1,"ns"
"M","1","NR","hour","16","19",0,-1.04761904761905,-2.14976159023626,0.0545234949981643,0.0854,"ns"
"M","1","NR","hour","16","20",0,-1.38095238095238,-2.48309492356959,-0.278809838335168,0.00185,"**"
"M","1","NR","hour","16","21",0,-1.47619047619048,-2.57833301880769,-0.374047933573264,0.000506,"***"
"M","1","NR","hour","16","22",0,-1.88095238095238,-2.98309492356959,-0.778809838335169,1.05e-06,"****"
"M","1","NR","hour","16","23",0,-0.714285714285715,-1.81642825690293,0.387856828331498,0.735,"ns"
"M","1","NR","hour","17","18",0,0.333333333333333,-0.76880920928388,1.43547587595055,1,"ns"
"M","1","NR","hour","17","19",0,-0.595238095238096,-1.69738063785531,0.506904447379117,0.937,"ns"
"M","1","NR","hour","17","20",0,-0.928571428571428,-2.03071397118864,0.173571114045785,0.234,"ns"
"M","1","NR","hour","17","21",0,-1.02380952380952,-2.12595206642674,0.0783330188076892,0.106,"ns"
"M","1","NR","hour","17","22",0,-1.42857142857143,-2.53071397118864,-0.326428885954216,0.000977,"***"
"M","1","NR","hour","17","23",0,-0.261904761904762,-1.36404730452197,0.840237780712451,1,"ns"
"M","1","NR","hour","18","19",0,-0.928571428571429,-2.03071397118864,0.173571114045784,0.234,"ns"
"M","1","NR","hour","18","20",0,-1.26190476190476,-2.36404730452197,-0.159762219287549,0.00837,"**"
"M","1","NR","hour","18","21",0,-1.35714285714286,-2.45928539976007,-0.255000314525644,0.00253,"**"
"M","1","NR","hour","18","22",0,-1.76190476190476,-2.86404730452197,-0.659762219287549,7.09e-06,"****"
"M","1","NR","hour","18","23",0,-0.595238095238095,-1.69738063785531,0.506904447379118,0.937,"ns"
"M","1","NR","hour","19","20",0,-0.333333333333333,-1.43547587595055,0.76880920928388,1,"ns"
"M","1","NR","hour","19","21",0,-0.428571428571428,-1.53071397118864,0.673571114045785,0.999,"ns"
"M","1","NR","hour","19","22",0,-0.833333333333333,-1.93547587595055,0.26880920928388,0.437,"ns"
"M","1","NR","hour","19","23",0,0.333333333333334,-0.768809209283879,1.43547587595055,1,"ns"
"M","1","NR","hour","20","21",0,-0.0952380952380953,-1.19738063785531,1.00690444737912,1,"ns"
"M","1","NR","hour","20","22",0,-0.5,-1.60214254261721,0.602142542617212,0.991,"ns"
"M","1","NR","hour","20","23",0,0.666666666666667,-0.435475875950546,1.76880920928388,0.835,"ns"
"M","1","NR","hour","21","22",0,-0.404761904761905,-1.50690444737912,0.697380637855308,1,"ns"
"M","1","NR","hour","21","23",0,0.761904761904762,-0.340237780712451,1.86404730452197,0.618,"ns"
"M","1","NR","hour","22","23",0,1.16666666666667,0.0645241240494541,2.26880920928388,0.0252,"*"
"M","1","PR","hour","0","1",0,-0.0952380952380967,-1.56366650281951,1.37319031234332,1,"ns"
"M","1","PR","hour","0","2",0,0.166666666666666,-1.30176174091475,1.63509507424808,1,"ns"
"M","1","PR","hour","0","3",0,0.214285714285713,-1.2541426932957,1.68271412186713,1,"ns"
"M","1","PR","hour","0","4",0,-0.309523809523811,-1.77795221710522,1.1589045980576,1,"ns"
"M","1","PR","hour","0","5",0,-0.547619047619048,-2.01604745520046,0.920809359962366,0.999,"ns"
"M","1","PR","hour","0","6",0,-0.809523809523812,-2.27795221710523,0.658904598057602,0.923,"ns"
"M","1","PR","hour","0","7",0,-0.690476190476189,-2.1589045980576,0.777952217105224,0.986,"ns"
"M","1","PR","hour","0","8",0,-0.761904761904765,-2.23033316948618,0.706523645676649,0.957,"ns"
"M","1","PR","hour","0","9",0,-0.642857142857143,-2.11128555043856,0.825571264724271,0.994,"ns"
"M","1","PR","hour","0","10",0,-0.571428571428573,-2.03985697900999,0.896999836152841,0.999,"ns"
"M","1","PR","hour","0","11",0,-0.452380952380956,-1.92080935996237,1.01604745520046,1,"ns"
"M","1","PR","hour","0","12",0,0.0952380952380949,-1.37319031234332,1.56366650281951,1,"ns"
"M","1","PR","hour","0","13",0,2.4047619047619,0.936333497180488,3.87319031234331,3.58e-06,"****"
"M","1","PR","hour","0","14",0,2.76190476190476,1.29347635432335,4.23033316948617,4.23e-08,"****"
"M","1","PR","hour","0","15",0,2.0952380952381,0.626809687656682,3.56366650281951,0.000127,"***"
"M","1","PR","hour","0","16",0,1.57142857142857,0.103000163847158,3.03985697900998,0.0219,"*"
"M","1","PR","hour","0","17",0,0.952380952380952,-0.516047455200461,2.42080935996237,0.734,"ns"
"M","1","PR","hour","0","18",0,0.928571428571428,-0.539856979009986,2.39699983615284,0.774,"ns"
"M","1","PR","hour","0","19",0,0.0238095238095224,-1.44461888377189,1.49223793139094,1,"ns"
"M","1","PR","hour","0","20",0,-0.238095238095239,-1.70652364567665,1.23033316948617,1,"ns"
"M","1","PR","hour","0","21",0,-0.261904761904763,-1.73033316948618,1.20652364567665,1,"ns"
"M","1","PR","hour","0","22",0,-0.071428571428573,-1.53985697900999,1.39699983615284,1,"ns"
"M","1","PR","hour","0","23",0,0.166666666666665,-1.30176174091475,1.63509507424808,1,"ns"
"M","1","PR","hour","1","2",0,0.261904761904763,-1.20652364567665,1.73033316948618,1,"ns"
"M","1","PR","hour","1","3",0,0.30952380952381,-1.1589045980576,1.77795221710522,1,"ns"
"M","1","PR","hour","1","4",0,-0.214285714285714,-1.68271412186713,1.2541426932957,1,"ns"
"M","1","PR","hour","1","5",0,-0.452380952380951,-1.92080935996236,1.01604745520046,1,"ns"
"M","1","PR","hour","1","6",0,-0.714285714285715,-2.18271412186713,0.754142693295698,0.979,"ns"
"M","1","PR","hour","1","7",0,-0.595238095238092,-2.06366650281951,0.873190312343321,0.998,"ns"
"M","1","PR","hour","1","8",0,-0.666666666666668,-2.13509507424808,0.801761740914746,0.991,"ns"
"M","1","PR","hour","1","9",0,-0.547619047619046,-2.01604745520046,0.920809359962368,0.999,"ns"
"M","1","PR","hour","1","10",0,-0.476190476190476,-1.94461888377189,0.992237931390938,1,"ns"
"M","1","PR","hour","1","11",0,-0.357142857142859,-1.82557126472427,1.11128555043855,1,"ns"
"M","1","PR","hour","1","12",0,0.190476190476192,-1.27795221710522,1.65890459805761,1,"ns"
"M","1","PR","hour","1","13",0,2.5,1.03157159241858,3.96842840758141,1.13e-06,"****"
"M","1","PR","hour","1","14",0,2.85714285714286,1.38871444956144,4.32557126472427,1.24e-08,"****"
"M","1","PR","hour","1","15",0,2.19047619047619,0.722047782894778,3.65890459805761,4.38e-05,"****"
"M","1","PR","hour","1","16",0,1.66666666666667,0.198238259085254,3.13509507424808,0.00956,"**"
"M","1","PR","hour","1","17",0,1.04761904761905,-0.420809359962365,2.51604745520046,0.556,"ns"
"M","1","PR","hour","1","18",0,1.02380952380952,-0.444618883771889,2.49223793139094,0.602,"ns"
"M","1","PR","hour","1","19",0,0.119047619047619,-1.34938078853379,1.58747602662903,1,"ns"
"M","1","PR","hour","1","20",0,-0.142857142857143,-1.61128555043856,1.32557126472427,1,"ns"
"M","1","PR","hour","1","21",0,-0.166666666666666,-1.63509507424808,1.30176174091475,1,"ns"
"M","1","PR","hour","1","22",0,0.0238095238095237,-1.44461888377189,1.49223793139094,1,"ns"
"M","1","PR","hour","1","23",0,0.261904761904762,-1.20652364567665,1.73033316948618,1,"ns"
"M","1","PR","hour","2","3",0,0.0476190476190472,-1.42080935996237,1.51604745520046,1,"ns"
"M","1","PR","hour","2","4",0,-0.476190476190477,-1.94461888377189,0.992237931390937,1,"ns"
"M","1","PR","hour","2","5",0,-0.714285714285714,-2.18271412186713,0.7541426932957,0.979,"ns"
"M","1","PR","hour","2","6",0,-0.976190476190478,-2.44461888377189,0.492237931390936,0.691,"ns"
"M","1","PR","hour","2","7",0,-0.857142857142855,-2.32557126472427,0.611285550438559,0.875,"ns"
"M","1","PR","hour","2","8",0,-0.928571428571431,-2.39699983615284,0.539856979009983,0.774,"ns"
"M","1","PR","hour","2","9",0,-0.809523809523809,-2.27795221710522,0.658904598057605,0.923,"ns"
"M","1","PR","hour","2","10",0,-0.738095238095238,-2.20652364567665,0.730333169486175,0.969,"ns"
"M","1","PR","hour","2","11",0,-0.619047619047622,-2.08747602662904,0.849380788533792,0.996,"ns"
"M","1","PR","hour","2","12",0,-0.071428571428571,-1.53985697900998,1.39699983615284,1,"ns"
"M","1","PR","hour","2","13",0,2.23809523809524,0.769666830513822,3.70652364567665,2.54e-05,"****"
"M","1","PR","hour","2","14",0,2.59523809523809,1.12680968765668,4.06366650281951,3.48e-07,"****"
"M","1","PR","hour","2","15",0,1.92857142857143,0.460143020990016,3.39699983615284,0.000754,"***"
"M","1","PR","hour","2","16",0,1.40476190476191,-0.0636665028195083,2.87319031234332,0.0801,"ns"
"M","1","PR","hour","2","17",0,0.785714285714286,-0.682714121867127,2.2541426932957,0.942,"ns"
"M","1","PR","hour","2","18",0,0.761904761904762,-0.706523645676651,2.23033316948618,0.957,"ns"
"M","1","PR","hour","2","19",0,-0.142857142857143,-1.61128555043856,1.32557126472427,1,"ns"
"M","1","PR","hour","2","20",0,-0.404761904761905,-1.87319031234332,1.06366650281951,1,"ns"
"M","1","PR","hour","2","21",0,-0.428571428571429,-1.89699983615284,1.03985697900998,1,"ns"
"M","1","PR","hour","2","22",0,-0.238095238095239,-1.70652364567665,1.23033316948617,1,"ns"
"M","1","PR","hour","2","23",0,-6.66133814775094e-16,-1.46842840758141,1.46842840758141,1,"ns"
"M","1","PR","hour","3","4",0,-0.523809523809524,-1.99223793139094,0.94461888377189,1,"ns"
"M","1","PR","hour","3","5",0,-0.761904761904761,-2.23033316948617,0.706523645676653,0.957,"ns"
"M","1","PR","hour","3","6",0,-1.02380952380953,-2.49223793139094,0.444618883771889,0.602,"ns"
"M","1","PR","hour","3","7",0,-0.904761904761902,-2.37319031234332,0.563666502819511,0.811,"ns"
"M","1","PR","hour","3","8",0,-0.976190476190478,-2.44461888377189,0.492237931390936,0.691,"ns"
"M","1","PR","hour","3","9",0,-0.857142857142856,-2.32557126472427,0.611285550438558,0.875,"ns"
"M","1","PR","hour","3","10",0,-0.785714285714286,-2.2541426932957,0.682714121867128,0.942,"ns"
"M","1","PR","hour","3","11",0,-0.666666666666669,-2.13509507424808,0.801761740914745,0.991,"ns"
"M","1","PR","hour","3","12",0,-0.119047619047618,-1.58747602662903,1.3493807885338,1,"ns"
"M","1","PR","hour","3","13",0,2.19047619047619,0.722047782894775,3.6589045980576,4.38e-05,"****"
"M","1","PR","hour","3","14",0,2.54761904761905,1.07919064003763,4.01604745520046,6.29e-07,"****"
"M","1","PR","hour","3","15",0,1.88095238095238,0.412523973370969,3.3493807885338,0.00123,"**"
"M","1","PR","hour","3","16",0,1.35714285714286,-0.111285550438555,2.82557126472427,0.111,"ns"
"M","1","PR","hour","3","17",0,0.738095238095239,-0.730333169486175,2.20652364567665,0.969,"ns"
"M","1","PR","hour","3","18",0,0.714285714285715,-0.754142693295699,2.18271412186713,0.979,"ns"
"M","1","PR","hour","3","19",0,-0.190476190476191,-1.6589045980576,1.27795221710522,1,"ns"
"M","1","PR","hour","3","20",0,-0.452380952380952,-1.92080935996237,1.01604745520046,1,"ns"
"M","1","PR","hour","3","21",0,-0.476190476190476,-1.94461888377189,0.992237931390938,1,"ns"
"M","1","PR","hour","3","22",0,-0.285714285714286,-1.7541426932957,1.18271412186713,1,"ns"
"M","1","PR","hour","3","23",0,-0.0476190476190479,-1.51604745520046,1.42080935996237,1,"ns"
"M","1","PR","hour","4","5",0,-0.238095238095237,-1.70652364567665,1.23033316948618,1,"ns"
"M","1","PR","hour","4","6",0,-0.500000000000001,-1.96842840758141,0.968428407581412,1,"ns"
"M","1","PR","hour","4","7",0,-0.380952380952378,-1.84938078853379,1.08747602662904,1,"ns"
"M","1","PR","hour","4","8",0,-0.452380952380954,-1.92080935996237,1.01604745520046,1,"ns"
"M","1","PR","hour","4","9",0,-0.333333333333332,-1.80176174091475,1.13509507424808,1,"ns"
"M","1","PR","hour","4","10",0,-0.261904761904762,-1.73033316948618,1.20652364567665,1,"ns"
"M","1","PR","hour","4","11",0,-0.142857142857145,-1.61128555043856,1.32557126472427,1,"ns"
"M","1","PR","hour","4","12",0,0.404761904761906,-1.06366650281951,1.87319031234332,1,"ns"
"M","1","PR","hour","4","13",0,2.71428571428571,1.2458573067043,4.18271412186713,7.77e-08,"****"
"M","1","PR","hour","4","14",0,3.07142857142857,1.60300016384716,4.53985697900998,7.39e-10,"****"
"M","1","PR","hour","4","15",0,2.40476190476191,0.936333497180493,3.87319031234332,3.58e-06,"****"
"M","1","PR","hour","4","16",0,1.88095238095238,0.412523973370969,3.3493807885338,0.00123,"**"
"M","1","PR","hour","4","17",0,1.26190476190476,-0.20652364567665,2.73033316948618,0.203,"ns"
"M","1","PR","hour","4","18",0,1.23809523809524,-0.230333169486175,2.70652364567665,0.233,"ns"
"M","1","PR","hour","4","19",0,0.333333333333333,-1.13509507424808,1.80176174091475,1,"ns"
"M","1","PR","hour","4","20",0,0.0714285714285717,-1.39699983615284,1.53985697900999,1,"ns"
"M","1","PR","hour","4","21",0,0.047619047619048,-1.42080935996237,1.51604745520046,1,"ns"
"M","1","PR","hour","4","22",0,0.238095238095238,-1.23033316948618,1.70652364567665,1,"ns"
"M","1","PR","hour","4","23",0,0.476190476190476,-0.992237931390937,1.94461888377189,1,"ns"
"M","1","PR","hour","5","6",0,-0.261904761904764,-1.73033316948618,1.20652364567665,1,"ns"
"M","1","PR","hour","5","7",0,-0.142857142857141,-1.61128555043855,1.32557126472427,1,"ns"
"M","1","PR","hour","5","8",0,-0.214285714285717,-1.68271412186713,1.2541426932957,1,"ns"
"M","1","PR","hour","5","9",0,-0.0952380952380948,-1.56366650281951,1.37319031234332,1,"ns"
"M","1","PR","hour","5","10",0,-0.0238095238095247,-1.49223793139094,1.44461888377189,1,"ns"
"M","1","PR","hour","5","11",0,0.0952380952380922,-1.37319031234332,1.56366650281951,1,"ns"
"M","1","PR","hour","5","12",0,0.642857142857143,-0.825571264724271,2.11128555043856,0.994,"ns"
"M","1","PR","hour","5","13",0,2.95238095238095,1.48395254479954,4.42080935996236,3.57e-09,"****"
"M","1","PR","hour","5","14",0,3.30952380952381,1.84109540194239,4.77795221710522,3.03e-11,"****"
"M","1","PR","hour","5","15",0,2.64285714285714,1.17442873527573,4.11128555043856,1.92e-07,"****"
"M","1","PR","hour","5","16",0,2.11904761904762,0.650619211466205,3.58747602662903,9.77e-05,"****"
"M","1","PR","hour","5","17",0,1.5,0.0315715924185864,2.96842840758141,0.0391,"*"
"M","1","PR","hour","5","18",0,1.47619047619048,0.00776206860906226,2.94461888377189,0.0471,"*"
"M","1","PR","hour","5","19",0,0.57142857142857,-0.896999836152843,2.03985697900998,0.999,"ns"
"M","1","PR","hour","5","20",0,0.309523809523809,-1.1589045980576,1.77795221710522,1,"ns"
"M","1","PR","hour","5","21",0,0.285714285714285,-1.18271412186713,1.7541426932957,1,"ns"
"M","1","PR","hour","5","22",0,0.476190476190475,-0.992237931390939,1.94461888377189,1,"ns"
"M","1","PR","hour","5","23",0,0.714285714285713,-0.7541426932957,2.18271412186713,0.979,"ns"
"M","1","PR","hour","6","7",0,0.119047619047623,-1.34938078853379,1.58747602662904,1,"ns"
"M","1","PR","hour","6","8",0,0.0476190476190473,-1.42080935996237,1.51604745520046,1,"ns"
"M","1","PR","hour","6","9",0,0.166666666666669,-1.30176174091474,1.63509507424808,1,"ns"
"M","1","PR","hour","6","10",0,0.238095238095239,-1.23033316948617,1.70652364567665,1,"ns"
"M","1","PR","hour","6","11",0,0.357142857142856,-1.11128555043856,1.82557126472427,1,"ns"
"M","1","PR","hour","6","12",0,0.904761904761907,-0.563666502819507,2.37319031234332,0.811,"ns"
"M","1","PR","hour","6","13",0,3.21428571428571,1.7458573067043,4.68271412186713,1.09e-10,"****"
"M","1","PR","hour","6","14",0,3.57142857142857,2.10300016384716,5.03985697900999,1.08e-12,"****"
"M","1","PR","hour","6","15",0,2.90476190476191,1.43633349718049,4.37319031234332,6.66e-09,"****"
"M","1","PR","hour","6","16",0,2.38095238095238,0.91252397337097,3.8493807885338,4.76e-06,"****"
"M","1","PR","hour","6","17",0,1.76190476190476,0.293476354323351,3.23033316948618,0.00395,"**"
"M","1","PR","hour","6","18",0,1.73809523809524,0.269666830513826,3.20652364567665,0.00495,"**"
"M","1","PR","hour","6","19",0,0.833333333333334,-0.635095074248079,2.30176174091475,0.901,"ns"
"M","1","PR","hour","6","20",0,0.571428571428573,-0.896999836152841,2.03985697900999,0.999,"ns"
"M","1","PR","hour","6","21",0,0.547619047619049,-0.920809359962365,2.01604745520046,0.999,"ns"
"M","1","PR","hour","6","22",0,0.738095238095239,-0.730333169486175,2.20652364567665,0.969,"ns"
"M","1","PR","hour","6","23",0,0.976190476190477,-0.492237931390936,2.44461888377189,0.691,"ns"
"M","1","PR","hour","7","8",0,-0.0714285714285756,-1.53985697900999,1.39699983615284,1,"ns"
"M","1","PR","hour","7","9",0,0.0476190476190465,-1.42080935996237,1.51604745520046,1,"ns"
"M","1","PR","hour","7","10",0,0.119047619047617,-1.3493807885338,1.58747602662903,1,"ns"
"M","1","PR","hour","7","11",0,0.238095238095233,-1.23033316948618,1.70652364567665,1,"ns"
"M","1","PR","hour","7","12",0,0.785714285714284,-0.68271412186713,2.2541426932957,0.942,"ns"
"M","1","PR","hour","7","13",0,3.09523809523809,1.62680968765668,4.5636665028195,5.38e-10,"****"
"M","1","PR","hour","7","14",0,3.45238095238095,1.98395254479954,4.92080935996236,4.52e-12,"****"
"M","1","PR","hour","7","15",0,2.78571428571428,1.31728587813287,4.2541426932957,3.12e-08,"****"
"M","1","PR","hour","7","16",0,2.26190476190476,0.793476354323347,3.73033316948617,1.93e-05,"****"
"M","1","PR","hour","7","17",0,1.64285714285714,0.174428735275728,3.11128555043855,0.0118,"*"
"M","1","PR","hour","7","18",0,1.61904761904762,0.150619211466203,3.08747602662903,0.0146,"*"
"M","1","PR","hour","7","19",0,0.714285714285712,-0.754142693295702,2.18271412186713,0.979,"ns"
"M","1","PR","hour","7","20",0,0.45238095238095,-1.01604745520046,1.92080935996236,1,"ns"
"M","1","PR","hour","7","21",0,0.428571428571426,-1.03985697900999,1.89699983615284,1,"ns"
"M","1","PR","hour","7","22",0,0.619047619047616,-0.849380788533797,2.08747602662903,0.996,"ns"
"M","1","PR","hour","7","23",0,0.857142857142854,-0.611285550438559,2.32557126472427,0.875,"ns"
"M","1","PR","hour","8","9",0,0.119047619047622,-1.34938078853379,1.58747602662904,1,"ns"
"M","1","PR","hour","8","10",0,0.190476190476192,-1.27795221710522,1.65890459805761,1,"ns"
"M","1","PR","hour","8","11",0,0.309523809523809,-1.1589045980576,1.77795221710522,1,"ns"
"M","1","PR","hour","8","12",0,0.85714285714286,-0.611285550438554,2.32557126472427,0.875,"ns"
"M","1","PR","hour","8","13",0,3.16666666666667,1.69823825908525,4.63509507424808,2.07e-10,"****"
"M","1","PR","hour","8","14",0,3.52380952380952,2.05538111622811,4.99223793139094,1.86e-12,"****"
"M","1","PR","hour","8","15",0,2.85714285714286,1.38871444956145,4.32557126472427,1.24e-08,"****"
"M","1","PR","hour","8","16",0,2.33333333333334,0.864904925751922,3.80176174091475,8.38e-06,"****"
"M","1","PR","hour","8","17",0,1.71428571428572,0.245857306704303,3.18271412186713,0.00619,"**"
"M","1","PR","hour","8","18",0,1.69047619047619,0.222047782894779,3.15890459805761,0.0077,"**"
"M","1","PR","hour","8","19",0,0.785714285714287,-0.682714121867126,2.2541426932957,0.942,"ns"
"M","1","PR","hour","8","20",0,0.523809523809526,-0.944618883771888,1.99223793139094,1,"ns"
"M","1","PR","hour","8","21",0,0.500000000000002,-0.968428407581412,1.96842840758142,1,"ns"
"M","1","PR","hour","8","22",0,0.690476190476192,-0.777952217105222,2.15890459805761,0.986,"ns"
"M","1","PR","hour","8","23",0,0.92857142857143,-0.539856979009984,2.39699983615284,0.774,"ns"
"M","1","PR","hour","9","10",0,0.0714285714285701,-1.39699983615284,1.53985697900998,1,"ns"
"M","1","PR","hour","9","11",0,0.190476190476187,-1.27795221710523,1.6589045980576,1,"ns"
"M","1","PR","hour","9","12",0,0.738095238095238,-0.730333169486176,2.20652364567665,0.969,"ns"
"M","1","PR","hour","9","13",0,3.04761904761904,1.57919064003763,4.51604745520046,1.01e-09,"****"
"M","1","PR","hour","9","14",0,3.4047619047619,1.93633349718049,4.87319031234332,8.44e-12,"****"
"M","1","PR","hour","9","15",0,2.73809523809524,1.26966683051382,4.20652364567665,5.74e-08,"****"
"M","1","PR","hour","9","16",0,2.21428571428571,0.7458573067043,3.68271412186713,3.34e-05,"****"
"M","1","PR","hour","9","17",0,1.59523809523809,0.126809687656681,3.06366650281951,0.0179,"*"
"M","1","PR","hour","9","18",0,1.57142857142857,0.103000163847157,3.03985697900998,0.0219,"*"
"M","1","PR","hour","9","19",0,0.666666666666665,-0.801761740914748,2.13509507424808,0.991,"ns"
"M","1","PR","hour","9","20",0,0.404761904761903,-1.06366650281951,1.87319031234332,1,"ns"
"M","1","PR","hour","9","21",0,0.38095238095238,-1.08747602662903,1.84938078853379,1,"ns"
"M","1","PR","hour","9","22",0,0.57142857142857,-0.896999836152844,2.03985697900998,0.999,"ns"
"M","1","PR","hour","9","23",0,0.809523809523808,-0.658904598057606,2.27795221710522,0.923,"ns"
"M","1","PR","hour","10","11",0,0.119047619047617,-1.3493807885338,1.58747602662903,1,"ns"
"M","1","PR","hour","10","12",0,0.666666666666668,-0.801761740914746,2.13509507424808,0.991,"ns"
"M","1","PR","hour","10","13",0,2.97619047619047,1.50776206860906,4.44461888377189,2.61e-09,"****"
"M","1","PR","hour","10","14",0,3.33333333333333,1.86490492575192,4.80176174091475,2.2e-11,"****"
"M","1","PR","hour","10","15",0,2.66666666666667,1.19823825908525,4.13509507424808,1.42e-07,"****"
"M","1","PR","hour","10","16",0,2.14285714285714,0.67442873527573,3.61128555043856,7.49e-05,"****"
"M","1","PR","hour","10","17",0,1.52380952380952,0.055381116228111,2.99223793139094,0.0324,"*"
"M","1","PR","hour","10","18",0,1.5,0.0315715924185869,2.96842840758141,0.0391,"*"
"M","1","PR","hour","10","19",0,0.595238095238095,-0.873190312343319,2.06366650281951,0.998,"ns"
"M","1","PR","hour","10","20",0,0.333333333333333,-1.13509507424808,1.80176174091475,1,"ns"
"M","1","PR","hour","10","21",0,0.30952380952381,-1.1589045980576,1.77795221710522,1,"ns"
"M","1","PR","hour","10","22",0,0.5,-0.968428407581414,1.96842840758141,1,"ns"
"M","1","PR","hour","10","23",0,0.738095238095238,-0.730333169486176,2.20652364567665,0.969,"ns"
"M","1","PR","hour","11","12",0,0.547619047619051,-0.920809359962363,2.01604745520046,0.999,"ns"
"M","1","PR","hour","11","13",0,2.85714285714286,1.38871444956144,4.32557126472427,1.24e-08,"****"
"M","1","PR","hour","11","14",0,3.21428571428572,1.7458573067043,4.68271412186713,1.09e-10,"****"
"M","1","PR","hour","11","15",0,2.54761904761905,1.07919064003764,4.01604745520046,6.29e-07,"****"
"M","1","PR","hour","11","16",0,2.02380952380953,0.555381116228113,3.49223793139094,0.000276,"***"
"M","1","PR","hour","11","17",0,1.40476190476191,-0.0636665028195058,2.87319031234332,0.0801,"ns"
"M","1","PR","hour","11","18",0,1.38095238095238,-0.08747602662903,2.8493807885338,0.0947,"ns"
"M","1","PR","hour","11","19",0,0.476190476190478,-0.992237931390936,1.94461888377189,1,"ns"
"M","1","PR","hour","11","20",0,0.214285714285716,-1.2541426932957,1.68271412186713,1,"ns"
"M","1","PR","hour","11","21",0,0.190476190476193,-1.27795221710522,1.65890459805761,1,"ns"
"M","1","PR","hour","11","22",0,0.380952380952383,-1.08747602662903,1.8493807885338,1,"ns"
"M","1","PR","hour","11","23",0,0.619047619047621,-0.849380788533793,2.08747602662903,0.996,"ns"
"M","1","PR","hour","12","13",0,2.30952380952381,0.841095401942393,3.77795221710522,1.11e-05,"****"
"M","1","PR","hour","12","14",0,2.66666666666667,1.19823825908525,4.13509507424808,1.42e-07,"****"
"M","1","PR","hour","12","15",0,2,0.531571592418587,3.46842840758141,0.000356,"***"
"M","1","PR","hour","12","16",0,1.47619047619048,0.0077620686090627,2.94461888377189,0.0471,"*"
"M","1","PR","hour","12","17",0,0.857142857142857,-0.611285550438556,2.32557126472427,0.875,"ns"
"M","1","PR","hour","12","18",0,0.833333333333333,-0.635095074248081,2.30176174091475,0.901,"ns"
"M","1","PR","hour","12","19",0,-0.0714285714285725,-1.53985697900999,1.39699983615284,1,"ns"
"M","1","PR","hour","12","20",0,-0.333333333333334,-1.80176174091475,1.13509507424808,1,"ns"
"M","1","PR","hour","12","21",0,-0.357142857142858,-1.82557126472427,1.11128555043856,1,"ns"
"M","1","PR","hour","12","22",0,-0.166666666666668,-1.63509507424808,1.30176174091475,1,"ns"
"M","1","PR","hour","12","23",0,0.0714285714285703,-1.39699983615284,1.53985697900998,1,"ns"
"M","1","PR","hour","13","14",0,0.357142857142859,-1.11128555043856,1.82557126472427,1,"ns"
"M","1","PR","hour","13","15",0,-0.309523809523806,-1.77795221710522,1.15890459805761,1,"ns"
"M","1","PR","hour","13","16",0,-0.83333333333333,-2.30176174091474,0.635095074248083,0.901,"ns"
"M","1","PR","hour","13","17",0,-1.45238095238095,-2.92080935996236,0.0160474552004641,0.0565,"ns"
"M","1","PR","hour","13","18",0,-1.47619047619047,-2.94461888377189,-0.00776206860906004,0.0471,"*"
"M","1","PR","hour","13","19",0,-2.38095238095238,-3.84938078853379,-0.912523973370966,4.76e-06,"****"
"M","1","PR","hour","13","20",0,-2.64285714285714,-4.11128555043855,-1.17442873527573,1.92e-07,"****"
"M","1","PR","hour","13","21",0,-2.66666666666666,-4.13509507424808,-1.19823825908525,1.42e-07,"****"
"M","1","PR","hour","13","22",0,-2.47619047619047,-3.94461888377189,-1.00776206860906,1.51e-06,"****"
"M","1","PR","hour","13","23",0,-2.23809523809524,-3.70652364567665,-0.769666830513823,2.54e-05,"****"
"M","1","PR","hour","14","15",0,-0.666666666666665,-2.13509507424808,0.801761740914749,0.991,"ns"
"M","1","PR","hour","14","16",0,-1.19047619047619,-2.6589045980576,0.277952217105225,0.3,"ns"
"M","1","PR","hour","14","17",0,-1.80952380952381,-3.27795221710522,-0.341095401942394,0.0025,"**"
"M","1","PR","hour","14","18",0,-1.83333333333333,-3.30176174091475,-0.364904925751919,0.00198,"**"
"M","1","PR","hour","14","19",0,-2.73809523809524,-4.20652364567665,-1.26966683051382,5.74e-08,"****"
"M","1","PR","hour","14","20",0,-3,-4.46842840758141,-1.53157159241859,1.91e-09,"****"
"M","1","PR","hour","14","21",0,-3.02380952380952,-4.49223793139094,-1.55538111622811,1.39e-09,"****"
"M","1","PR","hour","14","22",0,-2.83333333333333,-4.30176174091475,-1.36490492575192,1.69e-08,"****"
"M","1","PR","hour","14","23",0,-2.59523809523809,-4.06366650281951,-1.12680968765668,3.48e-07,"****"
"M","1","PR","hour","15","16",0,-0.523809523809524,-1.99223793139094,0.944618883771889,1,"ns"
"M","1","PR","hour","15","17",0,-1.14285714285714,-2.61128555043856,0.32557126472427,0.378,"ns"
"M","1","PR","hour","15","18",0,-1.16666666666667,-2.63509507424808,0.301761740914746,0.338,"ns"
"M","1","PR","hour","15","19",0,-2.07142857142857,-3.53985697900999,-0.603000163847159,0.000165,"***"
"M","1","PR","hour","15","20",0,-2.33333333333333,-3.80176174091475,-0.864904925751921,8.38e-06,"****"
"M","1","PR","hour","15","21",0,-2.35714285714286,-3.82557126472427,-0.888714449561445,6.32e-06,"****"
"M","1","PR","hour","15","22",0,-2.16666666666667,-3.63509507424808,-0.698238259085255,5.73e-05,"****"
"M","1","PR","hour","15","23",0,-1.92857142857143,-3.39699983615284,-0.460143020990017,0.000754,"***"
"M","1","PR","hour","16","17",0,-0.619047619047619,-2.08747602662903,0.849380788533795,0.996,"ns"
"M","1","PR","hour","16","18",0,-0.642857142857143,-2.11128555043856,0.82557126472427,0.994,"ns"
"M","1","PR","hour","16","19",0,-1.54761904761905,-3.01604745520046,-0.0791906400376352,0.0267,"*"
"M","1","PR","hour","16","20",0,-1.80952380952381,-3.27795221710522,-0.341095401942397,0.0025,"**"
"M","1","PR","hour","16","21",0,-1.83333333333333,-3.30176174091475,-0.364904925751921,0.00198,"**"
"M","1","PR","hour","16","22",0,-1.64285714285714,-3.11128555043856,-0.174428735275731,0.0118,"*"
"M","1","PR","hour","16","23",0,-1.40476190476191,-2.87319031234332,0.0636665028195076,0.0801,"ns"
"M","1","PR","hour","17","18",0,-0.0238095238095242,-1.49223793139094,1.44461888377189,1,"ns"
"M","1","PR","hour","17","19",0,-0.92857142857143,-2.39699983615284,0.539856979009984,0.774,"ns"
"M","1","PR","hour","17","20",0,-1.19047619047619,-2.6589045980576,0.277952217105222,0.3,"ns"
"M","1","PR","hour","17","21",0,-1.21428571428572,-2.68271412186713,0.254142693295698,0.265,"ns"
"M","1","PR","hour","17","22",0,-1.02380952380953,-2.49223793139094,0.444618883771889,0.602,"ns"
"M","1","PR","hour","17","23",0,-0.785714285714287,-2.2541426932957,0.682714121867127,0.942,"ns"
"M","1","PR","hour","18","19",0,-0.904761904761906,-2.37319031234332,0.563666502819508,0.811,"ns"
"M","1","PR","hour","18","20",0,-1.16666666666667,-2.63509507424808,0.301761740914746,0.338,"ns"
"M","1","PR","hour","18","21",0,-1.19047619047619,-2.6589045980576,0.277952217105223,0.3,"ns"
"M","1","PR","hour","18","22",0,-1,-2.46842840758141,0.468428407581413,0.647,"ns"
"M","1","PR","hour","18","23",0,-0.761904761904763,-2.23033316948618,0.706523645676651,0.957,"ns"
"M","1","PR","hour","19","20",0,-0.261904761904762,-1.73033316948618,1.20652364567665,1,"ns"
"M","1","PR","hour","19","21",0,-0.285714285714285,-1.7541426932957,1.18271412186713,1,"ns"
"M","1","PR","hour","19","22",0,-0.0952380952380953,-1.56366650281951,1.37319031234332,1,"ns"
"M","1","PR","hour","19","23",0,0.142857142857143,-1.32557126472427,1.61128555043856,1,"ns"
"M","1","PR","hour","20","21",0,-0.0238095238095237,-1.49223793139094,1.44461888377189,1,"ns"
"M","1","PR","hour","20","22",0,0.166666666666666,-1.30176174091475,1.63509507424808,1,"ns"
"M","1","PR","hour","20","23",0,0.404761904761904,-1.06366650281951,1.87319031234332,1,"ns"
"M","1","PR","hour","21","22",0,0.19047619047619,-1.27795221710522,1.6589045980576,1,"ns"
"M","1","PR","hour","21","23",0,0.428571428571428,-1.03985697900999,1.89699983615284,1,"ns"
"M","1","PR","hour","22","23",0,0.238095238095238,-1.23033316948618,1.70652364567665,1,"ns"
"M","2","NR","hour","0","1",0,-0.714285714285714,-2.07644746922629,0.647876040654862,0.953,"ns"
"M","2","NR","hour","0","2",0,0.142857142857143,-1.21930461208343,1.50501889779772,1,"ns"
"M","2","NR","hour","0","3",0,0.166666666666667,-1.19549508827391,1.52882842160724,1,"ns"
"M","2","NR","hour","0","4",0,-0.380952380952382,-1.74311413589296,0.981209373988194,1,"ns"
"M","2","NR","hour","0","5",0,-0.404761904761904,-1.76692365970248,0.957399850178671,1,"ns"
"M","2","NR","hour","0","6",0,-1.02380952380953,-2.3859712787501,0.33835223113105,0.449,"ns"
"M","2","NR","hour","0","7",0,-0.857142857142855,-2.21930461208343,0.505018897797721,0.781,"ns"
"M","2","NR","hour","0","8",0,-0.809523809523811,-2.17168556446439,0.552637945416765,0.856,"ns"
"M","2","NR","hour","0","9",0,-0.809523809523808,-2.17168556446438,0.552637945416768,0.856,"ns"
"M","2","NR","hour","0","10",0,-0.69047619047619,-2.05263794541677,0.671685564464386,0.967,"ns"
"M","2","NR","hour","0","11",0,-0.452380952380954,-1.81454270732153,0.909780802559622,1,"ns"
"M","2","NR","hour","0","12",0,0.523809523809524,-0.838352231131052,1.8859712787501,0.999,"ns"
"M","2","NR","hour","0","13",0,2.85714285714285,1.49498110220228,4.21930461208343,6.59e-10,"****"
"M","2","NR","hour","0","14",0,1.78571428571429,0.423552530773711,3.14787604065486,0.000782,"***"
"M","2","NR","hour","0","15",0,1.0952380952381,-0.26692365970248,2.45739985017867,0.316,"ns"
"M","2","NR","hour","0","16",0,0.547619047619048,-0.814542707321528,1.90978080255962,0.998,"ns"
"M","2","NR","hour","0","17",0,0.761904761904762,-0.600256993035814,2.12406651684534,0.913,"ns"
"M","2","NR","hour","0","18",0,0.547619047619047,-0.814542707321529,1.90978080255962,0.998,"ns"
"M","2","NR","hour","0","19",0,-0.214285714285715,-1.57644746922629,1.14787604065486,1,"ns"
"M","2","NR","hour","0","20",0,-0.166666666666667,-1.52882842160724,1.19549508827391,1,"ns"
"M","2","NR","hour","0","21",0,-0.476190476190476,-1.83835223113105,0.885971278750099,1,"ns"
"M","2","NR","hour","0","22",0,-0.547619047619048,-1.90978080255962,0.814542707321528,0.998,"ns"
"M","2","NR","hour","0","23",0,0.0952380952380949,-1.26692365970248,1.45739985017867,1,"ns"
"M","2","NR","hour","1","2",0,0.857142857142857,-0.505018897797719,2.21930461208343,0.781,"ns"
"M","2","NR","hour","1","3",0,0.88095238095238,-0.481209373988195,2.24311413589296,0.738,"ns"
"M","2","NR","hour","1","4",0,0.333333333333332,-1.02882842160724,1.69549508827391,1,"ns"
"M","2","NR","hour","1","5",0,0.30952380952381,-1.05263794541677,1.67168556446439,1,"ns"
"M","2","NR","hour","1","6",0,-0.309523809523812,-1.67168556446439,1.05263794541676,1,"ns"
"M","2","NR","hour","1","7",0,-0.142857142857141,-1.50501889779772,1.21930461208343,1,"ns"
"M","2","NR","hour","1","8",0,-0.0952380952380969,-1.45739985017867,1.26692365970248,1,"ns"
"M","2","NR","hour","1","9",0,-0.0952380952380941,-1.45739985017867,1.26692365970248,1,"ns"
"M","2","NR","hour","1","10",0,0.023809523809524,-1.33835223113105,1.3859712787501,1,"ns"
"M","2","NR","hour","1","11",0,0.26190476190476,-1.10025699303582,1.62406651684534,1,"ns"
"M","2","NR","hour","1","12",0,1.23809523809524,-0.124066516845338,2.60025699303581,0.129,"ns"
"M","2","NR","hour","1","13",0,3.57142857142857,2.20926681648799,4.93359032636914,2.7e-13,"****"
"M","2","NR","hour","1","14",0,2.5,1.13783824505943,3.86216175494058,9.92e-08,"****"
"M","2","NR","hour","1","15",0,1.80952380952381,0.447362054583234,3.17168556446439,0.000599,"***"
"M","2","NR","hour","1","16",0,1.26190476190476,-0.100256993035814,2.62406651684534,0.109,"ns"
"M","2","NR","hour","1","17",0,1.47619047619048,0.1140287212499,2.83835223113105,0.0185,"*"
"M","2","NR","hour","1","18",0,1.26190476190476,-0.100256993035815,2.62406651684534,0.109,"ns"
"M","2","NR","hour","1","19",0,0.5,-0.862161754940576,1.86216175494058,1,"ns"
"M","2","NR","hour","1","20",0,0.547619047619047,-0.814542707321529,1.90978080255962,0.998,"ns"
"M","2","NR","hour","1","21",0,0.238095238095238,-1.12406651684534,1.60025699303581,1,"ns"
"M","2","NR","hour","1","22",0,0.166666666666666,-1.19549508827391,1.52882842160724,1,"ns"
"M","2","NR","hour","1","23",0,0.809523809523809,-0.552637945416767,2.17168556446438,0.856,"ns"
"M","2","NR","hour","2","3",0,0.0238095238095239,-1.33835223113105,1.3859712787501,1,"ns"
"M","2","NR","hour","2","4",0,-0.523809523809524,-1.8859712787501,0.838352231131052,0.999,"ns"
"M","2","NR","hour","2","5",0,-0.547619047619047,-1.90978080255962,0.814542707321529,0.998,"ns"
"M","2","NR","hour","2","6",0,-1.16666666666667,-2.52882842160724,0.195495088273907,0.208,"ns"
"M","2","NR","hour","2","7",0,-0.999999999999998,-2.36216175494057,0.362161754940578,0.497,"ns"
"M","2","NR","hour","2","8",0,-0.952380952380953,-2.31454270732153,0.409780802559622,0.596,"ns"
"M","2","NR","hour","2","9",0,-0.952380952380951,-2.31454270732153,0.409780802559625,0.596,"ns"
"M","2","NR","hour","2","10",0,-0.833333333333333,-2.19549508827391,0.528828421607243,0.82,"ns"
"M","2","NR","hour","2","11",0,-0.595238095238096,-1.95739985017867,0.76692365970248,0.994,"ns"
"M","2","NR","hour","2","12",0,0.380952380952381,-0.981209373988195,1.74311413589296,1,"ns"
"M","2","NR","hour","2","13",0,2.71428571428571,1.35212395934514,4.07644746922629,5.04e-09,"****"
"M","2","NR","hour","2","14",0,1.64285714285714,0.280695387916568,3.00501889779772,0.00363,"**"
"M","2","NR","hour","2","15",0,0.952380952380953,-0.409780802559623,2.31454270732153,0.596,"ns"
"M","2","NR","hour","2","16",0,0.404761904761905,-0.957399850178671,1.76692365970248,1,"ns"
"M","2","NR","hour","2","17",0,0.61904761904762,-0.743114135892956,1.9812093739882,0.99,"ns"
"M","2","NR","hour","2","18",0,0.404761904761905,-0.957399850178671,1.76692365970248,1,"ns"
"M","2","NR","hour","2","19",0,-0.357142857142857,-1.71930461208343,1.00501889779772,1,"ns"
"M","2","NR","hour","2","20",0,-0.309523809523809,-1.67168556446439,1.05263794541677,1,"ns"
"M","2","NR","hour","2","21",0,-0.619047619047619,-1.98120937398819,0.743114135892957,0.99,"ns"
"M","2","NR","hour","2","22",0,-0.690476190476191,-2.05263794541677,0.671685564464385,0.967,"ns"
"M","2","NR","hour","2","23",0,-0.0476190476190477,-1.40978080255962,1.31454270732153,1,"ns"
"M","2","NR","hour","3","4",0,-0.547619047619048,-1.90978080255962,0.814542707321528,0.998,"ns"
"M","2","NR","hour","3","5",0,-0.571428571428571,-1.93359032636915,0.790733183512005,0.997,"ns"
"M","2","NR","hour","3","6",0,-1.19047619047619,-2.55263794541677,0.171685564464384,0.179,"ns"
"M","2","NR","hour","3","7",0,-1.02380952380952,-2.3859712787501,0.338352231131054,0.449,"ns"
"M","2","NR","hour","3","8",0,-0.976190476190477,-2.33835223113105,0.385971278750098,0.546,"ns"
"M","2","NR","hour","3","9",0,-0.976190476190475,-2.33835223113105,0.385971278750101,0.546,"ns"
"M","2","NR","hour","3","10",0,-0.857142857142857,-2.21930461208343,0.505018897797719,0.781,"ns"
"M","2","NR","hour","3","11",0,-0.61904761904762,-1.9812093739882,0.743114135892956,0.99,"ns"
"M","2","NR","hour","3","12",0,0.357142857142857,-1.00501889779772,1.71930461208343,1,"ns"
"M","2","NR","hour","3","13",0,2.69047619047619,1.32831443553561,4.05263794541676,7.05e-09,"****"
"M","2","NR","hour","3","14",0,1.61904761904762,0.256885864107044,2.9812093739882,0.00463,"**"
"M","2","NR","hour","3","15",0,0.928571428571429,-0.433590326369147,2.29073318351201,0.645,"ns"
"M","2","NR","hour","3","16",0,0.380952380952381,-0.981209373988195,1.74311413589296,1,"ns"
"M","2","NR","hour","3","17",0,0.595238095238096,-0.76692365970248,1.95739985017867,0.994,"ns"
"M","2","NR","hour","3","18",0,0.380952380952381,-0.981209373988195,1.74311413589296,1,"ns"
"M","2","NR","hour","3","19",0,-0.380952380952381,-1.74311413589296,0.981209373988195,1,"ns"
"M","2","NR","hour","3","20",0,-0.333333333333333,-1.69549508827391,1.02882842160724,1,"ns"
"M","2","NR","hour","3","21",0,-0.642857142857143,-2.00501889779772,0.719304612083433,0.985,"ns"
"M","2","NR","hour","3","22",0,-0.714285714285715,-2.07644746922629,0.647876040654861,0.953,"ns"
"M","2","NR","hour","3","23",0,-0.0714285714285716,-1.43359032636915,1.290733183512,1,"ns"
"M","2","NR","hour","4","5",0,-0.0238095238095227,-1.3859712787501,1.33835223113105,1,"ns"
"M","2","NR","hour","4","6",0,-0.642857142857144,-2.00501889779772,0.719304612083432,0.985,"ns"
"M","2","NR","hour","4","7",0,-0.476190476190473,-1.83835223113105,0.885971278750102,1,"ns"
"M","2","NR","hour","4","8",0,-0.428571428571429,-1.79073318351201,0.933590326369147,1,"ns"
"M","2","NR","hour","4","9",0,-0.428571428571427,-1.790733183512,0.933590326369149,1,"ns"
"M","2","NR","hour","4","10",0,-0.309523809523808,-1.67168556446438,1.05263794541677,1,"ns"
"M","2","NR","hour","4","11",0,-0.071428571428572,-1.43359032636915,1.290733183512,1,"ns"
"M","2","NR","hour","4","12",0,0.904761904761905,-0.457399850178671,2.26692365970248,0.693,"ns"
"M","2","NR","hour","4","13",0,3.23809523809524,1.87593348315466,4.60025699303581,2.77e-12,"****"
"M","2","NR","hour","4","14",0,2.16666666666667,0.804504911726093,3.52882842160724,8.15e-06,"****"
"M","2","NR","hour","4","15",0,1.47619047619048,0.114028721249901,2.83835223113105,0.0185,"*"
"M","2","NR","hour","4","16",0,0.928571428571429,-0.433590326369147,2.29073318351201,0.645,"ns"
"M","2","NR","hour","4","17",0,1.14285714285714,-0.219304612083432,2.50501889779772,0.241,"ns"
"M","2","NR","hour","4","18",0,0.928571428571429,-0.433590326369147,2.290733183512,0.645,"ns"
"M","2","NR","hour","4","19",0,0.166666666666667,-1.19549508827391,1.52882842160724,1,"ns"
"M","2","NR","hour","4","20",0,0.214285714285715,-1.14787604065486,1.57644746922629,1,"ns"
"M","2","NR","hour","4","21",0,-0.0952380952380949,-1.45739985017867,1.26692365970248,1,"ns"
"M","2","NR","hour","4","22",0,-0.166666666666666,-1.52882842160724,1.19549508827391,1,"ns"
"M","2","NR","hour","4","23",0,0.476190476190476,-0.885971278750099,1.83835223113105,1,"ns"
"M","2","NR","hour","5","6",0,-0.619047619047621,-1.9812093739882,0.743114135892954,0.99,"ns"
"M","2","NR","hour","5","7",0,-0.452380952380951,-1.81454270732153,0.909780802559625,1,"ns"
"M","2","NR","hour","5","8",0,-0.404761904761907,-1.76692365970248,0.957399850178669,1,"ns"
"M","2","NR","hour","5","9",0,-0.404761904761904,-1.76692365970248,0.957399850178672,1,"ns"
"M","2","NR","hour","5","10",0,-0.285714285714286,-1.64787604065486,1.07644746922629,1,"ns"
"M","2","NR","hour","5","11",0,-0.0476190476190492,-1.40978080255963,1.31454270732153,1,"ns"
"M","2","NR","hour","5","12",0,0.928571428571428,-0.433590326369148,2.290733183512,0.645,"ns"
"M","2","NR","hour","5","13",0,3.26190476190476,1.89974300696418,4.62406651684533,2.03e-12,"****"
"M","2","NR","hour","5","14",0,2.19047619047619,0.828314435535615,3.55263794541677,6.01e-06,"****"
"M","2","NR","hour","5","15",0,1.5,0.137838245059424,2.86216175494058,0.0148,"*"
"M","2","NR","hour","5","16",0,0.952380952380952,-0.409780802559624,2.31454270732153,0.596,"ns"
"M","2","NR","hour","5","17",0,1.16666666666667,-0.195495088273909,2.52882842160724,0.208,"ns"
"M","2","NR","hour","5","18",0,0.952380952380952,-0.409780802559624,2.31454270732153,0.596,"ns"
"M","2","NR","hour","5","19",0,0.19047619047619,-1.17168556446439,1.55263794541677,1,"ns"
"M","2","NR","hour","5","20",0,0.238095238095238,-1.12406651684534,1.60025699303581,1,"ns"
"M","2","NR","hour","5","21",0,-0.0714285714285722,-1.43359032636915,1.290733183512,1,"ns"
"M","2","NR","hour","5","22",0,-0.142857142857144,-1.50501889779772,1.21930461208343,1,"ns"
"M","2","NR","hour","5","23",0,0.499999999999999,-0.862161754940577,1.86216175494057,1,"ns"
"M","2","NR","hour","6","7",0,0.166666666666671,-1.19549508827391,1.52882842160725,1,"ns"
"M","2","NR","hour","6","8",0,0.214285714285715,-1.14787604065486,1.57644746922629,1,"ns"
"M","2","NR","hour","6","9",0,0.214285714285718,-1.14787604065486,1.57644746922629,1,"ns"
"M","2","NR","hour","6","10",0,0.333333333333336,-1.02882842160724,1.69549508827391,1,"ns"
"M","2","NR","hour","6","11",0,0.571428571428572,-0.790733183512004,1.93359032636915,0.997,"ns"
"M","2","NR","hour","6","12",0,1.54761904761905,0.185457292678473,2.90978080255963,0.00941,"**"
"M","2","NR","hour","6","13",0,3.88095238095238,2.5187906260118,5.24311413589296,2.07e-13,"****"
"M","2","NR","hour","6","14",0,2.80952380952381,1.44736205458324,4.17168556446439,1.3e-09,"****"
"M","2","NR","hour","6","15",0,2.11904761904762,0.756885864107046,3.4812093739882,1.49e-05,"****"
"M","2","NR","hour","6","16",0,1.57142857142857,0.209266816487998,2.93359032636915,0.00746,"**"
"M","2","NR","hour","6","17",0,1.78571428571429,0.423552530773712,3.14787604065486,0.000782,"***"
"M","2","NR","hour","6","18",0,1.57142857142857,0.209266816487997,2.93359032636915,0.00746,"**"
"M","2","NR","hour","6","19",0,0.809523809523811,-0.552637945416765,2.17168556446439,0.856,"ns"
"M","2","NR","hour","6","20",0,0.857142857142859,-0.505018897797717,2.21930461208343,0.781,"ns"
"M","2","NR","hour","6","21",0,0.547619047619049,-0.814542707321527,1.90978080255963,0.998,"ns"
"M","2","NR","hour","6","22",0,0.476190476190478,-0.885971278750098,1.83835223113105,1,"ns"
"M","2","NR","hour","6","23",0,1.11904761904762,-0.243114135892955,2.4812093739882,0.277,"ns"
"M","2","NR","hour","7","8",0,0.0476190476190441,-1.31454270732153,1.40978080255962,1,"ns"
"M","2","NR","hour","7","9",0,0.0476190476190469,-1.31454270732153,1.40978080255962,1,"ns"
"M","2","NR","hour","7","10",0,0.166666666666665,-1.19549508827391,1.52882842160724,1,"ns"
"M","2","NR","hour","7","11",0,0.404761904761901,-0.957399850178674,1.76692365970248,1,"ns"
"M","2","NR","hour","7","12",0,1.38095238095238,0.0187906260118027,2.74311413589295,0.0428,"*"
"M","2","NR","hour","7","13",0,3.71428571428571,2.35212395934513,5.07644746922629,2.31e-13,"****"
"M","2","NR","hour","7","14",0,2.64285714285714,1.28069538791657,4.00501889779772,1.38e-08,"****"
"M","2","NR","hour","7","15",0,1.95238095238095,0.590219197440375,3.31454270732153,0.000114,"***"
"M","2","NR","hour","7","16",0,1.4047619047619,0.0426001498213269,2.76692365970248,0.0349,"*"
"M","2","NR","hour","7","17",0,1.61904761904762,0.256885864107041,2.98120937398819,0.00463,"**"
"M","2","NR","hour","7","18",0,1.4047619047619,0.0426001498213264,2.76692365970248,0.0349,"*"
"M","2","NR","hour","7","19",0,0.642857142857141,-0.719304612083435,2.00501889779772,0.985,"ns"
"M","2","NR","hour","7","20",0,0.690476190476188,-0.671685564464388,2.05263794541676,0.967,"ns"
"M","2","NR","hour","7","21",0,0.380952380952379,-0.981209373988197,1.74311413589295,1,"ns"
"M","2","NR","hour","7","22",0,0.309523809523807,-1.05263794541677,1.67168556446438,1,"ns"
"M","2","NR","hour","7","23",0,0.95238095238095,-0.409780802559626,2.31454270732153,0.596,"ns"
"M","2","NR","hour","8","9",0,2.77555756156289e-15,-1.36216175494057,1.36216175494058,1,"ns"
"M","2","NR","hour","8","10",0,0.119047619047621,-1.24311413589295,1.4812093739882,1,"ns"
"M","2","NR","hour","8","11",0,0.357142857142857,-1.00501889779772,1.71930461208343,1,"ns"
"M","2","NR","hour","8","12",0,1.33333333333333,-0.0288284216072414,2.69549508827391,0.0632,"ns"
"M","2","NR","hour","8","13",0,3.66666666666667,2.30450491172609,5.02882842160724,2.51e-13,"****"
"M","2","NR","hour","8","14",0,2.5952380952381,1.23307634029752,3.95739985017867,2.67e-08,"****"
"M","2","NR","hour","8","15",0,1.90476190476191,0.542600149821331,3.26692365970248,0.000201,"***"
"M","2","NR","hour","8","16",0,1.35714285714286,-0.00501889779771725,2.71930461208343,0.0521,"ns"
"M","2","NR","hour","8","17",0,1.57142857142857,0.209266816487997,2.93359032636915,0.00746,"**"
"M","2","NR","hour","8","18",0,1.35714285714286,-0.00501889779771769,2.71930461208343,0.0521,"ns"
"M","2","NR","hour","8","19",0,0.595238095238096,-0.766923659702479,1.95739985017867,0.994,"ns"
"M","2","NR","hour","8","20",0,0.642857142857144,-0.719304612083432,2.00501889779772,0.985,"ns"
"M","2","NR","hour","8","21",0,0.333333333333334,-1.02882842160724,1.69549508827391,1,"ns"
"M","2","NR","hour","8","22",0,0.261904761904763,-1.10025699303581,1.62406651684534,1,"ns"
"M","2","NR","hour","8","23",0,0.904761904761906,-0.45739985017867,2.26692365970248,0.693,"ns"
"M","2","NR","hour","9","10",0,0.119047619047618,-1.24311413589296,1.48120937398819,1,"ns"
"M","2","NR","hour","9","11",0,0.357142857142855,-1.00501889779772,1.71930461208343,1,"ns"
"M","2","NR","hour","9","12",0,1.33333333333333,-0.0288284216072441,2.69549508827391,0.0632,"ns"
"M","2","NR","hour","9","13",0,3.66666666666666,2.30450491172609,5.02882842160724,2.51e-13,"****"
"M","2","NR","hour","9","14",0,2.59523809523809,1.23307634029752,3.95739985017867,2.67e-08,"****"
"M","2","NR","hour","9","15",0,1.9047619047619,0.542600149821328,3.26692365970248,0.000201,"***"
"M","2","NR","hour","9","16",0,1.35714285714286,-0.00501889779771991,2.71930461208343,0.0521,"ns"
"M","2","NR","hour","9","17",0,1.57142857142857,0.209266816487995,2.93359032636915,0.00746,"**"
"M","2","NR","hour","9","18",0,1.35714285714286,-0.00501889779772036,2.71930461208343,0.0521,"ns"
"M","2","NR","hour","9","19",0,0.595238095238094,-0.766923659702482,1.95739985017867,0.994,"ns"
"M","2","NR","hour","9","20",0,0.642857142857141,-0.719304612083434,2.00501889779772,0.985,"ns"
"M","2","NR","hour","9","21",0,0.333333333333332,-1.02882842160724,1.69549508827391,1,"ns"
"M","2","NR","hour","9","22",0,0.26190476190476,-1.10025699303582,1.62406651684534,1,"ns"
"M","2","NR","hour","9","23",0,0.904761904761903,-0.457399850178673,2.26692365970248,0.693,"ns"
"M","2","NR","hour","10","11",0,0.238095238095236,-1.12406651684534,1.60025699303581,1,"ns"
"M","2","NR","hour","10","12",0,1.21428571428571,-0.147876040654862,2.57644746922629,0.153,"ns"
"M","2","NR","hour","10","13",0,3.54761904761904,2.18545729267847,4.90978080255962,2.67e-13,"****"
"M","2","NR","hour","10","14",0,2.47619047619048,1.1140287212499,3.83835223113105,1.37e-07,"****"
"M","2","NR","hour","10","15",0,1.78571428571429,0.42355253077371,3.14787604065486,0.000782,"***"
"M","2","NR","hour","10","16",0,1.23809523809524,-0.124066516845338,2.60025699303581,0.129,"ns"
"M","2","NR","hour","10","17",0,1.45238095238095,0.0902191974403763,2.81454270732153,0.0229,"*"
"M","2","NR","hour","10","18",0,1.23809523809524,-0.124066516845339,2.60025699303581,0.129,"ns"
"M","2","NR","hour","10","19",0,0.476190476190475,-0.8859712787501,1.83835223113105,1,"ns"
"M","2","NR","hour","10","20",0,0.523809523809523,-0.838352231131053,1.8859712787501,0.999,"ns"
"M","2","NR","hour","10","21",0,0.214285714285714,-1.14787604065486,1.57644746922629,1,"ns"
"M","2","NR","hour","10","22",0,0.142857142857142,-1.21930461208343,1.50501889779772,1,"ns"
"M","2","NR","hour","10","23",0,0.785714285714285,-0.576447469226291,2.14787604065486,0.886,"ns"
"M","2","NR","hour","11","12",0,0.976190476190477,-0.385971278750099,2.33835223113105,0.546,"ns"
"M","2","NR","hour","11","13",0,3.30952380952381,1.94736205458323,4.67168556446438,1.12e-12,"****"
"M","2","NR","hour","11","14",0,2.23809523809524,0.875933483154665,3.60025699303582,3.26e-06,"****"
"M","2","NR","hour","11","15",0,1.54761904761905,0.185457292678473,2.90978080255963,0.00941,"**"
"M","2","NR","hour","11","16",0,1,-0.362161754940574,2.36216175494058,0.497,"ns"
"M","2","NR","hour","11","17",0,1.21428571428572,-0.14787604065486,2.57644746922629,0.153,"ns"
"M","2","NR","hour","11","18",0,1,-0.362161754940575,2.36216175494058,0.497,"ns"
"M","2","NR","hour","11","19",0,0.238095238095239,-1.12406651684534,1.60025699303581,1,"ns"
"M","2","NR","hour","11","20",0,0.285714285714287,-1.07644746922629,1.64787604065486,1,"ns"
"M","2","NR","hour","11","21",0,-0.0238095238095229,-1.3859712787501,1.33835223113105,1,"ns"
"M","2","NR","hour","11","22",0,-0.0952380952380945,-1.45739985017867,1.26692365970248,1,"ns"
"M","2","NR","hour","11","23",0,0.547619047619048,-0.814542707321527,1.90978080255962,0.998,"ns"
"M","2","NR","hour","12","13",0,2.33333333333333,0.971171578392755,3.69549508827391,9.35e-07,"****"
"M","2","NR","hour","12","14",0,1.26190476190476,-0.100256993035813,2.62406651684534,0.109,"ns"
"M","2","NR","hour","12","15",0,0.571428571428572,-0.790733183512004,1.93359032636915,0.997,"ns"
"M","2","NR","hour","12","16",0,0.0238095238095242,-1.33835223113105,1.3859712787501,1,"ns"
"M","2","NR","hour","12","17",0,0.238095238095239,-1.12406651684534,1.60025699303581,1,"ns"
"M","2","NR","hour","12","18",0,0.0238095238095237,-1.33835223113105,1.3859712787501,1,"ns"
"M","2","NR","hour","12","19",0,-0.738095238095238,-2.10025699303581,0.624066516845338,0.935,"ns"
"M","2","NR","hour","12","20",0,-0.69047619047619,-2.05263794541677,0.671685564464386,0.967,"ns"
"M","2","NR","hour","12","21",0,-1,-2.36216175494058,0.362161754940576,0.497,"ns"
"M","2","NR","hour","12","22",0,-1.07142857142857,-2.43359032636915,0.290733183512004,0.357,"ns"
"M","2","NR","hour","12","23",0,-0.428571428571429,-1.790733183512,0.933590326369147,1,"ns"
"M","2","NR","hour","13","14",0,-1.07142857142857,-2.43359032636914,0.290733183512008,0.357,"ns"
"M","2","NR","hour","13","15",0,-1.76190476190476,-3.12406651684533,-0.399743006964183,0.00102,"**"
"M","2","NR","hour","13","16",0,-2.30952380952381,-3.67168556446438,-0.947362054583231,1.28e-06,"****"
"M","2","NR","hour","13","17",0,-2.09523809523809,-3.45739985017867,-0.733076340297516,2e-05,"****"
"M","2","NR","hour","13","18",0,-2.30952380952381,-3.67168556446438,-0.947362054583231,1.28e-06,"****"
"M","2","NR","hour","13","19",0,-3.07142857142857,-4.43359032636914,-1.70926681648799,2.97e-11,"****"
"M","2","NR","hour","13","20",0,-3.02380952380952,-4.3859712787501,-1.66164776886895,5.92e-11,"****"
"M","2","NR","hour","13","21",0,-3.33333333333333,-4.69549508827391,-1.97117157839276,8.71e-13,"****"
"M","2","NR","hour","13","22",0,-3.4047619047619,-4.76692365970248,-2.04260014982133,4.6e-13,"****"
"M","2","NR","hour","13","23",0,-2.76190476190476,-4.12406651684534,-1.39974300696418,2.57e-09,"****"
"M","2","NR","hour","14","15",0,-0.690476190476191,-2.05263794541677,0.671685564464385,0.967,"ns"
"M","2","NR","hour","14","16",0,-1.23809523809524,-2.60025699303581,0.124066516845337,0.129,"ns"
"M","2","NR","hour","14","17",0,-1.02380952380952,-2.3859712787501,0.338352231131051,0.449,"ns"
"M","2","NR","hour","14","18",0,-1.23809523809524,-2.60025699303582,0.124066516845336,0.129,"ns"
"M","2","NR","hour","14","19",0,-2,-3.36216175494058,-0.637838245059426,6.46e-05,"****"
"M","2","NR","hour","14","20",0,-1.95238095238095,-3.31454270732153,-0.590219197440378,0.000114,"***"
"M","2","NR","hour","14","21",0,-2.26190476190476,-3.62406651684534,-0.899743006964187,2.39e-06,"****"
"M","2","NR","hour","14","22",0,-2.33333333333333,-3.69549508827391,-0.971171578392759,9.35e-07,"****"
"M","2","NR","hour","14","23",0,-1.69047619047619,-3.05263794541677,-0.328314435535616,0.0022,"**"
"M","2","NR","hour","15","16",0,-0.547619047619048,-1.90978080255962,0.814542707321528,0.998,"ns"
"M","2","NR","hour","15","17",0,-0.333333333333333,-1.69549508827391,1.02882842160724,1,"ns"
"M","2","NR","hour","15","18",0,-0.547619047619048,-1.90978080255962,0.814542707321527,0.998,"ns"
"M","2","NR","hour","15","19",0,-1.30952380952381,-2.67168556446439,0.0526379454167656,0.0762,"ns"
"M","2","NR","hour","15","20",0,-1.26190476190476,-2.62406651684534,0.100256993035813,0.109,"ns"
"M","2","NR","hour","15","21",0,-1.57142857142857,-2.93359032636915,-0.209266816487996,0.00746,"**"
"M","2","NR","hour","15","22",0,-1.64285714285714,-3.00501889779772,-0.280695387916568,0.00363,"**"
"M","2","NR","hour","15","23",0,-1,-2.36216175494058,0.362161754940575,0.497,"ns"
"M","2","NR","hour","16","17",0,0.214285714285714,-1.14787604065486,1.57644746922629,1,"ns"
"M","2","NR","hour","16","18",0,-4.44089209850063e-16,-1.36216175494058,1.36216175494058,1,"ns"
"M","2","NR","hour","16","19",0,-0.761904761904762,-2.12406651684534,0.600256993035814,0.913,"ns"
"M","2","NR","hour","16","20",0,-0.714285714285714,-2.07644746922629,0.647876040654861,0.953,"ns"
"M","2","NR","hour","16","21",0,-1.02380952380952,-2.3859712787501,0.338352231131052,0.449,"ns"
"M","2","NR","hour","16","22",0,-1.0952380952381,-2.45739985017867,0.26692365970248,0.316,"ns"
"M","2","NR","hour","16","23",0,-0.452380952380953,-1.81454270732153,0.909780802559623,1,"ns"
"M","2","NR","hour","17","18",0,-0.214285714285715,-1.57644746922629,1.14787604065486,1,"ns"
"M","2","NR","hour","17","19",0,-0.976190476190477,-2.33835223113105,0.385971278750099,0.546,"ns"
"M","2","NR","hour","17","20",0,-0.928571428571429,-2.290733183512,0.433590326369147,0.645,"ns"
"M","2","NR","hour","17","21",0,-1.23809523809524,-2.60025699303581,0.124066516845337,0.129,"ns"
"M","2","NR","hour","17","22",0,-1.30952380952381,-2.67168556446439,0.0526379454167656,0.0762,"ns"
"M","2","NR","hour","17","23",0,-0.666666666666667,-2.02882842160724,0.695495088273909,0.977,"ns"
"M","2","NR","hour","18","19",0,-0.761904761904762,-2.12406651684534,0.600256993035814,0.913,"ns"
"M","2","NR","hour","18","20",0,-0.714285714285714,-2.07644746922629,0.647876040654862,0.953,"ns"
"M","2","NR","hour","18","21",0,-1.02380952380952,-2.3859712787501,0.338352231131052,0.449,"ns"
"M","2","NR","hour","18","22",0,-1.0952380952381,-2.45739985017867,0.26692365970248,0.316,"ns"
"M","2","NR","hour","18","23",0,-0.452380952380952,-1.81454270732153,0.909780802559623,1,"ns"
"M","2","NR","hour","19","20",0,0.0476190476190478,-1.31454270732153,1.40978080255962,1,"ns"
"M","2","NR","hour","19","21",0,-0.261904761904762,-1.62406651684534,1.10025699303581,1,"ns"
"M","2","NR","hour","19","22",0,-0.333333333333333,-1.69549508827391,1.02882842160724,1,"ns"
"M","2","NR","hour","19","23",0,0.309523809523809,-1.05263794541677,1.67168556446439,1,"ns"
"M","2","NR","hour","20","21",0,-0.30952380952381,-1.67168556446439,1.05263794541677,1,"ns"
"M","2","NR","hour","20","22",0,-0.380952380952381,-1.74311413589296,0.981209373988195,1,"ns"
"M","2","NR","hour","20","23",0,0.261904761904762,-1.10025699303581,1.62406651684534,1,"ns"
"M","2","NR","hour","21","22",0,-0.0714285714285715,-1.43359032636915,1.290733183512,1,"ns"
"M","2","NR","hour","21","23",0,0.571428571428571,-0.790733183512004,1.93359032636915,0.997,"ns"
"M","2","NR","hour","22","23",0,0.642857142857143,-0.719304612083433,2.00501889779772,0.985,"ns"
"M","2","PR","hour","0","1",0,0.0238095238095217,-1.6401861048265,1.68780515244555,1,"ns"
"M","2","PR","hour","0","2",0,-0.238095238095239,-1.90209086673126,1.42590039054078,1,"ns"
"M","2","PR","hour","0","3",0,-0.642857142857146,-2.30685277149317,1.02113848577888,0.999,"ns"
"M","2","PR","hour","0","4",0,-0.595238095238097,-2.25923372387412,1.06875753339793,1,"ns"
"M","2","PR","hour","0","5",0,-0.80952380952381,-2.47351943815983,0.854471819112214,0.979,"ns"
"M","2","PR","hour","0","6",0,-1.35714285714286,-3.02113848577888,0.306852771493165,0.289,"ns"
"M","2","PR","hour","0","7",0,-1.11904761904762,-2.78304324768364,0.544948009588407,0.67,"ns"
"M","2","PR","hour","0","8",0,-1.38095238095239,-3.04494800958841,0.283043247683638,0.259,"ns"
"M","2","PR","hour","0","9",0,-1,-2.66399562863603,0.663995628636022,0.843,"ns"
"M","2","PR","hour","0","10",0,-0.976190476190479,-2.6401861048265,0.687805152445545,0.87,"ns"
"M","2","PR","hour","0","11",0,-0.809523809523814,-2.47351943815984,0.85447181911221,0.979,"ns"
"M","2","PR","hour","0","12",0,0.57142857142857,-1.09256705720745,2.23542420006459,1,"ns"
"M","2","PR","hour","0","13",0,2.09523809523809,0.431242466602069,3.75923372387412,0.00169,"**"
"M","2","PR","hour","0","14",0,2.26190476190476,0.597909133268736,3.92590039054078,0.000372,"***"
"M","2","PR","hour","0","15",0,2.09523809523809,0.431242466602071,3.75923372387412,0.00169,"**"
"M","2","PR","hour","0","16",0,2.45238095238095,0.788385323744927,4.11637658101697,5.9e-05,"****"
"M","2","PR","hour","0","17",0,1.88095238095238,0.216956752316356,3.5449480095884,0.0102,"*"
"M","2","PR","hour","0","18",0,1.80952380952381,0.145528180887782,3.47351943815983,0.0176,"*"
"M","2","PR","hour","0","19",0,0.76190476190476,-0.902090866731264,2.42590039054078,0.99,"ns"
"M","2","PR","hour","0","20",0,0.0952380952380929,-1.56875753339793,1.75923372387412,1,"ns"
"M","2","PR","hour","0","21",0,0.119047619047618,-1.54494800958841,1.78304324768364,1,"ns"
"M","2","PR","hour","0","22",0,-2.44249065417534e-15,-1.66399562863603,1.66399562863602,1,"ns"
"M","2","PR","hour","0","23",0,0.547619047619045,-1.11637658101698,2.21161467625507,1,"ns"
"M","2","PR","hour","1","2",0,-0.261904761904761,-1.92590039054078,1.40209086673126,1,"ns"
"M","2","PR","hour","1","3",0,-0.666666666666668,-2.33066229530269,0.997328961969356,0.998,"ns"
"M","2","PR","hour","1","4",0,-0.619047619047619,-2.28304324768364,1.0449480095884,0.999,"ns"
"M","2","PR","hour","1","5",0,-0.833333333333331,-2.49732896196936,0.830662295302692,0.971,"ns"
"M","2","PR","hour","1","6",0,-1.38095238095238,-3.0449480095884,0.283043247683643,0.259,"ns"
"M","2","PR","hour","1","7",0,-1.14285714285714,-2.80685277149316,0.521138485778885,0.631,"ns"
"M","2","PR","hour","1","8",0,-1.40476190476191,-3.06875753339793,0.259233723874116,0.231,"ns"
"M","2","PR","hour","1","9",0,-1.02380952380952,-2.68780515244555,0.6401861048265,0.813,"ns"
"M","2","PR","hour","1","10",0,-1,-2.66399562863602,0.663995628636023,0.843,"ns"
"M","2","PR","hour","1","11",0,-0.833333333333336,-2.49732896196936,0.830662295302688,0.971,"ns"
"M","2","PR","hour","1","12",0,0.547619047619049,-1.11637658101698,2.21161467625507,1,"ns"
"M","2","PR","hour","1","13",0,2.07142857142857,0.407432942792547,3.7354242000646,0.00208,"**"
"M","2","PR","hour","1","14",0,2.23809523809524,0.574099609459214,3.90209086673126,0.000464,"***"
"M","2","PR","hour","1","15",0,2.07142857142857,0.407432942792549,3.7354242000646,0.00208,"**"
"M","2","PR","hour","1","16",0,2.42857142857143,0.764575799935405,4.09256705720745,7.47e-05,"****"
"M","2","PR","hour","1","17",0,1.85714285714286,0.193147228506834,3.52113848577888,0.0122,"*"
"M","2","PR","hour","1","18",0,1.78571428571428,0.12171865707826,3.44970991435031,0.0211,"*"
"M","2","PR","hour","1","19",0,0.738095238095238,-0.925900390540786,2.40209086673126,0.993,"ns"
"M","2","PR","hour","1","20",0,0.0714285714285712,-1.59256705720745,1.73542420006459,1,"ns"
"M","2","PR","hour","1","21",0,0.0952380952380958,-1.56875753339793,1.75923372387412,1,"ns"
"M","2","PR","hour","1","22",0,-0.0238095238095242,-1.68780515244555,1.6401861048265,1,"ns"
"M","2","PR","hour","1","23",0,0.523809523809524,-1.1401861048265,2.18780515244555,1,"ns"
"M","2","PR","hour","2","3",0,-0.404761904761907,-2.06875753339793,1.25923372387412,1,"ns"
"M","2","PR","hour","2","4",0,-0.357142857142858,-2.02113848577888,1.30685277149317,1,"ns"
"M","2","PR","hour","2","5",0,-0.57142857142857,-2.23542420006459,1.09256705720745,1,"ns"
"M","2","PR","hour","2","6",0,-1.11904761904762,-2.78304324768364,0.544948009588404,0.67,"ns"
"M","2","PR","hour","2","7",0,-0.880952380952377,-2.5449480095884,0.783043247683647,0.948,"ns"
"M","2","PR","hour","2","8",0,-1.14285714285715,-2.80685277149317,0.521138485778877,0.631,"ns"
"M","2","PR","hour","2","9",0,-0.761904761904763,-2.42590039054079,0.902090866731261,0.99,"ns"
"M","2","PR","hour","2","10",0,-0.738095238095239,-2.40209086673126,0.925900390540785,0.993,"ns"
"M","2","PR","hour","2","11",0,-0.571428571428575,-2.2354242000646,1.09256705720745,1,"ns"
"M","2","PR","hour","2","12",0,0.80952380952381,-0.854471819112214,2.47351943815983,0.979,"ns"
"M","2","PR","hour","2","13",0,2.33333333333333,0.669337704697308,3.99732896196936,0.000189,"***"
"M","2","PR","hour","2","14",0,2.5,0.836004371363976,4.16399562863602,3.66e-05,"****"
"M","2","PR","hour","2","15",0,2.33333333333333,0.669337704697311,3.99732896196936,0.000189,"***"
"M","2","PR","hour","2","16",0,2.69047619047619,1.02648056184017,4.35447181911221,5.16e-06,"****"
"M","2","PR","hour","2","17",0,2.11904761904762,0.455051990411595,3.78304324768364,0.00137,"**"
"M","2","PR","hour","2","18",0,2.04761904761905,0.383623418983021,3.71161467625507,0.00256,"**"
"M","2","PR","hour","2","19",0,0.999999999999999,-0.663995628636025,2.66399562863602,0.843,"ns"
"M","2","PR","hour","2","20",0,0.333333333333332,-1.33066229530269,1.99732896196936,1,"ns"
"M","2","PR","hour","2","21",0,0.357142857142857,-1.30685277149317,2.02113848577888,1,"ns"
"M","2","PR","hour","2","22",0,0.238095238095237,-1.42590039054079,1.90209086673126,1,"ns"
"M","2","PR","hour","2","23",0,0.785714285714285,-0.878281342921739,2.44970991435031,0.985,"ns"
"M","2","PR","hour","3","4",0,0.0476190476190492,-1.61637658101697,1.71161467625507,1,"ns"
"M","2","PR","hour","3","5",0,-0.166666666666663,-1.83066229530269,1.49732896196936,1,"ns"
"M","2","PR","hour","3","6",0,-0.714285714285713,-2.37828134292174,0.949709914350311,0.995,"ns"
"M","2","PR","hour","3","7",0,-0.47619047619047,-2.14018610482649,1.18780515244555,1,"ns"
"M","2","PR","hour","3","8",0,-0.73809523809524,-2.40209086673126,0.925900390540784,0.993,"ns"
"M","2","PR","hour","3","9",0,-0.357142857142856,-2.02113848577888,1.30685277149317,1,"ns"
"M","2","PR","hour","3","10",0,-0.333333333333332,-1.99732896196936,1.33066229530269,1,"ns"
"M","2","PR","hour","3","11",0,-0.166666666666668,-1.83066229530269,1.49732896196936,1,"ns"
"M","2","PR","hour","3","12",0,1.21428571428572,-0.449709914350307,2.87828134292174,0.509,"ns"
"M","2","PR","hour","3","13",0,2.73809523809524,1.07409960945922,4.40209086673126,3.12e-06,"****"
"M","2","PR","hour","3","14",0,2.90476190476191,1.24076627612588,4.56875753339793,5.17e-07,"****"
"M","2","PR","hour","3","15",0,2.73809523809524,1.07409960945922,4.40209086673126,3.12e-06,"****"
"M","2","PR","hour","3","16",0,3.0952380952381,1.43124246660207,4.75923372387412,6.24e-08,"****"
"M","2","PR","hour","3","17",0,2.52380952380953,0.859813895173502,4.18780515244555,2.88e-05,"****"
"M","2","PR","hour","3","18",0,2.45238095238095,0.788385323744928,4.11637658101698,5.9e-05,"****"
"M","2","PR","hour","3","19",0,1.40476190476191,-0.259233723874118,3.06875753339793,0.231,"ns"
"M","2","PR","hour","3","20",0,0.738095238095239,-0.925900390540785,2.40209086673126,0.993,"ns"
"M","2","PR","hour","3","21",0,0.761904761904764,-0.90209086673126,2.42590039054079,0.99,"ns"
"M","2","PR","hour","3","22",0,0.642857142857144,-1.02113848577888,2.30685277149317,0.999,"ns"
"M","2","PR","hour","3","23",0,1.19047619047619,-0.473519438159832,2.85447181911222,0.55,"ns"
"M","2","PR","hour","4","5",0,-0.214285714285713,-1.87828134292174,1.44970991435031,1,"ns"
"M","2","PR","hour","4","6",0,-0.761904761904762,-2.42590039054079,0.902090866731262,0.99,"ns"
"M","2","PR","hour","4","7",0,-0.52380952380952,-2.18780515244554,1.1401861048265,1,"ns"
"M","2","PR","hour","4","8",0,-0.785714285714289,-2.44970991435031,0.878281342921735,0.985,"ns"
"M","2","PR","hour","4","9",0,-0.404761904761905,-2.06875753339793,1.25923372387412,1,"ns"
"M","2","PR","hour","4","10",0,-0.380952380952382,-2.04494800958841,1.28304324768364,1,"ns"
"M","2","PR","hour","4","11",0,-0.214285714285717,-1.87828134292174,1.44970991435031,1,"ns"
"M","2","PR","hour","4","12",0,1.16666666666667,-0.497328961969356,2.83066229530269,0.591,"ns"
"M","2","PR","hour","4","13",0,2.69047619047619,1.02648056184017,4.35447181911221,5.16e-06,"****"
"M","2","PR","hour","4","14",0,2.85714285714286,1.19314722850683,4.52113848577888,8.69e-07,"****"
"M","2","PR","hour","4","15",0,2.69047619047619,1.02648056184017,4.35447181911222,5.16e-06,"****"
"M","2","PR","hour","4","16",0,3.04761904761905,1.38362341898302,4.71161467625507,1.06e-07,"****"
"M","2","PR","hour","4","17",0,2.47619047619048,0.812194847554453,4.1401861048265,4.65e-05,"****"
"M","2","PR","hour","4","18",0,2.4047619047619,0.740766276125879,4.06875753339793,9.44e-05,"****"
"M","2","PR","hour","4","19",0,1.35714285714286,-0.306852771493167,3.02113848577888,0.289,"ns"
"M","2","PR","hour","4","20",0,0.69047619047619,-0.973519438159834,2.35447181911221,0.997,"ns"
"M","2","PR","hour","4","21",0,0.714285714285715,-0.949709914350309,2.37828134292174,0.995,"ns"
"M","2","PR","hour","4","22",0,0.595238095238095,-1.06875753339793,2.25923372387412,1,"ns"
"M","2","PR","hour","4","23",0,1.14285714285714,-0.521138485778881,2.80685277149317,0.631,"ns"
"M","2","PR","hour","5","6",0,-0.547619047619049,-2.21161467625507,1.11637658101697,1,"ns"
"M","2","PR","hour","5","7",0,-0.309523809523807,-1.97351943815983,1.35447181911222,1,"ns"
"M","2","PR","hour","5","8",0,-0.571428571428576,-2.2354242000646,1.09256705720745,1,"ns"
"M","2","PR","hour","5","9",0,-0.190476190476192,-1.85447181911222,1.47351943815983,1,"ns"
"M","2","PR","hour","5","10",0,-0.166666666666669,-1.83066229530269,1.49732896196935,1,"ns"
"M","2","PR","hour","5","11",0,-4.44089209850063e-15,-1.66399562863603,1.66399562863602,1,"ns"
"M","2","PR","hour","5","12",0,1.38095238095238,-0.283043247683644,3.0449480095884,0.259,"ns"
"M","2","PR","hour","5","13",0,2.9047619047619,1.24076627612588,4.56875753339793,5.17e-07,"****"
"M","2","PR","hour","5","14",0,3.07142857142857,1.40743294279255,4.73542420006459,8.16e-08,"****"
"M","2","PR","hour","5","15",0,2.9047619047619,1.24076627612588,4.56875753339793,5.17e-07,"****"
"M","2","PR","hour","5","16",0,3.26190476190476,1.59790913326874,4.92590039054078,9.37e-09,"****"
"M","2","PR","hour","5","17",0,2.69047619047619,1.02648056184017,4.35447181911221,5.16e-06,"****"
"M","2","PR","hour","5","18",0,2.61904761904762,0.955051990411592,4.28304324768364,1.09e-05,"****"
"M","2","PR","hour","5","19",0,1.57142857142857,-0.0925670572074544,3.23542420006459,0.091,"ns"
"M","2","PR","hour","5","20",0,0.904761904761903,-0.759233723874121,2.56875753339793,0.933,"ns"
"M","2","PR","hour","5","21",0,0.928571428571427,-0.735424200064597,2.59256705720745,0.915,"ns"
"M","2","PR","hour","5","22",0,0.809523809523807,-0.854471819112216,2.47351943815983,0.979,"ns"
"M","2","PR","hour","5","23",0,1.35714285714285,-0.306852771493169,3.02113848577888,0.289,"ns"
"M","2","PR","hour","6","7",0,0.238095238095243,-1.42590039054078,1.90209086673127,1,"ns"
"M","2","PR","hour","6","8",0,-0.0238095238095269,-1.68780515244555,1.6401861048265,1,"ns"
"M","2","PR","hour","6","9",0,0.357142857142857,-1.30685277149317,2.02113848577888,1,"ns"
"M","2","PR","hour","6","10",0,0.380952380952381,-1.28304324768364,2.0449480095884,1,"ns"
"M","2","PR","hour","6","11",0,0.547619047619045,-1.11637658101698,2.21161467625507,1,"ns"
"M","2","PR","hour","6","12",0,1.92857142857143,0.264575799935406,3.59256705720745,0.00694,"**"
"M","2","PR","hour","6","13",0,3.45238095238095,1.78838532374493,5.11637658101698,1.03e-09,"****"
"M","2","PR","hour","6","14",0,3.61904761904762,1.9550519904116,5.28304324768364,1.44e-10,"****"
"M","2","PR","hour","6","15",0,3.45238095238095,1.78838532374493,5.11637658101698,1.03e-09,"****"
"M","2","PR","hour","6","16",0,3.80952380952381,2.14552818088779,5.47351943815983,1.5e-11,"****"
"M","2","PR","hour","6","17",0,3.23809523809524,1.57409960945922,4.90209086673126,1.23e-08,"****"
"M","2","PR","hour","6","18",0,3.16666666666667,1.50267103803064,4.83066229530269,2.78e-08,"****"
"M","2","PR","hour","6","19",0,2.11904761904762,0.455051990411595,3.78304324768364,0.00137,"**"
"M","2","PR","hour","6","20",0,1.45238095238095,-0.211614676255072,3.11637658101698,0.181,"ns"
"M","2","PR","hour","6","21",0,1.47619047619048,-0.187805152445547,3.1401861048265,0.159,"ns"
"M","2","PR","hour","6","22",0,1.35714285714286,-0.306852771493167,3.02113848577888,0.289,"ns"
"M","2","PR","hour","6","23",0,1.9047619047619,0.240766276125881,3.56875753339793,0.0084,"**"
"M","2","PR","hour","7","8",0,-0.26190476190477,-1.92590039054079,1.40209086673125,1,"ns"
"M","2","PR","hour","7","9",0,0.119047619047614,-1.54494800958841,1.78304324768364,1,"ns"
"M","2","PR","hour","7","10",0,0.142857142857138,-1.52113848577889,1.80685277149316,1,"ns"
"M","2","PR","hour","7","11",0,0.309523809523802,-1.35447181911222,1.97351943815983,1,"ns"
"M","2","PR","hour","7","12",0,1.69047619047619,0.0264805618401631,3.35447181911221,0.0417,"*"
"M","2","PR","hour","7","13",0,3.21428571428571,1.55029008564969,4.87828134292173,1.62e-08,"****"
"M","2","PR","hour","7","14",0,3.38095238095238,1.71695675231635,5.0449480095884,2.37e-09,"****"
"M","2","PR","hour","7","15",0,3.21428571428571,1.55029008564969,4.87828134292174,1.62e-08,"****"
"M","2","PR","hour","7","16",0,3.57142857142857,1.90743294279254,5.23542420006459,2.53e-10,"****"
"M","2","PR","hour","7","17",0,3,1.33600437136397,4.66399562863602,1.81e-07,"****"
"M","2","PR","hour","7","18",0,2.92857142857142,1.2645757999354,4.59256705720745,3.98e-07,"****"
"M","2","PR","hour","7","19",0,1.88095238095238,0.216956752316352,3.5449480095884,0.0102,"*"
"M","2","PR","hour","7","20",0,1.21428571428571,-0.449709914350314,2.87828134292173,0.509,"ns"
"M","2","PR","hour","7","21",0,1.23809523809523,-0.42590039054079,2.90209086673126,0.469,"ns"
"M","2","PR","hour","7","22",0,1.11904761904761,-0.54494800958841,2.78304324768364,0.67,"ns"
"M","2","PR","hour","7","23",0,1.66666666666666,0.00267103803063806,3.33066229530269,0.0491,"*"
"M","2","PR","hour","8","9",0,0.380952380952384,-1.28304324768364,2.04494800958841,1,"ns"
"M","2","PR","hour","8","10",0,0.404761904761907,-1.25923372387412,2.06875753339793,1,"ns"
"M","2","PR","hour","8","11",0,0.571428571428572,-1.09256705720745,2.2354242000646,1,"ns"
"M","2","PR","hour","8","12",0,1.95238095238096,0.288385323744933,3.61637658101698,0.00571,"**"
"M","2","PR","hour","8","13",0,3.47619047619048,1.81219484755446,5.1401861048265,7.77e-10,"****"
"M","2","PR","hour","8","14",0,3.64285714285715,1.97886151422112,5.30685277149317,1.09e-10,"****"
"M","2","PR","hour","8","15",0,3.47619047619048,1.81219484755446,5.1401861048265,7.77e-10,"****"
"M","2","PR","hour","8","16",0,3.83333333333334,2.16933770469731,5.49732896196936,1.13e-11,"****"
"M","2","PR","hour","8","17",0,3.26190476190477,1.59790913326874,4.92590039054079,9.37e-09,"****"
"M","2","PR","hour","8","18",0,3.19047619047619,1.52648056184017,4.85447181911222,2.12e-08,"****"
"M","2","PR","hour","8","19",0,2.14285714285715,0.478861514221122,3.80685277149317,0.00111,"**"
"M","2","PR","hour","8","20",0,1.47619047619048,-0.187805152445545,3.1401861048265,0.159,"ns"
"M","2","PR","hour","8","21",0,1.5,-0.16399562863602,3.16399562863603,0.139,"ns"
"M","2","PR","hour","8","22",0,1.38095238095238,-0.28304324768364,3.04494800958841,0.259,"ns"
"M","2","PR","hour","8","23",0,1.92857142857143,0.264575799935408,3.59256705720746,0.00694,"**"
"M","2","PR","hour","9","10",0,0.0238095238095235,-1.6401861048265,1.68780515244555,1,"ns"
"M","2","PR","hour","9","11",0,0.190476190476188,-1.47351943815984,1.85447181911221,1,"ns"
"M","2","PR","hour","9","12",0,1.57142857142857,-0.0925670572074513,3.2354242000646,0.091,"ns"
"M","2","PR","hour","9","13",0,3.09523809523809,1.43124246660207,4.75923372387412,6.24e-08,"****"
"M","2","PR","hour","9","14",0,3.26190476190476,1.59790913326874,4.92590039054079,9.37e-09,"****"
"M","2","PR","hour","9","15",0,3.0952380952381,1.43124246660207,4.75923372387412,6.24e-08,"****"
"M","2","PR","hour","9","16",0,3.45238095238095,1.78838532374493,5.11637658101698,1.03e-09,"****"
"M","2","PR","hour","9","17",0,2.88095238095238,1.21695675231636,4.54494800958841,6.71e-07,"****"
"M","2","PR","hour","9","18",0,2.80952380952381,1.14552818088778,4.47351943815983,1.45e-06,"****"
"M","2","PR","hour","9","19",0,1.76190476190476,0.0979091332687381,3.42590039054079,0.0251,"*"
"M","2","PR","hour","9","20",0,1.0952380952381,-0.568757533397929,2.75923372387412,0.709,"ns"
"M","2","PR","hour","9","21",0,1.11904761904762,-0.544948009588404,2.78304324768364,0.67,"ns"
"M","2","PR","hour","9","22",0,1,-0.663995628636024,2.66399562863602,0.843,"ns"
"M","2","PR","hour","9","23",0,1.54761904761905,-0.116376581016976,3.21161467625507,0.105,"ns"
"M","2","PR","hour","10","11",0,0.166666666666665,-1.49732896196936,1.83066229530269,1,"ns"
"M","2","PR","hour","10","12",0,1.54761904761905,-0.116376581016975,3.21161467625507,0.105,"ns"
"M","2","PR","hour","10","13",0,3.07142857142857,1.40743294279255,4.7354242000646,8.16e-08,"****"
"M","2","PR","hour","10","14",0,3.23809523809524,1.57409960945922,4.90209086673126,1.23e-08,"****"
"M","2","PR","hour","10","15",0,3.07142857142857,1.40743294279255,4.7354242000646,8.16e-08,"****"
"M","2","PR","hour","10","16",0,3.42857142857143,1.76457579993541,5.09256705720745,1.36e-09,"****"
"M","2","PR","hour","10","17",0,2.85714285714286,1.19314722850683,4.52113848577888,8.69e-07,"****"
"M","2","PR","hour","10","18",0,2.78571428571428,1.12171865707826,4.44970991435031,1.88e-06,"****"
"M","2","PR","hour","10","19",0,1.73809523809524,0.0740996094592146,3.40209086673126,0.0298,"*"
"M","2","PR","hour","10","20",0,1.07142857142857,-0.592567057207452,2.7354242000646,0.746,"ns"
"M","2","PR","hour","10","21",0,1.0952380952381,-0.568757533397928,2.75923372387412,0.709,"ns"
"M","2","PR","hour","10","22",0,0.976190476190476,-0.687805152445548,2.6401861048265,0.87,"ns"
"M","2","PR","hour","10","23",0,1.52380952380952,-0.1401861048265,3.18780515244555,0.121,"ns"
"M","2","PR","hour","11","12",0,1.38095238095238,-0.283043247683639,3.04494800958841,0.259,"ns"
"M","2","PR","hour","11","13",0,2.90476190476191,1.24076627612588,4.56875753339793,5.17e-07,"****"
"M","2","PR","hour","11","14",0,3.07142857142857,1.40743294279255,4.7354242000646,8.16e-08,"****"
"M","2","PR","hour","11","15",0,2.90476190476191,1.24076627612589,4.56875753339793,5.17e-07,"****"
"M","2","PR","hour","11","16",0,3.26190476190476,1.59790913326874,4.92590039054079,9.37e-09,"****"
"M","2","PR","hour","11","17",0,2.69047619047619,1.02648056184017,4.35447181911222,5.16e-06,"****"
"M","2","PR","hour","11","18",0,2.61904761904762,0.955051990411596,4.28304324768364,1.09e-05,"****"
"M","2","PR","hour","11","19",0,1.57142857142857,-0.09256705720745,3.2354242000646,0.091,"ns"
"M","2","PR","hour","11","20",0,0.904761904761907,-0.759233723874117,2.56875753339793,0.933,"ns"
"M","2","PR","hour","11","21",0,0.928571428571432,-0.735424200064592,2.59256705720746,0.915,"ns"
"M","2","PR","hour","11","22",0,0.809523809523812,-0.854471819112212,2.47351943815984,0.979,"ns"
"M","2","PR","hour","11","23",0,1.35714285714286,-0.306852771493164,3.02113848577888,0.289,"ns"
"M","2","PR","hour","12","13",0,1.52380952380952,-0.140186104826501,3.18780515244555,0.121,"ns"
"M","2","PR","hour","12","14",0,1.69047619047619,0.026480561840166,3.35447181911221,0.0417,"*"
"M","2","PR","hour","12","15",0,1.52380952380952,-0.140186104826499,3.18780515244555,0.121,"ns"
"M","2","PR","hour","12","16",0,1.88095238095238,0.216956752316357,3.5449480095884,0.0102,"*"
"M","2","PR","hour","12","17",0,1.30952380952381,-0.354471819112214,2.97351943815983,0.356,"ns"
"M","2","PR","hour","12","18",0,1.23809523809524,-0.425900390540788,2.90209086673126,0.469,"ns"
"M","2","PR","hour","12","19",0,0.190476190476189,-1.47351943815983,1.85447181911221,1,"ns"
"M","2","PR","hour","12","20",0,-0.476190476190477,-2.1401861048265,1.18780515244555,1,"ns"
"M","2","PR","hour","12","21",0,-0.452380952380953,-2.11637658101698,1.21161467625507,1,"ns"
"M","2","PR","hour","12","22",0,-0.571428571428573,-2.2354242000646,1.09256705720745,1,"ns"
"M","2","PR","hour","12","23",0,-0.0238095238095251,-1.68780515244555,1.6401861048265,1,"ns"
"M","2","PR","hour","13","14",0,0.166666666666667,-1.49732896196936,1.83066229530269,1,"ns"
"M","2","PR","hour","13","15",0,2.22044604925031e-15,-1.66399562863602,1.66399562863603,1,"ns"
"M","2","PR","hour","13","16",0,0.357142857142858,-1.30685277149317,2.02113848577888,1,"ns"
"M","2","PR","hour","13","17",0,-0.214285714285713,-1.87828134292174,1.44970991435031,1,"ns"
"M","2","PR","hour","13","18",0,-0.285714285714287,-1.94970991435031,1.37828134292174,1,"ns"
"M","2","PR","hour","13","19",0,-1.33333333333333,-2.99732896196936,0.330662295302691,0.322,"ns"
"M","2","PR","hour","13","20",0,-2,-3.66399562863602,-0.336004371363976,0.00384,"**"
"M","2","PR","hour","13","21",0,-1.97619047619048,-3.6401861048265,-0.312194847554451,0.00469,"**"
"M","2","PR","hour","13","22",0,-2.09523809523809,-3.75923372387412,-0.431242466602071,0.00169,"**"
"M","2","PR","hour","13","23",0,-1.54761904761905,-3.21161467625507,0.116376581016976,0.105,"ns"
"M","2","PR","hour","14","15",0,-0.166666666666665,-1.83066229530269,1.49732896196936,1,"ns"
"M","2","PR","hour","14","16",0,0.190476190476191,-1.47351943815983,1.85447181911221,1,"ns"
"M","2","PR","hour","14","17",0,-0.38095238095238,-2.0449480095884,1.28304324768364,1,"ns"
"M","2","PR","hour","14","18",0,-0.452380952380954,-2.11637658101698,1.21161467625507,1,"ns"
"M","2","PR","hour","14","19",0,-1.5,-3.16399562863602,0.163995628636023,0.139,"ns"
"M","2","PR","hour","14","20",0,-2.16666666666667,-3.83066229530269,-0.502671038030643,0.000894,"***"
"M","2","PR","hour","14","21",0,-2.14285714285714,-3.80685277149317,-0.478861514221119,0.00111,"**"
"M","2","PR","hour","14","22",0,-2.26190476190476,-3.92590039054079,-0.597909133268739,0.000372,"***"
"M","2","PR","hour","14","23",0,-1.71428571428571,-3.37828134292174,-0.0502900856496911,0.0353,"*"
"M","2","PR","hour","15","16",0,0.357142857142856,-1.30685277149317,2.02113848577888,1,"ns"
"M","2","PR","hour","15","17",0,-0.214285714285715,-1.87828134292174,1.44970991435031,1,"ns"
"M","2","PR","hour","15","18",0,-0.285714285714289,-1.94970991435031,1.37828134292173,1,"ns"
"M","2","PR","hour","15","19",0,-1.33333333333334,-2.99732896196936,0.330662295302689,0.322,"ns"
"M","2","PR","hour","15","20",0,-2,-3.66399562863603,-0.336004371363978,0.00384,"**"
"M","2","PR","hour","15","21",0,-1.97619047619048,-3.6401861048265,-0.312194847554454,0.00469,"**"
"M","2","PR","hour","15","22",0,-2.0952380952381,-3.75923372387412,-0.431242466602074,0.00169,"**"
"M","2","PR","hour","15","23",0,-1.54761904761905,-3.21161467625507,0.116376581016974,0.105,"ns"
"M","2","PR","hour","16","17",0,-0.571428571428571,-2.2354242000646,1.09256705720745,1,"ns"
"M","2","PR","hour","16","18",0,-0.642857142857145,-2.30685277149317,1.02113848577888,0.999,"ns"
"M","2","PR","hour","16","19",0,-1.69047619047619,-3.35447181911221,-0.0264805618401673,0.0417,"*"
"M","2","PR","hour","16","20",0,-2.35714285714286,-4.02113848577888,-0.693147228506834,0.00015,"***"
"M","2","PR","hour","16","21",0,-2.33333333333333,-3.99732896196936,-0.669337704697309,0.000189,"***"
"M","2","PR","hour","16","22",0,-2.45238095238095,-4.11637658101698,-0.78838532374493,5.9e-05,"****"
"M","2","PR","hour","16","23",0,-1.90476190476191,-3.56875753339793,-0.240766276125882,0.0084,"**"
"M","2","PR","hour","17","18",0,-0.0714285714285738,-1.7354242000646,1.59256705720745,1,"ns"
"M","2","PR","hour","17","19",0,-1.11904761904762,-2.78304324768364,0.544948009588404,0.67,"ns"
"M","2","PR","hour","17","20",0,-1.78571428571429,-3.44970991435031,-0.121718657078263,0.0211,"*"
"M","2","PR","hour","17","21",0,-1.76190476190476,-3.42590039054079,-0.0979091332687383,0.0251,"*"
"M","2","PR","hour","17","22",0,-1.88095238095238,-3.54494800958841,-0.216956752316358,0.0102,"*"
"M","2","PR","hour","17","23",0,-1.33333333333333,-2.99732896196936,0.330662295302689,0.322,"ns"
"M","2","PR","hour","18","19",0,-1.04761904761905,-2.71161467625507,0.616376581016978,0.78,"ns"
"M","2","PR","hour","18","20",0,-1.71428571428571,-3.37828134292174,-0.0502900856496891,0.0353,"*"
"M","2","PR","hour","18","21",0,-1.69047619047619,-3.35447181911221,-0.0264805618401645,0.0417,"*"
"M","2","PR","hour","18","22",0,-1.80952380952381,-3.47351943815983,-0.145528180887784,0.0176,"*"
"M","2","PR","hour","18","23",0,-1.26190476190476,-2.92590039054078,0.402090866731263,0.43,"ns"
"M","2","PR","hour","19","20",0,-0.666666666666667,-2.33066229530269,0.997328961969357,0.998,"ns"
"M","2","PR","hour","19","21",0,-0.642857142857142,-2.30685277149317,1.02113848577888,0.999,"ns"
"M","2","PR","hour","19","22",0,-0.761904761904762,-2.42590039054079,0.902090866731262,0.99,"ns"
"M","2","PR","hour","19","23",0,-0.214285714285714,-1.87828134292174,1.44970991435031,1,"ns"
"M","2","PR","hour","20","21",0,0.0238095238095246,-1.6401861048265,1.68780515244555,1,"ns"
"M","2","PR","hour","20","22",0,-0.0952380952380953,-1.75923372387412,1.56875753339793,1,"ns"
"M","2","PR","hour","20","23",0,0.452380952380952,-1.21161467625507,2.11637658101698,1,"ns"
"M","2","PR","hour","21","22",0,-0.11904761904762,-1.78304324768364,1.5449480095884,1,"ns"
"M","2","PR","hour","21","23",0,0.428571428571428,-1.2354242000646,2.09256705720745,1,"ns"
"M","2","PR","hour","22","23",0,0.547619047619048,-1.11637658101698,2.21161467625507,1,"ns"
