"sex","order","diet","term","group1","group2","null.value","estimate","conf.low","conf.high","p.adj","p.adj.signif"
"F","1","NR","hour","0","1",0,-0.0285714285714264,-0.979461585100224,0.922318727957371,1,"ns"
"F","1","NR","hour","0","2",0,-0.0571428571428561,-1.00803301367165,0.893747299385942,1,"ns"
"F","1","NR","hour","0","3",0,-0.0571428571428566,-1.00803301367165,0.893747299385941,1,"ns"
"F","1","NR","hour","0","4",0,0.028571428571429,-0.922318727957369,0.979461585100227,1,"ns"
"F","1","NR","hour","0","5",0,-0.0571428571428572,-1.00803301367166,0.893747299385941,1,"ns"
"F","1","NR","hour","0","6",0,0.0857142857142866,-0.865175870814511,1.03660444224308,1,"ns"
"F","1","NR","hour","0","7",0,0.0285714285714297,-0.922318727957368,0.979461585100228,1,"ns"
"F","1","NR","hour","0","8",0,0.0571428571428583,-0.89374729938594,1.00803301367166,1,"ns"
"F","1","NR","hour","0","9",0,0.0285714285714302,-0.922318727957368,0.979461585100228,1,"ns"
"F","1","NR","hour","0","10",0,0.142857142857144,-0.808033013671654,1.09374729938594,1,"ns"
"F","1","NR","hour","0","11",0,0.371428571428572,-0.579461585100226,1.32231872795737,0.999,"ns"
"F","1","NR","hour","0","12",0,0.542857142857144,-0.408033013671654,1.49374729938594,0.889,"ns"
"F","1","NR","hour","0","13",0,0.371428571428573,-0.579461585100225,1.32231872795737,0.999,"ns"
"F","1","NR","hour","0","14",0,0.771428571428572,-0.179461585100226,1.72231872795737,0.293,"ns"
"F","1","NR","hour","0","15",0,0.485714285714287,-0.465175870814511,1.43660444224308,0.96,"ns"
"F","1","NR","hour","0","16",0,0.685714285714287,-0.265175870814511,1.63660444224308,0.523,"ns"
"F","1","NR","hour","0","17",0,0.600000000000001,-0.350890156528797,1.5508901565288,0.767,"ns"
"F","1","NR","hour","0","18",0,0.542857142857144,-0.408033013671653,1.49374729938594,0.889,"ns"
"F","1","NR","hour","0","19",0,0.371428571428573,-0.579461585100225,1.32231872795737,0.999,"ns"
"F","1","NR","hour","0","20",0,0.257142857142858,-0.693747299385939,1.20803301367166,1,"ns"
"F","1","NR","hour","0","21",0,0.142857142857144,-0.808033013671654,1.09374729938594,1,"ns"
"F","1","NR","hour","0","22",0,0.371428571428572,-0.579461585100225,1.32231872795737,0.999,"ns"
"F","1","NR","hour","0","23",0,0.22857142857143,-0.722318727957368,1.17946158510023,1,"ns"
"F","1","NR","hour","1","2",0,-0.0285714285714297,-0.979461585100228,0.922318727957368,1,"ns"
"F","1","NR","hour","1","3",0,-0.0285714285714302,-0.979461585100228,0.922318727957368,1,"ns"
"F","1","NR","hour","1","4",0,0.0571428571428555,-0.893747299385942,1.00803301367165,1,"ns"
"F","1","NR","hour","1","5",0,-0.0285714285714307,-0.979461585100229,0.922318727957367,1,"ns"
"F","1","NR","hour","1","6",0,0.114285714285713,-0.836604442243085,1.06517587081451,1,"ns"
"F","1","NR","hour","1","7",0,0.0571428571428561,-0.893747299385942,1.00803301367165,1,"ns"
"F","1","NR","hour","1","8",0,0.0857142857142847,-0.865175870814513,1.03660444224308,1,"ns"
"F","1","NR","hour","1","9",0,0.0571428571428567,-0.893747299385941,1.00803301367165,1,"ns"
"F","1","NR","hour","1","10",0,0.17142857142857,-0.779461585100228,1.12231872795737,1,"ns"
"F","1","NR","hour","1","11",0,0.399999999999999,-0.550890156528799,1.3508901565288,0.996,"ns"
"F","1","NR","hour","1","12",0,0.57142857142857,-0.379461585100228,1.52231872795737,0.834,"ns"
"F","1","NR","hour","1","13",0,0.399999999999999,-0.550890156528799,1.3508901565288,0.996,"ns"
"F","1","NR","hour","1","14",0,0.799999999999999,-0.150890156528799,1.7508901565288,0.232,"ns"
"F","1","NR","hour","1","15",0,0.514285714285713,-0.436604442243084,1.46517587081451,0.931,"ns"
"F","1","NR","hour","1","16",0,0.714285714285713,-0.236604442243085,1.66517587081451,0.441,"ns"
"F","1","NR","hour","1","17",0,0.628571428571427,-0.32231872795737,1.57946158510023,0.69,"ns"
"F","1","NR","hour","1","18",0,0.571428571428571,-0.379461585100227,1.52231872795737,0.834,"ns"
"F","1","NR","hour","1","19",0,0.399999999999999,-0.550890156528799,1.3508901565288,0.996,"ns"
"F","1","NR","hour","1","20",0,0.285714285714285,-0.665175870814513,1.23660444224308,1,"ns"
"F","1","NR","hour","1","21",0,0.171428571428571,-0.779461585100227,1.12231872795737,1,"ns"
"F","1","NR","hour","1","22",0,0.399999999999999,-0.550890156528799,1.3508901565288,0.996,"ns"
"F","1","NR","hour","1","23",0,0.257142857142857,-0.693747299385941,1.20803301367165,1,"ns"
"F","1","NR","hour","2","3",0,-4.71844785465692e-16,-0.950890156528798,0.950890156528797,1,"ns"
"F","1","NR","hour","2","4",0,0.0857142857142852,-0.865175870814513,1.03660444224308,1,"ns"
"F","1","NR","hour","2","5",0,-1.02695629777827e-15,-0.950890156528799,0.950890156528797,1,"ns"
"F","1","NR","hour","2","6",0,0.142857142857143,-0.808033013671655,1.09374729938594,1,"ns"
"F","1","NR","hour","2","7",0,0.0857142857142858,-0.865175870814512,1.03660444224308,1,"ns"
"F","1","NR","hour","2","8",0,0.114285714285714,-0.836604442243083,1.06517587081451,1,"ns"
"F","1","NR","hour","2","9",0,0.0857142857142864,-0.865175870814511,1.03660444224308,1,"ns"
"F","1","NR","hour","2","10",0,0.2,-0.750890156528798,1.1508901565288,1,"ns"
"F","1","NR","hour","2","11",0,0.428571428571428,-0.522318727957369,1.37946158510023,0.99,"ns"
"F","1","NR","hour","2","12",0,0.6,-0.350890156528798,1.5508901565288,0.767,"ns"
"F","1","NR","hour","2","13",0,0.428571428571429,-0.522318727957369,1.37946158510023,0.99,"ns"
"F","1","NR","hour","2","14",0,0.828571428571428,-0.12231872795737,1.77946158510023,0.18,"ns"
"F","1","NR","hour","2","15",0,0.542857142857143,-0.408033013671655,1.49374729938594,0.889,"ns"
"F","1","NR","hour","2","16",0,0.742857142857143,-0.208033013671655,1.69374729938594,0.363,"ns"
"F","1","NR","hour","2","17",0,0.657142857142857,-0.293747299385941,1.60803301367165,0.608,"ns"
"F","1","NR","hour","2","18",0,0.600000000000001,-0.350890156528797,1.5508901565288,0.767,"ns"
"F","1","NR","hour","2","19",0,0.428571428571429,-0.522318727957369,1.37946158510023,0.99,"ns"
"F","1","NR","hour","2","20",0,0.314285714285714,-0.636604442243083,1.26517587081451,1,"ns"
"F","1","NR","hour","2","21",0,0.2,-0.750890156528797,1.1508901565288,1,"ns"
"F","1","NR","hour","2","22",0,0.428571428571429,-0.522318727957369,1.37946158510023,0.99,"ns"
"F","1","NR","hour","2","23",0,0.285714285714286,-0.665175870814512,1.23660444224308,1,"ns"
"F","1","NR","hour","3","4",0,0.0857142857142856,-0.865175870814512,1.03660444224308,1,"ns"
"F","1","NR","hour","3","5",0,-5.55111512312578e-16,-0.950890156528798,0.950890156528797,1,"ns"
"F","1","NR","hour","3","6",0,0.142857142857143,-0.808033013671655,1.09374729938594,1,"ns"
"F","1","NR","hour","3","7",0,0.0857142857142863,-0.865175870814512,1.03660444224308,1,"ns"
"F","1","NR","hour","3","8",0,0.114285714285715,-0.836604442243083,1.06517587081451,1,"ns"
"F","1","NR","hour","3","9",0,0.0857142857142869,-0.865175870814511,1.03660444224308,1,"ns"
"F","1","NR","hour","3","10",0,0.2,-0.750890156528798,1.1508901565288,1,"ns"
"F","1","NR","hour","3","11",0,0.428571428571429,-0.522318727957369,1.37946158510023,0.99,"ns"
"F","1","NR","hour","3","12",0,0.600000000000001,-0.350890156528797,1.5508901565288,0.767,"ns"
"F","1","NR","hour","3","13",0,0.428571428571429,-0.522318727957368,1.37946158510023,0.99,"ns"
"F","1","NR","hour","3","14",0,0.828571428571429,-0.122318727957369,1.77946158510023,0.18,"ns"
"F","1","NR","hour","3","15",0,0.542857142857144,-0.408033013671654,1.49374729938594,0.889,"ns"
"F","1","NR","hour","3","16",0,0.742857142857143,-0.208033013671654,1.69374729938594,0.363,"ns"
"F","1","NR","hour","3","17",0,0.657142857142858,-0.29374729938594,1.60803301367166,0.608,"ns"
"F","1","NR","hour","3","18",0,0.600000000000001,-0.350890156528797,1.5508901565288,0.767,"ns"
"F","1","NR","hour","3","19",0,0.428571428571429,-0.522318727957368,1.37946158510023,0.99,"ns"
"F","1","NR","hour","3","20",0,0.314285714285715,-0.636604442243083,1.26517587081451,1,"ns"
"F","1","NR","hour","3","21",0,0.200000000000001,-0.750890156528797,1.1508901565288,1,"ns"
"F","1","NR","hour","3","22",0,0.428571428571429,-0.522318727957369,1.37946158510023,0.99,"ns"
"F","1","NR","hour","3","23",0,0.285714285714287,-0.665175870814511,1.23660444224308,1,"ns"
"F","1","NR","hour","4","5",0,-0.0857142857142862,-1.03660444224308,0.865175870814512,1,"ns"
"F","1","NR","hour","4","6",0,0.0571428571428576,-0.89374729938594,1.00803301367166,1,"ns"
"F","1","NR","hour","4","7",0,6.38378239159465e-16,-0.950890156528797,0.950890156528798,1,"ns"
"F","1","NR","hour","4","8",0,0.0285714285714292,-0.922318727957369,0.979461585100227,1,"ns"
"F","1","NR","hour","4","9",0,1.22124532708767e-15,-0.950890156528797,0.950890156528799,1,"ns"
"F","1","NR","hour","4","10",0,0.114285714285715,-0.836604442243083,1.06517587081451,1,"ns"
"F","1","NR","hour","4","11",0,0.342857142857143,-0.608033013671655,1.29374729938594,1,"ns"
"F","1","NR","hour","4","12",0,0.514285714285715,-0.436604442243083,1.46517587081451,0.931,"ns"
"F","1","NR","hour","4","13",0,0.342857142857144,-0.608033013671654,1.29374729938594,1,"ns"
"F","1","NR","hour","4","14",0,0.742857142857143,-0.208033013671655,1.69374729938594,0.363,"ns"
"F","1","NR","hour","4","15",0,0.457142857142858,-0.49374729938594,1.40803301367166,0.979,"ns"
"F","1","NR","hour","4","16",0,0.657142857142858,-0.29374729938594,1.60803301367166,0.608,"ns"
"F","1","NR","hour","4","17",0,0.571428571428572,-0.379461585100226,1.52231872795737,0.834,"ns"
"F","1","NR","hour","4","18",0,0.514285714285715,-0.436604442243082,1.46517587081451,0.931,"ns"
"F","1","NR","hour","4","19",0,0.342857142857144,-0.608033013671654,1.29374729938594,1,"ns"
"F","1","NR","hour","4","20",0,0.228571428571429,-0.722318727957369,1.17946158510023,1,"ns"
"F","1","NR","hour","4","21",0,0.114285714285715,-0.836604442243083,1.06517587081451,1,"ns"
"F","1","NR","hour","4","22",0,0.342857142857143,-0.608033013671654,1.29374729938594,1,"ns"
"F","1","NR","hour","4","23",0,0.200000000000001,-0.750890156528797,1.1508901565288,1,"ns"
"F","1","NR","hour","5","6",0,0.142857142857144,-0.808033013671654,1.09374729938594,1,"ns"
"F","1","NR","hour","5","7",0,0.0857142857142868,-0.865175870814511,1.03660444224308,1,"ns"
"F","1","NR","hour","5","8",0,0.114285714285715,-0.836604442243082,1.06517587081451,1,"ns"
"F","1","NR","hour","5","9",0,0.0857142857142874,-0.86517587081451,1.03660444224309,1,"ns"
"F","1","NR","hour","5","10",0,0.200000000000001,-0.750890156528797,1.1508901565288,1,"ns"
"F","1","NR","hour","5","11",0,0.428571428571429,-0.522318727957368,1.37946158510023,0.99,"ns"
"F","1","NR","hour","5","12",0,0.600000000000001,-0.350890156528797,1.5508901565288,0.767,"ns"
"F","1","NR","hour","5","13",0,0.42857142857143,-0.522318727957368,1.37946158510023,0.99,"ns"
"F","1","NR","hour","5","14",0,0.828571428571429,-0.122318727957368,1.77946158510023,0.18,"ns"
"F","1","NR","hour","5","15",0,0.542857142857144,-0.408033013671654,1.49374729938594,0.889,"ns"
"F","1","NR","hour","5","16",0,0.742857142857144,-0.208033013671654,1.69374729938594,0.363,"ns"
"F","1","NR","hour","5","17",0,0.657142857142858,-0.29374729938594,1.60803301367166,0.608,"ns"
"F","1","NR","hour","5","18",0,0.600000000000002,-0.350890156528796,1.5508901565288,0.767,"ns"
"F","1","NR","hour","5","19",0,0.42857142857143,-0.522318727957368,1.37946158510023,0.99,"ns"
"F","1","NR","hour","5","20",0,0.314285714285715,-0.636604442243082,1.26517587081451,1,"ns"
"F","1","NR","hour","5","21",0,0.200000000000001,-0.750890156528796,1.1508901565288,1,"ns"
"F","1","NR","hour","5","22",0,0.42857142857143,-0.522318727957368,1.37946158510023,0.99,"ns"
"F","1","NR","hour","5","23",0,0.285714285714287,-0.665175870814511,1.23660444224309,1,"ns"
"F","1","NR","hour","6","7",0,-0.0571428571428569,-1.00803301367165,0.893747299385941,1,"ns"
"F","1","NR","hour","6","8",0,-0.0285714285714283,-0.979461585100226,0.922318727957369,1,"ns"
"F","1","NR","hour","6","9",0,-0.0571428571428563,-1.00803301367165,0.893747299385941,1,"ns"
"F","1","NR","hour","6","10",0,0.0571428571428571,-0.893747299385941,1.00803301367165,1,"ns"
"F","1","NR","hour","6","11",0,0.285714285714286,-0.665175870814512,1.23660444224308,1,"ns"
"F","1","NR","hour","6","12",0,0.457142857142857,-0.493747299385941,1.40803301367166,0.979,"ns"
"F","1","NR","hour","6","13",0,0.285714285714286,-0.665175870814512,1.23660444224308,1,"ns"
"F","1","NR","hour","6","14",0,0.685714285714286,-0.265175870814512,1.63660444224308,0.523,"ns"
"F","1","NR","hour","6","15",0,0.4,-0.550890156528797,1.3508901565288,0.996,"ns"
"F","1","NR","hour","6","16",0,0.6,-0.350890156528798,1.5508901565288,0.767,"ns"
"F","1","NR","hour","6","17",0,0.514285714285714,-0.436604442243083,1.46517587081451,0.931,"ns"
"F","1","NR","hour","6","18",0,0.457142857142858,-0.49374729938594,1.40803301367166,0.979,"ns"
"F","1","NR","hour","6","19",0,0.285714285714286,-0.665175870814512,1.23660444224308,1,"ns"
"F","1","NR","hour","6","20",0,0.171428571428572,-0.779461585100226,1.12231872795737,1,"ns"
"F","1","NR","hour","6","21",0,0.0571428571428577,-0.89374729938594,1.00803301367166,1,"ns"
"F","1","NR","hour","6","22",0,0.285714285714286,-0.665175870814512,1.23660444224308,1,"ns"
"F","1","NR","hour","6","23",0,0.142857142857144,-0.808033013671654,1.09374729938594,1,"ns"
"F","1","NR","hour","7","8",0,0.0285714285714286,-0.922318727957369,0.979461585100226,1,"ns"
"F","1","NR","hour","7","9",0,5.82867087928207e-16,-0.950890156528797,0.950890156528798,1,"ns"
"F","1","NR","hour","7","10",0,0.114285714285714,-0.836604442243084,1.06517587081451,1,"ns"
"F","1","NR","hour","7","11",0,0.342857142857143,-0.608033013671655,1.29374729938594,1,"ns"
"F","1","NR","hour","7","12",0,0.514285714285714,-0.436604442243084,1.46517587081451,0.931,"ns"
"F","1","NR","hour","7","13",0,0.342857142857143,-0.608033013671655,1.29374729938594,1,"ns"
"F","1","NR","hour","7","14",0,0.742857142857143,-0.208033013671655,1.69374729938594,0.363,"ns"
"F","1","NR","hour","7","15",0,0.457142857142857,-0.49374729938594,1.40803301367166,0.979,"ns"
"F","1","NR","hour","7","16",0,0.657142857142857,-0.293747299385941,1.60803301367165,0.608,"ns"
"F","1","NR","hour","7","17",0,0.571428571428571,-0.379461585100226,1.52231872795737,0.834,"ns"
"F","1","NR","hour","7","18",0,0.514285714285715,-0.436604442243083,1.46517587081451,0.931,"ns"
"F","1","NR","hour","7","19",0,0.342857142857143,-0.608033013671655,1.29374729938594,1,"ns"
"F","1","NR","hour","7","20",0,0.228571428571429,-0.722318727957369,1.17946158510023,1,"ns"
"F","1","NR","hour","7","21",0,0.114285714285715,-0.836604442243083,1.06517587081451,1,"ns"
"F","1","NR","hour","7","22",0,0.342857142857143,-0.608033013671655,1.29374729938594,1,"ns"
"F","1","NR","hour","7","23",0,0.2,-0.750890156528797,1.1508901565288,1,"ns"
"F","1","NR","hour","8","9",0,-0.028571428571428,-0.979461585100226,0.92231872795737,1,"ns"
"F","1","NR","hour","8","10",0,0.0857142857142854,-0.865175870814512,1.03660444224308,1,"ns"
"F","1","NR","hour","8","11",0,0.314285714285714,-0.636604442243084,1.26517587081451,1,"ns"
"F","1","NR","hour","8","12",0,0.485714285714286,-0.465175870814512,1.43660444224308,0.96,"ns"
"F","1","NR","hour","8","13",0,0.314285714285714,-0.636604442243083,1.26517587081451,1,"ns"
"F","1","NR","hour","8","14",0,0.714285714285714,-0.236604442243084,1.66517587081451,0.441,"ns"
"F","1","NR","hour","8","15",0,0.428571428571429,-0.522318727957369,1.37946158510023,0.99,"ns"
"F","1","NR","hour","8","16",0,0.628571428571429,-0.322318727957369,1.57946158510023,0.69,"ns"
"F","1","NR","hour","8","17",0,0.542857142857143,-0.408033013671655,1.49374729938594,0.889,"ns"
"F","1","NR","hour","8","18",0,0.485714285714286,-0.465175870814512,1.43660444224308,0.96,"ns"
"F","1","NR","hour","8","19",0,0.314285714285714,-0.636604442243083,1.26517587081451,1,"ns"
"F","1","NR","hour","8","20",0,0.2,-0.750890156528798,1.1508901565288,1,"ns"
"F","1","NR","hour","8","21",0,0.085714285714286,-0.865175870814512,1.03660444224308,1,"ns"
"F","1","NR","hour","8","22",0,0.314285714285714,-0.636604442243084,1.26517587081451,1,"ns"
"F","1","NR","hour","8","23",0,0.171428571428572,-0.779461585100226,1.12231872795737,1,"ns"
"F","1","NR","hour","9","10",0,0.114285714285713,-0.836604442243084,1.06517587081451,1,"ns"
"F","1","NR","hour","9","11",0,0.342857142857142,-0.608033013671656,1.29374729938594,1,"ns"
"F","1","NR","hour","9","12",0,0.514285714285714,-0.436604442243084,1.46517587081451,0.931,"ns"
"F","1","NR","hour","9","13",0,0.342857142857142,-0.608033013671655,1.29374729938594,1,"ns"
"F","1","NR","hour","9","14",0,0.742857142857142,-0.208033013671656,1.69374729938594,0.363,"ns"
"F","1","NR","hour","9","15",0,0.457142857142857,-0.493747299385941,1.40803301367165,0.979,"ns"
"F","1","NR","hour","9","16",0,0.657142857142857,-0.293747299385941,1.60803301367165,0.608,"ns"
"F","1","NR","hour","9","17",0,0.571428571428571,-0.379461585100227,1.52231872795737,0.834,"ns"
"F","1","NR","hour","9","18",0,0.514285714285714,-0.436604442243084,1.46517587081451,0.931,"ns"
"F","1","NR","hour","9","19",0,0.342857142857142,-0.608033013671655,1.29374729938594,1,"ns"
"F","1","NR","hour","9","20",0,0.228571428571428,-0.72231872795737,1.17946158510023,1,"ns"
"F","1","NR","hour","9","21",0,0.114285714285714,-0.836604442243084,1.06517587081451,1,"ns"
"F","1","NR","hour","9","22",0,0.342857142857142,-0.608033013671656,1.29374729938594,1,"ns"
"F","1","NR","hour","9","23",0,0.2,-0.750890156528798,1.1508901565288,1,"ns"
"F","1","NR","hour","10","11",0,0.228571428571429,-0.722318727957369,1.17946158510023,1,"ns"
"F","1","NR","hour","10","12",0,0.4,-0.550890156528798,1.3508901565288,0.996,"ns"
"F","1","NR","hour","10","13",0,0.228571428571429,-0.722318727957369,1.17946158510023,1,"ns"
"F","1","NR","hour","10","14",0,0.628571428571429,-0.322318727957369,1.57946158510023,0.69,"ns"
"F","1","NR","hour","10","15",0,0.342857142857143,-0.608033013671655,1.29374729938594,1,"ns"
"F","1","NR","hour","10","16",0,0.542857142857143,-0.408033013671655,1.49374729938594,0.889,"ns"
"F","1","NR","hour","10","17",0,0.457142857142857,-0.49374729938594,1.40803301367166,0.979,"ns"
"F","1","NR","hour","10","18",0,0.400000000000001,-0.550890156528797,1.3508901565288,0.996,"ns"
"F","1","NR","hour","10","19",0,0.228571428571429,-0.722318727957369,1.17946158510023,1,"ns"
"F","1","NR","hour","10","20",0,0.114285714285715,-0.836604442243083,1.06517587081451,1,"ns"
"F","1","NR","hour","10","21",0,6.10622663543836e-16,-0.950890156528797,0.950890156528798,1,"ns"
"F","1","NR","hour","10","22",0,0.228571428571429,-0.722318727957369,1.17946158510023,1,"ns"
"F","1","NR","hour","10","23",0,0.0857142857142865,-0.865175870814511,1.03660444224308,1,"ns"
"F","1","NR","hour","11","12",0,0.171428571428572,-0.779461585100226,1.12231872795737,1,"ns"
"F","1","NR","hour","11","13",0,4.44089209850063e-16,-0.950890156528797,0.950890156528798,1,"ns"
"F","1","NR","hour","11","14",0,0.4,-0.550890156528798,1.3508901565288,0.996,"ns"
"F","1","NR","hour","11","15",0,0.114285714285715,-0.836604442243083,1.06517587081451,1,"ns"
"F","1","NR","hour","11","16",0,0.314285714285715,-0.636604442243083,1.26517587081451,1,"ns"
"F","1","NR","hour","11","17",0,0.228571428571429,-0.722318727957369,1.17946158510023,1,"ns"
"F","1","NR","hour","11","18",0,0.171428571428572,-0.779461585100226,1.12231872795737,1,"ns"
"F","1","NR","hour","11","19",0,4.44089209850063e-16,-0.950890156528797,0.950890156528798,1,"ns"
"F","1","NR","hour","11","20",0,-0.114285714285714,-1.06517587081451,0.836604442243084,1,"ns"
"F","1","NR","hour","11","21",0,-0.228571428571428,-1.17946158510023,0.72231872795737,1,"ns"
"F","1","NR","hour","11","22",0,2.22044604925031e-16,-0.950890156528798,0.950890156528798,1,"ns"
"F","1","NR","hour","11","23",0,-0.142857142857142,-1.09374729938594,0.808033013671656,1,"ns"
"F","1","NR","hour","12","13",0,-0.171428571428571,-1.12231872795737,0.779461585100227,1,"ns"
"F","1","NR","hour","12","14",0,0.228571428571428,-0.72231872795737,1.17946158510023,1,"ns"
"F","1","NR","hour","12","15",0,-0.0571428571428568,-1.00803301367165,0.893747299385941,1,"ns"
"F","1","NR","hour","12","16",0,0.142857142857143,-0.808033013671655,1.09374729938594,1,"ns"
"F","1","NR","hour","12","17",0,0.0571428571428572,-0.893747299385941,1.00803301367166,1,"ns"
"F","1","NR","hour","12","18",0,5.55111512312578e-16,-0.950890156528797,0.950890156528798,1,"ns"
"F","1","NR","hour","12","19",0,-0.171428571428571,-1.12231872795737,0.779461585100227,1,"ns"
"F","1","NR","hour","12","20",0,-0.285714285714286,-1.23660444224308,0.665175870814512,1,"ns"
"F","1","NR","hour","12","21",0,-0.4,-1.3508901565288,0.550890156528798,0.996,"ns"
"F","1","NR","hour","12","22",0,-0.171428571428571,-1.12231872795737,0.779461585100226,1,"ns"
"F","1","NR","hour","12","23",0,-0.314285714285714,-1.26517587081451,0.636604442243084,1,"ns"
"F","1","NR","hour","13","14",0,0.399999999999999,-0.550890156528798,1.3508901565288,0.996,"ns"
"F","1","NR","hour","13","15",0,0.114285714285714,-0.836604442243084,1.06517587081451,1,"ns"
"F","1","NR","hour","13","16",0,0.314285714285714,-0.636604442243084,1.26517587081451,1,"ns"
"F","1","NR","hour","13","17",0,0.228571428571428,-0.72231872795737,1.17946158510023,1,"ns"
"F","1","NR","hour","13","18",0,0.171428571428572,-0.779461585100226,1.12231872795737,1,"ns"
"F","1","NR","hour","13","19",0,0,-0.950890156528798,0.950890156528798,1,"ns"
"F","1","NR","hour","13","20",0,-0.114285714285714,-1.06517587081451,0.836604442243083,1,"ns"
"F","1","NR","hour","13","21",0,-0.228571428571428,-1.17946158510023,0.722318727957369,1,"ns"
"F","1","NR","hour","13","22",0,-2.22044604925031e-16,-0.950890156528798,0.950890156528798,1,"ns"
"F","1","NR","hour","13","23",0,-0.142857142857143,-1.09374729938594,0.808033013671655,1,"ns"
"F","1","NR","hour","14","15",0,-0.285714285714285,-1.23660444224308,0.665175870814513,1,"ns"
"F","1","NR","hour","14","16",0,-0.0857142857142854,-1.03660444224308,0.865175870814512,1,"ns"
"F","1","NR","hour","14","17",0,-0.171428571428571,-1.12231872795737,0.779461585100227,1,"ns"
"F","1","NR","hour","14","18",0,-0.228571428571428,-1.17946158510023,0.72231872795737,1,"ns"
"F","1","NR","hour","14","19",0,-0.399999999999999,-1.3508901565288,0.550890156528798,0.996,"ns"
"F","1","NR","hour","14","20",0,-0.514285714285714,-1.46517587081451,0.436604442243084,0.931,"ns"
"F","1","NR","hour","14","21",0,-0.628571428571428,-1.57946158510023,0.32231872795737,0.69,"ns"
"F","1","NR","hour","14","22",0,-0.4,-1.3508901565288,0.550890156528798,0.996,"ns"
"F","1","NR","hour","14","23",0,-0.542857142857142,-1.49374729938594,0.408033013671656,0.889,"ns"
"F","1","NR","hour","15","16",0,0.2,-0.750890156528798,1.1508901565288,1,"ns"
"F","1","NR","hour","15","17",0,0.114285714285714,-0.836604442243084,1.06517587081451,1,"ns"
"F","1","NR","hour","15","18",0,0.0571428571428574,-0.89374729938594,1.00803301367166,1,"ns"
"F","1","NR","hour","15","19",0,-0.114285714285714,-1.06517587081451,0.836604442243084,1,"ns"
"F","1","NR","hour","15","20",0,-0.228571428571429,-1.17946158510023,0.722318727957369,1,"ns"
"F","1","NR","hour","15","21",0,-0.342857142857143,-1.29374729938594,0.608033013671655,1,"ns"
"F","1","NR","hour","15","22",0,-0.114285714285715,-1.06517587081451,0.836604442243083,1,"ns"
"F","1","NR","hour","15","23",0,-0.257142857142857,-1.20803301367165,0.693747299385941,1,"ns"
"F","1","NR","hour","16","17",0,-0.0857142857142857,-1.03660444224308,0.865175870814512,1,"ns"
"F","1","NR","hour","16","18",0,-0.142857142857142,-1.09374729938594,0.808033013671655,1,"ns"
"F","1","NR","hour","16","19",0,-0.314285714285714,-1.26517587081451,0.636604442243084,1,"ns"
"F","1","NR","hour","16","20",0,-0.428571428571428,-1.37946158510023,0.522318727957369,0.99,"ns"
"F","1","NR","hour","16","21",0,-0.542857142857142,-1.49374729938594,0.408033013671655,0.889,"ns"
"F","1","NR","hour","16","22",0,-0.314285714285714,-1.26517587081451,0.636604442243084,1,"ns"
"F","1","NR","hour","16","23",0,-0.457142857142857,-1.40803301367165,0.493747299385941,0.979,"ns"
"F","1","NR","hour","17","18",0,-0.0571428571428566,-1.00803301367165,0.893747299385941,1,"ns"
"F","1","NR","hour","17","19",0,-0.228571428571428,-1.17946158510023,0.72231872795737,1,"ns"
"F","1","NR","hour","17","20",0,-0.342857142857143,-1.29374729938594,0.608033013671655,1,"ns"
"F","1","NR","hour","17","21",0,-0.457142857142857,-1.40803301367165,0.493747299385941,0.979,"ns"
"F","1","NR","hour","17","22",0,-0.228571428571429,-1.17946158510023,0.722318727957369,1,"ns"
"F","1","NR","hour","17","23",0,-0.371428571428571,-1.32231872795737,0.579461585100227,0.999,"ns"
"F","1","NR","hour","18","19",0,-0.171428571428572,-1.12231872795737,0.779461585100226,1,"ns"
"F","1","NR","hour","18","20",0,-0.285714285714286,-1.23660444224308,0.665175870814512,1,"ns"
"F","1","NR","hour","18","21",0,-0.4,-1.3508901565288,0.550890156528798,0.996,"ns"
"F","1","NR","hour","18","22",0,-0.171428571428572,-1.12231872795737,0.779461585100226,1,"ns"
"F","1","NR","hour","18","23",0,-0.314285714285714,-1.26517587081451,0.636604442243084,1,"ns"
"F","1","NR","hour","19","20",0,-0.114285714285714,-1.06517587081451,0.836604442243083,1,"ns"
"F","1","NR","hour","19","21",0,-0.228571428571428,-1.17946158510023,0.722318727957369,1,"ns"
"F","1","NR","hour","19","22",0,-2.22044604925031e-16,-0.950890156528798,0.950890156528798,1,"ns"
"F","1","NR","hour","19","23",0,-0.142857142857143,-1.09374729938594,0.808033013671655,1,"ns"
"F","1","NR","hour","20","21",0,-0.114285714285714,-1.06517587081451,0.836604442243084,1,"ns"
"F","1","NR","hour","20","22",0,0.114285714285714,-0.836604442243084,1.06517587081451,1,"ns"
"F","1","NR","hour","20","23",0,-0.0285714285714281,-0.979461585100226,0.92231872795737,1,"ns"
"F","1","NR","hour","21","22",0,0.228571428571428,-0.72231872795737,1.17946158510023,1,"ns"
"F","1","NR","hour","21","23",0,0.0857142857142859,-0.865175870814512,1.03660444224308,1,"ns"
"F","1","NR","hour","22","23",0,-0.142857142857142,-1.09374729938594,0.808033013671655,1,"ns"
"F","1","PR","hour","0","1",0,-0.228571428571428,-1.00456017305179,0.547417315908936,1,"ns"
"F","1","PR","hour","0","2",0,-0.228571428571429,-1.00456017305179,0.547417315908936,1,"ns"
"F","1","PR","hour","0","3",0,-0.285714285714285,-1.06170303019465,0.490274458766079,0.999,"ns"
"F","1","PR","hour","0","4",0,-0.257142857142857,-1.03313160162322,0.518845887337508,1,"ns"
"F","1","PR","hour","0","5",0,-0.142857142857144,-0.918845887337508,0.633131601623221,1,"ns"
"F","1","PR","hour","0","6",0,-0.257142857142857,-1.03313160162322,0.518845887337508,1,"ns"
"F","1","PR","hour","0","7",0,-0.285714285714284,-1.06170303019465,0.49027445876608,0.999,"ns"
"F","1","PR","hour","0","8",0,-0.257142857142856,-1.03313160162322,0.518845887337508,1,"ns"
"F","1","PR","hour","0","9",0,-0.228571428571428,-1.00456017305179,0.547417315908937,1,"ns"
"F","1","PR","hour","0","10",0,-0.0857142857142852,-0.86170303019465,0.690274458766079,1,"ns"
"F","1","PR","hour","0","11",0,-0.142857142857142,-0.918845887337507,0.633131601623222,1,"ns"
"F","1","PR","hour","0","12",0,0.200000000000001,-0.575988744480364,0.975988744480365,1,"ns"
"F","1","PR","hour","0","13",0,-0.0285714285714281,-0.804560173051793,0.747417315908937,1,"ns"
"F","1","PR","hour","0","14",0,0.142857142857143,-0.633131601623221,0.918845887337508,1,"ns"
"F","1","PR","hour","0","15",0,0.457142857142857,-0.318845887337507,1.23313160162322,0.857,"ns"
"F","1","PR","hour","0","16",0,0.285714285714286,-0.490274458766079,1.06170303019465,0.999,"ns"
"F","1","PR","hour","0","17",0,0.342857142857142,-0.433131601623222,1.11884588733751,0.992,"ns"
"F","1","PR","hour","0","18",0,0.342857142857144,-0.433131601623221,1.11884588733751,0.992,"ns"
"F","1","PR","hour","0","19",0,0.0571428571428576,-0.718845887337507,0.833131601623222,1,"ns"
"F","1","PR","hour","0","20",0,0.171428571428572,-0.604560173051793,0.947417315908936,1,"ns"
"F","1","PR","hour","0","21",0,-0.0571428571428566,-0.833131601623221,0.718845887337508,1,"ns"
"F","1","PR","hour","0","22",0,-0.0571428571428566,-0.833131601623221,0.718845887337508,1,"ns"
"F","1","PR","hour","0","23",0,0.114285714285715,-0.66170303019465,0.89027445876608,1,"ns"
"F","1","PR","hour","1","2",0,-2.77555756156289e-16,-0.775988744480365,0.775988744480364,1,"ns"
"F","1","PR","hour","1","3",0,-0.057142857142857,-0.833131601623222,0.718845887337508,1,"ns"
"F","1","PR","hour","1","4",0,-0.0285714285714284,-0.804560173051793,0.747417315908936,1,"ns"
"F","1","PR","hour","1","5",0,0.0857142857142845,-0.69027445876608,0.861703030194649,1,"ns"
"F","1","PR","hour","1","6",0,-0.0285714285714288,-0.804560173051794,0.747417315908936,1,"ns"
"F","1","PR","hour","1","7",0,-0.0571428571428561,-0.833131601623221,0.718845887337509,1,"ns"
"F","1","PR","hour","1","8",0,-0.028571428571428,-0.804560173051793,0.747417315908937,1,"ns"
"F","1","PR","hour","1","9",0,5.27355936696949e-16,-0.775988744480364,0.775988744480365,1,"ns"
"F","1","PR","hour","1","10",0,0.142857142857143,-0.633131601623222,0.918845887337508,1,"ns"
"F","1","PR","hour","1","11",0,0.085714285714286,-0.690274458766079,0.861703030194651,1,"ns"
"F","1","PR","hour","1","12",0,0.428571428571429,-0.347417315908936,1.20456017305179,0.916,"ns"
"F","1","PR","hour","1","13",0,0.2,-0.575988744480365,0.975988744480365,1,"ns"
"F","1","PR","hour","1","14",0,0.371428571428572,-0.404560173051793,1.14741731590894,0.98,"ns"
"F","1","PR","hour","1","15",0,0.685714285714286,-0.0902744587660791,1.46170303019465,0.161,"ns"
"F","1","PR","hour","1","16",0,0.514285714285714,-0.26170303019465,1.29027445876608,0.686,"ns"
"F","1","PR","hour","1","17",0,0.571428571428571,-0.204560173051794,1.34741731590894,0.481,"ns"
"F","1","PR","hour","1","18",0,0.571428571428572,-0.204560173051793,1.34741731590894,0.481,"ns"
"F","1","PR","hour","1","19",0,0.285714285714286,-0.490274458766079,1.06170303019465,0.999,"ns"
"F","1","PR","hour","1","20",0,0.4,-0.375988744480365,1.17598874448036,0.956,"ns"
"F","1","PR","hour","1","21",0,0.171428571428572,-0.604560173051793,0.947417315908936,1,"ns"
"F","1","PR","hour","1","22",0,0.171428571428572,-0.604560173051793,0.947417315908936,1,"ns"
"F","1","PR","hour","1","23",0,0.342857142857143,-0.433131601623222,1.11884588733751,0.992,"ns"
"F","1","PR","hour","2","3",0,-0.0571428571428568,-0.833131601623221,0.718845887337508,1,"ns"
"F","1","PR","hour","2","4",0,-0.0285714285714282,-0.804560173051793,0.747417315908937,1,"ns"
"F","1","PR","hour","2","5",0,0.0857142857142847,-0.69027445876608,0.861703030194649,1,"ns"
"F","1","PR","hour","2","6",0,-0.0285714285714285,-0.804560173051793,0.747417315908936,1,"ns"
"F","1","PR","hour","2","7",0,-0.0571428571428559,-0.833131601623221,0.718845887337509,1,"ns"
"F","1","PR","hour","2","8",0,-0.0285714285714277,-0.804560173051792,0.747417315908937,1,"ns"
"F","1","PR","hour","2","9",0,8.04911692853238e-16,-0.775988744480364,0.775988744480365,1,"ns"
"F","1","PR","hour","2","10",0,0.142857142857143,-0.633131601623221,0.918845887337508,1,"ns"
"F","1","PR","hour","2","11",0,0.0857142857142862,-0.690274458766079,0.861703030194651,1,"ns"
"F","1","PR","hour","2","12",0,0.428571428571429,-0.347417315908936,1.20456017305179,0.916,"ns"
"F","1","PR","hour","2","13",0,0.2,-0.575988744480364,0.975988744480365,1,"ns"
"F","1","PR","hour","2","14",0,0.371428571428572,-0.404560173051793,1.14741731590894,0.98,"ns"
"F","1","PR","hour","2","15",0,0.685714285714286,-0.0902744587660788,1.46170303019465,0.161,"ns"
"F","1","PR","hour","2","16",0,0.514285714285715,-0.26170303019465,1.29027445876608,0.686,"ns"
"F","1","PR","hour","2","17",0,0.571428571428571,-0.204560173051794,1.34741731590894,0.481,"ns"
"F","1","PR","hour","2","18",0,0.571428571428572,-0.204560173051793,1.34741731590894,0.481,"ns"
"F","1","PR","hour","2","19",0,0.285714285714286,-0.490274458766079,1.06170303019465,0.999,"ns"
"F","1","PR","hour","2","20",0,0.4,-0.375988744480364,1.17598874448036,0.956,"ns"
"F","1","PR","hour","2","21",0,0.171428571428572,-0.604560173051793,0.947417315908937,1,"ns"
"F","1","PR","hour","2","22",0,0.171428571428572,-0.604560173051793,0.947417315908937,1,"ns"
"F","1","PR","hour","2","23",0,0.342857142857143,-0.433131601623221,1.11884588733751,0.992,"ns"
"F","1","PR","hour","3","4",0,0.0285714285714286,-0.747417315908936,0.804560173051793,1,"ns"
"F","1","PR","hour","3","5",0,0.142857142857141,-0.633131601623223,0.918845887337506,1,"ns"
"F","1","PR","hour","3","6",0,0.0285714285714282,-0.747417315908936,0.804560173051793,1,"ns"
"F","1","PR","hour","3","7",0,8.77770078844264e-16,-0.775988744480364,0.775988744480366,1,"ns"
"F","1","PR","hour","3","8",0,0.028571428571429,-0.747417315908936,0.804560173051794,1,"ns"
"F","1","PR","hour","3","9",0,0.0571428571428576,-0.718845887337507,0.833131601623222,1,"ns"
"F","1","PR","hour","3","10",0,0.2,-0.575988744480365,0.975988744480365,1,"ns"
"F","1","PR","hour","3","11",0,0.142857142857143,-0.633131601623222,0.918845887337508,1,"ns"
"F","1","PR","hour","3","12",0,0.485714285714286,-0.290274458766079,1.26170303019465,0.779,"ns"
"F","1","PR","hour","3","13",0,0.257142857142857,-0.518845887337507,1.03313160162322,1,"ns"
"F","1","PR","hour","3","14",0,0.428571428571429,-0.347417315908936,1.20456017305179,0.916,"ns"
"F","1","PR","hour","3","15",0,0.742857142857143,-0.033131601623222,1.51884588733751,0.0789,"ns"
"F","1","PR","hour","3","16",0,0.571428571428572,-0.204560173051793,1.34741731590894,0.481,"ns"
"F","1","PR","hour","3","17",0,0.628571428571428,-0.147417315908937,1.40456017305179,0.296,"ns"
"F","1","PR","hour","3","18",0,0.628571428571429,-0.147417315908936,1.40456017305179,0.296,"ns"
"F","1","PR","hour","3","19",0,0.342857142857143,-0.433131601623222,1.11884588733751,0.992,"ns"
"F","1","PR","hour","3","20",0,0.457142857142857,-0.318845887337508,1.23313160162322,0.857,"ns"
"F","1","PR","hour","3","21",0,0.228571428571429,-0.547417315908936,1.00456017305179,1,"ns"
"F","1","PR","hour","3","22",0,0.228571428571429,-0.547417315908936,1.00456017305179,1,"ns"
"F","1","PR","hour","3","23",0,0.4,-0.375988744480364,1.17598874448036,0.956,"ns"
"F","1","PR","hour","4","5",0,0.114285714285713,-0.661703030194652,0.890274458766078,1,"ns"
"F","1","PR","hour","4","6",0,-3.53883589099269e-16,-0.775988744480365,0.775988744480364,1,"ns"
"F","1","PR","hour","4","7",0,-0.0285714285714277,-0.804560173051792,0.747417315908937,1,"ns"
"F","1","PR","hour","4","8",0,4.02455846426619e-16,-0.775988744480364,0.775988744480365,1,"ns"
"F","1","PR","hour","4","9",0,0.028571428571429,-0.747417315908936,0.804560173051794,1,"ns"
"F","1","PR","hour","4","10",0,0.171428571428571,-0.604560173051793,0.947417315908936,1,"ns"
"F","1","PR","hour","4","11",0,0.114285714285714,-0.66170303019465,0.890274458766079,1,"ns"
"F","1","PR","hour","4","12",0,0.457142857142857,-0.318845887337507,1.23313160162322,0.857,"ns"
"F","1","PR","hour","4","13",0,0.228571428571429,-0.547417315908936,1.00456017305179,1,"ns"
"F","1","PR","hour","4","14",0,0.4,-0.375988744480365,1.17598874448036,0.956,"ns"
"F","1","PR","hour","4","15",0,0.714285714285714,-0.0617030301946506,1.49027445876608,0.114,"ns"
"F","1","PR","hour","4","16",0,0.542857142857143,-0.233131601623222,1.31884588733751,0.584,"ns"
"F","1","PR","hour","4","17",0,0.599999999999999,-0.175988744480365,1.37598874448036,0.383,"ns"
"F","1","PR","hour","4","18",0,0.6,-0.175988744480364,1.37598874448036,0.383,"ns"
"F","1","PR","hour","4","19",0,0.314285714285714,-0.46170303019465,1.09027445876608,0.998,"ns"
"F","1","PR","hour","4","20",0,0.428571428571428,-0.347417315908936,1.20456017305179,0.916,"ns"
"F","1","PR","hour","4","21",0,0.2,-0.575988744480365,0.975988744480365,1,"ns"
"F","1","PR","hour","4","22",0,0.2,-0.575988744480365,0.975988744480365,1,"ns"
"F","1","PR","hour","4","23",0,0.371428571428572,-0.404560173051793,1.14741731590894,0.98,"ns"
"F","1","PR","hour","5","6",0,-0.114285714285713,-0.890274458766078,0.661703030194651,1,"ns"
"F","1","PR","hour","5","7",0,-0.142857142857141,-0.918845887337505,0.633131601623224,1,"ns"
"F","1","PR","hour","5","8",0,-0.114285714285712,-0.890274458766077,0.661703030194652,1,"ns"
"F","1","PR","hour","5","9",0,-0.0857142857142839,-0.861703030194649,0.690274458766081,1,"ns"
"F","1","PR","hour","5","10",0,0.0571428571428586,-0.718845887337506,0.833131601623223,1,"ns"
"F","1","PR","hour","5","11",0,1.49880108324396e-15,-0.775988744480363,0.775988744480366,1,"ns"
"F","1","PR","hour","5","12",0,0.342857142857144,-0.43313160162322,1.11884588733751,0.992,"ns"
"F","1","PR","hour","5","13",0,0.114285714285716,-0.661703030194649,0.89027445876608,1,"ns"
"F","1","PR","hour","5","14",0,0.285714285714287,-0.490274458766078,1.06170303019465,0.999,"ns"
"F","1","PR","hour","5","15",0,0.600000000000001,-0.175988744480364,1.37598874448037,0.383,"ns"
"F","1","PR","hour","5","16",0,0.42857142857143,-0.347417315908935,1.20456017305179,0.916,"ns"
"F","1","PR","hour","5","17",0,0.485714285714286,-0.290274458766078,1.26170303019465,0.779,"ns"
"F","1","PR","hour","5","18",0,0.485714285714287,-0.290274458766077,1.26170303019465,0.779,"ns"
"F","1","PR","hour","5","19",0,0.200000000000001,-0.575988744480363,0.975988744480366,1,"ns"
"F","1","PR","hour","5","20",0,0.314285714285716,-0.461703030194649,1.09027445876608,0.998,"ns"
"F","1","PR","hour","5","21",0,0.0857142857142872,-0.690274458766077,0.861703030194652,1,"ns"
"F","1","PR","hour","5","22",0,0.0857142857142872,-0.690274458766077,0.861703030194652,1,"ns"
"F","1","PR","hour","5","23",0,0.257142857142859,-0.518845887337506,1.03313160162322,1,"ns"
"F","1","PR","hour","6","7",0,-0.0285714285714274,-0.804560173051792,0.747417315908937,1,"ns"
"F","1","PR","hour","6","8",0,7.56339435525888e-16,-0.775988744480364,0.775988744480365,1,"ns"
"F","1","PR","hour","6","9",0,0.0285714285714293,-0.747417315908935,0.804560173051794,1,"ns"
"F","1","PR","hour","6","10",0,0.171428571428572,-0.604560173051793,0.947417315908937,1,"ns"
"F","1","PR","hour","6","11",0,0.114285714285715,-0.66170303019465,0.890274458766079,1,"ns"
"F","1","PR","hour","6","12",0,0.457142857142858,-0.318845887337507,1.23313160162322,0.857,"ns"
"F","1","PR","hour","6","13",0,0.228571428571429,-0.547417315908936,1.00456017305179,1,"ns"
"F","1","PR","hour","6","14",0,0.4,-0.375988744480364,1.17598874448037,0.956,"ns"
"F","1","PR","hour","6","15",0,0.714285714285714,-0.0617030301946503,1.49027445876608,0.114,"ns"
"F","1","PR","hour","6","16",0,0.542857142857143,-0.233131601623221,1.31884588733751,0.584,"ns"
"F","1","PR","hour","6","17",0,0.6,-0.175988744480365,1.37598874448036,0.383,"ns"
"F","1","PR","hour","6","18",0,0.600000000000001,-0.175988744480364,1.37598874448037,0.383,"ns"
"F","1","PR","hour","6","19",0,0.314285714285715,-0.46170303019465,1.09027445876608,0.998,"ns"
"F","1","PR","hour","6","20",0,0.428571428571429,-0.347417315908936,1.20456017305179,0.916,"ns"
"F","1","PR","hour","6","21",0,0.2,-0.575988744480364,0.975988744480365,1,"ns"
"F","1","PR","hour","6","22",0,0.2,-0.575988744480364,0.975988744480365,1,"ns"
"F","1","PR","hour","6","23",0,0.371428571428572,-0.404560173051793,1.14741731590894,0.98,"ns"
"F","1","PR","hour","7","8",0,0.0285714285714281,-0.747417315908937,0.804560173051793,1,"ns"
"F","1","PR","hour","7","9",0,0.0571428571428567,-0.718845887337508,0.833131601623221,1,"ns"
"F","1","PR","hour","7","10",0,0.199999999999999,-0.575988744480366,0.975988744480364,1,"ns"
"F","1","PR","hour","7","11",0,0.142857142857142,-0.633131601623223,0.918845887337507,1,"ns"
"F","1","PR","hour","7","12",0,0.485714285714285,-0.29027445876608,1.26170303019465,0.779,"ns"
"F","1","PR","hour","7","13",0,0.257142857142856,-0.518845887337508,1.03313160162322,1,"ns"
"F","1","PR","hour","7","14",0,0.428571428571428,-0.347417315908937,1.20456017305179,0.916,"ns"
"F","1","PR","hour","7","15",0,0.742857142857142,-0.0331316016232229,1.51884588733751,0.0789,"ns"
"F","1","PR","hour","7","16",0,0.571428571428571,-0.204560173051794,1.34741731590894,0.481,"ns"
"F","1","PR","hour","7","17",0,0.628571428571427,-0.147417315908938,1.40456017305179,0.296,"ns"
"F","1","PR","hour","7","18",0,0.628571428571428,-0.147417315908937,1.40456017305179,0.296,"ns"
"F","1","PR","hour","7","19",0,0.342857142857142,-0.433131601623223,1.11884588733751,0.992,"ns"
"F","1","PR","hour","7","20",0,0.457142857142856,-0.318845887337509,1.23313160162322,0.857,"ns"
"F","1","PR","hour","7","21",0,0.228571428571428,-0.547417315908937,1.00456017305179,1,"ns"
"F","1","PR","hour","7","22",0,0.228571428571428,-0.547417315908937,1.00456017305179,1,"ns"
"F","1","PR","hour","7","23",0,0.399999999999999,-0.375988744480365,1.17598874448036,0.956,"ns"
"F","1","PR","hour","8","9",0,0.0285714285714286,-0.747417315908936,0.804560173051793,1,"ns"
"F","1","PR","hour","8","10",0,0.171428571428571,-0.604560173051794,0.947417315908936,1,"ns"
"F","1","PR","hour","8","11",0,0.114285714285714,-0.661703030194651,0.890274458766079,1,"ns"
"F","1","PR","hour","8","12",0,0.457142857142857,-0.318845887337508,1.23313160162322,0.857,"ns"
"F","1","PR","hour","8","13",0,0.228571428571428,-0.547417315908936,1.00456017305179,1,"ns"
"F","1","PR","hour","8","14",0,0.4,-0.375988744480365,1.17598874448036,0.956,"ns"
"F","1","PR","hour","8","15",0,0.714285714285714,-0.0617030301946511,1.49027445876608,0.114,"ns"
"F","1","PR","hour","8","16",0,0.542857142857142,-0.233131601623222,1.31884588733751,0.584,"ns"
"F","1","PR","hour","8","17",0,0.599999999999999,-0.175988744480366,1.37598874448036,0.383,"ns"
"F","1","PR","hour","8","18",0,0.6,-0.175988744480365,1.37598874448036,0.383,"ns"
"F","1","PR","hour","8","19",0,0.314285714285714,-0.461703030194651,1.09027445876608,0.998,"ns"
"F","1","PR","hour","8","20",0,0.428571428571428,-0.347417315908937,1.20456017305179,0.916,"ns"
"F","1","PR","hour","8","21",0,0.2,-0.575988744480365,0.975988744480364,1,"ns"
"F","1","PR","hour","8","22",0,0.2,-0.575988744480365,0.975988744480364,1,"ns"
"F","1","PR","hour","8","23",0,0.371428571428571,-0.404560173051793,1.14741731590894,0.98,"ns"
"F","1","PR","hour","9","10",0,0.142857142857143,-0.633131601623222,0.918845887337507,1,"ns"
"F","1","PR","hour","9","11",0,0.0857142857142854,-0.690274458766079,0.86170303019465,1,"ns"
"F","1","PR","hour","9","12",0,0.428571428571428,-0.347417315908936,1.20456017305179,0.916,"ns"
"F","1","PR","hour","9","13",0,0.2,-0.575988744480365,0.975988744480364,1,"ns"
"F","1","PR","hour","9","14",0,0.371428571428571,-0.404560173051794,1.14741731590894,0.98,"ns"
"F","1","PR","hour","9","15",0,0.685714285714285,-0.0902744587660796,1.46170303019465,0.161,"ns"
"F","1","PR","hour","9","16",0,0.514285714285714,-0.261703030194651,1.29027445876608,0.686,"ns"
"F","1","PR","hour","9","17",0,0.57142857142857,-0.204560173051795,1.34741731590893,0.481,"ns"
"F","1","PR","hour","9","18",0,0.571428571428571,-0.204560173051793,1.34741731590894,0.481,"ns"
"F","1","PR","hour","9","19",0,0.285714285714285,-0.490274458766079,1.06170303019465,0.999,"ns"
"F","1","PR","hour","9","20",0,0.399999999999999,-0.375988744480365,1.17598874448036,0.956,"ns"
"F","1","PR","hour","9","21",0,0.171428571428571,-0.604560173051794,0.947417315908936,1,"ns"
"F","1","PR","hour","9","22",0,0.171428571428571,-0.604560173051794,0.947417315908936,1,"ns"
"F","1","PR","hour","9","23",0,0.342857142857143,-0.433131601623222,1.11884588733751,0.992,"ns"
"F","1","PR","hour","10","11",0,-0.0571428571428571,-0.833131601623222,0.718845887337508,1,"ns"
"F","1","PR","hour","10","12",0,0.285714285714286,-0.490274458766079,1.06170303019465,0.999,"ns"
"F","1","PR","hour","10","13",0,0.0571428571428571,-0.718845887337508,0.833131601623222,1,"ns"
"F","1","PR","hour","10","14",0,0.228571428571428,-0.547417315908936,1.00456017305179,1,"ns"
"F","1","PR","hour","10","15",0,0.542857142857142,-0.233131601623222,1.31884588733751,0.584,"ns"
"F","1","PR","hour","10","16",0,0.371428571428571,-0.404560173051793,1.14741731590894,0.98,"ns"
"F","1","PR","hour","10","17",0,0.428571428571428,-0.347417315908937,1.20456017305179,0.916,"ns"
"F","1","PR","hour","10","18",0,0.428571428571429,-0.347417315908936,1.20456017305179,0.916,"ns"
"F","1","PR","hour","10","19",0,0.142857142857143,-0.633131601623222,0.918845887337508,1,"ns"
"F","1","PR","hour","10","20",0,0.257142857142857,-0.518845887337508,1.03313160162322,1,"ns"
"F","1","PR","hour","10","21",0,0.0285714285714286,-0.747417315908936,0.804560173051793,1,"ns"
"F","1","PR","hour","10","22",0,0.0285714285714286,-0.747417315908936,0.804560173051793,1,"ns"
"F","1","PR","hour","10","23",0,0.2,-0.575988744480365,0.975988744480365,1,"ns"
"F","1","PR","hour","11","12",0,0.342857142857143,-0.433131601623222,1.11884588733751,0.992,"ns"
"F","1","PR","hour","11","13",0,0.114285714285714,-0.66170303019465,0.890274458766079,1,"ns"
"F","1","PR","hour","11","14",0,0.285714285714286,-0.490274458766079,1.06170303019465,0.999,"ns"
"F","1","PR","hour","11","15",0,0.6,-0.175988744480365,1.37598874448036,0.383,"ns"
"F","1","PR","hour","11","16",0,0.428571428571428,-0.347417315908936,1.20456017305179,0.916,"ns"
"F","1","PR","hour","11","17",0,0.485714285714285,-0.29027445876608,1.26170303019465,0.779,"ns"
"F","1","PR","hour","11","18",0,0.485714285714286,-0.290274458766079,1.26170303019465,0.779,"ns"
"F","1","PR","hour","11","19",0,0.2,-0.575988744480365,0.975988744480365,1,"ns"
"F","1","PR","hour","11","20",0,0.314285714285714,-0.461703030194651,1.09027445876608,0.998,"ns"
"F","1","PR","hour","11","21",0,0.0857142857142857,-0.690274458766079,0.86170303019465,1,"ns"
"F","1","PR","hour","11","22",0,0.0857142857142857,-0.690274458766079,0.86170303019465,1,"ns"
"F","1","PR","hour","11","23",0,0.257142857142857,-0.518845887337507,1.03313160162322,1,"ns"
"F","1","PR","hour","12","13",0,-0.228571428571429,-1.00456017305179,0.547417315908936,1,"ns"
"F","1","PR","hour","12","14",0,-0.0571428571428573,-0.833131601623222,0.718845887337507,1,"ns"
"F","1","PR","hour","12","15",0,0.257142857142857,-0.518845887337508,1.03313160162322,1,"ns"
"F","1","PR","hour","12","16",0,0.0857142857142856,-0.690274458766079,0.86170303019465,1,"ns"
"F","1","PR","hour","12","17",0,0.142857142857142,-0.633131601623223,0.918845887337507,1,"ns"
"F","1","PR","hour","12","18",0,0.142857142857143,-0.633131601623222,0.918845887337508,1,"ns"
"F","1","PR","hour","12","19",0,-0.142857142857143,-0.918845887337508,0.633131601623222,1,"ns"
"F","1","PR","hour","12","20",0,-0.0285714285714288,-0.804560173051794,0.747417315908936,1,"ns"
"F","1","PR","hour","12","21",0,-0.257142857142857,-1.03313160162322,0.518845887337508,1,"ns"
"F","1","PR","hour","12","22",0,-0.257142857142857,-1.03313160162322,0.518845887337508,1,"ns"
"F","1","PR","hour","12","23",0,-0.0857142857142856,-0.86170303019465,0.690274458766079,1,"ns"
"F","1","PR","hour","13","14",0,0.171428571428571,-0.604560173051793,0.947417315908936,1,"ns"
"F","1","PR","hour","13","15",0,0.485714285714285,-0.290274458766079,1.26170303019465,0.779,"ns"
"F","1","PR","hour","13","16",0,0.314285714285714,-0.46170303019465,1.09027445876608,0.998,"ns"
"F","1","PR","hour","13","17",0,0.371428571428571,-0.404560173051794,1.14741731590894,0.98,"ns"
"F","1","PR","hour","13","18",0,0.371428571428572,-0.404560173051793,1.14741731590894,0.98,"ns"
"F","1","PR","hour","13","19",0,0.0857142857142857,-0.690274458766079,0.86170303019465,1,"ns"
"F","1","PR","hour","13","20",0,0.2,-0.575988744480365,0.975988744480365,1,"ns"
"F","1","PR","hour","13","21",0,-0.0285714285714285,-0.804560173051793,0.747417315908936,1,"ns"
"F","1","PR","hour","13","22",0,-0.0285714285714285,-0.804560173051793,0.747417315908936,1,"ns"
"F","1","PR","hour","13","23",0,0.142857142857143,-0.633131601623222,0.918845887337508,1,"ns"
"F","1","PR","hour","14","15",0,0.314285714285714,-0.461703030194651,1.09027445876608,0.998,"ns"
"F","1","PR","hour","14","16",0,0.142857142857143,-0.633131601623222,0.918845887337508,1,"ns"
"F","1","PR","hour","14","17",0,0.199999999999999,-0.575988744480366,0.975988744480364,1,"ns"
"F","1","PR","hour","14","18",0,0.2,-0.575988744480364,0.975988744480365,1,"ns"
"F","1","PR","hour","14","19",0,-0.0857142857142856,-0.86170303019465,0.690274458766079,1,"ns"
"F","1","PR","hour","14","20",0,0.0285714285714285,-0.747417315908936,0.804560173051793,1,"ns"
"F","1","PR","hour","14","21",0,-0.2,-0.975988744480365,0.575988744480365,1,"ns"
"F","1","PR","hour","14","22",0,-0.2,-0.975988744480365,0.575988744480365,1,"ns"
"F","1","PR","hour","14","23",0,-0.0285714285714284,-0.804560173051793,0.747417315908936,1,"ns"
"F","1","PR","hour","15","16",0,-0.171428571428571,-0.947417315908936,0.604560173051794,1,"ns"
"F","1","PR","hour","15","17",0,-0.114285714285715,-0.89027445876608,0.66170303019465,1,"ns"
"F","1","PR","hour","15","18",0,-0.114285714285714,-0.890274458766078,0.661703030194651,1,"ns"
"F","1","PR","hour","15","19",0,-0.4,-1.17598874448036,0.375988744480365,0.956,"ns"
"F","1","PR","hour","15","20",0,-0.285714285714286,-1.06170303019465,0.490274458766079,0.999,"ns"
"F","1","PR","hour","15","21",0,-0.514285714285714,-1.29027445876608,0.261703030194651,0.686,"ns"
"F","1","PR","hour","15","22",0,-0.514285714285714,-1.29027445876608,0.261703030194651,0.686,"ns"
"F","1","PR","hour","15","23",0,-0.342857142857142,-1.11884588733751,0.433131601623222,0.992,"ns"
"F","1","PR","hour","16","17",0,0.0571428571428563,-0.718845887337508,0.833131601623221,1,"ns"
"F","1","PR","hour","16","18",0,0.0571428571428574,-0.718845887337507,0.833131601623222,1,"ns"
"F","1","PR","hour","16","19",0,-0.228571428571429,-1.00456017305179,0.547417315908936,1,"ns"
"F","1","PR","hour","16","20",0,-0.114285714285714,-0.890274458766079,0.66170303019465,1,"ns"
"F","1","PR","hour","16","21",0,-0.342857142857143,-1.11884588733751,0.433131601623222,0.992,"ns"
"F","1","PR","hour","16","22",0,-0.342857142857143,-1.11884588733751,0.433131601623222,0.992,"ns"
"F","1","PR","hour","16","23",0,-0.171428571428571,-0.947417315908936,0.604560173051793,1,"ns"
"F","1","PR","hour","17","18",0,1.11022302462516e-15,-0.775988744480364,0.775988744480366,1,"ns"
"F","1","PR","hour","17","19",0,-0.285714285714285,-1.06170303019465,0.49027445876608,0.999,"ns"
"F","1","PR","hour","17","20",0,-0.171428571428571,-0.947417315908935,0.604560173051794,1,"ns"
"F","1","PR","hour","17","21",0,-0.399999999999999,-1.17598874448036,0.375988744480366,0.956,"ns"
"F","1","PR","hour","17","22",0,-0.399999999999999,-1.17598874448036,0.375988744480366,0.956,"ns"
"F","1","PR","hour","17","23",0,-0.228571428571428,-1.00456017305179,0.547417315908937,1,"ns"
"F","1","PR","hour","18","19",0,-0.285714285714286,-1.06170303019465,0.490274458766079,0.999,"ns"
"F","1","PR","hour","18","20",0,-0.171428571428572,-0.947417315908937,0.604560173051793,1,"ns"
"F","1","PR","hour","18","21",0,-0.4,-1.17598874448036,0.375988744480365,0.956,"ns"
"F","1","PR","hour","18","22",0,-0.4,-1.17598874448036,0.375988744480365,0.956,"ns"
"F","1","PR","hour","18","23",0,-0.228571428571429,-1.00456017305179,0.547417315908936,1,"ns"
"F","1","PR","hour","19","20",0,0.114285714285714,-0.661703030194651,0.890274458766079,1,"ns"
"F","1","PR","hour","19","21",0,-0.114285714285714,-0.890274458766079,0.66170303019465,1,"ns"
"F","1","PR","hour","19","22",0,-0.114285714285714,-0.890274458766079,0.66170303019465,1,"ns"
"F","1","PR","hour","19","23",0,0.0571428571428573,-0.718845887337507,0.833131601623222,1,"ns"
"F","1","PR","hour","20","21",0,-0.228571428571428,-1.00456017305179,0.547417315908936,1,"ns"
"F","1","PR","hour","20","22",0,-0.228571428571428,-1.00456017305179,0.547417315908936,1,"ns"
"F","1","PR","hour","20","23",0,-0.0571428571428568,-0.833131601623222,0.718845887337508,1,"ns"
"F","1","PR","hour","21","22",0,0,-0.775988744480365,0.775988744480365,1,"ns"
"F","1","PR","hour","21","23",0,0.171428571428571,-0.604560173051793,0.947417315908936,1,"ns"
"F","1","PR","hour","22","23",0,0.171428571428571,-0.604560173051793,0.947417315908936,1,"ns"
"F","2","NR","hour","0","1",0,-0.238095238095236,-0.911656808377424,0.435466332186951,1,"ns"
"F","2","NR","hour","0","2",0,-0.166666666666665,-0.840228236948852,0.506894903615522,1,"ns"
"F","2","NR","hour","0","3",0,-0.166666666666666,-0.840228236948853,0.506894903615521,1,"ns"
"F","2","NR","hour","0","4",0,-0.214285714285714,-0.887847284567901,0.459275855996473,1,"ns"
"F","2","NR","hour","0","5",0,-0.285714285714284,-0.959275855996471,0.387847284567903,0.996,"ns"
"F","2","NR","hour","0","6",0,-0.238095238095237,-0.911656808377424,0.43546633218695,1,"ns"
"F","2","NR","hour","0","7",0,-0.238095238095237,-0.911656808377424,0.435466332186951,1,"ns"
"F","2","NR","hour","0","8",0,-0.261904761904761,-0.935466332186949,0.411656808377426,0.999,"ns"
"F","2","NR","hour","0","9",0,-0.238095238095237,-0.911656808377424,0.435466332186951,1,"ns"
"F","2","NR","hour","0","10",0,-0.26190476190476,-0.935466332186947,0.411656808377427,0.999,"ns"
"F","2","NR","hour","0","11",0,-0.047619047619047,-0.721180617901234,0.62594252266314,1,"ns"
"F","2","NR","hour","0","12",0,0.11904761904762,-0.554513951234567,0.792609189329807,1,"ns"
"F","2","NR","hour","0","13",0,1.27675647831893e-15,-0.673561570282186,0.673561570282188,1,"ns"
"F","2","NR","hour","0","14",0,0.285714285714287,-0.387847284567901,0.959275855996474,0.996,"ns"
"F","2","NR","hour","0","15",0,0.380952380952382,-0.292609189329805,1.05451395123457,0.904,"ns"
"F","2","NR","hour","0","16",0,0.42857142857143,-0.244990141710758,1.10213299885362,0.764,"ns"
"F","2","NR","hour","0","17",0,0.309523809523811,-0.364037760758376,0.983085379805998,0.989,"ns"
"F","2","NR","hour","0","18",0,0.261904761904763,-0.411656808377424,0.93546633218695,0.999,"ns"
"F","2","NR","hour","0","19",0,0.11904761904762,-0.554513951234567,0.792609189329807,1,"ns"
"F","2","NR","hour","0","20",0,-0.166666666666665,-0.840228236948853,0.506894903615522,1,"ns"
"F","2","NR","hour","0","21",0,0.0238095238095249,-0.649752046472662,0.697371094091712,1,"ns"
"F","2","NR","hour","0","22",0,0.0714285714285726,-0.602132998853615,0.74499014171076,1,"ns"
"F","2","NR","hour","0","23",0,0.166666666666668,-0.506894903615519,0.840228236948855,1,"ns"
"F","2","NR","hour","1","2",0,0.0714285714285711,-0.602132998853616,0.744990141710758,1,"ns"
"F","2","NR","hour","1","3",0,0.0714285714285704,-0.602132998853617,0.744990141710758,1,"ns"
"F","2","NR","hour","1","4",0,0.0238095238095221,-0.649752046472665,0.697371094091709,1,"ns"
"F","2","NR","hour","1","5",0,-0.0476190476190476,-0.721180617901235,0.62594252266314,1,"ns"
"F","2","NR","hour","1","6",0,-8.04911692853238e-16,-0.673561570282188,0.673561570282186,1,"ns"
"F","2","NR","hour","1","7",0,-3.88578058618805e-16,-0.673561570282188,0.673561570282187,1,"ns"
"F","2","NR","hour","1","8",0,-0.023809523809525,-0.697371094091712,0.649752046472662,1,"ns"
"F","2","NR","hour","1","9",0,-3.46944695195361e-16,-0.673561570282188,0.673561570282187,1,"ns"
"F","2","NR","hour","1","10",0,-0.0238095238095238,-0.697371094091711,0.649752046472663,1,"ns"
"F","2","NR","hour","1","11",0,0.190476190476189,-0.483085379805998,0.864037760758377,1,"ns"
"F","2","NR","hour","1","12",0,0.357142857142857,-0.316418713139331,1.03070442742504,0.947,"ns"
"F","2","NR","hour","1","13",0,0.238095238095238,-0.43546633218695,0.911656808377425,1,"ns"
"F","2","NR","hour","1","14",0,0.523809523809523,-0.149752046472664,1.19737109409171,0.38,"ns"
"F","2","NR","hour","1","15",0,0.619047619047619,-0.0545139512345685,1.29260918932981,0.117,"ns"
"F","2","NR","hour","1","16",0,0.666666666666666,-0.00689490361552114,1.34022823694885,0.056,"ns"
"F","2","NR","hour","1","17",0,0.547619047619047,-0.12594252266314,1.22118061790123,0.295,"ns"
"F","2","NR","hour","1","18",0,0.499999999999999,-0.173561570282188,1.17356157028219,0.474,"ns"
"F","2","NR","hour","1","19",0,0.357142857142856,-0.316418713139331,1.03070442742504,0.947,"ns"
"F","2","NR","hour","1","20",0,0.0714285714285709,-0.602132998853616,0.744990141710758,1,"ns"
"F","2","NR","hour","1","21",0,0.261904761904761,-0.411656808377426,0.935466332186948,0.999,"ns"
"F","2","NR","hour","1","22",0,0.309523809523809,-0.364037760758378,0.983085379805996,0.989,"ns"
"F","2","NR","hour","1","23",0,0.404761904761904,-0.268799665520283,1.07832347504409,0.843,"ns"
"F","2","NR","hour","2","3",0,-7.21644966006352e-16,-0.673561570282188,0.673561570282186,1,"ns"
"F","2","NR","hour","2","4",0,-0.047619047619049,-0.721180617901236,0.625942522663138,1,"ns"
"F","2","NR","hour","2","5",0,-0.119047619047619,-0.792609189329806,0.554513951234568,1,"ns"
"F","2","NR","hour","2","6",0,-0.0714285714285719,-0.744990141710759,0.602132998853615,1,"ns"
"F","2","NR","hour","2","7",0,-0.0714285714285715,-0.744990141710759,0.602132998853616,1,"ns"
"F","2","NR","hour","2","8",0,-0.0952380952380961,-0.768799665520283,0.578323475044091,1,"ns"
"F","2","NR","hour","2","9",0,-0.0714285714285715,-0.744990141710759,0.602132998853616,1,"ns"
"F","2","NR","hour","2","10",0,-0.095238095238095,-0.768799665520282,0.578323475044092,1,"ns"
"F","2","NR","hour","2","11",0,0.119047619047618,-0.554513951234569,0.792609189329806,1,"ns"
"F","2","NR","hour","2","12",0,0.285714285714285,-0.387847284567902,0.959275855996473,0.996,"ns"
"F","2","NR","hour","2","13",0,0.166666666666666,-0.506894903615521,0.840228236948854,1,"ns"
"F","2","NR","hour","2","14",0,0.452380952380952,-0.221180617901235,1.12594252266314,0.673,"ns"
"F","2","NR","hour","2","15",0,0.547619047619048,-0.12594252266314,1.22118061790123,0.295,"ns"
"F","2","NR","hour","2","16",0,0.595238095238095,-0.0783234750440923,1.26879966552028,0.164,"ns"
"F","2","NR","hour","2","17",0,0.476190476190476,-0.197371094091711,1.14975204647266,0.574,"ns"
"F","2","NR","hour","2","18",0,0.428571428571428,-0.244990141710759,1.10213299885362,0.764,"ns"
"F","2","NR","hour","2","19",0,0.285714285714285,-0.387847284567902,0.959275855996473,0.996,"ns"
"F","2","NR","hour","2","20",0,-1.94289029309402e-16,-0.673561570282187,0.673561570282187,1,"ns"
"F","2","NR","hour","2","21",0,0.19047619047619,-0.483085379805997,0.864037760758377,1,"ns"
"F","2","NR","hour","2","22",0,0.238095238095238,-0.435466332186949,0.911656808377425,1,"ns"
"F","2","NR","hour","2","23",0,0.333333333333333,-0.340228236948854,1.00689490361552,0.974,"ns"
"F","2","NR","hour","3","4",0,-0.0476190476190483,-0.721180617901235,0.625942522663139,1,"ns"
"F","2","NR","hour","3","5",0,-0.119047619047618,-0.792609189329805,0.554513951234569,1,"ns"
"F","2","NR","hour","3","6",0,-0.0714285714285712,-0.744990141710758,0.602132998853616,1,"ns"
"F","2","NR","hour","3","7",0,-0.0714285714285708,-0.744990141710758,0.602132998853616,1,"ns"
"F","2","NR","hour","3","8",0,-0.0952380952380954,-0.768799665520283,0.578323475044092,1,"ns"
"F","2","NR","hour","3","9",0,-0.0714285714285707,-0.744990141710758,0.602132998853616,1,"ns"
"F","2","NR","hour","3","10",0,-0.0952380952380942,-0.768799665520281,0.578323475044093,1,"ns"
"F","2","NR","hour","3","11",0,0.119047619047619,-0.554513951234568,0.792609189329806,1,"ns"
"F","2","NR","hour","3","12",0,0.285714285714286,-0.387847284567901,0.959275855996473,0.996,"ns"
"F","2","NR","hour","3","13",0,0.166666666666667,-0.50689490361552,0.840228236948854,1,"ns"
"F","2","NR","hour","3","14",0,0.452380952380953,-0.221180617901235,1.12594252266314,0.673,"ns"
"F","2","NR","hour","3","15",0,0.547619047619048,-0.125942522663139,1.22118061790124,0.295,"ns"
"F","2","NR","hour","3","16",0,0.595238095238096,-0.0783234750440915,1.26879966552028,0.164,"ns"
"F","2","NR","hour","3","17",0,0.476190476190477,-0.19737109409171,1.14975204647266,0.574,"ns"
"F","2","NR","hour","3","18",0,0.428571428571429,-0.244990141710758,1.10213299885362,0.764,"ns"
"F","2","NR","hour","3","19",0,0.285714285714286,-0.387847284567901,0.959275855996473,0.996,"ns"
"F","2","NR","hour","3","20",0,5.27355936696949e-16,-0.673561570282187,0.673561570282188,1,"ns"
"F","2","NR","hour","3","21",0,0.190476190476191,-0.483085379805996,0.864037760758378,1,"ns"
"F","2","NR","hour","3","22",0,0.238095238095239,-0.435466332186949,0.911656808377426,1,"ns"
"F","2","NR","hour","3","23",0,0.333333333333334,-0.340228236948854,1.00689490361552,0.974,"ns"
"F","2","NR","hour","4","5",0,-0.0714285714285697,-0.744990141710757,0.602132998853617,1,"ns"
"F","2","NR","hour","4","6",0,-0.0238095238095229,-0.69737109409171,0.649752046472664,1,"ns"
"F","2","NR","hour","4","7",0,-0.0238095238095225,-0.69737109409171,0.649752046472665,1,"ns"
"F","2","NR","hour","4","8",0,-0.0476190476190471,-0.721180617901234,0.62594252266314,1,"ns"
"F","2","NR","hour","4","9",0,-0.0238095238095225,-0.69737109409171,0.649752046472665,1,"ns"
"F","2","NR","hour","4","10",0,-0.047619047619046,-0.721180617901233,0.625942522663141,1,"ns"
"F","2","NR","hour","4","11",0,0.166666666666667,-0.50689490361552,0.840228236948855,1,"ns"
"F","2","NR","hour","4","12",0,0.333333333333334,-0.340228236948853,1.00689490361552,0.974,"ns"
"F","2","NR","hour","4","13",0,0.214285714285715,-0.459275855996472,0.887847284567903,1,"ns"
"F","2","NR","hour","4","14",0,0.500000000000001,-0.173561570282186,1.17356157028219,0.474,"ns"
"F","2","NR","hour","4","15",0,0.595238095238097,-0.0783234750440907,1.26879966552028,0.164,"ns"
"F","2","NR","hour","4","16",0,0.642857142857144,-0.0307044274250433,1.31641871313933,0.082,"ns"
"F","2","NR","hour","4","17",0,0.523809523809525,-0.149752046472662,1.19737109409171,0.38,"ns"
"F","2","NR","hour","4","18",0,0.476190476190477,-0.19737109409171,1.14975204647266,0.574,"ns"
"F","2","NR","hour","4","19",0,0.333333333333334,-0.340228236948853,1.00689490361552,0.974,"ns"
"F","2","NR","hour","4","20",0,0.0476190476190488,-0.625942522663138,0.721180617901236,1,"ns"
"F","2","NR","hour","4","21",0,0.238095238095239,-0.435466332186948,0.911656808377426,1,"ns"
"F","2","NR","hour","4","22",0,0.285714285714287,-0.3878472845679,0.959275855996474,0.996,"ns"
"F","2","NR","hour","4","23",0,0.380952380952382,-0.292609189329805,1.05451395123457,0.904,"ns"
"F","2","NR","hour","5","6",0,0.0476190476190468,-0.62594252266314,0.721180617901234,1,"ns"
"F","2","NR","hour","5","7",0,0.0476190476190472,-0.62594252266314,0.721180617901234,1,"ns"
"F","2","NR","hour","5","8",0,0.0238095238095226,-0.649752046472665,0.69737109409171,1,"ns"
"F","2","NR","hour","5","9",0,0.0476190476190472,-0.62594252266314,0.721180617901234,1,"ns"
"F","2","NR","hour","5","10",0,0.0238095238095237,-0.649752046472663,0.697371094091711,1,"ns"
"F","2","NR","hour","5","11",0,0.238095238095237,-0.43546633218695,0.911656808377424,1,"ns"
"F","2","NR","hour","5","12",0,0.404761904761904,-0.268799665520283,1.07832347504409,0.843,"ns"
"F","2","NR","hour","5","13",0,0.285714285714285,-0.387847284567902,0.959275855996472,0.996,"ns"
"F","2","NR","hour","5","14",0,0.571428571428571,-0.102132998853617,1.24499014171076,0.223,"ns"
"F","2","NR","hour","5","15",0,0.666666666666666,-0.00689490361552092,1.34022823694885,0.056,"ns"
"F","2","NR","hour","5","16",0,0.714285714285714,0.0407241440035264,1.3878472845679,0.0246,"*"
"F","2","NR","hour","5","17",0,0.595238095238095,-0.0783234750440925,1.26879966552028,0.164,"ns"
"F","2","NR","hour","5","18",0,0.547619047619047,-0.12594252266314,1.22118061790123,0.295,"ns"
"F","2","NR","hour","5","19",0,0.404761904761904,-0.268799665520283,1.07832347504409,0.843,"ns"
"F","2","NR","hour","5","20",0,0.119047619047619,-0.554513951234569,0.792609189329806,1,"ns"
"F","2","NR","hour","5","21",0,0.309523809523809,-0.364037760758378,0.983085379805996,0.989,"ns"
"F","2","NR","hour","5","22",0,0.357142857142857,-0.316418713139331,1.03070442742504,0.947,"ns"
"F","2","NR","hour","5","23",0,0.452380952380952,-0.221180617901236,1.12594252266314,0.673,"ns"
"F","2","NR","hour","6","7",0,4.16333634234434e-16,-0.673561570282187,0.673561570282188,1,"ns"
"F","2","NR","hour","6","8",0,-0.0238095238095242,-0.697371094091711,0.649752046472663,1,"ns"
"F","2","NR","hour","6","9",0,4.57966997657877e-16,-0.673561570282187,0.673561570282188,1,"ns"
"F","2","NR","hour","6","10",0,-0.023809523809523,-0.69737109409171,0.649752046472664,1,"ns"
"F","2","NR","hour","6","11",0,0.19047619047619,-0.483085379805997,0.864037760758377,1,"ns"
"F","2","NR","hour","6","12",0,0.357142857142857,-0.31641871313933,1.03070442742504,0.947,"ns"
"F","2","NR","hour","6","13",0,0.238095238095238,-0.435466332186949,0.911656808377426,1,"ns"
"F","2","NR","hour","6","14",0,0.523809523809524,-0.149752046472663,1.19737109409171,0.38,"ns"
"F","2","NR","hour","6","15",0,0.61904761904762,-0.0545139512345677,1.29260918932981,0.117,"ns"
"F","2","NR","hour","6","16",0,0.666666666666667,-0.00689490361552036,1.34022823694885,0.056,"ns"
"F","2","NR","hour","6","17",0,0.547619047619048,-0.125942522663139,1.22118061790123,0.295,"ns"
"F","2","NR","hour","6","18",0,0.5,-0.173561570282187,1.17356157028219,0.474,"ns"
"F","2","NR","hour","6","19",0,0.357142857142857,-0.31641871313933,1.03070442742504,0.947,"ns"
"F","2","NR","hour","6","20",0,0.0714285714285717,-0.602132998853615,0.744990141710759,1,"ns"
"F","2","NR","hour","6","21",0,0.261904761904762,-0.411656808377425,0.935466332186949,0.999,"ns"
"F","2","NR","hour","6","22",0,0.30952380952381,-0.364037760758377,0.983085379805997,0.989,"ns"
"F","2","NR","hour","6","23",0,0.404761904761905,-0.268799665520282,1.07832347504409,0.843,"ns"
"F","2","NR","hour","7","8",0,-0.0238095238095246,-0.697371094091712,0.649752046472663,1,"ns"
"F","2","NR","hour","7","9",0,4.16333634234434e-17,-0.673561570282187,0.673561570282187,1,"ns"
"F","2","NR","hour","7","10",0,-0.0238095238095235,-0.697371094091711,0.649752046472664,1,"ns"
"F","2","NR","hour","7","11",0,0.19047619047619,-0.483085379805997,0.864037760758377,1,"ns"
"F","2","NR","hour","7","12",0,0.357142857142857,-0.31641871313933,1.03070442742504,0.947,"ns"
"F","2","NR","hour","7","13",0,0.238095238095238,-0.435466332186949,0.911656808377425,1,"ns"
"F","2","NR","hour","7","14",0,0.523809523809523,-0.149752046472664,1.19737109409171,0.38,"ns"
"F","2","NR","hour","7","15",0,0.619047619047619,-0.0545139512345681,1.29260918932981,0.117,"ns"
"F","2","NR","hour","7","16",0,0.666666666666666,-0.00689490361552081,1.34022823694885,0.056,"ns"
"F","2","NR","hour","7","17",0,0.547619047619047,-0.12594252266314,1.22118061790123,0.295,"ns"
"F","2","NR","hour","7","18",0,0.5,-0.173561570282188,1.17356157028219,0.474,"ns"
"F","2","NR","hour","7","19",0,0.357142857142857,-0.31641871313933,1.03070442742504,0.947,"ns"
"F","2","NR","hour","7","20",0,0.0714285714285713,-0.602132998853616,0.744990141710759,1,"ns"
"F","2","NR","hour","7","21",0,0.261904761904762,-0.411656808377426,0.935466332186949,0.999,"ns"
"F","2","NR","hour","7","22",0,0.309523809523809,-0.364037760758378,0.983085379805997,0.989,"ns"
"F","2","NR","hour","7","23",0,0.404761904761904,-0.268799665520283,1.07832347504409,0.843,"ns"
"F","2","NR","hour","8","9",0,0.0238095238095247,-0.649752046472663,0.697371094091712,1,"ns"
"F","2","NR","hour","8","10",0,1.1518563880486e-15,-0.673561570282186,0.673561570282188,1,"ns"
"F","2","NR","hour","8","11",0,0.214285714285714,-0.459275855996473,0.887847284567902,1,"ns"
"F","2","NR","hour","8","12",0,0.380952380952381,-0.292609189329806,1.05451395123457,0.904,"ns"
"F","2","NR","hour","8","13",0,0.261904761904763,-0.411656808377425,0.93546633218695,0.999,"ns"
"F","2","NR","hour","8","14",0,0.547619047619048,-0.125942522663139,1.22118061790124,0.295,"ns"
"F","2","NR","hour","8","15",0,0.642857142857144,-0.0307044274250435,1.31641871313933,0.082,"ns"
"F","2","NR","hour","8","16",0,0.690476190476191,0.0169146201940038,1.36403776075838,0.0375,"*"
"F","2","NR","hour","8","17",0,0.571428571428572,-0.102132998853615,1.24499014171076,0.223,"ns"
"F","2","NR","hour","8","18",0,0.523809523809524,-0.149752046472663,1.19737109409171,0.38,"ns"
"F","2","NR","hour","8","19",0,0.380952380952381,-0.292609189329806,1.05451395123457,0.904,"ns"
"F","2","NR","hour","8","20",0,0.0952380952380959,-0.578323475044091,0.768799665520283,1,"ns"
"F","2","NR","hour","8","21",0,0.285714285714286,-0.387847284567901,0.959275855996473,0.996,"ns"
"F","2","NR","hour","8","22",0,0.333333333333334,-0.340228236948853,1.00689490361552,0.974,"ns"
"F","2","NR","hour","8","23",0,0.428571428571429,-0.244990141710758,1.10213299885362,0.764,"ns"
"F","2","NR","hour","9","10",0,-0.0238095238095235,-0.697371094091711,0.649752046472664,1,"ns"
"F","2","NR","hour","9","11",0,0.19047619047619,-0.483085379805997,0.864037760758377,1,"ns"
"F","2","NR","hour","9","12",0,0.357142857142857,-0.31641871313933,1.03070442742504,0.947,"ns"
"F","2","NR","hour","9","13",0,0.238095238095238,-0.435466332186949,0.911656808377425,1,"ns"
"F","2","NR","hour","9","14",0,0.523809523809523,-0.149752046472664,1.19737109409171,0.38,"ns"
"F","2","NR","hour","9","15",0,0.619047619047619,-0.0545139512345681,1.29260918932981,0.117,"ns"
"F","2","NR","hour","9","16",0,0.666666666666666,-0.00689490361552081,1.34022823694885,0.056,"ns"
"F","2","NR","hour","9","17",0,0.547619047619047,-0.12594252266314,1.22118061790123,0.295,"ns"
"F","2","NR","hour","9","18",0,0.5,-0.173561570282188,1.17356157028219,0.474,"ns"
"F","2","NR","hour","9","19",0,0.357142857142857,-0.31641871313933,1.03070442742504,0.947,"ns"
"F","2","NR","hour","9","20",0,0.0714285714285713,-0.602132998853616,0.744990141710759,1,"ns"
"F","2","NR","hour","9","21",0,0.261904761904762,-0.411656808377426,0.935466332186949,0.999,"ns"
"F","2","NR","hour","9","22",0,0.309523809523809,-0.364037760758378,0.983085379805997,0.989,"ns"
"F","2","NR","hour","9","23",0,0.404761904761904,-0.268799665520283,1.07832347504409,0.843,"ns"
"F","2","NR","hour","10","11",0,0.214285714285713,-0.459275855996474,0.8878472845679,1,"ns"
"F","2","NR","hour","10","12",0,0.38095238095238,-0.292609189329807,1.05451395123457,0.904,"ns"
"F","2","NR","hour","10","13",0,0.261904761904761,-0.411656808377426,0.935466332186949,0.999,"ns"
"F","2","NR","hour","10","14",0,0.547619047619047,-0.12594252266314,1.22118061790123,0.295,"ns"
"F","2","NR","hour","10","15",0,0.642857142857143,-0.0307044274250446,1.31641871313933,0.082,"ns"
"F","2","NR","hour","10","16",0,0.69047619047619,0.0169146201940027,1.36403776075838,0.0375,"*"
"F","2","NR","hour","10","17",0,0.571428571428571,-0.102132998853616,1.24499014171076,0.223,"ns"
"F","2","NR","hour","10","18",0,0.523809523809523,-0.149752046472664,1.19737109409171,0.38,"ns"
"F","2","NR","hour","10","19",0,0.38095238095238,-0.292609189329807,1.05451395123457,0.904,"ns"
"F","2","NR","hour","10","20",0,0.0952380952380948,-0.578323475044092,0.768799665520282,1,"ns"
"F","2","NR","hour","10","21",0,0.285714285714285,-0.387847284567902,0.959275855996472,0.996,"ns"
"F","2","NR","hour","10","22",0,0.333333333333333,-0.340228236948854,1.00689490361552,0.974,"ns"
"F","2","NR","hour","10","23",0,0.428571428571428,-0.244990141710759,1.10213299885362,0.764,"ns"
"F","2","NR","hour","11","12",0,0.166666666666667,-0.50689490361552,0.840228236948854,1,"ns"
"F","2","NR","hour","11","13",0,0.0476190476190482,-0.625942522663139,0.721180617901235,1,"ns"
"F","2","NR","hour","11","14",0,0.333333333333334,-0.340228236948854,1.00689490361552,0.974,"ns"
"F","2","NR","hour","11","15",0,0.428571428571429,-0.244990141710758,1.10213299885362,0.764,"ns"
"F","2","NR","hour","11","16",0,0.476190476190477,-0.197371094091711,1.14975204647266,0.574,"ns"
"F","2","NR","hour","11","17",0,0.357142857142858,-0.31641871313933,1.03070442742504,0.947,"ns"
"F","2","NR","hour","11","18",0,0.30952380952381,-0.364037760758377,0.983085379805997,0.989,"ns"
"F","2","NR","hour","11","19",0,0.166666666666667,-0.50689490361552,0.840228236948854,1,"ns"
"F","2","NR","hour","11","20",0,-0.119047619047618,-0.792609189329806,0.554513951234569,1,"ns"
"F","2","NR","hour","11","21",0,0.0714285714285718,-0.602132998853615,0.744990141710759,1,"ns"
"F","2","NR","hour","11","22",0,0.11904761904762,-0.554513951234568,0.792609189329807,1,"ns"
"F","2","NR","hour","11","23",0,0.214285714285715,-0.459275855996473,0.887847284567902,1,"ns"
"F","2","NR","hour","12","13",0,-0.119047619047619,-0.792609189329806,0.554513951234568,1,"ns"
"F","2","NR","hour","12","14",0,0.166666666666667,-0.506894903615521,0.840228236948854,1,"ns"
"F","2","NR","hour","12","15",0,0.261904761904762,-0.411656808377425,0.935466332186949,0.999,"ns"
"F","2","NR","hour","12","16",0,0.30952380952381,-0.364037760758378,0.983085379805997,0.989,"ns"
"F","2","NR","hour","12","17",0,0.190476190476191,-0.483085379805997,0.864037760758378,1,"ns"
"F","2","NR","hour","12","18",0,0.142857142857143,-0.530704427425044,0.81641871313933,1,"ns"
"F","2","NR","hour","12","19",0,-5.55111512312578e-17,-0.673561570282187,0.673561570282187,1,"ns"
"F","2","NR","hour","12","20",0,-0.285714285714286,-0.959275855996473,0.387847284567902,0.996,"ns"
"F","2","NR","hour","12","21",0,-0.0952380952380953,-0.768799665520282,0.578323475044092,1,"ns"
"F","2","NR","hour","12","22",0,-0.0476190476190476,-0.721180617901235,0.62594252266314,1,"ns"
"F","2","NR","hour","12","23",0,0.0476190476190476,-0.62594252266314,0.721180617901235,1,"ns"
"F","2","NR","hour","13","14",0,0.285714285714285,-0.387847284567902,0.959275855996473,0.996,"ns"
"F","2","NR","hour","13","15",0,0.380952380952381,-0.292609189329806,1.05451395123457,0.904,"ns"
"F","2","NR","hour","13","16",0,0.428571428571428,-0.244990141710759,1.10213299885362,0.764,"ns"
"F","2","NR","hour","13","17",0,0.309523809523809,-0.364037760758378,0.983085379805997,0.989,"ns"
"F","2","NR","hour","13","18",0,0.261904761904762,-0.411656808377426,0.935466332186949,0.999,"ns"
"F","2","NR","hour","13","19",0,0.119047619047619,-0.554513951234568,0.792609189329806,1,"ns"
"F","2","NR","hour","13","20",0,-0.166666666666667,-0.840228236948854,0.506894903615521,1,"ns"
"F","2","NR","hour","13","21",0,0.0238095238095236,-0.649752046472664,0.697371094091711,1,"ns"
"F","2","NR","hour","13","22",0,0.0714285714285713,-0.602132998853616,0.744990141710759,1,"ns"
"F","2","NR","hour","13","23",0,0.166666666666666,-0.506894903615521,0.840228236948854,1,"ns"
"F","2","NR","hour","14","15",0,0.0952380952380957,-0.578323475044092,0.768799665520283,1,"ns"
"F","2","NR","hour","14","16",0,0.142857142857143,-0.530704427425044,0.81641871313933,1,"ns"
"F","2","NR","hour","14","17",0,0.0238095238095241,-0.649752046472663,0.697371094091711,1,"ns"
"F","2","NR","hour","14","18",0,-0.0238095238095237,-0.697371094091711,0.649752046472663,1,"ns"
"F","2","NR","hour","14","19",0,-0.166666666666667,-0.840228236948854,0.506894903615521,1,"ns"
"F","2","NR","hour","14","20",0,-0.452380952380952,-1.12594252266314,0.221180617901235,0.673,"ns"
"F","2","NR","hour","14","21",0,-0.261904761904762,-0.935466332186949,0.411656808377425,0.999,"ns"
"F","2","NR","hour","14","22",0,-0.214285714285714,-0.887847284567901,0.459275855996473,1,"ns"
"F","2","NR","hour","14","23",0,-0.119047619047619,-0.792609189329806,0.554513951234568,1,"ns"
"F","2","NR","hour","15","16",0,0.0476190476190473,-0.62594252266314,0.721180617901235,1,"ns"
"F","2","NR","hour","15","17",0,-0.0714285714285716,-0.744990141710759,0.602132998853616,1,"ns"
"F","2","NR","hour","15","18",0,-0.119047619047619,-0.792609189329807,0.554513951234568,1,"ns"
"F","2","NR","hour","15","19",0,-0.261904761904762,-0.935466332186949,0.411656808377425,0.999,"ns"
"F","2","NR","hour","15","20",0,-0.547619047619048,-1.22118061790123,0.125942522663139,0.295,"ns"
"F","2","NR","hour","15","21",0,-0.357142857142857,-1.03070442742504,0.31641871313933,0.947,"ns"
"F","2","NR","hour","15","22",0,-0.30952380952381,-0.983085379805997,0.364037760758377,0.989,"ns"
"F","2","NR","hour","15","23",0,-0.214285714285715,-0.887847284567902,0.459275855996473,1,"ns"
"F","2","NR","hour","16","17",0,-0.119047619047619,-0.792609189329806,0.554513951234568,1,"ns"
"F","2","NR","hour","16","18",0,-0.166666666666667,-0.840228236948854,0.50689490361552,1,"ns"
"F","2","NR","hour","16","19",0,-0.30952380952381,-0.983085379805997,0.364037760758378,0.989,"ns"
"F","2","NR","hour","16","20",0,-0.595238095238095,-1.26879966552028,0.0783234750440921,0.164,"ns"
"F","2","NR","hour","16","21",0,-0.404761904761905,-1.07832347504409,0.268799665520282,0.843,"ns"
"F","2","NR","hour","16","22",0,-0.357142857142857,-1.03070442742504,0.31641871313933,0.947,"ns"
"F","2","NR","hour","16","23",0,-0.261904761904762,-0.935466332186949,0.411656808377425,0.999,"ns"
"F","2","NR","hour","17","18",0,-0.0476190476190478,-0.721180617901235,0.625942522663139,1,"ns"
"F","2","NR","hour","17","19",0,-0.190476190476191,-0.864037760758378,0.483085379805997,1,"ns"
"F","2","NR","hour","17","20",0,-0.476190476190476,-1.14975204647266,0.197371094091711,0.574,"ns"
"F","2","NR","hour","17","21",0,-0.285714285714286,-0.959275855996473,0.387847284567901,0.996,"ns"
"F","2","NR","hour","17","22",0,-0.238095238095238,-0.911656808377425,0.435466332186949,1,"ns"
"F","2","NR","hour","17","23",0,-0.142857142857143,-0.81641871313933,0.530704427425044,1,"ns"
"F","2","NR","hour","18","19",0,-0.142857142857143,-0.81641871313933,0.530704427425044,1,"ns"
"F","2","NR","hour","18","20",0,-0.428571428571428,-1.10213299885362,0.244990141710759,0.764,"ns"
"F","2","NR","hour","18","21",0,-0.238095238095238,-0.911656808377425,0.435466332186949,1,"ns"
"F","2","NR","hour","18","22",0,-0.19047619047619,-0.864037760758378,0.483085379805997,1,"ns"
"F","2","NR","hour","18","23",0,-0.0952380952380952,-0.768799665520282,0.578323475044092,1,"ns"
"F","2","NR","hour","19","20",0,-0.285714285714286,-0.959275855996473,0.387847284567902,0.996,"ns"
"F","2","NR","hour","19","21",0,-0.0952380952380952,-0.768799665520282,0.578323475044092,1,"ns"
"F","2","NR","hour","19","22",0,-0.0476190476190475,-0.721180617901235,0.62594252266314,1,"ns"
"F","2","NR","hour","19","23",0,0.0476190476190476,-0.62594252266314,0.721180617901235,1,"ns"
"F","2","NR","hour","20","21",0,0.19047619047619,-0.483085379805997,0.864037760758378,1,"ns"
"F","2","NR","hour","20","22",0,0.238095238095238,-0.435466332186949,0.911656808377425,1,"ns"
"F","2","NR","hour","20","23",0,0.333333333333333,-0.340228236948854,1.00689490361552,0.974,"ns"
"F","2","NR","hour","21","22",0,0.0476190476190477,-0.625942522663139,0.721180617901235,1,"ns"
"F","2","NR","hour","21","23",0,0.142857142857143,-0.530704427425044,0.81641871313933,1,"ns"
"F","2","NR","hour","22","23",0,0.0952380952380951,-0.578323475044092,0.768799665520282,1,"ns"
"F","2","PR","hour","0","1",0,-0.0952380952380944,-0.41918013539647,0.228703944920282,1,"ns"
"F","2","PR","hour","0","2",0,-0.0952380952380947,-0.419180135396471,0.228703944920281,1,"ns"
"F","2","PR","hour","0","3",0,-0.0952380952380952,-0.419180135396471,0.228703944920281,1,"ns"
"F","2","PR","hour","0","4",0,0.0238095238095243,-0.300132516348852,0.3477515639679,1,"ns"
"F","2","PR","hour","0","5",0,-0.0476190476190473,-0.371561087777423,0.276322992539329,1,"ns"
"F","2","PR","hour","0","6",0,-0.0476190476190471,-0.371561087777423,0.276322992539329,1,"ns"
"F","2","PR","hour","0","7",0,-0.0476190476190468,-0.371561087777423,0.276322992539329,1,"ns"
"F","2","PR","hour","0","8",0,-0.0714285714285709,-0.395370611586947,0.252513468729805,1,"ns"
"F","2","PR","hour","0","9",0,6.38378239159465e-16,-0.323942040158375,0.323942040158377,1,"ns"
"F","2","PR","hour","0","10",0,-0.0952380952380945,-0.419180135396471,0.228703944920282,1,"ns"
"F","2","PR","hour","0","11",0,0.0238095238095242,-0.300132516348852,0.3477515639679,1,"ns"
"F","2","PR","hour","0","12",0,0.119047619047619,-0.204894421110757,0.442989659205996,1,"ns"
"F","2","PR","hour","0","13",0,5.68989300120393e-16,-0.323942040158376,0.323942040158377,1,"ns"
"F","2","PR","hour","0","14",0,4.44089209850063e-16,-0.323942040158376,0.323942040158377,1,"ns"
"F","2","PR","hour","0","15",0,0.0952380952380958,-0.22870394492028,0.419180135396472,1,"ns"
"F","2","PR","hour","0","16",0,0.0476190476190482,-0.276322992539328,0.371561087777424,1,"ns"
"F","2","PR","hour","0","17",0,0.214285714285715,-0.109656325872661,0.538227754444091,0.7,"ns"
"F","2","PR","hour","0","18",0,0.11904761904762,-0.204894421110757,0.442989659205996,1,"ns"
"F","2","PR","hour","0","19",0,0.0952380952380958,-0.22870394492028,0.419180135396472,1,"ns"
"F","2","PR","hour","0","20",0,0.166666666666667,-0.157275373491709,0.490608706825043,0.961,"ns"
"F","2","PR","hour","0","21",0,0.0476190476190481,-0.276322992539328,0.371561087777424,1,"ns"
"F","2","PR","hour","0","22",0,0.0476190476190481,-0.276322992539328,0.371561087777424,1,"ns"
"F","2","PR","hour","0","23",0,0.0952380952380957,-0.22870394492028,0.419180135396472,1,"ns"
"F","2","PR","hour","1","2",0,-2.8796409701215e-16,-0.323942040158376,0.323942040158376,1,"ns"
"F","2","PR","hour","1","3",0,-7.56339435525888e-16,-0.323942040158377,0.323942040158375,1,"ns"
"F","2","PR","hour","1","4",0,0.119047619047619,-0.204894421110757,0.442989659205995,1,"ns"
"F","2","PR","hour","1","5",0,0.0476190476190472,-0.276322992539329,0.371561087777423,1,"ns"
"F","2","PR","hour","1","6",0,0.0476190476190473,-0.276322992539329,0.371561087777423,1,"ns"
"F","2","PR","hour","1","7",0,0.0476190476190476,-0.276322992539328,0.371561087777424,1,"ns"
"F","2","PR","hour","1","8",0,0.0238095238095235,-0.300132516348853,0.3477515639679,1,"ns"
"F","2","PR","hour","1","9",0,0.0952380952380951,-0.228703944920281,0.419180135396471,1,"ns"
"F","2","PR","hour","1","10",0,-6.24500451351651e-17,-0.323942040158376,0.323942040158376,1,"ns"
"F","2","PR","hour","1","11",0,0.119047619047619,-0.204894421110757,0.442989659205995,1,"ns"
"F","2","PR","hour","1","12",0,0.214285714285714,-0.109656325872662,0.53822775444409,0.7,"ns"
"F","2","PR","hour","1","13",0,0.095238095238095,-0.228703944920281,0.419180135396471,1,"ns"
"F","2","PR","hour","1","14",0,0.0952380952380949,-0.228703944920281,0.419180135396471,1,"ns"
"F","2","PR","hour","1","15",0,0.19047619047619,-0.133465849682186,0.514418230634566,0.867,"ns"
"F","2","PR","hour","1","16",0,0.142857142857143,-0.181084897301233,0.466799183015519,0.993,"ns"
"F","2","PR","hour","1","17",0,0.309523809523809,-0.0144182306345668,0.633465849682185,0.0811,"ns"
"F","2","PR","hour","1","18",0,0.214285714285714,-0.109656325872662,0.53822775444409,0.7,"ns"
"F","2","PR","hour","1","19",0,0.19047619047619,-0.133465849682186,0.514418230634566,0.867,"ns"
"F","2","PR","hour","1","20",0,0.261904761904761,-0.0620372782536146,0.585846802063138,0.305,"ns"
"F","2","PR","hour","1","21",0,0.142857142857142,-0.181084897301234,0.466799183015519,0.993,"ns"
"F","2","PR","hour","1","22",0,0.142857142857143,-0.181084897301234,0.466799183015519,0.993,"ns"
"F","2","PR","hour","1","23",0,0.19047619047619,-0.133465849682186,0.514418230634566,0.867,"ns"
"F","2","PR","hour","2","3",0,-4.68375338513738e-16,-0.323942040158377,0.323942040158376,1,"ns"
"F","2","PR","hour","2","4",0,0.119047619047619,-0.204894421110757,0.442989659205995,1,"ns"
"F","2","PR","hour","2","5",0,0.0476190476190474,-0.276322992539329,0.371561087777424,1,"ns"
"F","2","PR","hour","2","6",0,0.0476190476190476,-0.276322992539329,0.371561087777424,1,"ns"
"F","2","PR","hour","2","7",0,0.0476190476190479,-0.276322992539328,0.371561087777424,1,"ns"
"F","2","PR","hour","2","8",0,0.0238095238095238,-0.300132516348852,0.3477515639679,1,"ns"
"F","2","PR","hour","2","9",0,0.0952380952380953,-0.228703944920281,0.419180135396471,1,"ns"
"F","2","PR","hour","2","10",0,2.25514051876985e-16,-0.323942040158376,0.323942040158376,1,"ns"
"F","2","PR","hour","2","11",0,0.119047619047619,-0.204894421110757,0.442989659205995,1,"ns"
"F","2","PR","hour","2","12",0,0.214285714285714,-0.109656325872662,0.53822775444409,0.7,"ns"
"F","2","PR","hour","2","13",0,0.0952380952380953,-0.228703944920281,0.419180135396471,1,"ns"
"F","2","PR","hour","2","14",0,0.0952380952380951,-0.228703944920281,0.419180135396471,1,"ns"
"F","2","PR","hour","2","15",0,0.19047619047619,-0.133465849682186,0.514418230634567,0.867,"ns"
"F","2","PR","hour","2","16",0,0.142857142857143,-0.181084897301233,0.466799183015519,0.993,"ns"
"F","2","PR","hour","2","17",0,0.30952380952381,-0.0144182306345665,0.633465849682186,0.0811,"ns"
"F","2","PR","hour","2","18",0,0.214285714285714,-0.109656325872662,0.53822775444409,0.7,"ns"
"F","2","PR","hour","2","19",0,0.190476190476191,-0.133465849682186,0.514418230634567,0.867,"ns"
"F","2","PR","hour","2","20",0,0.261904761904762,-0.0620372782536143,0.585846802063138,0.305,"ns"
"F","2","PR","hour","2","21",0,0.142857142857143,-0.181084897301233,0.466799183015519,0.993,"ns"
"F","2","PR","hour","2","22",0,0.142857142857143,-0.181084897301233,0.466799183015519,0.993,"ns"
"F","2","PR","hour","2","23",0,0.19047619047619,-0.133465849682186,0.514418230634566,0.867,"ns"
"F","2","PR","hour","3","4",0,0.119047619047619,-0.204894421110757,0.442989659205996,1,"ns"
"F","2","PR","hour","3","5",0,0.0476190476190479,-0.276322992539328,0.371561087777424,1,"ns"
"F","2","PR","hour","3","6",0,0.047619047619048,-0.276322992539328,0.371561087777424,1,"ns"
"F","2","PR","hour","3","7",0,0.0476190476190483,-0.276322992539328,0.371561087777424,1,"ns"
"F","2","PR","hour","3","8",0,0.0238095238095242,-0.300132516348852,0.3477515639679,1,"ns"
"F","2","PR","hour","3","9",0,0.0952380952380958,-0.22870394492028,0.419180135396472,1,"ns"
"F","2","PR","hour","3","10",0,6.93889390390723e-16,-0.323942040158375,0.323942040158377,1,"ns"
"F","2","PR","hour","3","11",0,0.119047619047619,-0.204894421110757,0.442989659205995,1,"ns"
"F","2","PR","hour","3","12",0,0.214285714285715,-0.109656325872661,0.538227754444091,0.7,"ns"
"F","2","PR","hour","3","13",0,0.0952380952380957,-0.22870394492028,0.419180135396472,1,"ns"
"F","2","PR","hour","3","14",0,0.0952380952380956,-0.22870394492028,0.419180135396472,1,"ns"
"F","2","PR","hour","3","15",0,0.190476190476191,-0.133465849682185,0.514418230634567,0.867,"ns"
"F","2","PR","hour","3","16",0,0.142857142857143,-0.181084897301233,0.466799183015519,0.993,"ns"
"F","2","PR","hour","3","17",0,0.30952380952381,-0.014418230634566,0.633465849682186,0.0811,"ns"
"F","2","PR","hour","3","18",0,0.214285714285715,-0.109656325872661,0.538227754444091,0.7,"ns"
"F","2","PR","hour","3","19",0,0.190476190476191,-0.133465849682185,0.514418230634567,0.867,"ns"
"F","2","PR","hour","3","20",0,0.261904761904762,-0.0620372782536138,0.585846802063138,0.305,"ns"
"F","2","PR","hour","3","21",0,0.142857142857143,-0.181084897301233,0.466799183015519,0.993,"ns"
"F","2","PR","hour","3","22",0,0.142857142857143,-0.181084897301233,0.466799183015519,0.993,"ns"
"F","2","PR","hour","3","23",0,0.190476190476191,-0.133465849682185,0.514418230634567,0.867,"ns"
"F","2","PR","hour","4","5",0,-0.0714285714285716,-0.395370611586948,0.252513468729805,1,"ns"
"F","2","PR","hour","4","6",0,-0.0714285714285715,-0.395370611586948,0.252513468729805,1,"ns"
"F","2","PR","hour","4","7",0,-0.0714285714285712,-0.395370611586947,0.252513468729805,1,"ns"
"F","2","PR","hour","4","8",0,-0.0952380952380953,-0.419180135396471,0.228703944920281,1,"ns"
"F","2","PR","hour","4","9",0,-0.0238095238095237,-0.3477515639679,0.300132516348852,1,"ns"
"F","2","PR","hour","4","10",0,-0.119047619047619,-0.442989659205995,0.204894421110757,1,"ns"
"F","2","PR","hour","4","11",0,-1.11022302462516e-16,-0.323942040158376,0.323942040158376,1,"ns"
"F","2","PR","hour","4","12",0,0.0952380952380951,-0.228703944920281,0.419180135396471,1,"ns"
"F","2","PR","hour","4","13",0,-0.0238095238095238,-0.3477515639679,0.300132516348852,1,"ns"
"F","2","PR","hour","4","14",0,-0.0238095238095239,-0.3477515639679,0.300132516348852,1,"ns"
"F","2","PR","hour","4","15",0,0.0714285714285714,-0.252513468729805,0.395370611586948,1,"ns"
"F","2","PR","hour","4","16",0,0.0238095238095239,-0.300132516348852,0.3477515639679,1,"ns"
"F","2","PR","hour","4","17",0,0.190476190476191,-0.133465849682186,0.514418230634567,0.867,"ns"
"F","2","PR","hour","4","18",0,0.0952380952380952,-0.228703944920281,0.419180135396471,1,"ns"
"F","2","PR","hour","4","19",0,0.0714285714285715,-0.252513468729805,0.395370611586948,1,"ns"
"F","2","PR","hour","4","20",0,0.142857142857143,-0.181084897301233,0.466799183015519,0.993,"ns"
"F","2","PR","hour","4","21",0,0.0238095238095238,-0.300132516348852,0.3477515639679,1,"ns"
"F","2","PR","hour","4","22",0,0.0238095238095238,-0.300132516348852,0.3477515639679,1,"ns"
"F","2","PR","hour","4","23",0,0.0714285714285714,-0.252513468729805,0.395370611586947,1,"ns"
"F","2","PR","hour","5","6",0,1.38777878078145e-16,-0.323942040158376,0.323942040158376,1,"ns"
"F","2","PR","hour","5","7",0,4.30211422042248e-16,-0.323942040158376,0.323942040158377,1,"ns"
"F","2","PR","hour","5","8",0,-0.0238095238095237,-0.3477515639679,0.300132516348852,1,"ns"
"F","2","PR","hour","5","9",0,0.0476190476190479,-0.276322992539328,0.371561087777424,1,"ns"
"F","2","PR","hour","5","10",0,-0.0476190476190472,-0.371561087777423,0.276322992539329,1,"ns"
"F","2","PR","hour","5","11",0,0.0714285714285715,-0.252513468729805,0.395370611586948,1,"ns"
"F","2","PR","hour","5","12",0,0.166666666666667,-0.157275373491709,0.490608706825043,0.961,"ns"
"F","2","PR","hour","5","13",0,0.0476190476190478,-0.276322992539328,0.371561087777424,1,"ns"
"F","2","PR","hour","5","14",0,0.0476190476190477,-0.276322992539328,0.371561087777424,1,"ns"
"F","2","PR","hour","5","15",0,0.142857142857143,-0.181084897301233,0.466799183015519,0.993,"ns"
"F","2","PR","hour","5","16",0,0.0952380952380955,-0.228703944920281,0.419180135396472,1,"ns"
"F","2","PR","hour","5","17",0,0.261904761904762,-0.062037278253614,0.585846802063138,0.305,"ns"
"F","2","PR","hour","5","18",0,0.166666666666667,-0.157275373491709,0.490608706825043,0.961,"ns"
"F","2","PR","hour","5","19",0,0.142857142857143,-0.181084897301233,0.466799183015519,0.993,"ns"
"F","2","PR","hour","5","20",0,0.214285714285714,-0.109656325872662,0.53822775444409,0.7,"ns"
"F","2","PR","hour","5","21",0,0.0952380952380953,-0.228703944920281,0.419180135396471,1,"ns"
"F","2","PR","hour","5","22",0,0.0952380952380954,-0.228703944920281,0.419180135396471,1,"ns"
"F","2","PR","hour","5","23",0,0.142857142857143,-0.181084897301233,0.466799183015519,0.993,"ns"
"F","2","PR","hour","6","7",0,2.91433543964104e-16,-0.323942040158376,0.323942040158376,1,"ns"
"F","2","PR","hour","6","8",0,-0.0238095238095238,-0.3477515639679,0.300132516348852,1,"ns"
"F","2","PR","hour","6","9",0,0.0476190476190478,-0.276322992539328,0.371561087777424,1,"ns"
"F","2","PR","hour","6","10",0,-0.0476190476190474,-0.371561087777423,0.276322992539329,1,"ns"
"F","2","PR","hour","6","11",0,0.0714285714285713,-0.252513468729805,0.395370611586947,1,"ns"
"F","2","PR","hour","6","12",0,0.166666666666667,-0.157275373491709,0.490608706825043,0.961,"ns"
"F","2","PR","hour","6","13",0,0.0476190476190477,-0.276322992539328,0.371561087777424,1,"ns"
"F","2","PR","hour","6","14",0,0.0476190476190476,-0.276322992539329,0.371561087777424,1,"ns"
"F","2","PR","hour","6","15",0,0.142857142857143,-0.181084897301233,0.466799183015519,0.993,"ns"
"F","2","PR","hour","6","16",0,0.0952380952380953,-0.228703944920281,0.419180135396471,1,"ns"
"F","2","PR","hour","6","17",0,0.261904761904762,-0.0620372782536141,0.585846802063138,0.305,"ns"
"F","2","PR","hour","6","18",0,0.166666666666667,-0.157275373491709,0.490608706825043,0.961,"ns"
"F","2","PR","hour","6","19",0,0.142857142857143,-0.181084897301233,0.466799183015519,0.993,"ns"
"F","2","PR","hour","6","20",0,0.214285714285714,-0.109656325872662,0.53822775444409,0.7,"ns"
"F","2","PR","hour","6","21",0,0.0952380952380952,-0.228703944920281,0.419180135396471,1,"ns"
"F","2","PR","hour","6","22",0,0.0952380952380953,-0.228703944920281,0.419180135396471,1,"ns"
"F","2","PR","hour","6","23",0,0.142857142857143,-0.181084897301233,0.466799183015519,0.993,"ns"
"F","2","PR","hour","7","8",0,-0.0238095238095241,-0.3477515639679,0.300132516348852,1,"ns"
"F","2","PR","hour","7","9",0,0.0476190476190475,-0.276322992539329,0.371561087777424,1,"ns"
"F","2","PR","hour","7","10",0,-0.0476190476190476,-0.371561087777424,0.276322992539328,1,"ns"
"F","2","PR","hour","7","11",0,0.071428571428571,-0.252513468729805,0.395370611586947,1,"ns"
"F","2","PR","hour","7","12",0,0.166666666666666,-0.15727537349171,0.490608706825042,0.961,"ns"
"F","2","PR","hour","7","13",0,0.0476190476190474,-0.276322992539329,0.371561087777423,1,"ns"
"F","2","PR","hour","7","14",0,0.0476190476190473,-0.276322992539329,0.371561087777423,1,"ns"
"F","2","PR","hour","7","15",0,0.142857142857143,-0.181084897301234,0.466799183015519,0.993,"ns"
"F","2","PR","hour","7","16",0,0.0952380952380951,-0.228703944920281,0.419180135396471,1,"ns"
"F","2","PR","hour","7","17",0,0.261904761904762,-0.0620372782536144,0.585846802063138,0.305,"ns"
"F","2","PR","hour","7","18",0,0.166666666666666,-0.15727537349171,0.490608706825042,0.961,"ns"
"F","2","PR","hour","7","19",0,0.142857142857143,-0.181084897301233,0.466799183015519,0.993,"ns"
"F","2","PR","hour","7","20",0,0.214285714285714,-0.109656325872662,0.53822775444409,0.7,"ns"
"F","2","PR","hour","7","21",0,0.0952380952380949,-0.228703944920281,0.419180135396471,1,"ns"
"F","2","PR","hour","7","22",0,0.095238095238095,-0.228703944920281,0.419180135396471,1,"ns"
"F","2","PR","hour","7","23",0,0.142857142857143,-0.181084897301234,0.466799183015519,0.993,"ns"
"F","2","PR","hour","8","9",0,0.0714285714285716,-0.252513468729805,0.395370611586948,1,"ns"
"F","2","PR","hour","8","10",0,-0.0238095238095235,-0.3477515639679,0.300132516348853,1,"ns"
"F","2","PR","hour","8","11",0,0.0952380952380952,-0.228703944920281,0.419180135396471,1,"ns"
"F","2","PR","hour","8","12",0,0.19047619047619,-0.133465849682186,0.514418230634566,0.867,"ns"
"F","2","PR","hour","8","13",0,0.0714285714285715,-0.252513468729805,0.395370611586948,1,"ns"
"F","2","PR","hour","8","14",0,0.0714285714285714,-0.252513468729805,0.395370611586947,1,"ns"
"F","2","PR","hour","8","15",0,0.166666666666667,-0.157275373491709,0.490608706825043,0.961,"ns"
"F","2","PR","hour","8","16",0,0.119047619047619,-0.204894421110757,0.442989659205995,1,"ns"
"F","2","PR","hour","8","17",0,0.285714285714286,-0.0382277544440903,0.609656325872662,0.166,"ns"
"F","2","PR","hour","8","18",0,0.19047619047619,-0.133465849682186,0.514418230634567,0.867,"ns"
"F","2","PR","hour","8","19",0,0.166666666666667,-0.157275373491709,0.490608706825043,0.961,"ns"
"F","2","PR","hour","8","20",0,0.238095238095238,-0.0858468020631381,0.562037278253614,0.495,"ns"
"F","2","PR","hour","8","21",0,0.119047619047619,-0.204894421110757,0.442989659205995,1,"ns"
"F","2","PR","hour","8","22",0,0.119047619047619,-0.204894421110757,0.442989659205995,1,"ns"
"F","2","PR","hour","8","23",0,0.166666666666667,-0.157275373491709,0.490608706825043,0.961,"ns"
"F","2","PR","hour","9","10",0,-0.0952380952380951,-0.419180135396471,0.228703944920281,1,"ns"
"F","2","PR","hour","9","11",0,0.0238095238095236,-0.300132516348853,0.3477515639679,1,"ns"
"F","2","PR","hour","9","12",0,0.119047619047619,-0.204894421110757,0.442989659205995,1,"ns"
"F","2","PR","hour","9","13",0,-6.93889390390723e-17,-0.323942040158376,0.323942040158376,1,"ns"
"F","2","PR","hour","9","14",0,-1.94289029309402e-16,-0.323942040158376,0.323942040158376,1,"ns"
"F","2","PR","hour","9","15",0,0.0952380952380951,-0.228703944920281,0.419180135396471,1,"ns"
"F","2","PR","hour","9","16",0,0.0476190476190476,-0.276322992539328,0.371561087777424,1,"ns"
"F","2","PR","hour","9","17",0,0.214285714285714,-0.109656325872662,0.53822775444409,0.7,"ns"
"F","2","PR","hour","9","18",0,0.119047619047619,-0.204894421110757,0.442989659205995,1,"ns"
"F","2","PR","hour","9","19",0,0.0952380952380952,-0.228703944920281,0.419180135396471,1,"ns"
"F","2","PR","hour","9","20",0,0.166666666666666,-0.15727537349171,0.490608706825043,0.961,"ns"
"F","2","PR","hour","9","21",0,0.0476190476190474,-0.276322992539329,0.371561087777424,1,"ns"
"F","2","PR","hour","9","22",0,0.0476190476190475,-0.276322992539329,0.371561087777424,1,"ns"
"F","2","PR","hour","9","23",0,0.0952380952380951,-0.228703944920281,0.419180135396471,1,"ns"
"F","2","PR","hour","10","11",0,0.119047619047619,-0.204894421110757,0.442989659205995,1,"ns"
"F","2","PR","hour","10","12",0,0.214285714285714,-0.109656325872662,0.53822775444409,0.7,"ns"
"F","2","PR","hour","10","13",0,0.095238095238095,-0.228703944920281,0.419180135396471,1,"ns"
"F","2","PR","hour","10","14",0,0.0952380952380949,-0.228703944920281,0.419180135396471,1,"ns"
"F","2","PR","hour","10","15",0,0.19047619047619,-0.133465849682186,0.514418230634566,0.867,"ns"
"F","2","PR","hour","10","16",0,0.142857142857143,-0.181084897301233,0.466799183015519,0.993,"ns"
"F","2","PR","hour","10","17",0,0.309523809523809,-0.0144182306345668,0.633465849682185,0.0811,"ns"
"F","2","PR","hour","10","18",0,0.214285714285714,-0.109656325872662,0.53822775444409,0.7,"ns"
"F","2","PR","hour","10","19",0,0.19047619047619,-0.133465849682186,0.514418230634566,0.867,"ns"
"F","2","PR","hour","10","20",0,0.261904761904762,-0.0620372782536145,0.585846802063138,0.305,"ns"
"F","2","PR","hour","10","21",0,0.142857142857143,-0.181084897301234,0.466799183015519,0.993,"ns"
"F","2","PR","hour","10","22",0,0.142857142857143,-0.181084897301233,0.466799183015519,0.993,"ns"
"F","2","PR","hour","10","23",0,0.19047619047619,-0.133465849682186,0.514418230634566,0.867,"ns"
"F","2","PR","hour","11","12",0,0.0952380952380953,-0.228703944920281,0.419180135396471,1,"ns"
"F","2","PR","hour","11","13",0,-0.0238095238095237,-0.3477515639679,0.300132516348852,1,"ns"
"F","2","PR","hour","11","14",0,-0.0238095238095238,-0.3477515639679,0.300132516348852,1,"ns"
"F","2","PR","hour","11","15",0,0.0714285714285715,-0.252513468729805,0.395370611586948,1,"ns"
"F","2","PR","hour","11","16",0,0.023809523809524,-0.300132516348852,0.3477515639679,1,"ns"
"F","2","PR","hour","11","17",0,0.190476190476191,-0.133465849682185,0.514418230634567,0.867,"ns"
"F","2","PR","hour","11","18",0,0.0952380952380953,-0.228703944920281,0.419180135396471,1,"ns"
"F","2","PR","hour","11","19",0,0.0714285714285716,-0.252513468729804,0.395370611586948,1,"ns"
"F","2","PR","hour","11","20",0,0.142857142857143,-0.181084897301233,0.466799183015519,0.993,"ns"
"F","2","PR","hour","11","21",0,0.0238095238095239,-0.300132516348852,0.3477515639679,1,"ns"
"F","2","PR","hour","11","22",0,0.0238095238095239,-0.300132516348852,0.3477515639679,1,"ns"
"F","2","PR","hour","11","23",0,0.0714285714285715,-0.252513468729805,0.395370611586948,1,"ns"
"F","2","PR","hour","12","13",0,-0.119047619047619,-0.442989659205995,0.204894421110757,1,"ns"
"F","2","PR","hour","12","14",0,-0.119047619047619,-0.442989659205995,0.204894421110757,1,"ns"
"F","2","PR","hour","12","15",0,-0.0238095238095237,-0.3477515639679,0.300132516348852,1,"ns"
"F","2","PR","hour","12","16",0,-0.0714285714285713,-0.395370611586947,0.252513468729805,1,"ns"
"F","2","PR","hour","12","17",0,0.0952380952380954,-0.228703944920281,0.419180135396471,1,"ns"
"F","2","PR","hour","12","18",0,5.55111512312578e-17,-0.323942040158376,0.323942040158376,1,"ns"
"F","2","PR","hour","12","19",0,-0.0238095238095236,-0.3477515639679,0.300132516348852,1,"ns"
"F","2","PR","hour","12","20",0,0.0476190476190476,-0.276322992539328,0.371561087777424,1,"ns"
"F","2","PR","hour","12","21",0,-0.0714285714285714,-0.395370611586947,0.252513468729805,1,"ns"
"F","2","PR","hour","12","22",0,-0.0714285714285713,-0.395370611586947,0.252513468729805,1,"ns"
"F","2","PR","hour","12","23",0,-0.0238095238095238,-0.3477515639679,0.300132516348852,1,"ns"
"F","2","PR","hour","13","14",0,-1.2490009027033e-16,-0.323942040158376,0.323942040158376,1,"ns"
"F","2","PR","hour","13","15",0,0.0952380952380952,-0.228703944920281,0.419180135396471,1,"ns"
"F","2","PR","hour","13","16",0,0.0476190476190477,-0.276322992539328,0.371561087777424,1,"ns"
"F","2","PR","hour","13","17",0,0.214285714285714,-0.109656325872662,0.53822775444409,0.7,"ns"
"F","2","PR","hour","13","18",0,0.119047619047619,-0.204894421110757,0.442989659205995,1,"ns"
"F","2","PR","hour","13","19",0,0.0952380952380953,-0.228703944920281,0.419180135396471,1,"ns"
"F","2","PR","hour","13","20",0,0.166666666666667,-0.15727537349171,0.490608706825043,0.961,"ns"
"F","2","PR","hour","13","21",0,0.0476190476190475,-0.276322992539329,0.371561087777424,1,"ns"
"F","2","PR","hour","13","22",0,0.0476190476190476,-0.276322992539329,0.371561087777424,1,"ns"
"F","2","PR","hour","13","23",0,0.0952380952380952,-0.228703944920281,0.419180135396471,1,"ns"
"F","2","PR","hour","14","15",0,0.0952380952380953,-0.228703944920281,0.419180135396471,1,"ns"
"F","2","PR","hour","14","16",0,0.0476190476190478,-0.276322992539328,0.371561087777424,1,"ns"
"F","2","PR","hour","14","17",0,0.214285714285714,-0.109656325872662,0.538227754444091,0.7,"ns"
"F","2","PR","hour","14","18",0,0.119047619047619,-0.204894421110757,0.442989659205995,1,"ns"
"F","2","PR","hour","14","19",0,0.0952380952380954,-0.228703944920281,0.419180135396471,1,"ns"
"F","2","PR","hour","14","20",0,0.166666666666667,-0.157275373491709,0.490608706825043,0.961,"ns"
"F","2","PR","hour","14","21",0,0.0476190476190476,-0.276322992539328,0.371561087777424,1,"ns"
"F","2","PR","hour","14","22",0,0.0476190476190477,-0.276322992539328,0.371561087777424,1,"ns"
"F","2","PR","hour","14","23",0,0.0952380952380953,-0.228703944920281,0.419180135396471,1,"ns"
"F","2","PR","hour","15","16",0,-0.0476190476190475,-0.371561087777424,0.276322992539329,1,"ns"
"F","2","PR","hour","15","17",0,0.119047619047619,-0.204894421110757,0.442989659205995,1,"ns"
"F","2","PR","hour","15","18",0,0.0238095238095238,-0.300132516348852,0.3477515639679,1,"ns"
"F","2","PR","hour","15","19",0,8.32667268468867e-17,-0.323942040158376,0.323942040158376,1,"ns"
"F","2","PR","hour","15","20",0,0.0714285714285713,-0.252513468729805,0.395370611586947,1,"ns"
"F","2","PR","hour","15","21",0,-0.0476190476190477,-0.371561087777424,0.276322992539328,1,"ns"
"F","2","PR","hour","15","22",0,-0.0476190476190476,-0.371561087777424,0.276322992539328,1,"ns"
"F","2","PR","hour","15","23",0,-2.77555756156289e-17,-0.323942040158376,0.323942040158376,1,"ns"
"F","2","PR","hour","16","17",0,0.166666666666667,-0.157275373491709,0.490608706825043,0.961,"ns"
"F","2","PR","hour","16","18",0,0.0714285714285713,-0.252513468729805,0.395370611586947,1,"ns"
"F","2","PR","hour","16","19",0,0.0476190476190476,-0.276322992539328,0.371561087777424,1,"ns"
"F","2","PR","hour","16","20",0,0.119047619047619,-0.204894421110757,0.442989659205995,1,"ns"
"F","2","PR","hour","16","21",0,-1.38777878078145e-16,-0.323942040158376,0.323942040158376,1,"ns"
"F","2","PR","hour","16","22",0,-8.32667268468867e-17,-0.323942040158376,0.323942040158376,1,"ns"
"F","2","PR","hour","16","23",0,0.0476190476190475,-0.276322992539329,0.371561087777424,1,"ns"
"F","2","PR","hour","17","18",0,-0.0952380952380953,-0.419180135396471,0.228703944920281,1,"ns"
"F","2","PR","hour","17","19",0,-0.119047619047619,-0.442989659205995,0.204894421110757,1,"ns"
"F","2","PR","hour","17","20",0,-0.0476190476190478,-0.371561087777424,0.276322992539328,1,"ns"
"F","2","PR","hour","17","21",0,-0.166666666666667,-0.490608706825043,0.157275373491709,0.961,"ns"
"F","2","PR","hour","17","22",0,-0.166666666666667,-0.490608706825043,0.157275373491709,0.961,"ns"
"F","2","PR","hour","17","23",0,-0.119047619047619,-0.442989659205995,0.204894421110757,1,"ns"
"F","2","PR","hour","18","19",0,-0.0238095238095237,-0.3477515639679,0.300132516348852,1,"ns"
"F","2","PR","hour","18","20",0,0.0476190476190475,-0.276322992539329,0.371561087777424,1,"ns"
"F","2","PR","hour","18","21",0,-0.0714285714285715,-0.395370611586948,0.252513468729805,1,"ns"
"F","2","PR","hour","18","22",0,-0.0714285714285714,-0.395370611586947,0.252513468729805,1,"ns"
"F","2","PR","hour","18","23",0,-0.0238095238095238,-0.3477515639679,0.300132516348852,1,"ns"
"F","2","PR","hour","19","20",0,0.0714285714285712,-0.252513468729805,0.395370611586947,1,"ns"
"F","2","PR","hour","19","21",0,-0.0476190476190478,-0.371561087777424,0.276322992539328,1,"ns"
"F","2","PR","hour","19","22",0,-0.0476190476190477,-0.371561087777424,0.276322992539328,1,"ns"
"F","2","PR","hour","19","23",0,-1.11022302462516e-16,-0.323942040158376,0.323942040158376,1,"ns"
"F","2","PR","hour","20","21",0,-0.119047619047619,-0.442989659205995,0.204894421110757,1,"ns"
"F","2","PR","hour","20","22",0,-0.119047619047619,-0.442989659205995,0.204894421110757,1,"ns"
"F","2","PR","hour","20","23",0,-0.0714285714285713,-0.395370611586947,0.252513468729805,1,"ns"
"F","2","PR","hour","21","22",0,5.55111512312578e-17,-0.323942040158376,0.323942040158376,1,"ns"
"F","2","PR","hour","21","23",0,0.0476190476190476,-0.276322992539328,0.371561087777424,1,"ns"
"F","2","PR","hour","22","23",0,0.0476190476190476,-0.276322992539328,0.371561087777424,1,"ns"
"M","1","NR","hour","0","1",0,-0.0952380952380944,-0.555358754299891,0.364882563823702,1,"ns"
"M","1","NR","hour","0","2",0,-0.0952380952380932,-0.55535875429989,0.364882563823703,1,"ns"
"M","1","NR","hour","0","3",0,0.166666666666668,-0.293453992395128,0.626787325728465,1,"ns"
"M","1","NR","hour","0","4",0,0.0714285714285729,-0.388692087633224,0.531549230490369,1,"ns"
"M","1","NR","hour","0","5",0,0.095238095238097,-0.3648825638237,0.555358754299894,1,"ns"
"M","1","NR","hour","0","6",0,1.36002320516582e-15,-0.460120659061795,0.460120659061798,1,"ns"
"M","1","NR","hour","0","7",0,-0.166666666666664,-0.626787325728461,0.293453992395132,1,"ns"
"M","1","NR","hour","0","8",0,0.0476190476190489,-0.412501611442748,0.507739706680845,1,"ns"
"M","1","NR","hour","0","9",0,-0.0714285714285697,-0.531549230490366,0.388692087633227,1,"ns"
"M","1","NR","hour","0","10",0,0.166666666666668,-0.293453992395128,0.626787325728465,1,"ns"
"M","1","NR","hour","0","11",0,0.333333333333335,-0.126787325728462,0.793453992395131,0.524,"ns"
"M","1","NR","hour","0","12",0,0.214285714285716,-0.245834944776081,0.674406373347512,0.987,"ns"
"M","1","NR","hour","0","13",0,0.0476190476190494,-0.412501611442747,0.507739706680846,1,"ns"
"M","1","NR","hour","0","14",0,0.238095238095239,-0.222025420966557,0.698215897157036,0.959,"ns"
"M","1","NR","hour","0","15",0,0.42857142857143,-0.0315492304903667,0.888692087633226,0.104,"ns"
"M","1","NR","hour","0","16",0,0.404761904761906,-0.0553587542998906,0.864882563823703,0.17,"ns"
"M","1","NR","hour","0","17",0,0.452380952380954,-0.00773970668084223,0.912501611442751,0.0603,"ns"
"M","1","NR","hour","0","18",0,0.190476190476192,-0.269644468585605,0.650596849537988,0.997,"ns"
"M","1","NR","hour","0","19",0,0.0476190476190491,-0.412501611442747,0.507739706680846,1,"ns"
"M","1","NR","hour","0","20",0,0.119047619047621,-0.341073040014176,0.579168278109417,1,"ns"
"M","1","NR","hour","0","21",0,0.214285714285716,-0.245834944776081,0.674406373347512,0.987,"ns"
"M","1","NR","hour","0","22",0,0.0714285714285728,-0.388692087633224,0.531549230490369,1,"ns"
"M","1","NR","hour","0","23",0,0.261904761904763,-0.198215897157033,0.72202542096656,0.898,"ns"
"M","1","NR","hour","1","2",0,1.22124532708767e-15,-0.460120659061795,0.460120659061798,1,"ns"
"M","1","NR","hour","1","3",0,0.261904761904763,-0.198215897157034,0.722025420966559,0.898,"ns"
"M","1","NR","hour","1","4",0,0.166666666666667,-0.293453992395129,0.626787325728464,1,"ns"
"M","1","NR","hour","1","5",0,0.190476190476191,-0.269644468585605,0.650596849537988,0.997,"ns"
"M","1","NR","hour","1","6",0,0.0952380952380958,-0.364882563823701,0.555358754299892,1,"ns"
"M","1","NR","hour","1","7",0,-0.07142857142857,-0.531549230490367,0.388692087633227,1,"ns"
"M","1","NR","hour","1","8",0,0.142857142857143,-0.317263516204653,0.60297780191894,1,"ns"
"M","1","NR","hour","1","9",0,0.0238095238095248,-0.436311135252272,0.483930182871321,1,"ns"
"M","1","NR","hour","1","10",0,0.261904761904763,-0.198215897157034,0.722025420966559,0.898,"ns"
"M","1","NR","hour","1","11",0,0.428571428571429,-0.0315492304903672,0.888692087633226,0.104,"ns"
"M","1","NR","hour","1","12",0,0.30952380952381,-0.150596849537986,0.769644468585607,0.67,"ns"
"M","1","NR","hour","1","13",0,0.142857142857144,-0.317263516204653,0.60297780191894,1,"ns"
"M","1","NR","hour","1","14",0,0.333333333333334,-0.126787325728463,0.79345399239513,0.524,"ns"
"M","1","NR","hour","1","15",0,0.523809523809524,0.0636888647477277,0.983930182871321,0.00913,"**"
"M","1","NR","hour","1","16",0,0.5,0.0398793409382039,0.960120659061797,0.0178,"*"
"M","1","NR","hour","1","17",0,0.547619047619049,0.0874983885572522,1.00773970668085,0.00453,"**"
"M","1","NR","hour","1","18",0,0.285714285714286,-0.17440637334751,0.745834944776083,0.8,"ns"
"M","1","NR","hour","1","19",0,0.142857142857144,-0.317263516204653,0.60297780191894,1,"ns"
"M","1","NR","hour","1","20",0,0.214285714285715,-0.245834944776082,0.674406373347512,0.987,"ns"
"M","1","NR","hour","1","21",0,0.30952380952381,-0.150596849537987,0.769644468585607,0.67,"ns"
"M","1","NR","hour","1","22",0,0.166666666666667,-0.293453992395129,0.626787325728464,1,"ns"
"M","1","NR","hour","1","23",0,0.357142857142858,-0.102977801918939,0.817263516204654,0.384,"ns"
"M","1","NR","hour","2","3",0,0.261904761904761,-0.198215897157035,0.722025420966558,0.898,"ns"
"M","1","NR","hour","2","4",0,0.166666666666666,-0.29345399239513,0.626787325728463,1,"ns"
"M","1","NR","hour","2","5",0,0.19047619047619,-0.269644468585606,0.650596849537987,0.997,"ns"
"M","1","NR","hour","2","6",0,0.0952380952380946,-0.364882563823702,0.555358754299891,1,"ns"
"M","1","NR","hour","2","7",0,-0.0714285714285712,-0.531549230490368,0.388692087633225,1,"ns"
"M","1","NR","hour","2","8",0,0.142857142857142,-0.317263516204654,0.602977801918939,1,"ns"
"M","1","NR","hour","2","9",0,0.0238095238095235,-0.436311135252273,0.48393018287132,1,"ns"
"M","1","NR","hour","2","10",0,0.261904761904761,-0.198215897157035,0.722025420966558,0.898,"ns"
"M","1","NR","hour","2","11",0,0.428571428571428,-0.0315492304903684,0.888692087633225,0.104,"ns"
"M","1","NR","hour","2","12",0,0.309523809523809,-0.150596849537988,0.769644468585605,0.67,"ns"
"M","1","NR","hour","2","13",0,0.142857142857143,-0.317263516204654,0.602977801918939,1,"ns"
"M","1","NR","hour","2","14",0,0.333333333333333,-0.126787325728464,0.793453992395129,0.524,"ns"
"M","1","NR","hour","2","15",0,0.523809523809523,0.0636888647477265,0.98393018287132,0.00913,"**"
"M","1","NR","hour","2","16",0,0.499999999999999,0.0398793409382027,0.960120659061796,0.0178,"*"
"M","1","NR","hour","2","17",0,0.547619047619048,0.087498388557251,1.00773970668084,0.00453,"**"
"M","1","NR","hour","2","18",0,0.285714285714285,-0.174406373347511,0.745834944776082,0.8,"ns"
"M","1","NR","hour","2","19",0,0.142857142857142,-0.317263516204654,0.602977801918939,1,"ns"
"M","1","NR","hour","2","20",0,0.214285714285714,-0.245834944776083,0.67440637334751,0.987,"ns"
"M","1","NR","hour","2","21",0,0.309523809523809,-0.150596849537988,0.769644468585605,0.67,"ns"
"M","1","NR","hour","2","22",0,0.166666666666666,-0.293453992395131,0.626787325728463,1,"ns"
"M","1","NR","hour","2","23",0,0.357142857142856,-0.10297780191894,0.817263516204653,0.384,"ns"
"M","1","NR","hour","3","4",0,-0.0952380952380953,-0.555358754299892,0.364882563823701,1,"ns"
"M","1","NR","hour","3","5",0,-0.0714285714285712,-0.531549230490368,0.388692087633225,1,"ns"
"M","1","NR","hour","3","6",0,-0.166666666666667,-0.626787325728463,0.29345399239513,1,"ns"
"M","1","NR","hour","3","7",0,-0.333333333333333,-0.793453992395129,0.126787325728464,0.524,"ns"
"M","1","NR","hour","3","8",0,-0.119047619047619,-0.579168278109416,0.341073040014177,1,"ns"
"M","1","NR","hour","3","9",0,-0.238095238095238,-0.698215897157034,0.222025420966559,0.959,"ns"
"M","1","NR","hour","3","10",0,-5.55111512312578e-17,-0.460120659061797,0.460120659061796,1,"ns"
"M","1","NR","hour","3","11",0,0.166666666666667,-0.29345399239513,0.626787325728463,1,"ns"
"M","1","NR","hour","3","12",0,0.0476190476190475,-0.412501611442749,0.507739706680844,1,"ns"
"M","1","NR","hour","3","13",0,-0.119047619047619,-0.579168278109415,0.341073040014178,1,"ns"
"M","1","NR","hour","3","14",0,0.0714285714285712,-0.388692087633225,0.531549230490368,1,"ns"
"M","1","NR","hour","3","15",0,0.261904761904762,-0.198215897157035,0.722025420966558,0.898,"ns"
"M","1","NR","hour","3","16",0,0.238095238095238,-0.222025420966559,0.698215897157034,0.959,"ns"
"M","1","NR","hour","3","17",0,0.285714285714286,-0.17440637334751,0.745834944776083,0.8,"ns"
"M","1","NR","hour","3","18",0,0.0238095238095238,-0.436311135252273,0.48393018287132,1,"ns"
"M","1","NR","hour","3","19",0,-0.119047619047619,-0.579168278109416,0.341073040014178,1,"ns"
"M","1","NR","hour","3","20",0,-0.0476190476190476,-0.507739706680844,0.412501611442749,1,"ns"
"M","1","NR","hour","3","21",0,0.0476190476190474,-0.412501611442749,0.507739706680844,1,"ns"
"M","1","NR","hour","3","22",0,-0.0952380952380954,-0.555358754299892,0.364882563823701,1,"ns"
"M","1","NR","hour","3","23",0,0.095238095238095,-0.364882563823702,0.555358754299892,1,"ns"
"M","1","NR","hour","4","5",0,0.0238095238095241,-0.436311135252272,0.483930182871321,1,"ns"
"M","1","NR","hour","4","6",0,-0.0714285714285715,-0.531549230490368,0.388692087633225,1,"ns"
"M","1","NR","hour","4","7",0,-0.238095238095237,-0.698215897157034,0.222025420966559,0.959,"ns"
"M","1","NR","hour","4","8",0,-0.0238095238095239,-0.483930182871321,0.436311135252273,1,"ns"
"M","1","NR","hour","4","9",0,-0.142857142857143,-0.602977801918939,0.317263516204654,1,"ns"
"M","1","NR","hour","4","10",0,0.0952380952380952,-0.364882563823701,0.555358754299892,1,"ns"
"M","1","NR","hour","4","11",0,0.261904761904762,-0.198215897157034,0.722025420966559,0.898,"ns"
"M","1","NR","hour","4","12",0,0.142857142857143,-0.317263516204654,0.602977801918939,1,"ns"
"M","1","NR","hour","4","13",0,-0.0238095238095235,-0.48393018287132,0.436311135252273,1,"ns"
"M","1","NR","hour","4","14",0,0.166666666666667,-0.29345399239513,0.626787325728463,1,"ns"
"M","1","NR","hour","4","15",0,0.357142857142857,-0.10297780191894,0.817263516204654,0.384,"ns"
"M","1","NR","hour","4","16",0,0.333333333333333,-0.126787325728463,0.79345399239513,0.524,"ns"
"M","1","NR","hour","4","17",0,0.380952380952381,-0.0791682781094151,0.841073040014178,0.263,"ns"
"M","1","NR","hour","4","18",0,0.119047619047619,-0.341073040014177,0.579168278109416,1,"ns"
"M","1","NR","hour","4","19",0,-0.0238095238095237,-0.48393018287132,0.436311135252273,1,"ns"
"M","1","NR","hour","4","20",0,0.0476190476190477,-0.412501611442749,0.507739706680844,1,"ns"
"M","1","NR","hour","4","21",0,0.142857142857143,-0.317263516204654,0.602977801918939,1,"ns"
"M","1","NR","hour","4","22",0,-1.11022302462516e-16,-0.460120659061797,0.460120659061796,1,"ns"
"M","1","NR","hour","4","23",0,0.19047619047619,-0.269644468585606,0.650596849537987,0.997,"ns"
"M","1","NR","hour","5","6",0,-0.0952380952380956,-0.555358754299892,0.364882563823701,1,"ns"
"M","1","NR","hour","5","7",0,-0.261904761904761,-0.722025420966558,0.198215897157035,0.898,"ns"
"M","1","NR","hour","5","8",0,-0.0476190476190481,-0.507739706680845,0.412501611442748,1,"ns"
"M","1","NR","hour","5","9",0,-0.166666666666667,-0.626787325728463,0.29345399239513,1,"ns"
"M","1","NR","hour","5","10",0,0.0714285714285711,-0.388692087633225,0.531549230490368,1,"ns"
"M","1","NR","hour","5","11",0,0.238095238095238,-0.222025420966559,0.698215897157034,0.959,"ns"
"M","1","NR","hour","5","12",0,0.119047619047619,-0.341073040014178,0.579168278109415,1,"ns"
"M","1","NR","hour","5","13",0,-0.0476190476190476,-0.507739706680844,0.412501611442749,1,"ns"
"M","1","NR","hour","5","14",0,0.142857142857142,-0.317263516204654,0.602977801918939,1,"ns"
"M","1","NR","hour","5","15",0,0.333333333333333,-0.126787325728464,0.793453992395129,0.524,"ns"
"M","1","NR","hour","5","16",0,0.309523809523809,-0.150596849537988,0.769644468585606,0.67,"ns"
"M","1","NR","hour","5","17",0,0.357142857142857,-0.102977801918939,0.817263516204654,0.384,"ns"
"M","1","NR","hour","5","18",0,0.095238095238095,-0.364882563823702,0.555358754299891,1,"ns"
"M","1","NR","hour","5","19",0,-0.0476190476190478,-0.507739706680844,0.412501611442749,1,"ns"
"M","1","NR","hour","5","20",0,0.0238095238095236,-0.436311135252273,0.48393018287132,1,"ns"
"M","1","NR","hour","5","21",0,0.119047619047619,-0.341073040014178,0.579168278109415,1,"ns"
"M","1","NR","hour","5","22",0,-0.0238095238095242,-0.483930182871321,0.436311135252272,1,"ns"
"M","1","NR","hour","5","23",0,0.166666666666666,-0.29345399239513,0.626787325728463,1,"ns"
"M","1","NR","hour","6","7",0,-0.166666666666666,-0.626787325728462,0.293453992395131,1,"ns"
"M","1","NR","hour","6","8",0,0.0476190476190476,-0.412501611442749,0.507739706680844,1,"ns"
"M","1","NR","hour","6","9",0,-0.071428571428571,-0.531549230490368,0.388692087633225,1,"ns"
"M","1","NR","hour","6","10",0,0.166666666666667,-0.29345399239513,0.626787325728463,1,"ns"
"M","1","NR","hour","6","11",0,0.333333333333334,-0.126787325728463,0.79345399239513,0.524,"ns"
"M","1","NR","hour","6","12",0,0.214285714285714,-0.245834944776082,0.674406373347511,0.987,"ns"
"M","1","NR","hour","6","13",0,0.047619047619048,-0.412501611442749,0.507739706680845,1,"ns"
"M","1","NR","hour","6","14",0,0.238095238095238,-0.222025420966559,0.698215897157035,0.959,"ns"
"M","1","NR","hour","6","15",0,0.428571428571428,-0.0315492304903681,0.888692087633225,0.104,"ns"
"M","1","NR","hour","6","16",0,0.404761904761905,-0.0553587542998919,0.864882563823701,0.17,"ns"
"M","1","NR","hour","6","17",0,0.452380952380953,-0.00773970668084356,0.91250161144275,0.0603,"ns"
"M","1","NR","hour","6","18",0,0.190476190476191,-0.269644468585606,0.650596849537987,0.997,"ns"
"M","1","NR","hour","6","19",0,0.0476190476190478,-0.412501611442749,0.507739706680844,1,"ns"
"M","1","NR","hour","6","20",0,0.119047619047619,-0.341073040014177,0.579168278109416,1,"ns"
"M","1","NR","hour","6","21",0,0.214285714285714,-0.245834944776082,0.674406373347511,0.987,"ns"
"M","1","NR","hour","6","22",0,0.0714285714285714,-0.388692087633225,0.531549230490368,1,"ns"
"M","1","NR","hour","6","23",0,0.261904761904762,-0.198215897157035,0.722025420966558,0.898,"ns"
"M","1","NR","hour","7","8",0,0.214285714285713,-0.245834944776083,0.67440637334751,0.987,"ns"
"M","1","NR","hour","7","9",0,0.0952380952380947,-0.364882563823702,0.555358754299891,1,"ns"
"M","1","NR","hour","7","10",0,0.333333333333332,-0.126787325728464,0.793453992395129,0.524,"ns"
"M","1","NR","hour","7","11",0,0.499999999999999,0.0398793409382028,0.960120659061796,0.0178,"*"
"M","1","NR","hour","7","12",0,0.38095238095238,-0.0791682781094165,0.841073040014177,0.263,"ns"
"M","1","NR","hour","7","13",0,0.214285714285714,-0.245834944776083,0.67440637334751,0.987,"ns"
"M","1","NR","hour","7","14",0,0.404761904761904,-0.0553587542998928,0.8648825638237,0.17,"ns"
"M","1","NR","hour","7","15",0,0.595238095238094,0.135117436176298,1.05535875429989,0.00101,"**"
"M","1","NR","hour","7","16",0,0.57142857142857,0.111307912366774,1.03154923049037,0.00217,"**"
"M","1","NR","hour","7","17",0,0.619047619047619,0.158926959985822,1.07916827810942,0.000461,"***"
"M","1","NR","hour","7","18",0,0.357142857142856,-0.10297780191894,0.817263516204653,0.384,"ns"
"M","1","NR","hour","7","19",0,0.214285714285714,-0.245834944776083,0.67440637334751,0.987,"ns"
"M","1","NR","hour","7","20",0,0.285714285714285,-0.174406373347512,0.745834944776081,0.8,"ns"
"M","1","NR","hour","7","21",0,0.38095238095238,-0.0791682781094166,0.841073040014176,0.263,"ns"
"M","1","NR","hour","7","22",0,0.238095238095237,-0.222025420966559,0.698215897157034,0.959,"ns"
"M","1","NR","hour","7","23",0,0.428571428571428,-0.031549230490369,0.888692087633224,0.104,"ns"
"M","1","NR","hour","8","9",0,-0.119047619047619,-0.579168278109415,0.341073040014178,1,"ns"
"M","1","NR","hour","8","10",0,0.119047619047619,-0.341073040014177,0.579168278109416,1,"ns"
"M","1","NR","hour","8","11",0,0.285714285714286,-0.174406373347511,0.745834944776083,0.8,"ns"
"M","1","NR","hour","8","12",0,0.166666666666667,-0.29345399239513,0.626787325728463,1,"ns"
"M","1","NR","hour","8","13",0,4.44089209850063e-16,-0.460120659061796,0.460120659061797,1,"ns"
"M","1","NR","hour","8","14",0,0.19047619047619,-0.269644468585606,0.650596849537987,0.997,"ns"
"M","1","NR","hour","8","15",0,0.380952380952381,-0.0791682781094156,0.841073040014177,0.263,"ns"
"M","1","NR","hour","8","16",0,0.357142857142857,-0.102977801918939,0.817263516204654,0.384,"ns"
"M","1","NR","hour","8","17",0,0.404761904761905,-0.0553587542998911,0.864882563823702,0.17,"ns"
"M","1","NR","hour","8","18",0,0.142857142857143,-0.317263516204654,0.60297780191894,1,"ns"
"M","1","NR","hour","8","19",0,2.22044604925031e-16,-0.460120659061796,0.460120659061797,1,"ns"
"M","1","NR","hour","8","20",0,0.0714285714285716,-0.388692087633225,0.531549230490368,1,"ns"
"M","1","NR","hour","8","21",0,0.166666666666667,-0.29345399239513,0.626787325728463,1,"ns"
"M","1","NR","hour","8","22",0,0.0238095238095238,-0.436311135252273,0.48393018287132,1,"ns"
"M","1","NR","hour","8","23",0,0.214285714285714,-0.245834944776082,0.674406373347511,0.987,"ns"
"M","1","NR","hour","9","10",0,0.238095238095238,-0.222025420966559,0.698215897157034,0.959,"ns"
"M","1","NR","hour","9","11",0,0.404761904761905,-0.0553587542998919,0.864882563823701,0.17,"ns"
"M","1","NR","hour","9","12",0,0.285714285714285,-0.174406373347511,0.745834944776082,0.8,"ns"
"M","1","NR","hour","9","13",0,0.119047619047619,-0.341073040014177,0.579168278109416,1,"ns"
"M","1","NR","hour","9","14",0,0.309523809523809,-0.150596849537987,0.769644468585606,0.67,"ns"
"M","1","NR","hour","9","15",0,0.5,0.039879340938203,0.960120659061796,0.0178,"*"
"M","1","NR","hour","9","16",0,0.476190476190476,0.0160698171286792,0.936311135252272,0.0334,"*"
"M","1","NR","hour","9","17",0,0.523809523809524,0.0636888647477275,0.983930182871321,0.00913,"**"
"M","1","NR","hour","9","18",0,0.261904761904762,-0.198215897157035,0.722025420966558,0.898,"ns"
"M","1","NR","hour","9","19",0,0.119047619047619,-0.341073040014178,0.579168278109415,1,"ns"
"M","1","NR","hour","9","20",0,0.19047619047619,-0.269644468585606,0.650596849537987,0.997,"ns"
"M","1","NR","hour","9","21",0,0.285714285714285,-0.174406373347511,0.745834944776082,0.8,"ns"
"M","1","NR","hour","9","22",0,0.142857142857142,-0.317263516204654,0.602977801918939,1,"ns"
"M","1","NR","hour","9","23",0,0.333333333333333,-0.126787325728464,0.793453992395129,0.524,"ns"
"M","1","NR","hour","10","11",0,0.166666666666667,-0.29345399239513,0.626787325728463,1,"ns"
"M","1","NR","hour","10","12",0,0.0476190476190476,-0.412501611442749,0.507739706680844,1,"ns"
"M","1","NR","hour","10","13",0,-0.119047619047619,-0.579168278109415,0.341073040014178,1,"ns"
"M","1","NR","hour","10","14",0,0.0714285714285713,-0.388692087633225,0.531549230490368,1,"ns"
"M","1","NR","hour","10","15",0,0.261904761904762,-0.198215897157035,0.722025420966558,0.898,"ns"
"M","1","NR","hour","10","16",0,0.238095238095238,-0.222025420966559,0.698215897157034,0.959,"ns"
"M","1","NR","hour","10","17",0,0.285714285714286,-0.17440637334751,0.745834944776083,0.8,"ns"
"M","1","NR","hour","10","18",0,0.0238095238095238,-0.436311135252273,0.48393018287132,1,"ns"
"M","1","NR","hour","10","19",0,-0.119047619047619,-0.579168278109416,0.341073040014178,1,"ns"
"M","1","NR","hour","10","20",0,-0.0476190476190476,-0.507739706680844,0.412501611442749,1,"ns"
"M","1","NR","hour","10","21",0,0.0476190476190474,-0.412501611442749,0.507739706680844,1,"ns"
"M","1","NR","hour","10","22",0,-0.0952380952380953,-0.555358754299892,0.364882563823701,1,"ns"
"M","1","NR","hour","10","23",0,0.0952380952380951,-0.364882563823701,0.555358754299892,1,"ns"
"M","1","NR","hour","11","12",0,-0.119047619047619,-0.579168278109416,0.341073040014177,1,"ns"
"M","1","NR","hour","11","13",0,-0.285714285714286,-0.745834944776082,0.174406373347511,0.8,"ns"
"M","1","NR","hour","11","14",0,-0.0952380952380956,-0.555358754299892,0.364882563823701,1,"ns"
"M","1","NR","hour","11","15",0,0.0952380952380949,-0.364882563823702,0.555358754299891,1,"ns"
"M","1","NR","hour","11","16",0,0.0714285714285711,-0.388692087633225,0.531549230490368,1,"ns"
"M","1","NR","hour","11","17",0,0.119047619047619,-0.341073040014177,0.579168278109416,1,"ns"
"M","1","NR","hour","11","18",0,-0.142857142857143,-0.60297780191894,0.317263516204654,1,"ns"
"M","1","NR","hour","11","19",0,-0.285714285714286,-0.745834944776082,0.174406373347511,0.8,"ns"
"M","1","NR","hour","11","20",0,-0.214285714285714,-0.674406373347511,0.245834944776082,0.987,"ns"
"M","1","NR","hour","11","21",0,-0.119047619047619,-0.579168278109416,0.341073040014177,1,"ns"
"M","1","NR","hour","11","22",0,-0.261904761904762,-0.722025420966559,0.198215897157034,0.898,"ns"
"M","1","NR","hour","11","23",0,-0.0714285714285718,-0.531549230490368,0.388692087633225,1,"ns"
"M","1","NR","hour","12","13",0,-0.166666666666666,-0.626787325728463,0.29345399239513,1,"ns"
"M","1","NR","hour","12","14",0,0.0238095238095237,-0.436311135252273,0.48393018287132,1,"ns"
"M","1","NR","hour","12","15",0,0.214285714285714,-0.245834944776082,0.674406373347511,0.987,"ns"
"M","1","NR","hour","12","16",0,0.19047619047619,-0.269644468585606,0.650596849537987,0.997,"ns"
"M","1","NR","hour","12","17",0,0.238095238095239,-0.222025420966558,0.698215897157035,0.959,"ns"
"M","1","NR","hour","12","18",0,-0.0238095238095237,-0.48393018287132,0.436311135252273,1,"ns"
"M","1","NR","hour","12","19",0,-0.166666666666667,-0.626787325728463,0.29345399239513,1,"ns"
"M","1","NR","hour","12","20",0,-0.0952380952380951,-0.555358754299892,0.364882563823701,1,"ns"
"M","1","NR","hour","12","21",0,-1.11022302462516e-16,-0.460120659061797,0.460120659061796,1,"ns"
"M","1","NR","hour","12","22",0,-0.142857142857143,-0.602977801918939,0.317263516204654,1,"ns"
"M","1","NR","hour","12","23",0,0.0476190476190475,-0.412501611442749,0.507739706680844,1,"ns"
"M","1","NR","hour","13","14",0,0.19047619047619,-0.269644468585607,0.650596849537987,0.997,"ns"
"M","1","NR","hour","13","15",0,0.38095238095238,-0.0791682781094161,0.841073040014177,0.263,"ns"
"M","1","NR","hour","13","16",0,0.357142857142857,-0.10297780191894,0.817263516204653,0.384,"ns"
"M","1","NR","hour","13","17",0,0.404761904761905,-0.0553587542998916,0.864882563823702,0.17,"ns"
"M","1","NR","hour","13","18",0,0.142857142857143,-0.317263516204654,0.602977801918939,1,"ns"
"M","1","NR","hour","13","19",0,-2.22044604925031e-16,-0.460120659061797,0.460120659061796,1,"ns"
"M","1","NR","hour","13","20",0,0.0714285714285712,-0.388692087633225,0.531549230490368,1,"ns"
"M","1","NR","hour","13","21",0,0.166666666666666,-0.29345399239513,0.626787325728463,1,"ns"
"M","1","NR","hour","13","22",0,0.0238095238095234,-0.436311135252273,0.48393018287132,1,"ns"
"M","1","NR","hour","13","23",0,0.214285714285714,-0.245834944776083,0.67440637334751,0.987,"ns"
"M","1","NR","hour","14","15",0,0.19047619047619,-0.269644468585606,0.650596849537987,0.997,"ns"
"M","1","NR","hour","14","16",0,0.166666666666667,-0.29345399239513,0.626787325728463,1,"ns"
"M","1","NR","hour","14","17",0,0.214285714285715,-0.245834944776082,0.674406373347512,0.987,"ns"
"M","1","NR","hour","14","18",0,-0.0476190476190474,-0.507739706680844,0.412501611442749,1,"ns"
"M","1","NR","hour","14","19",0,-0.19047619047619,-0.650596849537987,0.269644468585606,0.997,"ns"
"M","1","NR","hour","14","20",0,-0.119047619047619,-0.579168278109415,0.341073040014178,1,"ns"
"M","1","NR","hour","14","21",0,-0.0238095238095238,-0.48393018287132,0.436311135252273,1,"ns"
"M","1","NR","hour","14","22",0,-0.166666666666667,-0.626787325728463,0.29345399239513,1,"ns"
"M","1","NR","hour","14","23",0,0.0238095238095238,-0.436311135252273,0.48393018287132,1,"ns"
"M","1","NR","hour","15","16",0,-0.0238095238095238,-0.48393018287132,0.436311135252273,1,"ns"
"M","1","NR","hour","15","17",0,0.0238095238095245,-0.436311135252272,0.483930182871321,1,"ns"
"M","1","NR","hour","15","18",0,-0.238095238095238,-0.698215897157034,0.222025420966559,0.959,"ns"
"M","1","NR","hour","15","19",0,-0.380952380952381,-0.841073040014177,0.0791682781094158,0.263,"ns"
"M","1","NR","hour","15","20",0,-0.309523809523809,-0.769644468585606,0.150596849537987,0.67,"ns"
"M","1","NR","hour","15","21",0,-0.214285714285714,-0.674406373347511,0.245834944776082,0.987,"ns"
"M","1","NR","hour","15","22",0,-0.357142857142857,-0.817263516204654,0.102977801918939,0.384,"ns"
"M","1","NR","hour","15","23",0,-0.166666666666667,-0.626787325728463,0.29345399239513,1,"ns"
"M","1","NR","hour","16","17",0,0.0476190476190483,-0.412501611442748,0.507739706680845,1,"ns"
"M","1","NR","hour","16","18",0,-0.214285714285714,-0.674406373347511,0.245834944776082,0.987,"ns"
"M","1","NR","hour","16","19",0,-0.357142857142857,-0.817263516204653,0.10297780191894,0.384,"ns"
"M","1","NR","hour","16","20",0,-0.285714285714285,-0.745834944776082,0.174406373347511,0.8,"ns"
"M","1","NR","hour","16","21",0,-0.19047619047619,-0.650596849537987,0.269644468585606,0.997,"ns"
"M","1","NR","hour","16","22",0,-0.333333333333333,-0.79345399239513,0.126787325728463,0.524,"ns"
"M","1","NR","hour","16","23",0,-0.142857142857143,-0.602977801918939,0.317263516204654,1,"ns"
"M","1","NR","hour","17","18",0,-0.261904761904762,-0.722025420966559,0.198215897157034,0.898,"ns"
"M","1","NR","hour","17","19",0,-0.404761904761905,-0.864882563823702,0.0553587542998913,0.17,"ns"
"M","1","NR","hour","17","20",0,-0.333333333333334,-0.79345399239513,0.126787325728463,0.524,"ns"
"M","1","NR","hour","17","21",0,-0.238095238095239,-0.698215897157035,0.222025420966558,0.959,"ns"
"M","1","NR","hour","17","22",0,-0.380952380952382,-0.841073040014178,0.079168278109415,0.263,"ns"
"M","1","NR","hour","17","23",0,-0.190476190476191,-0.650596849537988,0.269644468585605,0.997,"ns"
"M","1","NR","hour","18","19",0,-0.142857142857143,-0.602977801918939,0.317263516204654,1,"ns"
"M","1","NR","hour","18","20",0,-0.0714285714285714,-0.531549230490368,0.388692087633225,1,"ns"
"M","1","NR","hour","18","21",0,0.0238095238095236,-0.436311135252273,0.48393018287132,1,"ns"
"M","1","NR","hour","18","22",0,-0.119047619047619,-0.579168278109416,0.341073040014177,1,"ns"
"M","1","NR","hour","18","23",0,0.0714285714285712,-0.388692087633225,0.531549230490368,1,"ns"
"M","1","NR","hour","19","20",0,0.0714285714285714,-0.388692087633225,0.531549230490368,1,"ns"
"M","1","NR","hour","19","21",0,0.166666666666666,-0.29345399239513,0.626787325728463,1,"ns"
"M","1","NR","hour","19","22",0,0.0238095238095236,-0.436311135252273,0.48393018287132,1,"ns"
"M","1","NR","hour","19","23",0,0.214285714285714,-0.245834944776083,0.674406373347511,0.987,"ns"
"M","1","NR","hour","20","21",0,0.095238095238095,-0.364882563823702,0.555358754299892,1,"ns"
"M","1","NR","hour","20","22",0,-0.0476190476190478,-0.507739706680844,0.412501611442749,1,"ns"
"M","1","NR","hour","20","23",0,0.142857142857143,-0.317263516204654,0.602977801918939,1,"ns"
"M","1","NR","hour","21","22",0,-0.142857142857143,-0.602977801918939,0.317263516204654,1,"ns"
"M","1","NR","hour","21","23",0,0.0476190476190476,-0.412501611442749,0.507739706680844,1,"ns"
"M","1","NR","hour","22","23",0,0.19047619047619,-0.269644468585606,0.650596849537987,0.997,"ns"
"M","1","PR","hour","0","1",0,0.0952380952380964,-0.397468941281776,0.587945131757969,1,"ns"
"M","1","PR","hour","0","2",0,-0.0714285714285708,-0.564135607948443,0.421278465091302,1,"ns"
"M","1","PR","hour","0","3",0,-0.166666666666666,-0.659373703186539,0.326040369853207,1,"ns"
"M","1","PR","hour","0","4",0,-0.0714285714285712,-0.564135607948444,0.421278465091301,1,"ns"
"M","1","PR","hour","0","5",0,0.190476190476191,-0.302230846043682,0.683183226996064,0.999,"ns"
"M","1","PR","hour","0","6",0,-0.0476190476190465,-0.540326084138919,0.445087988900826,1,"ns"
"M","1","PR","hour","0","7",0,7.49400541621981e-16,-0.492707036519872,0.492707036519873,1,"ns"
"M","1","PR","hour","0","8",0,0.0238095238095239,-0.468897512710349,0.516516560329397,1,"ns"
"M","1","PR","hour","0","9",0,0.0714285714285722,-0.4212784650913,0.564135607948445,1,"ns"
"M","1","PR","hour","0","10",0,0.11904761904762,-0.373659417472253,0.611754655567492,1,"ns"
"M","1","PR","hour","0","11",0,0.285714285714286,-0.206992750805586,0.778421322234159,0.881,"ns"
"M","1","PR","hour","0","12",0,0.404761904761905,-0.0879451317579675,0.897468941281778,0.277,"ns"
"M","1","PR","hour","0","13",0,0.0238095238095244,-0.468897512710348,0.516516560329397,1,"ns"
"M","1","PR","hour","0","14",0,0.142857142857143,-0.349849893662729,0.635564179377016,1,"ns"
"M","1","PR","hour","0","15",0,0.214285714285715,-0.278421322234158,0.706992750805588,0.995,"ns"
"M","1","PR","hour","0","16",0,0.285714285714286,-0.206992750805586,0.778421322234159,0.881,"ns"
"M","1","PR","hour","0","17",0,0.357142857142858,-0.135564179377015,0.849849893662731,0.523,"ns"
"M","1","PR","hour","0","18",0,0.214285714285715,-0.278421322234158,0.706992750805587,0.995,"ns"
"M","1","PR","hour","0","19",0,0.190476190476191,-0.302230846043682,0.683183226996063,0.999,"ns"
"M","1","PR","hour","0","20",0,0.476190476190477,-0.016516560329396,0.968897512710349,0.0722,"ns"
"M","1","PR","hour","0","21",0,0.214285714285715,-0.278421322234158,0.706992750805587,0.995,"ns"
"M","1","PR","hour","0","22",0,0.0952380952380958,-0.397468941281777,0.587945131757968,1,"ns"
"M","1","PR","hour","0","23",0,0.11904761904762,-0.373659417472253,0.611754655567492,1,"ns"
"M","1","PR","hour","1","2",0,-0.166666666666667,-0.65937370318654,0.326040369853206,1,"ns"
"M","1","PR","hour","1","3",0,-0.261904761904763,-0.754611798424635,0.23080227461511,0.946,"ns"
"M","1","PR","hour","1","4",0,-0.166666666666668,-0.65937370318654,0.326040369853205,1,"ns"
"M","1","PR","hour","1","5",0,0.0952380952380947,-0.397468941281778,0.587945131757967,1,"ns"
"M","1","PR","hour","1","6",0,-0.142857142857143,-0.635564179377015,0.34984989366273,1,"ns"
"M","1","PR","hour","1","7",0,-0.0952380952380956,-0.587945131757968,0.397468941281777,1,"ns"
"M","1","PR","hour","1","8",0,-0.0714285714285725,-0.564135607948445,0.4212784650913,1,"ns"
"M","1","PR","hour","1","9",0,-0.0238095238095242,-0.516516560329397,0.468897512710348,1,"ns"
"M","1","PR","hour","1","10",0,0.0238095238095231,-0.46889751271035,0.516516560329396,1,"ns"
"M","1","PR","hour","1","11",0,0.19047619047619,-0.302230846043683,0.683183226996062,0.999,"ns"
"M","1","PR","hour","1","12",0,0.309523809523809,-0.183183226996064,0.802230846043681,0.784,"ns"
"M","1","PR","hour","1","13",0,-0.071428571428572,-0.564135607948445,0.421278465091301,1,"ns"
"M","1","PR","hour","1","14",0,0.047619047619047,-0.445087988900826,0.54032608413892,1,"ns"
"M","1","PR","hour","1","15",0,0.119047619047619,-0.373659417472254,0.611754655567491,1,"ns"
"M","1","PR","hour","1","16",0,0.19047619047619,-0.302230846043683,0.683183226996062,0.999,"ns"
"M","1","PR","hour","1","17",0,0.261904761904761,-0.230802274615111,0.754611798424634,0.946,"ns"
"M","1","PR","hour","1","18",0,0.119047619047618,-0.373659417472254,0.611754655567491,1,"ns"
"M","1","PR","hour","1","19",0,0.0952380952380944,-0.397468941281778,0.587945131757967,1,"ns"
"M","1","PR","hour","1","20",0,0.38095238095238,-0.111754655567492,0.873659417472253,0.391,"ns"
"M","1","PR","hour","1","21",0,0.119047619047618,-0.373659417472254,0.611754655567491,1,"ns"
"M","1","PR","hour","1","22",0,-6.10622663543836e-16,-0.492707036519873,0.492707036519872,1,"ns"
"M","1","PR","hour","1","23",0,0.0238095238095232,-0.468897512710349,0.516516560329396,1,"ns"
"M","1","PR","hour","2","3",0,-0.0952380952380954,-0.587945131757968,0.397468941281777,1,"ns"
"M","1","PR","hour","2","4",0,-4.57966997657877e-16,-0.492707036519873,0.492707036519872,1,"ns"
"M","1","PR","hour","2","5",0,0.261904761904762,-0.230802274615111,0.754611798424635,0.946,"ns"
"M","1","PR","hour","2","6",0,0.0238095238095243,-0.468897512710348,0.516516560329397,1,"ns"
"M","1","PR","hour","2","7",0,0.0714285714285715,-0.421278465091301,0.564135607948444,1,"ns"
"M","1","PR","hour","2","8",0,0.0952380952380946,-0.397468941281778,0.587945131757967,1,"ns"
"M","1","PR","hour","2","9",0,0.142857142857143,-0.34984989366273,0.635564179377016,1,"ns"
"M","1","PR","hour","2","10",0,0.19047619047619,-0.302230846043682,0.683183226996063,0.999,"ns"
"M","1","PR","hour","2","11",0,0.357142857142857,-0.135564179377016,0.84984989366273,0.523,"ns"
"M","1","PR","hour","2","12",0,0.476190476190476,-0.0165165603293968,0.968897512710349,0.0722,"ns"
"M","1","PR","hour","2","13",0,0.0952380952380951,-0.397468941281777,0.587945131757968,1,"ns"
"M","1","PR","hour","2","14",0,0.214285714285714,-0.278421322234158,0.706992750805587,0.995,"ns"
"M","1","PR","hour","2","15",0,0.285714285714286,-0.206992750805587,0.778421322234158,0.881,"ns"
"M","1","PR","hour","2","16",0,0.357142857142857,-0.135564179377016,0.84984989366273,0.523,"ns"
"M","1","PR","hour","2","17",0,0.428571428571429,-0.064135607948444,0.921278465091301,0.185,"ns"
"M","1","PR","hour","2","18",0,0.285714285714286,-0.206992750805587,0.778421322234158,0.881,"ns"
"M","1","PR","hour","2","19",0,0.261904761904762,-0.230802274615111,0.754611798424634,0.946,"ns"
"M","1","PR","hour","2","20",0,0.547619047619047,0.0549120110991747,1.04032608413892,0.013,"*"
"M","1","PR","hour","2","21",0,0.285714285714285,-0.206992750805587,0.778421322234158,0.881,"ns"
"M","1","PR","hour","2","22",0,0.166666666666667,-0.326040369853206,0.659373703186539,1,"ns"
"M","1","PR","hour","2","23",0,0.19047619047619,-0.302230846043682,0.683183226996063,0.999,"ns"
"M","1","PR","hour","3","4",0,0.0952380952380949,-0.397468941281778,0.587945131757968,1,"ns"
"M","1","PR","hour","3","5",0,0.357142857142857,-0.135564179377015,0.84984989366273,0.523,"ns"
"M","1","PR","hour","3","6",0,0.11904761904762,-0.373659417472253,0.611754655567492,1,"ns"
"M","1","PR","hour","3","7",0,0.166666666666667,-0.326040369853206,0.65937370318654,1,"ns"
"M","1","PR","hour","3","8",0,0.19047619047619,-0.302230846043683,0.683183226996063,0.999,"ns"
"M","1","PR","hour","3","9",0,0.238095238095238,-0.254611798424634,0.730802274615111,0.98,"ns"
"M","1","PR","hour","3","10",0,0.285714285714286,-0.206992750805587,0.778421322234158,0.881,"ns"
"M","1","PR","hour","3","11",0,0.452380952380952,-0.0403260841389202,0.945087988900825,0.118,"ns"
"M","1","PR","hour","3","12",0,0.571428571428571,0.0787215349086987,1.06413560794844,0.00686,"**"
"M","1","PR","hour","3","13",0,0.190476190476191,-0.302230846043682,0.683183226996063,0.999,"ns"
"M","1","PR","hour","3","14",0,0.309523809523809,-0.183183226996063,0.802230846043682,0.784,"ns"
"M","1","PR","hour","3","15",0,0.380952380952381,-0.111754655567492,0.873659417472254,0.391,"ns"
"M","1","PR","hour","3","16",0,0.452380952380952,-0.0403260841389202,0.945087988900825,0.118,"ns"
"M","1","PR","hour","3","17",0,0.523809523809524,0.0311024872896514,1.0165165603294,0.0238,"*"
"M","1","PR","hour","3","18",0,0.380952380952381,-0.111754655567492,0.873659417472254,0.391,"ns"
"M","1","PR","hour","3","19",0,0.357142857142857,-0.135564179377016,0.84984989366273,0.523,"ns"
"M","1","PR","hour","3","20",0,0.642857142857143,0.15015010633727,1.13556417937702,0.000859,"***"
"M","1","PR","hour","3","21",0,0.380952380952381,-0.111754655567492,0.873659417472254,0.391,"ns"
"M","1","PR","hour","3","22",0,0.261904761904762,-0.230802274615111,0.754611798424635,0.946,"ns"
"M","1","PR","hour","3","23",0,0.285714285714286,-0.206992750805587,0.778421322234158,0.881,"ns"
"M","1","PR","hour","4","5",0,0.261904761904762,-0.23080227461511,0.754611798424635,0.946,"ns"
"M","1","PR","hour","4","6",0,0.0238095238095247,-0.468897512710348,0.516516560329397,1,"ns"
"M","1","PR","hour","4","7",0,0.071428571428572,-0.421278465091301,0.564135607948445,1,"ns"
"M","1","PR","hour","4","8",0,0.0952380952380951,-0.397468941281778,0.587945131757968,1,"ns"
"M","1","PR","hour","4","9",0,0.142857142857143,-0.349849893662729,0.635564179377016,1,"ns"
"M","1","PR","hour","4","10",0,0.190476190476191,-0.302230846043682,0.683183226996063,0.999,"ns"
"M","1","PR","hour","4","11",0,0.357142857142857,-0.135564179377015,0.84984989366273,0.523,"ns"
"M","1","PR","hour","4","12",0,0.476190476190476,-0.0165165603293963,0.968897512710349,0.0722,"ns"
"M","1","PR","hour","4","13",0,0.0952380952380956,-0.397468941281777,0.587945131757968,1,"ns"
"M","1","PR","hour","4","14",0,0.214285714285715,-0.278421322234158,0.706992750805587,0.995,"ns"
"M","1","PR","hour","4","15",0,0.285714285714286,-0.206992750805586,0.778421322234159,0.881,"ns"
"M","1","PR","hour","4","16",0,0.357142857142857,-0.135564179377015,0.84984989366273,0.523,"ns"
"M","1","PR","hour","4","17",0,0.428571428571429,-0.0641356079484435,0.921278465091302,0.185,"ns"
"M","1","PR","hour","4","18",0,0.285714285714286,-0.206992750805587,0.778421322234159,0.881,"ns"
"M","1","PR","hour","4","19",0,0.261904761904762,-0.230802274615111,0.754611798424635,0.946,"ns"
"M","1","PR","hour","4","20",0,0.547619047619048,0.0549120110991752,1.04032608413892,0.013,"*"
"M","1","PR","hour","4","21",0,0.285714285714286,-0.206992750805587,0.778421322234159,0.881,"ns"
"M","1","PR","hour","4","22",0,0.166666666666667,-0.326040369853206,0.65937370318654,1,"ns"
"M","1","PR","hour","4","23",0,0.190476190476191,-0.302230846043682,0.683183226996063,0.999,"ns"
"M","1","PR","hour","5","6",0,-0.238095238095238,-0.73080227461511,0.254611798424635,0.98,"ns"
"M","1","PR","hour","5","7",0,-0.19047619047619,-0.683183226996063,0.302230846043682,0.999,"ns"
"M","1","PR","hour","5","8",0,-0.166666666666667,-0.65937370318654,0.326040369853205,1,"ns"
"M","1","PR","hour","5","9",0,-0.119047619047619,-0.611754655567492,0.373659417472254,1,"ns"
"M","1","PR","hour","5","10",0,-0.0714285714285716,-0.564135607948444,0.421278465091301,1,"ns"
"M","1","PR","hour","5","11",0,0.0952380952380951,-0.397468941281778,0.587945131757968,1,"ns"
"M","1","PR","hour","5","12",0,0.214285714285714,-0.278421322234159,0.706992750805587,0.995,"ns"
"M","1","PR","hour","5","13",0,-0.166666666666667,-0.659373703186539,0.326040369853206,1,"ns"
"M","1","PR","hour","5","14",0,-0.0476190476190478,-0.54032608413892,0.445087988900825,1,"ns"
"M","1","PR","hour","5","15",0,0.0238095238095238,-0.468897512710349,0.516516560329396,1,"ns"
"M","1","PR","hour","5","16",0,0.0952380952380951,-0.397468941281778,0.587945131757968,1,"ns"
"M","1","PR","hour","5","17",0,0.166666666666667,-0.326040369853206,0.659373703186539,1,"ns"
"M","1","PR","hour","5","18",0,0.0238095238095237,-0.468897512710349,0.516516560329396,1,"ns"
"M","1","PR","hour","5","19",0,-3.33066907387547e-16,-0.492707036519873,0.492707036519872,1,"ns"
"M","1","PR","hour","5","20",0,0.285714285714285,-0.206992750805587,0.778421322234158,0.881,"ns"
"M","1","PR","hour","5","21",0,0.0238095238095236,-0.468897512710349,0.516516560329396,1,"ns"
"M","1","PR","hour","5","22",0,-0.0952380952380953,-0.587945131757968,0.397468941281777,1,"ns"
"M","1","PR","hour","5","23",0,-0.0714285714285715,-0.564135607948444,0.421278465091301,1,"ns"
"M","1","PR","hour","6","7",0,0.0476190476190473,-0.445087988900825,0.54032608413892,1,"ns"
"M","1","PR","hour","6","8",0,0.0714285714285704,-0.421278465091302,0.564135607948443,1,"ns"
"M","1","PR","hour","6","9",0,0.119047619047619,-0.373659417472254,0.611754655567491,1,"ns"
"M","1","PR","hour","6","10",0,0.166666666666666,-0.326040369853207,0.659373703186539,1,"ns"
"M","1","PR","hour","6","11",0,0.333333333333333,-0.15937370318654,0.826040369853205,0.659,"ns"
"M","1","PR","hour","6","12",0,0.452380952380952,-0.040326084138921,0.945087988900824,0.118,"ns"
"M","1","PR","hour","6","13",0,0.0714285714285709,-0.421278465091302,0.564135607948444,1,"ns"
"M","1","PR","hour","6","14",0,0.19047619047619,-0.302230846043683,0.683183226996062,0.999,"ns"
"M","1","PR","hour","6","15",0,0.261904761904761,-0.230802274615111,0.754611798424634,0.946,"ns"
"M","1","PR","hour","6","16",0,0.333333333333333,-0.15937370318654,0.826040369853205,0.659,"ns"
"M","1","PR","hour","6","17",0,0.404761904761904,-0.0879451317579683,0.897468941281777,0.277,"ns"
"M","1","PR","hour","6","18",0,0.261904761904761,-0.230802274615111,0.754611798424634,0.946,"ns"
"M","1","PR","hour","6","19",0,0.238095238095237,-0.254611798424635,0.73080227461511,0.98,"ns"
"M","1","PR","hour","6","20",0,0.523809523809523,0.0311024872896504,1.0165165603294,0.0238,"*"
"M","1","PR","hour","6","21",0,0.261904761904761,-0.230802274615111,0.754611798424634,0.946,"ns"
"M","1","PR","hour","6","22",0,0.142857142857142,-0.34984989366273,0.635564179377015,1,"ns"
"M","1","PR","hour","6","23",0,0.166666666666666,-0.326040369853207,0.659373703186539,1,"ns"
"M","1","PR","hour","7","8",0,0.0238095238095231,-0.46889751271035,0.516516560329396,1,"ns"
"M","1","PR","hour","7","9",0,0.0714285714285714,-0.421278465091301,0.564135607948444,1,"ns"
"M","1","PR","hour","7","10",0,0.119047619047619,-0.373659417472254,0.611754655567491,1,"ns"
"M","1","PR","hour","7","11",0,0.285714285714285,-0.206992750805587,0.778421322234158,0.881,"ns"
"M","1","PR","hour","7","12",0,0.404761904761904,-0.0879451317579683,0.897468941281777,0.277,"ns"
"M","1","PR","hour","7","13",0,0.0238095238095236,-0.468897512710349,0.516516560329396,1,"ns"
"M","1","PR","hour","7","14",0,0.142857142857143,-0.34984989366273,0.635564179377015,1,"ns"
"M","1","PR","hour","7","15",0,0.214285714285714,-0.278421322234158,0.706992750805587,0.995,"ns"
"M","1","PR","hour","7","16",0,0.285714285714285,-0.206992750805587,0.778421322234158,0.881,"ns"
"M","1","PR","hour","7","17",0,0.357142857142857,-0.135564179377016,0.84984989366273,0.523,"ns"
"M","1","PR","hour","7","18",0,0.214285714285714,-0.278421322234159,0.706992750805587,0.995,"ns"
"M","1","PR","hour","7","19",0,0.19047619047619,-0.302230846043683,0.683183226996063,0.999,"ns"
"M","1","PR","hour","7","20",0,0.476190476190476,-0.0165165603293968,0.968897512710349,0.0722,"ns"
"M","1","PR","hour","7","21",0,0.214285714285714,-0.278421322234159,0.706992750805587,0.995,"ns"
"M","1","PR","hour","7","22",0,0.095238095238095,-0.397468941281778,0.587945131757968,1,"ns"
"M","1","PR","hour","7","23",0,0.119047619047619,-0.373659417472254,0.611754655567492,1,"ns"
"M","1","PR","hour","8","9",0,0.0476190476190483,-0.445087988900824,0.540326084138921,1,"ns"
"M","1","PR","hour","8","10",0,0.0952380952380956,-0.397468941281777,0.587945131757968,1,"ns"
"M","1","PR","hour","8","11",0,0.261904761904762,-0.23080227461511,0.754611798424635,0.946,"ns"
"M","1","PR","hour","8","12",0,0.380952380952381,-0.111754655567491,0.873659417472254,0.391,"ns"
"M","1","PR","hour","8","13",0,5.27355936696949e-16,-0.492707036519872,0.492707036519873,1,"ns"
"M","1","PR","hour","8","14",0,0.119047619047619,-0.373659417472253,0.611754655567492,1,"ns"
"M","1","PR","hour","8","15",0,0.190476190476191,-0.302230846043682,0.683183226996064,0.999,"ns"
"M","1","PR","hour","8","16",0,0.261904761904762,-0.23080227461511,0.754611798424635,0.946,"ns"
"M","1","PR","hour","8","17",0,0.333333333333334,-0.159373703186539,0.826040369853207,0.659,"ns"
"M","1","PR","hour","8","18",0,0.190476190476191,-0.302230846043682,0.683183226996064,0.999,"ns"
"M","1","PR","hour","8","19",0,0.166666666666667,-0.326040369853206,0.65937370318654,1,"ns"
"M","1","PR","hour","8","20",0,0.452380952380953,-0.0403260841389199,0.945087988900825,0.118,"ns"
"M","1","PR","hour","8","21",0,0.190476190476191,-0.302230846043682,0.683183226996063,0.999,"ns"
"M","1","PR","hour","8","22",0,0.0714285714285719,-0.421278465091301,0.564135607948445,1,"ns"
"M","1","PR","hour","8","23",0,0.0952380952380958,-0.397468941281777,0.587945131757968,1,"ns"
"M","1","PR","hour","9","10",0,0.0476190476190473,-0.445087988900825,0.54032608413892,1,"ns"
"M","1","PR","hour","9","11",0,0.214285714285714,-0.278421322234159,0.706992750805587,0.995,"ns"
"M","1","PR","hour","9","12",0,0.333333333333333,-0.15937370318654,0.826040369853206,0.659,"ns"
"M","1","PR","hour","9","13",0,-0.0476190476190478,-0.54032608413892,0.445087988900825,1,"ns"
"M","1","PR","hour","9","14",0,0.0714285714285712,-0.421278465091301,0.564135607948444,1,"ns"
"M","1","PR","hour","9","15",0,0.142857142857143,-0.34984989366273,0.635564179377015,1,"ns"
"M","1","PR","hour","9","16",0,0.214285714285714,-0.278421322234159,0.706992750805587,0.995,"ns"
"M","1","PR","hour","9","17",0,0.285714285714286,-0.206992750805587,0.778421322234158,0.881,"ns"
"M","1","PR","hour","9","18",0,0.142857142857143,-0.34984989366273,0.635564179377015,1,"ns"
"M","1","PR","hour","9","19",0,0.119047619047619,-0.373659417472254,0.611754655567491,1,"ns"
"M","1","PR","hour","9","20",0,0.404761904761904,-0.0879451317579682,0.897468941281777,0.277,"ns"
"M","1","PR","hour","9","21",0,0.142857142857143,-0.34984989366273,0.635564179377015,1,"ns"
"M","1","PR","hour","9","22",0,0.0238095238095236,-0.468897512710349,0.516516560329396,1,"ns"
"M","1","PR","hour","9","23",0,0.0476190476190474,-0.445087988900825,0.54032608413892,1,"ns"
"M","1","PR","hour","10","11",0,0.166666666666667,-0.326040369853206,0.659373703186539,1,"ns"
"M","1","PR","hour","10","12",0,0.285714285714286,-0.206992750805587,0.778421322234158,0.881,"ns"
"M","1","PR","hour","10","13",0,-0.0952380952380951,-0.587945131757968,0.397468941281778,1,"ns"
"M","1","PR","hour","10","14",0,0.0238095238095238,-0.468897512710349,0.516516560329396,1,"ns"
"M","1","PR","hour","10","15",0,0.0952380952380955,-0.397468941281777,0.587945131757968,1,"ns"
"M","1","PR","hour","10","16",0,0.166666666666667,-0.326040369853206,0.659373703186539,1,"ns"
"M","1","PR","hour","10","17",0,0.238095238095238,-0.254611798424634,0.730802274615111,0.98,"ns"
"M","1","PR","hour","10","18",0,0.0952380952380953,-0.397468941281777,0.587945131757968,1,"ns"
"M","1","PR","hour","10","19",0,0.0714285714285713,-0.421278465091301,0.564135607948444,1,"ns"
"M","1","PR","hour","10","20",0,0.357142857142857,-0.135564179377016,0.84984989366273,0.523,"ns"
"M","1","PR","hour","10","21",0,0.0952380952380952,-0.397468941281777,0.587945131757968,1,"ns"
"M","1","PR","hour","10","22",0,-0.0238095238095237,-0.516516560329396,0.468897512710349,1,"ns"
"M","1","PR","hour","10","23",0,1.11022302462516e-16,-0.492707036519873,0.492707036519873,1,"ns"
"M","1","PR","hour","11","12",0,0.119047619047619,-0.373659417472254,0.611754655567492,1,"ns"
"M","1","PR","hour","11","13",0,-0.261904761904762,-0.754611798424635,0.230802274615111,0.946,"ns"
"M","1","PR","hour","11","14",0,-0.142857142857143,-0.635564179377015,0.34984989366273,1,"ns"
"M","1","PR","hour","11","15",0,-0.0714285714285713,-0.564135607948444,0.421278465091301,1,"ns"
"M","1","PR","hour","11","16",0,0,-0.492707036519873,0.492707036519873,1,"ns"
"M","1","PR","hour","11","17",0,0.0714285714285716,-0.421278465091301,0.564135607948444,1,"ns"
"M","1","PR","hour","11","18",0,-0.0714285714285715,-0.564135607948444,0.421278465091301,1,"ns"
"M","1","PR","hour","11","19",0,-0.0952380952380955,-0.587945131757968,0.397468941281777,1,"ns"
"M","1","PR","hour","11","20",0,0.19047619047619,-0.302230846043682,0.683183226996063,0.999,"ns"
"M","1","PR","hour","11","21",0,-0.0714285714285715,-0.564135607948444,0.421278465091301,1,"ns"
"M","1","PR","hour","11","22",0,-0.19047619047619,-0.683183226996063,0.302230846043682,0.999,"ns"
"M","1","PR","hour","11","23",0,-0.166666666666667,-0.659373703186539,0.326040369853206,1,"ns"
"M","1","PR","hour","12","13",0,-0.380952380952381,-0.873659417472253,0.111754655567492,0.391,"ns"
"M","1","PR","hour","12","14",0,-0.261904761904762,-0.754611798424634,0.230802274615111,0.946,"ns"
"M","1","PR","hour","12","15",0,-0.19047619047619,-0.683183226996063,0.302230846043682,0.999,"ns"
"M","1","PR","hour","12","16",0,-0.119047619047619,-0.611754655567492,0.373659417472254,1,"ns"
"M","1","PR","hour","12","17",0,-0.0476190476190472,-0.54032608413892,0.445087988900825,1,"ns"
"M","1","PR","hour","12","18",0,-0.19047619047619,-0.683183226996063,0.302230846043682,0.999,"ns"
"M","1","PR","hour","12","19",0,-0.214285714285714,-0.706992750805587,0.278421322234158,0.995,"ns"
"M","1","PR","hour","12","20",0,0.0714285714285715,-0.421278465091301,0.564135607948444,1,"ns"
"M","1","PR","hour","12","21",0,-0.19047619047619,-0.683183226996063,0.302230846043682,0.999,"ns"
"M","1","PR","hour","12","22",0,-0.309523809523809,-0.802230846043682,0.183183226996063,0.784,"ns"
"M","1","PR","hour","12","23",0,-0.285714285714285,-0.778421322234158,0.206992750805587,0.881,"ns"
"M","1","PR","hour","13","14",0,0.119047619047619,-0.373659417472254,0.611754655567492,1,"ns"
"M","1","PR","hour","13","15",0,0.190476190476191,-0.302230846043682,0.683183226996063,0.999,"ns"
"M","1","PR","hour","13","16",0,0.261904761904762,-0.230802274615111,0.754611798424635,0.946,"ns"
"M","1","PR","hour","13","17",0,0.333333333333333,-0.159373703186539,0.826040369853206,0.659,"ns"
"M","1","PR","hour","13","18",0,0.19047619047619,-0.302230846043682,0.683183226996063,0.999,"ns"
"M","1","PR","hour","13","19",0,0.166666666666666,-0.326040369853206,0.659373703186539,1,"ns"
"M","1","PR","hour","13","20",0,0.452380952380952,-0.0403260841389204,0.945087988900825,0.118,"ns"
"M","1","PR","hour","13","21",0,0.19047619047619,-0.302230846043682,0.683183226996063,0.999,"ns"
"M","1","PR","hour","13","22",0,0.0714285714285714,-0.421278465091301,0.564135607948444,1,"ns"
"M","1","PR","hour","13","23",0,0.0952380952380952,-0.397468941281777,0.587945131757968,1,"ns"
"M","1","PR","hour","14","15",0,0.0714285714285716,-0.421278465091301,0.564135607948444,1,"ns"
"M","1","PR","hour","14","16",0,0.142857142857143,-0.34984989366273,0.635564179377015,1,"ns"
"M","1","PR","hour","14","17",0,0.214285714285715,-0.278421322234158,0.706992750805587,0.995,"ns"
"M","1","PR","hour","14","18",0,0.0714285714285715,-0.421278465091301,0.564135607948444,1,"ns"
"M","1","PR","hour","14","19",0,0.0476190476190474,-0.445087988900825,0.54032608413892,1,"ns"
"M","1","PR","hour","14","20",0,0.333333333333333,-0.159373703186539,0.826040369853206,0.659,"ns"
"M","1","PR","hour","14","21",0,0.0714285714285714,-0.421278465091301,0.564135607948444,1,"ns"
"M","1","PR","hour","14","22",0,-0.0476190476190476,-0.54032608413892,0.445087988900825,1,"ns"
"M","1","PR","hour","14","23",0,-0.0238095238095237,-0.516516560329396,0.468897512710349,1,"ns"
"M","1","PR","hour","15","16",0,0.0714285714285713,-0.421278465091301,0.564135607948444,1,"ns"
"M","1","PR","hour","15","17",0,0.142857142857143,-0.34984989366273,0.635564179377015,1,"ns"
"M","1","PR","hour","15","18",0,-1.66533453693773e-16,-0.492707036519873,0.492707036519872,1,"ns"
"M","1","PR","hour","15","19",0,-0.0238095238095242,-0.516516560329397,0.468897512710348,1,"ns"
"M","1","PR","hour","15","20",0,0.261904761904762,-0.230802274615111,0.754611798424634,0.946,"ns"
"M","1","PR","hour","15","21",0,-2.22044604925031e-16,-0.492707036519873,0.492707036519872,1,"ns"
"M","1","PR","hour","15","22",0,-0.119047619047619,-0.611754655567492,0.373659417472253,1,"ns"
"M","1","PR","hour","15","23",0,-0.0952380952380953,-0.587945131757968,0.397468941281777,1,"ns"
"M","1","PR","hour","16","17",0,0.0714285714285716,-0.421278465091301,0.564135607948444,1,"ns"
"M","1","PR","hour","16","18",0,-0.0714285714285715,-0.564135607948444,0.421278465091301,1,"ns"
"M","1","PR","hour","16","19",0,-0.0952380952380955,-0.587945131757968,0.397468941281777,1,"ns"
"M","1","PR","hour","16","20",0,0.19047619047619,-0.302230846043682,0.683183226996063,0.999,"ns"
"M","1","PR","hour","16","21",0,-0.0714285714285715,-0.564135607948444,0.421278465091301,1,"ns"
"M","1","PR","hour","16","22",0,-0.19047619047619,-0.683183226996063,0.302230846043682,0.999,"ns"
"M","1","PR","hour","16","23",0,-0.166666666666667,-0.659373703186539,0.326040369853206,1,"ns"
"M","1","PR","hour","17","18",0,-0.142857142857143,-0.635564179377016,0.34984989366273,1,"ns"
"M","1","PR","hour","17","19",0,-0.166666666666667,-0.65937370318654,0.326040369853206,1,"ns"
"M","1","PR","hour","17","20",0,0.119047619047619,-0.373659417472254,0.611754655567491,1,"ns"
"M","1","PR","hour","17","21",0,-0.142857142857143,-0.635564179377016,0.34984989366273,1,"ns"
"M","1","PR","hour","17","22",0,-0.261904761904762,-0.754611798424635,0.230802274615111,0.946,"ns"
"M","1","PR","hour","17","23",0,-0.238095238095238,-0.730802274615111,0.254611798424634,0.98,"ns"
"M","1","PR","hour","18","19",0,-0.023809523809524,-0.516516560329397,0.468897512710349,1,"ns"
"M","1","PR","hour","18","20",0,0.261904761904762,-0.230802274615111,0.754611798424634,0.946,"ns"
"M","1","PR","hour","18","21",0,-5.55111512312578e-17,-0.492707036519873,0.492707036519873,1,"ns"
"M","1","PR","hour","18","22",0,-0.119047619047619,-0.611754655567492,0.373659417472254,1,"ns"
"M","1","PR","hour","18","23",0,-0.0952380952380952,-0.587945131757968,0.397468941281777,1,"ns"
"M","1","PR","hour","19","20",0,0.285714285714286,-0.206992750805587,0.778421322234158,0.881,"ns"
"M","1","PR","hour","19","21",0,0.0238095238095239,-0.468897512710349,0.516516560329397,1,"ns"
"M","1","PR","hour","19","22",0,-0.095238095238095,-0.587945131757968,0.397468941281778,1,"ns"
"M","1","PR","hour","19","23",0,-0.0714285714285712,-0.564135607948444,0.421278465091301,1,"ns"
"M","1","PR","hour","20","21",0,-0.261904761904762,-0.754611798424635,0.230802274615111,0.946,"ns"
"M","1","PR","hour","20","22",0,-0.380952380952381,-0.873659417472253,0.111754655567492,0.391,"ns"
"M","1","PR","hour","20","23",0,-0.357142857142857,-0.84984989366273,0.135564179377016,0.523,"ns"
"M","1","PR","hour","21","22",0,-0.119047619047619,-0.611754655567492,0.373659417472254,1,"ns"
"M","1","PR","hour","21","23",0,-0.0952380952380951,-0.587945131757968,0.397468941281778,1,"ns"
"M","1","PR","hour","22","23",0,0.0238095238095238,-0.468897512710349,0.516516560329396,1,"ns"
"M","2","NR","hour","0","1",0,0.142857142857144,-0.689002879480454,0.974717165194742,1,"ns"
"M","2","NR","hour","0","2",0,-0.142857142857142,-0.97471716519474,0.689002879480457,1,"ns"
"M","2","NR","hour","0","3",0,0.0476190476190488,-0.784240974718549,0.879479069956647,1,"ns"
"M","2","NR","hour","0","4",0,0.238095238095239,-0.593764784242359,1.06995526043284,1,"ns"
"M","2","NR","hour","0","5",0,0.190476190476192,-0.641383831861406,1.02233621281379,1,"ns"
"M","2","NR","hour","0","6",0,-0.0714285714285698,-0.903288593766168,0.760431450909028,1,"ns"
"M","2","NR","hour","0","7",0,2.55351295663786e-15,-0.831860022337596,0.831860022337601,1,"ns"
"M","2","NR","hour","0","8",0,-0.0952380952380949,-0.927098117575693,0.736621927099503,1,"ns"
"M","2","NR","hour","0","9",0,-0.166666666666664,-0.998526689004263,0.665193355670934,1,"ns"
"M","2","NR","hour","0","10",0,-0.0714285714285697,-0.903288593766168,0.760431450909028,1,"ns"
"M","2","NR","hour","0","11",0,0.190476190476191,-0.641383831861407,1.02233621281379,1,"ns"
"M","2","NR","hour","0","12",0,0.0476190476190502,-0.784240974718548,0.879479069956648,1,"ns"
"M","2","NR","hour","0","13",0,0.0476190476190491,-0.784240974718549,0.879479069956647,1,"ns"
"M","2","NR","hour","0","14",0,0.880952380952382,0.0490923586147841,1.71281240328998,0.0251,"*"
"M","2","NR","hour","0","15",0,0.976190476190478,0.14433045385288,1.80805049852808,0.00569,"**"
"M","2","NR","hour","0","16",0,1.14285714285715,0.310997120519547,1.97471716519474,0.000296,"***"
"M","2","NR","hour","0","17",0,0.976190476190477,0.144330453852879,1.80805049852807,0.00569,"**"
"M","2","NR","hour","0","18",0,0.714285714285715,-0.117574308051883,1.54614573662331,0.204,"ns"
"M","2","NR","hour","0","19",0,0.380952380952382,-0.450907641385216,1.21281240328998,0.99,"ns"
"M","2","NR","hour","0","20",0,0.261904761904763,-0.569955260432835,1.09376478424236,1,"ns"
"M","2","NR","hour","0","21",0,0.261904761904763,-0.569955260432835,1.09376478424236,1,"ns"
"M","2","NR","hour","0","22",0,0.214285714285716,-0.617574308051883,1.04614573662331,1,"ns"
"M","2","NR","hour","0","23",0,0.357142857142859,-0.47471716519474,1.18900287948046,0.995,"ns"
"M","2","NR","hour","1","2",0,-0.285714285714286,-1.11757430805188,0.546145736623312,1,"ns"
"M","2","NR","hour","1","3",0,-0.0952380952380955,-0.927098117575694,0.736621927099503,1,"ns"
"M","2","NR","hour","1","4",0,0.0952380952380951,-0.736621927099503,0.927098117575693,1,"ns"
"M","2","NR","hour","1","5",0,0.047619047619048,-0.78424097471855,0.879479069956646,1,"ns"
"M","2","NR","hour","1","6",0,-0.214285714285714,-1.04614573662331,0.617574308051884,1,"ns"
"M","2","NR","hour","1","7",0,-0.142857142857142,-0.97471716519474,0.689002879480456,1,"ns"
"M","2","NR","hour","1","8",0,-0.238095238095239,-1.06995526043284,0.593764784242359,1,"ns"
"M","2","NR","hour","1","9",0,-0.309523809523809,-1.14138383186141,0.522336212813789,0.999,"ns"
"M","2","NR","hour","1","10",0,-0.214285714285714,-1.04614573662331,0.617574308051884,1,"ns"
"M","2","NR","hour","1","11",0,0.0476190476190471,-0.784240974718551,0.879479069956645,1,"ns"
"M","2","NR","hour","1","12",0,-0.0952380952380941,-0.927098117575692,0.736621927099504,1,"ns"
"M","2","NR","hour","1","13",0,-0.0952380952380952,-0.927098117575693,0.736621927099503,1,"ns"
"M","2","NR","hour","1","14",0,0.738095238095238,-0.0937647842423601,1.56995526043284,0.158,"ns"
"M","2","NR","hour","1","15",0,0.833333333333334,0.00147331099573567,1.66519335567093,0.049,"*"
"M","2","NR","hour","1","16",0,1,0.168139977662403,1.8318600223376,0.00383,"**"
"M","2","NR","hour","1","17",0,0.833333333333333,0.00147331099573456,1.66519335567093,0.049,"*"
"M","2","NR","hour","1","18",0,0.571428571428571,-0.260431450909027,1.40328859376617,0.631,"ns"
"M","2","NR","hour","1","19",0,0.238095238095238,-0.59376478424236,1.06995526043284,1,"ns"
"M","2","NR","hour","1","20",0,0.119047619047619,-0.712812403289979,0.950907641385217,1,"ns"
"M","2","NR","hour","1","21",0,0.119047619047619,-0.712812403289979,0.950907641385217,1,"ns"
"M","2","NR","hour","1","22",0,0.0714285714285713,-0.760431450909027,0.903288593766169,1,"ns"
"M","2","NR","hour","1","23",0,0.214285714285714,-0.617574308051884,1.04614573662331,1,"ns"
"M","2","NR","hour","2","3",0,0.19047619047619,-0.641383831861408,1.02233621281379,1,"ns"
"M","2","NR","hour","2","4",0,0.380952380952381,-0.450907641385217,1.21281240328998,0.99,"ns"
"M","2","NR","hour","2","5",0,0.333333333333334,-0.498526689004264,1.16519335567093,0.998,"ns"
"M","2","NR","hour","2","6",0,0.0714285714285718,-0.760431450909026,0.90328859376617,1,"ns"
"M","2","NR","hour","2","7",0,0.142857142857144,-0.689002879480454,0.974717165194742,1,"ns"
"M","2","NR","hour","2","8",0,0.0476190476190467,-0.784240974718551,0.879479069956645,1,"ns"
"M","2","NR","hour","2","9",0,-0.0238095238095228,-0.855669546147121,0.808050498528075,1,"ns"
"M","2","NR","hour","2","10",0,0.0714285714285719,-0.760431450909026,0.90328859376617,1,"ns"
"M","2","NR","hour","2","11",0,0.333333333333333,-0.498526689004265,1.16519335567093,0.998,"ns"
"M","2","NR","hour","2","12",0,0.190476190476192,-0.641383831861406,1.02233621281379,1,"ns"
"M","2","NR","hour","2","13",0,0.190476190476191,-0.641383831861407,1.02233621281379,1,"ns"
"M","2","NR","hour","2","14",0,1.02380952380952,0.191949501471926,1.85566954614712,0.00255,"**"
"M","2","NR","hour","2","15",0,1.11904761904762,0.287187596710022,1.95090764138522,0.000463,"***"
"M","2","NR","hour","2","16",0,1.28571428571429,0.453854263376689,2.11757430805189,1.77e-05,"****"
"M","2","NR","hour","2","17",0,1.11904761904762,0.28718759671002,1.95090764138522,0.000463,"***"
"M","2","NR","hour","2","18",0,0.857142857142857,0.0252828348052588,1.68900287948046,0.0353,"*"
"M","2","NR","hour","2","19",0,0.523809523809524,-0.308050498528074,1.35566954614712,0.78,"ns"
"M","2","NR","hour","2","20",0,0.404761904761905,-0.427098117575693,1.2366219270995,0.979,"ns"
"M","2","NR","hour","2","21",0,0.404761904761905,-0.427098117575693,1.2366219270995,0.979,"ns"
"M","2","NR","hour","2","22",0,0.357142857142857,-0.474717165194741,1.18900287948046,0.995,"ns"
"M","2","NR","hour","2","23",0,0.5,-0.331860022337598,1.3318600223376,0.842,"ns"
"M","2","NR","hour","3","4",0,0.190476190476191,-0.641383831861408,1.02233621281379,1,"ns"
"M","2","NR","hour","3","5",0,0.142857142857143,-0.689002879480455,0.974717165194742,1,"ns"
"M","2","NR","hour","3","6",0,-0.119047619047619,-0.950907641385217,0.712812403289979,1,"ns"
"M","2","NR","hour","3","7",0,-0.0476190476190463,-0.879479069956644,0.784240974718552,1,"ns"
"M","2","NR","hour","3","8",0,-0.142857142857144,-0.974717165194742,0.689002879480454,1,"ns"
"M","2","NR","hour","3","9",0,-0.214285714285713,-1.04614573662331,0.617574308051885,1,"ns"
"M","2","NR","hour","3","10",0,-0.119047619047619,-0.950907641385217,0.71281240328998,1,"ns"
"M","2","NR","hour","3","11",0,0.142857142857143,-0.689002879480456,0.974717165194741,1,"ns"
"M","2","NR","hour","3","12",0,1.33226762955019e-15,-0.831860022337597,0.831860022337599,1,"ns"
"M","2","NR","hour","3","13",0,2.77555756156289e-16,-0.831860022337598,0.831860022337598,1,"ns"
"M","2","NR","hour","3","14",0,0.833333333333333,0.00147331099573533,1.66519335567093,0.049,"*"
"M","2","NR","hour","3","15",0,0.928571428571429,0.0967114062338311,1.76043145090903,0.0122,"*"
"M","2","NR","hour","3","16",0,1.0952380952381,0.263378072900498,1.92709811757569,0.000718,"***"
"M","2","NR","hour","3","17",0,0.928571428571428,0.09671140623383,1.76043145090903,0.0122,"*"
"M","2","NR","hour","3","18",0,0.666666666666667,-0.165193355670932,1.49852668900426,0.322,"ns"
"M","2","NR","hour","3","19",0,0.333333333333333,-0.498526689004265,1.16519335567093,0.998,"ns"
"M","2","NR","hour","3","20",0,0.214285714285714,-0.617574308051884,1.04614573662331,1,"ns"
"M","2","NR","hour","3","21",0,0.214285714285714,-0.617574308051884,1.04614573662331,1,"ns"
"M","2","NR","hour","3","22",0,0.166666666666667,-0.665193355670931,0.998526689004265,1,"ns"
"M","2","NR","hour","3","23",0,0.30952380952381,-0.522336212813788,1.14138383186141,0.999,"ns"
"M","2","NR","hour","4","5",0,-0.0476190476190471,-0.879479069956645,0.784240974718551,1,"ns"
"M","2","NR","hour","4","6",0,-0.309523809523809,-1.14138383186141,0.522336212813789,0.999,"ns"
"M","2","NR","hour","4","7",0,-0.238095238095237,-1.06995526043284,0.593764784242361,1,"ns"
"M","2","NR","hour","4","8",0,-0.333333333333334,-1.16519335567093,0.498526689004264,0.998,"ns"
"M","2","NR","hour","4","9",0,-0.404761904761904,-1.2366219270995,0.427098117575694,0.979,"ns"
"M","2","NR","hour","4","10",0,-0.309523809523809,-1.14138383186141,0.522336212813789,0.999,"ns"
"M","2","NR","hour","4","11",0,-0.047619047619048,-0.879479069956646,0.78424097471855,1,"ns"
"M","2","NR","hour","4","12",0,-0.190476190476189,-1.02233621281379,0.641383831861409,1,"ns"
"M","2","NR","hour","4","13",0,-0.19047619047619,-1.02233621281379,0.641383831861408,1,"ns"
"M","2","NR","hour","4","14",0,0.642857142857143,-0.189002879480455,1.47471716519474,0.392,"ns"
"M","2","NR","hour","4","15",0,0.738095238095239,-0.0937647842423595,1.56995526043284,0.158,"ns"
"M","2","NR","hour","4","16",0,0.904761904761906,0.0729018824243077,1.7366219270995,0.0176,"*"
"M","2","NR","hour","4","17",0,0.738095238095238,-0.0937647842423606,1.56995526043284,0.158,"ns"
"M","2","NR","hour","4","18",0,0.476190476190476,-0.355669546147122,1.30805049852807,0.893,"ns"
"M","2","NR","hour","4","19",0,0.142857142857143,-0.689002879480455,0.974717165194741,1,"ns"
"M","2","NR","hour","4","20",0,0.0238095238095238,-0.808050498528074,0.855669546147122,1,"ns"
"M","2","NR","hour","4","21",0,0.0238095238095237,-0.808050498528074,0.855669546147122,1,"ns"
"M","2","NR","hour","4","22",0,-0.0238095238095238,-0.855669546147122,0.808050498528074,1,"ns"
"M","2","NR","hour","4","23",0,0.119047619047619,-0.712812403289979,0.950907641385217,1,"ns"
"M","2","NR","hour","5","6",0,-0.261904761904762,-1.09376478424236,0.569955260432836,1,"ns"
"M","2","NR","hour","5","7",0,-0.19047619047619,-1.02233621281379,0.641383831861408,1,"ns"
"M","2","NR","hour","5","8",0,-0.285714285714287,-1.11757430805189,0.546145736623311,1,"ns"
"M","2","NR","hour","5","9",0,-0.357142857142857,-1.18900287948046,0.474717165194741,0.995,"ns"
"M","2","NR","hour","5","10",0,-0.261904761904762,-1.09376478424236,0.569955260432836,1,"ns"
"M","2","NR","hour","5","11",0,-8.88178419700125e-16,-0.831860022337599,0.831860022337597,1,"ns"
"M","2","NR","hour","5","12",0,-0.142857142857142,-0.97471716519474,0.689002879480456,1,"ns"
"M","2","NR","hour","5","13",0,-0.142857142857143,-0.974717165194741,0.689002879480455,1,"ns"
"M","2","NR","hour","5","14",0,0.69047619047619,-0.141383831861408,1.52233621281379,0.259,"ns"
"M","2","NR","hour","5","15",0,0.785714285714286,-0.0461457366233123,1.61757430805188,0.0908,"ns"
"M","2","NR","hour","5","16",0,0.952380952380953,0.120520930043355,1.78424097471855,0.00838,"**"
"M","2","NR","hour","5","17",0,0.785714285714285,-0.0461457366233134,1.61757430805188,0.0908,"ns"
"M","2","NR","hour","5","18",0,0.523809523809523,-0.308050498528075,1.35566954614712,0.78,"ns"
"M","2","NR","hour","5","19",0,0.19047619047619,-0.641383831861408,1.02233621281379,1,"ns"
"M","2","NR","hour","5","20",0,0.071428571428571,-0.760431450909027,0.903288593766169,1,"ns"
"M","2","NR","hour","5","21",0,0.0714285714285708,-0.760431450909027,0.903288593766169,1,"ns"
"M","2","NR","hour","5","22",0,0.0238095238095233,-0.808050498528075,0.855669546147121,1,"ns"
"M","2","NR","hour","5","23",0,0.166666666666666,-0.665193355670932,0.998526689004264,1,"ns"
"M","2","NR","hour","6","7",0,0.0714285714285724,-0.760431450909026,0.903288593766171,1,"ns"
"M","2","NR","hour","6","8",0,-0.0238095238095251,-0.855669546147123,0.808050498528073,1,"ns"
"M","2","NR","hour","6","9",0,-0.0952380952380946,-0.927098117575693,0.736621927099504,1,"ns"
"M","2","NR","hour","6","10",0,1.11022302462516e-16,-0.831860022337598,0.831860022337598,1,"ns"
"M","2","NR","hour","6","11",0,0.261904761904761,-0.569955260432837,1.09376478424236,1,"ns"
"M","2","NR","hour","6","12",0,0.11904761904762,-0.712812403289978,0.950907641385218,1,"ns"
"M","2","NR","hour","6","13",0,0.119047619047619,-0.712812403289979,0.950907641385217,1,"ns"
"M","2","NR","hour","6","14",0,0.952380952380952,0.120520930043354,1.78424097471855,0.00838,"**"
"M","2","NR","hour","6","15",0,1.04761904761905,0.21575902528145,1.87947906995665,0.00169,"**"
"M","2","NR","hour","6","16",0,1.21428571428572,0.382425691948117,2.04614573662331,7.44e-05,"****"
"M","2","NR","hour","6","17",0,1.04761904761905,0.215759025281449,1.87947906995664,0.00169,"**"
"M","2","NR","hour","6","18",0,0.785714285714285,-0.046145736623313,1.61757430805188,0.0908,"ns"
"M","2","NR","hour","6","19",0,0.452380952380952,-0.379479069956646,1.28424097471855,0.933,"ns"
"M","2","NR","hour","6","20",0,0.333333333333333,-0.498526689004265,1.16519335567093,0.998,"ns"
"M","2","NR","hour","6","21",0,0.333333333333333,-0.498526689004265,1.16519335567093,0.998,"ns"
"M","2","NR","hour","6","22",0,0.285714285714285,-0.546145736623313,1.11757430805188,1,"ns"
"M","2","NR","hour","6","23",0,0.428571428571428,-0.40328859376617,1.26043145090903,0.96,"ns"
"M","2","NR","hour","7","8",0,-0.0952380952380975,-0.927098117575696,0.736621927099501,1,"ns"
"M","2","NR","hour","7","9",0,-0.166666666666667,-0.998526689004265,0.665193355670931,1,"ns"
"M","2","NR","hour","7","10",0,-0.0714285714285723,-0.90328859376617,0.760431450909026,1,"ns"
"M","2","NR","hour","7","11",0,0.190476190476189,-0.641383831861409,1.02233621281379,1,"ns"
"M","2","NR","hour","7","12",0,0.0476190476190476,-0.784240974718551,0.879479069956646,1,"ns"
"M","2","NR","hour","7","13",0,0.0476190476190466,-0.784240974718552,0.879479069956645,1,"ns"
"M","2","NR","hour","7","14",0,0.88095238095238,0.0490923586147817,1.71281240328998,0.0251,"*"
"M","2","NR","hour","7","15",0,0.976190476190476,0.144330453852877,1.80805049852807,0.00569,"**"
"M","2","NR","hour","7","16",0,1.14285714285714,0.310997120519545,1.97471716519474,0.000296,"***"
"M","2","NR","hour","7","17",0,0.976190476190474,0.144330453852876,1.80805049852807,0.00569,"**"
"M","2","NR","hour","7","18",0,0.714285714285713,-0.117574308051885,1.54614573662331,0.204,"ns"
"M","2","NR","hour","7","19",0,0.38095238095238,-0.450907641385218,1.21281240328998,0.99,"ns"
"M","2","NR","hour","7","20",0,0.261904761904761,-0.569955260432838,1.09376478424236,1,"ns"
"M","2","NR","hour","7","21",0,0.261904761904761,-0.569955260432838,1.09376478424236,1,"ns"
"M","2","NR","hour","7","22",0,0.214285714285713,-0.617574308051885,1.04614573662331,1,"ns"
"M","2","NR","hour","7","23",0,0.357142857142856,-0.474717165194742,1.18900287948045,0.995,"ns"
"M","2","NR","hour","8","9",0,-0.0714285714285695,-0.903288593766168,0.760431450909029,1,"ns"
"M","2","NR","hour","8","10",0,0.0238095238095252,-0.808050498528073,0.855669546147123,1,"ns"
"M","2","NR","hour","8","11",0,0.285714285714286,-0.546145736623312,1.11757430805188,1,"ns"
"M","2","NR","hour","8","12",0,0.142857142857145,-0.689002879480453,0.974717165194743,1,"ns"
"M","2","NR","hour","8","13",0,0.142857142857144,-0.689002879480454,0.974717165194742,1,"ns"
"M","2","NR","hour","8","14",0,0.976190476190477,0.144330453852879,1.80805049852808,0.00569,"**"
"M","2","NR","hour","8","15",0,1.07142857142857,0.239568549090975,1.90328859376617,0.0011,"**"
"M","2","NR","hour","8","16",0,1.23809523809524,0.406235215757642,2.06995526043284,4.63e-05,"****"
"M","2","NR","hour","8","17",0,1.07142857142857,0.239568549090974,1.90328859376617,0.0011,"**"
"M","2","NR","hour","8","18",0,0.80952380952381,-0.0223362128137879,1.64138383186141,0.0672,"ns"
"M","2","NR","hour","8","19",0,0.476190476190477,-0.355669546147121,1.30805049852808,0.893,"ns"
"M","2","NR","hour","8","20",0,0.357142857142858,-0.47471716519474,1.18900287948046,0.995,"ns"
"M","2","NR","hour","8","21",0,0.357142857142858,-0.47471716519474,1.18900287948046,0.995,"ns"
"M","2","NR","hour","8","22",0,0.30952380952381,-0.522336212813788,1.14138383186141,0.999,"ns"
"M","2","NR","hour","8","23",0,0.452380952380953,-0.379479069956645,1.28424097471855,0.933,"ns"
"M","2","NR","hour","9","10",0,0.0952380952380947,-0.736621927099503,0.927098117575693,1,"ns"
"M","2","NR","hour","9","11",0,0.357142857142856,-0.474717165194742,1.18900287948045,0.995,"ns"
"M","2","NR","hour","9","12",0,0.214285714285715,-0.617574308051884,1.04614573662331,1,"ns"
"M","2","NR","hour","9","13",0,0.214285714285714,-0.617574308051885,1.04614573662331,1,"ns"
"M","2","NR","hour","9","14",0,1.04761904761905,0.215759025281449,1.87947906995664,0.00169,"**"
"M","2","NR","hour","9","15",0,1.14285714285714,0.310997120519544,1.97471716519474,0.000296,"***"
"M","2","NR","hour","9","16",0,1.30952380952381,0.477663787186212,2.14138383186141,1.08e-05,"****"
"M","2","NR","hour","9","17",0,1.14285714285714,0.310997120519543,1.97471716519474,0.000296,"***"
"M","2","NR","hour","9","18",0,0.88095238095238,0.0490923586147817,1.71281240328998,0.0251,"*"
"M","2","NR","hour","9","19",0,0.547619047619047,-0.284240974718551,1.37947906995664,0.709,"ns"
"M","2","NR","hour","9","20",0,0.428571428571428,-0.40328859376617,1.26043145090903,0.96,"ns"
"M","2","NR","hour","9","21",0,0.428571428571428,-0.403288593766171,1.26043145090903,0.96,"ns"
"M","2","NR","hour","9","22",0,0.38095238095238,-0.450907641385218,1.21281240328998,0.99,"ns"
"M","2","NR","hour","9","23",0,0.523809523809523,-0.308050498528075,1.35566954614712,0.78,"ns"
"M","2","NR","hour","10","11",0,0.261904761904761,-0.569955260432837,1.09376478424236,1,"ns"
"M","2","NR","hour","10","12",0,0.11904761904762,-0.712812403289978,0.950907641385218,1,"ns"
"M","2","NR","hour","10","13",0,0.119047619047619,-0.712812403289979,0.950907641385217,1,"ns"
"M","2","NR","hour","10","14",0,0.952380952380952,0.120520930043354,1.78424097471855,0.00838,"**"
"M","2","NR","hour","10","15",0,1.04761904761905,0.21575902528145,1.87947906995665,0.00169,"**"
"M","2","NR","hour","10","16",0,1.21428571428572,0.382425691948117,2.04614573662331,7.44e-05,"****"
"M","2","NR","hour","10","17",0,1.04761904761905,0.215759025281449,1.87947906995664,0.00169,"**"
"M","2","NR","hour","10","18",0,0.785714285714285,-0.046145736623313,1.61757430805188,0.0908,"ns"
"M","2","NR","hour","10","19",0,0.452380952380952,-0.379479069956646,1.28424097471855,0.933,"ns"
"M","2","NR","hour","10","20",0,0.333333333333333,-0.498526689004265,1.16519335567093,0.998,"ns"
"M","2","NR","hour","10","21",0,0.333333333333333,-0.498526689004265,1.16519335567093,0.998,"ns"
"M","2","NR","hour","10","22",0,0.285714285714285,-0.546145736623313,1.11757430805188,1,"ns"
"M","2","NR","hour","10","23",0,0.428571428571428,-0.40328859376617,1.26043145090903,0.96,"ns"
"M","2","NR","hour","11","12",0,-0.142857142857141,-0.974717165194739,0.689002879480457,1,"ns"
"M","2","NR","hour","11","13",0,-0.142857142857142,-0.97471716519474,0.689002879480456,1,"ns"
"M","2","NR","hour","11","14",0,0.690476190476191,-0.141383831861407,1.52233621281379,0.259,"ns"
"M","2","NR","hour","11","15",0,0.785714285714287,-0.0461457366233115,1.61757430805188,0.0908,"ns"
"M","2","NR","hour","11","16",0,0.952380952380954,0.120520930043356,1.78424097471855,0.00838,"**"
"M","2","NR","hour","11","17",0,0.785714285714286,-0.0461457366233126,1.61757430805188,0.0908,"ns"
"M","2","NR","hour","11","18",0,0.523809523809524,-0.308050498528074,1.35566954614712,0.78,"ns"
"M","2","NR","hour","11","19",0,0.190476190476191,-0.641383831861407,1.02233621281379,1,"ns"
"M","2","NR","hour","11","20",0,0.0714285714285718,-0.760431450909026,0.90328859376617,1,"ns"
"M","2","NR","hour","11","21",0,0.0714285714285717,-0.760431450909026,0.90328859376617,1,"ns"
"M","2","NR","hour","11","22",0,0.0238095238095242,-0.808050498528074,0.855669546147122,1,"ns"
"M","2","NR","hour","11","23",0,0.166666666666667,-0.665193355670931,0.998526689004265,1,"ns"
"M","2","NR","hour","12","13",0,-1.0547118733939e-15,-0.831860022337599,0.831860022337597,1,"ns"
"M","2","NR","hour","12","14",0,0.833333333333332,0.001473310995734,1.66519335567093,0.049,"*"
"M","2","NR","hour","12","15",0,0.928571428571428,0.0967114062338298,1.76043145090903,0.0122,"*"
"M","2","NR","hour","12","16",0,1.0952380952381,0.263378072900497,1.92709811757569,0.000718,"***"
"M","2","NR","hour","12","17",0,0.928571428571427,0.0967114062338287,1.76043145090902,0.0122,"*"
"M","2","NR","hour","12","18",0,0.666666666666665,-0.165193355670933,1.49852668900426,0.322,"ns"
"M","2","NR","hour","12","19",0,0.333333333333332,-0.498526689004266,1.16519335567093,0.998,"ns"
"M","2","NR","hour","12","20",0,0.214285714285713,-0.617574308051885,1.04614573662331,1,"ns"
"M","2","NR","hour","12","21",0,0.214285714285713,-0.617574308051885,1.04614573662331,1,"ns"
"M","2","NR","hour","12","22",0,0.166666666666665,-0.665193355670933,0.998526689004264,1,"ns"
"M","2","NR","hour","12","23",0,0.309523809523808,-0.52233621281379,1.14138383186141,0.999,"ns"
"M","2","NR","hour","13","14",0,0.833333333333333,0.00147331099573511,1.66519335567093,0.049,"*"
"M","2","NR","hour","13","15",0,0.928571428571429,0.0967114062338309,1.76043145090903,0.0122,"*"
"M","2","NR","hour","13","16",0,1.0952380952381,0.263378072900498,1.92709811757569,0.000718,"***"
"M","2","NR","hour","13","17",0,0.928571428571428,0.0967114062338298,1.76043145090903,0.0122,"*"
"M","2","NR","hour","13","18",0,0.666666666666666,-0.165193355670932,1.49852668900426,0.322,"ns"
"M","2","NR","hour","13","19",0,0.333333333333333,-0.498526689004265,1.16519335567093,0.998,"ns"
"M","2","NR","hour","13","20",0,0.214285714285714,-0.617574308051884,1.04614573662331,1,"ns"
"M","2","NR","hour","13","21",0,0.214285714285714,-0.617574308051884,1.04614573662331,1,"ns"
"M","2","NR","hour","13","22",0,0.166666666666666,-0.665193355670932,0.998526689004265,1,"ns"
"M","2","NR","hour","13","23",0,0.309523809523809,-0.522336212813789,1.14138383186141,0.999,"ns"
"M","2","NR","hour","14","15",0,0.0952380952380958,-0.736621927099502,0.927098117575694,1,"ns"
"M","2","NR","hour","14","16",0,0.261904761904763,-0.569955260432835,1.09376478424236,1,"ns"
"M","2","NR","hour","14","17",0,0.0952380952380947,-0.736621927099503,0.927098117575693,1,"ns"
"M","2","NR","hour","14","18",0,-0.166666666666667,-0.998526689004265,0.665193355670931,1,"ns"
"M","2","NR","hour","14","19",0,-0.5,-1.3318600223376,0.331860022337598,0.842,"ns"
"M","2","NR","hour","14","20",0,-0.619047619047619,-1.45090764138522,0.212812403289979,0.469,"ns"
"M","2","NR","hour","14","21",0,-0.619047619047619,-1.45090764138522,0.212812403289979,0.469,"ns"
"M","2","NR","hour","14","22",0,-0.666666666666667,-1.49852668900426,0.165193355670931,0.322,"ns"
"M","2","NR","hour","14","23",0,-0.523809523809524,-1.35566954614712,0.308050498528074,0.78,"ns"
"M","2","NR","hour","15","16",0,0.166666666666667,-0.665193355670931,0.998526689004265,1,"ns"
"M","2","NR","hour","15","17",0,-1.11022302462516e-15,-0.831860022337599,0.831860022337597,1,"ns"
"M","2","NR","hour","15","18",0,-0.261904761904763,-1.09376478424236,0.569955260432835,1,"ns"
"M","2","NR","hour","15","19",0,-0.595238095238096,-1.42709811757569,0.236621927099502,0.55,"ns"
"M","2","NR","hour","15","20",0,-0.714285714285715,-1.54614573662331,0.117574308051883,0.204,"ns"
"M","2","NR","hour","15","21",0,-0.714285714285715,-1.54614573662331,0.117574308051883,0.204,"ns"
"M","2","NR","hour","15","22",0,-0.761904761904763,-1.59376478424236,0.0699552604328356,0.121,"ns"
"M","2","NR","hour","15","23",0,-0.61904761904762,-1.45090764138522,0.212812403289979,0.469,"ns"
"M","2","NR","hour","16","17",0,-0.166666666666668,-0.998526689004266,0.66519335567093,1,"ns"
"M","2","NR","hour","16","18",0,-0.42857142857143,-1.26043145090903,0.403288593766168,0.96,"ns"
"M","2","NR","hour","16","19",0,-0.761904761904763,-1.59376478424236,0.0699552604328351,0.121,"ns"
"M","2","NR","hour","16","20",0,-0.880952380952382,-1.71281240328998,-0.0490923586147839,0.0251,"*"
"M","2","NR","hour","16","21",0,-0.880952380952382,-1.71281240328998,-0.049092358614784,0.0251,"*"
"M","2","NR","hour","16","22",0,-0.92857142857143,-1.76043145090903,-0.0967114062338316,0.0122,"*"
"M","2","NR","hour","16","23",0,-0.785714285714287,-1.61757430805188,0.0461457366233115,0.0908,"ns"
"M","2","NR","hour","17","18",0,-0.261904761904762,-1.09376478424236,0.569955260432837,1,"ns"
"M","2","NR","hour","17","19",0,-0.595238095238095,-1.42709811757569,0.236621927099503,0.55,"ns"
"M","2","NR","hour","17","20",0,-0.714285714285714,-1.54614573662331,0.117574308051884,0.204,"ns"
"M","2","NR","hour","17","21",0,-0.714285714285714,-1.54614573662331,0.117574308051884,0.204,"ns"
"M","2","NR","hour","17","22",0,-0.761904761904761,-1.59376478424236,0.0699552604328367,0.121,"ns"
"M","2","NR","hour","17","23",0,-0.619047619047618,-1.45090764138522,0.21281240328998,0.469,"ns"
"M","2","NR","hour","18","19",0,-0.333333333333333,-1.16519335567093,0.498526689004265,0.998,"ns"
"M","2","NR","hour","18","20",0,-0.452380952380952,-1.28424097471855,0.379479069956646,0.933,"ns"
"M","2","NR","hour","18","21",0,-0.452380952380952,-1.28424097471855,0.379479069956646,0.933,"ns"
"M","2","NR","hour","18","22",0,-0.5,-1.3318600223376,0.331860022337598,0.842,"ns"
"M","2","NR","hour","18","23",0,-0.357142857142857,-1.18900287948046,0.474717165194741,0.995,"ns"
"M","2","NR","hour","19","20",0,-0.119047619047619,-0.950907641385217,0.712812403289979,1,"ns"
"M","2","NR","hour","19","21",0,-0.119047619047619,-0.950907641385217,0.712812403289979,1,"ns"
"M","2","NR","hour","19","22",0,-0.166666666666667,-0.998526689004265,0.665193355670932,1,"ns"
"M","2","NR","hour","19","23",0,-0.0238095238095236,-0.855669546147122,0.808050498528075,1,"ns"
"M","2","NR","hour","20","21",0,-1.11022302462516e-16,-0.831860022337598,0.831860022337598,1,"ns"
"M","2","NR","hour","20","22",0,-0.0476190476190477,-0.879479069956646,0.78424097471855,1,"ns"
"M","2","NR","hour","20","23",0,0.0952380952380953,-0.736621927099503,0.927098117575693,1,"ns"
"M","2","NR","hour","21","22",0,-0.0476190476190476,-0.879479069956646,0.784240974718551,1,"ns"
"M","2","NR","hour","21","23",0,0.0952380952380955,-0.736621927099503,0.927098117575694,1,"ns"
"M","2","NR","hour","22","23",0,0.142857142857143,-0.689002879480455,0.974717165194741,1,"ns"
"M","2","PR","hour","0","1",0,-0.119047619047618,-0.52014538068851,0.282050142593274,1,"ns"
"M","2","PR","hour","0","2",0,0.0238095238095246,-0.377288237831367,0.424907285450417,1,"ns"
"M","2","PR","hour","0","3",0,8.04911692853238e-16,-0.401097761640891,0.401097761640893,1,"ns"
"M","2","PR","hour","0","4",0,-0.0238095238095231,-0.424907285450415,0.377288237831369,1,"ns"
"M","2","PR","hour","0","5",0,0.0476190476190487,-0.353478714021843,0.448716809259941,1,"ns"
"M","2","PR","hour","0","6",0,0.0238095238095245,-0.377288237831368,0.424907285450417,1,"ns"
"M","2","PR","hour","0","7",0,-0.0714285714285705,-0.472526333069463,0.329669190212322,1,"ns"
"M","2","PR","hour","0","8",0,0.0714285714285722,-0.32966919021232,0.472526333069464,1,"ns"
"M","2","PR","hour","0","9",0,-0.0476190476190467,-0.448716809259939,0.353478714021845,1,"ns"
"M","2","PR","hour","0","10",0,0.0476190476190481,-0.353478714021844,0.44871680925994,1,"ns"
"M","2","PR","hour","0","11",0,0.0476190476190484,-0.353478714021844,0.448716809259941,1,"ns"
"M","2","PR","hour","0","12",0,7.49400541621981e-16,-0.401097761640891,0.401097761640893,1,"ns"
"M","2","PR","hour","0","13",0,-0.142857142857142,-0.543954904498034,0.25824061878375,1,"ns"
"M","2","PR","hour","0","14",0,0.0476190476190483,-0.353478714021844,0.44871680925994,1,"ns"
"M","2","PR","hour","0","15",0,0.190476190476191,-0.210621571164701,0.591573952117084,0.984,"ns"
"M","2","PR","hour","0","16",0,0.0238095238095246,-0.377288237831367,0.424907285450417,1,"ns"
"M","2","PR","hour","0","17",0,0.142857142857144,-0.258240618783748,0.543954904498036,1,"ns"
"M","2","PR","hour","0","18",0,0.0238095238095244,-0.377288237831368,0.424907285450416,1,"ns"
"M","2","PR","hour","0","19",0,0.0238095238095244,-0.377288237831368,0.424907285450417,1,"ns"
"M","2","PR","hour","0","20",0,-0.0714285714285707,-0.472526333069463,0.329669190212321,1,"ns"
"M","2","PR","hour","0","21",0,6.10622663543836e-16,-0.401097761640891,0.401097761640893,1,"ns"
"M","2","PR","hour","0","22",0,0.0714285714285723,-0.32966919021232,0.472526333069464,1,"ns"
"M","2","PR","hour","0","23",0,0.0238095238095244,-0.377288237831368,0.424907285450416,1,"ns"
"M","2","PR","hour","1","2",0,0.142857142857142,-0.25824061878375,0.543954904498034,1,"ns"
"M","2","PR","hour","1","3",0,0.119047619047619,-0.282050142593273,0.520145380688511,1,"ns"
"M","2","PR","hour","1","4",0,0.0952380952380947,-0.305859666402797,0.496335856878987,1,"ns"
"M","2","PR","hour","1","5",0,0.166666666666666,-0.234431094974226,0.567764428307559,0.997,"ns"
"M","2","PR","hour","1","6",0,0.142857142857142,-0.25824061878375,0.543954904498034,1,"ns"
"M","2","PR","hour","1","7",0,0.0476190476190473,-0.353478714021845,0.448716809259939,1,"ns"
"M","2","PR","hour","1","8",0,0.19047619047619,-0.210621571164702,0.591573952117082,0.984,"ns"
"M","2","PR","hour","1","9",0,0.0714285714285711,-0.329669190212321,0.472526333069463,1,"ns"
"M","2","PR","hour","1","10",0,0.166666666666666,-0.234431094974226,0.567764428307558,0.997,"ns"
"M","2","PR","hour","1","11",0,0.166666666666666,-0.234431094974226,0.567764428307558,0.997,"ns"
"M","2","PR","hour","1","12",0,0.119047619047619,-0.282050142593274,0.520145380688511,1,"ns"
"M","2","PR","hour","1","13",0,-0.0238095238095243,-0.424907285450416,0.377288237831368,1,"ns"
"M","2","PR","hour","1","14",0,0.166666666666666,-0.234431094974226,0.567764428307558,0.997,"ns"
"M","2","PR","hour","1","15",0,0.309523809523809,-0.0915739521170829,0.710621571164701,0.395,"ns"
"M","2","PR","hour","1","16",0,0.142857142857142,-0.25824061878375,0.543954904498035,1,"ns"
"M","2","PR","hour","1","17",0,0.261904761904762,-0.13919299973613,0.663002523545654,0.723,"ns"
"M","2","PR","hour","1","18",0,0.142857142857142,-0.25824061878375,0.543954904498034,1,"ns"
"M","2","PR","hour","1","19",0,0.142857142857142,-0.25824061878375,0.543954904498034,1,"ns"
"M","2","PR","hour","1","20",0,0.0476190476190471,-0.353478714021845,0.448716809259939,1,"ns"
"M","2","PR","hour","1","21",0,0.119047619047618,-0.282050142593274,0.52014538068851,1,"ns"
"M","2","PR","hour","1","22",0,0.19047619047619,-0.210621571164702,0.591573952117082,0.984,"ns"
"M","2","PR","hour","1","23",0,0.142857142857142,-0.25824061878375,0.543954904498034,1,"ns"
"M","2","PR","hour","2","3",0,-0.0238095238095238,-0.424907285450416,0.377288237831368,1,"ns"
"M","2","PR","hour","2","4",0,-0.0476190476190477,-0.44871680925994,0.353478714021844,1,"ns"
"M","2","PR","hour","2","5",0,0.0238095238095241,-0.377288237831368,0.424907285450416,1,"ns"
"M","2","PR","hour","2","6",0,-1.11022302462516e-16,-0.401097761640892,0.401097761640892,1,"ns"
"M","2","PR","hour","2","7",0,-0.0952380952380951,-0.496335856878987,0.305859666402797,1,"ns"
"M","2","PR","hour","2","8",0,0.0476190476190476,-0.353478714021844,0.44871680925994,1,"ns"
"M","2","PR","hour","2","9",0,-0.0714285714285713,-0.472526333069463,0.329669190212321,1,"ns"
"M","2","PR","hour","2","10",0,0.0238095238095236,-0.377288237831369,0.424907285450416,1,"ns"
"M","2","PR","hour","2","11",0,0.0238095238095238,-0.377288237831368,0.424907285450416,1,"ns"
"M","2","PR","hour","2","12",0,-0.0238095238095238,-0.424907285450416,0.377288237831368,1,"ns"
"M","2","PR","hour","2","13",0,-0.166666666666667,-0.567764428307559,0.234431094974225,0.997,"ns"
"M","2","PR","hour","2","14",0,0.0238095238095237,-0.377288237831368,0.424907285450416,1,"ns"
"M","2","PR","hour","2","15",0,0.166666666666667,-0.234431094974225,0.567764428307559,0.997,"ns"
"M","2","PR","hour","2","16",0,5.55111512312578e-17,-0.401097761640892,0.401097761640892,1,"ns"
"M","2","PR","hour","2","17",0,0.119047619047619,-0.282050142593273,0.520145380688511,1,"ns"
"M","2","PR","hour","2","18",0,-1.94289029309402e-16,-0.401097761640892,0.401097761640892,1,"ns"
"M","2","PR","hour","2","19",0,-1.38777878078145e-16,-0.401097761640892,0.401097761640892,1,"ns"
"M","2","PR","hour","2","20",0,-0.0952380952380953,-0.496335856878987,0.305859666402797,1,"ns"
"M","2","PR","hour","2","21",0,-0.023809523809524,-0.424907285450416,0.377288237831368,1,"ns"
"M","2","PR","hour","2","22",0,0.0476190476190477,-0.353478714021844,0.44871680925994,1,"ns"
"M","2","PR","hour","2","23",0,-2.22044604925031e-16,-0.401097761640892,0.401097761640892,1,"ns"
"M","2","PR","hour","3","4",0,-0.0238095238095239,-0.424907285450416,0.377288237831368,1,"ns"
"M","2","PR","hour","3","5",0,0.0476190476190479,-0.353478714021844,0.44871680925994,1,"ns"
"M","2","PR","hour","3","6",0,0.0238095238095237,-0.377288237831368,0.424907285450416,1,"ns"
"M","2","PR","hour","3","7",0,-0.0714285714285713,-0.472526333069463,0.329669190212321,1,"ns"
"M","2","PR","hour","3","8",0,0.0714285714285714,-0.329669190212321,0.472526333069463,1,"ns"
"M","2","PR","hour","3","9",0,-0.0476190476190475,-0.44871680925994,0.353478714021845,1,"ns"
"M","2","PR","hour","3","10",0,0.0476190476190473,-0.353478714021845,0.448716809259939,1,"ns"
"M","2","PR","hour","3","11",0,0.0476190476190476,-0.353478714021844,0.44871680925994,1,"ns"
"M","2","PR","hour","3","12",0,-5.55111512312578e-17,-0.401097761640892,0.401097761640892,1,"ns"
"M","2","PR","hour","3","13",0,-0.142857142857143,-0.543954904498035,0.258240618783749,1,"ns"
"M","2","PR","hour","3","14",0,0.0476190476190474,-0.353478714021845,0.44871680925994,1,"ns"
"M","2","PR","hour","3","15",0,0.190476190476191,-0.210621571164701,0.591573952117083,0.984,"ns"
"M","2","PR","hour","3","16",0,0.0238095238095238,-0.377288237831368,0.424907285450416,1,"ns"
"M","2","PR","hour","3","17",0,0.142857142857143,-0.258240618783749,0.543954904498035,1,"ns"
"M","2","PR","hour","3","18",0,0.0238095238095236,-0.377288237831368,0.424907285450416,1,"ns"
"M","2","PR","hour","3","19",0,0.0238095238095236,-0.377288237831368,0.424907285450416,1,"ns"
"M","2","PR","hour","3","20",0,-0.0714285714285715,-0.472526333069464,0.329669190212321,1,"ns"
"M","2","PR","hour","3","21",0,-1.94289029309402e-16,-0.401097761640892,0.401097761640892,1,"ns"
"M","2","PR","hour","3","22",0,0.0714285714285715,-0.329669190212321,0.472526333069464,1,"ns"
"M","2","PR","hour","3","23",0,0.0238095238095236,-0.377288237831369,0.424907285450416,1,"ns"
"M","2","PR","hour","4","5",0,0.0714285714285718,-0.32966919021232,0.472526333069464,1,"ns"
"M","2","PR","hour","4","6",0,0.0476190476190476,-0.353478714021844,0.44871680925994,1,"ns"
"M","2","PR","hour","4","7",0,-0.0476190476190474,-0.44871680925994,0.353478714021845,1,"ns"
"M","2","PR","hour","4","8",0,0.0952380952380953,-0.305859666402797,0.496335856878987,1,"ns"
"M","2","PR","hour","4","9",0,-0.0238095238095236,-0.424907285450416,0.377288237831368,1,"ns"
"M","2","PR","hour","4","10",0,0.0714285714285712,-0.329669190212321,0.472526333069463,1,"ns"
"M","2","PR","hour","4","11",0,0.0714285714285715,-0.329669190212321,0.472526333069464,1,"ns"
"M","2","PR","hour","4","12",0,0.0238095238095238,-0.377288237831368,0.424907285450416,1,"ns"
"M","2","PR","hour","4","13",0,-0.119047619047619,-0.520145380688511,0.282050142593273,1,"ns"
"M","2","PR","hour","4","14",0,0.0714285714285713,-0.329669190212321,0.472526333069463,1,"ns"
"M","2","PR","hour","4","15",0,0.214285714285715,-0.186812047355178,0.615383475926607,0.943,"ns"
"M","2","PR","hour","4","16",0,0.0476190476190477,-0.353478714021844,0.44871680925994,1,"ns"
"M","2","PR","hour","4","17",0,0.166666666666667,-0.234431094974225,0.567764428307559,0.997,"ns"
"M","2","PR","hour","4","18",0,0.0476190476190475,-0.353478714021845,0.44871680925994,1,"ns"
"M","2","PR","hour","4","19",0,0.0476190476190475,-0.353478714021844,0.44871680925994,1,"ns"
"M","2","PR","hour","4","20",0,-0.0476190476190476,-0.44871680925994,0.353478714021844,1,"ns"
"M","2","PR","hour","4","21",0,0.0238095238095237,-0.377288237831368,0.424907285450416,1,"ns"
"M","2","PR","hour","4","22",0,0.0952380952380953,-0.305859666402797,0.496335856878987,1,"ns"
"M","2","PR","hour","4","23",0,0.0476190476190474,-0.353478714021845,0.44871680925994,1,"ns"
"M","2","PR","hour","5","6",0,-0.0238095238095242,-0.424907285450416,0.377288237831368,1,"ns"
"M","2","PR","hour","5","7",0,-0.119047619047619,-0.520145380688511,0.282050142593273,1,"ns"
"M","2","PR","hour","5","8",0,0.0238095238095235,-0.377288237831369,0.424907285450416,1,"ns"
"M","2","PR","hour","5","9",0,-0.0952380952380954,-0.496335856878987,0.305859666402797,1,"ns"
"M","2","PR","hour","5","10",0,-5.55111512312578e-16,-0.401097761640893,0.401097761640892,1,"ns"
"M","2","PR","hour","5","11",0,-2.77555756156289e-16,-0.401097761640892,0.401097761640892,1,"ns"
"M","2","PR","hour","5","12",0,-0.0476190476190479,-0.44871680925994,0.353478714021844,1,"ns"
"M","2","PR","hour","5","13",0,-0.190476190476191,-0.591573952117083,0.210621571164701,0.984,"ns"
"M","2","PR","hour","5","14",0,-4.44089209850063e-16,-0.401097761640893,0.401097761640892,1,"ns"
"M","2","PR","hour","5","15",0,0.142857142857143,-0.258240618783749,0.543954904498035,1,"ns"
"M","2","PR","hour","5","16",0,-0.0238095238095241,-0.424907285450416,0.377288237831368,1,"ns"
"M","2","PR","hour","5","17",0,0.0952380952380953,-0.305859666402797,0.496335856878987,1,"ns"
"M","2","PR","hour","5","18",0,-0.0238095238095243,-0.424907285450416,0.377288237831368,1,"ns"
"M","2","PR","hour","5","19",0,-0.0238095238095243,-0.424907285450416,0.377288237831368,1,"ns"
"M","2","PR","hour","5","20",0,-0.119047619047619,-0.520145380688511,0.282050142593273,1,"ns"
"M","2","PR","hour","5","21",0,-0.0476190476190481,-0.44871680925994,0.353478714021844,1,"ns"
"M","2","PR","hour","5","22",0,0.0238095238095236,-0.377288237831369,0.424907285450416,1,"ns"
"M","2","PR","hour","5","23",0,-0.0238095238095243,-0.424907285450416,0.377288237831368,1,"ns"
"M","2","PR","hour","6","7",0,-0.095238095238095,-0.496335856878987,0.305859666402797,1,"ns"
"M","2","PR","hour","6","8",0,0.0476190476190477,-0.353478714021844,0.44871680925994,1,"ns"
"M","2","PR","hour","6","9",0,-0.0714285714285712,-0.472526333069463,0.329669190212321,1,"ns"
"M","2","PR","hour","6","10",0,0.0238095238095237,-0.377288237831368,0.424907285450416,1,"ns"
"M","2","PR","hour","6","11",0,0.0238095238095239,-0.377288237831368,0.424907285450416,1,"ns"
"M","2","PR","hour","6","12",0,-0.0238095238095237,-0.424907285450416,0.377288237831368,1,"ns"
"M","2","PR","hour","6","13",0,-0.166666666666667,-0.567764428307559,0.234431094974226,0.997,"ns"
"M","2","PR","hour","6","14",0,0.0238095238095238,-0.377288237831368,0.424907285450416,1,"ns"
"M","2","PR","hour","6","15",0,0.166666666666667,-0.234431094974225,0.567764428307559,0.997,"ns"
"M","2","PR","hour","6","16",0,1.66533453693773e-16,-0.401097761640892,0.401097761640892,1,"ns"
"M","2","PR","hour","6","17",0,0.11904761904762,-0.282050142593272,0.520145380688512,1,"ns"
"M","2","PR","hour","6","18",0,-8.32667268468867e-17,-0.401097761640892,0.401097761640892,1,"ns"
"M","2","PR","hour","6","19",0,-2.77555756156289e-17,-0.401097761640892,0.401097761640892,1,"ns"
"M","2","PR","hour","6","20",0,-0.0952380952380952,-0.496335856878987,0.305859666402797,1,"ns"
"M","2","PR","hour","6","21",0,-0.0238095238095239,-0.424907285450416,0.377288237831368,1,"ns"
"M","2","PR","hour","6","22",0,0.0476190476190478,-0.353478714021844,0.44871680925994,1,"ns"
"M","2","PR","hour","6","23",0,-1.11022302462516e-16,-0.401097761640892,0.401097761640892,1,"ns"
"M","2","PR","hour","7","8",0,0.142857142857143,-0.258240618783749,0.543954904498035,1,"ns"
"M","2","PR","hour","7","9",0,0.0238095238095238,-0.377288237831368,0.424907285450416,1,"ns"
"M","2","PR","hour","7","10",0,0.119047619047619,-0.282050142593273,0.520145380688511,1,"ns"
"M","2","PR","hour","7","11",0,0.119047619047619,-0.282050142593273,0.520145380688511,1,"ns"
"M","2","PR","hour","7","12",0,0.0714285714285713,-0.329669190212321,0.472526333069463,1,"ns"
"M","2","PR","hour","7","13",0,-0.0714285714285715,-0.472526333069464,0.329669190212321,1,"ns"
"M","2","PR","hour","7","14",0,0.119047619047619,-0.282050142593273,0.520145380688511,1,"ns"
"M","2","PR","hour","7","15",0,0.261904761904762,-0.13919299973613,0.663002523545654,0.723,"ns"
"M","2","PR","hour","7","16",0,0.0952380952380952,-0.305859666402797,0.496335856878987,1,"ns"
"M","2","PR","hour","7","17",0,0.214285714285715,-0.186812047355177,0.615383475926607,0.943,"ns"
"M","2","PR","hour","7","18",0,0.0952380952380949,-0.305859666402797,0.496335856878987,1,"ns"
"M","2","PR","hour","7","19",0,0.095238095238095,-0.305859666402797,0.496335856878987,1,"ns"
"M","2","PR","hour","7","20",0,-1.66533453693773e-16,-0.401097761640892,0.401097761640892,1,"ns"
"M","2","PR","hour","7","21",0,0.0714285714285711,-0.329669190212321,0.472526333069463,1,"ns"
"M","2","PR","hour","7","22",0,0.142857142857143,-0.258240618783749,0.543954904498035,1,"ns"
"M","2","PR","hour","7","23",0,0.0952380952380949,-0.305859666402797,0.496335856878987,1,"ns"
"M","2","PR","hour","8","9",0,-0.119047619047619,-0.520145380688511,0.282050142593273,1,"ns"
"M","2","PR","hour","8","10",0,-0.0238095238095241,-0.424907285450416,0.377288237831368,1,"ns"
"M","2","PR","hour","8","11",0,-0.0238095238095238,-0.424907285450416,0.377288237831368,1,"ns"
"M","2","PR","hour","8","12",0,-0.0714285714285715,-0.472526333069464,0.329669190212321,1,"ns"
"M","2","PR","hour","8","13",0,-0.214285714285714,-0.615383475926606,0.186812047355178,0.943,"ns"
"M","2","PR","hour","8","14",0,-0.0238095238095239,-0.424907285450416,0.377288237831368,1,"ns"
"M","2","PR","hour","8","15",0,0.119047619047619,-0.282050142593273,0.520145380688511,1,"ns"
"M","2","PR","hour","8","16",0,-0.0476190476190476,-0.44871680925994,0.353478714021844,1,"ns"
"M","2","PR","hour","8","17",0,0.0714285714285718,-0.32966919021232,0.472526333069464,1,"ns"
"M","2","PR","hour","8","18",0,-0.0476190476190478,-0.44871680925994,0.353478714021844,1,"ns"
"M","2","PR","hour","8","19",0,-0.0476190476190478,-0.44871680925994,0.353478714021844,1,"ns"
"M","2","PR","hour","8","20",0,-0.142857142857143,-0.543954904498035,0.258240618783749,1,"ns"
"M","2","PR","hour","8","21",0,-0.0714285714285716,-0.472526333069464,0.32966919021232,1,"ns"
"M","2","PR","hour","8","22",0,5.55111512312578e-17,-0.401097761640892,0.401097761640892,1,"ns"
"M","2","PR","hour","8","23",0,-0.0476190476190478,-0.44871680925994,0.353478714021844,1,"ns"
"M","2","PR","hour","9","10",0,0.0952380952380948,-0.305859666402797,0.496335856878987,1,"ns"
"M","2","PR","hour","9","11",0,0.0952380952380951,-0.305859666402797,0.496335856878987,1,"ns"
"M","2","PR","hour","9","12",0,0.0476190476190474,-0.353478714021845,0.44871680925994,1,"ns"
"M","2","PR","hour","9","13",0,-0.0952380952380954,-0.496335856878987,0.305859666402797,1,"ns"
"M","2","PR","hour","9","14",0,0.095238095238095,-0.305859666402797,0.496335856878987,1,"ns"
"M","2","PR","hour","9","15",0,0.238095238095238,-0.163002523545654,0.63919299973613,0.857,"ns"
"M","2","PR","hour","9","16",0,0.0714285714285713,-0.329669190212321,0.472526333069463,1,"ns"
"M","2","PR","hour","9","17",0,0.190476190476191,-0.210621571164701,0.591573952117083,0.984,"ns"
"M","2","PR","hour","9","18",0,0.0714285714285711,-0.329669190212321,0.472526333069463,1,"ns"
"M","2","PR","hour","9","19",0,0.0714285714285711,-0.329669190212321,0.472526333069463,1,"ns"
"M","2","PR","hour","9","20",0,-0.023809523809524,-0.424907285450416,0.377288237831368,1,"ns"
"M","2","PR","hour","9","21",0,0.0476190476190473,-0.353478714021845,0.448716809259939,1,"ns"
"M","2","PR","hour","9","22",0,0.119047619047619,-0.282050142593273,0.520145380688511,1,"ns"
"M","2","PR","hour","9","23",0,0.0714285714285711,-0.329669190212321,0.472526333069463,1,"ns"
"M","2","PR","hour","10","11",0,2.77555756156289e-16,-0.401097761640892,0.401097761640892,1,"ns"
"M","2","PR","hour","10","12",0,-0.0476190476190474,-0.448716809259939,0.353478714021845,1,"ns"
"M","2","PR","hour","10","13",0,-0.19047619047619,-0.591573952117082,0.210621571164702,0.984,"ns"
"M","2","PR","hour","10","14",0,1.11022302462516e-16,-0.401097761640892,0.401097761640892,1,"ns"
"M","2","PR","hour","10","15",0,0.142857142857143,-0.258240618783749,0.543954904498035,1,"ns"
"M","2","PR","hour","10","16",0,-0.0238095238095235,-0.424907285450416,0.377288237831369,1,"ns"
"M","2","PR","hour","10","17",0,0.0952380952380959,-0.305859666402796,0.496335856878988,1,"ns"
"M","2","PR","hour","10","18",0,-0.0238095238095238,-0.424907285450416,0.377288237831368,1,"ns"
"M","2","PR","hour","10","19",0,-0.0238095238095237,-0.424907285450416,0.377288237831368,1,"ns"
"M","2","PR","hour","10","20",0,-0.119047619047619,-0.520145380688511,0.282050142593273,1,"ns"
"M","2","PR","hour","10","21",0,-0.0476190476190475,-0.44871680925994,0.353478714021844,1,"ns"
"M","2","PR","hour","10","22",0,0.0238095238095241,-0.377288237831368,0.424907285450416,1,"ns"
"M","2","PR","hour","10","23",0,-0.0238095238095238,-0.424907285450416,0.377288237831368,1,"ns"
"M","2","PR","hour","11","12",0,-0.0476190476190477,-0.44871680925994,0.353478714021844,1,"ns"
"M","2","PR","hour","11","13",0,-0.19047619047619,-0.591573952117083,0.210621571164702,0.984,"ns"
"M","2","PR","hour","11","14",0,-1.66533453693773e-16,-0.401097761640892,0.401097761640892,1,"ns"
"M","2","PR","hour","11","15",0,0.142857142857143,-0.258240618783749,0.543954904498035,1,"ns"
"M","2","PR","hour","11","16",0,-0.0238095238095238,-0.424907285450416,0.377288237831368,1,"ns"
"M","2","PR","hour","11","17",0,0.0952380952380956,-0.305859666402796,0.496335856878988,1,"ns"
"M","2","PR","hour","11","18",0,-0.023809523809524,-0.424907285450416,0.377288237831368,1,"ns"
"M","2","PR","hour","11","19",0,-0.023809523809524,-0.424907285450416,0.377288237831368,1,"ns"
"M","2","PR","hour","11","20",0,-0.119047619047619,-0.520145380688511,0.282050142593273,1,"ns"
"M","2","PR","hour","11","21",0,-0.0476190476190478,-0.44871680925994,0.353478714021844,1,"ns"
"M","2","PR","hour","11","22",0,0.0238095238095238,-0.377288237831368,0.424907285450416,1,"ns"
"M","2","PR","hour","11","23",0,-0.0238095238095241,-0.424907285450416,0.377288237831368,1,"ns"
"M","2","PR","hour","12","13",0,-0.142857142857143,-0.543954904498035,0.258240618783749,1,"ns"
"M","2","PR","hour","12","14",0,0.0476190476190475,-0.353478714021845,0.44871680925994,1,"ns"
"M","2","PR","hour","12","15",0,0.190476190476191,-0.210621571164701,0.591573952117083,0.984,"ns"
"M","2","PR","hour","12","16",0,0.0238095238095239,-0.377288237831368,0.424907285450416,1,"ns"
"M","2","PR","hour","12","17",0,0.142857142857143,-0.258240618783749,0.543954904498035,1,"ns"
"M","2","PR","hour","12","18",0,0.0238095238095236,-0.377288237831368,0.424907285450416,1,"ns"
"M","2","PR","hour","12","19",0,0.0238095238095237,-0.377288237831368,0.424907285450416,1,"ns"
"M","2","PR","hour","12","20",0,-0.0714285714285715,-0.472526333069464,0.329669190212321,1,"ns"
"M","2","PR","hour","12","21",0,-1.38777878078145e-16,-0.401097761640892,0.401097761640892,1,"ns"
"M","2","PR","hour","12","22",0,0.0714285714285715,-0.329669190212321,0.472526333069464,1,"ns"
"M","2","PR","hour","12","23",0,0.0238095238095236,-0.377288237831368,0.424907285450416,1,"ns"
"M","2","PR","hour","13","14",0,0.19047619047619,-0.210621571164702,0.591573952117082,0.984,"ns"
"M","2","PR","hour","13","15",0,0.333333333333333,-0.0677644283075586,0.734431094974226,0.257,"ns"
"M","2","PR","hour","13","16",0,0.166666666666667,-0.234431094974225,0.567764428307559,0.997,"ns"
"M","2","PR","hour","13","17",0,0.285714285714286,-0.115383475926606,0.686812047355178,0.559,"ns"
"M","2","PR","hour","13","18",0,0.166666666666666,-0.234431094974226,0.567764428307558,0.997,"ns"
"M","2","PR","hour","13","19",0,0.166666666666667,-0.234431094974226,0.567764428307559,0.997,"ns"
"M","2","PR","hour","13","20",0,0.0714285714285714,-0.329669190212321,0.472526333069463,1,"ns"
"M","2","PR","hour","13","21",0,0.142857142857143,-0.258240618783749,0.543954904498035,1,"ns"
"M","2","PR","hour","13","22",0,0.214285714285714,-0.186812047355178,0.615383475926606,0.943,"ns"
"M","2","PR","hour","13","23",0,0.166666666666666,-0.234431094974226,0.567764428307558,0.997,"ns"
"M","2","PR","hour","14","15",0,0.142857142857143,-0.258240618783749,0.543954904498035,1,"ns"
"M","2","PR","hour","14","16",0,-0.0238095238095236,-0.424907285450416,0.377288237831368,1,"ns"
"M","2","PR","hour","14","17",0,0.0952380952380958,-0.305859666402796,0.496335856878988,1,"ns"
"M","2","PR","hour","14","18",0,-0.0238095238095239,-0.424907285450416,0.377288237831368,1,"ns"
"M","2","PR","hour","14","19",0,-0.0238095238095238,-0.424907285450416,0.377288237831368,1,"ns"
"M","2","PR","hour","14","20",0,-0.119047619047619,-0.520145380688511,0.282050142593273,1,"ns"
"M","2","PR","hour","14","21",0,-0.0476190476190476,-0.44871680925994,0.353478714021844,1,"ns"
"M","2","PR","hour","14","22",0,0.023809523809524,-0.377288237831368,0.424907285450416,1,"ns"
"M","2","PR","hour","14","23",0,-0.0238095238095239,-0.424907285450416,0.377288237831368,1,"ns"
"M","2","PR","hour","15","16",0,-0.166666666666667,-0.567764428307559,0.234431094974225,0.997,"ns"
"M","2","PR","hour","15","17",0,-0.0476190476190474,-0.448716809259939,0.353478714021845,1,"ns"
"M","2","PR","hour","15","18",0,-0.166666666666667,-0.567764428307559,0.234431094974225,0.997,"ns"
"M","2","PR","hour","15","19",0,-0.166666666666667,-0.567764428307559,0.234431094974225,0.997,"ns"
"M","2","PR","hour","15","20",0,-0.261904761904762,-0.663002523545654,0.13919299973613,0.723,"ns"
"M","2","PR","hour","15","21",0,-0.190476190476191,-0.591573952117083,0.210621571164701,0.984,"ns"
"M","2","PR","hour","15","22",0,-0.119047619047619,-0.520145380688511,0.282050142593273,1,"ns"
"M","2","PR","hour","15","23",0,-0.166666666666667,-0.567764428307559,0.234431094974225,0.997,"ns"
"M","2","PR","hour","16","17",0,0.119047619047619,-0.282050142593273,0.520145380688511,1,"ns"
"M","2","PR","hour","16","18",0,-2.4980018054066e-16,-0.401097761640892,0.401097761640892,1,"ns"
"M","2","PR","hour","16","19",0,-1.94289029309402e-16,-0.401097761640892,0.401097761640892,1,"ns"
"M","2","PR","hour","16","20",0,-0.0952380952380953,-0.496335856878987,0.305859666402797,1,"ns"
"M","2","PR","hour","16","21",0,-0.023809523809524,-0.424907285450416,0.377288237831368,1,"ns"
"M","2","PR","hour","16","22",0,0.0476190476190476,-0.353478714021844,0.44871680925994,1,"ns"
"M","2","PR","hour","16","23",0,-2.77555756156289e-16,-0.401097761640892,0.401097761640892,1,"ns"
"M","2","PR","hour","17","18",0,-0.11904761904762,-0.520145380688512,0.282050142593272,1,"ns"
"M","2","PR","hour","17","19",0,-0.11904761904762,-0.520145380688512,0.282050142593272,1,"ns"
"M","2","PR","hour","17","20",0,-0.214285714285715,-0.615383475926607,0.186812047355177,0.943,"ns"
"M","2","PR","hour","17","21",0,-0.142857142857143,-0.543954904498036,0.258240618783749,1,"ns"
"M","2","PR","hour","17","22",0,-0.0714285714285718,-0.472526333069464,0.32966919021232,1,"ns"
"M","2","PR","hour","17","23",0,-0.11904761904762,-0.520145380688512,0.282050142593272,1,"ns"
"M","2","PR","hour","18","19",0,5.55111512312578e-17,-0.401097761640892,0.401097761640892,1,"ns"
"M","2","PR","hour","18","20",0,-0.0952380952380951,-0.496335856878987,0.305859666402797,1,"ns"
"M","2","PR","hour","18","21",0,-0.0238095238095238,-0.424907285450416,0.377288237831368,1,"ns"
"M","2","PR","hour","18","22",0,0.0476190476190479,-0.353478714021844,0.44871680925994,1,"ns"
"M","2","PR","hour","18","23",0,-2.77555756156289e-17,-0.401097761640892,0.401097761640892,1,"ns"
"M","2","PR","hour","19","20",0,-0.0952380952380951,-0.496335856878987,0.305859666402797,1,"ns"
"M","2","PR","hour","19","21",0,-0.0238095238095238,-0.424907285450416,0.377288237831368,1,"ns"
"M","2","PR","hour","19","22",0,0.0476190476190478,-0.353478714021844,0.44871680925994,1,"ns"
"M","2","PR","hour","19","23",0,-8.32667268468867e-17,-0.401097761640892,0.401097761640892,1,"ns"
"M","2","PR","hour","20","21",0,0.0714285714285713,-0.329669190212321,0.472526333069463,1,"ns"
"M","2","PR","hour","20","22",0,0.142857142857143,-0.258240618783749,0.543954904498035,1,"ns"
"M","2","PR","hour","20","23",0,0.0952380952380951,-0.305859666402797,0.496335856878987,1,"ns"
"M","2","PR","hour","21","22",0,0.0714285714285716,-0.32966919021232,0.472526333069464,1,"ns"
"M","2","PR","hour","21","23",0,0.0238095238095238,-0.377288237831368,0.424907285450416,1,"ns"
"M","2","PR","hour","22","23",0,-0.0476190476190479,-0.44871680925994,0.353478714021844,1,"ns"
