"","contrast","estimate","SE","df","t.ratio","p.value"
"1","NR0 F Order1 - NR1 F Order1",0.399999999999996,1.56507944980775,19,0.255578079470107,1
"2","NR0 F Order1 - NR2 F Order1",1.2,1.89866065443558,19,0.632024473249921,1
"3","NR0 F Order1 - NR3 F Order1",1.2,1.6123427435899,19,0.7442586291102,1
"4","NR0 F Order1 - NR4 F Order1",-0.800000000000003,2.466548124226,19,-0.324339911369474,1
"5","NR0 F Order1 - NR5 F Order1",-1.4,3.28638872886227,19,-0.425999513601263,1
"6","NR0 F Order1 - NR6 F Order1",-2.2,2.86748254403595,19,-0.767223502223497,1
"7","NR0 F Order1 - PR0 F Order1",5.19999999999999,2.65164629431895,19,1.96104586465427,1
"8","NR0 F Order1 - PR1 F Order1",1.99999999999999,2.39333870888318,19,0.83565271918126,1
"9","NR0 F Order1 - PR2 F Order1",2.79999999999999,2.39363190240491,19,1.16977050530903,1
"10","NR0 F Order1 - PR3 F Order1",2.59999999999999,2.24905438218712,19,1.15604141037781,1
"11","NR0 F Order1 - PR4 F Order1",1.4,2.4434660455569,19,0.572956600950399,1
"12","NR0 F Order1 - PR5 F Order1",1.8,2.1787651419691,19,0.826156048362885,1
"13","NR0 F Order1 - PR6 F Order1",3,1.70499781344718,19,1.7595330482768,1
"14","NR0 F Order1 - NR0 M Order1",2.13333333333333,3.4710077408214,19,0.614614974275016,1
"15","NR0 F Order1 - NR1 M Order1",0.799999999999993,3.40496713193984,19,0.234950872945498,1
"16","NR0 F Order1 - NR2 M Order1",1.96666666666667,3.1864937925655,19,0.617188293683531,1
"17","NR0 F Order1 - NR3 M Order1",0.466666666666664,3.3232654975568,19,0.140424130124345,1
"18","NR0 F Order1 - NR4 M Order1",0.633333333333327,3.3613210992352,19,0.188417980501008,1
"19","NR0 F Order1 - NR5 M Order1",0.466666666666662,3.49053859012084,19,0.133694744985044,1
"20","NR0 F Order1 - NR6 M Order1",0.13333333333333,3.50854429086134,19,0.0380024654899246,1
"21","NR0 F Order1 - PR0 M Order1",5.29999999999999,2.7498431640551,19,1.92738264831957,1
"22","NR0 F Order1 - PR1 M Order1",5.13333333333333,2.82784814765553,19,1.81527899140878,1
"23","NR0 F Order1 - PR2 M Order1",3.79999999999999,2.86870592501402,19,1.32463908791258,1
"24","NR0 F Order1 - PR3 M Order1",1.13333333333333,2.92517805725851,19,0.387440802285893,1
"25","NR0 F Order1 - PR4 M Order1",-0.533333333333338,3.03371888816312,19,-0.175801830358865,1
"26","NR0 F Order1 - PR5 M Order1",-0.866666666666671,3.06340406157014,19,-0.282909681272167,1
"27","NR0 F Order1 - PR6 M Order1",0.46666666666666,3.1580584752872,19,0.14777011582226,1
"28","NR0 F Order1 - NR0 F Order2",2.96666666666666,3.4710077408214,19,0.854698948601195,1
"29","NR0 F Order1 - NR1 F Order2",0.799999999999995,3.40496713193984,19,0.234950872945498,1
"30","NR0 F Order1 - NR2 F Order2",2.96666666666666,3.1864937925655,19,0.931012849793801,1
"31","NR0 F Order1 - NR3 F Order2",2.8,3.3232654975568,19,0.842544780746077,1
"32","NR0 F Order1 - NR4 F Order2",2.13333333333333,3.3613210992352,19,0.634671092213928,1
"33","NR0 F Order1 - NR5 F Order2",0.966666666666663,3.49053859012084,19,0.276939114611879,1
"34","NR0 F Order1 - NR6 F Order2",-1.53333333333334,3.50854429086134,19,-0.437028353134145,1
"35","NR0 F Order1 - PR0 F Order2",7.13333333333333,2.7498431640551,19,2.59408733798986,1
"36","NR0 F Order1 - PR1 F Order2",7.63333333333333,2.82784814765553,19,2.6993434352767,1
"37","NR0 F Order1 - PR2 F Order2",6.29999999999999,2.86870592501402,19,2.1961121720656,1
"38","NR0 F Order1 - PR3 F Order2",7.63333333333333,2.92517805725851,19,2.60952775657265,1
"39","NR0 F Order1 - PR4 F Order2",6.3,3.03371888816312,19,2.07665912111408,1
"40","NR0 F Order1 - PR5 F Order2",5.13333333333333,3.06340406157014,19,1.67569580445821,1
"41","NR0 F Order1 - PR6 F Order2",4.96666666666666,3.1580584752872,19,1.57269623267979,1
"42","NR0 F Order1 - NR0 M Order2",-10.5333333333333,3.4710077408214,19,-3.0346614354829,1
"43","NR0 F Order1 - NR1 M Order2",-6.86666666666667,3.40496713193984,19,-2.01666165944887,1
"44","NR0 F Order1 - NR2 M Order2",-3.7,3.1864937925655,19,-1.161150857608,1
"45","NR0 F Order1 - NR3 M Order2",-6.53333333333333,3.3232654975568,19,-1.96593782174085,1
"46","NR0 F Order1 - NR4 M Order2",-4.70000000000001,3.3613210992352,19,-1.39825975003382,1
"47","NR0 F Order1 - NR5 M Order2",-3.03333333333334,3.49053859012084,19,-0.869015842402797,1
"48","NR0 F Order1 - NR6 M Order2",-5.7,3.50854429086134,19,-1.62460539969432,1
"49","NR0 F Order1 - PR0 M Order2",5.96666666666666,2.7498431640551,19,2.16982071729059,1
"50","NR0 F Order1 - PR1 M Order2",8.29999999999999,2.82784814765553,19,2.93509395364147,1
"51","NR0 F Order1 - PR2 M Order2",7.29999999999999,2.86870592501402,19,2.54470140572681,1
"52","NR0 F Order1 - PR3 M Order2",6.46666666666666,2.92517805725851,19,2.21069163657246,1
"53","NR0 F Order1 - PR4 M Order2",2.79999999999999,3.03371888816312,19,0.922959609384033,1
"54","NR0 F Order1 - PR5 M Order2",0.799999999999996,3.06340406157014,19,0.261147398097382,1
"55","NR0 F Order1 - PR6 M Order2",-1.36666666666668,3.1580584752872,19,-0.432755339193771,1
"56","NR1 F Order1 - NR2 F Order1",0.800000000000004,1.33495515398754,19,0.599271067354126,1
"57","NR1 F Order1 - NR3 F Order1",0.800000000000005,1.16739325745177,19,0.685287494075709,1
"58","NR1 F Order1 - NR4 F Order1",-1.2,1.63449654247674,19,-0.734171023807519,1
"59","NR1 F Order1 - NR5 F Order1",-1.8,2.41878612444124,19,-0.744174932132875,1
"60","NR1 F Order1 - NR6 F Order1",-2.6,2.33666428910958,19,-1.11269728052837,1
"61","NR1 F Order1 - PR0 F Order1",4.8,2.72313029370451,19,1.76267731701891,1
"62","NR1 F Order1 - PR1 F Order1",1.6,2.1378789291701,19,0.748405336789162,1
"63","NR1 F Order1 - PR2 F Order1",2.4,2.18013358676489,19,1.10084997294196,1
"64","NR1 F Order1 - PR3 F Order1",2.2,1.90373593922996,19,1.15562245512362,1
"65","NR1 F Order1 - PR4 F Order1",0.999999999999999,1.80107180565429,19,0.555224948200619,1
"66","NR1 F Order1 - PR5 F Order1",1.4,2.10062647297119,19,0.666467845670725,1
"67","NR1 F Order1 - PR6 F Order1",2.6,1.66343546429059,19,1.56303028029334,1
"68","NR1 F Order1 - NR0 M Order1",1.73333333333333,3.39160470222288,19,0.51106584803273,1
"69","NR1 F Order1 - NR1 M Order1",0.399999999999997,3.32398689661811,19,0.120337417818032,1
"70","NR1 F Order1 - NR2 M Order1",1.56666666666667,3.09981135060776,19,0.505407100454517,1
"71","NR1 F Order1 - NR3 M Order1",0.066666666666668,3.24024401651322,19,0.0205745821385412,1
"72","NR1 F Order1 - NR4 M Order1",0.233333333333331,3.27926321777652,19,0.0711541946582565,1
"73","NR1 F Order1 - NR5 M Order1",0.0666666666666662,3.41159015246865,19,0.0195412296575032,1
"74","NR1 F Order1 - NR6 M Order1",-0.266666666666666,3.43001031488739,19,-0.0777451500682793,1
"75","NR1 F Order1 - PR0 M Order1",4.9,2.64891018084774,19,1.84981734580061,1
"76","NR1 F Order1 - PR1 M Order1",4.73333333333333,2.72980088385528,19,1.73394820161699,1
"77","NR1 F Order1 - PR2 M Order1",3.4,2.77210414730558,19,1.22650514530802,1
"78","NR1 F Order1 - PR3 M Order1",0.733333333333331,2.83050426354827,19,0.259082221771338,1
"79","NR1 F Order1 - PR4 M Order1",-0.933333333333334,2.94253938150297,19,-0.317186352441139,1
"80","NR1 F Order1 - PR5 M Order1",-1.26666666666667,2.97313507324216,19,-0.426037376527728,1
"81","NR1 F Order1 - PR6 M Order1",0.0666666666666642,3.07057340779073,19,0.0217114713810509,1
"82","NR1 F Order1 - NR0 F Order2",2.56666666666667,3.39160470222288,19,0.756770582663851,1
"83","NR1 F Order1 - NR1 F Order2",0.399999999999999,3.32398689661811,19,0.120337417818032,1
"84","NR1 F Order1 - NR2 F Order2",2.56666666666667,3.09981135060776,19,0.828007377340378,1
"85","NR1 F Order1 - NR3 F Order2",2.4,3.24024401651322,19,0.740684956987471,1
"86","NR1 F Order1 - NR4 F Order2",1.73333333333333,3.27926321777652,19,0.528574017461339,1
"87","NR1 F Order1 - NR5 F Order2",0.566666666666667,3.41159015246865,19,0.166100452088778,1
"88","NR1 F Order1 - NR6 F Order2",-1.93333333333333,3.43001031488739,19,-0.563652337995025,1
"89","NR1 F Order1 - PR0 F Order2",6.73333333333333,2.64891018084774,19,2.54192587654234,1
"90","NR1 F Order1 - PR1 F Order2",7.23333333333333,2.72980088385528,19,2.64976591373864,1
"91","NR1 F Order1 - PR2 F Order2",5.9,2.77210414730558,19,2.12834716391686,1
"92","NR1 F Order1 - PR3 F Order2",7.23333333333333,2.83050426354827,19,2.55549282383548,1
"93","NR1 F Order1 - PR4 F Order2",5.9,2.94253938150297,19,2.00507087078863,1
"94","NR1 F Order1 - PR5 F Order2",4.73333333333333,2.97313507324216,19,1.59203440702467,1
"95","NR1 F Order1 - PR6 F Order2",4.56666666666666,3.07057340779073,19,1.48723578960204,1
"96","NR1 F Order1 - NR0 M Order2",-10.9333333333333,3.39160470222288,19,-3.2236461183603,1
"97","NR1 F Order1 - NR1 M Order2",-7.26666666666667,3.32398689661811,19,-2.1861297570276,1
"98","NR1 F Order1 - NR2 M Order2",-4.1,3.09981135060776,19,-1.32266113523203,1
"99","NR1 F Order1 - NR3 M Order2",-6.93333333333333,3.24024401651322,19,-2.13975654240825,1
"100","NR1 F Order1 - NR4 M Order2",-5.1,3.27926321777652,19,-1.55522739753048,1
"101","NR1 F Order1 - NR5 M Order2",-3.43333333333333,3.41159015246865,19,-1.00637332736142,1
"102","NR1 F Order1 - NR6 M Order2",-6.1,3.43001031488739,19,-1.77842030781189,1
"103","NR1 F Order1 - PR0 M Order2",5.56666666666666,2.64891018084774,19,2.10149317516124,1
"104","NR1 F Order1 - PR1 M Order2",7.9,2.72980088385528,19,2.89398397030441,1
"105","NR1 F Order1 - PR2 M Order2",6.9,2.77210414730558,19,2.4890839713604,1
"106","NR1 F Order1 - PR3 M Order2",6.06666666666666,2.83050426354827,19,2.14331656192653,1
"107","NR1 F Order1 - PR4 M Order2",2.4,2.94253938150297,19,0.815622049134357,1
"108","NR1 F Order1 - PR5 M Order2",0.4,2.97313507324216,19,0.134538118903493,1
"109","NR1 F Order1 - PR6 M Order2",-1.76666666666667,3.07057340779073,19,-0.57535399159787,1
"110","NR2 F Order1 - NR3 F Order1",1.33226762955019e-15,1.13863568715818,19,1.17005609834282e-15,1
"111","NR2 F Order1 - NR4 F Order1",-2,1.4515569378635,19,-1.37783089855486,1
"112","NR2 F Order1 - NR5 F Order1",-2.6,2.0977013317422,19,-1.23945194707038,1
"113","NR2 F Order1 - NR6 F Order1",-3.4,2.0301240131509,19,-1.6747745349423,1
"114","NR2 F Order1 - PR0 F Order1",3.99999999999999,2.29759599765082,19,1.74095010789095,1
"115","NR2 F Order1 - PR1 F Order1",0.799999999999994,2.01825006709608,19,0.396382991901028,1
"116","NR2 F Order1 - PR2 F Order1",1.59999999999999,1.78108975117886,19,0.898326431299147,1
"117","NR2 F Order1 - PR3 F Order1",1.39999999999999,1.61636369018466,19,0.866141703443025,1
"118","NR2 F Order1 - PR4 F Order1",0.199999999999996,1.52568650064344,19,0.131088529600051,1
"119","NR2 F Order1 - PR5 F Order1",0.599999999999996,1.89283042493084,19,0.31698560636879,1
"120","NR2 F Order1 - PR6 F Order1",1.8,1.39786805089726,19,1.28767518425263,1
"121","NR2 F Order1 - NR0 M Order1",0.933333333333328,3.1264856117855,19,0.298524749263219,1
"122","NR2 F Order1 - NR1 M Order1",-0.400000000000006,3.05300159080376,19,-0.131018601891622,1
"123","NR2 F Order1 - NR2 M Order1",0.766666666666666,2.80726917731772,19,0.27310051806261,1
"124","NR2 F Order1 - NR3 M Order1",-0.733333333333336,2.96160617083216,19,-0.247613386464306,1
"125","NR2 F Order1 - NR4 M Order1",-0.566666666666673,3.0042465072,19,-0.188621894145036,1
"126","NR2 F Order1 - NR5 M Order1",-0.733333333333337,3.14815456942356,19,-0.232940701341616,1
"127","NR2 F Order1 - NR6 M Order1",-1.06666666666667,3.1681067824168,19,-0.33668898806907,1
"128","NR2 F Order1 - PR0 M Order1",4.09999999999999,2.29970758375065,19,1.78283536088237,1
"129","NR2 F Order1 - PR1 M Order1",3.93333333333333,2.39243446933421,19,1.64407150279352,1
"130","NR2 F Order1 - PR2 M Order1",2.59999999999999,2.44059239285674,19,1.06531512906859,1
"131","NR2 F Order1 - PR3 M Order1",-0.0666666666666729,2.50672778947502,19,-0.0265950961833933,1
"132","NR2 F Order1 - PR4 M Order1",-1.73333333333334,2.6325781728673,19,-0.658416662113954,1
"133","NR2 F Order1 - PR5 M Order1",-2.06666666666667,2.66673245532882,19,-0.774980880641751,1
"134","NR2 F Order1 - PR6 M Order1",-0.733333333333339,2.77495060806368,19,-0.264268967960136,1
"135","NR2 F Order1 - NR0 F Order2",1.76666666666666,3.1264856117855,19,0.565064703962523,1
"136","NR2 F Order1 - NR1 F Order2",-0.400000000000005,3.05300159080376,19,-0.131018601891622,1
"137","NR2 F Order1 - NR2 F Order2",1.76666666666666,2.80726917731772,19,0.629318585100796,1
"138","NR2 F Order1 - NR3 F Order2",1.6,2.96160617083216,19,0.540247388649392,1
"139","NR2 F Order1 - NR4 F Order2",0.933333333333327,3.0042465072,19,0.310671355062407,1
"140","NR2 F Order1 - NR5 F Order2",-0.233333333333337,3.14815456942356,19,-0.074117495881424,1
"141","NR2 F Order1 - NR6 F Order2",-2.73333333333334,3.1681067824168,19,-0.862765531926991,1
"142","NR2 F Order1 - PR0 F Order2",5.93333333333333,2.29970758375065,19,2.58003816452895,1
"143","NR2 F Order1 - PR1 F Order2",6.43333333333333,2.39243446933421,19,2.68903220372161,1
"144","NR2 F Order1 - PR2 F Order2",5.09999999999999,2.44059239285674,19,2.08965659932685,1
"145","NR2 F Order1 - PR3 F Order2",6.43333333333333,2.50672778947502,19,2.56642678169721,1
"146","NR2 F Order1 - PR4 F Order2",5.1,2.6325781728673,19,1.93726440968144,1
"147","NR2 F Order1 - PR5 F Order2",3.93333333333333,2.66673245532882,19,1.47496361154397,1
"148","NR2 F Order1 - PR6 F Order2",3.76666666666666,2.77495060806368,19,1.35738151724977,1
"149","NR2 F Order1 - NR0 M Order2",-11.7333333333333,3.1264856117855,19,-3.7528825621662,1
"150","NR2 F Order1 - NR1 M Order2",-8.06666666666667,3.05300159080376,19,-2.642208471481,1
"151","NR2 F Order1 - NR2 M Order2",-4.9,2.80726917731772,19,-1.74546852848712,1
"152","NR2 F Order1 - NR3 M Order2",-7.73333333333333,2.96160617083216,19,-2.6111957118054,1
"153","NR2 F Order1 - NR4 M Order2",-5.90000000000001,3.0042465072,19,-1.96388678021595,1
"154","NR2 F Order1 - NR5 M Order2",-4.23333333333334,3.14815456942356,19,-1.34470313956296,1
"155","NR2 F Order1 - NR6 M Order2",-6.9,3.1681067824168,19,-2.17795689157179,1
"156","NR2 F Order1 - PR0 M Order2",4.76666666666666,2.29970758375065,19,2.07272728948112,1
"157","NR2 F Order1 - PR1 M Order2",7.09999999999999,2.39243446933421,19,2.96768839063577,1
"158","NR2 F Order1 - PR2 M Order2",6.09999999999999,2.44059239285674,19,2.49939318743016,1
"159","NR2 F Order1 - PR3 M Order2",5.26666666666666,2.50672778947502,19,2.10101259848787,1
"160","NR2 F Order1 - PR4 M Order2",1.6,2.6325781728673,19,0.607769226566724,1
"161","NR2 F Order1 - PR5 M Order2",-0.400000000000004,2.66673245532882,19,-0.14999629947905,1
"162","NR2 F Order1 - PR6 M Order2",-2.56666666666668,2.77495060806368,19,-0.92494138786047,1
"163","NR3 F Order1 - NR4 F Order1",-2,1.58612404107756,19,-1.26093543014534,1
"164","NR3 F Order1 - NR5 F Order1",-2.6,2.33403498222405,19,-1.11395074187043,1
"165","NR3 F Order1 - NR6 F Order1",-3.4,2.31857487989588,19,-1.46641802664259,1
"166","NR3 F Order1 - PR0 F Order1",3.99999999999999,2.3966350679907,19,1.66900670587013,1
"167","NR3 F Order1 - PR1 F Order1",0.799999999999993,2.09209036737498,19,0.382392659741454,1
"168","NR3 F Order1 - PR2 F Order1",1.59999999999999,1.91631957192802,19,0.834933809286425,1
"169","NR3 F Order1 - PR3 F Order1",1.39999999999999,1.89004780409237,19,0.74072200553271,1
"170","NR3 F Order1 - PR4 F Order1",0.199999999999995,1.96718696655999,19,0.101668018037824,1
"171","NR3 F Order1 - PR5 F Order1",0.599999999999995,1.72657250979475,19,0.347509297522246,1
"172","NR3 F Order1 - PR6 F Order1",1.79999999999999,1.4159492507508,19,1.2712320014616,1
"173","NR3 F Order1 - NR0 M Order1",0.933333333333326,3.29292170167062,19,0.283436236233559,1
"174","NR3 F Order1 - NR1 M Order1",-0.400000000000008,3.22323436412587,19,-0.124098949940454,1
"175","NR3 F Order1 - NR2 M Order1",0.766666666666665,2.99151822433856,19,0.256280125733207,1
"176","NR3 F Order1 - NR3 M Order1",-0.733333333333337,3.13680285700946,19,-0.233783685734231,1
"177","NR3 F Order1 - NR4 M Order1",-0.566666666666674,3.17709271640835,19,-0.178360128975802,1
"178","NR3 F Order1 - NR5 M Order1",-0.733333333333339,3.31350241370276,19,-0.221316673952217,1
"179","NR3 F Order1 - NR6 M Order1",-1.06666666666667,3.33246479912795,19,-0.320083401014708,1
"180","NR3 F Order1 - PR0 M Order1",4.09999999999999,2.52132425986659,19,1.62612959596753,1
"181","NR3 F Order1 - PR1 M Order1",3.93333333333333,2.60617799520487,19,1.50923434261601,1
"182","NR3 F Order1 - PR2 M Order1",2.59999999999999,2.65045510822231,19,0.980963605810264,1
"183","NR3 F Order1 - PR3 M Order1",-0.0666666666666742,2.7114765835533,19,-0.0245868494941268,1
"184","NR3 F Order1 - PR4 M Order1",-1.73333333333334,2.8282306993753,19,-0.612868438814485,1
"185","NR3 F Order1 - PR5 M Order1",-2.06666666666667,2.860049482253,19,-0.722598220586959,1
"186","NR3 F Order1 - PR6 M Order1",-0.733333333333341,2.96121122681658,19,-0.247646411269926,1
"187","NR3 F Order1 - NR0 F Order2",1.76666666666666,3.29292170167062,19,0.536504304299239,1
"188","NR3 F Order1 - NR1 F Order2",-0.400000000000006,3.22323436412587,19,-0.124098949940454,1
"189","NR3 F Order1 - NR2 F Order2",1.76666666666666,2.99151822433856,19,0.590558550602607,1
"190","NR3 F Order1 - NR3 F Order2",1.6,3.13680285700946,19,0.51007349614741,1
"191","NR3 F Order1 - NR4 F Order2",0.933333333333325,3.17709271640835,19,0.293769624195432,1
"192","NR3 F Order1 - NR5 F Order2",-0.233333333333338,3.31350241370276,19,-0.07041894171207,1
"193","NR3 F Order1 - NR6 F Order2",-2.73333333333334,3.33246479912795,19,-0.820213715100188,1
"194","NR3 F Order1 - PR0 F Order2",5.93333333333333,2.52132425986659,19,2.35326071611561,1
"195","NR3 F Order1 - PR1 F Order2",6.43333333333333,2.60617799520487,19,2.46849345868551,1
"196","NR3 F Order1 - PR2 F Order2",5.09999999999999,2.65045510822231,19,1.92419784216629,1
"197","NR3 F Order1 - PR3 F Order2",6.43333333333333,2.7114765835533,19,2.37263097618297,1
"198","NR3 F Order1 - PR4 F Order2",5.1,2.8282306993753,19,1.80324752189646,1
"199","NR3 F Order1 - PR5 F Order2",3.93333333333333,2.860049482253,19,1.37526758111711,1
"200","NR3 F Order1 - PR6 F Order2",3.76666666666666,2.96121122681658,19,1.27200202152279,1
"201","NR3 F Order1 - NR0 M Order2",-11.7333333333333,3.29292170167062,19,-3.56319839836477,1
"202","NR3 F Order1 - NR1 M Order2",-8.06666666666668,3.22323436412587,19,-2.50266215713245,1
"203","NR3 F Order1 - NR2 M Order2",-4.9,2.99151822433856,19,-1.63796428186007,1
"204","NR3 F Order1 - NR3 M Order2",-7.73333333333334,3.13680285700946,19,-2.46535523137915,1
"205","NR3 F Order1 - NR4 M Order2",-5.90000000000001,3.17709271640835,19,-1.85704369580686,1
"206","NR3 F Order1 - NR5 M Order2",-4.23333333333334,3.31350241370276,19,-1.27760079963325,1
"207","NR3 F Order1 - NR6 M Order2",-6.9,3.33246479912795,19,-2.07053950031389,1
"208","NR3 F Order1 - PR0 M Order2",4.76666666666666,2.52132425986659,19,1.89054091238502,1
"209","NR3 F Order1 - PR1 M Order2",7.09999999999999,2.60617799520487,19,2.72429588963738,1
"210","NR3 F Order1 - PR2 M Order2",6.09999999999999,2.65045510822231,19,2.3014915367087,1
"211","NR3 F Order1 - PR3 M Order2",5.26666666666666,2.7114765835533,19,1.94236111003579,1
"212","NR3 F Order1 - PR4 M Order2",1.59999999999999,2.8282306993753,19,0.565724712751829,1
"213","NR3 F Order1 - PR5 M Order2",-0.400000000000005,2.860049482253,19,-0.139857720113606,1
"214","NR3 F Order1 - PR6 M Order2",-2.56666666666668,2.96121122681658,19,-0.866762439444735,1
"215","NR4 F Order1 - NR5 F Order1",-0.6,1.76575613742162,19,-0.339797771212127,1
"216","NR4 F Order1 - NR6 F Order1",-1.4,1.48690187738884,19,-0.941555069160684,1
"217","NR4 F Order1 - PR0 F Order1",6,2.6211019512023,19,2.28911355288862,1
"218","NR4 F Order1 - PR1 F Order1",2.8,2.19521009664703,19,1.27550433750133,1
"219","NR4 F Order1 - PR2 F Order1",3.6,1.98113913713847,19,1.81713638003224,1
"220","NR4 F Order1 - PR3 F Order1",3.4,1.9222610955066,19,1.76875035755949,1
"221","NR4 F Order1 - PR4 F Order1",2.2,1.99464194562033,19,1.10295484602165,1
"222","NR4 F Order1 - PR5 F Order1",2.6,2.06779821880284,19,1.2573760710101,1
"223","NR4 F Order1 - PR6 F Order1",3.8,1.89681172941389,19,2.00336171538447,1
"224","NR4 F Order1 - NR0 M Order1",2.93333333333333,3.33895140593991,19,0.878519324394781,1
"225","NR4 F Order1 - NR1 M Order1",1.6,3.27024508622467,19,0.489259966092362,1
"226","NR4 F Order1 - NR2 M Order1",2.76666666666667,3.04211183956876,19,0.909455934749217,1
"227","NR4 F Order1 - NR3 M Order1",1.26666666666667,3.18508953118078,19,0.397686361487329,1
"228","NR4 F Order1 - NR4 M Order1",1.43333333333333,3.22477616068925,19,0.444475294380424,1
"229","NR4 F Order1 - NR5 M Order1",1.26666666666667,3.35925012517805,19,0.377068279963085,1
"230","NR4 F Order1 - NR6 M Order1",0.933333333333333,3.37795571245711,19,0.276301234468947,1
"231","NR4 F Order1 - PR0 M Order1",6.1,2.58115074749356,19,2.36328699744617,1
"232","NR4 F Order1 - PR1 M Order1",5.93333333333333,2.6640996416397,19,2.22714392532311,1
"233","NR4 F Order1 - PR2 M Order1",4.6,2.70742967380438,19,1.69902843442513,1
"234","NR4 F Order1 - PR3 M Order1",1.93333333333333,2.76719504571915,19,0.698661750036086,1
"235","NR4 F Order1 - PR4 M Order1",0.266666666666665,2.88169256631994,19,0.0925382081986667,1
"236","NR4 F Order1 - PR5 M Order1",-0.0666666666666678,2.91292742766283,19,-0.0228864838971142,1
"237","NR4 F Order1 - PR6 M Order1",1.26666666666666,3.01231390922648,19,0.420496238053732,1
"238","NR4 F Order1 - NR0 F Order2",3.76666666666667,3.33895140593991,19,1.12809867791603,1
"239","NR4 F Order1 - NR1 F Order2",1.6,3.27024508622467,19,0.489259966092362,1
"240","NR4 F Order1 - NR2 F Order2",3.76666666666667,3.04211183956876,19,1.23817494730917,1
"241","NR4 F Order1 - NR3 F Order2",3.6,3.18508953118078,19,1.13026650106925,1
"242","NR4 F Order1 - NR4 F Order2",2.93333333333333,3.22477616068925,19,0.909623858266916,1
"243","NR4 F Order1 - NR5 F Order2",1.76666666666667,3.35925012517805,19,0.525911022053776,1
"244","NR4 F Order1 - NR6 F Order2",-0.733333333333334,3.37795571245711,19,-0.217093827082745,1
"245","NR4 F Order1 - PR0 F Order2",7.93333333333333,2.58115074749356,19,3.07356451033983,1
"246","NR4 F Order1 - PR1 F Order2",8.43333333333333,2.6640996416397,19,3.16554726464464,1
"247","NR4 F Order1 - PR2 F Order2",7.1,2.70742967380438,19,2.62241345313444,1
"248","NR4 F Order1 - PR3 F Order2",8.43333333333333,2.76719504571915,19,3.04761073722638,1
"249","NR4 F Order1 - PR4 F Order2",7.1,2.88169256631994,19,2.46382979328951,1
"250","NR4 F Order1 - PR5 F Order2",5.93333333333333,2.91292742766283,19,2.03689706684313,1
"251","NR4 F Order1 - PR6 F Order2",5.76666666666666,3.01231390922648,19,1.91436445219199,1
"252","NR4 F Order1 - NR0 M Order2",-9.73333333333334,3.33895140593991,19,-2.91508684912814,1
"253","NR4 F Order1 - NR1 M Order2",-6.06666666666667,3.27024508622467,19,-1.85511070476688,1
"254","NR4 F Order1 - NR2 M Order2",-2.9,3.04211183956876,19,-0.953285136423876,1
"255","NR4 F Order1 - NR3 M Order2",-5.73333333333333,3.18508953118078,19,-1.80005405725843,1
"256","NR4 F Order1 - NR4 M Order2",-3.9,3.22477616068925,19,-1.20938626610488,1
"257","NR4 F Order1 - NR5 M Order2",-2.23333333333334,3.35925012517805,19,-0.664830914671755,1
"258","NR4 F Order1 - NR6 M Order2",-4.9,3.37795571245711,19,-1.45058148096197,1
"259","NR4 F Order1 - PR0 M Order2",6.76666666666666,2.58115074749356,19,2.6215697294075,1
"260","NR4 F Order1 - PR1 M Order2",9.1,2.6640996416397,19,3.41578815513038,1
"261","NR4 F Order1 - PR2 M Order2",8.1,2.70742967380438,19,2.99176746061817,1
"262","NR4 F Order1 - PR3 M Order2",7.26666666666666,2.76719504571915,19,2.62600450875633,1
"263","NR4 F Order1 - PR4 M Order2",3.6,2.88169256631994,19,1.24926581068201,1
"264","NR4 F Order1 - PR5 M Order2",1.6,2.91292742766283,19,0.549275613530732,1
"265","NR4 F Order1 - PR6 M Order2",-0.566666666666673,3.01231390922648,19,-0.188116738076672,1
"266","NR5 F Order1 - NR6 F Order1",-0.8,1.50426294827196,19,-0.531821913794399,1
"267","NR5 F Order1 - PR0 F Order1",6.6,2.87066225014124,19,2.29912104765208,1
"268","NR5 F Order1 - PR1 F Order1",3.4,2.48193472919817,19,1.36989903884315,1
"269","NR5 F Order1 - PR2 F Order1",4.2,2.35930409008116,19,1.7801859529924,1
"270","NR5 F Order1 - PR3 F Order1",4,2.26684725802778,19,1.76456529474337,1
"271","NR5 F Order1 - PR4 F Order1",2.8,2.20278930035407,19,1.27111567118559,1
"272","NR5 F Order1 - PR5 F Order1",3.2,2.20477949726927,19,1.45139230656098,1
"273","NR5 F Order1 - PR6 F Order1",4.4,2.48052060183752,19,1.7738211876735,1
"274","NR5 F Order1 - NR0 M Order1",3.53333333333333,3.49443166073955,19,1.01113247485445,1
"275","NR5 F Order1 - NR1 M Order1",2.2,3.42884223380538,19,0.641615988717685,1
"276","NR5 F Order1 - NR2 M Order1",3.36666666666667,3.21199324171072,19,1.04815496587831,1
"277","NR5 F Order1 - NR3 M Order1",1.86666666666667,3.34772332518509,19,0.55759287293058,1
"278","NR5 F Order1 - NR4 M Order1",2.03333333333333,3.38550401371799,19,0.600599888552579,1
"279","NR5 F Order1 - NR5 M Order1",1.86666666666667,3.51383231584258,19,0.531233849222272,1
"280","NR5 F Order1 - NR6 M Order1",1.53333333333333,3.5317192605971,19,0.43416059437128,1
"281","NR5 F Order1 - PR0 M Order1",6.7,2.77935160093814,19,2.41063419170805,1
"282","NR5 F Order1 - PR1 M Order1",6.53333333333333,2.85655089941273,19,2.28714052834714,1
"283","NR5 F Order1 - PR2 M Order1",5.2,2.89700389695067,19,1.79495788924323,1
"284","NR5 F Order1 - PR3 M Order1",2.53333333333333,2.95293490639457,19,0.857903548042121,1
"285","NR5 F Order1 - PR4 M Order1",0.866666666666665,3.06049149437382,19,0.283178916935362,1
"286","NR5 F Order1 - PR5 M Order1",0.533333333333332,3.0899194713101,19,0.172604282501642,1
"287","NR5 F Order1 - PR6 M Order1",1.86666666666666,3.18378567558656,19,0.58630412247293,1
"288","NR5 F Order1 - NR0 F Order2",4.36666666666667,3.49443166073955,19,1.24960711515031,1
"289","NR5 F Order1 - NR1 F Order2",2.2,3.42884223380538,19,0.641615988717685,1
"290","NR5 F Order1 - NR2 F Order2",4.36666666666667,3.21199324171072,19,1.35948812405999,1
"291","NR5 F Order1 - NR3 F Order2",4.2,3.34772332518509,19,1.2545839640938,1
"292","NR5 F Order1 - NR4 F Order2",3.53333333333333,3.38550401371798,19,1.04366538010776,1
"293","NR5 F Order1 - NR5 F Order2",2.36666666666667,3.51383231584258,19,0.673528630263952,1
"294","NR5 F Order1 - NR6 F Order2",-0.133333333333334,3.5317192605971,19,-0.0377530951627202,1
"295","NR5 F Order1 - PR0 F Order2",8.53333333333333,2.77935160093814,19,3.07026046307095,1
"296","NR5 F Order1 - PR1 F Order2",9.03333333333333,2.85655089941273,19,3.16232185296977,1
"297","NR5 F Order1 - PR2 F Order2",7.7,2.89700389695067,19,2.65791841291787,1
"298","NR5 F Order1 - PR3 F Order2",9.03333333333333,2.95293490639457,19,3.05910344104493,1
"299","NR5 F Order1 - PR4 F Order2",7.7,3.06049149437382,19,2.51593576200264,1
"300","NR5 F Order1 - PR5 F Order2",6.53333333333333,3.0899194713101,19,2.11440246064512,1
"301","NR5 F Order1 - PR6 F Order2",6.36666666666666,3.18378567558656,19,1.9997158462916,1
"302","NR5 F Order1 - NR0 M Order2",-9.13333333333334,3.49443166073955,19,-2.61368205764264,1
"303","NR5 F Order1 - NR1 M Order2",-5.46666666666667,3.42884223380538,19,-1.59431851741971,1
"304","NR5 F Order1 - NR2 M Order2",-2.3,3.21199324171072,19,-0.716066263817857,1
"305","NR5 F Order1 - NR3 M Order2",-5.13333333333333,3.34772332518509,19,-1.53338040055909,1
"306","NR5 F Order1 - NR4 M Order2",-3.3,3.38550401371799,19,-0.974744081421401,1
"307","NR5 F Order1 - NR5 M Order2",-1.63333333333334,3.51383231584258,19,-0.464829618069489,1
"308","NR5 F Order1 - NR6 M Order2",-4.3,3.5317192605971,19,-1.21753731899772,1
"309","NR5 F Order1 - PR0 M Order2",7.36666666666666,2.77935160093814,19,2.65049829038547,1
"310","NR5 F Order1 - PR1 M Order2",9.7,2.85655089941273,19,3.39570353953581,1
"311","NR5 F Order1 - PR2 M Order2",8.7,2.89700389695067,19,3.00310262238772,1
"312","NR5 F Order1 - PR3 M Order2",7.86666666666666,2.95293490639457,19,2.66401628076238,1
"313","NR5 F Order1 - PR4 M Order2",4.2,3.06049149437382,19,1.37232859745599,1
"314","NR5 F Order1 - PR5 M Order2",2.2,3.0899194713101,19,0.711992665319274,1
"315","NR5 F Order1 - PR6 M Order2",0.033333333333327,3.18378567558656,19,0.0104697164727289,1
"316","NR6 F Order1 - PR0 F Order1",7.4,2.78473281341411,19,2.65734650173764,1
"317","NR6 F Order1 - PR1 F Order1",4.2,2.52489360554029,19,1.66343642788911,1
"318","NR6 F Order1 - PR2 F Order1",5,2.13286727365243,19,2.34426214034301,1
"319","NR6 F Order1 - PR3 F Order1",4.8,2.21113608966466,19,2.17082974785507,1
"320","NR6 F Order1 - PR4 F Order1",3.6,2.39487757442656,19,1.50320836373525,1
"321","NR6 F Order1 - PR5 F Order1",4,2.35491274468667,19,1.69857673454148,1
"322","NR6 F Order1 - PR6 F Order1",5.2,2.30552349727588,19,2.25545304836152,1
"323","NR6 F Order1 - NR0 M Order1",4.33333333333333,3.51600351276195,19,1.23245989874718,1
"324","NR6 F Order1 - NR1 M Order1",3,3.4508241239598,19,0.869357548294149,1
"325","NR6 F Order1 - NR2 M Order1",4.16666666666667,3.23544875635062,19,1.28781723354086,1
"326","NR6 F Order1 - NR3 M Order1",2.66666666666667,3.37023434380515,19,0.79124072531285,1
"327","NR6 F Order1 - NR4 M Order1",2.83333333333333,3.4077654697875,19,0.831434369076464,1
"328","NR6 F Order1 - NR5 M Order1",2.66666666666666,3.53528578958407,19,0.754300168468247,1
"329","NR6 F Order1 - NR6 M Order1",2.33333333333333,3.55306473426083,19,0.656710053952551,1
"330","NR6 F Order1 - PR0 M Order1",7.5,2.80642537613471,19,2.67243877702166,1
"331","NR6 F Order1 - PR1 M Order1",7.33333333333333,2.88289977472529,19,2.54373509534584,1
"332","NR6 F Order1 - PR2 M Order1",6,2.9229881370137,19,2.05269392784124,1
"333","NR6 F Order1 - PR3 M Order1",3.33333333333333,2.97843123667124,19,1.11915739141211,1
"334","NR6 F Order1 - PR4 M Order1",1.66666666666666,3.0850990676654,19,0.540231166037688,1
"335","NR6 F Order1 - PR5 M Order1",1.33333333333333,3.11429452835738,19,0.428133344869148,1
"336","NR6 F Order1 - PR6 M Order1",2.66666666666666,3.20744747396518,19,0.831398390250182,1
"337","NR6 F Order1 - NR0 F Order2",5.16666666666667,3.51600351276195,19,1.46947141773702,1
"338","NR6 F Order1 - NR1 F Order2",3,3.4508241239598,19,0.869357548294149,1
"339","NR6 F Order1 - NR2 F Order2",5.16666666666667,3.23544875635062,19,1.59689336959067,1
"340","NR6 F Order1 - NR3 F Order2",5,3.37023434380515,19,1.48357635996159,1
"341","NR6 F Order1 - NR4 F Order2",4.33333333333333,3.4077654697875,19,1.27160550564636,1
"342","NR6 F Order1 - NR5 F Order2",3.16666666666667,3.53528578958407,19,0.895731450056043,1
"343","NR6 F Order1 - NR6 F Order2",0.666666666666666,3.55306473426083,19,0.187631443986443,1
"344","NR6 F Order1 - PR0 F Order2",9.33333333333333,2.80642537613471,19,3.32570158918251,1
"345","NR6 F Order1 - PR1 F Order2",9.83333333333333,2.88289977472529,19,3.41091751421374,1
"346","NR6 F Order1 - PR2 F Order2",8.5,2.9229881370137,19,2.90798306444176,1
"347","NR6 F Order1 - PR3 F Order2",9.83333333333333,2.97843123667124,19,3.30151430466573,1
"348","NR6 F Order1 - PR4 F Order2",8.5,3.0850990676654,19,2.75517894679221,1
"349","NR6 F Order1 - PR5 F Order2",7.33333333333333,3.11429452835738,19,2.35473339678032,1
"350","NR6 F Order1 - PR6 F Order2",7.16666666666666,3.20744747396518,19,2.23438317379737,1
"351","NR6 F Order1 - NR0 M Order2",-8.33333333333334,3.51600351276195,19,-2.37011518989843,1
"352","NR6 F Order1 - NR1 M Order2",-4.66666666666667,3.4508241239598,19,-1.35233396401312,1
"353","NR6 F Order1 - NR2 M Order2",-1.5,3.23544875635062,19,-0.463614204074709,1
"354","NR6 F Order1 - NR3 M Order2",-4.33333333333333,3.37023434380515,19,-1.28576617863338,1
"355","NR6 F Order1 - NR4 M Order2",-2.5,3.4077654697875,19,-0.733618560949823,1
"356","NR6 F Order1 - NR5 M Order2",-0.833333333333336,3.53528578958407,19,-0.235718802646328,1
"357","NR6 F Order1 - NR6 M Order2",-3.5,3.55306473426083,19,-0.985065080928827,1
"358","NR6 F Order1 - PR0 M Order2",8.16666666666666,2.80642537613471,19,2.90998889053469,1
"359","NR6 F Order1 - PR1 M Order2",10.5,2.88289977472529,19,3.64216615924518,1
"360","NR6 F Order1 - PR2 M Order2",9.5,2.9229881370137,19,3.25009871908196,1
"361","NR6 F Order1 - PR3 M Order2",8.66666666666666,2.97843123667124,19,2.90980921767149,1
"362","NR6 F Order1 - PR4 M Order2",5,3.0850990676654,19,1.62069349811306,1
"363","NR6 F Order1 - PR5 M Order2",3,3.11429452835738,19,0.963300025955584,1
"364","NR6 F Order1 - PR6 M Order2",0.833333333333327,3.20744747396518,19,0.25981199695318,1
"365","PR0 F Order1 - PR1 F Order1",-3.2,1.23316736673736,19,-2.5949437897196,1
"366","PR0 F Order1 - PR2 F Order1",-2.4,1.28500119462024,19,-1.86770254381692,1
"367","PR0 F Order1 - PR3 F Order1",-2.6,1.55946459548186,19,-1.66723887642773,1
"368","PR0 F Order1 - PR4 F Order1",-3.8,2.09586058194417,19,-1.8130976996929,1
"369","PR0 F Order1 - PR5 F Order1",-3.4,1.93816697631297,19,-1.75423482163952,1
"370","PR0 F Order1 - PR6 F Order1",-2.2,1.91338773686332,19,-1.14979309086956,1
"371","PR0 F Order1 - NR0 M Order1",-3.06666666666667,2.58154720369632,19,-1.18791810673682,1
"372","PR0 F Order1 - NR1 M Order1",-4.4,2.49204582575458,19,-1.76561761205483,1
"373","PR0 F Order1 - NR2 M Order1",-3.23333333333333,2.18408651800442,19,-1.48040533498993,1
"374","PR0 F Order1 - NR3 M Order1",-4.73333333333333,2.37919835140361,19,-1.98946562422629,1
"375","PR0 F Order1 - NR4 M Order1",-4.56666666666667,2.43207129012164,19,-1.87768618675576,1
"376","PR0 F Order1 - NR5 M Order1",-4.73333333333333,2.60774823884381,19,-1.81510364491012,1
"377","PR0 F Order1 - NR6 M Order1",-5.06666666666666,2.63180057546271,19,-1.92517119796429,1
"378","PR0 F Order1 - PR0 M Order1",0.1,1.47584845257593,19,0.0677576344816852,1
"379","PR0 F Order1 - PR1 M Order1",-0.0666666666666667,1.6165445784973,19,-0.0412402278003608,1
"380","PR0 F Order1 - PR2 M Order1",-1.4,1.6869987884645,19,-0.829876114655821,1
"381","PR0 F Order1 - PR3 M Order1",-4.06666666666667,1.78133598592092,19,-2.2829307322191,1
"382","PR0 F Order1 - PR4 M Order1",-5.73333333333333,1.95446706814616,19,-2.93345097841505,1
"383","PR0 F Order1 - PR5 M Order1",-6.06666666666666,2.00023390445083,19,-3.03297861973412,1
"384","PR0 F Order1 - PR6 M Order1",-4.73333333333333,2.1423875843095,19,-2.2093730228832,1
"385","PR0 F Order1 - NR0 F Order2",-2.23333333333333,2.58154720369632,19,-0.865114273384424,1
"386","PR0 F Order1 - NR1 F Order2",-4.4,2.49204582575458,19,-1.76561761205483,1
"387","PR0 F Order1 - NR2 F Order2",-2.23333333333333,2.18408651800442,19,-1.02254801488995,1
"388","PR0 F Order1 - NR3 F Order2",-2.4,2.37919835140361,19,-1.00874313341051,1
"389","PR0 F Order1 - NR4 F Order2",-3.06666666666667,2.43207129012164,19,-1.26092795023015,1
"390","PR0 F Order1 - NR5 F Order2",-4.23333333333333,2.60774823884381,19,-1.62336734439144,1
"391","PR0 F Order1 - NR6 F Order2",-6.73333333333333,2.63180057546271,19,-2.55845119729466,1
"392","PR0 F Order1 - PR0 F Order2",1.93333333333333,1.47584845257593,19,1.30998093331258,1
"393","PR0 F Order1 - PR1 F Order2",2.43333333333333,1.6165445784973,19,1.50526831471317,1
"394","PR0 F Order1 - PR2 F Order2",1.1,1.6869987884645,19,0.652045518658145,1
"395","PR0 F Order1 - PR3 F Order2",2.43333333333333,1.78133598592092,19,1.36601592993438,1
"396","PR0 F Order1 - PR4 F Order2",1.1,1.95446706814616,19,0.562813269114516,1
"397","PR0 F Order1 - PR5 F Order2",-0.0666666666666642,2.00023390445083,19,-0.0333294353816923,1
"398","PR0 F Order1 - PR6 F Order2",-0.233333333333334,2.1423875843095,19,-0.108912754649172,1
"399","PR0 F Order1 - NR0 M Order2",-15.7333333333333,2.58154720369632,19,-6.09453637369326,0.0111510740493321
"400","PR0 F Order1 - NR1 M Order2",-12.0666666666667,2.49204582575458,19,-4.84207254215036,0.16758730790578
"401","PR0 F Order1 - NR2 M Order2",-8.9,2.18408651800442,19,-4.07493014888983,0.924601410434356
"402","PR0 F Order1 - NR3 M Order2",-11.7333333333333,2.37919835140361,19,-4.93163309667362,0.137278052435686
"403","PR0 F Order1 - NR4 M Order2",-9.9,2.43207129012164,19,-4.07060436106907,0.933128588576009
"404","PR0 F Order1 - NR5 M Order2",-8.23333333333333,2.60774823884381,19,-3.15725774854084,1
"405","PR0 F Order1 - NR6 M Order2",-10.9,2.63180057546271,19,-4.14165119562056,0.799498210042865
"406","PR0 F Order1 - PR0 M Order2",0.766666666666665,1.47584845257593,19,0.519475197692917,1
"407","PR0 F Order1 - PR1 M Order2",3.1,1.6165445784973,19,1.91767059271677,1
"408","PR0 F Order1 - PR2 M Order2",2.1,1.6869987884645,19,1.24481417198373,1
"409","PR0 F Order1 - PR3 M Order2",1.26666666666667,1.78133598592092,19,0.711076785445293,1
"410","PR0 F Order1 - PR4 M Order2",-2.4,1.95446706814616,19,-1.22795622352258,1
"411","PR0 F Order1 - PR5 M Order2",-4.4,2.00023390445083,19,-2.19974273519178,1
"412","PR0 F Order1 - PR6 M Order2",-6.56666666666667,2.1423875843095,19,-3.0651160951267,1
"413","PR1 F Order1 - PR2 F Order1",0.8,1.15834122173257,19,0.690642778648083,1
"414","PR1 F Order1 - PR3 F Order1",0.6,1.06639250862717,19,0.562644612697456,1
"415","PR1 F Order1 - PR4 F Order1",-0.599999999999998,1.62664222012116,19,-0.368858002440947,1
"416","PR1 F Order1 - PR5 F Order1",-0.199999999999998,1.85755923614551,19,-0.107668168049921,1
"417","PR1 F Order1 - PR6 F Order1",1,1.78296028234536,19,0.560864989479502,1
"418","PR1 F Order1 - NR0 M Order1",0.133333333333334,2.68076318015415,19,0.0497370802167115,1
"419","PR1 F Order1 - NR1 M Order1",-1.2,2.59468642822571,19,-0.462483630756329,1
"420","PR1 F Order1 - NR2 M Order1",-0.0333333333333281,2.30050846146815,19,-0.0144895504153266,1
"421","PR1 F Order1 - NR3 M Order1",-1.53333333333333,2.48650157017435,19,-0.616662925825465,1
"422","PR1 F Order1 - NR4 M Order1",-1.36666666666667,2.53713933858427,19,-0.538664410693845,1
"423","PR1 F Order1 - NR5 M Order1",-1.53333333333333,2.70600372142222,19,-0.566641250784181,1
"424","PR1 F Order1 - NR6 M Order1",-1.86666666666666,2.72919027042157,19,-0.683963550250503,1
"425","PR1 F Order1 - PR0 M Order1",3.3,1.64323884999371,19,2.00822905325822,1
"426","PR1 F Order1 - PR1 M Order1",3.13333333333333,1.77068394622725,19,1.76956104448196,1
"427","PR1 F Order1 - PR2 M Order1",1.8,1.83523027858593,19,0.980803347134684,1
"428","PR1 F Order1 - PR3 M Order1",-0.866666666666667,1.92230672835912,19,-0.45084723154793,1
"429","PR1 F Order1 - PR4 M Order1",-2.53333333333333,2.08375785148508,19,-1.21575226772527,1
"430","PR1 F Order1 - PR5 M Order1",-2.86666666666666,2.12674421021253,19,-1.34791323418259,1
"431","PR1 F Order1 - PR6 M Order1",-1.53333333333333,2.26095772286025,19,-0.678178684116912,1
"432","PR1 F Order1 - NR0 F Order2",0.966666666666668,2.68076318015415,19,0.360593831571159,1
"433","PR1 F Order1 - NR1 F Order2",-1.2,2.59468642822571,19,-0.462483630756329,1
"434","PR1 F Order1 - NR2 F Order2",0.966666666666671,2.30050846146815,19,0.420196962044538,1
"435","PR1 F Order1 - NR3 F Order2",0.800000000000004,2.48650157017435,19,0.321737178691549,1
"436","PR1 F Order1 - NR4 F Order2",0.133333333333333,2.53713933858427,19,0.0525526254335456,1
"437","PR1 F Order1 - NR5 F Order2",-1.03333333333333,2.70600372142221,19,-0.381866929876295,1
"438","PR1 F Order1 - NR6 F Order2",-3.53333333333333,2.72919027042157,19,-1.2946452915456,1
"439","PR1 F Order1 - PR0 F Order2",5.13333333333333,1.64323884999371,19,3.1239118606239,1
"440","PR1 F Order1 - PR1 F Order2",5.63333333333333,1.77068394622725,19,3.18144485656864,1
"441","PR1 F Order1 - PR2 F Order2",4.3,1.83523027858593,19,2.34303021815508,1
"442","PR1 F Order1 - PR3 F Order2",5.63333333333333,1.92230672835912,19,2.93050700506154,1
"443","PR1 F Order1 - PR4 F Order2",4.3,2.08375785148508,19,2.06357950706,1
"444","PR1 F Order1 - PR5 F Order2",3.13333333333334,2.12674421021253,19,1.47330051178097,1
"445","PR1 F Order1 - PR6 F Order2",2.96666666666667,2.26095772286025,19,1.3121283236175,1
"446","PR1 F Order1 - NR0 M Order2",-12.5333333333333,2.68076318015415,19,-4.67528554037088,0.242358049832578
"447","PR1 F Order1 - NR1 M Order2",-8.86666666666667,2.59468642822571,19,-3.41724016058843,1
"448","PR1 F Order1 - NR2 M Order2",-5.7,2.30050846146815,19,-2.47771312102123,1
"449","PR1 F Order1 - NR3 M Order2",-8.53333333333333,2.48650157017435,19,-3.43186323937651,1
"450","PR1 F Order1 - NR4 M Order2",-6.7,2.53713933858427,19,-2.64076942803568,1
"451","PR1 F Order1 - NR5 M Order2",-5.03333333333333,2.70600372142222,19,-1.86006149713938,1
"452","PR1 F Order1 - NR6 M Order2",-7.7,2.72919027042157,19,-2.82134964478333,1
"453","PR1 F Order1 - PR0 M Order2",3.96666666666667,1.64323884999371,19,2.41393189230029,1
"454","PR1 F Order1 - PR1 M Order2",6.3,1.77068394622725,19,3.55794720645842,1
"455","PR1 F Order1 - PR2 M Order2",5.3,1.83523027858593,19,2.88792096656324,1
"456","PR1 F Order1 - PR3 M Order2",4.46666666666667,1.92230672835912,19,2.32359727028548,1
"457","PR1 F Order1 - PR4 M Order2",0.800000000000001,2.08375785148508,19,0.38392176875535,1
"458","PR1 F Order1 - PR5 M Order2",-1.2,2.12674421021253,19,-0.564242749192711,1
"459","PR1 F Order1 - PR6 M Order2",-3.36666666666667,2.26095772286025,19,-1.48904450208279,1
"460","PR2 F Order1 - PR3 F Order1",-0.2,0.964092155455342,19,-0.207449048172723,1
"461","PR2 F Order1 - PR4 F Order1",-1.4,1.48690187738884,19,-0.941555069160683,1
"462","PR2 F Order1 - PR5 F Order1",-0.999999999999998,1.42040271037798,19,-0.704025691230825,1
"463","PR2 F Order1 - PR6 F Order1",0.200000000000001,1.54511113550211,19,0.129440527224605,1
"464","PR2 F Order1 - NR0 M Order1",-0.666666666666666,2.73235968966097,19,-0.243989350739318,1
"465","PR2 F Order1 - NR1 M Order1",-2,2.64796070711647,19,-0.755298216708784,1
"466","PR2 F Order1 - NR2 M Order1",-0.833333333333328,2.36043161877242,19,-0.353042776882779,1
"467","PR2 F Order1 - NR3 M Order1",-2.33333333333333,2.54204411922641,19,-0.917896473820213,1
"468","PR2 F Order1 - NR4 M Order1",-2.16666666666667,2.59159685696017,19,-0.836035381370261,1
"469","PR2 F Order1 - NR5 M Order1",-2.33333333333333,2.75712792339509,19,-0.846291285048573,1
"470","PR2 F Order1 - NR6 M Order1",-2.66666666666666,2.77988808727578,19,-0.959271230691856,1
"471","PR2 F Order1 - PR0 M Order1",2.5,1.72613213971083,19,1.44832480809888,1
"472","PR2 F Order1 - PR1 M Order1",2.33333333333333,1.84786901133195,19,1.26271576557878,1
"473","PR2 F Order1 - PR2 M Order1",1,1.90980847758424,19,0.523612713911985,1
"474","PR2 F Order1 - PR3 M Order1",-1.66666666666667,1.99363020731247,19,-0.835995893598256,1
"475","PR2 F Order1 - PR4 M Order1",-3.33333333333333,2.14973138536882,19,-1.55058132193639,1
"476","PR2 F Order1 - PR5 M Order1",-3.66666666666666,2.19142400764584,19,-1.67318905600821,1
"477","PR2 F Order1 - PR6 M Order1",-2.33333333333333,2.32190182182095,19,-1.00492333974027,1
"478","PR2 F Order1 - NR0 F Order2",0.166666666666668,2.73235968966097,19,0.0609973376848303,1
"479","PR2 F Order1 - NR1 F Order2",-2,2.64796070711647,19,-0.755298216708784,1
"480","PR2 F Order1 - NR2 F Order2",0.166666666666671,2.36043161877242,19,0.070608555376558,1
"481","PR2 F Order1 - NR3 F Order2",4.19562551294455e-15,2.54204411922641,19,1.65049279877226e-15,1
"482","PR2 F Order1 - NR4 F Order2",-0.666666666666667,2.59159685696017,19,-0.257241655806234,1
"483","PR2 F Order1 - NR5 F Order2",-1.83333333333333,2.75712792339509,19,-0.664943152538164,1
"484","PR2 F Order1 - NR6 F Order2",-4.33333333333333,2.77988808727578,19,-1.55881574987427,1
"485","PR2 F Order1 - PR0 F Order2",4.33333333333333,1.72613213971083,19,2.51042966737139,1
"486","PR2 F Order1 - PR1 F Order2",4.83333333333333,1.84786901133195,19,2.61562551441319,1
"487","PR2 F Order1 - PR2 F Order2",3.5,1.90980847758424,19,1.83264449869195,1
"488","PR2 F Order1 - PR3 F Order2",4.83333333333333,1.99363020731247,19,2.42438809143494,1
"489","PR2 F Order1 - PR4 F Order2",3.5,2.14973138536882,19,1.62811038803321,1
"490","PR2 F Order1 - PR5 F Order2",2.33333333333334,2.19142400764584,19,1.06475667200523,1
"491","PR2 F Order1 - PR6 F Order2",2.16666666666667,2.32190182182095,19,0.933143101187397,1
"492","PR2 F Order1 - NR0 M Order2",-13.3333333333333,2.73235968966097,19,-4.87978701478637,0.154087726742533
"493","PR2 F Order1 - NR1 M Order2",-9.66666666666667,2.64796070711647,19,-3.65060804742579,1
"494","PR2 F Order1 - NR2 M Order2",-6.5,2.36043161877242,19,-2.75373365968569,1
"495","PR2 F Order1 - NR3 M Order2",-9.33333333333333,2.54204411922641,19,-3.67158589528086,1
"496","PR2 F Order1 - NR4 M Order2",-7.5,2.59159685696017,19,-2.89396862782013,1
"497","PR2 F Order1 - NR5 M Order2",-5.83333333333333,2.75712792339509,19,-2.11572821262143,1
"498","PR2 F Order1 - NR6 M Order2",-8.5,2.77988808727578,19,-3.05767704783029,1
"499","PR2 F Order1 - PR0 M Order2",3.16666666666667,1.72613213971083,19,1.83454475692525,1
"500","PR2 F Order1 - PR1 M Order2",5.5,1.84786901133195,19,2.9764014474357,1
"501","PR2 F Order1 - PR2 M Order2",4.5,1.90980847758424,19,2.35625721260393,1
"502","PR2 F Order1 - PR3 M Order2",3.66666666666667,1.99363020731247,19,1.83919096591616,1
"503","PR2 F Order1 - PR4 M Order2",1.19782656016199e-15,2.14973138536882,19,5.57198247331946e-16,1
"504","PR2 F Order1 - PR5 M Order2",-2,2.19142400764584,19,-0.912648576004477,1
"505","PR2 F Order1 - PR6 M Order2",-4.16666666666667,2.32190182182095,19,-1.79450596382192,1
"506","PR3 F Order1 - PR4 F Order1",-1.2,1.14616063905821,19,-1.04697366067817,1
"507","PR3 F Order1 - PR5 F Order1",-0.799999999999998,1.56148826893931,19,-0.512331738837476,1
"508","PR3 F Order1 - PR6 F Order1",0.400000000000001,1.55156966361573,19,0.257803442139912,1
"509","PR3 F Order1 - NR0 M Order1",-0.466666666666667,2.80328754369429,19,-0.16647120903326,1
"510","PR3 F Order1 - NR1 M Order1",-1.8,2.7210893931255,19,-0.661499767169531,1
"511","PR3 F Order1 - NR2 M Order1",-0.633333333333328,2.44218529310287,19,-0.259330581967701,1
"512","PR3 F Order1 - NR3 M Order1",-2.13333333333333,2.61813290018687,19,-0.814830039063739,1
"513","PR3 F Order1 - NR4 M Order1",-1.96666666666667,2.66627190060452,19,-0.737609193653795,1
"514","PR3 F Order1 - NR5 M Order1",-2.13333333333333,2.82743452000436,19,-0.75451202078768,1
"515","PR3 F Order1 - NR6 M Order1",-2.46666666666666,2.84963319687379,19,-0.865608482303174,1
"516","PR3 F Order1 - PR0 M Order1",2.7,1.8363452133763,19,1.47031178034101,1
"517","PR3 F Order1 - PR1 M Order1",2.53333333333333,1.95121794323143,19,1.29833437731607,1
"518","PR3 F Order1 - PR2 M Order1",1.2,2.00997512422418,19,0.597022314125994,1
"519","PR3 F Order1 - PR3 M Order1",-1.46666666666667,2.08978299889155,19,-0.701827255482799,1
"520","PR3 F Order1 - PR4 M Order1",-3.13333333333333,2.23919106111719,19,-1.39931486318547,1
"521","PR3 F Order1 - PR5 M Order1",-3.46666666666667,2.27924784967189,19,-1.5209695896678,1
"522","PR3 F Order1 - PR6 M Order1",-2.13333333333333,2.40496562327257,19,-0.887053566458215,1
"523","PR3 F Order1 - NR0 F Order2",0.366666666666668,2.80328754369429,19,0.130798807097562,1
"524","PR3 F Order1 - NR1 F Order2",-1.8,2.7210893931255,19,-0.661499767169531,1
"525","PR3 F Order1 - NR2 F Order2",0.36666666666667,2.44218529310287,19,0.150138757981303,1
"526","PR3 F Order1 - NR3 F Order2",0.200000000000004,2.61813290018687,19,0.0763903161622271,1
"527","PR3 F Order1 - NR4 F Order2",-0.466666666666668,2.66627190060452,19,-0.175025910358528,1
"528","PR3 F Order1 - NR5 F Order2",-1.63333333333333,2.82743452000436,19,-0.577673265915567,1
"529","PR3 F Order1 - NR6 F Order2",-4.13333333333333,2.84963319687379,19,-1.45047907845397,1
"530","PR3 F Order1 - PR0 F Order2",4.53333333333333,1.8363452133763,19,2.46867163118984,1
"531","PR3 F Order1 - PR1 F Order2",5.03333333333333,1.95121794323143,19,2.5795854075622,1
"532","PR3 F Order1 - PR2 F Order2",3.7,2.00997512422418,19,1.84081880188848,1
"533","PR3 F Order1 - PR3 F Order2",5.03333333333333,2.08978299889155,19,2.40854353586142,1
"534","PR3 F Order1 - PR4 F Order2",3.7,2.23919106111719,19,1.6523824448254,1
"535","PR3 F Order1 - PR5 F Order2",2.53333333333334,2.27924784967189,19,1.11147777706493,1
"536","PR3 F Order1 - PR6 F Order2",2.36666666666667,2.40496562327257,19,0.984075050289581,1
"537","PR3 F Order1 - NR0 M Order2",-13.1333333333333,2.80328754369429,19,-4.68497545422175,0.23727377827046
"538","PR3 F Order1 - NR1 M Order2",-9.46666666666667,2.7210893931255,19,-3.4789987754842,1
"539","PR3 F Order1 - NR2 M Order2",-6.3,2.44218529310287,19,-2.57965684167873,1
"540","PR3 F Order1 - NR3 M Order2",-9.13333333333333,2.61813290018687,19,-3.48849110474163,1
"541","PR3 F Order1 - NR4 M Order2",-7.3,2.66627190060452,19,-2.73790531203697,1
"542","PR3 F Order1 - NR5 M Order2",-5.63333333333333,2.82743452000436,19,-1.99238330489247,1
"543","PR3 F Order1 - NR6 M Order2",-8.3,2.84963319687379,19,-2.91265556883095,1
"544","PR3 F Order1 - PR0 M Order2",3.36666666666666,1.8363452133763,19,1.83335172610422,1
"545","PR3 F Order1 - PR1 M Order2",5.7,1.95121794323143,19,2.92125234896117,1
"546","PR3 F Order1 - PR2 M Order2",4.7,2.00997512422418,19,2.33833739699347,1
"547","PR3 F Order1 - PR3 M Order2",3.86666666666667,2.08978299889155,19,1.85027185536374,1
"548","PR3 F Order1 - PR4 M Order2",0.200000000000001,2.23919106111719,19,0.0893179699905624,1
"549","PR3 F Order1 - PR5 M Order2",-1.8,2.27924784967189,19,-0.789734210019819,1
"550","PR3 F Order1 - PR6 M Order2",-3.96666666666667,2.40496562327257,19,-1.64936522513324,1
"551","PR4 F Order1 - PR5 F Order1",0.400000000000001,1.63953352373125,19,0.24397183357964,1
"552","PR4 F Order1 - PR6 F Order1",1.6,1.62664222012116,19,0.983621339842527,1
"553","PR4 F Order1 - NR0 M Order1",0.733333333333332,2.93846242166014,19,0.249563624815396,1
"554","PR4 F Order1 - NR1 M Order1",-0.600000000000002,2.86015171560134,19,-0.209779081552621,1
"555","PR4 F Order1 - NR2 M Order1",0.56666666666667,2.5962298351119,19,0.218265216354486,1
"556","PR4 F Order1 - NR3 M Order1",-0.933333333333331,2.76238307153771,19,-0.337872521356634,1
"557","PR4 F Order1 - NR4 M Order1",-0.766666666666669,2.80805024862989,19,-0.273024553973256,1
"558","PR4 F Order1 - NR5 M Order1",-0.933333333333333,2.96150743976602,19,-0.315154816361722,1
"559","PR4 F Order1 - NR6 M Order1",-1.26666666666667,2.98270845165972,19,-0.424669955912664,1
"560","PR4 F Order1 - PR0 M Order1",3.9,2.03673859234985,19,1.91482599418929,1
"561","PR4 F Order1 - PR1 M Order1",3.73333333333333,2.14088575427684,19,1.74382651006728,1
"562","PR4 F Order1 - PR2 M Order1",2.4,2.19457065297,19,1.09360798967761,1
"563","PR4 F Order1 - PR3 M Order1",-0.266666666666669,2.26789182575654,19,-0.11758350360371,1
"564","PR4 F Order1 - PR4 M Order1",-1.93333333333333,2.40626618624464,19,-0.803457798802637,1
"565","PR4 F Order1 - PR5 M Order1",-2.26666666666667,2.44358570774817,19,-0.92759859393492,1
"566","PR4 F Order1 - PR6 M Order1",-0.933333333333335,2.56124969497314,19,-0.364405444406748,1
"567","PR4 F Order1 - NR0 F Order2",1.56666666666667,2.93846242166014,19,0.533158653014711,1
"568","PR4 F Order1 - NR1 F Order2",-0.600000000000001,2.86015171560134,19,-0.20977908155262,1
"569","PR4 F Order1 - NR2 F Order2",1.56666666666667,2.5962298351119,19,0.603439127568283,1
"570","PR4 F Order1 - NR3 F Order2",1.4,2.76238307153771,19,0.506808782034954,1
"571","PR4 F Order1 - NR4 F Order2",0.733333333333331,2.80805024862989,19,0.261153921191809,1
"572","PR4 F Order1 - NR5 F Order2",-0.433333333333333,2.96150743976602,19,-0.146321879025085,1
"573","PR4 F Order1 - NR6 F Order2",-2.93333333333333,2.98270845165972,19,-0.983446213692486,1
"574","PR4 F Order1 - PR0 F Order2",5.73333333333333,2.03673859234985,19,2.81495787179964,1
"575","PR4 F Order1 - PR1 F Order2",6.23333333333333,2.14088575427684,19,2.91156747663019,1
"576","PR4 F Order1 - PR2 F Order2",4.9,2.19457065297,19,2.23278297892511,1
"577","PR4 F Order1 - PR3 F Order2",6.23333333333333,2.26789182575654,19,2.7485143967367,1
"578","PR4 F Order1 - PR4 F Order2",4.9,2.40626618624464,19,2.03634993834461,1
"579","PR4 F Order1 - PR5 F Order2",3.73333333333333,2.44358570774817,19,1.52780944883399,1
"580","PR4 F Order1 - PR6 F Order2",3.56666666666666,2.56124969497314,19,1.39254937684007,1
"581","PR4 F Order1 - NR0 M Order2",-11.9333333333333,2.93846242166014,19,-4.06108080381419,0.9529798408914
"582","PR4 F Order1 - NR1 M Order2",-8.26666666666667,2.86015171560134,19,-2.89028956805832,1
"583","PR4 F Order1 - NR2 M Order2",-5.1,2.5962298351119,19,-1.96438694719036,1
"584","PR4 F Order1 - NR3 M Order2",-7.93333333333333,2.76238307153771,19,-2.8719164315314,1
"585","PR4 F Order1 - NR4 M Order2",-6.1,2.80805024862989,19,-2.1723257990046,1
"586","PR4 F Order1 - NR5 M Order2",-4.43333333333333,2.96150743976602,19,-1.49698537771818,1
"587","PR4 F Order1 - NR6 M Order2",-7.1,2.98270845165972,19,-2.38038685814204,1
"588","PR4 F Order1 - PR0 M Order2",4.56666666666666,2.03673859234985,19,2.24214667695669,1
"589","PR4 F Order1 - PR1 M Order2",6.9,2.14088575427684,19,3.22296506771363,1
"590","PR4 F Order1 - PR2 M Order2",5.9,2.19457065297,19,2.68845297462412,1
"591","PR4 F Order1 - PR3 M Order2",5.06666666666667,2.26789182575654,19,2.23408656847047,1
"592","PR4 F Order1 - PR4 M Order2",1.4,2.40626618624464,19,0.581814268098461,1
"593","PR4 F Order1 - PR5 M Order2",-0.599999999999999,2.44358570774817,19,-0.24554080427689,1
"594","PR4 F Order1 - PR6 M Order2",-2.76666666666667,2.56124969497314,19,-1.08020185306286,1
"595","PR5 F Order1 - PR6 F Order1",1.2,1.39849543212847,19,0.858065012177858,1
"596","PR5 F Order1 - NR0 M Order1",0.333333333333331,2.97518980671232,19,0.112037669859348,1
"597","PR5 F Order1 - NR1 M Order1",-1,2.89787177402891,19,-0.345080831029906,1
"598","PR5 F Order1 - NR2 M Order1",0.16666666666667,2.63772673701831,19,0.0631857213742579,1
"599","PR5 F Order1 - NR3 M Order1",-1.33333333333333,2.80141985721067,19,-0.47594912626232,1
"600","PR5 F Order1 - NR4 M Order1",-1.16666666666667,2.84646081674885,19,-0.409865704035653,1
"601","PR5 F Order1 - NR5 M Order1",-1.33333333333333,2.99795251767696,19,-0.444747982321782,1
"602","PR5 F Order1 - NR6 M Order1",-1.66666666666667,3.01889759515928,19,-0.552077907292755,1
"603","PR5 F Order1 - PR0 M Order1",3.5,2.08937719811991,19,1.67514032561924,1
"604","PR5 F Order1 - PR1 M Order1",3.33333333333333,2.19102368661812,19,1.52135887607787,1
"605","PR5 F Order1 - PR2 M Order1",2,2.24350915606185,19,0.891460591812653,1
"606","PR5 F Order1 - PR3 M Order1",-0.666666666666669,2.31528104466595,19,-0.287942005227644,1
"607","PR5 F Order1 - PR4 M Order1",-2.33333333333333,2.45098142414839,19,-0.951999599158149,1
"608","PR5 F Order1 - PR5 M Order1",-2.66666666666667,2.48763021640421,19,-1.07197068482359,1
"609","PR5 F Order1 - PR6 M Order1",-1.33333333333334,2.60330424316025,19,-0.512169615532433,1
"610","PR5 F Order1 - NR0 F Order2",1.16666666666667,2.97518980671232,19,0.392131844507719,1
"611","PR5 F Order1 - NR1 F Order2",-1,2.89787177402891,19,-0.345080831029905,1
"612","PR5 F Order1 - NR2 F Order2",1.16666666666667,2.63772673701831,19,0.442300049619798,1
"613","PR5 F Order1 - NR3 F Order2",1,2.80141985721067,19,0.356961844696741,1
"614","PR5 F Order1 - NR4 F Order2",0.33333333333333,2.84646081674885,19,0.117104486867328,1
"615","PR5 F Order1 - NR5 F Order2",-0.833333333333333,2.99795251767696,19,-0.277967488951114,1
"616","PR5 F Order1 - NR6 F Order2",-3.33333333333333,3.01889759515928,19,-1.10415581458551,1
"617","PR5 F Order1 - PR0 F Order2",5.33333333333333,2.08937719811991,19,2.55259478189599,1
"618","PR5 F Order1 - PR1 F Order2",5.83333333333333,2.19102368661812,19,2.66237803313628,1
"619","PR5 F Order1 - PR2 F Order2",4.5,2.24350915606184,19,2.00578633157847,1
"620","PR5 F Order1 - PR3 F Order2",5.83333333333333,2.31528104466595,19,2.51949254574187,1
"621","PR5 F Order1 - PR4 F Order2",4.5,2.45098142414839,19,1.83599922694786,1
"622","PR5 F Order1 - PR5 F Order2",3.33333333333333,2.48763021640421,19,1.33996335602948,1
"623","PR5 F Order1 - PR6 F Order2",3.16666666666666,2.60330424316025,19,1.21640283688953,1
"624","PR5 F Order1 - NR0 M Order2",-12.3333333333333,2.97518980671232,19,-4.14539378479589,0.793247058725057
"625","PR5 F Order1 - NR1 M Order2",-8.66666666666667,2.89787177402891,19,-2.99070053559251,1
"626","PR5 F Order1 - NR2 M Order2",-5.5,2.63772673701831,19,-2.08512880535047,1
"627","PR5 F Order1 - NR3 M Order2",-8.33333333333333,2.80141985721067,19,-2.9746820391395,1
"628","PR5 F Order1 - NR4 M Order2",-6.5,2.84646081674885,19,-2.28353749391292,1
"629","PR5 F Order1 - NR5 M Order2",-4.83333333333333,2.99795251767696,19,-1.61221143591646,1
"630","PR5 F Order1 - NR6 M Order2",-7.5,3.01889759515928,19,-2.4843505828174,1
"631","PR5 F Order1 - PR0 M Order2",4.16666666666666,2.08937719811991,19,1.99421467335624,1
"632","PR5 F Order1 - PR1 M Order2",6.5,2.19102368661812,19,2.96664980835185,1
"633","PR5 F Order1 - PR2 M Order2",5.5,2.24350915606184,19,2.4515166274848,1
"634","PR5 F Order1 - PR3 M Order2",4.66666666666666,2.31528104466595,19,2.0155940365935,1
"635","PR5 F Order1 - PR4 M Order2",0.999999999999999,2.45098142414839,19,0.407999828210634,1
"636","PR5 F Order1 - PR5 M Order2",-1,2.48763021640421,19,-0.401989006808845,1
"637","PR5 F Order1 - PR6 M Order2",-3.16666666666667,2.60330424316025,19,-1.21640283688953,1
"638","PR6 F Order1 - NR0 M Order1",-0.866666666666668,3.09166962216722,19,-0.280323182157849,1
"639","PR6 F Order1 - NR1 M Order1",-2.2,3.01733781426278,19,-0.729119553535148,1
"640","PR6 F Order1 - NR2 M Order1",-1.03333333333333,2.76844162045147,19,-0.373254514633694,1
"641","PR6 F Order1 - NR3 M Order1",-2.53333333333333,2.92482818008869,19,-0.86614774521781,1
"642","PR6 F Order1 - NR4 M Order1",-2.36666666666667,2.96799694203906,19,-0.797395251034434,1
"643","PR6 F Order1 - NR5 M Order1",-2.53333333333333,3.11358089101797,19,-0.813639799961988,1
"644","PR6 F Order1 - NR6 M Order1",-2.86666666666667,3.13375323800792,19,-0.914771026607366,1
"645","PR6 F Order1 - PR0 M Order1",2.3,2.25214647451938,19,1.02124796323065,1
"646","PR6 F Order1 - PR1 M Order1",2.13333333333333,2.34675338755232,19,0.909057314947955,1
"647","PR6 F Order1 - PR2 M Order1",0.799999999999999,2.39582971014219,19,0.333913548451872,1
"648","PR6 F Order1 - PR3 M Order1",-1.86666666666667,2.46316726643891,19,-0.757831874473297,1
"649","PR6 F Order1 - PR4 M Order1",-3.53333333333333,2.59113423198937,19,-1.36362419581041,1
"650","PR6 F Order1 - PR5 M Order1",-3.86666666666667,2.62582763338227,19,-1.47255159383257,1
"651","PR6 F Order1 - PR6 M Order1",-2.53333333333333,2.73566438897808,19,-0.926039518421949,1
"652","PR6 F Order1 - NR0 F Order2",-0.0333333333333328,3.09166962216722,19,-0.0107816608522248,1
"653","PR6 F Order1 - NR1 F Order2",-2.2,3.01733781426278,19,-0.729119553535148,1
"654","PR6 F Order1 - NR2 F Order2",-0.0333333333333306,2.76844162045147,19,-0.0120404682139892,1
"655","PR6 F Order1 - NR3 F Order2",-0.199999999999997,2.92482818008869,19,-0.0683800851487735,1
"656","PR6 F Order1 - NR4 F Order2",-0.866666666666669,2.96799694203906,19,-0.292003894745004,1
"657","PR6 F Order1 - NR5 F Order2",-2.03333333333333,3.11358089101797,19,-0.653052997337911,1
"658","PR6 F Order1 - NR6 F Order2",-4.53333333333333,3.13375323800792,19,-1.44661464672793,1
"659","PR6 F Order1 - PR0 F Order2",4.13333333333333,2.25214647451938,19,1.83528619479131,1
"660","PR6 F Order1 - PR1 F Order2",4.63333333333333,2.34675338755232,19,1.97435885590259,1
"661","PR6 F Order1 - PR2 F Order2",3.3,2.39582971014219,19,1.37739338736397,1
"662","PR6 F Order1 - PR3 F Order2",4.63333333333333,2.46316726643891,19,1.88104697413908,1
"663","PR6 F Order1 - PR4 F Order2",3.3,2.59113423198937,19,1.2735735413701,1
"664","PR6 F Order1 - PR5 F Order2",2.13333333333333,2.62582763338227,19,0.812442258666247,1
"665","PR6 F Order1 - PR6 F Order2",1.96666666666667,2.73566438897808,19,0.718899099827564,1
"666","PR6 F Order1 - NR0 M Order2",-13.5333333333333,3.09166962216722,19,-4.37735430600332,0.47204709083052
"667","PR6 F Order1 - NR1 M Order2",-9.86666666666667,3.01733781426278,19,-3.26999072494551,1
"668","PR6 F Order1 - NR2 M Order2",-6.7,2.76844162045147,19,-2.42013411101202,1
"669","PR6 F Order1 - NR3 M Order2",-9.53333333333333,2.92482818008869,19,-3.25945072542492,1
"670","PR6 F Order1 - NR4 M Order2",-7.7,2.96799694203906,19,-2.59434229561907,1
"671","PR6 F Order1 - NR5 M Order2",-6.03333333333333,3.11358089101797,19,-1.93774741833052,1
"672","PR6 F Order1 - NR6 M Order2",-8.7,3.13375323800792,19,-2.77622369702933,1
"673","PR6 F Order1 - PR0 M Order2",2.96666666666666,2.25214647451938,19,1.31726186561634,1
"674","PR6 F Order1 - PR1 M Order2",5.3,2.34675338755232,19,2.25843926682383,1
"675","PR6 F Order1 - PR2 M Order2",4.3,2.39582971014219,19,1.79478532292882,1
"676","PR6 F Order1 - PR3 M Order2",3.46666666666667,2.46316726643891,19,1.40740205259326,1
"677","PR6 F Order1 - PR4 M Order2",-0.2,2.59113423198937,19,-0.0771862752345517,1
"678","PR6 F Order1 - PR5 M Order2",-2.2,2.62582763338227,19,-0.837831079249566,1
"679","PR6 F Order1 - PR6 M Order2",-4.36666666666667,2.73566438897808,19,-1.59619969622731,1
"680","NR0 M Order1 - NR1 M Order1",-1.33333333333333,1.42871553157913,19,-0.933239195530846,1
"681","NR0 M Order1 - NR2 M Order1",-0.166666666666662,1.73323211580315,19,-0.0961594613595255,1
"682","NR0 M Order1 - NR3 M Order1",-1.66666666666666,1.47186081848993,19,-1.13235344383757,1
"683","NR0 M Order1 - NR4 M Order1",-1.5,2.25164007801773,19,-0.666181071586074,1
"684","NR0 M Order1 - NR5 M Order1",-1.66666666666667,3.00004873254766,19,-0.555546531156286,1
"685","NR0 M Order1 - NR6 M Order1",-2,2.61764145436798,19,-0.764046579665315,1
"686","NR0 M Order1 - PR0 M Order1",3.16666666666667,2.42061081653912,19,1.30820974814705,1
"687","NR0 M Order1 - PR1 M Order1",3,2.18480933100934,19,1.37311753360832,1
"688","NR0 M Order1 - PR2 M Order1",1.66666666666667,2.18507697885195,19,0.762749634359491,1
"689","NR0 M Order1 - PR3 M Order1",-1,2.05309636363289,19,-0.487069198364627,1
"690","NR0 M Order1 - PR4 M Order1",-2.66666666666667,2.23056911941577,19,-1.19550954214103,1
"691","NR0 M Order1 - PR5 M Order1",-3,1.98893135960404,19,-1.50834767902561,1
"692","NR0 M Order1 - PR6 M Order1",-1.66666666666667,1.55644293820334,19,-1.07081771246337,1
"693","NR0 M Order1 - NR0 F Order2",0.833333333333335,3.30947602785507,19,0.251802196577152,1
"694","NR0 M Order1 - NR1 F Order2",-1.33333333333333,3.24014475165785,19,-0.411504249200941,1
"695","NR0 M Order1 - NR2 F Order2",0.833333333333337,3.00973080725897,19,0.276879690144871,1
"696","NR0 M Order1 - NR3 F Order2",0.666666666666671,3.15417666108871,19,0.21135996435804,1
"697","NR0 M Order1 - NR4 F Order2",-9.99200722162641e-16,3.19424738776899,19,-3.12812566111396e-16,1
"698","NR0 M Order1 - NR5 F Order2",-1.16666666666666,3.32995442780049,19,-0.350355145081452,1
"699","NR0 M Order1 - NR6 F Order2",-3.66666666666666,3.34882365660555,19,-1.09491183850012,1
"700","NR0 M Order1 - PR0 F Order2",5,2.54290665754877,19,1.96625384779941,1
"701","NR0 M Order1 - PR1 F Order2",5.5,2.6270633772911,19,2.0935924300659,1
"702","NR0 M Order1 - PR2 F Order2",4.16666666666667,2.67099429544801,19,1.55996838846404,1
"703","NR0 M Order1 - PR3 F Order2",5.5,2.73155697520149,19,2.01350367205659,1
"704","NR0 M Order1 - PR4 F Order2",4.16666666666667,2.84748786380257,19,1.46327811248419,1
"705","NR0 M Order1 - PR5 F Order2",3,2.87909383079984,19,1.04199452199395,1
"706","NR0 M Order1 - PR6 F Order2",2.83333333333333,2.97960906419594,19,0.950907744032494,1
"707","NR0 M Order1 - NR0 M Order2",-12.6666666666667,3.30947602785507,19,-3.82739338797271,1
"708","NR0 M Order1 - NR1 M Order2",-9,3.24014475165785,19,-2.77765368210635,1
"709","NR0 M Order1 - NR2 M Order2",-5.83333333333333,3.00973080725897,19,-1.93815783101409,1
"710","NR0 M Order1 - NR3 M Order2",-8.66666666666666,3.15417666108871,19,-2.7476795366545,1
"711","NR0 M Order1 - NR4 M Order2",-6.83333333333333,3.19424738776899,19,-2.13926240011925,1
"712","NR0 M Order1 - NR5 M Order2",-5.16666666666667,3.32995442780049,19,-1.55157278536072,1
"713","NR0 M Order1 - NR6 M Order2",-7.83333333333333,3.34882365660555,19,-2.33912983679571,1
"714","NR0 M Order1 - PR0 M Order2",3.83333333333333,2.54290665754877,19,1.50746128331288,1
"715","NR0 M Order1 - PR1 M Order2",6.16666666666667,2.6270633772911,19,2.34736120946783,1
"716","NR0 M Order1 - PR2 M Order2",5.16666666666667,2.67099429544801,19,1.93436080169541,1
"717","NR0 M Order1 - PR3 M Order2",4.33333333333333,2.73155697520149,19,1.58639683252943,1
"718","NR0 M Order1 - PR4 M Order2",0.666666666666668,2.84748786380257,19,0.234124497997471,1
"719","NR0 M Order1 - PR5 M Order2",-1.33333333333333,2.87909383079984,19,-0.463108676441753,1
"720","NR0 M Order1 - PR6 M Order2",-3.5,2.97960906419594,19,-1.17465074262838,1
"721","NR1 M Order1 - NR2 M Order1",1.16666666666667,1.21864175182793,19,0.957349988145987,1
"722","NR1 M Order1 - NR3 M Order1",-0.333333333333329,1.06567936764295,19,-0.312789515734539,1
"723","NR1 M Order1 - NR4 M Order1",-0.166666666666667,1.49208437746452,19,-0.111700564112789,1
"724","NR1 M Order1 - NR5 M Order1",-0.333333333333331,2.20803953689494,19,-0.15096348039224,1
"725","NR1 M Order1 - NR6 M Order1",-0.666666666666664,2.13307290077015,19,-0.312538153958995,1
"726","NR1 M Order1 - PR0 M Order1",4.5,2.48586648147938,19,1.81023399025115,1
"727","NR1 M Order1 - PR1 M Order1",4.33333333333333,1.95160752453575,19,2.22039179438199,1
"728","NR1 M Order1 - PR2 M Order1",3,1.9901805730763,19,1.50740090652317,1
"729","NR1 M Order1 - PR3 M Order1",0.333333333333333,1.73786519574923,19,0.191806208069912,1
"730","NR1 M Order1 - PR4 M Order1",-1.33333333333333,1.64414609273903,19,-0.81095794298431,1
"731","NR1 M Order1 - PR5 M Order1",-1.66666666666666,1.91760084023139,19,-0.869141602204112,1
"732","NR1 M Order1 - PR6 M Order1",-0.333333333333333,1.51850187791006,19,-0.219514600661611,1
"733","NR1 M Order1 - NR0 F Order2",2.16666666666667,3.24014475165785,19,0.66869440495153,1
"734","NR1 M Order1 - NR1 F Order2",1.33226762955019e-15,3.16929715306792,19,4.20366903198248e-16,1
"735","NR1 M Order1 - NR2 F Order2",2.16666666666667,2.93332336521432,19,0.738638873695524,1
"736","NR1 M Order1 - NR3 F Order2",2,3.08135308624397,19,0.64906550597157,1
"737","NR1 M Order1 - NR4 F Order2",1.33333333333333,3.12235853274693,19,0.427027620098554,1
"738","NR1 M Order1 - NR5 F Order2",0.166666666666669,3.26105855880826,19,0.0511081489832483,1
"739","NR1 M Order1 - NR6 F Order2",-2.33333333333333,3.28032411749045,19,-0.711311824612748,1
"740","NR1 M Order1 - PR0 F Order2",6.33333333333333,2.45199524912965,19,2.58293050754539,1
"741","NR1 M Order1 - PR1 F Order2",6.83333333333333,2.53916687538504,19,2.69117142302714,1
"742","NR1 M Order1 - PR2 F Order2",5.5,2.58459222297529,19,2.12799526018406,1
"743","NR1 M Order1 - PR3 F Order2",6.83333333333333,2.64713239969603,19,2.58140973006035,1
"744","NR1 M Order1 - PR4 F Order2",5.5,2.76660325439906,19,1.98799737232098,1
"745","NR1 M Order1 - PR5 F Order2",4.33333333333334,2.79912266956956,19,1.54810411863789,1
"746","NR1 M Order1 - PR6 F Order2",4.16666666666667,2.90240875966621,19,1.43558919907128,1
"747","NR1 M Order1 - NR0 M Order2",-11.3333333333333,3.24014475165785,19,-3.497786118208,1
"748","NR1 M Order1 - NR1 M Order2",-7.66666666666667,3.16929715306792,19,-2.41904318099211,1
"749","NR1 M Order1 - NR2 M Order2",-4.5,2.93332336521432,19,-1.5340961222907,1
"750","NR1 M Order1 - NR3 M Order2",-7.33333333333333,3.08135308624397,19,-2.37990685522908,1
"751","NR1 M Order1 - NR4 M Order2",-5.5,3.12235853274693,19,-1.76148893290654,1
"752","NR1 M Order1 - NR5 M Order2",-3.83333333333333,3.26105855880826,19,-1.17548742661469,1
"753","NR1 M Order1 - NR6 M Order2",-6.5,3.28032411749045,19,-1.98151151142123,1
"754","NR1 M Order1 - PR0 M Order2",5.16666666666667,2.45199524912965,19,2.10712751931334,1
"755","NR1 M Order1 - PR1 M Order2",7.5,2.53916687538504,19,2.95372473259076,1
"756","NR1 M Order1 - PR2 M Order2",6.5,2.58459222297529,19,2.51490348930844,1
"757","NR1 M Order1 - PR3 M Order2",5.66666666666667,2.64713239969603,19,2.14068123956224,1
"758","NR1 M Order1 - PR4 M Order2",2,2.76660325439906,19,0.722908135389448,1
"759","NR1 M Order1 - PR5 M Order2",2.77555756156289e-15,2.79912266956956,19,9.91581252132013e-16,1
"760","NR1 M Order1 - PR6 M Order2",-2.16666666666667,2.90240875966621,19,-0.746506383517064,1
"761","NR2 M Order1 - NR3 M Order1",-1.5,1.03942741772821,19,-1.44310220648058,1
"762","NR2 M Order1 - NR4 M Order1",-1.33333333333334,1.32508413061827,19,-1.00622541808815,1
"763","NR2 M Order1 - NR5 M Order1",-1.5,1.91493056383971,19,-0.783318219639403,1
"764","NR2 M Order1 - NR6 M Order1",-1.83333333333334,1.85324119422611,19,-0.989257814387681,1
"765","NR2 M Order1 - PR0 M Order1",3.33333333333333,2.0974085932449,19,1.58926274263821,1
"766","NR2 M Order1 - PR1 M Order1",3.16666666666666,1.84240181405806,19,1.71877092309835,1
"767","NR2 M Order1 - PR2 M Order1",1.83333333333333,1.62590505610321,19,1.1275771155588,1
"768","NR2 M Order1 - PR3 M Order1",-0.833333333333339,1.47553142374405,19,-0.564768272585357,1
"769","NR2 M Order1 - PR4 M Order1",-2.5,1.39275485347255,19,-1.79500361730333,1
"770","NR2 M Order1 - PR5 M Order1",-2.83333333333334,1.72790986877785,19,-1.63974602178605,1
"771","NR2 M Order1 - PR6 M Order1",-1.50000000000001,1.27607310648701,19,-1.17548124192465,1
"772","NR2 M Order1 - NR0 F Order2",0.999999999999996,3.00973080725897,19,0.332255628173843,1
"773","NR2 M Order1 - NR1 F Order2",-1.16666666666667,2.93332336521432,19,-0.39772862429759,1
"774","NR2 M Order1 - NR2 F Order2",0.999999999999999,2.6766261385147,19,0.373604660587718,1
"775","NR2 M Order1 - NR3 F Order2",0.833333333333332,2.83807652514394,19,0.293626097094428,1
"776","NR2 M Order1 - NR4 F Order2",0.166666666666661,2.88254476591178,19,0.0578192812953392,1
"777","NR2 M Order1 - NR5 F Order2",-1,3.03223423311004,19,-0.329789825957589,1
"778","NR2 M Order1 - NR6 F Order2",-3.5,3.05294412596387,19,-1.14643434520604,1
"779","NR2 M Order1 - PR0 F Order2",5.16666666666666,2.13827552532928,19,2.4162773250987,1
"780","NR2 M Order1 - PR1 F Order2",5.66666666666666,2.23770193312703,19,2.53235991030668,1
"781","NR2 M Order1 - PR2 F Order2",4.33333333333333,2.2891174018674,19,1.89301489290078,1
"782","NR2 M Order1 - PR3 F Order2",5.66666666666666,2.35950237592343,19,2.40163634692206,1
"783","NR2 M Order1 - PR4 F Order2",4.33333333333333,2.49279663986441,19,1.73834209499297,1
"784","NR2 M Order1 - PR5 F Order2",3.16666666666666,2.52883950454869,19,1.25222129003074,1
"785","NR2 M Order1 - PR6 F Order2",2.99999999999999,2.64271037547722,19,1.13519817678025,1
"786","NR2 M Order1 - NR0 M Order2",-12.5,3.00973080725897,19,-4.15319535217305,0.780326837976711
"787","NR2 M Order1 - NR1 M Order2",-8.83333333333334,2.93332336521432,19,-3.01137386968175,1
"788","NR2 M Order1 - NR2 M Order2",-5.66666666666667,2.6766261385147,19,-2.11709307666374,1
"789","NR2 M Order1 - NR3 M Order2",-8.5,2.83807652514394,19,-2.99498619036317,1
"790","NR2 M Order1 - NR4 M Order2",-6.66666666666667,2.88254476591178,19,-2.31277125181365,1
"791","NR2 M Order1 - NR5 M Order2",-5,3.03223423311004,19,-1.64894912978794,1
"792","NR2 M Order1 - NR6 M Order2",-7.66666666666667,3.05294412596387,19,-2.51123713711798,1
"793","NR2 M Order1 - PR0 M Order2",3.99999999999999,2.13827552532928,19,1.87066631620545,1
"794","NR2 M Order1 - PR1 M Order2",6.33333333333333,2.23770193312703,19,2.83028460563688,1
"795","NR2 M Order1 - PR2 M Order2",5.33333333333333,2.2891174018674,19,2.32986448357019,1
"796","NR2 M Order1 - PR3 M Order2",4.49999999999999,2.35950237592343,19,1.90718180490869,1
"797","NR2 M Order1 - PR4 M Order2",0.833333333333329,2.49279663986441,19,0.334296556729415,1
"798","NR2 M Order1 - PR5 M Order2",-1.16666666666667,2.52883950454869,19,-0.461344685800801,1
"799","NR2 M Order1 - PR6 M Order2",-3.33333333333334,2.64271037547722,19,-1.26133130753362,1
"800","NR3 M Order1 - NR4 M Order1",0.166666666666663,1.44792652716572,19,0.115107129774678,1
"801","NR3 M Order1 - NR5 M Order1",-1.83186799063151e-15,2.13067268295047,19,-8.59760396465408e-16,1
"802","NR3 M Order1 - NR6 M Order1",-0.333333333333334,2.11655960497301,19,-0.157488280769482,1
"803","NR3 M Order1 - PR0 M Order1",4.83333333333333,2.18781848141073,19,2.20920216846178,1
"804","NR3 M Order1 - PR1 M Order1",4.66666666666666,1.90980847758424,19,2.44352599825593,1
"805","NR3 M Order1 - PR2 M Order1",3.33333333333333,1.7493524282227,19,1.90546700570789,1
"806","NR3 M Order1 - PR3 M Order1",0.666666666666663,1.72536969510749,19,0.386390620257839,1
"807","NR3 M Order1 - PR4 M Order1",-1,1.79578779402512,19,-0.556858668561602,1
"808","NR3 M Order1 - PR5 M Order1",-1.33333333333334,1.57613785130482,19,-0.845949694203156,1
"809","NR3 M Order1 - PR6 M Order1",-3.76088049591772e-15,1.29257890819792,19,-2.90959451068332e-15,1
"810","NR3 M Order1 - NR0 F Order2",2.5,3.15417666108871,19,0.792599866342644,1
"811","NR3 M Order1 - NR1 F Order2",0.333333333333331,3.08135308624397,19,0.108177584328594,1
"812","NR3 M Order1 - NR2 F Order2",2.5,2.83807652514394,19,0.880878291283286,1
"813","NR3 M Order1 - NR3 F Order2",2.33333333333333,2.99082417399721,19,0.780163994132379,1
"814","NR3 M Order1 - NR4 F Order2",1.66666666666666,3.03305377543465,19,0.549501192549026,1
"815","NR3 M Order1 - NR5 F Order2",0.499999999999999,3.17565667565583,19,0.157447750518163,1
"816","NR3 M Order1 - NR6 F Order2",-2,3.19543717094395,19,-0.625892450080371,1
"817","NR3 M Order1 - PR0 F Order2",6.66666666666666,2.33721481670282,19,2.85239791354375,1
"818","NR3 M Order1 - PR1 F Order2",7.16666666666666,2.42850999971453,19,2.95105503683704,1
"819","NR3 M Order1 - PR2 F Order2",5.83333333333333,2.47596634805991,19,2.35598247847922,1
"820","NR3 M Order1 - PR3 F Order2",7.16666666666666,2.54118128813772,19,2.82021070284154,1
"821","NR3 M Order1 - PR4 F Order2",5.83333333333333,2.66540540348223,19,2.18853511954029,1
"822","NR3 M Order1 - PR5 F Order2",4.66666666666667,2.69914433051644,19,1.72894298904489,1
"823","NR3 M Order1 - PR6 F Order2",4.5,2.80611279278791,19,1.60364188195343,1
"824","NR3 M Order1 - NR0 M Order2",-11,3.15417666108871,19,-3.48743941190764,1
"825","NR3 M Order1 - NR1 M Order2",-7.33333333333334,3.08135308624397,19,-2.37990685522909,1
"826","NR3 M Order1 - NR2 M Order2",-4.16666666666667,2.83807652514394,19,-1.46813048547214,1
"827","NR3 M Order1 - NR3 M Order2",-7,2.99082417399721,19,-2.34049198239713,1
"828","NR3 M Order1 - NR4 M Order2",-5.16666666666667,3.03305377543465,19,-1.70345369690198,1
"829","NR3 M Order1 - NR5 M Order2",-3.5,3.17565667565583,19,-1.10213425362715,1
"830","NR3 M Order1 - NR6 M Order2",-6.16666666666667,3.19543717094395,19,-1.92983505441448,1
"831","NR3 M Order1 - PR0 M Order2",5.49999999999999,2.33721481670282,19,2.35322827867359,1
"832","NR3 M Order1 - PR1 M Order2",7.83333333333333,2.42850999971453,19,3.22557178444978,1
"833","NR3 M Order1 - PR2 M Order2",6.83333333333333,2.47596634805991,19,2.75986518907565,1
"834","NR3 M Order1 - PR3 M Order2",6,2.54118128813772,19,2.36110663493711,1
"835","NR3 M Order1 - PR4 M Order2",2.33333333333333,2.66540540348223,19,0.875414047816117,1
"836","NR3 M Order1 - PR5 M Order2",0.333333333333332,2.69914433051644,19,0.12349592778892,1
"837","NR3 M Order1 - PR6 M Order2",-1.83333333333334,2.80611279278791,19,-0.653335581536585,1
"838","NR4 M Order1 - NR5 M Order1",-0.166666666666664,1.61190744586502,19,-0.103397169046033,1
"839","NR4 M Order1 - NR6 M Order1",-0.499999999999997,1.35734949840441,19,-0.368364964651886,1
"840","NR4 M Order1 - PR0 M Order1",4.66666666666667,2.39272777365717,19,1.95035420161228,1
"841","NR4 M Order1 - PR1 M Order1",4.5,2.00394348066112,19,2.24557231450231,1
"842","NR4 M Order1 - PR2 M Order1",3.16666666666667,1.8085243249451,19,1.75096714099369,1
"843","NR4 M Order1 - PR3 M Order1",0.5,1.7547762723726,19,0.284936608656077,1
"844","NR4 M Order1 - PR4 M Order1",-1.16666666666666,1.82085064627042,19,-0.6407261732621,1
"845","NR4 M Order1 - PR5 M Order1",-1.5,1.88763288134553,19,-0.794646043107055,1
"846","NR4 M Order1 - PR6 M Order1",-0.166666666666666,1.73154428590062,19,-0.0962531931893263,1
"847","NR4 M Order1 - NR0 F Order2",2.33333333333334,3.19424738776899,19,0.730479843943159,1
"848","NR4 M Order1 - NR1 F Order2",0.166666666666668,3.12235853274693,19,0.0533784525123197,1
"849","NR4 M Order1 - NR2 F Order2",2.33333333333334,2.88254476591178,19,0.809469938134779,1
"850","NR4 M Order1 - NR3 F Order2",2.16666666666667,3.03305377543465,19,0.714351550313736,1
"851","NR4 M Order1 - NR4 F Order2",1.5,3.07470342790823,19,0.487851929517791,1
"852","NR4 M Order1 - NR5 F Order2",0.333333333333336,3.21545973175683,19,0.103665839768179,1
"853","NR4 M Order1 - NR6 F Order2",-2.16666666666666,3.23499685909625,19,-0.66975850705214,1
"854","NR4 M Order1 - PR0 F Order2",6.5,2.39101632456315,19,2.71850925199667,1
"855","NR4 M Order1 - PR1 F Order2",7,2.48033199060645,19,2.82220284482501,1
"856","NR4 M Order1 - PR2 F Order2",5.66666666666667,2.52681525277125,19,2.24261218165904,1
"857","NR4 M Order1 - PR3 F Order2",7,2.5907505291119,19,2.70191974153512,1
"858","NR4 M Order1 - PR4 F Order2",5.66666666666667,2.71270564747165,19,2.08893532991618,1
"859","NR4 M Order1 - PR5 F Order2",4.5,2.74586344923985,19,1.63882876304201,1
"860","NR4 M Order1 - PR6 F Order2",4.33333333333333,2.85107961494593,19,1.51989208249995,1
"861","NR4 M Order1 - NR0 M Order2",-11.1666666666667,3.19424738776899,19,-3.49586782458512,1
"862","NR4 M Order1 - NR1 M Order2",-7.5,3.12235853274693,19,-2.40203036305437,1
"863","NR4 M Order1 - NR2 M Order2",-4.33333333333333,2.88254476591178,19,-1.50330131367887,1
"864","NR4 M Order1 - NR3 M Order2",-7.16666666666666,3.03305377543465,19,-2.36285512796081,1
"865","NR4 M Order1 - NR4 M Order2",-5.33333333333333,3.07470342790823,19,-1.73458463828548,1
"866","NR4 M Order1 - NR5 M Order2",-3.66666666666667,3.21545973175683,19,-1.14032423744996,1
"867","NR4 M Order1 - NR6 M Order2",-6.33333333333333,3.23499685909625,19,-1.95775563599856,1
"868","NR4 M Order1 - PR0 M Order2",5.33333333333333,2.39101632456315,19,2.23057169394598,1
"869","NR4 M Order1 - PR1 M Order2",7.66666666666667,2.48033199060645,19,3.09098406814168,1
"870","NR4 M Order1 - PR2 M Order2",6.66666666666667,2.52681525277125,19,2.63836727254005,1
"871","NR4 M Order1 - PR3 M Order2",5.83333333333333,2.5907505291119,19,2.2515997846126,1
"872","NR4 M Order1 - PR4 M Order2",2.16666666666667,2.71270564747165,19,0.798710567320893,1
"873","NR4 M Order1 - PR5 M Order2",0.166666666666669,2.74586344923985,19,0.0606973615941495,1
"874","NR4 M Order1 - PR6 M Order2",-2,2.85107961494593,19,-0.701488653461517,1
"875","NR5 M Order1 - NR6 M Order1",-0.333333333333332,1.37319791531297,19,-0.242742382300633,1
"876","NR5 M Order1 - PR0 M Order1",4.83333333333333,2.62054411563482,19,1.84440067408003,1
"877","NR5 M Order1 - PR1 M Order1",4.66666666666667,2.26568606239552,19,2.05971460217775,1
"878","NR5 M Order1 - PR2 M Order1",3.33333333333333,2.15374011691942,19,1.54769524286948,1
"879","NR5 M Order1 - PR3 M Order1",0.666666666666665,2.06933896273425,19,0.322164072040565,1
"880","NR5 M Order1 - PR4 M Order1",-1,2.01086231539158,19,-0.497299090219048,1
"881","NR5 M Order1 - PR5 M Order1",-1.33333333333333,2.0126791082988,19,-0.662466921744083,1
"882","NR5 M Order1 - PR6 M Order1",-1.92901250528621e-15,2.26439514663783,19,-8.51888641498991e-16,1
"883","NR5 M Order1 - NR0 F Order2",2.5,3.32995442780049,19,0.750761025174542,1
"884","NR5 M Order1 - NR1 F Order2",0.333333333333332,3.26105855880826,19,0.102216297966495,1
"885","NR5 M Order1 - NR2 F Order2",2.5,3.03223423311004,19,0.82447456489397,1
"886","NR5 M Order1 - NR3 F Order2",2.33333333333334,3.17565667565583,19,0.734756169084765,1
"887","NR5 M Order1 - NR4 F Order2",1.66666666666666,3.21545973175683,19,0.518329198840891,1
"888","NR5 M Order1 - NR5 F Order2",0.500000000000001,3.35030765803811,19,0.149240025404949,1
"889","NR5 M Order1 - NR6 F Order2",-2,3.36906289572065,19,-0.593636884173453,1
"890","NR5 M Order1 - PR0 F Order2",6.66666666666667,2.56950173794192,19,2.59453674158883,1
"891","NR5 M Order1 - PR1 F Order2",7.16666666666667,2.6528149013048,19,2.70153287481223,1
"892","NR5 M Order1 - PR2 F Order2",5.83333333333333,2.69632628563319,19,2.16343747580366,1
"893","NR5 M Order1 - PR3 F Order2",7.16666666666667,2.75633242208784,19,2.60007341975034,1
"894","NR5 M Order1 - PR4 F Order2",5.83333333333333,2.87126314481686,19,2.03162616560016,1
"895","NR5 M Order1 - PR5 F Order2",4.66666666666667,2.90261023887645,19,1.60774829639995,1
"896","NR5 M Order1 - PR6 F Order2",4.5,3.00233827003542,19,1.49883177552372,1
"897","NR5 M Order1 - NR0 M Order2",-11,3.32995442780049,19,-3.30334851076799,1
"898","NR5 M Order1 - NR1 M Order2",-7.33333333333334,3.26105855880826,19,-2.24875855526289,1
"899","NR5 M Order1 - NR2 M Order2",-4.16666666666666,3.03223423311004,19,-1.37412427482328,1
"900","NR5 M Order1 - NR3 M Order2",-7,3.17565667565583,19,-2.20426850725429,1
"901","NR5 M Order1 - NR4 M Order2",-5.16666666666667,3.21545973175683,19,-1.60682051640677,1
"902","NR5 M Order1 - NR5 M Order2",-3.5,3.35030765803811,19,-1.04468017783464,1
"903","NR5 M Order1 - NR6 M Order2",-6.16666666666667,3.36906289572065,19,-1.83038039286815,1
"904","NR5 M Order1 - PR0 M Order2",5.5,2.56950173794192,19,2.14049281181078,1
"905","NR5 M Order1 - PR1 M Order2",7.83333333333333,2.6528149013048,19,2.95283825851569,1
"906","NR5 M Order1 - PR2 M Order2",6.83333333333333,2.69632628563319,19,2.53431247165572,1
"907","NR5 M Order1 - PR3 M Order2",6,2.75633242208784,19,2.17680565374447,1
"908","NR5 M Order1 - PR4 M Order2",2.33333333333333,2.87126314481686,19,0.812650466240063,1
"909","NR5 M Order1 - PR5 M Order2",0.333333333333334,2.90261023887645,19,0.114839164028568,1
"910","NR5 M Order1 - PR6 M Order2",-1.83333333333334,3.00233827003542,19,-0.61063516780596,1
"911","NR6 M Order1 - PR0 M Order1",5.16666666666666,2.54210163088622,19,2.03243906690917,1
"912","NR6 M Order1 - PR1 M Order1",5,2.30490197175828,19,2.16928965364448,1
"913","NR6 M Order1 - PR2 M Order1",3.66666666666666,1.94703252990663,19,1.8832077072911,1
"914","NR6 M Order1 - PR3 M Order1",0.999999999999997,2.01848185670517,19,0.495421842251447,1
"915","NR6 M Order1 - PR4 M Order1",-0.666666666666668,2.1862141166278,19,-0.3049411590549,1
"916","NR6 M Order1 - PR5 M Order1",-1,2.14973138536882,19,-0.465174396580917,1
"917","NR6 M Order1 - PR6 M Order1",0.333333333333331,2.10464537719367,19,0.158379809228382,1
"918","NR6 M Order1 - NR0 F Order2",2.83333333333333,3.34882365660555,19,0.846068238841,1
"919","NR6 M Order1 - NR1 F Order2",0.666666666666665,3.28032411749045,19,0.203231949889356,1
"920","NR6 M Order1 - NR2 F Order2",2.83333333333333,3.05294412596387,19,0.928065898500123,1
"921","NR6 M Order1 - NR3 F Order2",2.66666666666667,3.19543717094395,19,0.834523266773828,1
"922","NR6 M Order1 - NR4 F Order2",2,3.23499685909625,19,0.618238621894283,1
"923","NR6 M Order1 - NR5 F Order2",0.833333333333333,3.36906289572065,19,0.247348701738939,1
"924","NR6 M Order1 - NR6 F Order2",-1.66666666666667,3.38771430128553,19,-0.491973796619809,1
"925","NR6 M Order1 - PR0 F Order2",7,2.59390874417344,19,2.69863001762253,1
"926","NR6 M Order1 - PR1 F Order2",7.5,2.67646227180539,19,2.80220650931908,1
"927","NR6 M Order1 - PR2 F Order2",6.16666666666666,2.71959534313643,19,2.26749419991094,1
"928","NR6 M Order1 - PR3 F Order2",7.5,2.77909910094359,19,2.69871628451591,1
"929","NR6 M Order1 - PR4 F Order2",6.16666666666667,2.893125548364,19,2.13148947862072,1
"930","NR6 M Order1 - PR5 F Order2",5,2.92423829238372,19,1.70984697554323,1
"931","NR6 M Order1 - PR6 F Order2",4.83333333333333,3.02325296320572,19,1.59871945621391,1
"932","NR6 M Order1 - NR0 M Order2",-10.6666666666667,3.34882365660555,19,-3.18519807563671,1
"933","NR6 M Order1 - NR1 M Order2",-7,3.28032411749045,19,-2.13393547383825,1
"934","NR6 M Order1 - NR2 M Order2",-3.83333333333333,3.05294412596387,19,-1.25561856855899,1
"935","NR6 M Order1 - NR3 M Order2",-6.66666666666667,3.19543717094395,19,-2.08630816693457,1
"936","NR6 M Order1 - NR4 M Order2",-4.83333333333334,3.23499685909625,19,-1.49407666957785,1
"937","NR6 M Order1 - NR5 M Order2",-3.16666666666667,3.36906289572065,19,-0.939925066607968,1
"938","NR6 M Order1 - NR6 M Order2",-5.83333333333333,3.38771430128553,19,-1.72190828816933,1
"939","NR6 M Order1 - PR0 M Order2",5.83333333333333,2.59390874417344,19,2.24885834801877,1
"940","NR6 M Order1 - PR1 M Order2",8.16666666666666,2.67646227180539,19,3.05129153236967,1
"941","NR6 M Order1 - PR2 M Order2",7.16666666666666,2.71959534313643,19,2.63519596205866,1
"942","NR6 M Order1 - PR3 M Order2",6.33333333333333,2.7790991009436,19,2.27891597359121,1
"943","NR6 M Order1 - PR4 M Order2",2.66666666666667,2.893125548364,19,0.921725179944095,1
"944","NR6 M Order1 - PR5 M Order2",0.666666666666666,2.92423829238372,19,0.227979596739097,1
"945","NR6 M Order1 - PR6 M Order2",-1.50000000000001,3.02325296320572,19,-0.496154313997421,1
"946","PR0 M Order1 - PR1 M Order1",-0.166666666666667,1.12572263990217,19,-0.148053046779935,1
"947","PR0 M Order1 - PR2 M Order1",-1.5,1.17304023452432,19,-1.27872851744789,1
"948","PR0 M Order1 - PR3 M Order1",-4.16666666666667,1.42358989429347,19,-2.92687288900332,1
"949","PR0 M Order1 - PR4 M Order1",-5.83333333333333,1.91325019686121,19,-3.04891296648145,1
"950","PR0 M Order1 - PR5 M Order1",-6.16666666666667,1.76929628856366,19,-3.48537817352957,1
"951","PR0 M Order1 - PR6 M Order1",-4.83333333333333,1.746676041223,19,-2.76716072085645,1
"952","PR0 M Order1 - NR0 F Order2",-2.33333333333333,2.54290665754877,19,-0.917585128973057,1
"953","PR0 M Order1 - NR1 F Order2",-4.5,2.45199524912965,19,-1.83524009746646,1
"954","PR0 M Order1 - NR2 F Order2",-2.33333333333333,2.13827552532928,19,-1.09122201778651,1
"955","PR0 M Order1 - NR3 F Order2",-2.5,2.33721481670282,19,-1.0696492175789,1
"956","PR0 M Order1 - NR4 F Order2",-3.16666666666667,2.39101632456315,19,-1.32440194328043,1
"957","PR0 M Order1 - NR5 F Order2",-4.33333333333333,2.56950173794192,19,-1.68644888203274,1
"958","PR0 M Order1 - NR6 F Order2",-6.83333333333333,2.59390874417344,19,-2.63437692196485,1
"959","PR0 M Order1 - PR0 F Order2",1.83333333333333,1.40716628692714,19,1.30285478721695,1
"960","PR0 M Order1 - PR1 F Order2",2.33333333333333,1.55409287958042,19,1.50141176501838,1
"961","PR0 M Order1 - PR2 F Order2",0.999999999999999,1.62725327357921,19,0.614532486267768,1
"962","PR0 M Order1 - PR3 F Order2",2.33333333333333,1.72486121146903,19,1.35276584447399,1
"963","PR0 M Order1 - PR4 F Order2",1,1.90313683810739,19,0.525448291460991,1
"964","PR0 M Order1 - PR5 F Order2",-0.166666666666665,1.95010870892066,19,-0.0854653209353191,1
"965","PR0 M Order1 - PR6 F Order2",-0.333333333333334,2.09566525606956,19,-0.159058481485972,1
"966","PR0 M Order1 - NR0 M Order2",-15.8333333333333,2.54290665754877,19,-6.22647051803146,0.00846110327638109
"967","PR0 M Order1 - NR1 M Order2",-12.1666666666667,2.45199524912965,19,-4.96194544870561,0.128535482337077
"968","PR0 M Order1 - NR2 M Order2",-9,2.13827552532928,19,-4.20899921146226,0.688934298439583
"969","PR0 M Order1 - NR3 M Order2",-11.8333333333333,2.33721481670282,19,-5.06300629654015,0.102927125262066
"970","PR0 M Order1 - NR4 M Order2",-10,2.39101632456315,19,-4.18232192614872,0.731155939344565
"971","PR0 M Order1 - NR5 M Order2",-8.33333333333333,2.56950173794192,19,-3.24317092698604,1
"972","PR0 M Order1 - NR6 M Order2",-11,2.59390874417344,19,-4.24070431340683,0.641761926411354
"973","PR0 M Order1 - PR0 M Order2",0.666666666666665,1.40716628692714,19,0.473765377169799,1
"974","PR0 M Order1 - PR1 M Order2",3,1.55409287958042,19,1.93038655502363,1
"975","PR0 M Order1 - PR2 M Order2",2,1.62725327357921,19,1.22906497253554,1
"976","PR0 M Order1 - PR3 M Order2",1.16666666666667,1.72486121146903,19,0.676382922236995,1
"977","PR0 M Order1 - PR4 M Order2",-2.5,1.90313683810739,19,-1.31362072865247,1
"978","PR0 M Order1 - PR5 M Order2",-4.5,1.95010870892066,19,-2.30756366525364,1
"979","PR0 M Order1 - PR6 M Order2",-6.66666666666667,2.09566525606956,19,-3.18116962971943,1
"980","PR1 M Order1 - PR2 M Order1",-1.33333333333333,1.05741602738504,19,-1.26093543014534,1
"981","PR1 M Order1 - PR3 M Order1",-4,0.973478720216036,19,-4.10897528310872,0.859029545823347
"982","PR1 M Order1 - PR4 M Order1",-5.66666666666667,1.48491439491774,19,-3.81615713744938,1
"983","PR1 M Order1 - PR5 M Order1",-6,1.69571182589826,19,-3.53833706197197,1
"984","PR1 M Order1 - PR6 M Order1",-4.66666666666667,1.62761260962722,19,-2.86718512689299,1
"985","PR1 M Order1 - NR0 F Order2",-2.16666666666667,2.6270633772911,19,-0.824748533056264,1
"986","PR1 M Order1 - NR1 F Order2",-4.33333333333333,2.53916687538504,19,-1.70659651216355,1
"987","PR1 M Order1 - NR2 F Order2",-2.16666666666666,2.23770193312703,19,-0.968255259823141,1
"988","PR1 M Order1 - NR3 F Order2",-2.33333333333333,2.42850999971453,19,-0.960808616644615,1
"989","PR1 M Order1 - NR4 F Order2",-3,2.48033199060645,19,-1.20951550492501,1
"990","PR1 M Order1 - NR5 F Order2",-4.16666666666666,2.6528149013048,19,-1.57065864814664,1
"991","PR1 M Order1 - NR6 F Order2",-6.66666666666666,2.67646227180539,19,-2.49085023050585,1
"992","PR1 M Order1 - PR0 F Order2",2,1.55409287958042,19,1.28692437001575,1
"993","PR1 M Order1 - PR1 F Order2",2.5,1.68828090010544,19,1.48079623470471,1
"994","PR1 M Order1 - PR2 F Order2",1.16666666666667,1.75585903069481,19,0.664442102852076,1
"995","PR1 M Order1 - PR3 F Order2",2.5,1.84668186706012,19,1.35377947040762,1
"996","PR1 M Order1 - PR4 F Order2",1.16666666666667,2.01420394793071,19,0.579219729891426,1
"997","PR1 M Order1 - PR5 F Order2",2.55351295663786e-15,2.05864316866873,19,1.24038638434321e-15,1
"998","PR1 M Order1 - PR6 F Order2",-0.166666666666667,2.19702084304982,19,-0.0758603029160648,1
"999","PR1 M Order1 - NR0 M Order2",-15.6666666666667,2.6270633772911,19,-5.9635663159453,0.0146792025147797
"1000","PR1 M Order1 - NR1 M Order2",-12,2.53916687538504,19,-4.72595957214522,0.216462366468754
"1001","PR1 M Order1 - NR2 M Order2",-8.83333333333333,2.23770193312704,19,-3.94750221312512,1
"1002","PR1 M Order1 - NR3 M Order2",-11.6666666666667,2.42850999971453,19,-4.80404308322308,0.182295921870464
"1003","PR1 M Order1 - NR4 M Order2",-9.83333333333333,2.48033199060645,19,-3.96452304392085,1
"1004","PR1 M Order1 - NR5 M Order2",-8.16666666666667,2.6528149013048,19,-3.07849095036742,1
"1005","PR1 M Order1 - NR6 M Order2",-10.8333333333333,2.67646227180539,19,-4.04763162457201,0.97995759982705
"1006","PR1 M Order1 - PR0 M Order2",0.833333333333332,1.55409287958042,19,0.536218487506562,1
"1007","PR1 M Order1 - PR1 M Order2",3.16666666666667,1.68828090010544,19,1.87567523062596,1
"1008","PR1 M Order1 - PR2 M Order2",2.16666666666667,1.75585903069481,19,1.23396390529671,1
"1009","PR1 M Order1 - PR3 M Order2",1.33333333333333,1.84668186706012,19,0.722015717550729,1
"1010","PR1 M Order1 - PR4 M Order2",-2.33333333333333,2.01420394793071,19,-1.15843945978285,1
"1011","PR1 M Order1 - PR5 M Order2",-4.33333333333333,2.05864316866873,19,-2.10494630603495,1
"1012","PR1 M Order1 - PR6 M Order2",-6.5,2.19702084304982,19,-2.95855181372652,1
"1013","PR2 M Order1 - PR3 M Order1",-2.66666666666667,0.880091701761113,19,-3.02998728579137,1
"1014","PR2 M Order1 - PR4 M Order1",-4.33333333333333,1.35734949840441,19,-3.19249636031636,1
"1015","PR2 M Order1 - PR5 M Order1",-4.66666666666667,1.29664434202583,19,-3.59903368673605,1
"1016","PR2 M Order1 - PR6 M Order1",-3.33333333333333,1.41048703794488,19,-2.36324988720924,1
"1017","PR2 M Order1 - NR0 F Order2",-0.833333333333332,2.67099429544801,19,-0.311993677692807,1
"1018","PR2 M Order1 - NR1 F Order2",-3,2.58459222297529,19,-1.16072468737313,1
"1019","PR2 M Order1 - NR2 F Order2",-0.83333333333333,2.2891174018674,19,-0.364041325557841,1
"1020","PR2 M Order1 - NR3 F Order2",-0.999999999999996,2.47596634805991,19,-0.403882710596436,1
"1021","PR2 M Order1 - NR4 F Order2",-1.66666666666667,2.52681525277125,19,-0.659591818135012,1
"1022","PR2 M Order1 - NR5 F Order2",-2.83333333333333,2.69632628563319,19,-1.05081248824749,1
"1023","PR2 M Order1 - NR6 F Order2",-5.33333333333333,2.71959534313643,19,-1.96107606478784,1
"1024","PR2 M Order1 - PR0 F Order2",3.33333333333333,1.62725327357921,19,2.04844162089256,1
"1025","PR2 M Order1 - PR1 F Order2",3.83333333333333,1.75585903069481,19,2.18316690937111,1
"1026","PR2 M Order1 - PR2 F Order2",2.5,1.82093093600065,19,1.37292411841319,1
"1027","PR2 M Order1 - PR3 F Order2",3.83333333333333,1.90865985868105,19,2.00838997891552,1
"1028","PR2 M Order1 - PR4 F Order2",2.5,2.07117504858265,19,1.20704428228353,1
"1029","PR2 M Order1 - PR5 F Order2",1.33333333333334,2.11441723269513,19,0.63059140491104,1
"1030","PR2 M Order1 - PR6 F Order2",1.16666666666667,2.24936638251909,19,0.518664578493479,1
"1031","PR2 M Order1 - NR0 M Order2",-14.3333333333333,2.67099429544801,19,-5.36629125631629,0.0528988032881556
"1032","PR2 M Order1 - NR1 M Order2",-10.6666666666667,2.58459222297529,19,-4.12702111066,0.825503478480392
"1033","PR2 M Order1 - NR2 M Order2",-7.5,2.2891174018674,19,-3.27637193002058,1
"1034","PR2 M Order1 - NR3 M Order2",-10.3333333333333,2.47596634805991,19,-4.17345467616318,0.745585044536787
"1035","PR2 M Order1 - NR4 M Order2",-8.5,2.52681525277125,19,-3.36391827248856,1
"1036","PR2 M Order1 - NR5 M Order2",-6.83333333333333,2.69632628563319,19,-2.53431247165572,1
"1037","PR2 M Order1 - NR6 M Order2",-9.5,2.71959534313643,19,-3.49316674040334,1
"1038","PR2 M Order1 - PR0 M Order2",2.16666666666666,1.62725327357921,19,1.33148705358016,1
"1039","PR2 M Order1 - PR1 M Order2",4.5,1.75585903069481,19,2.56284811100086,1
"1040","PR2 M Order1 - PR2 M Order2",3.5,1.82093093600065,19,1.92209376577847,1
"1041","PR2 M Order1 - PR3 M Order2",2.66666666666667,1.90865985868105,19,1.39714085489776,1
"1042","PR2 M Order1 - PR4 M Order2",-0.999999999999999,2.07117504858265,19,-0.482817712913411,1
"1043","PR2 M Order1 - PR5 M Order2",-3,2.11441723269513,19,-1.41883066104984,1
"1044","PR2 M Order1 - PR6 M Order2",-5.16666666666667,2.24936638251909,19,-2.29694313332827,1
"1045","PR3 M Order1 - PR4 M Order1",-1.66666666666666,1.04629672756119,19,-1.59291969740887,1
"1046","PR3 M Order1 - PR5 M Order1",-2,1.42543724696292,19,-1.40307825143566,1
"1047","PR3 M Order1 - PR6 M Order1",-0.666666666666667,1.41638284050506,19,-0.470682535541691,1
"1048","PR3 M Order1 - NR0 F Order2",1.83333333333334,2.73155697520149,19,0.671167890685531,1
"1049","PR3 M Order1 - NR1 F Order2",-0.333333333333332,2.64713239969603,19,-0.125922425856602,1
"1050","PR3 M Order1 - NR2 F Order2",1.83333333333334,2.35950237592343,19,0.776999994592433,1
"1051","PR3 M Order1 - NR3 F Order2",1.66666666666667,2.54118128813772,19,0.655862954149198,1
"1052","PR3 M Order1 - NR4 F Order2",1,2.5907505291119,19,0.385988534505018,1
"1053","PR3 M Order1 - NR5 F Order2",-0.166666666666664,2.75633242208784,19,-0.0604668237151231,1
"1054","PR3 M Order1 - NR6 F Order2",-2.66666666666666,2.77909910094359,19,-0.959543567827878,1
"1055","PR3 M Order1 - PR0 F Order2",6,1.72486121146903,19,3.47854074293312,1
"1056","PR3 M Order1 - PR1 F Order2",6.5,1.84668186706012,19,3.5198266230598,1
"1057","PR3 M Order1 - PR2 F Order2",5.16666666666667,1.90865985868105,19,2.7069604063644,1
"1058","PR3 M Order1 - PR3 F Order2",6.5,1.99252990908455,19,3.26218440705182,1
"1059","PR3 M Order1 - PR4 F Order2",5.16666666666667,2.14871102392283,19,2.40454235546019,1
"1060","PR3 M Order1 - PR5 F Order2",4,2.19042306789676,19,1.82613124314874,1
"1061","PR3 M Order1 - PR6 F Order2",3.83333333333333,2.32095715282794,19,1.65161744957793,1
"1062","PR3 M Order1 - NR0 M Order2",-11.6666666666667,2.73155697520149,19,-4.27106839527156,0.599253691602184
"1063","PR3 M Order1 - NR1 M Order2",-8,2.64713239969603,19,-3.02213822055846,1
"1064","PR3 M Order1 - NR2 M Order2",-4.83333333333333,2.35950237592343,19,-2.04845453119823,1
"1065","PR3 M Order1 - NR3 M Order2",-7.66666666666666,2.54118128813772,19,-3.0169695890863,1
"1066","PR3 M Order1 - NR4 M Order2",-5.83333333333333,2.5907505291119,19,-2.2515997846126,1
"1067","PR3 M Order1 - NR5 M Order2",-4.16666666666667,2.75633242208784,19,-1.5116705928781,1
"1068","PR3 M Order1 - NR6 M Order2",-6.83333333333333,2.7790991009436,19,-2.45883039255894,1
"1069","PR3 M Order1 - PR0 M Order2",4.83333333333333,1.72486121146903,19,2.80215782069612,1
"1070","PR3 M Order1 - PR1 M Order2",7.16666666666667,1.84668186706012,19,3.88083448183517,1
"1071","PR3 M Order1 - PR2 M Order2",6.16666666666667,1.90865985868105,19,3.23088822695106,1
"1072","PR3 M Order1 - PR3 M Order2",5.33333333333333,1.99252990908455,19,2.67666412886303,1
"1073","PR3 M Order1 - PR4 M Order2",1.66666666666667,2.14871102392283,19,0.775658824341997,1
"1074","PR3 M Order1 - PR5 M Order2",-0.333333333333331,2.19042306789676,19,-0.152177603595727,1
"1075","PR3 M Order1 - PR6 M Order2",-2.5,2.32095715282794,19,-1.07714181494213,1
"1076","PR4 M Order1 - PR5 M Order1",-0.333333333333333,1.49668249122256,19,-0.222714794412441,1
"1077","PR4 M Order1 - PR6 M Order1",0.999999999999999,1.48491439491774,19,0.673439494844008,1
"1078","PR4 M Order1 - NR0 F Order2",3.5,2.84748786380257,19,1.22915361448672,1
"1079","PR4 M Order1 - NR1 F Order2",1.33333333333333,2.76660325439906,19,0.481938756926298,1
"1080","PR4 M Order1 - NR2 F Order2",3.5,2.49279663986441,19,1.40404553826355,1
"1081","PR4 M Order1 - NR3 F Order2",3.33333333333334,2.66540540348223,19,1.25059149688017,1
"1082","PR4 M Order1 - NR4 F Order2",2.66666666666666,2.71270564747165,19,0.98302839054879,1
"1083","PR4 M Order1 - NR5 F Order2",1.5,2.87126314481686,19,0.522418156868612,1
"1084","PR4 M Order1 - NR6 F Order2",-0.999999999999999,2.893125548364,19,-0.345646942479035,1
"1085","PR4 M Order1 - PR0 F Order2",7.66666666666667,1.90313683810739,19,4.02843690120092,1
"1086","PR4 M Order1 - PR1 F Order2",8.16666666666667,2.01420394793071,19,4.05453810923998,0.965297488848608
"1087","PR4 M Order1 - PR2 F Order2",6.83333333333333,2.07117504858265,19,3.29925437157498,1
"1088","PR4 M Order1 - PR3 F Order2",8.16666666666667,2.14871102392283,19,3.80072823927578,1
"1089","PR4 M Order1 - PR4 F Order2",6.83333333333333,2.29428478835093,19,2.97841548182209,1
"1090","PR4 M Order1 - PR5 F Order2",5.66666666666667,2.33339598913371,19,2.42850621714254,1
"1091","PR4 M Order1 - PR6 F Order2",5.5,2.45634397652164,19,2.23910008230541,1
"1092","PR4 M Order1 - NR0 M Order2",-10,2.84748786380257,19,-3.51186746996206,1
"1093","PR4 M Order1 - NR1 M Order2",-6.33333333333334,2.76660325439906,19,-2.28920909539992,1
"1094","PR4 M Order1 - NR2 M Order2",-3.16666666666666,2.49279663986441,19,-1.27032691557178,1
"1095","PR4 M Order1 - NR3 M Order2",-6,2.66540540348223,19,-2.2510646943843,1
"1096","PR4 M Order1 - NR4 M Order2",-4.16666666666667,2.71270564747165,19,-1.53598186023249,1
"1097","PR4 M Order1 - NR5 M Order2",-2.5,2.87126314481686,19,-0.870696928114353,1
"1098","PR4 M Order1 - NR6 M Order2",-5.16666666666667,2.893125548364,19,-1.78584253614168,1
"1099","PR4 M Order1 - PR0 M Order2",6.5,1.90313683810739,19,3.41541389449643,1
"1100","PR4 M Order1 - PR1 M Order2",8.83333333333333,2.01420394793071,19,4.38552081203508,0.463676018592625
"1101","PR4 M Order1 - PR2 M Order2",7.83333333333333,2.07117504858265,19,3.78207208448839,1
"1102","PR4 M Order1 - PR3 M Order2",7,2.14871102392283,19,3.25776706223638,1
"1103","PR4 M Order1 - PR4 M Order2",3.33333333333333,2.29428478835093,19,1.45288560088882,1
"1104","PR4 M Order1 - PR5 M Order2",1.33333333333333,2.33339598913371,19,0.571413227562951,1
"1105","PR4 M Order1 - PR6 M Order2",-0.833333333333338,2.45634397652164,19,-0.339257588228094,1
"1106","PR5 M Order1 - PR6 M Order1",1.33333333333333,1.2766458245745,19,1.04440347327946,1
"1107","PR5 M Order1 - NR0 F Order2",3.83333333333333,2.87909383079984,19,1.33143744477004,1
"1108","PR5 M Order1 - NR1 F Order2",1.66666666666667,2.79912266956956,19,0.595424661014573,1
"1109","PR5 M Order1 - NR2 F Order2",3.83333333333334,2.52883950454869,19,1.51584682477406,1
"1110","PR5 M Order1 - NR3 F Order2",3.66666666666667,2.69914433051644,19,1.35845520567813,1
"1111","PR5 M Order1 - NR4 F Order2",3,2.74586344923985,19,1.09255250869467,1
"1112","PR5 M Order1 - NR5 F Order2",1.83333333333333,2.90261023887645,19,0.631615402157123,1
"1113","PR5 M Order1 - NR6 F Order2",-0.666666666666666,2.92423829238372,19,-0.227979596739097,1
"1114","PR5 M Order1 - PR0 F Order2",8,1.95010870892066,19,4.10233540489537,0.871545642917646
"1115","PR5 M Order1 - PR1 F Order2",8.5,2.05864316866873,19,4.12893313876087,0.822478824326398
"1116","PR5 M Order1 - PR2 F Order2",7.16666666666667,2.11441723269513,19,3.38942880139684,1
"1117","PR5 M Order1 - PR3 F Order2",8.5,2.19042306789676,19,3.88052889169108,1
"1118","PR5 M Order1 - PR4 F Order2",7.16666666666667,2.33339598913371,19,3.07134609815086,1
"1119","PR5 M Order1 - PR5 F Order2",6,2.37186234721833,19,2.52965776324949,1
"1120","PR5 M Order1 - PR6 F Order2",5.83333333333333,2.49291393414232,19,2.3399657940218,1
"1121","PR5 M Order1 - NR0 M Order2",-9.66666666666667,2.87909383079984,19,-3.35753790420272,1
"1122","PR5 M Order1 - NR1 M Order2",-6,2.79912266956956,19,-2.14352877965247,1
"1123","PR5 M Order1 - NR2 M Order2",-2.83333333333333,2.52883950454869,19,-1.12040852265908,1
"1124","PR5 M Order1 - NR3 M Order2",-5.66666666666666,2.69914433051644,19,-2.09943077241165,1
"1125","PR5 M Order1 - NR4 M Order2",-3.83333333333334,2.74586344923985,19,-1.39603931666542,1
"1126","PR5 M Order1 - NR5 M Order2",-2.16666666666667,2.90261023887645,19,-0.746454566185691,1
"1127","PR5 M Order1 - NR6 M Order2",-4.83333333333333,2.92423829238372,19,-1.65285207635845,1
"1128","PR5 M Order1 - PR0 M Order2",6.83333333333333,1.95010870892066,19,3.50407815834812,1
"1129","PR5 M Order1 - PR1 M Order2",9.16666666666667,2.05864316866873,19,4.45277103199701,0.398761424764508
"1130","PR5 M Order1 - PR2 M Order2",8.16666666666667,2.11441723269513,19,3.86237235508011,1
"1131","PR5 M Order1 - PR3 M Order2",7.33333333333333,2.19042306789676,19,3.34790727910603,1
"1132","PR5 M Order1 - PR4 M Order2",3.66666666666667,2.33339598913371,19,1.57138637579811,1
"1133","PR5 M Order1 - PR5 M Order2",1.66666666666667,2.37186234721833,19,0.702682712013747,1
"1134","PR5 M Order1 - PR6 M Order2",-0.500000000000005,2.49291393414232,19,-0.200568496630442,1
"1135","PR6 M Order1 - NR0 F Order2",2.5,2.97960906419594,19,0.839036244734555,1
"1136","PR6 M Order1 - NR1 F Order2",0.333333333333334,2.90240875966621,19,0.114847135925702,1
"1137","PR6 M Order1 - NR2 F Order2",2.5,2.64271037547722,19,0.945998480650211,1
"1138","PR6 M Order1 - NR3 F Order2",2.33333333333334,2.80611279278791,19,0.831518012864744,1
"1139","PR6 M Order1 - NR4 F Order2",1.66666666666667,2.85107961494593,19,0.584573877884597,1
"1140","PR6 M Order1 - NR5 F Order2",0.500000000000002,3.00233827003542,19,0.166536863947081,1
"1141","PR6 M Order1 - NR6 F Order2",-2,3.02325296320572,19,-0.661539085329892,1
"1142","PR6 M Order1 - PR0 F Order2",6.66666666666667,2.09566525606956,19,3.18116962971943,1
"1143","PR6 M Order1 - PR1 F Order2",7.16666666666667,2.19702084304982,19,3.26199302539078,1
"1144","PR6 M Order1 - PR2 F Order2",5.83333333333333,2.24936638251909,19,2.5933228924674,1
"1145","PR6 M Order1 - PR3 F Order2",7.16666666666667,2.32095715282794,19,3.08780653616744,1
"1146","PR6 M Order1 - PR4 F Order2",5.83333333333334,2.45634397652164,19,2.37480311759665,1
"1147","PR6 M Order1 - PR5 F Order2",4.66666666666667,2.49291393414232,19,1.87197263521744,1
"1148","PR6 M Order1 - PR6 F Order2",4.5,2.608353651622,19,1.72522617751687,1
"1149","PR6 M Order1 - NR0 M Order2",-11,2.97960906419594,19,-3.69175947683204,1
"1150","PR6 M Order1 - NR1 M Order2",-7.33333333333333,2.90240875966621,19,-2.52663699036545,1
"1151","PR6 M Order1 - NR2 M Order2",-4.16666666666666,2.64271037547722,19,-1.57666413441701,1
"1152","PR6 M Order1 - NR3 M Order2",-7,2.80611279278791,19,-2.49455403859422,1
"1153","PR6 M Order1 - NR4 M Order2",-5.16666666666667,2.85107961494593,19,-1.81217902144225,1
"1154","PR6 M Order1 - NR5 M Order2",-3.5,3.00233827003542,19,-1.16575804762956,1
"1155","PR6 M Order1 - NR6 M Order2",-6.16666666666666,3.02325296320572,19,-2.0397455131005,1
"1156","PR6 M Order1 - PR0 M Order2",5.5,2.09566525606956,19,2.62446494451853,1
"1157","PR6 M Order1 - PR1 M Order2",7.83333333333333,2.19702084304982,19,3.56543423705504,1
"1158","PR6 M Order1 - PR2 M Order2",6.83333333333333,2.24936638251909,19,3.03789253117609,1
"1159","PR6 M Order1 - PR3 M Order2",6,2.32095715282794,19,2.58514035586111,1
"1160","PR6 M Order1 - PR4 M Order2",2.33333333333333,2.45634397652164,19,0.949921247038658,1
"1161","PR6 M Order1 - PR5 M Order2",0.333333333333336,2.49291393414232,19,0.133712331086961,1
"1162","PR6 M Order1 - PR6 M Order2",-1.83333333333334,2.608353651622,19,-0.702869924173541,1
"1163","NR0 F Order2 - NR1 F Order2",-2.16666666666667,1.42871553157913,19,-1.51651369273762,1
"1164","NR0 F Order2 - NR2 F Order2",2.22044604925031e-15,1.73323211580315,19,1.28110137644282e-15,1
"1165","NR0 F Order2 - NR3 F Order2",-0.166666666666664,1.47186081848993,19,-0.113235344383756,1
"1166","NR0 F Order2 - NR4 F Order2",-0.833333333333336,2.25164007801773,19,-0.370100595325598,1
"1167","NR0 F Order2 - NR5 F Order2",-2,3.00004873254766,19,-0.666655837387544,1
"1168","NR0 F Order2 - NR6 F Order2",-4.5,2.61764145436798,19,-1.71910480424696,1
"1169","NR0 F Order2 - PR0 F Order2",4.16666666666667,2.42061081653912,19,1.72132861598296,1
"1170","NR0 F Order2 - PR1 F Order2",4.66666666666667,2.18480933100934,19,2.13596060783517,1
"1171","NR0 F Order2 - PR2 F Order2",3.33333333333333,2.18507697885195,19,1.52549926871898,1
"1172","NR0 F Order2 - PR3 F Order2",4.66666666666667,2.05309636363288,19,2.27298959236826,1
"1173","NR0 F Order2 - PR4 F Order2",3.33333333333333,2.23056911941577,19,1.49438692767629,1
"1174","NR0 F Order2 - PR5 F Order2",2.16666666666667,1.98893135960404,19,1.08936221262961,1
"1175","NR0 F Order2 - PR6 F Order2",2,1.55644293820334,19,1.28498125495604,1
"1176","NR0 F Order2 - NR0 M Order2",-13.5,3.30947602785507,19,-4.07919558454986,0.916917602989989
"1177","NR0 F Order2 - NR1 M Order2",-9.83333333333334,3.24014475165785,19,-3.03484383785694,1
"1178","NR0 F Order2 - NR2 M Order2",-6.66666666666666,3.00973080725897,19,-2.21503752115896,1
"1179","NR0 F Order2 - NR3 M Order2",-9.5,3.15417666108871,19,-3.01187949210205,1
"1180","NR0 F Order2 - NR4 M Order2",-7.66666666666667,3.19424738776899,19,-2.40014805867038,1
"1181","NR0 F Order2 - NR5 M Order2",-6,3.32995442780049,19,-1.8018264604189,1
"1182","NR0 F Order2 - NR6 M Order2",-8.66666666666667,3.34882365660555,19,-2.58797343645482,1
"1183","NR0 F Order2 - PR0 M Order2",3,2.54290665754877,19,1.17975230867964,1
"1184","NR0 F Order2 - PR1 M Order2",5.33333333333333,2.6270633772911,19,2.03015023521542,1
"1185","NR0 F Order2 - PR2 M Order2",4.33333333333333,2.67099429544801,19,1.6223671240026,1
"1186","NR0 F Order2 - PR3 M Order2",3.5,2.73155697520149,19,1.28132051858147,1
"1187","NR0 F Order2 - PR4 M Order2",-0.166666666666667,2.84748786380257,19,-0.0585311244993679,1
"1188","NR0 F Order2 - PR5 M Order2",-2.16666666666667,2.87909383079984,19,-0.75255159921785,1
"1189","NR0 F Order2 - PR6 M Order2",-4.33333333333334,2.97960906419594,19,-1.45432949087323,1
"1190","NR1 F Order2 - NR2 F Order2",2.16666666666667,1.21864175182793,19,1.77793569227111,1
"1191","NR1 F Order2 - NR3 F Order2",2,1.06567936764295,19,1.87673709440726,1
"1192","NR1 F Order2 - NR4 F Order2",1.33333333333333,1.49208437746452,19,0.893604512902312,1
"1193","NR1 F Order2 - NR5 F Order2",0.166666666666668,2.20803953689494,19,0.0754817401961214,1
"1194","NR1 F Order2 - NR6 F Order2",-2.33333333333333,2.13307290077015,19,-1.09388353885649,1
"1195","NR1 F Order2 - PR0 F Order2",6.33333333333333,2.48586648147938,19,2.54773672702013,1
"1196","NR1 F Order2 - PR1 F Order2",6.83333333333333,1.95160752453575,19,3.5013870603716,1
"1197","NR1 F Order2 - PR2 F Order2",5.5,1.9901805730763,19,2.7635683286258,1
"1198","NR1 F Order2 - PR3 F Order2",6.83333333333333,1.73786519574923,19,3.93202726543318,1
"1199","NR1 F Order2 - PR4 F Order2",5.5,1.64414609273903,19,3.34520151481029,1
"1200","NR1 F Order2 - PR5 F Order2",4.33333333333333,1.91760084023139,19,2.2597681657307,1
"1201","NR1 F Order2 - PR6 F Order2",4.16666666666667,1.51850187791006,19,2.74393250827014,1
"1202","NR1 F Order2 - NR0 M Order2",-11.3333333333333,3.24014475165785,19,-3.497786118208,1
"1203","NR1 F Order2 - NR1 M Order2",-7.66666666666667,3.16929715306792,19,-2.41904318099211,1
"1204","NR1 F Order2 - NR2 M Order2",-4.5,2.93332336521432,19,-1.5340961222907,1
"1205","NR1 F Order2 - NR3 M Order2",-7.33333333333333,3.08135308624397,19,-2.37990685522908,1
"1206","NR1 F Order2 - NR4 M Order2",-5.5,3.12235853274693,19,-1.76148893290654,1
"1207","NR1 F Order2 - NR5 M Order2",-3.83333333333333,3.26105855880826,19,-1.17548742661469,1
"1208","NR1 F Order2 - NR6 M Order2",-6.5,3.28032411749045,19,-1.98151151142123,1
"1209","NR1 F Order2 - PR0 M Order2",5.16666666666666,2.45199524912965,19,2.10712751931334,1
"1210","NR1 F Order2 - PR1 M Order2",7.5,2.53916687538504,19,2.95372473259076,1
"1211","NR1 F Order2 - PR2 M Order2",6.5,2.58459222297529,19,2.51490348930844,1
"1212","NR1 F Order2 - PR3 M Order2",5.66666666666667,2.64713239969603,19,2.14068123956224,1
"1213","NR1 F Order2 - PR4 M Order2",2,2.76660325439906,19,0.722908135389447,1
"1214","NR1 F Order2 - PR5 M Order2",1.4432899320127e-15,2.79912266956956,19,5.15622251108647e-16,1
"1215","NR1 F Order2 - PR6 M Order2",-2.16666666666667,2.90240875966621,19,-0.746506383517065,1
"1216","NR2 F Order2 - NR3 F Order2",-0.166666666666667,1.03942741772821,19,-0.160344689608953,1
"1217","NR2 F Order2 - NR4 F Order2",-0.833333333333338,1.32508413061827,19,-0.628890886305094,1
"1218","NR2 F Order2 - NR5 F Order2",-2,1.91493056383971,19,-1.04442429285254,1
"1219","NR2 F Order2 - NR6 F Order2",-4.5,1.85324119422611,19,-2.42817827167885,1
"1220","NR2 F Order2 - PR0 F Order2",4.16666666666666,2.0974085932449,19,1.98657842829776,1
"1221","NR2 F Order2 - PR1 F Order2",4.66666666666666,1.84240181405806,19,2.53292557088179,1
"1222","NR2 F Order2 - PR2 F Order2",3.33333333333333,1.62590505610321,19,2.05014021010691,1
"1223","NR2 F Order2 - PR3 F Order2",4.66666666666666,1.47553142374405,19,3.16270232647797,1
"1224","NR2 F Order2 - PR4 F Order2",3.33333333333333,1.39275485347255,19,2.39333815640444,1
"1225","NR2 F Order2 - PR5 F Order2",2.16666666666667,1.72790986877785,19,1.25392342842463,1
"1226","NR2 F Order2 - PR6 F Order2",2,1.27607310648701,19,1.5673083225662,1
"1227","NR2 F Order2 - NR0 M Order2",-13.5,3.00973080725897,19,-4.48545098034689,0.370747265251782
"1228","NR2 F Order2 - NR1 M Order2",-9.83333333333334,2.93332336521432,19,-3.35228411907968,1
"1229","NR2 F Order2 - NR2 M Order2",-6.66666666666667,2.6766261385147,19,-2.49069773725146,1
"1230","NR2 F Order2 - NR3 M Order2",-9.5,2.83807652514394,19,-3.34733750687649,1
"1231","NR2 F Order2 - NR4 M Order2",-7.66666666666667,2.88254476591178,19,-2.6596869395857,1
"1232","NR2 F Order2 - NR5 M Order2",-6,3.03223423311004,19,-1.97873895574553,1
"1233","NR2 F Order2 - NR6 M Order2",-8.66666666666667,3.05294412596387,19,-2.83878980717685,1
"1234","NR2 F Order2 - PR0 M Order2",2.99999999999999,2.13827552532928,19,1.40299973715408,1
"1235","NR2 F Order2 - PR1 M Order2",5.33333333333333,2.23770193312703,19,2.38339756264158,1
"1236","NR2 F Order2 - PR2 M Order2",4.33333333333333,2.2891174018674,19,1.89301489290078,1
"1237","NR2 F Order2 - PR3 M Order2",3.5,2.35950237592343,19,1.48336362604009,1
"1238","NR2 F Order2 - PR4 M Order2",-0.16666666666667,2.49279663986441,19,-0.0668593113458846,1
"1239","NR2 F Order2 - PR5 M Order2",-2.16666666666667,2.52883950454869,19,-0.856782987915771,1
"1240","NR2 F Order2 - PR6 M Order2",-4.33333333333334,2.64271037547722,19,-1.6397306997937,1
"1241","NR3 F Order2 - NR4 F Order2",-0.666666666666672,1.44792652716572,19,-0.460428519098725,1
"1242","NR3 F Order2 - NR5 F Order2",-1.83333333333334,2.13067268295047,19,-0.860448133588783,1
"1243","NR3 F Order2 - NR6 F Order2",-4.33333333333333,2.11655960497301,19,-2.04734765000327,1
"1244","NR3 F Order2 - PR0 F Order2",4.33333333333333,2.18781848141073,19,1.98066401310366,1
"1245","NR3 F Order2 - PR1 F Order2",4.83333333333333,1.90980847758424,19,2.53079478390793,1
"1246","NR3 F Order2 - PR2 F Order2",3.5,1.7493524282227,19,2.00074035599328,1
"1247","NR3 F Order2 - PR3 F Order2",4.83333333333333,1.72536969510749,19,2.80133199686935,1
"1248","NR3 F Order2 - PR4 F Order2",3.5,1.79578779402512,19,1.9490053399656,1
"1249","NR3 F Order2 - PR5 F Order2",2.33333333333333,1.57613785130482,19,1.48041196485552,1
"1250","NR3 F Order2 - PR6 F Order2",2.16666666666666,1.29257890819792,19,1.6762355109812,1
"1251","NR3 F Order2 - NR0 M Order2",-13.3333333333333,3.15417666108871,19,-4.22719928716077,0.661377352807391
"1252","NR3 F Order2 - NR1 M Order2",-9.66666666666667,3.08135308624397,19,-3.13714994552925,1
"1253","NR3 F Order2 - NR2 M Order2",-6.5,2.83807652514394,19,-2.29028355733654,1
"1254","NR3 F Order2 - NR3 M Order2",-9.33333333333333,2.99082417399721,19,-3.12065597652951,1
"1255","NR3 F Order2 - NR4 M Order2",-7.50000000000001,3.03305377543465,19,-2.47275536647062,1
"1256","NR3 F Order2 - NR5 M Order2",-5.83333333333334,3.17565667565583,19,-1.83689042271191,1
"1257","NR3 F Order2 - NR6 M Order2",-8.5,3.19543717094395,19,-2.66004291284158,1
"1258","NR3 F Order2 - PR0 M Order2",3.16666666666666,2.33721481670282,19,1.35488900893328,1
"1259","NR3 F Order2 - PR1 M Order2",5.5,2.42850999971453,19,2.26476316780517,1
"1260","NR3 F Order2 - PR2 M Order2",4.5,2.47596634805991,19,1.81747219768397,1
"1261","NR3 F Order2 - PR3 M Order2",3.66666666666666,2.54118128813772,19,1.44289849912823,1
"1262","NR3 F Order2 - PR4 M Order2",-2.99760216648792e-15,2.66540540348223,19,-1.12463273413181e-15,1
"1263","NR3 F Order2 - PR5 M Order2",-2,2.69914433051644,19,-0.740975566733524,1
"1264","NR3 F Order2 - PR6 M Order2",-4.16666666666667,2.80611279278791,19,-1.48485359440133,1
"1265","NR4 F Order2 - NR5 F Order2",-1.16666666666666,1.61190744586502,19,-0.723780183322238,1
"1266","NR4 F Order2 - NR6 F Order2",-3.66666666666666,1.35734949840441,19,-2.70134307411384,1
"1267","NR4 F Order2 - PR0 F Order2",5,2.39272777365717,19,2.08966521601316,1
"1268","NR4 F Order2 - PR1 F Order2",5.5,2.00394348066112,19,2.74458838439171,1
"1269","NR4 F Order2 - PR2 F Order2",4.16666666666667,1.8085243249451,19,2.30390413288644,1
"1270","NR4 F Order2 - PR3 F Order2",5.5,1.7547762723726,19,3.13430269521684,1
"1271","NR4 F Order2 - PR4 F Order2",4.16666666666667,1.82085064627042,19,2.28830776165036,1
"1272","NR4 F Order2 - PR5 F Order2",3,1.88763288134553,19,1.58929208621411,1
"1273","NR4 F Order2 - PR6 F Order2",2.83333333333333,1.73154428590062,19,1.63630428421855,1
"1274","NR4 F Order2 - NR0 M Order2",-12.6666666666667,3.19424738776899,19,-3.96546200997715,1
"1275","NR4 F Order2 - NR1 M Order2",-9,3.12235853274693,19,-2.88243643566524,1
"1276","NR4 F Order2 - NR2 M Order2",-5.83333333333333,2.88254476591178,19,-2.02367484533694,1
"1277","NR4 F Order2 - NR3 M Order2",-8.66666666666666,3.03305377543465,19,-2.85740620125494,1
"1278","NR4 F Order2 - NR4 M Order2",-6.83333333333333,3.07470342790823,19,-2.22243656780327,1
"1279","NR4 F Order2 - NR5 M Order2",-5.16666666666667,3.21545973175683,19,-1.60682051640676,1
"1280","NR4 F Order2 - NR6 M Order2",-7.83333333333333,3.23499685909625,19,-2.42143460241928,1
"1281","NR4 F Order2 - PR0 M Order2",3.83333333333333,2.39101632456315,19,1.60322340502368,1
"1282","NR4 F Order2 - PR1 M Order2",6.16666666666667,2.48033199060645,19,2.48622631567918,1
"1283","NR4 F Order2 - PR2 M Order2",5.16666666666667,2.52681525277125,19,2.04473463621854,1
"1284","NR4 F Order2 - PR3 M Order2",4.33333333333333,2.5907505291119,19,1.67261698285508,1
"1285","NR4 F Order2 - PR4 M Order2",0.666666666666669,2.71270564747165,19,0.245757097637198,1
"1286","NR4 F Order2 - PR5 M Order2",-1.33333333333333,2.74586344923985,19,-0.485578892753187,1
"1287","NR4 F Order2 - PR6 M Order2",-3.5,2.85107961494593,19,-1.22760514355765,1
"1288","NR5 F Order2 - NR6 F Order2",-2.5,1.37319791531297,19,-1.82056786725475,1
"1289","NR5 F Order2 - PR0 F Order2",6.16666666666666,2.62054411563482,19,2.35320086003314,1
"1290","NR5 F Order2 - PR1 F Order2",6.66666666666667,2.26568606239552,19,2.9424494316825,1
"1291","NR5 F Order2 - PR2 F Order2",5.33333333333333,2.15374011691942,19,2.47631238859116,1
"1292","NR5 F Order2 - PR3 F Order2",6.66666666666666,2.06933896273425,19,3.22164072040566,1
"1293","NR5 F Order2 - PR4 F Order2",5.33333333333333,2.01086231539158,19,2.65226181450159,1
"1294","NR5 F Order2 - PR5 F Order2",4.16666666666667,2.0126791082988,19,2.07020913045026,1
"1295","NR5 F Order2 - PR6 F Order2",4,2.26439514663783,19,1.76647614085342,1
"1296","NR5 F Order2 - NR0 M Order2",-11.5,3.32995442780049,19,-3.4535007158029,1
"1297","NR5 F Order2 - NR1 M Order2",-7.83333333333334,3.26105855880826,19,-2.40208300221263,1
"1298","NR5 F Order2 - NR2 M Order2",-4.66666666666667,3.03223423311004,19,-1.53901918780208,1
"1299","NR5 F Order2 - NR3 M Order2",-7.5,3.17565667565583,19,-2.36171625777245,1
"1300","NR5 F Order2 - NR4 M Order2",-5.66666666666667,3.21545973175683,19,-1.76231927605903,1
"1301","NR5 F Order2 - NR5 M Order2",-4,3.35030765803811,19,-1.19392020323959,1
"1302","NR5 F Order2 - NR6 M Order2",-6.66666666666667,3.36906289572065,19,-1.97878961391151,1
"1303","NR5 F Order2 - PR0 M Order2",5,2.56950173794192,19,1.94590255619162,1
"1304","NR5 F Order2 - PR1 M Order2",7.33333333333333,2.6528149013048,19,2.76435922073809,1
"1305","NR5 F Order2 - PR2 M Order2",6.33333333333333,2.69632628563319,19,2.34887497372969,1
"1306","NR5 F Order2 - PR3 M Order2",5.5,2.75633242208784,19,1.9954051825991,1
"1307","NR5 F Order2 - PR4 M Order2",1.83333333333333,2.87126314481686,19,0.638511080617192,1
"1308","NR5 F Order2 - PR5 M Order2",-0.166666666666667,2.90261023887645,19,-0.0574195820142839,1
"1309","NR5 F Order2 - PR6 M Order2",-2.33333333333334,3.00233827003542,19,-0.77717203175304,1
"1310","NR6 F Order2 - PR0 F Order2",8.66666666666666,2.54210163088622,19,3.40925262836377,1
"1311","NR6 F Order2 - PR1 F Order2",9.16666666666666,2.30490197175828,19,3.97703103168155,1
"1312","NR6 F Order2 - PR2 F Order2",7.83333333333333,1.94703252990663,19,4.02321646557645,1
"1313","NR6 F Order2 - PR3 F Order2",9.16666666666666,2.01848185670517,19,4.54136688730494,0.326803956287591
"1314","NR6 F Order2 - PR4 F Order2",7.83333333333333,2.1862141166278,19,3.58305861889507,1
"1315","NR6 F Order2 - PR5 F Order2",6.66666666666667,2.14973138536882,19,3.10116264387278,1
"1316","NR6 F Order2 - PR6 F Order2",6.5,2.10464537719367,19,3.08840627995348,1
"1317","NR6 F Order2 - NR0 M Order2",-9.00000000000001,3.34882365660555,19,-2.68751087631847,1
"1318","NR6 F Order2 - NR1 M Order2",-5.33333333333334,3.28032411749045,19,-1.62585559911485,1
"1319","NR6 F Order2 - NR2 M Order2",-2.16666666666667,3.05294412596387,19,-0.709697451794211,1
"1320","NR6 F Order2 - NR3 M Order2",-5,3.19543717094395,19,-1.56473112520093,1
"1321","NR6 F Order2 - NR4 M Order2",-3.16666666666667,3.23499685909625,19,-0.978877817999284,1
"1322","NR6 F Order2 - NR5 M Order2",-1.5,3.36906289572065,19,-0.44522766313009,1
"1323","NR6 F Order2 - NR6 M Order2",-4.16666666666667,3.38771430128553,19,-1.22993449154952,1
"1324","NR6 F Order2 - PR0 M Order2",7.5,2.59390874417344,19,2.89138930459557,1
"1325","NR6 F Order2 - PR1 M Order2",9.83333333333333,2.67646227180539,19,3.67400408999613,1
"1326","NR6 F Order2 - PR2 M Order2",8.83333333333333,2.71959534313643,19,3.24803223230486,1
"1327","NR6 F Order2 - PR3 M Order2",8,2.7790991009436,19,2.87863070348363,1
"1328","NR6 F Order2 - PR4 M Order2",4.33333333333333,2.893125548364,19,1.49780341740915,1
"1329","NR6 F Order2 - PR5 M Order2",2.33333333333333,2.92423829238372,19,0.797928588586839,1
"1330","NR6 F Order2 - PR6 M Order2",0.166666666666661,3.02325296320572,19,0.0551282571108225,1
"1331","PR0 F Order2 - PR1 F Order2",0.5,1.12572263990217,19,0.444159140339803,1
"1332","PR0 F Order2 - PR2 F Order2",-0.833333333333333,1.17304023452432,19,-0.710404731915492,1
"1333","PR0 F Order2 - PR3 F Order2",0.5,1.42358989429347,19,0.351224746680398,1
"1334","PR0 F Order2 - PR4 F Order2",-0.833333333333331,1.91325019686121,19,-0.435558995211634,1
"1335","PR0 F Order2 - PR5 F Order2",-2,1.76929628856366,19,-1.13039292114473,1
"1336","PR0 F Order2 - PR6 F Order2",-2.16666666666667,1.746676041223,19,-1.24045135762531,1
"1337","PR0 F Order2 - NR0 M Order2",-17.6666666666667,2.54290665754877,19,-6.94743026222458,0.00195044052477107
"1338","PR0 F Order2 - NR1 M Order2",-14,2.45199524912965,19,-5.70963585878454,0.025143717787949
"1339","PR0 F Order2 - NR2 M Order2",-10.8333333333333,2.13827552532928,19,-5.06638793972309,0.102292005956095
"1340","PR0 F Order2 - NR3 M Order2",-13.6666666666667,2.33721481670282,19,-5.84741572276469,0.0187471897029676
"1341","PR0 F Order2 - NR4 M Order2",-11.8333333333333,2.39101632456315,19,-4.94908094594265,0.13219879647064
"1342","PR0 F Order2 - NR5 M Order2",-10.1666666666667,2.56950173794192,19,-3.95666853092297,1
"1343","PR0 F Order2 - NR6 M Order2",-12.8333333333333,2.59390874417344,19,-4.94748836564131,0.132581299013646
"1344","PR0 F Order2 - PR0 M Order2",-1.16666666666667,1.40716628692714,19,-0.829089410047152,1
"1345","PR0 F Order2 - PR1 M Order2",1.16666666666667,1.55409287958042,19,0.750705882509188,1
"1346","PR0 F Order2 - PR2 M Order2",0.166666666666667,1.62725327357921,19,0.102422081044628,1
"1347","PR0 F Order2 - PR3 M Order2",-0.666666666666666,1.72486121146903,19,-0.386504526992569,1
"1348","PR0 F Order2 - PR4 M Order2",-4.33333333333333,1.90313683810739,19,-2.27694259633096,1
"1349","PR0 F Order2 - PR5 M Order2",-6.33333333333333,1.95010870892066,19,-3.24768219554216,1
"1350","PR0 F Order2 - PR6 M Order2",-8.5,2.09566525606956,19,-4.05599127789228,0.963447504449298
"1351","PR1 F Order2 - PR2 F Order2",-1.33333333333333,1.05741602738504,19,-1.26093543014534,1
"1352","PR1 F Order2 - PR3 F Order2",-4.85722573273506e-16,0.973478720216036,19,-4.989555120072e-16,1
"1353","PR1 F Order2 - PR4 F Order2",-1.33333333333333,1.48491439491774,19,-0.897919326458677,1
"1354","PR1 F Order2 - PR5 F Order2",-2.5,1.69571182589826,19,-1.47430710915499,1
"1355","PR1 F Order2 - PR6 F Order2",-2.66666666666667,1.62761260962722,19,-1.63839150108171,1
"1356","PR1 F Order2 - NR0 M Order2",-18.1666666666667,2.6270633772911,19,-6.91519923870253,0.00207896521293577
"1357","PR1 F Order2 - NR1 M Order2",-14.5,2.53916687538504,19,-5.71053448300881,0.0251116878815024
"1358","PR1 F Order2 - NR2 M Order2",-11.3333333333333,2.23770193312703,19,-5.06471982061336,0.102603896002157
"1359","PR1 F Order2 - NR3 M Order2",-14.1666666666667,2.42850999971453,19,-5.83348088677089,0.0193025186454363
"1360","PR1 F Order2 - NR4 M Order2",-12.3333333333333,2.48033199060645,19,-4.97245263135836,0.125635672461498
"1361","PR1 F Order2 - NR5 M Order2",-10.6666666666667,2.6528149013048,19,-4.0208861392554,1
"1362","PR1 F Order2 - NR6 M Order2",-13.3333333333333,2.67646227180539,19,-4.9817004610117,0.123148463444886
"1363","PR1 F Order2 - PR0 M Order2",-1.66666666666667,1.55409287958042,19,-1.07243697501313,1
"1364","PR1 F Order2 - PR1 M Order2",0.666666666666667,1.68828090010544,19,0.394878995921255,1
"1365","PR1 F Order2 - PR2 M Order2",-0.333333333333333,1.75585903069481,19,-0.189840600814879,1
"1366","PR1 F Order2 - PR3 M Order2",-1.16666666666667,1.84668186706012,19,-0.631763752856888,1
"1367","PR1 F Order2 - PR4 M Order2",-4.83333333333333,2.01420394793071,19,-2.39962459526448,1
"1368","PR1 F Order2 - PR5 M Order2",-6.83333333333333,2.05864316866873,19,-3.3193384056705,1
"1369","PR1 F Order2 - PR6 M Order2",-9,2.19702084304982,19,-4.09645635746749,0.882094712010836
"1370","PR2 F Order2 - PR3 F Order2",1.33333333333333,0.880091701761113,19,1.51499364289569,1
"1371","PR2 F Order2 - PR4 F Order2",2.79875948805408e-15,1.35734949840441,19,2.06192987977236e-15,1
"1372","PR2 F Order2 - PR5 F Order2",-1.16666666666666,1.29664434202583,19,-0.89975842168401,1
"1373","PR2 F Order2 - PR6 F Order2",-1.33333333333333,1.41048703794488,19,-0.945299954883695,1
"1374","PR2 F Order2 - NR0 M Order2",-16.8333333333333,2.67099429544801,19,-6.30227228939472,0.00722675860708268
"1375","PR2 F Order2 - NR1 M Order2",-13.1666666666667,2.58459222297529,19,-5.09429168347094,0.0961971028289521
"1376","PR2 F Order2 - NR2 M Order2",-10,2.2891174018674,19,-4.36849590669411,0.481327668765297
"1377","PR2 F Order2 - NR3 M Order2",-12.8333333333333,2.47596634805991,19,-5.18316145265428,0.0790786935772747
"1378","PR2 F Order2 - NR4 M Order2",-11,2.52681525277125,19,-4.35330599969108,0.497916049372075
"1379","PR2 F Order2 - NR5 M Order2",-9.33333333333333,2.69632628563319,19,-3.46149996128586,1
"1380","PR2 F Order2 - NR6 M Order2",-12,2.71959534313643,19,-4.41242114577264,0.436459016644562
"1381","PR2 F Order2 - PR0 M Order2",-0.333333333333335,1.62725327357921,19,-0.204844162089257,1
"1382","PR2 F Order2 - PR1 M Order2",2,1.75585903069481,19,1.13904360488927,1
"1383","PR2 F Order2 - PR2 M Order2",1,1.82093093600065,19,0.549169647365276,1
"1384","PR2 F Order2 - PR3 M Order2",0.166666666666667,1.90865985868105,19,0.0873213034311099,1
"1385","PR2 F Order2 - PR4 M Order2",-3.5,2.07117504858265,19,-1.68986199519694,1
"1386","PR2 F Order2 - PR5 M Order2",-5.5,2.11441723269513,19,-2.60118954525804,1
"1387","PR2 F Order2 - PR6 M Order2",-7.66666666666667,2.24936638251909,19,-3.40836723010001,1
"1388","PR3 F Order2 - PR4 F Order2",-1.33333333333333,1.04629672756119,19,-1.27433575792709,1
"1389","PR3 F Order2 - PR5 F Order2",-2.5,1.42543724696292,19,-1.75384781429457,1
"1390","PR3 F Order2 - PR6 F Order2",-2.66666666666667,1.41638284050506,19,-1.88273014216677,1
"1391","PR3 F Order2 - NR0 M Order2",-18.1666666666667,2.73155697520149,19,-6.65066364406571,0.00353604446021131
"1392","PR3 F Order2 - NR1 M Order2",-14.5,2.64713239969603,19,-5.4776255247622,0.041504044947978
"1393","PR3 F Order2 - NR2 M Order2",-11.3333333333333,2.35950237592343,19,-4.80327269384412,0.182488519329669
"1394","PR3 F Order2 - NR3 M Order2",-14.1666666666667,2.54118128813772,19,-5.57483511026817,0.0336249036818875
"1395","PR3 F Order2 - NR4 M Order2",-12.3333333333333,2.5907505291119,19,-4.76052525889522,0.20051173608145
"1396","PR3 F Order2 - NR5 M Order2",-10.6666666666667,2.75633242208784,19,-3.86987671776794,1
"1397","PR3 F Order2 - NR6 M Order2",-13.3333333333333,2.7790991009436,19,-4.79771783913939,0.184600911556818
"1398","PR3 F Order2 - PR0 M Order2",-1.66666666666667,1.72486121146903,19,-0.966261317481423,1
"1399","PR3 F Order2 - PR1 M Order2",0.666666666666667,1.84668186706012,19,0.361007858775365,1
"1400","PR3 F Order2 - PR2 M Order2",-0.333333333333333,1.90865985868105,19,-0.174642606862219,1
"1401","PR3 F Order2 - PR3 M Order2",-1.16666666666667,1.99252990908455,19,-0.585520278188788,1
"1402","PR3 F Order2 - PR4 M Order2",-4.83333333333333,2.14871102392283,19,-2.24941059059179,1
"1403","PR3 F Order2 - PR5 M Order2",-6.83333333333333,2.19042306789676,19,-3.11964087371244,1
"1404","PR3 F Order2 - PR6 M Order2",-9,2.32095715282794,19,-3.87771053379167,1
"1405","PR4 F Order2 - PR5 F Order2",-1.16666666666667,1.49668249122256,19,-0.779501780443546,1
"1406","PR4 F Order2 - PR6 F Order2",-1.33333333333334,1.48491439491774,19,-0.897919326458681,1
"1407","PR4 F Order2 - NR0 M Order2",-16.8333333333333,2.84748786380257,19,-5.91164357443613,0.0163746067086852
"1408","PR4 F Order2 - NR1 M Order2",-13.1666666666667,2.76660325439906,19,-4.7591452246472,0.200999550792771
"1409","PR4 F Order2 - NR2 M Order2",-10,2.49279663986441,19,-4.011558680753,1
"1410","PR4 F Order2 - NR3 M Order2",-12.8333333333333,2.66540540348223,19,-4.81477726298865,0.178068615179595
"1411","PR4 F Order2 - NR4 M Order2",-11,2.71270564747165,19,-4.05499211101376,0.964972845282922
"1412","PR4 F Order2 - NR5 M Order2",-9.33333333333334,2.87126314481686,19,-3.25060186496025,1
"1413","PR4 F Order2 - NR6 M Order2",-12,2.893125548364,19,-4.14776330974843,0.789515102975326
"1414","PR4 F Order2 - PR0 M Order2",-0.333333333333338,1.90313683810739,19,-0.175149430486999,1
"1415","PR4 F Order2 - PR1 M Order2",2,2.01420394793071,19,0.992948108385299,1
"1416","PR4 F Order2 - PR2 M Order2",0.999999999999998,2.07117504858265,19,0.482817712913411,1
"1417","PR4 F Order2 - PR3 M Order2",0.166666666666664,2.14871102392283,19,0.0775658824341985,1
"1418","PR4 F Order2 - PR4 M Order2",-3.5,2.29428478835093,19,-1.52552988093327,1
"1419","PR4 F Order2 - PR5 M Order2",-5.5,2.33339598913371,19,-2.35707956369717,1
"1420","PR4 F Order2 - PR6 M Order2",-7.66666666666667,2.45634397652164,19,-3.12116981169845,1
"1421","PR5 F Order2 - PR6 F Order2",-0.16666666666667,1.2766458245745,19,-0.130550434159935,1
"1422","PR5 F Order2 - NR0 M Order2",-15.6666666666667,2.87909383079984,19,-5.44152694819061,0.044883260460228
"1423","PR5 F Order2 - NR1 M Order2",-12,2.79912266956956,19,-4.28705755930493,0.578208696900607
"1424","PR5 F Order2 - NR2 M Order2",-8.83333333333333,2.52883950454869,19,-3.49303833534891,1
"1425","PR5 F Order2 - NR3 M Order2",-11.6666666666667,2.69914433051644,19,-4.32235747261222,0.533899532383714
"1426","PR5 F Order2 - NR4 M Order2",-9.83333333333334,2.74586344923985,19,-3.58114433405476,1
"1427","PR5 F Order2 - NR5 M Order2",-8.16666666666667,2.90261023887645,19,-2.81355951869991,1
"1428","PR5 F Order2 - NR6 M Order2",-10.8333333333333,2.92423829238372,19,-3.70466844701032,1
"1429","PR5 F Order2 - PR0 M Order2",0.833333333333329,1.95010870892066,19,0.427326604676599,1
"1430","PR5 F Order2 - PR1 M Order2",3.16666666666666,2.05864316866873,19,1.53822999287169,1
"1431","PR5 F Order2 - PR2 M Order2",2.16666666666666,2.11441723269513,19,1.02471103298044,1
"1432","PR5 F Order2 - PR3 M Order2",1.33333333333333,2.19042306789676,19,0.608710414382913,1
"1433","PR5 F Order2 - PR4 M Order2",-2.33333333333333,2.33339598913371,19,-0.999973148235164,1
"1434","PR5 F Order2 - PR5 M Order2",-4.33333333333333,2.37186234721833,19,-1.82697505123574,1
"1435","PR5 F Order2 - PR6 M Order2",-6.50000000000001,2.49291393414232,19,-2.60739045619572,1
"1436","PR6 F Order2 - NR0 M Order2",-15.5,2.97960906419594,19,-5.20202471735424,0.0759444437090008
"1437","PR6 F Order2 - NR1 M Order2",-11.8333333333333,2.90240875966621,19,-4.07707332536242,0.920729698942518
"1438","PR6 F Order2 - NR2 M Order2",-8.66666666666666,2.64271037547722,19,-3.27946139958739,1
"1439","PR6 F Order2 - NR3 M Order2",-11.5,2.80611279278791,19,-4.09819592054766,0.879210161679201
"1440","PR6 F Order2 - NR4 M Order2",-9.66666666666667,2.85107961494593,19,-3.39052849173066,1
"1441","PR6 F Order2 - NR5 M Order2",-8,3.00233827003542,19,-2.66458982315327,1
"1442","PR6 F Order2 - NR6 M Order2",-10.6666666666667,3.02325296320572,19,-3.52820845509276,1
"1443","PR6 F Order2 - PR0 M Order2",0.999999999999999,2.09566525606956,19,0.477175444457914,1
"1444","PR6 F Order2 - PR1 M Order2",3.33333333333333,2.19702084304982,19,1.51720605832129,1
"1445","PR6 F Order2 - PR2 M Order2",2.33333333333333,2.24936638251909,19,1.03732915698696,1
"1446","PR6 F Order2 - PR3 M Order2",1.5,2.32095715282794,19,0.646285088965278,1
"1447","PR6 F Order2 - PR4 M Order2",-2.16666666666667,2.45634397652164,19,-0.882069729393039,1
"1448","PR6 F Order2 - PR5 M Order2",-4.16666666666666,2.49291393414232,19,-1.671404138587,1
"1449","PR6 F Order2 - PR6 M Order2",-6.33333333333334,2.608353651622,19,-2.42809610169041,1
"1450","NR0 M Order2 - NR1 M Order2",3.66666666666667,1.42871553157913,19,2.56640778770983,1
"1451","NR0 M Order2 - NR2 M Order2",6.83333333333334,1.73323211580315,19,3.94253791574067,1
"1452","NR0 M Order2 - NR3 M Order2",4.00000000000001,1.47186081848993,19,2.71764826521019,1
"1453","NR0 M Order2 - NR4 M Order2",5.83333333333334,2.25164007801773,19,2.59070416727918,1
"1454","NR0 M Order2 - NR5 M Order2",7.5,3.00004873254766,19,2.49995939020329,1
"1455","NR0 M Order2 - NR6 M Order2",4.83333333333334,2.61764145436798,19,1.84644590085785,1
"1456","NR0 M Order2 - PR0 M Order2",16.5,2.42061081653912,19,6.81646131929251,0.00253179883160074
"1457","NR0 M Order2 - PR1 M Order2",18.8333333333333,2.18480933100934,19,8.62012673876336,8.36867297320485e-05
"1458","NR0 M Order2 - PR2 M Order2",17.8333333333333,2.18507697885195,19,8.16142108764655,0.000191340500191318
"1459","NR0 M Order2 - PR3 M Order2",17,2.05309636363289,19,8.28017637219866,0.000154109264325754
"1460","NR0 M Order2 - PR4 M Order2",13.3333333333333,2.23056911941577,19,5.97754771070516,0.0142586248108242
"1461","NR0 M Order2 - PR5 M Order2",11.3333333333333,1.98893135960404,19,5.69820234298563,0.02575493962825
"1462","NR0 M Order2 - PR6 M Order2",9.16666666666667,1.55644293820334,19,5.88949741854854,0.0171561069093114
"1463","NR1 M Order2 - NR2 M Order2",3.16666666666667,1.21864175182793,19,2.59852139639624,1
"1464","NR1 M Order2 - NR3 M Order2",0.333333333333339,1.06567936764295,19,0.312789515734549,1
"1465","NR1 M Order2 - NR4 M Order2",2.16666666666667,1.49208437746452,19,1.45210733346626,1
"1466","NR1 M Order2 - NR5 M Order2",3.83333333333334,2.20803953689494,19,1.73608002451078,1
"1467","NR1 M Order2 - NR6 M Order2",1.16666666666667,2.13307290077015,19,0.546941769428247,1
"1468","NR1 M Order2 - PR0 M Order2",12.8333333333333,2.48586648147938,19,5.1625191573829,0.0827259219395308
"1469","NR1 M Order2 - PR1 M Order2",15.1666666666667,1.95160752453575,19,7.77137128033697,0.000394915797378789
"1470","NR1 M Order2 - PR2 M Order2",14.1666666666667,1.9901805730763,19,7.11828205858161,0.00139001709118013
"1471","NR1 M Order2 - PR3 M Order2",13.3333333333333,1.73786519574923,19,7.67224832279646,0.000475833014349147
"1472","NR1 M Order2 - PR4 M Order2",9.66666666666667,1.64414609273903,19,5.87944508663626,0.0175170462341616
"1473","NR1 M Order2 - PR5 M Order2",7.66666666666667,1.91760084023139,19,3.99805137013893,1
"1474","NR1 M Order2 - PR6 M Order2",5.5,1.51850187791006,19,3.62199091091658,1
"1475","NR2 M Order2 - NR3 M Order2",-2.83333333333333,1.03942741772821,19,-2.72585972335221,1
"1476","NR2 M Order2 - NR4 M Order2",-1.00000000000001,1.32508413061827,19,-0.754669063566112,1
"1477","NR2 M Order2 - NR5 M Order2",0.666666666666664,1.91493056383971,19,0.348141430950843,1
"1478","NR2 M Order2 - NR6 M Order2",-2,1.85324119422611,19,-1.07919034296838,1
"1479","NR2 M Order2 - PR0 M Order2",9.66666666666666,2.0974085932449,19,4.6088619536508,0.281051378500589
"1480","NR2 M Order2 - PR1 M Order2",12,1.84240181405806,19,6.51323718226746,0.00467872124887004
"1481","NR2 M Order2 - PR2 M Order2",11,1.62590505610321,19,6.76546269335282,0.00280456313390278
"1482","NR2 M Order2 - PR3 M Order2",10.1666666666667,1.47553142374405,19,6.8901729255413,0.00218446459914693
"1483","NR2 M Order2 - PR4 M Order2",6.5,1.39275485347255,19,4.66700940498866,0.246763333818795
"1484","NR2 M Order2 - PR5 M Order2",4.5,1.72790986877785,19,2.60430250518961,1
"1485","NR2 M Order2 - PR6 M Order2",2.33333333333333,1.27607310648701,19,1.82852637632723,1
"1486","NR3 M Order2 - NR4 M Order2",1.83333333333333,1.44792652716572,19,1.26617842752148,1
"1487","NR3 M Order2 - NR5 M Order2",3.5,2.13067268295047,19,1.64267370957858,1
"1488","NR3 M Order2 - NR6 M Order2",0.833333333333331,2.11655960497301,19,0.393720701923704,1
"1489","NR3 M Order2 - PR0 M Order2",12.5,2.18781848141073,19,5.71345388395287,0.0249705667771529
"1490","NR3 M Order2 - PR1 M Order2",14.8333333333333,1.90980847758424,19,7.76692192302777,0.00039798662356809
"1491","NR3 M Order2 - PR2 M Order2",13.8333333333333,1.7493524282227,19,7.90768807368774,0.000305923889108756
"1492","NR3 M Order2 - PR3 M Order2",13,1.72536969510749,19,7.53461709502791,0.000618448371320719
"1493","NR3 M Order2 - PR4 M Order2",9.33333333333333,1.79578779402512,19,5.19734757324161,0.0766837241800803
"1494","NR3 M Order2 - PR5 M Order2",7.33333333333333,1.57613785130482,19,4.65272331811735,0.254685335714639
"1495","NR3 M Order2 - PR6 M Order2",5.16666666666666,1.29257890819792,19,3.9971769877244,1
"1496","NR4 M Order2 - NR5 M Order2",1.66666666666667,1.61190744586502,19,1.03397169046034,1
"1497","NR4 M Order2 - NR6 M Order2",-0.999999999999996,1.35734949840441,19,-0.736729929303773,1
"1498","NR4 M Order2 - PR0 M Order2",10.6666666666667,2.39272777365717,19,4.45795246082807,0.394365341556027
"1499","NR4 M Order2 - PR1 M Order2",13,2.00394348066112,19,6.48720890856221,0.00493293424563229
"1500","NR4 M Order2 - PR2 M Order2",12,1.8085243249451,19,6.63524390271293,0.003646593063926
"1501","NR4 M Order2 - PR3 M Order2",11.1666666666667,1.7547762723726,19,6.36358425998571,0.00636565824506165
"1502","NR4 M Order2 - PR4 M Order2",7.5,1.82085064627042,19,4.11895397097065,0.840263782039224
"1503","NR4 M Order2 - PR5 M Order2",5.5,1.88763288134553,19,2.91370215805921,1
"1504","NR4 M Order2 - PR6 M Order2",3.33333333333333,1.73154428590062,19,1.92506386378653,1
"1505","NR5 M Order2 - NR6 M Order2",-2.66666666666667,1.37319791531297,19,-1.94193905840507,1
"1506","NR5 M Order2 - PR0 M Order2",9,2.62054411563482,19,3.43440125518351,1
"1507","NR5 M Order2 - PR1 M Order2",11.3333333333333,2.26568606239552,19,5.00216403386025,0.117725415139688
"1508","NR5 M Order2 - PR2 M Order2",10.3333333333333,2.15374011691942,19,4.79785525289538,0.184600911556818
"1509","NR5 M Order2 - PR3 M Order2",9.5,2.06933896273425,19,4.59083802657806,0.292554545014981
"1510","NR5 M Order2 - PR4 M Order2",5.83333333333333,2.01086231539158,19,2.90091135961111,1
"1511","NR5 M Order2 - PR5 M Order2",3.83333333333333,2.0126791082988,19,1.90459240001424,1
"1512","NR5 M Order2 - PR6 M Order2",1.66666666666666,2.26439514663783,19,0.736031725355588,1
"1513","NR6 M Order2 - PR0 M Order2",11.6666666666667,2.54210163088622,19,4.58937853818199,0.293322611325827
"1514","NR6 M Order2 - PR1 M Order2",14,2.30490197175828,19,6.07401103020455,0.0116374479766935
"1515","NR6 M Order2 - PR2 M Order2",13,1.94703252990663,19,6.67682732585028,0.00335479203928714
"1516","NR6 M Order2 - PR3 M Order2",12.1666666666667,2.01848185670517,19,6.02763241405929,0.0128291705326537
"1517","NR6 M Order2 - PR4 M Order2",8.5,2.1862141166278,19,3.88799977794997,1
"1518","NR6 M Order2 - PR5 M Order2",6.5,2.14973138536882,19,3.02363357777596,1
"1519","NR6 M Order2 - PR6 M Order2",4.33333333333333,2.10464537719367,19,2.05893751996899,1
"1520","PR0 M Order2 - PR1 M Order2",2.33333333333334,1.12572263990217,19,2.07274265491908,1
"1521","PR0 M Order2 - PR2 M Order2",1.33333333333334,1.17304023452432,19,1.13664757106479,1
"1522","PR0 M Order2 - PR3 M Order2",0.500000000000002,1.42358989429347,19,0.351224746680399,1
"1523","PR0 M Order2 - PR4 M Order2",-3.16666666666666,1.91325019686121,19,-1.65512418180421,1
"1524","PR0 M Order2 - PR5 M Order2",-5.16666666666666,1.76929628856366,19,-2.92018171295721,1
"1525","PR0 M Order2 - PR6 M Order2",-7.33333333333333,1.746676041223,19,-4.19845074888565,0.705226372667962
"1526","PR1 M Order2 - PR2 M Order2",-1,1.05741602738504,19,-0.945701572609006,1
"1527","PR1 M Order2 - PR3 M Order2",-1.83333333333333,0.973478720216036,19,-1.8832803380915,1
"1528","PR1 M Order2 - PR4 M Order2",-5.5,1.48491439491774,19,-3.70391722164205,1
"1529","PR1 M Order2 - PR5 M Order2",-7.5,1.69571182589826,19,-4.42292132746497,0.426455892148388
"1530","PR1 M Order2 - PR6 M Order2",-9.66666666666667,1.62761260962722,19,-5.9391691914212,0.0154515235813703
"1531","PR2 M Order2 - PR3 M Order2",-0.833333333333333,0.880091701761113,19,-0.946871026809804,1
"1532","PR2 M Order2 - PR4 M Order2",-4.5,1.35734949840441,19,-3.31528468186699,1
"1533","PR2 M Order2 - PR5 M Order2",-6.5,1.29664434202583,19,-5.01293977795378,0.115004665520232
"1534","PR2 M Order2 - PR6 M Order2",-8.66666666666667,1.41048703794488,19,-6.14444970674402,0.0100442093384932
"1535","PR3 M Order2 - PR4 M Order2",-3.66666666666667,1.04629672756119,19,-3.50442333429951,1
"1536","PR3 M Order2 - PR5 M Order2",-5.66666666666666,1.42543724696292,19,-3.9753883790677,1
"1537","PR3 M Order2 - PR6 M Order2",-7.83333333333334,1.41638284050506,19,-5.53051979261488,0.0370048417359026
"1538","PR4 M Order2 - PR5 M Order2",-2,1.49668249122256,19,-1.33628876647465,1
"1539","PR4 M Order2 - PR6 M Order2",-4.16666666666667,1.48491439491774,19,-2.80599789518337,1
"1540","PR5 M Order2 - PR6 M Order2",-2.16666666666667,1.2766458245745,19,-1.69715564407913,1
