"","contrast","estimate","SE","df","t.ratio","p.value"
"1","NR0 F Order1 - NR1 F Order1",0.399999999999996,1.56507944980775,19,0.255578079470107,1
"2","NR0 F Order1 - NR2 F Order1",1.2,1.89866065443558,19,0.632024473249921,1
"3","NR0 F Order1 - NR3 F Order1",1.2,1.6123427435899,19,0.7442586291102,1
"4","NR0 F Order1 - NR4 F Order1",-0.800000000000003,2.466548124226,19,-0.324339911369474,1
"5","NR0 F Order1 - NR5 F Order1",-1.4,3.28638872886227,19,-0.425999513601263,1
"6","NR0 F Order1 - NR6 F Order1",-2.2,2.86748254403595,19,-0.767223502223497,1
"7","NR0 F Order1 - PR0 F Order1",5.19999999999999,2.65164629431895,19,1.96104586465427,0.994085547313748
"8","NR0 F Order1 - PR1 F Order1",1.99999999999999,2.39333870888318,19,0.83565271918126,1
"9","NR0 F Order1 - PR2 F Order1",2.79999999999999,2.39363190240491,19,1.16977050530903,0.999999921756658
"10","NR0 F Order1 - PR3 F Order1",2.59999999999999,2.24905438218712,19,1.15604141037781,0.999999944590346
"11","NR0 F Order1 - PR4 F Order1",1.4,2.4434660455569,19,0.572956600950399,1
"12","NR0 F Order1 - PR5 F Order1",1.8,2.1787651419691,19,0.826156048362885,1
"13","NR0 F Order1 - PR6 F Order1",3,1.70499781344718,19,1.7595330482768,0.998958460401571
"14","NR0 F Order1 - NR0 M Order1",2.13333333333333,3.4710077408214,19,0.614614974275016,1
"15","NR0 F Order1 - NR1 M Order1",0.799999999999993,3.40496713193984,19,0.234950872945498,1
"16","NR0 F Order1 - NR2 M Order1",1.96666666666667,3.1864937925655,19,0.617188293683531,1
"17","NR0 F Order1 - NR3 M Order1",0.466666666666664,3.3232654975568,19,0.140424130124345,1
"18","NR0 F Order1 - NR4 M Order1",0.633333333333327,3.3613210992352,19,0.188417980501008,1
"19","NR0 F Order1 - NR5 M Order1",0.466666666666662,3.49053859012084,19,0.133694744985044,1
"20","NR0 F Order1 - NR6 M Order1",0.13333333333333,3.50854429086134,19,0.0380024654899246,1
"21","NR0 F Order1 - PR0 M Order1",5.29999999999999,2.7498431640551,19,1.92738264831957,0.99542223463051
"22","NR0 F Order1 - PR1 M Order1",5.13333333333333,2.82784814765553,19,1.81527899140878,0.998226685468737
"23","NR0 F Order1 - PR2 M Order1",3.79999999999999,2.86870592501402,19,1.32463908791258,0.999997666467145
"24","NR0 F Order1 - PR3 M Order1",1.13333333333333,2.92517805725851,19,0.387440802285893,1
"25","NR0 F Order1 - PR4 M Order1",-0.533333333333338,3.03371888816312,19,-0.175801830358865,1
"26","NR0 F Order1 - PR5 M Order1",-0.866666666666671,3.06340406157014,19,-0.282909681272167,1
"27","NR0 F Order1 - PR6 M Order1",0.46666666666666,3.1580584752872,19,0.14777011582226,1
"28","NR0 F Order1 - NR0 F Order2",2.96666666666666,3.4710077408214,19,0.854698948601195,1
"29","NR0 F Order1 - NR1 F Order2",0.799999999999995,3.40496713193984,19,0.234950872945498,1
"30","NR0 F Order1 - NR2 F Order2",2.96666666666666,3.1864937925655,19,0.931012849793801,1
"31","NR0 F Order1 - NR3 F Order2",2.8,3.3232654975568,19,0.842544780746077,1
"32","NR0 F Order1 - NR4 F Order2",2.13333333333333,3.3613210992352,19,0.634671092213928,1
"33","NR0 F Order1 - NR5 F Order2",0.966666666666663,3.49053859012084,19,0.276939114611879,1
"34","NR0 F Order1 - NR6 F Order2",-1.53333333333334,3.50854429086134,19,-0.437028353134145,1
"35","NR0 F Order1 - PR0 F Order2",7.13333333333333,2.7498431640551,19,2.59408733798986,0.867733452330147
"36","NR0 F Order1 - PR1 F Order2",7.63333333333333,2.82784814765553,19,2.6993434352767,0.82188511815314
"37","NR0 F Order1 - PR2 F Order2",6.29999999999999,2.86870592501402,19,2.1961121720656,0.973900786214565
"38","NR0 F Order1 - PR3 F Order2",7.63333333333333,2.92517805725851,19,2.60952775657265,0.861441135741489
"39","NR0 F Order1 - PR4 F Order2",6.3,3.03371888816312,19,2.07665912111408,0.986944193367334
"40","NR0 F Order1 - PR5 F Order2",5.13333333333333,3.06340406157014,19,1.67569580445821,0.999570927551445
"41","NR0 F Order1 - PR6 F Order2",4.96666666666666,3.1580584752872,19,1.57269623267979,0.999877315845773
"42","NR0 F Order1 - NR0 M Order2",-10.5333333333333,3.4710077408214,19,-3.0346614354829,0.641856783084007
"43","NR0 F Order1 - NR1 M Order2",-6.86666666666667,3.40496713193984,19,-2.01666165944887,0.991201559272262
"44","NR0 F Order1 - NR2 M Order2",-3.7,3.1864937925655,19,-1.161150857608,0.999999936938814
"45","NR0 F Order1 - NR3 M Order2",-6.53333333333333,3.3232654975568,19,-1.96593782174085,0.993867437882109
"46","NR0 F Order1 - NR4 M Order2",-4.70000000000001,3.3613210992352,19,-1.39825975003382,0.999991092245219
"47","NR0 F Order1 - NR5 M Order2",-3.03333333333334,3.49053859012084,19,-0.869015842402797,1
"48","NR0 F Order1 - NR6 M Order2",-5.7,3.50854429086134,19,-1.62460539969432,0.99976379859061
"49","NR0 F Order1 - PR0 M Order2",5.96666666666666,2.7498431640551,19,2.16982071729059,0.977369283164348
"50","NR0 F Order1 - PR1 M Order2",8.29999999999999,2.82784814765553,19,2.93509395364147,0.698907666009408
"51","NR0 F Order1 - PR2 M Order2",7.29999999999999,2.86870592501402,19,2.54470140572681,0.886796509051559
"52","NR0 F Order1 - PR3 M Order2",6.46666666666666,2.92517805725851,19,2.21069163657246,0.97181660588728
"53","NR0 F Order1 - PR4 M Order2",2.79999999999999,3.03371888816312,19,0.922959609384033,1
"54","NR0 F Order1 - PR5 M Order2",0.799999999999996,3.06340406157014,19,0.261147398097382,1
"55","NR0 F Order1 - PR6 M Order2",-1.36666666666668,3.1580584752872,19,-0.432755339193771,1
"56","NR1 F Order1 - NR2 F Order1",0.800000000000004,1.33495515398754,19,0.599271067354126,1
"57","NR1 F Order1 - NR3 F Order1",0.800000000000005,1.16739325745177,19,0.685287494075709,1
"58","NR1 F Order1 - NR4 F Order1",-1.2,1.63449654247674,19,-0.734171023807519,1
"59","NR1 F Order1 - NR5 F Order1",-1.8,2.41878612444124,19,-0.744174932132875,1
"60","NR1 F Order1 - NR6 F Order1",-2.6,2.33666428910958,19,-1.11269728052837,1
"61","NR1 F Order1 - PR0 F Order1",4.8,2.72313029370451,19,1.76267731701891,0.998925482014658
"62","NR1 F Order1 - PR1 F Order1",1.6,2.1378789291701,19,0.748405336789162,1
"63","NR1 F Order1 - PR2 F Order1",2.4,2.18013358676489,19,1.10084997294196,1
"64","NR1 F Order1 - PR3 F Order1",2.2,1.90373593922996,19,1.15562245512362,0.999999945177667
"65","NR1 F Order1 - PR4 F Order1",0.999999999999999,1.80107180565429,19,0.555224948200619,1
"66","NR1 F Order1 - PR5 F Order1",1.4,2.10062647297119,19,0.666467845670725,1
"67","NR1 F Order1 - PR6 F Order1",2.6,1.66343546429059,19,1.56303028029334,0.999892028282885
"68","NR1 F Order1 - NR0 M Order1",1.73333333333333,3.39160470222288,19,0.51106584803273,1
"69","NR1 F Order1 - NR1 M Order1",0.399999999999997,3.32398689661811,19,0.120337417818032,1
"70","NR1 F Order1 - NR2 M Order1",1.56666666666667,3.09981135060776,19,0.505407100454517,1
"71","NR1 F Order1 - NR3 M Order1",0.066666666666668,3.24024401651322,19,0.0205745821385412,1
"72","NR1 F Order1 - NR4 M Order1",0.233333333333331,3.27926321777652,19,0.0711541946582565,1
"73","NR1 F Order1 - NR5 M Order1",0.0666666666666662,3.41159015246865,19,0.0195412296575032,1
"74","NR1 F Order1 - NR6 M Order1",-0.266666666666666,3.43001031488739,19,-0.0777451500682793,1
"75","NR1 F Order1 - PR0 M Order1",4.9,2.64891018084774,19,1.84981734580061,0.997585348317872
"76","NR1 F Order1 - PR1 M Order1",4.73333333333333,2.72980088385528,19,1.73394820161699,0.999196225352352
"77","NR1 F Order1 - PR2 M Order1",3.4,2.77210414730558,19,1.22650514530802,0.999999699691814
"78","NR1 F Order1 - PR3 M Order1",0.733333333333331,2.83050426354827,19,0.259082221771338,1
"79","NR1 F Order1 - PR4 M Order1",-0.933333333333334,2.94253938150297,19,-0.317186352441139,1
"80","NR1 F Order1 - PR5 M Order1",-1.26666666666667,2.97313507324216,19,-0.426037376527728,1
"81","NR1 F Order1 - PR6 M Order1",0.0666666666666642,3.07057340779073,19,0.0217114713810509,1
"82","NR1 F Order1 - NR0 F Order2",2.56666666666667,3.39160470222288,19,0.756770582663851,1
"83","NR1 F Order1 - NR1 F Order2",0.399999999999999,3.32398689661811,19,0.120337417818032,1
"84","NR1 F Order1 - NR2 F Order2",2.56666666666667,3.09981135060776,19,0.828007377340378,1
"85","NR1 F Order1 - NR3 F Order2",2.4,3.24024401651322,19,0.740684956987471,1
"86","NR1 F Order1 - NR4 F Order2",1.73333333333333,3.27926321777652,19,0.528574017461339,1
"87","NR1 F Order1 - NR5 F Order2",0.566666666666667,3.41159015246865,19,0.166100452088778,1
"88","NR1 F Order1 - NR6 F Order2",-1.93333333333333,3.43001031488739,19,-0.563652337995025,1
"89","NR1 F Order1 - PR0 F Order2",6.73333333333333,2.64891018084774,19,2.54192587654234,0.887818863167761
"90","NR1 F Order1 - PR1 F Order2",7.23333333333333,2.72980088385528,19,2.64976591373864,0.844326996622928
"91","NR1 F Order1 - PR2 F Order2",5.9,2.77210414730558,19,2.12834716391686,0.982126093793603
"92","NR1 F Order1 - PR3 F Order2",7.23333333333333,2.83050426354827,19,2.55549282383548,0.882771496098574
"93","NR1 F Order1 - PR4 F Order2",5.9,2.94253938150297,19,2.00507087078863,0.991879626224071
"94","NR1 F Order1 - PR5 F Order2",4.73333333333333,2.97313507324216,19,1.59203440702467,0.999842465552745
"95","NR1 F Order1 - PR6 F Order2",4.56666666666666,3.07057340779073,19,1.48723578960204,0.999962944467342
"96","NR1 F Order1 - NR0 M Order2",-10.9333333333333,3.39160470222288,19,-3.2236461183603,0.532134278463345
"97","NR1 F Order1 - NR1 M Order2",-7.26666666666667,3.32398689661811,19,-2.1861297570276,0.975260911039135
"98","NR1 F Order1 - NR2 M Order2",-4.1,3.09981135060776,19,-1.32266113523203,0.999997753922487
"99","NR1 F Order1 - NR3 M Order2",-6.93333333333333,3.24024401651322,19,-2.13975654240825,0.980900936880814
"100","NR1 F Order1 - NR4 M Order2",-5.1,3.27926321777652,19,-1.55522739753048,0.999902741146455
"101","NR1 F Order1 - NR5 M Order2",-3.43333333333333,3.41159015246865,19,-1.00637332736142,1
"102","NR1 F Order1 - NR6 M Order2",-6.1,3.43001031488739,19,-1.77842030781189,0.998746602219373
"103","NR1 F Order1 - PR0 M Order2",5.56666666666666,2.64891018084774,19,2.10149317516124,0.984773811173424
"104","NR1 F Order1 - PR1 M Order2",7.9,2.72980088385528,19,2.89398397030441,0.721852060841439
"105","NR1 F Order1 - PR2 M Order2",6.9,2.77210414730558,19,2.4890839713604,0.906265939597918
"106","NR1 F Order1 - PR3 M Order2",6.06666666666666,2.83050426354827,19,2.14331656192653,0.980505972274836
"107","NR1 F Order1 - PR4 M Order2",2.4,2.94253938150297,19,0.815622049134357,1
"108","NR1 F Order1 - PR5 M Order2",0.4,2.97313507324216,19,0.134538118903493,1
"109","NR1 F Order1 - PR6 M Order2",-1.76666666666667,3.07057340779073,19,-0.57535399159787,1
"110","NR2 F Order1 - NR3 F Order1",1.33226762955019e-15,1.13863568715818,19,1.17005609834282e-15,1
"111","NR2 F Order1 - NR4 F Order1",-2,1.4515569378635,19,-1.37783089855486,0.999993761596466
"112","NR2 F Order1 - NR5 F Order1",-2.6,2.0977013317422,19,-1.23945194707038,0.99999959880923
"113","NR2 F Order1 - NR6 F Order1",-3.4,2.0301240131509,19,-1.6747745349423,0.99957535309746
"114","NR2 F Order1 - PR0 F Order1",3.99999999999999,2.29759599765082,19,1.74095010789095,0.999136316015852
"115","NR2 F Order1 - PR1 F Order1",0.799999999999994,2.01825006709608,19,0.396382991901028,1
"116","NR2 F Order1 - PR2 F Order1",1.59999999999999,1.78108975117886,19,0.898326431299147,1
"117","NR2 F Order1 - PR3 F Order1",1.39999999999999,1.61636369018466,19,0.866141703443025,1
"118","NR2 F Order1 - PR4 F Order1",0.199999999999996,1.52568650064344,19,0.131088529600051,1
"119","NR2 F Order1 - PR5 F Order1",0.599999999999996,1.89283042493084,19,0.31698560636879,1
"120","NR2 F Order1 - PR6 F Order1",1.8,1.39786805089726,19,1.28767518425263,0.999998880248969
"121","NR2 F Order1 - NR0 M Order1",0.933333333333328,3.1264856117855,19,0.298524749263219,1
"122","NR2 F Order1 - NR1 M Order1",-0.400000000000006,3.05300159080376,19,-0.131018601891622,1
"123","NR2 F Order1 - NR2 M Order1",0.766666666666666,2.80726917731772,19,0.27310051806261,1
"124","NR2 F Order1 - NR3 M Order1",-0.733333333333336,2.96160617083216,19,-0.247613386464306,1
"125","NR2 F Order1 - NR4 M Order1",-0.566666666666673,3.0042465072,19,-0.188621894145036,1
"126","NR2 F Order1 - NR5 M Order1",-0.733333333333337,3.14815456942356,19,-0.232940701341616,1
"127","NR2 F Order1 - NR6 M Order1",-1.06666666666667,3.1681067824168,19,-0.33668898806907,1
"128","NR2 F Order1 - PR0 M Order1",4.09999999999999,2.29970758375065,19,1.78283536088237,0.998692115536289
"129","NR2 F Order1 - PR1 M Order1",3.93333333333333,2.39243446933421,19,1.64407150279352,0.999701877474287
"130","NR2 F Order1 - PR2 M Order1",2.59999999999999,2.44059239285674,19,1.06531512906859,1
"131","NR2 F Order1 - PR3 M Order1",-0.0666666666666729,2.50672778947502,19,-0.0265950961833933,1
"132","NR2 F Order1 - PR4 M Order1",-1.73333333333334,2.6325781728673,19,-0.658416662113954,1
"133","NR2 F Order1 - PR5 M Order1",-2.06666666666667,2.66673245532882,19,-0.774980880641751,1
"134","NR2 F Order1 - PR6 M Order1",-0.733333333333339,2.77495060806368,19,-0.264268967960136,1
"135","NR2 F Order1 - NR0 F Order2",1.76666666666666,3.1264856117855,19,0.565064703962523,1
"136","NR2 F Order1 - NR1 F Order2",-0.400000000000005,3.05300159080376,19,-0.131018601891622,1
"137","NR2 F Order1 - NR2 F Order2",1.76666666666666,2.80726917731772,19,0.629318585100796,1
"138","NR2 F Order1 - NR3 F Order2",1.6,2.96160617083216,19,0.540247388649392,1
"139","NR2 F Order1 - NR4 F Order2",0.933333333333327,3.0042465072,19,0.310671355062407,1
"140","NR2 F Order1 - NR5 F Order2",-0.233333333333337,3.14815456942356,19,-0.074117495881424,1
"141","NR2 F Order1 - NR6 F Order2",-2.73333333333334,3.1681067824168,19,-0.862765531926991,1
"142","NR2 F Order1 - PR0 F Order2",5.93333333333333,2.29970758375065,19,2.58003816452895,0.87332278827216
"143","NR2 F Order1 - PR1 F Order2",6.43333333333333,2.39243446933421,19,2.68903220372161,0.826670712307971
"144","NR2 F Order1 - PR2 F Order2",5.09999999999999,2.44059239285674,19,2.08965659932685,0.98584038678736
"145","NR2 F Order1 - PR3 F Order2",6.43333333333333,2.50672778947502,19,2.56642678169721,0.878612592869058
"146","NR2 F Order1 - PR4 F Order2",5.1,2.6325781728673,19,1.93726440968144,0.995058345884221
"147","NR2 F Order1 - PR5 F Order2",3.93333333333333,2.66673245532882,19,1.47496361154397,0.999969206871595
"148","NR2 F Order1 - PR6 F Order2",3.76666666666666,2.77495060806368,19,1.35738151724977,0.999995683409682
"149","NR2 F Order1 - NR0 M Order2",-11.7333333333333,3.1264856117855,19,-3.7528825621662,0.269842911489204
"150","NR2 F Order1 - NR1 M Order2",-8.06666666666667,3.05300159080376,19,-2.642208471481,0.847618683681012
"151","NR2 F Order1 - NR2 M Order2",-4.9,2.80726917731772,19,-1.74546852848712,0.999095658946704
"152","NR2 F Order1 - NR3 M Order2",-7.73333333333333,2.96160617083216,19,-2.6111957118054,0.860752141929916
"153","NR2 F Order1 - NR4 M Order2",-5.90000000000001,3.0042465072,19,-1.96388678021595,0.993959660569471
"154","NR2 F Order1 - NR5 M Order2",-4.23333333333334,3.14815456942356,19,-1.34470313956296,0.999996585270764
"155","NR2 F Order1 - NR6 M Order2",-6.9,3.1681067824168,19,-2.17795689157179,0.976334885194221
"156","NR2 F Order1 - PR0 M Order2",4.76666666666666,2.29970758375065,19,2.07272728948112,0.987264600632468
"157","NR2 F Order1 - PR1 M Order2",7.09999999999999,2.39243446933421,19,2.96768839063577,0.680422091366382
"158","NR2 F Order1 - PR2 M Order2",6.09999999999999,2.44059239285674,19,2.49939318743016,0.902819771295554
"159","NR2 F Order1 - PR3 M Order2",5.26666666666666,2.50672778947502,19,2.10101259848787,0.984818282287663
"160","NR2 F Order1 - PR4 M Order2",1.6,2.6325781728673,19,0.607769226566724,1
"161","NR2 F Order1 - PR5 M Order2",-0.400000000000004,2.66673245532882,19,-0.14999629947905,1
"162","NR2 F Order1 - PR6 M Order2",-2.56666666666668,2.77495060806368,19,-0.92494138786047,1
"163","NR3 F Order1 - NR4 F Order1",-2,1.58612404107756,19,-1.26093543014534,0.999999359860714
"164","NR3 F Order1 - NR5 F Order1",-2.6,2.33403498222405,19,-1.11395074187043,1
"165","NR3 F Order1 - NR6 F Order1",-3.4,2.31857487989588,19,-1.46641802664259,0.999972987730859
"166","NR3 F Order1 - PR0 F Order1",3.99999999999999,2.3966350679907,19,1.66900670587013,0.999602169882035
"167","NR3 F Order1 - PR1 F Order1",0.799999999999993,2.09209036737498,19,0.382392659741454,1
"168","NR3 F Order1 - PR2 F Order1",1.59999999999999,1.91631957192802,19,0.834933809286425,1
"169","NR3 F Order1 - PR3 F Order1",1.39999999999999,1.89004780409237,19,0.74072200553271,1
"170","NR3 F Order1 - PR4 F Order1",0.199999999999995,1.96718696655999,19,0.101668018037824,1
"171","NR3 F Order1 - PR5 F Order1",0.599999999999995,1.72657250979475,19,0.347509297522246,1
"172","NR3 F Order1 - PR6 F Order1",1.79999999999999,1.4159492507508,19,1.2712320014616,0.999999203773511
"173","NR3 F Order1 - NR0 M Order1",0.933333333333326,3.29292170167062,19,0.283436236233559,1
"174","NR3 F Order1 - NR1 M Order1",-0.400000000000008,3.22323436412587,19,-0.124098949940454,1
"175","NR3 F Order1 - NR2 M Order1",0.766666666666665,2.99151822433856,19,0.256280125733207,1
"176","NR3 F Order1 - NR3 M Order1",-0.733333333333337,3.13680285700946,19,-0.233783685734231,1
"177","NR3 F Order1 - NR4 M Order1",-0.566666666666674,3.17709271640835,19,-0.178360128975802,1
"178","NR3 F Order1 - NR5 M Order1",-0.733333333333339,3.31350241370276,19,-0.221316673952217,1
"179","NR3 F Order1 - NR6 M Order1",-1.06666666666667,3.33246479912795,19,-0.320083401014708,1
"180","NR3 F Order1 - PR0 M Order1",4.09999999999999,2.52132425986659,19,1.62612959596753,0.999759394190336
"181","NR3 F Order1 - PR1 M Order1",3.93333333333333,2.60617799520487,19,1.50923434261601,0.999948804034364
"182","NR3 F Order1 - PR2 M Order1",2.59999999999999,2.65045510822231,19,0.980963605810264,1
"183","NR3 F Order1 - PR3 M Order1",-0.0666666666666742,2.7114765835533,19,-0.0245868494941268,1
"184","NR3 F Order1 - PR4 M Order1",-1.73333333333334,2.8282306993753,19,-0.612868438814485,1
"185","NR3 F Order1 - PR5 M Order1",-2.06666666666667,2.860049482253,19,-0.722598220586959,1
"186","NR3 F Order1 - PR6 M Order1",-0.733333333333341,2.96121122681658,19,-0.247646411269926,1
"187","NR3 F Order1 - NR0 F Order2",1.76666666666666,3.29292170167062,19,0.536504304299239,1
"188","NR3 F Order1 - NR1 F Order2",-0.400000000000006,3.22323436412587,19,-0.124098949940454,1
"189","NR3 F Order1 - NR2 F Order2",1.76666666666666,2.99151822433856,19,0.590558550602607,1
"190","NR3 F Order1 - NR3 F Order2",1.6,3.13680285700946,19,0.51007349614741,1
"191","NR3 F Order1 - NR4 F Order2",0.933333333333325,3.17709271640835,19,0.293769624195432,1
"192","NR3 F Order1 - NR5 F Order2",-0.233333333333338,3.31350241370276,19,-0.07041894171207,1
"193","NR3 F Order1 - NR6 F Order2",-2.73333333333334,3.33246479912795,19,-0.820213715100188,1
"194","NR3 F Order1 - PR0 F Order2",5.93333333333333,2.52132425986659,19,2.35326071611561,0.944711512971281
"195","NR3 F Order1 - PR1 F Order2",6.43333333333333,2.60617799520487,19,2.46849345868551,0.912925561991675
"196","NR3 F Order1 - PR2 F Order2",5.09999999999999,2.65045510822231,19,1.92419784216629,0.995534740309607
"197","NR3 F Order1 - PR3 F Order2",6.43333333333333,2.7114765835533,19,2.37263097618297,0.940012193206668
"198","NR3 F Order1 - PR4 F Order2",5.1,2.8282306993753,19,1.80324752189646,0.998413350177122
"199","NR3 F Order1 - PR5 F Order2",3.93333333333333,2.860049482253,19,1.37526758111711,0.999994039148344
"200","NR3 F Order1 - PR6 F Order2",3.76666666666666,2.96121122681658,19,1.27200202152279,0.999999190792293
"201","NR3 F Order1 - NR0 M Order2",-11.7333333333333,3.29292170167062,19,-3.56319839836477,0.352199846268998
"202","NR3 F Order1 - NR1 M Order2",-8.06666666666668,3.22323436412587,19,-2.50266215713245,0.901711478438462
"203","NR3 F Order1 - NR2 M Order2",-4.9,2.99151822433856,19,-1.63796428186007,0.99972267569845
"204","NR3 F Order1 - NR3 M Order2",-7.73333333333334,3.13680285700946,19,-2.46535523137915,0.913914375938865
"205","NR3 F Order1 - NR4 M Order2",-5.90000000000001,3.17709271640835,19,-1.85704369580686,0.997429203103852
"206","NR3 F Order1 - NR5 M Order2",-4.23333333333334,3.31350241370276,19,-1.27760079963325,0.99999909037254
"207","NR3 F Order1 - NR6 M Order2",-6.9,3.33246479912795,19,-2.07053950031389,0.987440221779183
"208","NR3 F Order1 - PR0 M Order2",4.76666666666666,2.52132425986659,19,1.89054091238502,0.996591461944379
"209","NR3 F Order1 - PR1 M Order2",7.09999999999999,2.60617799520487,19,2.72429588963738,0.810059381140049
"210","NR3 F Order1 - PR2 M Order2",6.09999999999999,2.65045510822231,19,2.3014915367087,0.956037592356467
"211","NR3 F Order1 - PR3 M Order2",5.26666666666666,2.7114765835533,19,1.94236111003579,0.994861662990385
"212","NR3 F Order1 - PR4 M Order2",1.59999999999999,2.8282306993753,19,0.565724712751829,1
"213","NR3 F Order1 - PR5 M Order2",-0.400000000000005,2.860049482253,19,-0.139857720113606,1
"214","NR3 F Order1 - PR6 M Order2",-2.56666666666668,2.96121122681658,19,-0.866762439444735,1
"215","NR4 F Order1 - NR5 F Order1",-0.6,1.76575613742162,19,-0.339797771212127,1
"216","NR4 F Order1 - NR6 F Order1",-1.4,1.48690187738884,19,-0.941555069160684,1
"217","NR4 F Order1 - PR0 F Order1",6,2.6211019512023,19,2.28911355288862,0.958486719515308
"218","NR4 F Order1 - PR1 F Order1",2.8,2.19521009664703,19,1.27550433750133,0.999999129248513
"219","NR4 F Order1 - PR2 F Order1",3.6,1.98113913713847,19,1.81713638003224,0.998196284789679
"220","NR4 F Order1 - PR3 F Order1",3.4,1.9222610955066,19,1.76875035755949,0.998859240711277
"221","NR4 F Order1 - PR4 F Order1",2.2,1.99464194562033,19,1.10295484602165,1
"222","NR4 F Order1 - PR5 F Order1",2.6,2.06779821880284,19,1.2573760710101,0.999999406877691
"223","NR4 F Order1 - PR6 F Order1",3.8,1.89681172941389,19,2.00336171538447,0.99197599285541
"224","NR4 F Order1 - NR0 M Order1",2.93333333333333,3.33895140593991,19,0.878519324394781,1
"225","NR4 F Order1 - NR1 M Order1",1.6,3.27024508622467,19,0.489259966092362,1
"226","NR4 F Order1 - NR2 M Order1",2.76666666666667,3.04211183956876,19,0.909455934749217,1
"227","NR4 F Order1 - NR3 M Order1",1.26666666666667,3.18508953118078,19,0.397686361487329,1
"228","NR4 F Order1 - NR4 M Order1",1.43333333333333,3.22477616068925,19,0.444475294380424,1
"229","NR4 F Order1 - NR5 M Order1",1.26666666666667,3.35925012517805,19,0.377068279963085,1
"230","NR4 F Order1 - NR6 M Order1",0.933333333333333,3.37795571245711,19,0.276301234468947,1
"231","NR4 F Order1 - PR0 M Order1",6.1,2.58115074749356,19,2.36328699744617,0.942311007024814
"232","NR4 F Order1 - PR1 M Order1",5.93333333333333,2.6640996416397,19,2.22714392532311,0.969321618335139
"233","NR4 F Order1 - PR2 M Order1",4.6,2.70742967380438,19,1.69902843442513,0.99944467907587
"234","NR4 F Order1 - PR3 M Order1",1.93333333333333,2.76719504571915,19,0.698661750036086,1
"235","NR4 F Order1 - PR4 M Order1",0.266666666666665,2.88169256631994,19,0.0925382081986667,1
"236","NR4 F Order1 - PR5 M Order1",-0.0666666666666678,2.91292742766283,19,-0.0228864838971142,1
"237","NR4 F Order1 - PR6 M Order1",1.26666666666666,3.01231390922648,19,0.420496238053732,1
"238","NR4 F Order1 - NR0 F Order2",3.76666666666667,3.33895140593991,19,1.12809867791603,1
"239","NR4 F Order1 - NR1 F Order2",1.6,3.27024508622467,19,0.489259966092362,1
"240","NR4 F Order1 - NR2 F Order2",3.76666666666667,3.04211183956876,19,1.23817494730917,0.999999610000266
"241","NR4 F Order1 - NR3 F Order2",3.6,3.18508953118078,19,1.13026650106925,1
"242","NR4 F Order1 - NR4 F Order2",2.93333333333333,3.22477616068925,19,0.909623858266916,1
"243","NR4 F Order1 - NR5 F Order2",1.76666666666667,3.35925012517805,19,0.525911022053776,1
"244","NR4 F Order1 - NR6 F Order2",-0.733333333333334,3.37795571245711,19,-0.217093827082745,1
"245","NR4 F Order1 - PR0 F Order2",7.93333333333333,2.58115074749356,19,3.07356451033983,0.619235354483285
"246","NR4 F Order1 - PR1 F Order2",8.43333333333333,2.6640996416397,19,3.16554726464464,0.565667427591959
"247","NR4 F Order1 - PR2 F Order2",7.1,2.70742967380438,19,2.62241345313444,0.856071932099273
"248","NR4 F Order1 - PR3 F Order2",8.43333333333333,2.76719504571915,19,3.04761073722638,0.63433844303631
"249","NR4 F Order1 - PR4 F Order2",7.1,2.88169256631994,19,2.46382979328951,0.914392516947962
"250","NR4 F Order1 - PR5 F Order2",5.93333333333333,2.91292742766283,19,2.03689706684313,0.98991089639691
"251","NR4 F Order1 - PR6 F Order2",5.76666666666666,3.01231390922648,19,1.91436445219199,0.995867942548065
"252","NR4 F Order1 - NR0 M Order2",-9.73333333333334,3.33895140593991,19,-2.91508684912814,0.710131266836848
"253","NR4 F Order1 - NR1 M Order2",-6.06666666666667,3.27024508622467,19,-1.85511070476688,0.997471771865309
"254","NR4 F Order1 - NR2 M Order2",-2.9,3.04211183956876,19,-0.953285136423876,1
"255","NR4 F Order1 - NR3 M Order2",-5.73333333333333,3.18508953118078,19,-1.80005405725843,0.998460012472872
"256","NR4 F Order1 - NR4 M Order2",-3.9,3.22477616068925,19,-1.20938626610488,0.999999797196244
"257","NR4 F Order1 - NR5 M Order2",-2.23333333333334,3.35925012517805,19,-0.664830914671755,1
"258","NR4 F Order1 - NR6 M Order2",-4.9,3.37795571245711,19,-1.45058148096197,0.99997890756463
"259","NR4 F Order1 - PR0 M Order2",6.76666666666666,2.58115074749356,19,2.6215697294075,0.856426743466644
"260","NR4 F Order1 - PR1 M Order2",9.1,2.6640996416397,19,3.41578815513038,0.425967243056435
"261","NR4 F Order1 - PR2 M Order2",8.1,2.70742967380438,19,2.99176746061817,0.666632251157253
"262","NR4 F Order1 - PR3 M Order2",7.26666666666666,2.76719504571915,19,2.62600450875633,0.854556726370728
"263","NR4 F Order1 - PR4 M Order2",3.6,2.88169256631994,19,1.24926581068201,0.999999502338237
"264","NR4 F Order1 - PR5 M Order2",1.6,2.91292742766283,19,0.549275613530732,1
"265","NR4 F Order1 - PR6 M Order2",-0.566666666666673,3.01231390922648,19,-0.188116738076672,1
"266","NR5 F Order1 - NR6 F Order1",-0.8,1.50426294827196,19,-0.531821913794399,1
"267","NR5 F Order1 - PR0 F Order1",6.6,2.87066225014124,19,2.29912104765208,0.956514204495268
"268","NR5 F Order1 - PR1 F Order1",3.4,2.48193472919817,19,1.36989903884315,0.999994584325776
"269","NR5 F Order1 - PR2 F Order1",4.2,2.35930409008116,19,1.7801859529924,0.998725048042314
"270","NR5 F Order1 - PR3 F Order1",4,2.26684725802778,19,1.76456529474337,0.998905249529094
"271","NR5 F Order1 - PR4 F Order1",2.8,2.20278930035407,19,1.27111567118559,0.999999205717848
"272","NR5 F Order1 - PR5 F Order1",3.2,2.20477949726927,19,1.45139230656098,0.999978635545446
"273","NR5 F Order1 - PR6 F Order1",4.4,2.48052060183752,19,1.7738211876735,0.998801298821338
"274","NR5 F Order1 - NR0 M Order1",3.53333333333333,3.49443166073955,19,1.01113247485445,1
"275","NR5 F Order1 - NR1 M Order1",2.2,3.42884223380538,19,0.641615988717685,1
"276","NR5 F Order1 - NR2 M Order1",3.36666666666667,3.21199324171072,19,1.04815496587831,1
"277","NR5 F Order1 - NR3 M Order1",1.86666666666667,3.34772332518509,19,0.55759287293058,1
"278","NR5 F Order1 - NR4 M Order1",2.03333333333333,3.38550401371799,19,0.600599888552579,1
"279","NR5 F Order1 - NR5 M Order1",1.86666666666667,3.51383231584258,19,0.531233849222272,1
"280","NR5 F Order1 - NR6 M Order1",1.53333333333333,3.5317192605971,19,0.43416059437128,1
"281","NR5 F Order1 - PR0 M Order1",6.7,2.77935160093814,19,2.41063419170805,0.930042545352395
"282","NR5 F Order1 - PR1 M Order1",6.53333333333333,2.85655089941273,19,2.28714052834714,0.958868097913298
"283","NR5 F Order1 - PR2 M Order1",5.2,2.89700389695067,19,1.79495788924323,0.99853207429109
"284","NR5 F Order1 - PR3 M Order1",2.53333333333333,2.95293490639457,19,0.857903548042121,1
"285","NR5 F Order1 - PR4 M Order1",0.866666666666665,3.06049149437382,19,0.283178916935362,1
"286","NR5 F Order1 - PR5 M Order1",0.533333333333332,3.0899194713101,19,0.172604282501642,1
"287","NR5 F Order1 - PR6 M Order1",1.86666666666666,3.18378567558656,19,0.58630412247293,1
"288","NR5 F Order1 - NR0 F Order2",4.36666666666667,3.49443166073955,19,1.24960711515031,0.999999498625872
"289","NR5 F Order1 - NR1 F Order2",2.2,3.42884223380538,19,0.641615988717685,1
"290","NR5 F Order1 - NR2 F Order2",4.36666666666667,3.21199324171072,19,1.35948812405999,0.999995514027083
"291","NR5 F Order1 - NR3 F Order2",4.2,3.34772332518509,19,1.2545839640938,0.99999944150335
"292","NR5 F Order1 - NR4 F Order2",3.53333333333333,3.38550401371798,19,1.04366538010776,1
"293","NR5 F Order1 - NR5 F Order2",2.36666666666667,3.51383231584258,19,0.673528630263952,1
"294","NR5 F Order1 - NR6 F Order2",-0.133333333333334,3.5317192605971,19,-0.0377530951627202,1
"295","NR5 F Order1 - PR0 F Order2",8.53333333333333,2.77935160093814,19,3.07026046307095,0.62115997134592
"296","NR5 F Order1 - PR1 F Order2",9.03333333333333,2.85655089941273,19,3.16232185296977,0.567539574869902
"297","NR5 F Order1 - PR2 F Order2",7.7,2.89700389695067,19,2.65791841291787,0.840736948200486
"298","NR5 F Order1 - PR3 F Order2",9.03333333333333,2.95293490639457,19,3.05910344104493,0.627655272280886
"299","NR5 F Order1 - PR4 F Order2",7.7,3.06049149437382,19,2.51593576200264,0.897134615445102
"300","NR5 F Order1 - PR5 F Order2",6.53333333333333,3.0899194713101,19,2.11440246064512,0.983541394650279
"301","NR5 F Order1 - PR6 F Order2",6.36666666666666,3.18378567558656,19,1.9997158462916,0.99217849664468
"302","NR5 F Order1 - NR0 M Order2",-9.13333333333334,3.49443166073955,19,-2.61368205764264,0.859721761255359
"303","NR5 F Order1 - NR1 M Order2",-5.46666666666667,3.42884223380538,19,-1.59431851741971,0.999837821136761
"304","NR5 F Order1 - NR2 M Order2",-2.3,3.21199324171072,19,-0.716066263817857,1
"305","NR5 F Order1 - NR3 M Order2",-5.13333333333333,3.34772332518509,19,-1.53338040055909,0.999927892704511
"306","NR5 F Order1 - NR4 M Order2",-3.3,3.38550401371799,19,-0.974744081421401,1
"307","NR5 F Order1 - NR5 M Order2",-1.63333333333334,3.51383231584258,19,-0.464829618069489,1
"308","NR5 F Order1 - NR6 M Order2",-4.3,3.5317192605971,19,-1.21753731899772,0.999999755175021
"309","NR5 F Order1 - PR0 M Order2",7.36666666666666,2.77935160093814,19,2.65049829038547,0.844006161148151
"310","NR5 F Order1 - PR1 M Order2",9.7,2.85655089941273,19,3.39570353953581,0.43660114711104
"311","NR5 F Order1 - PR2 M Order2",8.7,2.89700389695067,19,3.00310262238772,0.660108182477804
"312","NR5 F Order1 - PR3 M Order2",7.86666666666666,2.95293490639457,19,2.66401628076238,0.838025361696549
"313","NR5 F Order1 - PR4 M Order2",4.2,3.06049149437382,19,1.37232859745599,0.999994343499557
"314","NR5 F Order1 - PR5 M Order2",2.2,3.0899194713101,19,0.711992665319274,1
"315","NR5 F Order1 - PR6 M Order2",0.033333333333327,3.18378567558656,19,0.0104697164727289,1
"316","NR6 F Order1 - PR0 F Order1",7.4,2.78473281341411,19,2.65734650173764,0.84099011432006
"317","NR6 F Order1 - PR1 F Order1",4.2,2.52489360554029,19,1.66343642788911,0.999626658285312
"318","NR6 F Order1 - PR2 F Order1",5,2.13286727365243,19,2.34426214034301,0.946808085931952
"319","NR6 F Order1 - PR3 F Order1",4.8,2.21113608966466,19,2.17082974785507,0.977242862080711
"320","NR6 F Order1 - PR4 F Order1",3.6,2.39487757442656,19,1.50320836373525,0.999953091721771
"321","NR6 F Order1 - PR5 F Order1",4,2.35491274468667,19,1.69857673454148,0.999447398527614
"322","NR6 F Order1 - PR6 F Order1",5.2,2.30552349727588,19,2.25545304836152,0.964660589617961
"323","NR6 F Order1 - NR0 M Order1",4.33333333333333,3.51600351276195,19,1.23245989874718,0.999999656637459
"324","NR6 F Order1 - NR1 M Order1",3,3.4508241239598,19,0.869357548294149,1
"325","NR6 F Order1 - NR2 M Order1",4.16666666666667,3.23544875635062,19,1.28781723354086,0.999998876989851
"326","NR6 F Order1 - NR3 M Order1",2.66666666666667,3.37023434380515,19,0.79124072531285,1
"327","NR6 F Order1 - NR4 M Order1",2.83333333333333,3.4077654697875,19,0.831434369076464,1
"328","NR6 F Order1 - NR5 M Order1",2.66666666666666,3.53528578958407,19,0.754300168468247,1
"329","NR6 F Order1 - NR6 M Order1",2.33333333333333,3.55306473426083,19,0.656710053952551,1
"330","NR6 F Order1 - PR0 M Order1",7.5,2.80642537613471,19,2.67243877702166,0.834243489570826
"331","NR6 F Order1 - PR1 M Order1",7.33333333333333,2.88289977472529,19,2.54373509534584,0.887153044380457
"332","NR6 F Order1 - PR2 M Order1",6,2.9229881370137,19,2.05269392784124,0.988803384984486
"333","NR6 F Order1 - PR3 M Order1",3.33333333333333,2.97843123667124,19,1.11915739141211,1
"334","NR6 F Order1 - PR4 M Order1",1.66666666666666,3.0850990676654,19,0.540231166037688,1
"335","NR6 F Order1 - PR5 M Order1",1.33333333333333,3.11429452835738,19,0.428133344869148,1
"336","NR6 F Order1 - PR6 M Order1",2.66666666666666,3.20744747396518,19,0.831398390250182,1
"337","NR6 F Order1 - NR0 F Order2",5.16666666666667,3.51600351276195,19,1.46947141773702,0.999971687683734
"338","NR6 F Order1 - NR1 F Order2",3,3.4508241239598,19,0.869357548294149,1
"339","NR6 F Order1 - NR2 F Order2",5.16666666666667,3.23544875635062,19,1.59689336959067,0.999832441172903
"340","NR6 F Order1 - NR3 F Order2",5,3.37023434380515,19,1.48357635996159,0.999964921875737
"341","NR6 F Order1 - NR4 F Order2",4.33333333333333,3.4077654697875,19,1.27160550564636,0.999999197501059
"342","NR6 F Order1 - NR5 F Order2",3.16666666666667,3.53528578958407,19,0.895731450056043,1
"343","NR6 F Order1 - NR6 F Order2",0.666666666666666,3.55306473426083,19,0.187631443986443,1
"344","NR6 F Order1 - PR0 F Order2",9.33333333333333,2.80642537613471,19,3.32570158918251,0.47459995516663
"345","NR6 F Order1 - PR1 F Order2",9.83333333333333,2.88289977472529,19,3.41091751421374,0.428534272920355
"346","NR6 F Order1 - PR2 F Order2",8.5,2.9229881370137,19,2.90798306444176,0.714090936746076
"347","NR6 F Order1 - PR3 F Order2",9.83333333333333,2.97843123667124,19,3.30151430466573,0.488033330905758
"348","NR6 F Order1 - PR4 F Order2",8.5,3.0850990676654,19,2.75517894679221,0.79496492934386
"349","NR6 F Order1 - PR5 F Order2",7.33333333333333,3.11429452835738,19,2.35473339678032,0.944363189870142
"350","NR6 F Order1 - PR6 F Order2",7.16666666666666,3.20744747396518,19,2.23438317379737,0.968174587064968
"351","NR6 F Order1 - NR0 M Order2",-8.33333333333334,3.51600351276195,19,-2.37011518989843,0.940637002420864
"352","NR6 F Order1 - NR1 M Order2",-4.66666666666667,3.4508241239598,19,-1.35233396401312,0.99999606569891
"353","NR6 F Order1 - NR2 M Order2",-1.5,3.23544875635062,19,-0.463614204074709,1
"354","NR6 F Order1 - NR3 M Order2",-4.33333333333333,3.37023434380515,19,-1.28576617863338,0.999998923211489
"355","NR6 F Order1 - NR4 M Order2",-2.5,3.4077654697875,19,-0.733618560949823,1
"356","NR6 F Order1 - NR5 M Order2",-0.833333333333336,3.53528578958407,19,-0.235718802646328,1
"357","NR6 F Order1 - NR6 M Order2",-3.5,3.55306473426083,19,-0.985065080928827,1
"358","NR6 F Order1 - PR0 M Order2",8.16666666666666,2.80642537613471,19,2.90998889053469,0.712974297017277
"359","NR6 F Order1 - PR1 M Order2",10.5,2.88289977472529,19,3.64216615924518,0.316109530936336
"360","NR6 F Order1 - PR2 M Order2",9.5,2.9229881370137,19,3.25009871908196,0.517023665949466
"361","NR6 F Order1 - PR3 M Order2",8.66666666666666,2.97843123667124,19,2.90980921767149,0.713074366357818
"362","NR6 F Order1 - PR4 M Order2",5,3.0850990676654,19,1.62069349811306,0.999774780673772
"363","NR6 F Order1 - PR5 M Order2",3,3.11429452835738,19,0.963300025955584,1
"364","NR6 F Order1 - PR6 M Order2",0.833333333333327,3.20744747396518,19,0.25981199695318,1
"365","PR0 F Order1 - PR1 F Order1",-3.2,1.23316736673736,19,-2.5949437897196,0.867388508549526
"366","PR0 F Order1 - PR2 F Order1",-2.4,1.28500119462024,19,-1.86770254381692,0.997183613832419
"367","PR0 F Order1 - PR3 F Order1",-2.6,1.55946459548186,19,-1.66723887642773,0.999610088708162
"368","PR0 F Order1 - PR4 F Order1",-3.8,2.09586058194417,19,-1.8130976996929,0.998261835971546
"369","PR0 F Order1 - PR5 F Order1",-3.4,1.93816697631297,19,-1.75423482163952,0.999012094532306
"370","PR0 F Order1 - PR6 F Order1",-2.2,1.91338773686332,19,-1.14979309086956,1
"371","PR0 F Order1 - NR0 M Order1",-3.06666666666667,2.58154720369632,19,-1.18791810673682,0.999999878011539
"372","PR0 F Order1 - NR1 M Order1",-4.4,2.49204582575458,19,-1.76561761205483,0.998893832199296
"373","PR0 F Order1 - NR2 M Order1",-3.23333333333333,2.18408651800442,19,-1.48040533498993,0.999966558200918
"374","PR0 F Order1 - NR3 M Order1",-4.73333333333333,2.37919835140361,19,-1.98946562422629,0.992726111892902
"375","PR0 F Order1 - NR4 M Order1",-4.56666666666667,2.43207129012164,19,-1.87768618675576,0.996936218877952
"376","PR0 F Order1 - NR5 M Order1",-4.73333333333333,2.60774823884381,19,-1.81510364491012,0.99822953303146
"377","PR0 F Order1 - NR6 M Order1",-5.06666666666666,2.63180057546271,19,-1.92517119796429,0.995500598074903
"378","PR0 F Order1 - PR0 M Order1",0.1,1.47584845257593,19,0.0677576344816852,1
"379","PR0 F Order1 - PR1 M Order1",-0.0666666666666667,1.6165445784973,19,-0.0412402278003608,1
"380","PR0 F Order1 - PR2 M Order1",-1.4,1.6869987884645,19,-0.829876114655821,1
"381","PR0 F Order1 - PR3 M Order1",-4.06666666666667,1.78133598592092,19,-2.2829307322191,0.959673620299714
"382","PR0 F Order1 - PR4 M Order1",-5.73333333333333,1.95446706814616,19,-2.93345097841505,0.699833133713417
"383","PR0 F Order1 - PR5 M Order1",-6.06666666666666,2.00023390445083,19,-3.03297861973412,0.642832745760813
"384","PR0 F Order1 - PR6 M Order1",-4.73333333333333,2.1423875843095,19,-2.2093730228832,0.972009952315182
"385","PR0 F Order1 - NR0 F Order2",-2.23333333333333,2.58154720369632,19,-0.865114273384424,1
"386","PR0 F Order1 - NR1 F Order2",-4.4,2.49204582575458,19,-1.76561761205483,0.998893832199296
"387","PR0 F Order1 - NR2 F Order2",-2.23333333333333,2.18408651800442,19,-1.02254801488995,1
"388","PR0 F Order1 - NR3 F Order2",-2.4,2.37919835140361,19,-1.00874313341051,1
"389","PR0 F Order1 - NR4 F Order2",-3.06666666666667,2.43207129012164,19,-1.26092795023015,0.999999359963031
"390","PR0 F Order1 - NR5 F Order2",-4.23333333333333,2.60774823884381,19,-1.62336734439144,0.999767323952491
"391","PR0 F Order1 - NR6 F Order2",-6.73333333333333,2.63180057546271,19,-2.55845119729466,0.881654223330565
"392","PR0 F Order1 - PR0 F Order2",1.93333333333333,1.47584845257593,19,1.30998093331258,0.999998246858832
"393","PR0 F Order1 - PR1 F Order2",2.43333333333333,1.6165445784973,19,1.50526831471317,0.999951663594914
"394","PR0 F Order1 - PR2 F Order2",1.1,1.6869987884645,19,0.652045518658145,1
"395","PR0 F Order1 - PR3 F Order2",2.43333333333333,1.78133598592092,19,1.36601592993438,0.999994949882651
"396","PR0 F Order1 - PR4 F Order2",1.1,1.95446706814616,19,0.562813269114516,1
"397","PR0 F Order1 - PR5 F Order2",-0.0666666666666642,2.00023390445083,19,-0.0333294353816923,1
"398","PR0 F Order1 - PR6 F Order2",-0.233333333333334,2.1423875843095,19,-0.108912754649172,1
"399","PR0 F Order1 - NR0 M Order2",-15.7333333333333,2.58154720369632,19,-6.09453637369326,0.00399322111780231
"400","PR0 F Order1 - NR1 M Order2",-12.0666666666667,2.49204582575458,19,-4.84207254215036,0.042847183491411
"401","PR0 F Order1 - NR2 M Order2",-8.9,2.18408651800442,19,-4.07493014888983,0.1639362734565
"402","PR0 F Order1 - NR3 M Order2",-11.7333333333333,2.37919835140361,19,-4.93163309667362,0.0363100369414814
"403","PR0 F Order1 - NR4 M Order2",-9.9,2.43207129012164,19,-4.07060436106907,0.165091312989778
"404","PR0 F Order1 - NR5 M Order2",-8.23333333333333,2.60774823884381,19,-3.15725774854084,0.570480635759061
"405","PR0 F Order1 - NR6 M Order2",-10.9,2.63180057546271,19,-4.14165119562056,0.146965792333267
"406","PR0 F Order1 - PR0 M Order2",0.766666666666665,1.47584845257593,19,0.519475197692917,1
"407","PR0 F Order1 - PR1 M Order2",3.1,1.6165445784973,19,1.91767059271677,0.995758267220733
"408","PR0 F Order1 - PR2 M Order2",2.1,1.6869987884645,19,1.24481417198373,0.999999548486685
"409","PR0 F Order1 - PR3 M Order2",1.26666666666667,1.78133598592092,19,0.711076785445293,1
"410","PR0 F Order1 - PR4 M Order2",-2.4,1.95446706814616,19,-1.22795622352258,0.999999689687735
"411","PR0 F Order1 - PR5 M Order2",-4.4,2.00023390445083,19,-2.19974273519178,0.973392743320715
"412","PR0 F Order1 - PR6 M Order2",-6.56666666666667,2.1423875843095,19,-3.0651160951267,0.624155645930248
"413","PR1 F Order1 - PR2 F Order1",0.8,1.15834122173257,19,0.690642778648083,1
"414","PR1 F Order1 - PR3 F Order1",0.6,1.06639250862717,19,0.562644612697456,1
"415","PR1 F Order1 - PR4 F Order1",-0.599999999999998,1.62664222012116,19,-0.368858002440947,1
"416","PR1 F Order1 - PR5 F Order1",-0.199999999999998,1.85755923614551,19,-0.107668168049921,1
"417","PR1 F Order1 - PR6 F Order1",1,1.78296028234536,19,0.560864989479502,1
"418","PR1 F Order1 - NR0 M Order1",0.133333333333334,2.68076318015415,19,0.0497370802167115,1
"419","PR1 F Order1 - NR1 M Order1",-1.2,2.59468642822571,19,-0.462483630756329,1
"420","PR1 F Order1 - NR2 M Order1",-0.0333333333333281,2.30050846146815,19,-0.0144895504153266,1
"421","PR1 F Order1 - NR3 M Order1",-1.53333333333333,2.48650157017435,19,-0.616662925825465,1
"422","PR1 F Order1 - NR4 M Order1",-1.36666666666667,2.53713933858427,19,-0.538664410693845,1
"423","PR1 F Order1 - NR5 M Order1",-1.53333333333333,2.70600372142222,19,-0.566641250784181,1
"424","PR1 F Order1 - NR6 M Order1",-1.86666666666666,2.72919027042157,19,-0.683963550250503,1
"425","PR1 F Order1 - PR0 M Order1",3.3,1.64323884999371,19,2.00822905325822,0.991699137629917
"426","PR1 F Order1 - PR1 M Order1",3.13333333333333,1.77068394622725,19,1.76956104448196,0.99885014071762
"427","PR1 F Order1 - PR2 M Order1",1.8,1.83523027858593,19,0.980803347134684,1
"428","PR1 F Order1 - PR3 M Order1",-0.866666666666667,1.92230672835912,19,-0.45084723154793,1
"429","PR1 F Order1 - PR4 M Order1",-2.53333333333333,2.08375785148508,19,-1.21575226772527,0.999999765015032
"430","PR1 F Order1 - PR5 M Order1",-2.86666666666666,2.12674421021253,19,-1.34791323418259,0.999996374870677
"431","PR1 F Order1 - PR6 M Order1",-1.53333333333333,2.26095772286025,19,-0.678178684116912,1
"432","PR1 F Order1 - NR0 F Order2",0.966666666666668,2.68076318015415,19,0.360593831571159,1
"433","PR1 F Order1 - NR1 F Order2",-1.2,2.59468642822571,19,-0.462483630756329,1
"434","PR1 F Order1 - NR2 F Order2",0.966666666666671,2.30050846146815,19,0.420196962044538,1
"435","PR1 F Order1 - NR3 F Order2",0.800000000000004,2.48650157017435,19,0.321737178691549,1
"436","PR1 F Order1 - NR4 F Order2",0.133333333333333,2.53713933858427,19,0.0525526254335456,1
"437","PR1 F Order1 - NR5 F Order2",-1.03333333333333,2.70600372142221,19,-0.381866929876295,1
"438","PR1 F Order1 - NR6 F Order2",-3.53333333333333,2.72919027042157,19,-1.2946452915456,0.999998709626335
"439","PR1 F Order1 - PR0 F Order2",5.13333333333333,1.64323884999371,19,3.1239118606239,0.589886464766896
"440","PR1 F Order1 - PR1 F Order2",5.63333333333333,1.77068394622725,19,3.18144485656864,0.55645348426627
"441","PR1 F Order1 - PR2 F Order2",4.3,1.83523027858593,19,2.34303021815508,0.947090870959636
"442","PR1 F Order1 - PR3 F Order2",5.63333333333333,1.92230672835912,19,2.93050700506154,0.7014897932484
"443","PR1 F Order1 - PR4 F Order2",4.3,2.08375785148508,19,2.06357950706,0.987986431080997
"444","PR1 F Order1 - PR5 F Order2",3.13333333333334,2.12674421021253,19,1.47330051178097,0.999969977951065
"445","PR1 F Order1 - PR6 F Order2",2.96666666666667,2.26095772286025,19,1.3121283236175,0.999998171080452
"446","PR1 F Order1 - NR0 M Order2",-12.5333333333333,2.68076318015415,19,-4.67528554037088,0.0581040767419752
"447","PR1 F Order1 - NR1 M Order2",-8.86666666666667,2.59468642822571,19,-3.41724016058843,0.425203454341266
"448","PR1 F Order1 - NR2 M Order2",-5.7,2.30050846146815,19,-2.47771312102123,0.909980474682057
"449","PR1 F Order1 - NR3 M Order2",-8.53333333333333,2.48650157017435,19,-3.43186323937651,0.417549756673574
"450","PR1 F Order1 - NR4 M Order2",-6.7,2.53713933858427,19,-2.64076942803568,0.84824147085541
"451","PR1 F Order1 - NR5 M Order2",-5.03333333333333,2.70600372142222,19,-1.86006149713938,0.997361552467872
"452","PR1 F Order1 - NR6 M Order2",-7.7,2.72919027042157,19,-2.82134964478333,0.761080618337023
"453","PR1 F Order1 - PR0 M Order2",3.96666666666667,1.64323884999371,19,2.41393189230029,0.92913010393099
"454","PR1 F Order1 - PR1 M Order2",6.3,1.77068394622725,19,3.55794720645842,0.354688304665403
"455","PR1 F Order1 - PR2 M Order2",5.3,1.83523027858593,19,2.88792096656324,0.725195283959177
"456","PR1 F Order1 - PR3 M Order2",4.46666666666667,1.92230672835912,19,2.32359727028548,0.951417720106701
"457","PR1 F Order1 - PR4 M Order2",0.800000000000001,2.08375785148508,19,0.38392176875535,1
"458","PR1 F Order1 - PR5 M Order2",-1.2,2.12674421021253,19,-0.564242749192711,1
"459","PR1 F Order1 - PR6 M Order2",-3.36666666666667,2.26095772286025,19,-1.48904450208279,0.999961930661831
"460","PR2 F Order1 - PR3 F Order1",-0.2,0.964092155455342,19,-0.207449048172723,1
"461","PR2 F Order1 - PR4 F Order1",-1.4,1.48690187738884,19,-0.941555069160683,1
"462","PR2 F Order1 - PR5 F Order1",-0.999999999999998,1.42040271037798,19,-0.704025691230825,1
"463","PR2 F Order1 - PR6 F Order1",0.200000000000001,1.54511113550211,19,0.129440527224605,1
"464","PR2 F Order1 - NR0 M Order1",-0.666666666666666,2.73235968966097,19,-0.243989350739318,1
"465","PR2 F Order1 - NR1 M Order1",-2,2.64796070711647,19,-0.755298216708784,1
"466","PR2 F Order1 - NR2 M Order1",-0.833333333333328,2.36043161877242,19,-0.353042776882779,1
"467","PR2 F Order1 - NR3 M Order1",-2.33333333333333,2.54204411922641,19,-0.917896473820213,1
"468","PR2 F Order1 - NR4 M Order1",-2.16666666666667,2.59159685696017,19,-0.836035381370261,1
"469","PR2 F Order1 - NR5 M Order1",-2.33333333333333,2.75712792339509,19,-0.846291285048573,1
"470","PR2 F Order1 - NR6 M Order1",-2.66666666666666,2.77988808727578,19,-0.959271230691856,1
"471","PR2 F Order1 - PR0 M Order1",2.5,1.72613213971083,19,1.44832480809888,0.999979648274978
"472","PR2 F Order1 - PR1 M Order1",2.33333333333333,1.84786901133195,19,1.26271576557878,0.999999335073332
"473","PR2 F Order1 - PR2 M Order1",1,1.90980847758424,19,0.523612713911985,1
"474","PR2 F Order1 - PR3 M Order1",-1.66666666666667,1.99363020731247,19,-0.835995893598256,1
"475","PR2 F Order1 - PR4 M Order1",-3.33333333333333,2.14973138536882,19,-1.55058132193639,0.999908661885377
"476","PR2 F Order1 - PR5 M Order1",-3.66666666666666,2.19142400764584,19,-1.67318905600821,0.99958287657545
"477","PR2 F Order1 - PR6 M Order1",-2.33333333333333,2.32190182182095,19,-1.00492333974027,1
"478","PR2 F Order1 - NR0 F Order2",0.166666666666668,2.73235968966097,19,0.0609973376848303,1
"479","PR2 F Order1 - NR1 F Order2",-2,2.64796070711647,19,-0.755298216708784,1
"480","PR2 F Order1 - NR2 F Order2",0.166666666666671,2.36043161877242,19,0.070608555376558,1
"481","PR2 F Order1 - NR3 F Order2",4.19562551294455e-15,2.54204411922641,19,1.65049279877226e-15,1
"482","PR2 F Order1 - NR4 F Order2",-0.666666666666667,2.59159685696017,19,-0.257241655806234,1
"483","PR2 F Order1 - NR5 F Order2",-1.83333333333333,2.75712792339509,19,-0.664943152538164,1
"484","PR2 F Order1 - NR6 F Order2",-4.33333333333333,2.77988808727578,19,-1.55881574987427,0.999897937714848
"485","PR2 F Order1 - PR0 F Order2",4.33333333333333,1.72613213971083,19,2.51042966737139,0.899048078937012
"486","PR2 F Order1 - PR1 F Order2",4.83333333333333,1.84786901133195,19,2.61562551441319,0.858913594638344
"487","PR2 F Order1 - PR2 F Order2",3.5,1.90980847758424,19,1.83264449869195,0.997924936964612
"488","PR2 F Order1 - PR3 F Order2",4.83333333333333,1.99363020731247,19,2.42438809143494,0.926186661953749
"489","PR2 F Order1 - PR4 F Order2",3.5,2.14973138536882,19,1.62811038803321,0.999753562924847
"490","PR2 F Order1 - PR5 F Order2",2.33333333333334,2.19142400764584,19,1.06475667200523,1
"491","PR2 F Order1 - PR6 F Order2",2.16666666666667,2.32190182182095,19,0.933143101187397,1
"492","PR2 F Order1 - NR0 M Order2",-13.3333333333333,2.73235968966097,19,-4.87978701478637,0.0399680397842611
"493","PR2 F Order1 - NR1 M Order2",-9.66666666666667,2.64796070711647,19,-3.65060804742579,0.31240177986959
"494","PR2 F Order1 - NR2 M Order2",-6.5,2.36043161877242,19,-2.75373365968569,0.795682166254958
"495","PR2 F Order1 - NR3 M Order2",-9.33333333333333,2.54204411922641,19,-3.67158589528086,0.303315969211827
"496","PR2 F Order1 - NR4 M Order2",-7.5,2.59159685696017,19,-2.89396862782013,0.72186053503934
"497","PR2 F Order1 - NR5 M Order2",-5.83333333333333,2.75712792339509,19,-2.11572821262143,0.98341064580434
"498","PR2 F Order1 - NR6 M Order2",-8.5,2.77988808727578,19,-3.05767704783029,0.628485199659123
"499","PR2 F Order1 - PR0 M Order2",3.16666666666667,1.72613213971083,19,1.83454475692525,0.997889449473427
"500","PR2 F Order1 - PR1 M Order2",5.5,1.84786901133195,19,2.9764014474357,0.675443948778905
"501","PR2 F Order1 - PR2 M Order2",4.5,1.90980847758424,19,2.35625721260393,0.944001226350997
"502","PR2 F Order1 - PR3 M Order2",3.66666666666667,1.99363020731247,19,1.83919096591616,0.997800535286367
"503","PR2 F Order1 - PR4 M Order2",1.19782656016199e-15,2.14973138536882,19,5.57198247331946e-16,1
"504","PR2 F Order1 - PR5 M Order2",-2,2.19142400764584,19,-0.912648576004477,1
"505","PR2 F Order1 - PR6 M Order2",-4.16666666666667,2.32190182182095,19,-1.79450596382192,0.998538324680098
"506","PR3 F Order1 - PR4 F Order1",-1.2,1.14616063905821,19,-1.04697366067817,1
"507","PR3 F Order1 - PR5 F Order1",-0.799999999999998,1.56148826893931,19,-0.512331738837476,1
"508","PR3 F Order1 - PR6 F Order1",0.400000000000001,1.55156966361573,19,0.257803442139912,1
"509","PR3 F Order1 - NR0 M Order1",-0.466666666666667,2.80328754369429,19,-0.16647120903326,1
"510","PR3 F Order1 - NR1 M Order1",-1.8,2.7210893931255,19,-0.661499767169531,1
"511","PR3 F Order1 - NR2 M Order1",-0.633333333333328,2.44218529310287,19,-0.259330581967701,1
"512","PR3 F Order1 - NR3 M Order1",-2.13333333333333,2.61813290018687,19,-0.814830039063739,1
"513","PR3 F Order1 - NR4 M Order1",-1.96666666666667,2.66627190060452,19,-0.737609193653795,1
"514","PR3 F Order1 - NR5 M Order1",-2.13333333333333,2.82743452000436,19,-0.75451202078768,1
"515","PR3 F Order1 - NR6 M Order1",-2.46666666666666,2.84963319687379,19,-0.865608482303174,1
"516","PR3 F Order1 - PR0 M Order1",2.7,1.8363452133763,19,1.47031178034101,0.999971320140205
"517","PR3 F Order1 - PR1 M Order1",2.53333333333333,1.95121794323143,19,1.29833437731607,0.999998609931758
"518","PR3 F Order1 - PR2 M Order1",1.2,2.00997512422418,19,0.597022314125994,1
"519","PR3 F Order1 - PR3 M Order1",-1.46666666666667,2.08978299889155,19,-0.701827255482799,1
"520","PR3 F Order1 - PR4 M Order1",-3.13333333333333,2.23919106111719,19,-1.39931486318547,0.999990929647279
"521","PR3 F Order1 - PR5 M Order1",-3.46666666666667,2.27924784967189,19,-1.5209695896678,0.999939436360015
"522","PR3 F Order1 - PR6 M Order1",-2.13333333333333,2.40496562327257,19,-0.887053566458215,1
"523","PR3 F Order1 - NR0 F Order2",0.366666666666668,2.80328754369429,19,0.130798807097562,1
"524","PR3 F Order1 - NR1 F Order2",-1.8,2.7210893931255,19,-0.661499767169531,1
"525","PR3 F Order1 - NR2 F Order2",0.36666666666667,2.44218529310287,19,0.150138757981303,1
"526","PR3 F Order1 - NR3 F Order2",0.200000000000004,2.61813290018687,19,0.0763903161622271,1
"527","PR3 F Order1 - NR4 F Order2",-0.466666666666668,2.66627190060452,19,-0.175025910358528,1
"528","PR3 F Order1 - NR5 F Order2",-1.63333333333333,2.82743452000436,19,-0.577673265915567,1
"529","PR3 F Order1 - NR6 F Order2",-4.13333333333333,2.84963319687379,19,-1.45047907845397,0.999978941695936
"530","PR3 F Order1 - PR0 F Order2",4.53333333333333,1.8363452133763,19,2.46867163118984,0.912869214201711
"531","PR3 F Order1 - PR1 F Order2",5.03333333333333,1.95121794323143,19,2.5795854075622,0.873500736169497
"532","PR3 F Order1 - PR2 F Order2",3.7,2.00997512422418,19,1.84081880188848,0.997768651649503
"533","PR3 F Order1 - PR3 F Order2",5.03333333333333,2.08978299889155,19,2.40854353586142,0.930617074798945
"534","PR3 F Order1 - PR4 F Order2",3.7,2.23919106111719,19,1.6523824448254,0.999671392213059
"535","PR3 F Order1 - PR5 F Order2",2.53333333333334,2.27924784967189,19,1.11147777706493,1
"536","PR3 F Order1 - PR6 F Order2",2.36666666666667,2.40496562327257,19,0.984075050289581,1
"537","PR3 F Order1 - NR0 M Order2",-13.1333333333333,2.80328754369429,19,-4.68497545422175,0.057093335163794
"538","PR3 F Order1 - NR1 M Order2",-9.46666666666667,2.7210893931255,19,-3.4789987754842,0.39337289030875
"539","PR3 F Order1 - NR2 M Order2",-6.3,2.44218529310287,19,-2.57965684167873,0.873472669362559
"540","PR3 F Order1 - NR3 M Order2",-9.13333333333333,2.61813290018687,19,-3.48849110474163,0.388598817619734
"541","PR3 F Order1 - NR4 M Order2",-7.3,2.66627190060452,19,-2.73790531203697,0.803468256785811
"542","PR3 F Order1 - NR5 M Order2",-5.63333333333333,2.82743452000436,19,-1.99238330489247,0.992573458482938
"543","PR3 F Order1 - NR6 M Order2",-8.3,2.84963319687379,19,-2.91265556883095,0.711488032192386
"544","PR3 F Order1 - PR0 M Order2",3.36666666666666,1.8363452133763,19,1.83335172610422,0.997911788290516
"545","PR3 F Order1 - PR1 M Order2",5.7,1.95121794323143,19,2.92125234896117,0.706683520319326
"546","PR3 F Order1 - PR2 M Order2",4.7,2.00997512422418,19,2.33833739699347,0.948158783334267
"547","PR3 F Order1 - PR3 M Order2",3.86666666666667,2.08978299889155,19,1.85027185536374,0.997575766246648
"548","PR3 F Order1 - PR4 M Order2",0.200000000000001,2.23919106111719,19,0.0893179699905624,1
"549","PR3 F Order1 - PR5 M Order2",-1.8,2.27924784967189,19,-0.789734210019819,1
"550","PR3 F Order1 - PR6 M Order2",-3.96666666666667,2.40496562327257,19,-1.64936522513324,0.999682760095281
"551","PR4 F Order1 - PR5 F Order1",0.400000000000001,1.63953352373125,19,0.24397183357964,1
"552","PR4 F Order1 - PR6 F Order1",1.6,1.62664222012116,19,0.983621339842527,1
"553","PR4 F Order1 - NR0 M Order1",0.733333333333332,2.93846242166014,19,0.249563624815396,1
"554","PR4 F Order1 - NR1 M Order1",-0.600000000000002,2.86015171560134,19,-0.209779081552621,1
"555","PR4 F Order1 - NR2 M Order1",0.56666666666667,2.5962298351119,19,0.218265216354486,1
"556","PR4 F Order1 - NR3 M Order1",-0.933333333333331,2.76238307153771,19,-0.337872521356634,1
"557","PR4 F Order1 - NR4 M Order1",-0.766666666666669,2.80805024862989,19,-0.273024553973256,1
"558","PR4 F Order1 - NR5 M Order1",-0.933333333333333,2.96150743976602,19,-0.315154816361722,1
"559","PR4 F Order1 - NR6 M Order1",-1.26666666666667,2.98270845165972,19,-0.424669955912664,1
"560","PR4 F Order1 - PR0 M Order1",3.9,2.03673859234985,19,1.91482599418929,0.995852772729644
"561","PR4 F Order1 - PR1 M Order1",3.73333333333333,2.14088575427684,19,1.74382651006728,0.999110619362215
"562","PR4 F Order1 - PR2 M Order1",2.4,2.19457065297,19,1.09360798967761,1
"563","PR4 F Order1 - PR3 M Order1",-0.266666666666669,2.26789182575654,19,-0.11758350360371,1
"564","PR4 F Order1 - PR4 M Order1",-1.93333333333333,2.40626618624464,19,-0.803457798802637,1
"565","PR4 F Order1 - PR5 M Order1",-2.26666666666667,2.44358570774817,19,-0.92759859393492,1
"566","PR4 F Order1 - PR6 M Order1",-0.933333333333335,2.56124969497314,19,-0.364405444406748,1
"567","PR4 F Order1 - NR0 F Order2",1.56666666666667,2.93846242166014,19,0.533158653014711,1
"568","PR4 F Order1 - NR1 F Order2",-0.600000000000001,2.86015171560134,19,-0.20977908155262,1
"569","PR4 F Order1 - NR2 F Order2",1.56666666666667,2.5962298351119,19,0.603439127568283,1
"570","PR4 F Order1 - NR3 F Order2",1.4,2.76238307153771,19,0.506808782034954,1
"571","PR4 F Order1 - NR4 F Order2",0.733333333333331,2.80805024862989,19,0.261153921191809,1
"572","PR4 F Order1 - NR5 F Order2",-0.433333333333333,2.96150743976602,19,-0.146321879025085,1
"573","PR4 F Order1 - NR6 F Order2",-2.93333333333333,2.98270845165972,19,-0.983446213692486,1
"574","PR4 F Order1 - PR0 F Order2",5.73333333333333,2.03673859234985,19,2.81495787179964,0.764437834832459
"575","PR4 F Order1 - PR1 F Order2",6.23333333333333,2.14088575427684,19,2.91156747663019,0.712094713919766
"576","PR4 F Order1 - PR2 F Order2",4.9,2.19457065297,19,2.23278297892511,0.968430754178216
"577","PR4 F Order1 - PR3 F Order2",6.23333333333333,2.26789182575654,19,2.7485143967367,0.79826358802406
"578","PR4 F Order1 - PR4 F Order2",4.9,2.40626618624464,19,2.03634993834461,0.989947649285668
"579","PR4 F Order1 - PR5 F Order2",3.73333333333333,2.44358570774817,19,1.52780944883399,0.999933297162115
"580","PR4 F Order1 - PR6 F Order2",3.56666666666666,2.56124969497314,19,1.39254937684007,0.999991927191534
"581","PR4 F Order1 - NR0 M Order2",-11.9333333333333,2.93846242166014,19,-4.06108080381419,0.167658251636855
"582","PR4 F Order1 - NR1 M Order2",-8.26666666666667,2.86015171560134,19,-2.89028956805832,0.723890546442038
"583","PR4 F Order1 - NR2 M Order2",-5.1,2.5962298351119,19,-1.96438694719036,0.993937274984669
"584","PR4 F Order1 - NR3 M Order2",-7.93333333333333,2.76238307153771,19,-2.8719164315314,0.733964650091909
"585","PR4 F Order1 - NR4 M Order2",-6.1,2.80805024862989,19,-2.1723257990046,0.977054455679087
"586","PR4 F Order1 - NR5 M Order2",-4.43333333333333,2.96150743976602,19,-1.49698537771818,0.999957179286758
"587","PR4 F Order1 - NR6 M Order2",-7.1,2.98270845165972,19,-2.38038685814204,0.938058640568828
"588","PR4 F Order1 - PR0 M Order2",4.56666666666666,2.03673859234985,19,2.24214667695669,0.966910460495228
"589","PR4 F Order1 - PR1 M Order2",6.9,2.14088575427684,19,3.22296506771363,0.53252481605753
"590","PR4 F Order1 - PR2 M Order2",5.9,2.19457065297,19,2.68845297462412,0.826937743545507
"591","PR4 F Order1 - PR3 M Order2",5.06666666666667,2.26789182575654,19,2.23408656847047,0.96822218192564
"592","PR4 F Order1 - PR4 M Order2",1.4,2.40626618624464,19,0.581814268098461,1
"593","PR4 F Order1 - PR5 M Order2",-0.599999999999999,2.44358570774817,19,-0.24554080427689,1
"594","PR4 F Order1 - PR6 M Order2",-2.76666666666667,2.56124969497314,19,-1.08020185306286,1
"595","PR5 F Order1 - PR6 F Order1",1.2,1.39849543212847,19,0.858065012177858,1
"596","PR5 F Order1 - NR0 M Order1",0.333333333333331,2.97518980671232,19,0.112037669859348,1
"597","PR5 F Order1 - NR1 M Order1",-1,2.89787177402891,19,-0.345080831029906,1
"598","PR5 F Order1 - NR2 M Order1",0.16666666666667,2.63772673701831,19,0.0631857213742579,1
"599","PR5 F Order1 - NR3 M Order1",-1.33333333333333,2.80141985721067,19,-0.47594912626232,1
"600","PR5 F Order1 - NR4 M Order1",-1.16666666666667,2.84646081674885,19,-0.409865704035653,1
"601","PR5 F Order1 - NR5 M Order1",-1.33333333333333,2.99795251767696,19,-0.444747982321782,1
"602","PR5 F Order1 - NR6 M Order1",-1.66666666666667,3.01889759515928,19,-0.552077907292755,1
"603","PR5 F Order1 - PR0 M Order1",3.5,2.08937719811991,19,1.67514032561924,0.999573600698883
"604","PR5 F Order1 - PR1 M Order1",3.33333333333333,2.19102368661812,19,1.52135887607787,0.999939100951193
"605","PR5 F Order1 - PR2 M Order1",2,2.24350915606185,19,0.891460591812653,1
"606","PR5 F Order1 - PR3 M Order1",-0.666666666666669,2.31528104466595,19,-0.287942005227644,1
"607","PR5 F Order1 - PR4 M Order1",-2.33333333333333,2.45098142414839,19,-0.951999599158149,1
"608","PR5 F Order1 - PR5 M Order1",-2.66666666666667,2.48763021640421,19,-1.07197068482359,1
"609","PR5 F Order1 - PR6 M Order1",-1.33333333333334,2.60330424316025,19,-0.512169615532433,1
"610","PR5 F Order1 - NR0 F Order2",1.16666666666667,2.97518980671232,19,0.392131844507719,1
"611","PR5 F Order1 - NR1 F Order2",-1,2.89787177402891,19,-0.345080831029905,1
"612","PR5 F Order1 - NR2 F Order2",1.16666666666667,2.63772673701831,19,0.442300049619798,1
"613","PR5 F Order1 - NR3 F Order2",1,2.80141985721067,19,0.356961844696741,1
"614","PR5 F Order1 - NR4 F Order2",0.33333333333333,2.84646081674885,19,0.117104486867328,1
"615","PR5 F Order1 - NR5 F Order2",-0.833333333333333,2.99795251767696,19,-0.277967488951114,1
"616","PR5 F Order1 - NR6 F Order2",-3.33333333333333,3.01889759515928,19,-1.10415581458551,1
"617","PR5 F Order1 - PR0 F Order2",5.33333333333333,2.08937719811991,19,2.55259478189599,0.88386021560562
"618","PR5 F Order1 - PR1 F Order2",5.83333333333333,2.19102368661812,19,2.66237803313628,0.838756050949968
"619","PR5 F Order1 - PR2 F Order2",4.5,2.24350915606184,19,2.00578633157847,0.991839014196381
"620","PR5 F Order1 - PR3 F Order2",5.83333333333333,2.31528104466595,19,2.51949254574187,0.895887358532204
"621","PR5 F Order1 - PR4 F Order2",4.5,2.45098142414839,19,1.83599922694786,0.997861944990283
"622","PR5 F Order1 - PR5 F Order2",3.33333333333333,2.48763021640421,19,1.33996335602948,0.999996875564322
"623","PR5 F Order1 - PR6 F Order2",3.16666666666666,2.60330424316025,19,1.21640283688953,0.999999761472126
"624","PR5 F Order1 - NR0 M Order2",-12.3333333333333,2.97518980671232,19,-4.14539378479589,0.146059876693431
"625","PR5 F Order1 - NR1 M Order2",-8.66666666666667,2.89787177402891,19,-2.99070053559251,0.667245333658059
"626","PR5 F Order1 - NR2 M Order2",-5.5,2.63772673701831,19,-2.08512880535047,0.986232785248323
"627","PR5 F Order1 - NR3 M Order2",-8.33333333333333,2.80141985721067,19,-2.9746820391395,0.67642742557631
"628","PR5 F Order1 - NR4 M Order2",-6.5,2.84646081674885,19,-2.28353749391292,0.959558208037727
"629","PR5 F Order1 - NR5 M Order2",-4.83333333333333,2.99795251767696,19,-1.61221143591646,0.999797063307537
"630","PR5 F Order1 - NR6 M Order2",-7.5,3.01889759515928,19,-2.4843505828174,0.907823224070368
"631","PR5 F Order1 - PR0 M Order2",4.16666666666666,2.08937719811991,19,1.99421467335624,0.992476340249075
"632","PR5 F Order1 - PR1 M Order2",6.5,2.19102368661812,19,2.96664980835185,0.681014526848418
"633","PR5 F Order1 - PR2 M Order2",5.5,2.24350915606184,19,2.4515166274848,0.918192022404815
"634","PR5 F Order1 - PR3 M Order2",4.66666666666666,2.31528104466595,19,2.0155940365935,0.991265832186772
"635","PR5 F Order1 - PR4 M Order2",0.999999999999999,2.45098142414839,19,0.407999828210634,1
"636","PR5 F Order1 - PR5 M Order2",-1,2.48763021640421,19,-0.401989006808845,1
"637","PR5 F Order1 - PR6 M Order2",-3.16666666666667,2.60330424316025,19,-1.21640283688953,0.999999761472126
"638","PR6 F Order1 - NR0 M Order1",-0.866666666666668,3.09166962216722,19,-0.280323182157849,1
"639","PR6 F Order1 - NR1 M Order1",-2.2,3.01733781426278,19,-0.729119553535148,1
"640","PR6 F Order1 - NR2 M Order1",-1.03333333333333,2.76844162045147,19,-0.373254514633694,1
"641","PR6 F Order1 - NR3 M Order1",-2.53333333333333,2.92482818008869,19,-0.86614774521781,1
"642","PR6 F Order1 - NR4 M Order1",-2.36666666666667,2.96799694203906,19,-0.797395251034434,1
"643","PR6 F Order1 - NR5 M Order1",-2.53333333333333,3.11358089101797,19,-0.813639799961988,1
"644","PR6 F Order1 - NR6 M Order1",-2.86666666666667,3.13375323800792,19,-0.914771026607366,1
"645","PR6 F Order1 - PR0 M Order1",2.3,2.25214647451938,19,1.02124796323065,1
"646","PR6 F Order1 - PR1 M Order1",2.13333333333333,2.34675338755232,19,0.909057314947955,1
"647","PR6 F Order1 - PR2 M Order1",0.799999999999999,2.39582971014219,19,0.333913548451872,1
"648","PR6 F Order1 - PR3 M Order1",-1.86666666666667,2.46316726643891,19,-0.757831874473297,1
"649","PR6 F Order1 - PR4 M Order1",-3.53333333333333,2.59113423198937,19,-1.36362419581041,0.999995163688961
"650","PR6 F Order1 - PR5 M Order1",-3.86666666666667,2.62582763338227,19,-1.47255159383257,0.999970319475863
"651","PR6 F Order1 - PR6 M Order1",-2.53333333333333,2.73566438897808,19,-0.926039518421949,1
"652","PR6 F Order1 - NR0 F Order2",-0.0333333333333328,3.09166962216722,19,-0.0107816608522248,1
"653","PR6 F Order1 - NR1 F Order2",-2.2,3.01733781426278,19,-0.729119553535148,1
"654","PR6 F Order1 - NR2 F Order2",-0.0333333333333306,2.76844162045147,19,-0.0120404682139892,1
"655","PR6 F Order1 - NR3 F Order2",-0.199999999999997,2.92482818008869,19,-0.0683800851487735,1
"656","PR6 F Order1 - NR4 F Order2",-0.866666666666669,2.96799694203906,19,-0.292003894745004,1
"657","PR6 F Order1 - NR5 F Order2",-2.03333333333333,3.11358089101797,19,-0.653052997337911,1
"658","PR6 F Order1 - NR6 F Order2",-4.53333333333333,3.13375323800792,19,-1.44661464672793,0.999980193881165
"659","PR6 F Order1 - PR0 F Order2",4.13333333333333,2.25214647451938,19,1.83528619479131,0.997875465908306
"660","PR6 F Order1 - PR1 F Order2",4.63333333333333,2.34675338755232,19,1.97435885590259,0.993476824987406
"661","PR6 F Order1 - PR2 F Order2",3.3,2.39582971014219,19,1.37739338736397,0.999993809787287
"662","PR6 F Order1 - PR3 F Order2",4.63333333333333,2.46316726643891,19,1.88104697413908,0.996848997000292
"663","PR6 F Order1 - PR4 F Order2",3.3,2.59113423198937,19,1.2735735413701,0.999999163691164
"664","PR6 F Order1 - PR5 F Order2",2.13333333333333,2.62582763338227,19,0.812442258666247,1
"665","PR6 F Order1 - PR6 F Order2",1.96666666666667,2.73566438897808,19,0.718899099827564,1
"666","PR6 F Order1 - NR0 M Order2",-13.5333333333333,3.09166962216722,19,-4.37735430600332,0.0985764775257769
"667","PR6 F Order1 - NR1 M Order2",-9.86666666666667,3.01733781426278,19,-3.26999072494551,0.505743202938504
"668","PR6 F Order1 - NR2 M Order2",-6.7,2.76844162045147,19,-2.42013411101202,0.927393405802258
"669","PR6 F Order1 - NR3 M Order2",-9.53333333333333,2.92482818008869,19,-3.25945072542492,0.511710839318748
"670","PR6 F Order1 - NR4 M Order2",-7.7,2.96799694203906,19,-2.59434229561907,0.867630816167337
"671","PR6 F Order1 - NR5 M Order2",-6.03333333333333,3.11358089101797,19,-1.93774741833052,0.995039973317241
"672","PR6 F Order1 - NR6 M Order2",-8.7,3.13375323800792,19,-2.77622369702933,0.78440588957603
"673","PR6 F Order1 - PR0 M Order2",2.96666666666666,2.25214647451938,19,1.31726186561634,0.999997977575222
"674","PR6 F Order1 - PR1 M Order2",5.3,2.34675338755232,19,2.25843926682383,0.964141049028888
"675","PR6 F Order1 - PR2 M Order2",4.3,2.39582971014219,19,1.79478532292882,0.998534463645132
"676","PR6 F Order1 - PR3 M Order2",3.46666666666667,2.46316726643891,19,1.40740205259326,0.999989591020164
"677","PR6 F Order1 - PR4 M Order2",-0.2,2.59113423198937,19,-0.0771862752345517,1
"678","PR6 F Order1 - PR5 M Order2",-2.2,2.62582763338227,19,-0.837831079249566,1
"679","PR6 F Order1 - PR6 M Order2",-4.36666666666667,2.73566438897808,19,-1.59619969622731,0.9998339058093
"680","NR0 M Order1 - NR1 M Order1",-1.33333333333333,1.42871553157913,19,-0.933239195530846,1
"681","NR0 M Order1 - NR2 M Order1",-0.166666666666662,1.73323211580315,19,-0.0961594613595255,1
"682","NR0 M Order1 - NR3 M Order1",-1.66666666666666,1.47186081848993,19,-1.13235344383757,1
"683","NR0 M Order1 - NR4 M Order1",-1.5,2.25164007801773,19,-0.666181071586074,1
"684","NR0 M Order1 - NR5 M Order1",-1.66666666666667,3.00004873254766,19,-0.555546531156286,1
"685","NR0 M Order1 - NR6 M Order1",-2,2.61764145436798,19,-0.764046579665315,1
"686","NR0 M Order1 - PR0 M Order1",3.16666666666667,2.42061081653912,19,1.30820974814705,0.999998307179121
"687","NR0 M Order1 - PR1 M Order1",3,2.18480933100934,19,1.37311753360832,0.999994263222658
"688","NR0 M Order1 - PR2 M Order1",1.66666666666667,2.18507697885195,19,0.762749634359491,1
"689","NR0 M Order1 - PR3 M Order1",-1,2.05309636363289,19,-0.487069198364627,1
"690","NR0 M Order1 - PR4 M Order1",-2.66666666666667,2.23056911941577,19,-1.19550954214103,0.999999853686696
"691","NR0 M Order1 - PR5 M Order1",-3,1.98893135960404,19,-1.50834767902561,0.999949456140914
"692","NR0 M Order1 - PR6 M Order1",-1.66666666666667,1.55644293820334,19,-1.07081771246337,1
"693","NR0 M Order1 - NR0 F Order2",0.833333333333335,3.30947602785507,19,0.251802196577152,1
"694","NR0 M Order1 - NR1 F Order2",-1.33333333333333,3.24014475165785,19,-0.411504249200941,1
"695","NR0 M Order1 - NR2 F Order2",0.833333333333337,3.00973080725897,19,0.276879690144871,1
"696","NR0 M Order1 - NR3 F Order2",0.666666666666671,3.15417666108871,19,0.21135996435804,1
"697","NR0 M Order1 - NR4 F Order2",-9.99200722162641e-16,3.19424738776899,19,-3.12812566111396e-16,1
"698","NR0 M Order1 - NR5 F Order2",-1.16666666666666,3.32995442780049,19,-0.350355145081452,1
"699","NR0 M Order1 - NR6 F Order2",-3.66666666666666,3.34882365660555,19,-1.09491183850012,1
"700","NR0 M Order1 - PR0 F Order2",5,2.54290665754877,19,1.96625384779941,0.993853127737812
"701","NR0 M Order1 - PR1 F Order2",5.5,2.6270633772911,19,2.0935924300659,0.9854923419047
"702","NR0 M Order1 - PR2 F Order2",4.16666666666667,2.67099429544801,19,1.55996838846404,0.999896350737759
"703","NR0 M Order1 - PR3 F Order2",5.5,2.73155697520149,19,2.01350367205659,0.99139059764861
"704","NR0 M Order1 - PR4 F Order2",4.16666666666667,2.84748786380257,19,1.46327811248419,0.999974268351317
"705","NR0 M Order1 - PR5 F Order2",3,2.87909383079984,19,1.04199452199395,1
"706","NR0 M Order1 - PR6 F Order2",2.83333333333333,2.97960906419594,19,0.950907744032494,1
"707","NR0 M Order1 - NR0 M Order2",-12.6666666666667,3.30947602785507,19,-3.82739338797271,0.241599688821156
"708","NR0 M Order1 - NR1 M Order2",-9,3.24014475165785,19,-2.77765368210635,0.783680735835113
"709","NR0 M Order1 - NR2 M Order2",-5.83333333333333,3.00973080725897,19,-1.93815783101409,0.995024318506256
"710","NR0 M Order1 - NR3 M Order2",-8.66666666666666,3.15417666108871,19,-2.7476795366545,0.798675235779513
"711","NR0 M Order1 - NR4 M Order2",-6.83333333333333,3.19424738776899,19,-2.13926240011925,0.98095527805565
"712","NR0 M Order1 - NR5 M Order2",-5.16666666666667,3.32995442780049,19,-1.55157278536072,0.999907425992935
"713","NR0 M Order1 - NR6 M Order2",-7.83333333333333,3.34882365660555,19,-2.33912983679571,0.947979487275265
"714","NR0 M Order1 - PR0 M Order2",3.83333333333333,2.54290665754877,19,1.50746128331288,0.999950100616174
"715","NR0 M Order1 - PR1 M Order2",6.16666666666667,2.6270633772911,19,2.34736120946783,0.946092193458713
"716","NR0 M Order1 - PR2 M Order2",5.16666666666667,2.67099429544801,19,1.93436080169541,0.99516762917266
"717","NR0 M Order1 - PR3 M Order2",4.33333333333333,2.73155697520149,19,1.58639683252943,0.999853430337171
"718","NR0 M Order1 - PR4 M Order2",0.666666666666668,2.84748786380257,19,0.234124497997471,1
"719","NR0 M Order1 - PR5 M Order2",-1.33333333333333,2.87909383079984,19,-0.463108676441753,1
"720","NR0 M Order1 - PR6 M Order2",-3.5,2.97960906419594,19,-1.17465074262838,0.999999911714253
"721","NR1 M Order1 - NR2 M Order1",1.16666666666667,1.21864175182793,19,0.957349988145987,1
"722","NR1 M Order1 - NR3 M Order1",-0.333333333333329,1.06567936764295,19,-0.312789515734539,1
"723","NR1 M Order1 - NR4 M Order1",-0.166666666666667,1.49208437746452,19,-0.111700564112789,1
"724","NR1 M Order1 - NR5 M Order1",-0.333333333333331,2.20803953689494,19,-0.15096348039224,1
"725","NR1 M Order1 - NR6 M Order1",-0.666666666666664,2.13307290077015,19,-0.312538153958995,1
"726","NR1 M Order1 - PR0 M Order1",4.5,2.48586648147938,19,1.81023399025115,0.99830709110076
"727","NR1 M Order1 - PR1 M Order1",4.33333333333333,1.95160752453575,19,2.22039179438199,0.970364210289792
"728","NR1 M Order1 - PR2 M Order1",3,1.9901805730763,19,1.50740090652317,0.999950144246024
"729","NR1 M Order1 - PR3 M Order1",0.333333333333333,1.73786519574923,19,0.191806208069912,1
"730","NR1 M Order1 - PR4 M Order1",-1.33333333333333,1.64414609273903,19,-0.81095794298431,1
"731","NR1 M Order1 - PR5 M Order1",-1.66666666666666,1.91760084023139,19,-0.869141602204112,1
"732","NR1 M Order1 - PR6 M Order1",-0.333333333333333,1.51850187791006,19,-0.219514600661611,1
"733","NR1 M Order1 - NR0 F Order2",2.16666666666667,3.24014475165785,19,0.66869440495153,1
"734","NR1 M Order1 - NR1 F Order2",1.33226762955019e-15,3.16929715306792,19,4.20366903198248e-16,1
"735","NR1 M Order1 - NR2 F Order2",2.16666666666667,2.93332336521432,19,0.738638873695524,1
"736","NR1 M Order1 - NR3 F Order2",2,3.08135308624397,19,0.64906550597157,1
"737","NR1 M Order1 - NR4 F Order2",1.33333333333333,3.12235853274693,19,0.427027620098554,1
"738","NR1 M Order1 - NR5 F Order2",0.166666666666669,3.26105855880826,19,0.0511081489832483,1
"739","NR1 M Order1 - NR6 F Order2",-2.33333333333333,3.28032411749045,19,-0.711311824612748,1
"740","NR1 M Order1 - PR0 F Order2",6.33333333333333,2.45199524912965,19,2.58293050754539,0.87218278556711
"741","NR1 M Order1 - PR1 F Order2",6.83333333333333,2.53916687538504,19,2.69117142302714,0.825682842127937
"742","NR1 M Order1 - PR2 F Order2",5.5,2.58459222297529,19,2.12799526018406,0.982162909380012
"743","NR1 M Order1 - PR3 F Order2",6.83333333333333,2.64713239969603,19,2.58140973006035,0.872782886262885
"744","NR1 M Order1 - PR4 F Order2",5.5,2.76660325439906,19,1.98799737232098,0.992801975675499
"745","NR1 M Order1 - PR5 F Order2",4.33333333333334,2.79912266956956,19,1.54810411863789,0.999911685984641
"746","NR1 M Order1 - PR6 F Order2",4.16666666666667,2.90240875966621,19,1.43558919907128,0.999983405824289
"747","NR1 M Order1 - NR0 M Order2",-11.3333333333333,3.24014475165785,19,-3.497786118208,0.383955749535872
"748","NR1 M Order1 - NR1 M Order2",-7.66666666666667,3.16929715306792,19,-2.41904318099211,0.927700831420105
"749","NR1 M Order1 - NR2 M Order2",-4.5,2.93332336521432,19,-1.5340961222907,0.999927170833921
"750","NR1 M Order1 - NR3 M Order2",-7.33333333333333,3.08135308624397,19,-2.37990685522908,0.93818074457149
"751","NR1 M Order1 - NR4 M Order2",-5.5,3.12235853274693,19,-1.76148893290654,0.99893805320224
"752","NR1 M Order1 - NR5 M Order2",-3.83333333333333,3.26105855880826,19,-1.17548742661469,0.999999909876328
"753","NR1 M Order1 - NR6 M Order2",-6.5,3.28032411749045,19,-1.98151151142123,0.993129552241325
"754","NR1 M Order1 - PR0 M Order2",5.16666666666667,2.45199524912965,19,2.10712751931334,0.984244936880978
"755","NR1 M Order1 - PR1 M Order2",7.5,2.53916687538504,19,2.95372473259076,0.688369372829705
"756","NR1 M Order1 - PR2 M Order2",6.5,2.58459222297529,19,2.51490348930844,0.897494955611848
"757","NR1 M Order1 - PR3 M Order2",5.66666666666667,2.64713239969603,19,2.14068123956224,0.980798932834849
"758","NR1 M Order1 - PR4 M Order2",2,2.76660325439906,19,0.722908135389448,1
"759","NR1 M Order1 - PR5 M Order2",2.77555756156289e-15,2.79912266956956,19,9.91581252132013e-16,1
"760","NR1 M Order1 - PR6 M Order2",-2.16666666666667,2.90240875966621,19,-0.746506383517064,1
"761","NR2 M Order1 - NR3 M Order1",-1.5,1.03942741772821,19,-1.44310220648058,0.999981273287633
"762","NR2 M Order1 - NR4 M Order1",-1.33333333333334,1.32508413061827,19,-1.00622541808815,1
"763","NR2 M Order1 - NR5 M Order1",-1.5,1.91493056383971,19,-0.783318219639403,1
"764","NR2 M Order1 - NR6 M Order1",-1.83333333333334,1.85324119422611,19,-0.989257814387681,1
"765","NR2 M Order1 - PR0 M Order1",3.33333333333333,2.0974085932449,19,1.58926274263821,0.99984794352042
"766","NR2 M Order1 - PR1 M Order1",3.16666666666666,1.84240181405806,19,1.71877092309835,0.999313962566118
"767","NR2 M Order1 - PR2 M Order1",1.83333333333333,1.62590505610321,19,1.1275771155588,1
"768","NR2 M Order1 - PR3 M Order1",-0.833333333333339,1.47553142374405,19,-0.564768272585357,1
"769","NR2 M Order1 - PR4 M Order1",-2.5,1.39275485347255,19,-1.79500361730333,0.998531440588265
"770","NR2 M Order1 - PR5 M Order1",-2.83333333333334,1.72790986877785,19,-1.63974602178605,0.999716743268491
"771","NR2 M Order1 - PR6 M Order1",-1.50000000000001,1.27607310648701,19,-1.17548124192465,0.999999909890044
"772","NR2 M Order1 - NR0 F Order2",0.999999999999996,3.00973080725897,19,0.332255628173843,1
"773","NR2 M Order1 - NR1 F Order2",-1.16666666666667,2.93332336521432,19,-0.39772862429759,1
"774","NR2 M Order1 - NR2 F Order2",0.999999999999999,2.6766261385147,19,0.373604660587718,1
"775","NR2 M Order1 - NR3 F Order2",0.833333333333332,2.83807652514394,19,0.293626097094428,1
"776","NR2 M Order1 - NR4 F Order2",0.166666666666661,2.88254476591178,19,0.0578192812953392,1
"777","NR2 M Order1 - NR5 F Order2",-1,3.03223423311004,19,-0.329789825957589,1
"778","NR2 M Order1 - NR6 F Order2",-3.5,3.05294412596387,19,-1.14643434520604,1
"779","NR2 M Order1 - PR0 F Order2",5.16666666666666,2.13827552532928,19,2.4162773250987,0.928476518948062
"780","NR2 M Order1 - PR1 F Order2",5.66666666666666,2.23770193312703,19,2.53235991030668,0.891301894008605
"781","NR2 M Order1 - PR2 F Order2",4.33333333333333,2.2891174018674,19,1.89301489290078,0.996521569179371
"782","NR2 M Order1 - PR3 F Order2",5.66666666666666,2.35950237592343,19,2.40163634692206,0.932493552808678
"783","NR2 M Order1 - PR4 F Order2",4.33333333333333,2.49279663986441,19,1.73834209499297,0.999159062775045
"784","NR2 M Order1 - PR5 F Order2",3.16666666666666,2.52883950454869,19,1.25222129003074,0.999999469333635
"785","NR2 M Order1 - PR6 F Order2",2.99999999999999,2.64271037547722,19,1.13519817678025,1
"786","NR2 M Order1 - NR0 M Order2",-12.5,3.00973080725897,19,-4.15319535217305,0.144186813421582
"787","NR2 M Order1 - NR1 M Order2",-8.83333333333334,2.93332336521432,19,-3.01137386968175,0.655336186019771
"788","NR2 M Order1 - NR2 M Order2",-5.66666666666667,2.6766261385147,19,-2.11709307666374,0.983275208699942
"789","NR2 M Order1 - NR3 M Order2",-8.5,2.83807652514394,19,-2.99498619036317,0.664781619300527
"790","NR2 M Order1 - NR4 M Order2",-6.66666666666667,2.88254476591178,19,-2.31277125181365,0.953720006345211
"791","NR2 M Order1 - NR5 M Order2",-5,3.03223423311004,19,-1.64894912978794,0.999684300557939
"792","NR2 M Order1 - NR6 M Order2",-7.66666666666667,3.05294412596387,19,-2.51123713711798,0.898768790435517
"793","NR2 M Order1 - PR0 M Order2",3.99999999999999,2.13827552532928,19,1.87066631620545,0.997111966918027
"794","NR2 M Order1 - PR1 M Order2",6.33333333333333,2.23770193312703,19,2.83028460563688,0.756359814983638
"795","NR2 M Order1 - PR2 M Order2",5.33333333333333,2.2891174018674,19,2.32986448357019,0.950049692399118
"796","NR2 M Order1 - PR3 M Order2",4.49999999999999,2.35950237592343,19,1.90718180490869,0.996098219976483
"797","NR2 M Order1 - PR4 M Order2",0.833333333333329,2.49279663986441,19,0.334296556729415,1
"798","NR2 M Order1 - PR5 M Order2",-1.16666666666667,2.52883950454869,19,-0.461344685800801,1
"799","NR2 M Order1 - PR6 M Order2",-3.33333333333334,2.64271037547722,19,-1.26133130753362,0.999999354423951
"800","NR3 M Order1 - NR4 M Order1",0.166666666666663,1.44792652716572,19,0.115107129774678,1
"801","NR3 M Order1 - NR5 M Order1",-1.83186799063151e-15,2.13067268295047,19,-8.59760396465408e-16,1
"802","NR3 M Order1 - NR6 M Order1",-0.333333333333334,2.11655960497301,19,-0.157488280769482,1
"803","NR3 M Order1 - PR0 M Order1",4.83333333333333,2.18781848141073,19,2.20920216846178,0.972034933346788
"804","NR3 M Order1 - PR1 M Order1",4.66666666666666,1.90980847758424,19,2.44352599825593,0.92060059402383
"805","NR3 M Order1 - PR2 M Order1",3.33333333333333,1.7493524282227,19,1.90546700570789,0.996151609298986
"806","NR3 M Order1 - PR3 M Order1",0.666666666666663,1.72536969510749,19,0.386390620257839,1
"807","NR3 M Order1 - PR4 M Order1",-1,1.79578779402512,19,-0.556858668561602,1
"808","NR3 M Order1 - PR5 M Order1",-1.33333333333334,1.57613785130482,19,-0.845949694203156,1
"809","NR3 M Order1 - PR6 M Order1",-3.76088049591772e-15,1.29257890819792,19,-2.90959451068332e-15,1
"810","NR3 M Order1 - NR0 F Order2",2.5,3.15417666108871,19,0.792599866342644,1
"811","NR3 M Order1 - NR1 F Order2",0.333333333333331,3.08135308624397,19,0.108177584328594,1
"812","NR3 M Order1 - NR2 F Order2",2.5,2.83807652514394,19,0.880878291283286,1
"813","NR3 M Order1 - NR3 F Order2",2.33333333333333,2.99082417399721,19,0.780163994132379,1
"814","NR3 M Order1 - NR4 F Order2",1.66666666666666,3.03305377543465,19,0.549501192549026,1
"815","NR3 M Order1 - NR5 F Order2",0.499999999999999,3.17565667565583,19,0.157447750518163,1
"816","NR3 M Order1 - NR6 F Order2",-2,3.19543717094395,19,-0.625892450080371,1
"817","NR3 M Order1 - PR0 F Order2",6.66666666666666,2.33721481670282,19,2.85239791354375,0.744542892423239
"818","NR3 M Order1 - PR1 F Order2",7.16666666666666,2.42850999971453,19,2.95105503683704,0.689884211012292
"819","NR3 M Order1 - PR2 F Order2",5.83333333333333,2.47596634805991,19,2.35598247847922,0.944066602281778
"820","NR3 M Order1 - PR3 F Order2",7.16666666666666,2.54118128813772,19,2.82021070284154,0.76168006521137
"821","NR3 M Order1 - PR4 F Order2",5.83333333333333,2.66540540348223,19,2.18853511954029,0.974938074799551
"822","NR3 M Order1 - PR5 F Order2",4.66666666666667,2.69914433051644,19,1.72894298904489,0.999236833834224
"823","NR3 M Order1 - PR6 F Order2",4.5,2.80611279278791,19,1.60364188195343,0.999817587445369
"824","NR3 M Order1 - NR0 M Order2",-11,3.15417666108871,19,-3.48743941190764,0.389126148636263
"825","NR3 M Order1 - NR1 M Order2",-7.33333333333334,3.08135308624397,19,-2.37990685522909,0.938180744571489
"826","NR3 M Order1 - NR2 M Order2",-4.16666666666667,2.83807652514394,19,-1.46813048547214,0.999972265390228
"827","NR3 M Order1 - NR3 M Order2",-7,2.99082417399721,19,-2.34049198239713,0.947670309557789
"828","NR3 M Order1 - NR4 M Order2",-5.16666666666667,3.03305377543465,19,-1.70345369690198,0.999417419411423
"829","NR3 M Order1 - NR5 M Order2",-3.5,3.17565667565583,19,-1.10213425362715,1
"830","NR3 M Order1 - NR6 M Order2",-6.16666666666667,3.19543717094395,19,-1.92983505441448,0.995334034127483
"831","NR3 M Order1 - PR0 M Order2",5.49999999999999,2.33721481670282,19,2.35322827867359,0.944719168662931
"832","NR3 M Order1 - PR1 M Order2",7.83333333333333,2.42850999971453,19,3.22557178444978,0.531030420592816
"833","NR3 M Order1 - PR2 M Order2",6.83333333333333,2.47596634805991,19,2.75986518907565,0.792632233132072
"834","NR3 M Order1 - PR3 M Order2",6,2.54118128813772,19,2.36110663493711,0.942838848054927
"835","NR3 M Order1 - PR4 M Order2",2.33333333333333,2.66540540348223,19,0.875414047816117,1
"836","NR3 M Order1 - PR5 M Order2",0.333333333333332,2.69914433051644,19,0.12349592778892,1
"837","NR3 M Order1 - PR6 M Order2",-1.83333333333334,2.80611279278791,19,-0.653335581536585,1
"838","NR4 M Order1 - NR5 M Order1",-0.166666666666664,1.61190744586502,19,-0.103397169046033,1
"839","NR4 M Order1 - NR6 M Order1",-0.499999999999997,1.35734949840441,19,-0.368364964651886,1
"840","NR4 M Order1 - PR0 M Order1",4.66666666666667,2.39272777365717,19,1.95035420161228,0.99454045939052
"841","NR4 M Order1 - PR1 M Order1",4.5,2.00394348066112,19,2.24557231450231,0.966341351648493
"842","NR4 M Order1 - PR2 M Order1",3.16666666666667,1.8085243249451,19,1.75096714099369,0.999043983275992
"843","NR4 M Order1 - PR3 M Order1",0.5,1.7547762723726,19,0.284936608656077,1
"844","NR4 M Order1 - PR4 M Order1",-1.16666666666666,1.82085064627042,19,-0.6407261732621,1
"845","NR4 M Order1 - PR5 M Order1",-1.5,1.88763288134553,19,-0.794646043107055,1
"846","NR4 M Order1 - PR6 M Order1",-0.166666666666666,1.73154428590062,19,-0.0962531931893263,1
"847","NR4 M Order1 - NR0 F Order2",2.33333333333334,3.19424738776899,19,0.730479843943159,1
"848","NR4 M Order1 - NR1 F Order2",0.166666666666668,3.12235853274693,19,0.0533784525123197,1
"849","NR4 M Order1 - NR2 F Order2",2.33333333333334,2.88254476591178,19,0.809469938134779,1
"850","NR4 M Order1 - NR3 F Order2",2.16666666666667,3.03305377543465,19,0.714351550313736,1
"851","NR4 M Order1 - NR4 F Order2",1.5,3.07470342790823,19,0.487851929517791,1
"852","NR4 M Order1 - NR5 F Order2",0.333333333333336,3.21545973175683,19,0.103665839768179,1
"853","NR4 M Order1 - NR6 F Order2",-2.16666666666666,3.23499685909625,19,-0.66975850705214,1
"854","NR4 M Order1 - PR0 F Order2",6.5,2.39101632456315,19,2.71850925199667,0.812832104576935
"855","NR4 M Order1 - PR1 F Order2",7,2.48033199060645,19,2.82220284482501,0.760631216672755
"856","NR4 M Order1 - PR2 F Order2",5.66666666666667,2.52681525277125,19,2.24261218165904,0.966833533740476
"857","NR4 M Order1 - PR3 F Order2",7,2.5907505291119,19,2.70191974153512,0.820680036283574
"858","NR4 M Order1 - PR4 F Order2",5.66666666666667,2.71270564747165,19,2.08893532991618,0.985903466040242
"859","NR4 M Order1 - PR5 F Order2",4.5,2.74586344923985,19,1.63882876304201,0.999719811058202
"860","NR4 M Order1 - PR6 F Order2",4.33333333333333,2.85107961494593,19,1.51989208249995,0.999940356158772
"861","NR4 M Order1 - NR0 M Order2",-11.1666666666667,3.19424738776899,19,-3.49586782458512,0.384911387226302
"862","NR4 M Order1 - NR1 M Order2",-7.5,3.12235853274693,19,-2.40203036305437,0.932387404325301
"863","NR4 M Order1 - NR2 M Order2",-4.33333333333333,2.88254476591178,19,-1.50330131367887,0.999953028103958
"864","NR4 M Order1 - NR3 M Order2",-7.16666666666666,3.03305377543465,19,-2.36285512796081,0.942415814805528
"865","NR4 M Order1 - NR4 M Order2",-5.33333333333333,3.07470342790823,19,-1.73458463828548,0.99919093135467
"866","NR4 M Order1 - NR5 M Order2",-3.66666666666667,3.21545973175683,19,-1.14032423744996,1
"867","NR4 M Order1 - NR6 M Order2",-6.33333333333333,3.23499685909625,19,-1.95775563599856,0.994228687104904
"868","NR4 M Order1 - PR0 M Order2",5.33333333333333,2.39101632456315,19,2.23057169394598,0.968782293450431
"869","NR4 M Order1 - PR1 M Order2",7.66666666666667,2.48033199060645,19,3.09098406814168,0.609082826795664
"870","NR4 M Order1 - PR2 M Order2",6.66666666666667,2.52681525277125,19,2.63836727254005,0.849278208363658
"871","NR4 M Order1 - PR3 M Order2",5.83333333333333,2.5907505291119,19,2.2515997846126,0.965323017802447
"872","NR4 M Order1 - PR4 M Order2",2.16666666666667,2.71270564747165,19,0.798710567320893,1
"873","NR4 M Order1 - PR5 M Order2",0.166666666666669,2.74586344923985,19,0.0606973615941495,1
"874","NR4 M Order1 - PR6 M Order2",-2,2.85107961494593,19,-0.701488653461517,1
"875","NR5 M Order1 - NR6 M Order1",-0.333333333333332,1.37319791531297,19,-0.242742382300633,1
"876","NR5 M Order1 - PR0 M Order1",4.83333333333333,2.62054411563482,19,1.84440067408003,0.99769713286358
"877","NR5 M Order1 - PR1 M Order1",4.66666666666667,2.26568606239552,19,2.05971460217775,0.988281645830032
"878","NR5 M Order1 - PR2 M Order1",3.33333333333333,2.15374011691942,19,1.54769524286948,0.999912175457492
"879","NR5 M Order1 - PR3 M Order1",0.666666666666665,2.06933896273425,19,0.322164072040565,1
"880","NR5 M Order1 - PR4 M Order1",-1,2.01086231539158,19,-0.497299090219048,1
"881","NR5 M Order1 - PR5 M Order1",-1.33333333333333,2.0126791082988,19,-0.662466921744083,1
"882","NR5 M Order1 - PR6 M Order1",-1.92901250528621e-15,2.26439514663783,19,-8.51888641498991e-16,1
"883","NR5 M Order1 - NR0 F Order2",2.5,3.32995442780049,19,0.750761025174542,1
"884","NR5 M Order1 - NR1 F Order2",0.333333333333332,3.26105855880826,19,0.102216297966495,1
"885","NR5 M Order1 - NR2 F Order2",2.5,3.03223423311004,19,0.82447456489397,1
"886","NR5 M Order1 - NR3 F Order2",2.33333333333334,3.17565667565583,19,0.734756169084765,1
"887","NR5 M Order1 - NR4 F Order2",1.66666666666666,3.21545973175683,19,0.518329198840891,1
"888","NR5 M Order1 - NR5 F Order2",0.500000000000001,3.35030765803811,19,0.149240025404949,1
"889","NR5 M Order1 - NR6 F Order2",-2,3.36906289572065,19,-0.593636884173453,1
"890","NR5 M Order1 - PR0 F Order2",6.66666666666667,2.56950173794192,19,2.59453674158883,0.867552510978715
"891","NR5 M Order1 - PR1 F Order2",7.16666666666667,2.6528149013048,19,2.70153287481223,0.82086123275439
"892","NR5 M Order1 - PR2 F Order2",5.83333333333333,2.69632628563319,19,2.16343747580366,0.97815694659342
"893","NR5 M Order1 - PR3 F Order2",7.16666666666667,2.75633242208784,19,2.60007341975034,0.865312440000168
"894","NR5 M Order1 - PR4 F Order2",5.83333333333333,2.87126314481686,19,2.03162616560016,0.990260599788228
"895","NR5 M Order1 - PR5 F Order2",4.66666666666667,2.90261023887645,19,1.60774829639995,0.99980799251525
"896","NR5 M Order1 - PR6 F Order2",4.5,3.00233827003542,19,1.49883177552372,0.999956001171163
"897","NR5 M Order1 - NR0 M Order2",-11,3.32995442780049,19,-3.30334851076799,0.487009702623373
"898","NR5 M Order1 - NR1 M Order2",-7.33333333333334,3.26105855880826,19,-2.24875855526289,0.965805746899329
"899","NR5 M Order1 - NR2 M Order2",-4.16666666666666,3.03223423311004,19,-1.37412427482328,0.999994159275581
"900","NR5 M Order1 - NR3 M Order2",-7,3.17565667565583,19,-2.20426850725429,0.972749287638645
"901","NR5 M Order1 - NR4 M Order2",-5.16666666666667,3.21545973175683,19,-1.60682051640677,0.999810198309772
"902","NR5 M Order1 - NR5 M Order2",-3.5,3.35030765803811,19,-1.04468017783464,1
"903","NR5 M Order1 - NR6 M Order2",-6.16666666666667,3.36906289572065,19,-1.83038039286815,0.997966565342316
"904","NR5 M Order1 - PR0 M Order2",5.5,2.56950173794192,19,2.14049281181078,0.980819751728082
"905","NR5 M Order1 - PR1 M Order2",7.83333333333333,2.6528149013048,19,2.95283825851569,0.688872545131304
"906","NR5 M Order1 - PR2 M Order2",6.83333333333333,2.69632628563319,19,2.53431247165572,0.890596070390186
"907","NR5 M Order1 - PR3 M Order2",6,2.75633242208784,19,2.17680565374447,0.976483340553941
"908","NR5 M Order1 - PR4 M Order2",2.33333333333333,2.87126314481686,19,0.812650466240063,1
"909","NR5 M Order1 - PR5 M Order2",0.333333333333334,2.90261023887645,19,0.114839164028568,1
"910","NR5 M Order1 - PR6 M Order2",-1.83333333333334,3.00233827003542,19,-0.61063516780596,1
"911","NR6 M Order1 - PR0 M Order1",5.16666666666666,2.54210163088622,19,2.03243906690917,0.990207299426278
"912","NR6 M Order1 - PR1 M Order1",5,2.30490197175828,19,2.16928965364448,0.977435609453141
"913","NR6 M Order1 - PR2 M Order1",3.66666666666666,1.94703252990663,19,1.8832077072911,0.996791859190693
"914","NR6 M Order1 - PR3 M Order1",0.999999999999997,2.01848185670517,19,0.495421842251447,1
"915","NR6 M Order1 - PR4 M Order1",-0.666666666666668,2.1862141166278,19,-0.3049411590549,1
"916","NR6 M Order1 - PR5 M Order1",-1,2.14973138536882,19,-0.465174396580917,1
"917","NR6 M Order1 - PR6 M Order1",0.333333333333331,2.10464537719367,19,0.158379809228382,1
"918","NR6 M Order1 - NR0 F Order2",2.83333333333333,3.34882365660555,19,0.846068238841,1
"919","NR6 M Order1 - NR1 F Order2",0.666666666666665,3.28032411749045,19,0.203231949889356,1
"920","NR6 M Order1 - NR2 F Order2",2.83333333333333,3.05294412596387,19,0.928065898500123,1
"921","NR6 M Order1 - NR3 F Order2",2.66666666666667,3.19543717094395,19,0.834523266773828,1
"922","NR6 M Order1 - NR4 F Order2",2,3.23499685909625,19,0.618238621894283,1
"923","NR6 M Order1 - NR5 F Order2",0.833333333333333,3.36906289572065,19,0.247348701738939,1
"924","NR6 M Order1 - NR6 F Order2",-1.66666666666667,3.38771430128553,19,-0.491973796619809,1
"925","NR6 M Order1 - PR0 F Order2",7,2.59390874417344,19,2.69863001762253,0.822218164355435
"926","NR6 M Order1 - PR1 F Order2",7.5,2.67646227180539,19,2.80220650931908,0.771084209649669
"927","NR6 M Order1 - PR2 F Order2",6.16666666666666,2.71959534313643,19,2.26749419991094,0.962532500919266
"928","NR6 M Order1 - PR3 F Order2",7.5,2.77909910094359,19,2.69871628451591,0.822177907429765
"929","NR6 M Order1 - PR4 F Order2",6.16666666666667,2.893125548364,19,2.13148947862072,0.98179478863707
"930","NR6 M Order1 - PR5 F Order2",5,2.92423829238372,19,1.70984697554323,0.99937600737274
"931","NR6 M Order1 - PR6 F Order2",4.83333333333333,3.02325296320572,19,1.59871945621391,0.999828530984845
"932","NR6 M Order1 - NR0 M Order2",-10.6666666666667,3.34882365660555,19,-3.18519807563671,0.554281833452691
"933","NR6 M Order1 - NR1 M Order2",-7,3.28032411749045,19,-2.13393547383825,0.981533693821893
"934","NR6 M Order1 - NR2 M Order2",-3.83333333333333,3.05294412596387,19,-1.25561856855899,0.999999428896927
"935","NR6 M Order1 - NR3 M Order2",-6.66666666666667,3.19543717094395,19,-2.08630816693457,0.986131395600402
"936","NR6 M Order1 - NR4 M Order2",-4.83333333333334,3.23499685909625,19,-1.49407666957785,0.99995897814522
"937","NR6 M Order1 - NR5 M Order2",-3.16666666666667,3.36906289572065,19,-0.939925066607968,1
"938","NR6 M Order1 - NR6 M Order2",-5.83333333333333,3.38771430128553,19,-1.72190828816933,0.999290923366305
"939","NR6 M Order1 - PR0 M Order2",5.83333333333333,2.59390874417344,19,2.24885834801877,0.965788873902763
"940","NR6 M Order1 - PR1 M Order2",8.16666666666666,2.67646227180539,19,3.05129153236967,0.632198971949681
"941","NR6 M Order1 - PR2 M Order2",7.16666666666666,2.71959534313643,19,2.63519596205866,0.850641398551561
"942","NR6 M Order1 - PR3 M Order2",6.33333333333333,2.7790991009436,19,2.27891597359121,0.960431446792362
"943","NR6 M Order1 - PR4 M Order2",2.66666666666667,2.893125548364,19,0.921725179944095,1
"944","NR6 M Order1 - PR5 M Order2",0.666666666666666,2.92423829238372,19,0.227979596739097,1
"945","NR6 M Order1 - PR6 M Order2",-1.50000000000001,3.02325296320572,19,-0.496154313997421,1
"946","PR0 M Order1 - PR1 M Order1",-0.166666666666667,1.12572263990217,19,-0.148053046779935,1
"947","PR0 M Order1 - PR2 M Order1",-1.5,1.17304023452432,19,-1.27872851744789,0.999999068804651
"948","PR0 M Order1 - PR3 M Order1",-4.16666666666667,1.42358989429347,19,-2.92687288900332,0.703531856094369
"949","PR0 M Order1 - PR4 M Order1",-5.83333333333333,1.91325019686121,19,-3.04891296648145,0.633581630444787
"950","PR0 M Order1 - PR5 M Order1",-6.16666666666667,1.76929628856366,19,-3.48537817352957,0.390160842757869
"951","PR0 M Order1 - PR6 M Order1",-4.83333333333333,1.746676041223,19,-2.76716072085645,0.788979329424092
"952","PR0 M Order1 - NR0 F Order2",-2.33333333333333,2.54290665754877,19,-0.917585128973057,1
"953","PR0 M Order1 - NR1 F Order2",-4.5,2.45199524912965,19,-1.83524009746646,0.997876337562382
"954","PR0 M Order1 - NR2 F Order2",-2.33333333333333,2.13827552532928,19,-1.09122201778651,1
"955","PR0 M Order1 - NR3 F Order2",-2.5,2.33721481670282,19,-1.0696492175789,1
"956","PR0 M Order1 - NR4 F Order2",-3.16666666666667,2.39101632456315,19,-1.32440194328043,0.999997677114797
"957","PR0 M Order1 - NR5 F Order2",-4.33333333333333,2.56950173794192,19,-1.68644888203274,0.999516235697503
"958","PR0 M Order1 - NR6 F Order2",-6.83333333333333,2.59390874417344,19,-2.63437692196485,0.850992442785852
"959","PR0 M Order1 - PR0 F Order2",1.83333333333333,1.40716628692714,19,1.30285478721695,0.999998478125155
"960","PR0 M Order1 - PR1 F Order2",2.33333333333333,1.55409287958042,19,1.50141176501838,0.999954306192903
"961","PR0 M Order1 - PR2 F Order2",0.999999999999999,1.62725327357921,19,0.614532486267768,1
"962","PR0 M Order1 - PR3 F Order2",2.33333333333333,1.72486121146903,19,1.35276584447399,0.999996034237679
"963","PR0 M Order1 - PR4 F Order2",1,1.90313683810739,19,0.525448291460991,1
"964","PR0 M Order1 - PR5 F Order2",-0.166666666666665,1.95010870892066,19,-0.0854653209353191,1
"965","PR0 M Order1 - PR6 F Order2",-0.333333333333334,2.09566525606956,19,-0.159058481485972,1
"966","PR0 M Order1 - NR0 M Order2",-15.8333333333333,2.54290665754877,19,-6.22647051803146,0.0031049416893919
"967","PR0 M Order1 - NR1 M Order2",-12.1666666666667,2.45199524912965,19,-4.96194544870561,0.0343222042517818
"968","PR0 M Order1 - NR2 M Order2",-9,2.13827552532928,19,-4.20899921146226,0.131381423035331
"969","PR0 M Order1 - NR3 M Order2",-11.8333333333333,2.33721481670282,19,-5.06300629654015,0.0284230782280211
"970","PR0 M Order1 - NR4 M Order2",-10,2.39101632456315,19,-4.18232192614872,0.137374920852078
"971","PR0 M Order1 - NR5 M Order2",-8.33333333333333,2.56950173794192,19,-3.24317092698604,0.520969587559401
"972","PR0 M Order1 - NR6 M Order2",-11,2.59390874417344,19,-4.24070431340683,0.124555009857062
"973","PR0 M Order1 - PR0 M Order2",0.666666666666665,1.40716628692714,19,0.473765377169799,1
"974","PR0 M Order1 - PR1 M Order2",3,1.55409287958042,19,1.93038655502363,0.995314009847745
"975","PR0 M Order1 - PR2 M Order2",2,1.62725327357921,19,1.22906497253554,0.999999681836501
"976","PR0 M Order1 - PR3 M Order2",1.16666666666667,1.72486121146903,19,0.676382922236995,1
"977","PR0 M Order1 - PR4 M Order2",-2.5,1.90313683810739,19,-1.31362072865247,0.999998116656369
"978","PR0 M Order1 - PR5 M Order2",-4.5,1.95010870892066,19,-2.30756366525364,0.954800218213773
"979","PR0 M Order1 - PR6 M Order2",-6.66666666666667,2.09566525606956,19,-3.18116962971943,0.556612791608376
"980","PR1 M Order1 - PR2 M Order1",-1.33333333333333,1.05741602738504,19,-1.26093543014534,0.999999359860714
"981","PR1 M Order1 - PR3 M Order1",-4,0.973478720216036,19,-4.10897528310872,0.155080753657828
"982","PR1 M Order1 - PR4 M Order1",-5.66666666666667,1.48491439491774,19,-3.81615713744938,0.245710139562837
"983","PR1 M Order1 - PR5 M Order1",-6,1.69571182589826,19,-3.53833706197197,0.364076369440251
"984","PR1 M Order1 - PR6 M Order1",-4.66666666666667,1.62761260962722,19,-2.86718512689299,0.736540940426584
"985","PR1 M Order1 - NR0 F Order2",-2.16666666666667,2.6270633772911,19,-0.824748533056264,1
"986","PR1 M Order1 - NR1 F Order2",-4.33333333333333,2.53916687538504,19,-1.70659651216355,0.999397372115561
"987","PR1 M Order1 - NR2 F Order2",-2.16666666666666,2.23770193312703,19,-0.968255259823141,1
"988","PR1 M Order1 - NR3 F Order2",-2.33333333333333,2.42850999971453,19,-0.960808616644615,1
"989","PR1 M Order1 - NR4 F Order2",-3,2.48033199060645,19,-1.20951550492501,0.999999796585788
"990","PR1 M Order1 - NR5 F Order2",-4.16666666666666,2.6528149013048,19,-1.57065864814664,0.99988055693802
"991","PR1 M Order1 - NR6 F Order2",-6.66666666666666,2.67646227180539,19,-2.49085023050585,0.905680802606881
"992","PR1 M Order1 - PR0 F Order2",2,1.55409287958042,19,1.28692437001575,0.9999988973311
"993","PR1 M Order1 - PR1 F Order2",2.5,1.68828090010544,19,1.48079623470471,0.999966360261825
"994","PR1 M Order1 - PR2 F Order2",1.16666666666667,1.75585903069481,19,0.664442102852076,1
"995","PR1 M Order1 - PR3 F Order2",2.5,1.84668186706012,19,1.35377947040762,0.999995959492928
"996","PR1 M Order1 - PR4 F Order2",1.16666666666667,2.01420394793071,19,0.579219729891426,1
"997","PR1 M Order1 - PR5 F Order2",2.55351295663786e-15,2.05864316866873,19,1.24038638434321e-15,1
"998","PR1 M Order1 - PR6 F Order2",-0.166666666666667,2.19702084304982,19,-0.0758603029160648,1
"999","PR1 M Order1 - NR0 M Order2",-15.6666666666667,2.6270633772911,19,-5.9635663159453,0.00512836515828496
"1000","PR1 M Order1 - NR1 M Order2",-12,2.53916687538504,19,-4.72595957214522,0.0529979156391227
"1001","PR1 M Order1 - NR2 M Order2",-8.83333333333333,2.23770193312704,19,-3.94750221312512,0.200900307332153
"1002","PR1 M Order1 - NR3 M Order2",-11.6666666666667,2.42850999971453,19,-4.80404308322308,0.0459494179248447
"1003","PR1 M Order1 - NR4 M Order2",-9.83333333333333,2.48033199060645,19,-3.96452304392085,0.195602157464045
"1004","PR1 M Order1 - NR5 M Order2",-8.16666666666667,2.6528149013048,19,-3.07849095036742,0.616364944299748
"1005","PR1 M Order1 - NR6 M Order2",-10.8333333333333,2.67646227180539,19,-4.04763162457201,0.171339976388761
"1006","PR1 M Order1 - PR0 M Order2",0.833333333333332,1.55409287958042,19,0.536218487506562,1
"1007","PR1 M Order1 - PR1 M Order2",3.16666666666667,1.68828090010544,19,1.87567523062596,0.996987446250264
"1008","PR1 M Order1 - PR2 M Order2",2.16666666666667,1.75585903069481,19,1.23396390529671,0.999999644892883
"1009","PR1 M Order1 - PR3 M Order2",1.33333333333333,1.84668186706012,19,0.722015717550729,1
"1010","PR1 M Order1 - PR4 M Order2",-2.33333333333333,2.01420394793071,19,-1.15843945978285,0.999999941114179
"1011","PR1 M Order1 - PR5 M Order2",-4.33333333333333,2.05864316866873,19,-2.10494630603495,0.984451322301824
"1012","PR1 M Order1 - PR6 M Order2",-6.5,2.19702084304982,19,-2.95855181372652,0.685626565728781
"1013","PR2 M Order1 - PR3 M Order1",-2.66666666666667,0.880091701761113,19,-3.02998728579137,0.644566923327833
"1014","PR2 M Order1 - PR4 M Order1",-4.33333333333333,1.35734949840441,19,-3.19249636031636,0.550063393930849
"1015","PR2 M Order1 - PR5 M Order1",-4.66666666666667,1.29664434202583,19,-3.59903368673605,0.335510012572426
"1016","PR2 M Order1 - PR6 M Order1",-3.33333333333333,1.41048703794488,19,-2.36324988720924,0.942320018072583
"1017","PR2 M Order1 - NR0 F Order2",-0.833333333333332,2.67099429544801,19,-0.311993677692807,1
"1018","PR2 M Order1 - NR1 F Order2",-3,2.58459222297529,19,-1.16072468737313,0.999999937612889
"1019","PR2 M Order1 - NR2 F Order2",-0.83333333333333,2.2891174018674,19,-0.364041325557841,1
"1020","PR2 M Order1 - NR3 F Order2",-0.999999999999996,2.47596634805991,19,-0.403882710596436,1
"1021","PR2 M Order1 - NR4 F Order2",-1.66666666666667,2.52681525277125,19,-0.659591818135012,1
"1022","PR2 M Order1 - NR5 F Order2",-2.83333333333333,2.69632628563319,19,-1.05081248824749,1
"1023","PR2 M Order1 - NR6 F Order2",-5.33333333333333,2.71959534313643,19,-1.96107606478784,0.994084220316965
"1024","PR2 M Order1 - PR0 F Order2",3.33333333333333,1.62725327357921,19,2.04844162089256,0.989110450736652
"1025","PR2 M Order1 - PR1 F Order2",3.83333333333333,1.75585903069481,19,2.18316690937111,0.975654332831817
"1026","PR2 M Order1 - PR2 F Order2",2.5,1.82093093600065,19,1.37292411841319,0.999994282998812
"1027","PR2 M Order1 - PR3 F Order2",3.83333333333333,1.90865985868105,19,2.00838997891552,0.991689856114399
"1028","PR2 M Order1 - PR4 F Order2",2.5,2.07117504858265,19,1.20704428228353,0.999999807967965
"1029","PR2 M Order1 - PR5 F Order2",1.33333333333334,2.11441723269513,19,0.63059140491104,1
"1030","PR2 M Order1 - PR6 F Order2",1.16666666666667,2.24936638251909,19,0.518664578493479,1
"1031","PR2 M Order1 - NR0 M Order2",-14.3333333333333,2.67099429544801,19,-5.36629125631629,0.0160369072041442
"1032","PR2 M Order1 - NR1 M Order2",-10.6666666666667,2.58459222297529,19,-4.12702111066,0.150553272974119
"1033","PR2 M Order1 - NR2 M Order2",-7.5,2.2891174018674,19,-3.27637193002058,0.502141057770428
"1034","PR2 M Order1 - NR3 M Order2",-10.3333333333333,2.47596634805991,19,-4.17345467616318,0.139418749643751
"1035","PR2 M Order1 - NR4 M Order2",-8.5,2.52681525277125,19,-3.36391827248856,0.453682579123611
"1036","PR2 M Order1 - NR5 M Order2",-6.83333333333333,2.69632628563319,19,-2.53431247165572,0.890596070390186
"1037","PR2 M Order1 - NR6 M Order2",-9.5,2.71959534313643,19,-3.49316674040334,0.386259279225673
"1038","PR2 M Order1 - PR0 M Order2",2.16666666666666,1.62725327357921,19,1.33148705358016,0.999997339040311
"1039","PR2 M Order1 - PR1 M Order2",4.5,1.75585903069481,19,2.56284811100086,0.879982701540734
"1040","PR2 M Order1 - PR2 M Order2",3.5,1.82093093600065,19,1.92209376577847,0.995607821740612
"1041","PR2 M Order1 - PR3 M Order2",2.66666666666667,1.90865985868105,19,1.39714085489776,0.999991261775288
"1042","PR2 M Order1 - PR4 M Order2",-0.999999999999999,2.07117504858265,19,-0.482817712913411,1
"1043","PR2 M Order1 - PR5 M Order2",-3,2.11441723269513,19,-1.41883066104984,0.999987393159813
"1044","PR2 M Order1 - PR6 M Order2",-5.16666666666667,2.24936638251909,19,-2.29694313332827,0.956948920765771
"1045","PR3 M Order1 - PR4 M Order1",-1.66666666666666,1.04629672756119,19,-1.59291969740887,0.99984067954966
"1046","PR3 M Order1 - PR5 M Order1",-2,1.42543724696292,19,-1.40307825143566,0.999990327492474
"1047","PR3 M Order1 - PR6 M Order1",-0.666666666666667,1.41638284050506,19,-0.470682535541691,1
"1048","PR3 M Order1 - NR0 F Order2",1.83333333333334,2.73155697520149,19,0.671167890685531,1
"1049","PR3 M Order1 - NR1 F Order2",-0.333333333333332,2.64713239969603,19,-0.125922425856602,1
"1050","PR3 M Order1 - NR2 F Order2",1.83333333333334,2.35950237592343,19,0.776999994592433,1
"1051","PR3 M Order1 - NR3 F Order2",1.66666666666667,2.54118128813772,19,0.655862954149198,1
"1052","PR3 M Order1 - NR4 F Order2",1,2.5907505291119,19,0.385988534505018,1
"1053","PR3 M Order1 - NR5 F Order2",-0.166666666666664,2.75633242208784,19,-0.0604668237151231,1
"1054","PR3 M Order1 - NR6 F Order2",-2.66666666666666,2.77909910094359,19,-0.959543567827878,1
"1055","PR3 M Order1 - PR0 F Order2",6,1.72486121146903,19,3.47854074293312,0.393604075198109
"1056","PR3 M Order1 - PR1 F Order2",6.5,1.84668186706012,19,3.5198266230598,0.373073830471076
"1057","PR3 M Order1 - PR2 F Order2",5.16666666666667,1.90865985868105,19,2.7069604063644,0.818311515715592
"1058","PR3 M Order1 - PR3 F Order2",6.5,1.99252990908455,19,3.26218440705182,0.510160969296997
"1059","PR3 M Order1 - PR4 F Order2",5.16666666666667,2.14871102392283,19,2.40454235546019,0.931708128512098
"1060","PR3 M Order1 - PR5 F Order2",4,2.19042306789676,19,1.82613124314874,0.998042802460393
"1061","PR3 M Order1 - PR6 F Order2",3.83333333333333,2.32095715282794,19,1.65161744957793,0.99967430757098
"1062","PR3 M Order1 - NR0 M Order2",-11.6666666666667,2.73155697520149,19,-4.27106839527156,0.118310341477654
"1063","PR3 M Order1 - NR1 M Order2",-8,2.64713239969603,19,-3.02213822055846,0.649112951804283
"1064","PR3 M Order1 - NR2 M Order2",-4.83333333333333,2.35950237592343,19,-2.04845453119823,0.989109528558065
"1065","PR3 M Order1 - NR3 M Order2",-7.66666666666666,2.54118128813772,19,-3.0169695890863,0.652102830724453
"1066","PR3 M Order1 - NR4 M Order2",-5.83333333333333,2.5907505291119,19,-2.2515997846126,0.965323017802447
"1067","PR3 M Order1 - NR5 M Order2",-4.16666666666667,2.75633242208784,19,-1.5116705928781,0.999946973686091
"1068","PR3 M Order1 - NR6 M Order2",-6.83333333333333,2.7790991009436,19,-2.45883039255894,0.915948069403427
"1069","PR3 M Order1 - PR0 M Order2",4.83333333333333,1.72486121146903,19,2.80215782069612,0.771109454187747
"1070","PR3 M Order1 - PR1 M Order2",7.16666666666667,1.84668186706012,19,3.88083448183517,0.222765232548045
"1071","PR3 M Order1 - PR2 M Order2",6.16666666666667,1.90865985868105,19,3.23088822695106,0.527985859243901
"1072","PR3 M Order1 - PR3 M Order2",5.33333333333333,1.99252990908455,19,2.67666412886303,0.832330403046647
"1073","PR3 M Order1 - PR4 M Order2",1.66666666666667,2.14871102392283,19,0.775658824341997,1
"1074","PR3 M Order1 - PR5 M Order2",-0.333333333333331,2.19042306789676,19,-0.152177603595727,1
"1075","PR3 M Order1 - PR6 M Order2",-2.5,2.32095715282794,19,-1.07714181494213,1
"1076","PR4 M Order1 - PR5 M Order1",-0.333333333333333,1.49668249122256,19,-0.222714794412441,1
"1077","PR4 M Order1 - PR6 M Order1",0.999999999999999,1.48491439491774,19,0.673439494844008,1
"1078","PR4 M Order1 - NR0 F Order2",3.5,2.84748786380257,19,1.22915361448672,0.999999681200931
"1079","PR4 M Order1 - NR1 F Order2",1.33333333333333,2.76660325439906,19,0.481938756926298,1
"1080","PR4 M Order1 - NR2 F Order2",3.5,2.49279663986441,19,1.40404553826355,0.999990166970485
"1081","PR4 M Order1 - NR3 F Order2",3.33333333333334,2.66540540348223,19,1.25059149688017,0.999999487777716
"1082","PR4 M Order1 - NR4 F Order2",2.66666666666666,2.71270564747165,19,0.98302839054879,1
"1083","PR4 M Order1 - NR5 F Order2",1.5,2.87126314481686,19,0.522418156868612,1
"1084","PR4 M Order1 - NR6 F Order2",-0.999999999999999,2.893125548364,19,-0.345646942479035,1
"1085","PR4 M Order1 - PR0 F Order2",7.66666666666667,1.90313683810739,19,4.02843690120092,0.176710755518103
"1086","PR4 M Order1 - PR1 F Order2",8.16666666666667,2.01420394793071,19,4.05453810923998,0.16944099456766
"1087","PR4 M Order1 - PR2 F Order2",6.83333333333333,2.07117504858265,19,3.29925437157498,0.489295622499229
"1088","PR4 M Order1 - PR3 F Order2",8.16666666666667,2.14871102392283,19,3.80072823927578,0.251440112757758
"1089","PR4 M Order1 - PR4 F Order2",6.83333333333333,2.29428478835093,19,2.97841548182209,0.674291279067735
"1090","PR4 M Order1 - PR5 F Order2",5.66666666666667,2.33339598913371,19,2.42850621714254,0.925006367278354
"1091","PR4 M Order1 - PR6 F Order2",5.5,2.45634397652164,19,2.23910008230541,0.967410762496976
"1092","PR4 M Order1 - NR0 M Order2",-10,2.84748786380257,19,-3.51186746996206,0.376982518860126
"1093","PR4 M Order1 - NR1 M Order2",-6.33333333333334,2.76660325439906,19,-2.28920909539992,0.958468188948452
"1094","PR4 M Order1 - NR2 M Order2",-3.16666666666666,2.49279663986441,19,-1.27032691557178,0.999999218785942
"1095","PR4 M Order1 - NR3 M Order2",-6,2.66540540348223,19,-2.2510646943843,0.965414300461858
"1096","PR4 M Order1 - NR4 M Order2",-4.16666666666667,2.71270564747165,19,-1.53598186023249,0.99992523798278
"1097","PR4 M Order1 - NR5 M Order2",-2.5,2.87126314481686,19,-0.870696928114353,1
"1098","PR4 M Order1 - NR6 M Order2",-5.16666666666667,2.893125548364,19,-1.78584253614168,0.998653864447774
"1099","PR4 M Order1 - PR0 M Order2",6.5,1.90313683810739,19,3.41541389449643,0.426164223277242
"1100","PR4 M Order1 - PR1 M Order2",8.83333333333333,2.01420394793071,19,4.38552081203508,0.0971896057552277
"1101","PR4 M Order1 - PR2 M Order2",7.83333333333333,2.07117504858265,19,3.78207208448839,0.258501585382873
"1102","PR4 M Order1 - PR3 M Order2",7,2.14871102392283,19,3.25776706223638,0.512666110142022
"1103","PR4 M Order1 - PR4 M Order2",3.33333333333333,2.29428478835093,19,1.45288560088882,0.999978126276461
"1104","PR4 M Order1 - PR5 M Order2",1.33333333333333,2.33339598913371,19,0.571413227562951,1
"1105","PR4 M Order1 - PR6 M Order2",-0.833333333333338,2.45634397652164,19,-0.339257588228094,1
"1106","PR5 M Order1 - PR6 M Order1",1.33333333333333,1.2766458245745,19,1.04440347327946,1
"1107","PR5 M Order1 - NR0 F Order2",3.83333333333333,2.87909383079984,19,1.33143744477004,0.999997341556786
"1108","PR5 M Order1 - NR1 F Order2",1.66666666666667,2.79912266956956,19,0.595424661014573,1
"1109","PR5 M Order1 - NR2 F Order2",3.83333333333334,2.52883950454869,19,1.51584682477406,0.999943699076639
"1110","PR5 M Order1 - NR3 F Order2",3.66666666666667,2.69914433051644,19,1.35845520567813,0.999995597823292
"1111","PR5 M Order1 - NR4 F Order2",3,2.74586344923985,19,1.09255250869467,1
"1112","PR5 M Order1 - NR5 F Order2",1.83333333333333,2.90261023887645,19,0.631615402157123,1
"1113","PR5 M Order1 - NR6 F Order2",-0.666666666666666,2.92423829238372,19,-0.227979596739097,1
"1114","PR5 M Order1 - PR0 F Order2",8,1.95010870892066,19,4.10233540489537,0.156775416215181
"1115","PR5 M Order1 - PR1 F Order2",8.5,2.05864316866873,19,4.12893313876087,0.150080220920001
"1116","PR5 M Order1 - PR2 F Order2",7.16666666666667,2.11441723269513,19,3.38942880139684,0.439949176235002
"1117","PR5 M Order1 - PR3 F Order2",8.5,2.19042306789676,19,3.88052889169108,0.222869595352322
"1118","PR5 M Order1 - PR4 F Order2",7.16666666666667,2.33339598913371,19,3.07134609815086,0.620527634107844
"1119","PR5 M Order1 - PR5 F Order2",6,2.37186234721833,19,2.52965776324949,0.892274343029863
"1120","PR5 M Order1 - PR6 F Order2",5.83333333333333,2.49291393414232,19,2.3399657940218,0.947789890089471
"1121","PR5 M Order1 - NR0 M Order2",-9.66666666666667,2.87909383079984,19,-3.35753790420272,0.457146971129772
"1122","PR5 M Order1 - NR1 M Order2",-6,2.79912266956956,19,-2.14352877965247,0.980482234916281
"1123","PR5 M Order1 - NR2 M Order2",-2.83333333333333,2.52883950454869,19,-1.12040852265908,1
"1124","PR5 M Order1 - NR3 M Order2",-5.66666666666666,2.69914433051644,19,-2.09943077241165,0.984963955712438
"1125","PR5 M Order1 - NR4 M Order2",-3.83333333333334,2.74586344923985,19,-1.39603931666542,0.999991425806446
"1126","PR5 M Order1 - NR5 M Order2",-2.16666666666667,2.90261023887645,19,-0.746454566185691,1
"1127","PR5 M Order1 - NR6 M Order2",-4.83333333333333,2.92423829238372,19,-1.65285207635845,0.999669591218497
"1128","PR5 M Order1 - PR0 M Order2",6.83333333333333,1.95010870892066,19,3.50407815834812,0.380830767898517
"1129","PR5 M Order1 - PR1 M Order2",9.16666666666667,2.05864316866873,19,4.45277103199701,0.0864214342125896
"1130","PR5 M Order1 - PR2 M Order2",8.16666666666667,2.11441723269513,19,3.86237235508011,0.229138892032204
"1131","PR5 M Order1 - PR3 M Order2",7.33333333333333,2.19042306789676,19,3.34790727910603,0.462397756704803
"1132","PR5 M Order1 - PR4 M Order2",3.66666666666667,2.33339598913371,19,1.57138637579811,0.999879408182722
"1133","PR5 M Order1 - PR5 M Order2",1.66666666666667,2.37186234721833,19,0.702682712013747,1
"1134","PR5 M Order1 - PR6 M Order2",-0.500000000000005,2.49291393414232,19,-0.200568496630442,1
"1135","PR6 M Order1 - NR0 F Order2",2.5,2.97960906419594,19,0.839036244734555,1
"1136","PR6 M Order1 - NR1 F Order2",0.333333333333334,2.90240875966621,19,0.114847135925702,1
"1137","PR6 M Order1 - NR2 F Order2",2.5,2.64271037547722,19,0.945998480650211,1
"1138","PR6 M Order1 - NR3 F Order2",2.33333333333334,2.80611279278791,19,0.831518012864744,1
"1139","PR6 M Order1 - NR4 F Order2",1.66666666666667,2.85107961494593,19,0.584573877884597,1
"1140","PR6 M Order1 - NR5 F Order2",0.500000000000002,3.00233827003542,19,0.166536863947081,1
"1141","PR6 M Order1 - NR6 F Order2",-2,3.02325296320572,19,-0.661539085329892,1
"1142","PR6 M Order1 - PR0 F Order2",6.66666666666667,2.09566525606956,19,3.18116962971943,0.556612791608376
"1143","PR6 M Order1 - PR1 F Order2",7.16666666666667,2.19702084304982,19,3.26199302539078,0.510269426824044
"1144","PR6 M Order1 - PR2 F Order2",5.83333333333333,2.24936638251909,19,2.5933228924674,0.868040932738892
"1145","PR6 M Order1 - PR3 F Order2",7.16666666666667,2.32095715282794,19,3.08780653616744,0.6109352835991
"1146","PR6 M Order1 - PR4 F Order2",5.83333333333334,2.45634397652164,19,2.37480311759665,0.939469239860432
"1147","PR6 M Order1 - PR5 F Order2",4.66666666666667,2.49291393414232,19,1.87197263521744,0.997079911127535
"1148","PR6 M Order1 - PR6 F Order2",4.5,2.608353651622,19,1.72522617751687,0.999265837697108
"1149","PR6 M Order1 - NR0 M Order2",-11,2.97960906419594,19,-3.69175947683204,0.29475132712294
"1150","PR6 M Order1 - NR1 M Order2",-7.33333333333333,2.90240875966621,19,-2.52663699036545,0.893355486588679
"1151","PR6 M Order1 - NR2 M Order2",-4.16666666666666,2.64271037547722,19,-1.57666413441701,0.999870780212847
"1152","PR6 M Order1 - NR3 M Order2",-7,2.80611279278791,19,-2.49455403859422,0.904446678534554
"1153","PR6 M Order1 - NR4 M Order2",-5.16666666666667,2.85107961494593,19,-1.81217902144225,0.998276463482307
"1154","PR6 M Order1 - NR5 M Order2",-3.5,3.00233827003542,19,-1.16575804762956,0.999999929204525
"1155","PR6 M Order1 - NR6 M Order2",-6.16666666666666,3.02325296320572,19,-2.0397455131005,0.989717842879606
"1156","PR6 M Order1 - PR0 M Order2",5.5,2.09566525606956,19,2.62446494451853,0.855207330180869
"1157","PR6 M Order1 - PR1 M Order2",7.83333333333333,2.19702084304982,19,3.56543423705504,0.351143608195216
"1158","PR6 M Order1 - PR2 M Order2",6.83333333333333,2.24936638251909,19,3.03789253117609,0.63998215132504
"1159","PR6 M Order1 - PR3 M Order2",6,2.32095715282794,19,2.58514035586111,0.871308038995769
"1160","PR6 M Order1 - PR4 M Order2",2.33333333333333,2.45634397652164,19,0.949921247038658,1
"1161","PR6 M Order1 - PR5 M Order2",0.333333333333336,2.49291393414232,19,0.133712331086961,1
"1162","PR6 M Order1 - PR6 M Order2",-1.83333333333334,2.608353651622,19,-0.702869924173541,1
"1163","NR0 F Order2 - NR1 F Order2",-2.16666666666667,1.42871553157913,19,-1.51651369273762,0.999943159782537
"1164","NR0 F Order2 - NR2 F Order2",2.22044604925031e-15,1.73323211580315,19,1.28110137644282e-15,1
"1165","NR0 F Order2 - NR3 F Order2",-0.166666666666664,1.47186081848993,19,-0.113235344383756,1
"1166","NR0 F Order2 - NR4 F Order2",-0.833333333333336,2.25164007801773,19,-0.370100595325598,1
"1167","NR0 F Order2 - NR5 F Order2",-2,3.00004873254766,19,-0.666655837387544,1
"1168","NR0 F Order2 - NR6 F Order2",-4.5,2.61764145436798,19,-1.71910480424696,0.999311541744911
"1169","NR0 F Order2 - PR0 F Order2",4.16666666666667,2.42061081653912,19,1.72132861598296,0.999295229601747
"1170","NR0 F Order2 - PR1 F Order2",4.66666666666667,2.18480933100934,19,2.13596060783517,0.981315386381537
"1171","NR0 F Order2 - PR2 F Order2",3.33333333333333,2.18507697885195,19,1.52549926871898,0.99993542966017
"1172","NR0 F Order2 - PR3 F Order2",4.66666666666667,2.05309636363288,19,2.27298959236826,0.961531713296441
"1173","NR0 F Order2 - PR4 F Order2",3.33333333333333,2.23056911941577,19,1.49438692767629,0.999958789550589
"1174","NR0 F Order2 - PR5 F Order2",2.16666666666667,1.98893135960404,19,1.08936221262961,1
"1175","NR0 F Order2 - PR6 F Order2",2,1.55644293820334,19,1.28498125495604,0.999998940431638
"1176","NR0 F Order2 - NR0 M Order2",-13.5,3.30947602785507,19,-4.07919558454986,0.162803993480214
"1177","NR0 F Order2 - NR1 M Order2",-9.83333333333334,3.24014475165785,19,-3.03484383785694,0.641750981418554
"1178","NR0 F Order2 - NR2 M Order2",-6.66666666666666,3.00973080725897,19,-2.21503752115896,0.971172471277996
"1179","NR0 F Order2 - NR3 M Order2",-9.5,3.15417666108871,19,-3.01187949210205,0.655044183349207
"1180","NR0 F Order2 - NR4 M Order2",-7.66666666666667,3.19424738776899,19,-2.40014805867038,0.932893524900109
"1181","NR0 F Order2 - NR5 M Order2",-6,3.32995442780049,19,-1.8018264604189,0.998434259735534
"1182","NR0 F Order2 - NR6 M Order2",-8.66666666666667,3.34882365660555,19,-2.58797343645482,0.870181857652911
"1183","NR0 F Order2 - PR0 M Order2",3,2.54290665754877,19,1.17975230867964,0.999999899940721
"1184","NR0 F Order2 - PR1 M Order2",5.33333333333333,2.6270633772911,19,2.03015023521542,0.990356788782611
"1185","NR0 F Order2 - PR2 M Order2",4.33333333333333,2.67099429544801,19,1.6223671240026,0.999770138295931
"1186","NR0 F Order2 - PR3 M Order2",3.5,2.73155697520149,19,1.28132051858147,0.999999017432835
"1187","NR0 F Order2 - PR4 M Order2",-0.166666666666667,2.84748786380257,19,-0.0585311244993679,1
"1188","NR0 F Order2 - PR5 M Order2",-2.16666666666667,2.87909383079984,19,-0.75255159921785,1
"1189","NR0 F Order2 - PR6 M Order2",-4.33333333333334,2.97960906419594,19,-1.45432949087323,0.999977623473905
"1190","NR1 F Order2 - NR2 F Order2",2.16666666666667,1.21864175182793,19,1.77793569227111,0.998752463779456
"1191","NR1 F Order2 - NR3 F Order2",2,1.06567936764295,19,1.87673709440726,0.996960485320578
"1192","NR1 F Order2 - NR4 F Order2",1.33333333333333,1.49208437746452,19,0.893604512902312,1
"1193","NR1 F Order2 - NR5 F Order2",0.166666666666668,2.20803953689494,19,0.0754817401961214,1
"1194","NR1 F Order2 - NR6 F Order2",-2.33333333333333,2.13307290077015,19,-1.09388353885649,1
"1195","NR1 F Order2 - PR0 F Order2",6.33333333333333,2.48586648147938,19,2.54773672702013,0.885672422707446
"1196","NR1 F Order2 - PR1 F Order2",6.83333333333333,1.95160752453575,19,3.5013870603716,0.382165527350348
"1197","NR1 F Order2 - PR2 F Order2",5.5,1.9901805730763,19,2.7635683286258,0.790781283422408
"1198","NR1 F Order2 - PR3 F Order2",6.83333333333333,1.73786519574923,19,3.93202726543318,0.205816689155872
"1199","NR1 F Order2 - PR4 F Order2",5.5,1.64414609273903,19,3.34520151481029,0.463877574614779
"1200","NR1 F Order2 - PR5 F Order2",4.33333333333333,1.91760084023139,19,2.2597681657307,0.963908108666299
"1201","NR1 F Order2 - PR6 F Order2",4.16666666666667,1.51850187791006,19,2.74393250827014,0.800518449166271
"1202","NR1 F Order2 - NR0 M Order2",-11.3333333333333,3.24014475165785,19,-3.497786118208,0.383955749535872
"1203","NR1 F Order2 - NR1 M Order2",-7.66666666666667,3.16929715306792,19,-2.41904318099211,0.927700831420105
"1204","NR1 F Order2 - NR2 M Order2",-4.5,2.93332336521432,19,-1.5340961222907,0.999927170833921
"1205","NR1 F Order2 - NR3 M Order2",-7.33333333333333,3.08135308624397,19,-2.37990685522908,0.93818074457149
"1206","NR1 F Order2 - NR4 M Order2",-5.5,3.12235853274693,19,-1.76148893290654,0.99893805320224
"1207","NR1 F Order2 - NR5 M Order2",-3.83333333333333,3.26105855880826,19,-1.17548742661469,0.999999909876328
"1208","NR1 F Order2 - NR6 M Order2",-6.5,3.28032411749045,19,-1.98151151142123,0.993129552241325
"1209","NR1 F Order2 - PR0 M Order2",5.16666666666666,2.45199524912965,19,2.10712751931334,0.984244936880978
"1210","NR1 F Order2 - PR1 M Order2",7.5,2.53916687538504,19,2.95372473259076,0.688369372829705
"1211","NR1 F Order2 - PR2 M Order2",6.5,2.58459222297529,19,2.51490348930844,0.897494955611848
"1212","NR1 F Order2 - PR3 M Order2",5.66666666666667,2.64713239969603,19,2.14068123956224,0.980798932834849
"1213","NR1 F Order2 - PR4 M Order2",2,2.76660325439906,19,0.722908135389447,1
"1214","NR1 F Order2 - PR5 M Order2",1.4432899320127e-15,2.79912266956956,19,5.15622251108647e-16,1
"1215","NR1 F Order2 - PR6 M Order2",-2.16666666666667,2.90240875966621,19,-0.746506383517065,1
"1216","NR2 F Order2 - NR3 F Order2",-0.166666666666667,1.03942741772821,19,-0.160344689608953,1
"1217","NR2 F Order2 - NR4 F Order2",-0.833333333333338,1.32508413061827,19,-0.628890886305094,1
"1218","NR2 F Order2 - NR5 F Order2",-2,1.91493056383971,19,-1.04442429285254,1
"1219","NR2 F Order2 - NR6 F Order2",-4.5,1.85324119422611,19,-2.42817827167885,0.925100795743463
"1220","NR2 F Order2 - PR0 F Order2",4.16666666666666,2.0974085932449,19,1.98657842829776,0.992874688611822
"1221","NR2 F Order2 - PR1 F Order2",4.66666666666666,1.84240181405806,19,2.53292557088179,0.891097686119035
"1222","NR2 F Order2 - PR2 F Order2",3.33333333333333,1.62590505610321,19,2.05014021010691,0.988988594499699
"1223","NR2 F Order2 - PR3 F Order2",4.66666666666666,1.47553142374405,19,3.16270232647797,0.567318689829584
"1224","NR2 F Order2 - PR4 F Order2",3.33333333333333,1.39275485347255,19,2.39333815640444,0.934704022711394
"1225","NR2 F Order2 - PR5 F Order2",2.16666666666667,1.72790986877785,19,1.25392342842463,0.999999449416753
"1226","NR2 F Order2 - PR6 F Order2",2,1.27607310648701,19,1.5673083225662,0.999885721591273
"1227","NR2 F Order2 - NR0 M Order2",-13.5,3.00973080725897,19,-4.48545098034689,0.0815902784440998
"1228","NR2 F Order2 - NR1 M Order2",-9.83333333333334,2.93332336521432,19,-3.35228411907968,0.460008244336735
"1229","NR2 F Order2 - NR2 M Order2",-6.66666666666667,2.6766261385147,19,-2.49069773725146,0.905731407810617
"1230","NR2 F Order2 - NR3 M Order2",-9.5,2.83807652514394,19,-3.34733750687649,0.462709207003765
"1231","NR2 F Order2 - NR4 M Order2",-7.66666666666667,2.88254476591178,19,-2.6596869395857,0.839952829256247
"1232","NR2 F Order2 - NR5 M Order2",-6,3.03223423311004,19,-1.97873895574553,0.993265883055933
"1233","NR2 F Order2 - NR6 M Order2",-8.66666666666667,3.05294412596387,19,-2.83878980717685,0.751836793878027
"1234","NR2 F Order2 - PR0 M Order2",2.99999999999999,2.13827552532928,19,1.40299973715408,0.999990340416998
"1235","NR2 F Order2 - PR1 M Order2",5.33333333333333,2.23770193312703,19,2.38339756264158,0.937289151129267
"1236","NR2 F Order2 - PR2 M Order2",4.33333333333333,2.2891174018674,19,1.89301489290078,0.996521569179371
"1237","NR2 F Order2 - PR3 M Order2",3.5,2.35950237592343,19,1.48336362604009,0.999965033859645
"1238","NR2 F Order2 - PR4 M Order2",-0.16666666666667,2.49279663986441,19,-0.0668593113458846,1
"1239","NR2 F Order2 - PR5 M Order2",-2.16666666666667,2.52883950454869,19,-0.856782987915771,1
"1240","NR2 F Order2 - PR6 M Order2",-4.33333333333334,2.64271037547722,19,-1.6397306997937,0.99971679475338
"1241","NR3 F Order2 - NR4 F Order2",-0.666666666666672,1.44792652716572,19,-0.460428519098725,1
"1242","NR3 F Order2 - NR5 F Order2",-1.83333333333334,2.13067268295047,19,-0.860448133588783,1
"1243","NR3 F Order2 - NR6 F Order2",-4.33333333333333,2.11655960497301,19,-2.04734765000327,0.989188370679543
"1244","NR3 F Order2 - PR0 F Order2",4.33333333333333,2.18781848141073,19,1.98066401310366,0.993171457925298
"1245","NR3 F Order2 - PR1 F Order2",4.83333333333333,1.90980847758424,19,2.53079478390793,0.891865766249682
"1246","NR3 F Order2 - PR2 F Order2",3.5,1.7493524282227,19,2.00074035599328,0.992122003463261
"1247","NR3 F Order2 - PR3 F Order2",4.83333333333333,1.72536969510749,19,2.80133199686935,0.771537478338843
"1248","NR3 F Order2 - PR4 F Order2",3.5,1.79578779402512,19,1.9490053399656,0.994595779179699
"1249","NR3 F Order2 - PR5 F Order2",2.33333333333333,1.57613785130482,19,1.48041196485552,0.999966554852505
"1250","NR3 F Order2 - PR6 F Order2",2.16666666666666,1.29257890819792,19,1.6762355109812,0.99956831638238
"1251","NR3 F Order2 - NR0 M Order2",-13.3333333333333,3.15417666108871,19,-4.22719928716077,0.127423973157106
"1252","NR3 F Order2 - NR1 M Order2",-9.66666666666667,3.08135308624397,19,-3.13714994552925,0.582175667962001
"1253","NR3 F Order2 - NR2 M Order2",-6.5,2.83807652514394,19,-2.29028355733654,0.958259397568506
"1254","NR3 F Order2 - NR3 M Order2",-9.33333333333333,2.99082417399721,19,-3.12065597652951,0.591783871324757
"1255","NR3 F Order2 - NR4 M Order2",-7.50000000000001,3.03305377543465,19,-2.47275536647062,0.91157159103587
"1256","NR3 F Order2 - NR5 M Order2",-5.83333333333334,3.17565667565583,19,-1.83689042271191,0.997844944426201
"1257","NR3 F Order2 - NR6 M Order2",-8.5,3.19543717094395,19,-2.66004291284158,0.839794771714725
"1258","NR3 F Order2 - PR0 M Order2",3.16666666666666,2.33721481670282,19,1.35488900893328,0.99999587626616
"1259","NR3 F Order2 - PR1 M Order2",5.5,2.42850999971453,19,2.26476316780517,0.963022939424367
"1260","NR3 F Order2 - PR2 M Order2",4.5,2.47596634805991,19,1.81747219768397,0.998190741793117
"1261","NR3 F Order2 - PR3 M Order2",3.66666666666666,2.54118128813772,19,1.44289849912823,0.999981334227529
"1262","NR3 F Order2 - PR4 M Order2",-2.99760216648792e-15,2.66540540348223,19,-1.12463273413181e-15,1
"1263","NR3 F Order2 - PR5 M Order2",-2,2.69914433051644,19,-0.740975566733524,1
"1264","NR3 F Order2 - PR6 M Order2",-4.16666666666667,2.80611279278791,19,-1.48485359440133,0.999964242740119
"1265","NR4 F Order2 - NR5 F Order2",-1.16666666666666,1.61190744586502,19,-0.723780183322238,1
"1266","NR4 F Order2 - NR6 F Order2",-3.66666666666666,1.35734949840441,19,-2.70134307411384,0.820950098930113
"1267","NR4 F Order2 - PR0 F Order2",5,2.39272777365717,19,2.08966521601316,0.985839631893848
"1268","NR4 F Order2 - PR1 F Order2",5.5,2.00394348066112,19,2.74458838439171,0.800196330109898
"1269","NR4 F Order2 - PR2 F Order2",4.16666666666667,1.8085243249451,19,2.30390413288644,0.955548803469744
"1270","NR4 F Order2 - PR3 F Order2",5.5,1.7547762723726,19,3.13430269521684,0.583833496727096
"1271","NR4 F Order2 - PR4 F Order2",4.16666666666667,1.82085064627042,19,2.28830776165036,0.958642773564461
"1272","NR4 F Order2 - PR5 F Order2",3,1.88763288134553,19,1.58929208621411,0.999847886417088
"1273","NR4 F Order2 - PR6 F Order2",2.83333333333333,1.73154428590062,19,1.63630428421855,0.999728104707983
"1274","NR4 F Order2 - NR0 M Order2",-12.6666666666667,3.19424738776899,19,-3.96546200997715,0.19531319459536
"1275","NR4 F Order2 - NR1 M Order2",-9,3.12235853274693,19,-2.88243643566524,0.728209695672036
"1276","NR4 F Order2 - NR2 M Order2",-5.83333333333333,2.88254476591178,19,-2.02367484533694,0.990769978187109
"1277","NR4 F Order2 - NR3 M Order2",-8.66666666666666,3.03305377543465,19,-2.85740620125494,0.741841355291185
"1278","NR4 F Order2 - NR4 M Order2",-6.83333333333333,3.07470342790823,19,-2.22243656780327,0.970051235903055
"1279","NR4 F Order2 - NR5 M Order2",-5.16666666666667,3.21545973175683,19,-1.60682051640676,0.999810198309772
"1280","NR4 F Order2 - NR6 M Order2",-7.83333333333333,3.23499685909625,19,-2.42143460241928,0.927025836155085
"1281","NR4 F Order2 - PR0 M Order2",3.83333333333333,2.39101632456315,19,1.60322340502368,0.999818541136535
"1282","NR4 F Order2 - PR1 M Order2",6.16666666666667,2.48033199060645,19,2.48622631567918,0.907208004638096
"1283","NR4 F Order2 - PR2 M Order2",5.16666666666667,2.52681525277125,19,2.04473463621854,0.989372718462819
"1284","NR4 F Order2 - PR3 M Order2",4.33333333333333,2.5907505291119,19,1.67261698285508,0.999585562630615
"1285","NR4 F Order2 - PR4 M Order2",0.666666666666669,2.71270564747165,19,0.245757097637198,1
"1286","NR4 F Order2 - PR5 M Order2",-1.33333333333333,2.74586344923985,19,-0.485578892753187,1
"1287","NR4 F Order2 - PR6 M Order2",-3.5,2.85107961494593,19,-1.22760514355765,0.999999692136101
"1288","NR5 F Order2 - NR6 F Order2",-2.5,1.37319791531297,19,-1.82056786725475,0.998138980073063
"1289","NR5 F Order2 - PR0 F Order2",6.16666666666666,2.62054411563482,19,2.35320086003314,0.944725639292021
"1290","NR5 F Order2 - PR1 F Order2",6.66666666666667,2.26568606239552,19,2.9424494316825,0.694756553437382
"1291","NR5 F Order2 - PR2 F Order2",5.33333333333333,2.15374011691942,19,2.47631238859116,0.910431770923774
"1292","NR5 F Order2 - PR3 F Order2",6.66666666666666,2.06933896273425,19,3.22164072040566,0.533284443337448
"1293","NR5 F Order2 - PR4 F Order2",5.33333333333333,2.01086231539158,19,2.65226181450159,0.84323221142379
"1294","NR5 F Order2 - PR5 F Order2",4.16666666666667,2.0126791082988,19,2.07020913045026,0.987466577301113
"1295","NR5 F Order2 - PR6 F Order2",4,2.26439514663783,19,1.76647614085342,0.998884442455929
"1296","NR5 F Order2 - NR0 M Order2",-11.5,3.32995442780049,19,-3.4535007158029,0.406355890335711
"1297","NR5 F Order2 - NR1 M Order2",-7.83333333333334,3.26105855880826,19,-2.40208300221263,0.932373215080881
"1298","NR5 F Order2 - NR2 M Order2",-4.66666666666667,3.03223423311004,19,-1.53901918780208,0.99992202863298
"1299","NR5 F Order2 - NR3 M Order2",-7.5,3.17565667565583,19,-2.36171625777245,0.942691591190557
"1300","NR5 F Order2 - NR4 M Order2",-5.66666666666667,3.21545973175683,19,-1.76231927605903,0.998929282789052
"1301","NR5 F Order2 - NR5 M Order2",-4,3.35030765803811,19,-1.19392020323959,0.999999859124901
"1302","NR5 F Order2 - NR6 M Order2",-6.66666666666667,3.36906289572065,19,-1.97878961391151,0.993263411749608
"1303","NR5 F Order2 - PR0 M Order2",5,2.56950173794192,19,1.94590255619162,0.994721307442338
"1304","NR5 F Order2 - PR1 M Order2",7.33333333333333,2.6528149013048,19,2.76435922073809,0.790385105218399
"1305","NR5 F Order2 - PR2 M Order2",6.33333333333333,2.69632628563319,19,2.34887497372969,0.945740161198562
"1306","NR5 F Order2 - PR3 M Order2",5.5,2.75633242208784,19,1.9954051825991,0.992412664793514
"1307","NR5 F Order2 - PR4 M Order2",1.83333333333333,2.87126314481686,19,0.638511080617192,1
"1308","NR5 F Order2 - PR5 M Order2",-0.166666666666667,2.90261023887645,19,-0.0574195820142839,1
"1309","NR5 F Order2 - PR6 M Order2",-2.33333333333334,3.00233827003542,19,-0.77717203175304,1
"1310","NR6 F Order2 - PR0 F Order2",8.66666666666666,2.54210163088622,19,3.40925262836377,0.429413479566538
"1311","NR6 F Order2 - PR1 F Order2",9.16666666666666,2.30490197175828,19,3.97703103168155,0.191781143205258
"1312","NR6 F Order2 - PR2 F Order2",7.83333333333333,1.94703252990663,19,4.02321646557645,0.178195318805423
"1313","NR6 F Order2 - PR3 F Order2",9.16666666666666,2.01848185670517,19,4.54136688730494,0.073893504002884
"1314","NR6 F Order2 - PR4 F Order2",7.83333333333333,2.1862141166278,19,3.58305861889507,0.342886900457947
"1315","NR6 F Order2 - PR5 F Order2",6.66666666666667,2.14973138536882,19,3.10116264387278,0.603148168806868
"1316","NR6 F Order2 - PR6 F Order2",6.5,2.10464537719367,19,3.08840627995348,0.610585653699618
"1317","NR6 F Order2 - NR0 M Order2",-9.00000000000001,3.34882365660555,19,-2.68751087631847,0.827371650201843
"1318","NR6 F Order2 - NR1 M Order2",-5.33333333333334,3.28032411749045,19,-1.62585559911485,0.999760191213096
"1319","NR6 F Order2 - NR2 M Order2",-2.16666666666667,3.05294412596387,19,-0.709697451794211,1
"1320","NR6 F Order2 - NR3 M Order2",-5,3.19543717094395,19,-1.56473112520093,0.999889558826063
"1321","NR6 F Order2 - NR4 M Order2",-3.16666666666667,3.23499685909625,19,-0.978877817999284,1
"1322","NR6 F Order2 - NR5 M Order2",-1.5,3.36906289572065,19,-0.44522766313009,1
"1323","NR6 F Order2 - NR6 M Order2",-4.16666666666667,3.38771430128553,19,-1.22993449154952,0.999999675550909
"1324","NR6 F Order2 - PR0 M Order2",7.5,2.59390874417344,19,2.89138930459557,0.723284172359767
"1325","NR6 F Order2 - PR1 M Order2",9.83333333333333,2.67646227180539,19,3.67400408999613,0.302280373523488
"1326","NR6 F Order2 - PR2 M Order2",8.83333333333333,2.71959534313643,19,3.24803223230486,0.518199797047391
"1327","NR6 F Order2 - PR3 M Order2",8,2.7790991009436,19,2.87863070348363,0.730295781293497
"1328","NR6 F Order2 - PR4 M Order2",4.33333333333333,2.893125548364,19,1.49780341740915,0.999956660807582
"1329","NR6 F Order2 - PR5 M Order2",2.33333333333333,2.92423829238372,19,0.797928588586839,1
"1330","NR6 F Order2 - PR6 M Order2",0.166666666666661,3.02325296320572,19,0.0551282571108225,1
"1331","PR0 F Order2 - PR1 F Order2",0.5,1.12572263990217,19,0.444159140339803,1
"1332","PR0 F Order2 - PR2 F Order2",-0.833333333333333,1.17304023452432,19,-0.710404731915492,1
"1333","PR0 F Order2 - PR3 F Order2",0.5,1.42358989429347,19,0.351224746680398,1
"1334","PR0 F Order2 - PR4 F Order2",-0.833333333333331,1.91325019686121,19,-0.435558995211634,1
"1335","PR0 F Order2 - PR5 F Order2",-2,1.76929628856366,19,-1.13039292114473,1
"1336","PR0 F Order2 - PR6 F Order2",-2.16666666666667,1.746676041223,19,-1.24045135762531,0.999999589843015
"1337","PR0 F Order2 - NR0 M Order2",-17.6666666666667,2.54290665754877,19,-6.94743026222458,0.000796720775765203
"1338","PR0 F Order2 - NR1 M Order2",-14,2.45199524912965,19,-5.70963585878454,0.00833360041036868
"1339","PR0 F Order2 - NR2 M Order2",-10.8333333333333,2.13827552532928,19,-5.06638793972309,0.0282436637531397
"1340","PR0 F Order2 - NR3 M Order2",-13.6666666666667,2.33721481670282,19,-5.84741572276469,0.00640359108427613
"1341","PR0 F Order2 - NR4 M Order2",-11.8333333333333,2.39101632456315,19,-4.94908094594265,0.035152744260549
"1342","PR0 F Order2 - NR5 M Order2",-10.1666666666667,2.56950173794192,19,-3.95666853092297,0.198032897160597
"1343","PR0 F Order2 - NR6 M Order2",-12.8333333333333,2.59390874417344,19,-4.94748836564131,0.0352568935853987
"1344","PR0 F Order2 - PR0 M Order2",-1.16666666666667,1.40716628692714,19,-0.829089410047152,1
"1345","PR0 F Order2 - PR1 M Order2",1.16666666666667,1.55409287958042,19,0.750705882509188,1
"1346","PR0 F Order2 - PR2 M Order2",0.166666666666667,1.62725327357921,19,0.102422081044628,1
"1347","PR0 F Order2 - PR3 M Order2",-0.666666666666666,1.72486121146903,19,-0.386504526992569,1
"1348","PR0 F Order2 - PR4 M Order2",-4.33333333333333,1.90313683810739,19,-2.27694259633096,0.960800245022748
"1349","PR0 F Order2 - PR5 M Order2",-6.33333333333333,1.95010870892066,19,-3.24768219554216,0.51839909487009
"1350","PR0 F Order2 - PR6 M Order2",-8.5,2.09566525606956,19,-4.05599127789228,0.169043677737248
"1351","PR1 F Order2 - PR2 F Order2",-1.33333333333333,1.05741602738504,19,-1.26093543014534,0.999999359860714
"1352","PR1 F Order2 - PR3 F Order2",-4.85722573273506e-16,0.973478720216036,19,-4.989555120072e-16,1
"1353","PR1 F Order2 - PR4 F Order2",-1.33333333333333,1.48491439491774,19,-0.897919326458677,1
"1354","PR1 F Order2 - PR5 F Order2",-2.5,1.69571182589826,19,-1.47430710915499,0.999969513353526
"1355","PR1 F Order2 - PR6 F Order2",-2.66666666666667,1.62761260962722,19,-1.63839150108171,0.999721263235184
"1356","PR1 F Order2 - NR0 M Order2",-18.1666666666667,2.6270633772911,19,-6.91519923870253,0.000846078958194996
"1357","PR1 F Order2 - NR1 M Order2",-14.5,2.53916687538504,19,-5.71053448300881,0.00831929844817769
"1358","PR1 F Order2 - NR2 M Order2",-11.3333333333333,2.23770193312703,19,-5.06471982061336,0.0283320292132124
"1359","PR1 F Order2 - NR3 M Order2",-14.1666666666667,2.42850999971453,19,-5.83348088677089,0.00657652121311958
"1360","PR1 F Order2 - NR4 M Order2",-12.3333333333333,2.48033199060645,19,-4.97245263135836,0.0336578628538577
"1361","PR1 F Order2 - NR5 M Order2",-10.6666666666667,2.6528149013048,19,-4.0208861392554,0.178861321228389
"1362","PR1 F Order2 - NR6 M Order2",-13.3333333333333,2.67646227180539,19,-4.9817004610117,0.0330833844224705
"1363","PR1 F Order2 - PR0 M Order2",-1.66666666666667,1.55409287958042,19,-1.07243697501313,1
"1364","PR1 F Order2 - PR1 M Order2",0.666666666666667,1.68828090010544,19,0.394878995921255,1
"1365","PR1 F Order2 - PR2 M Order2",-0.333333333333333,1.75585903069481,19,-0.189840600814879,1
"1366","PR1 F Order2 - PR3 M Order2",-1.16666666666667,1.84668186706012,19,-0.631763752856888,1
"1367","PR1 F Order2 - PR4 M Order2",-4.83333333333333,2.01420394793071,19,-2.39962459526448,0.933033837488806
"1368","PR1 F Order2 - PR5 M Order2",-6.83333333333333,2.05864316866873,19,-3.3193384056705,0.47812009655045
"1369","PR1 F Order2 - PR6 M Order2",-9,2.19702084304982,19,-4.09645635746749,0.158288939591822
"1370","PR2 F Order2 - PR3 F Order2",1.33333333333333,0.880091701761113,19,1.51499364289569,0.999944382376237
"1371","PR2 F Order2 - PR4 F Order2",2.79875948805408e-15,1.35734949840441,19,2.06192987977236e-15,1
"1372","PR2 F Order2 - PR5 F Order2",-1.16666666666666,1.29664434202583,19,-0.89975842168401,1
"1373","PR2 F Order2 - PR6 F Order2",-1.33333333333333,1.41048703794488,19,-0.945299954883695,1
"1374","PR2 F Order2 - NR0 M Order2",-16.8333333333333,2.67099429544801,19,-6.30227228939472,0.00268774699315288
"1375","PR2 F Order2 - NR1 M Order2",-13.1666666666667,2.58459222297529,19,-5.09429168347094,0.026804459927638
"1376","PR2 F Order2 - NR2 M Order2",-10,2.2891174018674,19,-4.36849590669411,0.100100931689641
"1377","PR2 F Order2 - NR3 M Order2",-12.8333333333333,2.47596634805991,19,-5.18316145265428,0.02267916836671
"1378","PR2 F Order2 - NR4 M Order2",-11,2.52681525277125,19,-4.35330599969108,0.102764258591208
"1379","PR2 F Order2 - NR5 M Order2",-9.33333333333333,2.69632628563319,19,-3.46149996128586,0.402258248031592
"1380","PR2 F Order2 - NR6 M Order2",-12,2.71959534313643,19,-4.41242114577264,0.0927446642275369
"1381","PR2 F Order2 - PR0 M Order2",-0.333333333333335,1.62725327357921,19,-0.204844162089257,1
"1382","PR2 F Order2 - PR1 M Order2",2,1.75585903069481,19,1.13904360488927,1
"1383","PR2 F Order2 - PR2 M Order2",1,1.82093093600065,19,0.549169647365276,1
"1384","PR2 F Order2 - PR3 M Order2",0.166666666666667,1.90865985868105,19,0.0873213034311099,1
"1385","PR2 F Order2 - PR4 M Order2",-3.5,2.07117504858265,19,-1.68986199519694,0.999497658437236
"1386","PR2 F Order2 - PR5 M Order2",-5.5,2.11441723269513,19,-2.60118954525804,0.864858441859034
"1387","PR2 F Order2 - PR6 M Order2",-7.66666666666667,2.24936638251909,19,-3.40836723010001,0.429881407783119
"1388","PR3 F Order2 - PR4 F Order2",-1.33333333333333,1.04629672756119,19,-1.27433575792709,0.999999150247298
"1389","PR3 F Order2 - PR5 F Order2",-2.5,1.42543724696292,19,-1.75384781429457,0.999015918057528
"1390","PR3 F Order2 - PR6 F Order2",-2.66666666666667,1.41638284050506,19,-1.88273014216677,0.996804564529251
"1391","PR3 F Order2 - NR0 M Order2",-18.1666666666667,2.73155697520149,19,-6.65066364406571,0.00138952208175991
"1392","PR3 F Order2 - NR1 M Order2",-14.5,2.64713239969603,19,-5.4776255247622,0.0129764061475511
"1393","PR3 F Order2 - NR2 M Order2",-11.3333333333333,2.35950237592343,19,-4.80327269384412,0.0460144114697524
"1394","PR3 F Order2 - NR3 M Order2",-14.1666666666667,2.54118128813772,19,-5.57483511026817,0.0107809530407716
"1395","PR3 F Order2 - NR4 M Order2",-12.3333333333333,2.5907505291119,19,-4.76052525889522,0.049760315292297
"1396","PR3 F Order2 - NR5 M Order2",-10.6666666666667,2.75633242208784,19,-3.86987671776794,0.22653131418234
"1397","PR3 F Order2 - NR6 M Order2",-13.3333333333333,2.7790991009436,19,-4.79771783913939,0.0464856293837551
"1398","PR3 F Order2 - PR0 M Order2",-1.66666666666667,1.72486121146903,19,-0.966261317481423,1
"1399","PR3 F Order2 - PR1 M Order2",0.666666666666667,1.84668186706012,19,0.361007858775365,1
"1400","PR3 F Order2 - PR2 M Order2",-0.333333333333333,1.90865985868105,19,-0.174642606862219,1
"1401","PR3 F Order2 - PR3 M Order2",-1.16666666666667,1.99252990908455,19,-0.585520278188788,1
"1402","PR3 F Order2 - PR4 M Order2",-4.83333333333333,2.14871102392283,19,-2.24941059059179,0.965695392794085
"1403","PR3 F Order2 - PR5 M Order2",-6.83333333333333,2.19042306789676,19,-3.11964087371244,0.592375494990571
"1404","PR3 F Order2 - PR6 M Order2",-9,2.32095715282794,19,-3.87771053379167,0.223833898005173
"1405","PR4 F Order2 - PR5 F Order2",-1.16666666666667,1.49668249122256,19,-0.779501780443546,1
"1406","PR4 F Order2 - PR6 F Order2",-1.33333333333334,1.48491439491774,19,-0.897919326458681,1
"1407","PR4 F Order2 - NR0 M Order2",-16.8333333333333,2.84748786380257,19,-5.91164357443613,0.00566352772940282
"1408","PR4 F Order2 - NR1 M Order2",-13.1666666666667,2.76660325439906,19,-4.7591452246472,0.049885920228081
"1409","PR4 F Order2 - NR2 M Order2",-10,2.49279663986441,19,-4.011558680753,0.181547656807778
"1410","PR4 F Order2 - NR3 M Order2",-12.8333333333333,2.66540540348223,19,-4.81477726298865,0.045052840011941
"1411","PR4 F Order2 - NR4 M Order2",-11,2.71270564747165,19,-4.05499211101376,0.169316780541374
"1412","PR4 F Order2 - NR5 M Order2",-9.33333333333334,2.87126314481686,19,-3.25060186496025,0.516737419804254
"1413","PR4 F Order2 - NR6 M Order2",-12,2.893125548364,19,-4.14776330974843,0.145488792093636
"1414","PR4 F Order2 - PR0 M Order2",-0.333333333333338,1.90313683810739,19,-0.175149430486999,1
"1415","PR4 F Order2 - PR1 M Order2",2,2.01420394793071,19,0.992948108385299,1
"1416","PR4 F Order2 - PR2 M Order2",0.999999999999998,2.07117504858265,19,0.482817712913411,1
"1417","PR4 F Order2 - PR3 M Order2",0.166666666666664,2.14871102392283,19,0.0775658824341985,1
"1418","PR4 F Order2 - PR4 M Order2",-3.5,2.29428478835093,19,-1.52552988093327,0.999935401796851
"1419","PR4 F Order2 - PR5 M Order2",-5.5,2.33339598913371,19,-2.35707956369717,0.943805233280278
"1420","PR4 F Order2 - PR6 M Order2",-7.66666666666667,2.45634397652164,19,-3.12116981169845,0.59148440757838
"1421","PR5 F Order2 - PR6 F Order2",-0.16666666666667,1.2766458245745,19,-0.130550434159935,1
"1422","PR5 F Order2 - NR0 M Order2",-15.6666666666667,2.87909383079984,19,-5.44152694819061,0.0138996423653432
"1423","PR5 F Order2 - NR1 M Order2",-12,2.79912266956956,19,-4.28705755930493,0.115134092913269
"1424","PR5 F Order2 - NR2 M Order2",-8.83333333333333,2.52883950454869,19,-3.49303833534891,0.38632342234812
"1425","PR5 F Order2 - NR3 M Order2",-11.6666666666667,2.69914433051644,19,-4.32235747261222,0.108387486733458
"1426","PR5 F Order2 - NR4 M Order2",-9.83333333333334,2.74586344923985,19,-3.58114433405476,0.343777730410905
"1427","PR5 F Order2 - NR5 M Order2",-8.16666666666667,2.90261023887645,19,-2.81355951869991,0.765170052022972
"1428","PR5 F Order2 - NR6 M Order2",-10.8333333333333,2.92423829238372,19,-3.70466844701032,0.289360145977396
"1429","PR5 F Order2 - PR0 M Order2",0.833333333333329,1.95010870892066,19,0.427326604676599,1
"1430","PR5 F Order2 - PR1 M Order2",3.16666666666666,2.05864316866873,19,1.53822999287169,0.999922874100027
"1431","PR5 F Order2 - PR2 M Order2",2.16666666666666,2.11441723269513,19,1.02471103298044,1
"1432","PR5 F Order2 - PR3 M Order2",1.33333333333333,2.19042306789676,19,0.608710414382913,1
"1433","PR5 F Order2 - PR4 M Order2",-2.33333333333333,2.33339598913371,19,-0.999973148235164,1
"1434","PR5 F Order2 - PR5 M Order2",-4.33333333333333,2.37186234721833,19,-1.82697505123574,0.998027857027637
"1435","PR5 F Order2 - PR6 M Order2",-6.50000000000001,2.49291393414232,19,-2.60739045619572,0.86232137787999
"1436","PR6 F Order2 - NR0 M Order2",-15.5,2.97960906419594,19,-5.20202471735424,0.0218866137738559
"1437","PR6 F Order2 - NR1 M Order2",-11.8333333333333,2.90240875966621,19,-4.07707332536242,0.163366534119583
"1438","PR6 F Order2 - NR2 M Order2",-8.66666666666666,2.64271037547722,19,-3.27946139958739,0.500400105481294
"1439","PR6 F Order2 - NR3 M Order2",-11.5,2.80611279278791,19,-4.09819592054766,0.157839820065138
"1440","PR6 F Order2 - NR4 M Order2",-9.66666666666667,2.85107961494593,19,-3.39052849173066,0.439361539136032
"1441","PR6 F Order2 - NR5 M Order2",-8,3.00233827003542,19,-2.66458982315327,0.837769170914024
"1442","PR6 F Order2 - NR6 M Order2",-10.6666666666667,3.02325296320572,19,-3.52820845509276,0.368983443360939
"1443","PR6 F Order2 - PR0 M Order2",0.999999999999999,2.09566525606956,19,0.477175444457914,1
"1444","PR6 F Order2 - PR1 M Order2",3.33333333333333,2.19702084304982,19,1.51720605832129,0.999942594991676
"1445","PR6 F Order2 - PR2 M Order2",2.33333333333333,2.24936638251909,19,1.03732915698696,1
"1446","PR6 F Order2 - PR3 M Order2",1.5,2.32095715282794,19,0.646285088965278,1
"1447","PR6 F Order2 - PR4 M Order2",-2.16666666666667,2.45634397652164,19,-0.882069729393039,1
"1448","PR6 F Order2 - PR5 M Order2",-4.16666666666666,2.49291393414232,19,-1.671404138587,0.999591207645768
"1449","PR6 F Order2 - PR6 M Order2",-6.33333333333334,2.608353651622,19,-2.42809610169041,0.925124443904582
"1450","NR0 M Order2 - NR1 M Order2",3.66666666666667,1.42871553157913,19,2.56640778770983,0.878619887602622
"1451","NR0 M Order2 - NR2 M Order2",6.83333333333334,1.73323211580315,19,3.94253791574067,0.202467103435857
"1452","NR0 M Order2 - NR3 M Order2",4.00000000000001,1.47186081848993,19,2.71764826521019,0.813243113320264
"1453","NR0 M Order2 - NR4 M Order2",5.83333333333334,2.25164007801773,19,2.59070416727918,0.869091339435121
"1454","NR0 M Order2 - NR5 M Order2",7.5,3.00004873254766,19,2.49995939020329,0.902628344351206
"1455","NR0 M Order2 - NR6 M Order2",4.83333333333334,2.61764145436798,19,1.84644590085785,0.997655444279524
"1456","NR0 M Order2 - PR0 M Order2",16.5,2.42061081653912,19,6.81646131929251,0.0010176205344965
"1457","NR0 M Order2 - PR1 M Order2",18.8333333333333,2.18480933100934,19,8.62012673876336,3.99324238143928e-05
"1458","NR0 M Order2 - PR2 M Order2",17.8333333333333,2.18507697885195,19,8.16142108764655,8.83774937434634e-05
"1459","NR0 M Order2 - PR3 M Order2",17,2.05309636363289,19,8.28017637219866,7.18050776868928e-05
"1460","NR0 M Order2 - PR4 M Order2",13.3333333333333,2.23056911941577,19,5.97754771070516,0.00499313680420799
"1461","NR0 M Order2 - PR5 M Order2",11.3333333333333,1.98893135960404,19,5.69820234298563,0.00851772181660559
"1462","NR0 M Order2 - PR6 M Order2",9.16666666666667,1.55644293820334,19,5.88949741854854,0.00590849347314415
"1463","NR1 M Order2 - NR2 M Order2",3.16666666666667,1.21864175182793,19,2.59852139639624,0.865942393136898
"1464","NR1 M Order2 - NR3 M Order2",0.333333333333339,1.06567936764295,19,0.312789515734549,1
"1465","NR1 M Order2 - NR4 M Order2",2.16666666666667,1.49208437746452,19,1.45210733346626,0.999978393044356
"1466","NR1 M Order2 - NR5 M Order2",3.83333333333334,2.20803953689494,19,1.73608002451078,0.999178374659544
"1467","NR1 M Order2 - NR6 M Order2",1.16666666666667,2.13307290077015,19,0.546941769428247,1
"1468","NR1 M Order2 - PR0 M Order2",12.8333333333333,2.48586648147938,19,5.1625191573829,0.0235785013507341
"1469","NR1 M Order2 - PR1 M Order2",15.1666666666667,1.95160752453575,19,7.77137128033697,0.000176499055288382
"1470","NR1 M Order2 - PR2 M Order2",14.1666666666667,1.9901805730763,19,7.11828205858161,0.000580106033975736
"1471","NR1 M Order2 - PR3 M Order2",13.3333333333333,1.73786519574923,19,7.67224832279646,0.000210906523360088
"1472","NR1 M Order2 - PR4 M Order2",9.66666666666667,1.64414609273903,19,5.87944508663626,0.00602316077314191
"1473","NR1 M Order2 - PR5 M Order2",7.66666666666667,1.91760084023139,19,3.99805137013893,0.185496480065696
"1474","NR1 M Order2 - PR6 M Order2",5.5,1.51850187791006,19,3.62199091091658,0.325089529008823
"1475","NR2 M Order2 - NR3 M Order2",-2.83333333333333,1.03942741772821,19,-2.72585972335221,0.809306977793861
"1476","NR2 M Order2 - NR4 M Order2",-1.00000000000001,1.32508413061827,19,-0.754669063566112,1
"1477","NR2 M Order2 - NR5 M Order2",0.666666666666664,1.91493056383971,19,0.348141430950843,1
"1478","NR2 M Order2 - NR6 M Order2",-2,1.85324119422611,19,-1.07919034296838,1
"1479","NR2 M Order2 - PR0 M Order2",9.66666666666666,2.0974085932449,19,4.6088619536508,0.0654956491965718
"1480","NR2 M Order2 - PR1 M Order2",12,1.84240181405806,19,6.51323718226746,0.00180117923166523
"1481","NR2 M Order2 - PR2 M Order2",11,1.62590505610321,19,6.76546269335282,0.00111972946036409
"1482","NR2 M Order2 - PR3 M Order2",10.1666666666667,1.47553142374405,19,6.8901729255413,0.000886550225507876
"1483","NR2 M Order2 - PR4 M Order2",6.5,1.39275485347255,19,4.66700940498866,0.0589805832394368
"1484","NR2 M Order2 - PR5 M Order2",4.5,1.72790986877785,19,2.60430250518961,0.86358791704295
"1485","NR2 M Order2 - PR6 M Order2",2.33333333333333,1.27607310648701,19,1.82852637632723,0.998000130248289
"1486","NR3 M Order2 - NR4 M Order2",1.83333333333333,1.44792652716572,19,1.26617842752148,0.999999284311693
"1487","NR3 M Order2 - NR5 M Order2",3.5,2.13067268295047,19,1.64267370957858,0.999706754234338
"1488","NR3 M Order2 - NR6 M Order2",0.833333333333331,2.11655960497301,19,0.393720701923704,1
"1489","NR3 M Order2 - PR0 M Order2",12.5,2.18781848141073,19,5.71345388395287,0.00827300356937721
"1490","NR3 M Order2 - PR1 M Order2",14.8333333333333,1.90980847758424,19,7.76692192302777,0.000177912175031714
"1491","NR3 M Order2 - PR2 M Order2",13.8333333333333,1.7493524282227,19,7.90768807368774,0.00013836723359939
"1492","NR3 M Order2 - PR3 M Order2",13,1.72536969510749,19,7.53461709502791,0.000270487771323435
"1493","NR3 M Order2 - PR4 M Order2",9.33333333333333,1.79578779402512,19,5.19734757324161,0.0220805734748953
"1494","NR3 M Order2 - PR5 M Order2",7.33333333333333,1.57613785130482,19,4.65272331811735,0.0605227346615675
"1495","NR3 M Order2 - PR6 M Order2",5.16666666666666,1.29257890819792,19,3.9971769877244,0.185754508383043
"1496","NR4 M Order2 - NR5 M Order2",1.66666666666667,1.61190744586502,19,1.03397169046034,1
"1497","NR4 M Order2 - NR6 M Order2",-0.999999999999996,1.35734949840441,19,-0.736729929303773,1
"1498","NR4 M Order2 - PR0 M Order2",10.6666666666667,2.39272777365717,19,4.45795246082807,0.085638467990252
"1499","NR4 M Order2 - PR1 M Order2",13,2.00394348066112,19,6.48720890856221,0.00189213585658632
"1500","NR4 M Order2 - PR2 M Order2",12,1.8085243249451,19,6.63524390271293,0.00143049317952637
"1501","NR4 M Order2 - PR3 M Order2",11.1666666666667,1.7547762723726,19,6.36358425998571,0.0023920786524031
"1502","NR4 M Order2 - PR4 M Order2",7.5,1.82085064627042,19,4.11895397097065,0.152563146016068
"1503","NR4 M Order2 - PR5 M Order2",5.5,1.88763288134553,19,2.91370215805921,0.710904184938908
"1504","NR4 M Order2 - PR6 M Order2",3.33333333333333,1.73154428590062,19,1.92506386378653,0.995504373442968
"1505","NR5 M Order2 - NR6 M Order2",-2.66666666666667,1.37319791531297,19,-1.94193905840507,0.994878187806132
"1506","NR5 M Order2 - PR0 M Order2",9,2.62054411563482,19,3.43440125518351,0.416228559829383
"1507","NR5 M Order2 - PR1 M Order2",11.3333333333333,2.26568606239552,19,5.00216403386025,0.0318455079702157
"1508","NR5 M Order2 - PR2 M Order2",10.3333333333333,2.15374011691942,19,4.79785525289538,0.0464739176371779
"1509","NR5 M Order2 - PR3 M Order2",9.5,2.06933896273425,19,4.59083802657806,0.0676472026349126
"1510","NR5 M Order2 - PR4 M Order2",5.83333333333333,2.01086231539158,19,2.90091135961111,0.718018642211099
"1511","NR5 M Order2 - PR5 M Order2",3.83333333333333,2.0126791082988,19,1.90459240001424,0.996178607718735
"1512","NR5 M Order2 - PR6 M Order2",1.66666666666666,2.26439514663783,19,0.736031725355588,1
"1513","NR6 M Order2 - PR0 M Order2",11.6666666666667,2.54210163088622,19,4.58937853818199,0.0678242625075327
"1514","NR6 M Order2 - PR1 M Order2",14,2.30490197175828,19,6.07401103020455,0.00415280568975884
"1515","NR6 M Order2 - PR2 M Order2",13,1.94703252990663,19,6.67682732585028,0.00132271504095416
"1516","NR6 M Order2 - PR3 M Order2",12.1666666666667,2.01848185670517,19,6.02763241405929,0.00453743749343161
"1517","NR6 M Order2 - PR4 M Order2",8.5,2.1862141166278,19,3.88799977794997,0.220329116378826
"1518","NR6 M Order2 - PR5 M Order2",6.5,2.14973138536882,19,3.02363357777596,0.648247375682176
"1519","NR6 M Order2 - PR6 M Order2",4.33333333333333,2.10464537719367,19,2.05893751996899,0.988340312545479
"1520","PR0 M Order2 - PR1 M Order2",2.33333333333334,1.12572263990217,19,2.07274265491908,0.987263360491207
"1521","PR0 M Order2 - PR2 M Order2",1.33333333333334,1.17304023452432,19,1.13664757106479,1
"1522","PR0 M Order2 - PR3 M Order2",0.500000000000002,1.42358989429347,19,0.351224746680399,1
"1523","PR0 M Order2 - PR4 M Order2",-3.16666666666666,1.91325019686121,19,-1.65512418180421,0.999660755798188
"1524","PR0 M Order2 - PR5 M Order2",-5.16666666666666,1.76929628856366,19,-2.92018171295721,0.707282941924858
"1525","PR0 M Order2 - PR6 M Order2",-7.33333333333333,1.746676041223,19,-4.19845074888565,0.133723656620509
"1526","PR1 M Order2 - PR2 M Order2",-1,1.05741602738504,19,-0.945701572609006,1
"1527","PR1 M Order2 - PR3 M Order2",-1.83333333333333,0.973478720216036,19,-1.8832803380915,0.996789923238014
"1528","PR1 M Order2 - PR4 M Order2",-5.5,1.48491439491774,19,-3.70391722164205,0.289671967351462
"1529","PR1 M Order2 - PR5 M Order2",-7.5,1.69571182589826,19,-4.42292132746497,0.0910600573207787
"1530","PR1 M Order2 - PR6 M Order2",-9.66666666666667,1.62761260962722,19,-5.9391691914212,0.00537319675935199
"1531","PR2 M Order2 - PR3 M Order2",-0.833333333333333,0.880091701761113,19,-0.946871026809804,1
"1532","PR2 M Order2 - PR4 M Order2",-4.5,1.35734949840441,19,-3.31528468186699,0.480367899272787
"1533","PR2 M Order2 - PR5 M Order2",-6.5,1.29664434202583,19,-5.01293977795378,0.0312117104746341
"1534","PR2 M Order2 - PR6 M Order2",-8.66666666666667,1.41048703794488,19,-6.14444970674402,0.00363042960941662
"1535","PR3 M Order2 - PR4 M Order2",-3.66666666666667,1.04629672756119,19,-3.50442333429951,0.380659758119621
"1536","PR3 M Order2 - PR5 M Order2",-5.66666666666666,1.42543724696292,19,-3.9753883790677,0.192279471016689
"1537","PR3 M Order2 - PR6 M Order2",-7.83333333333334,1.41638284050506,19,-5.53051979261488,0.0117320179641828
"1538","PR4 M Order2 - PR5 M Order2",-2,1.49668249122256,19,-1.33628876647465,0.999997084875963
"1539","PR4 M Order2 - PR6 M Order2",-4.16666666666667,1.48491439491774,19,-2.80599789518337,0.769115270455784
"1540","PR5 M Order2 - PR6 M Order2",-2.16666666666667,1.2766458245745,19,-1.69715564407913,0.999455879260603
