"","contrast","estimate","SE","df","t.ratio","p.value"
"1","NR0 F Order1 - NR1 F Order1",-0.060952380952385,0.651039521964687,19,-0.0936231655621225,1
"2","NR0 F Order1 - NR2 F Order1",0.454632034632034,0.54373120790975,19,0.836133788199802,1
"3","NR0 F Order1 - NR3 F Order1",-0.0254545454545473,0.506727242463049,19,-0.050233228690884,1
"4","NR0 F Order1 - NR4 F Order1",0.0471504965622592,0.663177970992092,19,0.0710978027387183,1
"5","NR0 F Order1 - NR5 F Order1",0.280555555555553,0.611391186793515,19,0.458880601512996,1
"6","NR0 F Order1 - NR6 F Order1",-0.313333333333334,0.582138043346792,19,-0.538245759600142,1
"7","NR0 F Order1 - PR0 F Order1",0.813333333333333,1.45246791732948,19,0.559966470604553,1
"8","NR0 F Order1 - PR1 F Order1",0.344285714285712,1.25355263909815,19,0.274647991274945,1
"9","NR0 F Order1 - PR2 F Order1",0.309999999999998,0.912901262483844,19,0.339576702037351,1
"10","NR0 F Order1 - PR3 F Order1",1.81120879120879,1.3669881638034,19,1.32496303857484,0.999997651849619
"11","NR0 F Order1 - PR4 F Order1",0.370000000000003,0.739761873220239,19,0.500160948264832,1
"12","NR0 F Order1 - PR5 F Order1",0.423333333355555,0.709357600214168,19,0.596784094831355,1
"13","NR0 F Order1 - PR6 F Order1",0.838333333333332,0.70426193994413,19,1.19037148791519,0.999999870595981
"14","NR0 F Order1 - NR0 M Order1",-0.234473304473305,0.749629493266851,19,-0.312785591521328,1
"15","NR0 F Order1 - NR1 M Order1",0.422782402782398,0.67969780818485,19,0.622015251029644,1
"16","NR0 F Order1 - NR2 M Order1",0.370859788359788,0.605354780757733,19,0.612632129369782,1
"17","NR0 F Order1 - NR3 M Order1",0.0354761904761886,0.629059280621645,19,0.0563956237019991,1
"18","NR0 F Order1 - NR4 M Order1",0.643809523809522,0.638918470441333,19,1.00765520734564,1
"19","NR0 F Order1 - NR5 M Order1",-0.75604617604618,0.622473858438604,19,-1.2145830154902,0.999999771260113
"20","NR0 F Order1 - NR6 M Order1",0.0718518518518509,0.610477920873268,19,0.117697707640383,1
"21","NR0 F Order1 - PR0 M Order1",0.162857142857142,1.1082836193751,19,0.14694536670042,1
"22","NR0 F Order1 - PR1 M Order1",-0.616111111111112,1.18177857262961,19,-0.52134225935421,1
"23","NR0 F Order1 - PR2 M Order1",-0.680000000000002,0.910761820335324,19,-0.746627696525135,1
"24","NR0 F Order1 - PR3 M Order1",0.0950661375661363,1.30201324759227,19,0.0730147237302968,1
"25","NR0 F Order1 - PR4 M Order1",0.296052188552192,0.666687881528193,19,0.444064151689057,1
"26","NR0 F Order1 - PR5 M Order1",0.110379990379989,0.620364011165962,19,0.177927778519151,1
"27","NR0 F Order1 - PR6 M Order1",-0.141201298701301,0.83699162487149,19,-0.16870096964588,1
"28","NR0 F Order1 - NR0 F Order2",-0.138730158730159,0.749629493266851,19,-0.185064968729524,1
"29","NR0 F Order1 - NR1 F Order2",0.367432659932656,0.67969780818485,19,0.540582381623231,1
"30","NR0 F Order1 - NR2 F Order2",0.623846153846153,0.605354780757733,19,1.03054634022263,1
"31","NR0 F Order1 - NR3 F Order2",0.760079365079363,0.629059280621645,19,1.20827939193305,0.999999802355272
"32","NR0 F Order1 - NR4 F Order2",0.294042950513537,0.638918470441333,19,0.460219831037952,1
"33","NR0 F Order1 - NR5 F Order2",0.471621808143544,0.622473858438604,19,0.757657212025814,1
"34","NR0 F Order1 - NR6 F Order2",0.401481481481481,0.610477920873268,19,0.657651108671015,1
"35","NR0 F Order1 - PR0 F Order2",2.10333333333333,1.1082836193751,19,1.89782948747298,0.996382163766935
"36","NR0 F Order1 - PR1 F Order2",2.02,1.18177857262961,19,1.70928805681867,0.999379726870582
"37","NR0 F Order1 - PR2 F Order2",0.936666666666665,0.910761820335324,19,1.02844305256648,1
"38","NR0 F Order1 - PR3 F Order2",1.11722222222222,1.30201324759227,19,0.858072853166607,1
"39","NR0 F Order1 - PR4 F Order2",0.547777777777781,0.666687881528193,19,0.821640520181881,1
"40","NR0 F Order1 - PR5 F Order2",0.0616666666666658,0.620364011165962,19,0.09940400403106,1
"41","NR0 F Order1 - PR6 F Order2",1.94956349206349,0.83699162487149,19,2.32925089586508,0.950184775327291
"42","NR0 F Order1 - NR0 M Order2",-0.495546749002631,0.749629493266851,19,-0.661055566054453,1
"43","NR0 F Order1 - NR1 M Order2",-0.154145299183766,0.67969780818485,19,-0.226785046718652,1
"44","NR0 F Order1 - NR2 M Order2",0.178309990662931,0.605354780757733,19,0.294554526256053,1
"45","NR0 F Order1 - NR3 M Order2",0.208888888888887,0.629059280621645,19,0.332065506898587,1
"46","NR0 F Order1 - NR4 M Order2",0.365191845191842,0.638918470441333,19,0.571578162296022,1
"47","NR0 F Order1 - NR5 M Order2",-0.367830687830693,0.622473858438604,19,-0.59091748648425,1
"48","NR0 F Order1 - NR6 M Order2",0.137222401781223,0.610477920873268,19,0.224778648153124,1
"49","NR0 F Order1 - PR0 M Order2",0.297777777777775,1.1082836193751,19,0.268683730925913,1
"50","NR0 F Order1 - PR1 M Order2",2.74222222222222,1.18177857262961,19,2.32041965029069,0.952101446653572
"51","NR0 F Order1 - PR2 M Order2",2.10333333333333,0.910761820335324,19,2.30942194366352,0.954416775335171
"52","NR0 F Order1 - PR3 M Order2",1.65888888888889,1.30201324759227,19,1.27409524592516,0.999999154510787
"53","NR0 F Order1 - PR4 M Order2",0.307215099715104,0.666687881528193,19,0.460807985606249,1
"54","NR0 F Order1 - PR5 M Order2",0.624166666666666,0.620364011165962,19,1.00612971647655,1
"55","NR0 F Order1 - PR6 M Order2",0.426672113289757,0.83699162487149,19,0.509768677022626,1
"56","NR1 F Order1 - NR2 F Order1",0.515584415584419,0.496227458327942,19,1.03900823489635,1
"57","NR1 F Order1 - NR3 F Order1",0.0354978354978376,0.344745608939906,19,0.10296820199391,1
"58","NR1 F Order1 - NR4 F Order1",0.108102877514644,0.385400545361349,19,0.2804948742698,1
"59","NR1 F Order1 - NR5 F Order1",0.341507936507938,0.46208916922428,19,0.739052025567348,1
"60","NR1 F Order1 - NR6 F Order1",-0.252380952380949,0.448026524017005,19,-0.563316988731162,1
"61","NR1 F Order1 - PR0 F Order1",0.874285714285718,1.23778220069202,19,0.706332433764937,1
"62","NR1 F Order1 - PR1 F Order1",0.405238095238097,1.2647874449212,19,0.320400156457393,1
"63","NR1 F Order1 - PR2 F Order1",0.370952380952383,0.931365418072814,19,0.398288763737824,1
"64","NR1 F Order1 - PR3 F Order1",1.87216117216117,1.29588812075411,19,1.44469352112875,0.999980791021731
"65","NR1 F Order1 - PR4 F Order1",0.430952380952388,0.564382346939921,19,0.763582318421209,1
"66","NR1 F Order1 - PR5 F Order1",0.48428571430794,0.471398215233953,19,1.02733887965102,1
"67","NR1 F Order1 - PR6 F Order1",0.899285714285717,0.70901091048548,19,1.26836653849226,0.999999250410906
"68","NR1 F Order1 - NR0 M Order1",-0.17352092352092,0.66482934434819,19,-0.261000698895207,1
"69","NR1 F Order1 - NR1 M Order1",0.483734783734783,0.584844244549109,19,0.827117285060612,1
"70","NR1 F Order1 - NR2 M Order1",0.431812169312173,0.496495811177871,19,0.869719662463526,1
"71","NR1 F Order1 - NR3 M Order1",0.0964285714285736,0.52513737104414,19,0.18362542211925,1
"72","NR1 F Order1 - NR4 M Order1",0.704761904761907,0.536908271310865,19,1.31263000110098,0.99999815294889
"73","NR1 F Order1 - NR5 M Order1",-0.695093795093795,0.517230494432001,19,-1.34387628451241,0.999996637625132
"74","NR1 F Order1 - NR6 M Order1",0.132804232804236,0.502729521516965,19,0.264166370026381,1
"75","NR1 F Order1 - PR0 M Order1",0.223809523809527,1.0527802529047,19,0.212589021490495,1
"76","NR1 F Order1 - PR1 M Order1",-0.555158730158727,1.12989126674092,19,-0.491338190231382,1
"77","NR1 F Order1 - PR2 M Order1",-0.619047619047617,0.842342432334643,19,-0.734912068161947,1
"78","NR1 F Order1 - PR3 M Order1",0.156018518518521,1.25510644044109,19,0.124307001774041,1
"79","NR1 F Order1 - PR4 M Order1",0.357004569504577,0.569672196361625,19,0.626684208540787,1
"80","NR1 F Order1 - PR5 M Order1",0.171332371332374,0.514689407585633,19,0.332884976467809,1
"81","NR1 F Order1 - PR6 M Order1",-0.0802489177489158,0.761976810694358,19,-0.105316745368915,1
"82","NR1 F Order1 - NR0 F Order2",-0.0777777777777738,0.66482934434819,19,-0.116989086656559,1
"83","NR1 F Order1 - NR1 F Order2",0.428385040885041,0.584844244549109,19,0.732477142209561,1
"84","NR1 F Order1 - NR2 F Order2",0.684798534798538,0.496495811177871,19,1.37926346885776,0.999993601400826
"85","NR1 F Order1 - NR3 F Order2",0.821031746031748,0.52513737104414,19,1.56346089862025,0.999891407740142
"86","NR1 F Order1 - NR4 F Order2",0.354995331465922,0.536908271310865,19,0.661184322229194,1
"87","NR1 F Order1 - NR5 F Order2",0.532574189095929,0.517230494432001,19,1.02966510062555,1
"88","NR1 F Order1 - NR6 F Order2",0.462433862433866,0.502729521516965,19,0.919846244633678,1
"89","NR1 F Order1 - PR0 F Order2",2.16428571428572,1.0527802529047,19,2.05578106951976,0.988576259055732
"90","NR1 F Order1 - PR1 F Order2",2.08095238095238,1.12989126674092,19,1.84172799826546,0.997750676102576
"91","NR1 F Order1 - PR2 F Order2",0.99761904761905,0.842342432334643,19,1.18433906369176,0.999999888122297
"92","NR1 F Order1 - PR3 F Order2",1.17817460317461,1.25510644044109,19,0.938704929886706,1
"93","NR1 F Order1 - PR4 F Order2",0.608730158730166,0.569672196361625,19,1.06856217069746,1
"94","NR1 F Order1 - PR5 F Order2",0.122619047619051,0.514689407585633,19,0.238238918096735,1
"95","NR1 F Order1 - PR6 F Order2",2.01051587301588,0.761976810694358,19,2.6385525711521,0.849198363731209
"96","NR1 F Order1 - NR0 M Order2",-0.434594368050246,0.66482934434819,19,-0.65369311951224,1
"97","NR1 F Order1 - NR1 M Order2",-0.0931929182313813,0.584844244549109,19,-0.159346559532665,1
"98","NR1 F Order1 - NR2 M Order2",0.239262371615316,0.496495811177871,19,0.481902095100657,1
"99","NR1 F Order1 - NR3 M Order2",0.269841269841272,0.52513737104414,19,0.513848917864562,1
"100","NR1 F Order1 - NR4 M Order2",0.426144226144227,0.536908271310865,19,0.793700244370967,1
"101","NR1 F Order1 - NR5 M Order2",-0.306878306878308,0.517230494432001,19,-0.593310545650074,1
"102","NR1 F Order1 - NR6 M Order2",0.198174782733608,0.502729521516965,19,0.394197623675697,1
"103","NR1 F Order1 - PR0 M Order2",0.35873015873016,1.0527802529047,19,0.340745523807457,1
"104","NR1 F Order1 - PR1 M Order2",2.80317460317461,1.12989126674092,19,2.480924214292,0.908940699279959
"105","NR1 F Order1 - PR2 M Order2",2.16428571428572,0.842342432334643,19,2.56936565368928,0.877480977539294
"106","NR1 F Order1 - PR3 M Order2",1.71984126984127,1.25510644044109,19,1.37027523278174,0.999994547658646
"107","NR1 F Order1 - PR4 M Order2",0.368167480667489,0.569672196361625,19,0.646279532367731,1
"108","NR1 F Order1 - PR5 M Order2",0.685119047619051,0.514689407585633,19,1.33113104237542,0.999997357051208
"109","NR1 F Order1 - PR6 M Order2",0.487624494242142,0.761976810694358,19,0.639946632756173,1
"110","NR2 F Order1 - NR3 F Order1",-0.480086580086581,0.411358250539662,19,-1.16707657973738,0.999999926833332
"111","NR2 F Order1 - NR4 F Order1",-0.407481538069775,0.356840256867165,19,-1.14191582992123,1
"112","NR2 F Order1 - NR5 F Order1",-0.174076479076481,0.321904362704039,19,-0.540770797929597,1
"113","NR2 F Order1 - NR6 F Order1",-0.767965367965368,0.330983451455159,19,-2.32025306579236,0.952137107458255
"114","NR2 F Order1 - PR0 F Order1",0.358701298701299,1.15522698546441,19,0.310502873647033,1
"115","NR2 F Order1 - PR1 F Order1",-0.110346320346322,1.14188123755816,19,-0.0966355490543746,1
"116","NR2 F Order1 - PR2 F Order1",-0.144632034632036,0.742376459448485,19,-0.194823034582055,1
"117","NR2 F Order1 - PR3 F Order1",1.35657675657676,1.21247947908279,19,1.11884512684946,1
"118","NR2 F Order1 - PR4 F Order1",-0.0846320346320307,0.446838158024918,19,-0.189401986182458,1
"119","NR2 F Order1 - PR5 F Order1",-0.0312987012764794,0.416243374062227,19,-0.0751932720778886,1
"120","NR2 F Order1 - PR6 F Order1",0.383701298701298,0.767684847009717,19,0.499816168309026,1
"121","NR2 F Order1 - NR0 M Order1",-0.689105339105339,0.572150694545055,19,-1.20441230898667,0.999999819437918
"122","NR2 F Order1 - NR1 M Order1",-0.0318496318496357,0.476865967064293,19,-0.0667894839418088,1
"123","NR2 F Order1 - NR2 M Order1",-0.0837722462722462,0.363134204777128,19,-0.230692248678862,1
"124","NR2 F Order1 - NR3 M Order1",-0.419155844155845,0.401407048554327,19,-1.0442164522657,1
"125","NR2 F Order1 - NR4 M Order1",0.189177489177488,0.416687955146254,19,0.454002777956681,1
"126","NR2 F Order1 - NR5 M Order1",-1.21067821067821,0.391006067129804,19,-3.09631566478046,0.605974299809931
"127","NR2 F Order1 - NR6 M Order1",-0.382780182780183,0.371611802781641,19,-1.03005388934082,1
"128","NR2 F Order1 - PR0 M Order1",-0.291774891774892,0.996847340904331,19,-0.292697667739372,1
"129","NR2 F Order1 - PR1 M Order1",-1.07074314574315,1.07796689875865,19,-0.993298724641894,1
"130","NR2 F Order1 - PR2 M Order1",-1.13463203463204,0.771297046197758,19,-1.47107011523692,0.999970984795126
"131","NR2 F Order1 - PR3 M Order1",-0.359565897065898,1.20857376150513,19,-0.297512579305134,1
"132","NR2 F Order1 - PR4 M Order1",-0.158579846079842,0.458131827610158,19,-0.346144573510802,1
"133","NR2 F Order1 - PR5 M Order1",-0.344252044252045,0.387638422299435,19,-0.88807513509619,1
"134","NR2 F Order1 - PR6 M Order1",-0.595833333333335,0.682617770203714,19,-0.872865253940752,1
"135","NR2 F Order1 - NR0 F Order2",-0.593362193362193,0.572150694545055,19,-1.03707327286215,1
"136","NR2 F Order1 - NR1 F Order2",-0.087199374699378,0.476865967064293,19,-0.182859295319814,1
"137","NR2 F Order1 - NR2 F Order2",0.169214119214119,0.363134204777128,19,0.465982320001977,1
"138","NR2 F Order1 - NR3 F Order2",0.305447330447329,0.401407048554327,19,0.760941621596836,1
"139","NR2 F Order1 - NR4 F Order2",-0.160589084118497,0.416687955146254,19,-0.385394111193187,1
"140","NR2 F Order1 - NR5 F Order2",0.0169897735115102,0.391006067129804,19,0.043451431933587,1
"141","NR2 F Order1 - NR6 F Order2",-0.0531505531505534,0.371611802781641,19,-0.143027085664942,1
"142","NR2 F Order1 - PR0 F Order2",1.6487012987013,0.996847340904331,19,1.65391553054213,0.999665481120756
"143","NR2 F Order1 - PR1 F Order2",1.56536796536796,1.07796689875865,19,1.45214845388164,0.999978379023201
"144","NR2 F Order1 - PR2 F Order2",0.482034632034631,0.771297046197758,19,0.62496626223438,1
"145","NR2 F Order1 - PR3 F Order2",0.662590187590187,1.20857376150513,19,0.548241413718113,1
"146","NR2 F Order1 - PR4 F Order2",0.0931457431457468,0.458131827610158,19,0.203316463803969,1
"147","NR2 F Order1 - PR5 F Order2",-0.392965367965368,0.387638422299435,19,-1.01374204763897,1
"148","NR2 F Order1 - PR6 F Order2",1.49493145743146,0.682617770203714,19,2.18999786217889,0.974740237885458
"149","NR2 F Order1 - NR0 M Order2",-0.950178783634665,0.572150694545055,19,-1.66071420116023,0.999638141064391
"150","NR2 F Order1 - NR1 M Order2",-0.6087773338158,0.476865967064293,19,-1.27662147408755,0.99999910872772
"151","NR2 F Order1 - NR2 M Order2",-0.276322043969103,0.363134204777128,19,-0.760936426076123,1
"152","NR2 F Order1 - NR3 M Order2",-0.245743145743147,0.401407048554327,19,-0.612204361204405,1
"153","NR2 F Order1 - NR4 M Order2",-0.089440189440192,0.416687955146254,19,-0.21464548791385,1
"154","NR2 F Order1 - NR5 M Order2",-0.822462722462727,0.391006067129804,19,-2.10345258450859,0.984591457729355
"155","NR2 F Order1 - NR6 M Order2",-0.317409632850811,0.371611802781641,19,-0.854143034410887,1
"156","NR2 F Order1 - PR0 M Order2",-0.156854256854259,0.996847340904331,19,-0.157350328799555,1
"157","NR2 F Order1 - PR1 M Order2",2.28759018759019,1.07796689875865,19,2.12213398224425,0.98276767573261
"158","NR2 F Order1 - PR2 M Order2",1.6487012987013,0.771297046197758,19,2.13756983360542,0.981140526019377
"159","NR2 F Order1 - PR3 M Order2",1.20425685425685,1.20857376150513,19,0.996428097824252,1
"160","NR2 F Order1 - PR4 M Order2",-0.14741693491693,0.458131827610158,19,-0.32177841842146,1
"161","NR2 F Order1 - PR5 M Order2",0.169534632034632,0.387638422299435,19,0.43735249728076,1
"162","NR2 F Order1 - PR6 M Order2",-0.0279599213422766,0.682617770203714,19,-0.0409598498057449,1
"163","NR3 F Order1 - NR4 F Order1",0.0726050420168066,0.431588956070308,19,0.168227293575554,1
"164","NR3 F Order1 - NR5 F Order1",0.3060101010101,0.438111025495063,19,0.698476146918033,1
"165","NR3 F Order1 - NR6 F Order1",-0.287878787878787,0.404752150984963,19,-0.711247085848054,1
"166","NR3 F Order1 - PR0 F Order1",0.83878787878788,1.2149931215039,19,0.690364302432959,1
"167","NR3 F Order1 - PR1 F Order1",0.36974025974026,1.21274620485805,19,0.304878513129247,1
"168","NR3 F Order1 - PR2 F Order1",0.335454545454545,0.72980709697081,19,0.459648236975095,1
"169","NR3 F Order1 - PR3 F Order1",1.83666333666334,1.29580013414122,19,1.41739708792403,0.999987690211152
"170","NR3 F Order1 - PR4 F Order1",0.395454545454551,0.510276408750527,19,0.774981046885684,1
"171","NR3 F Order1 - PR5 F Order1",0.448787878810102,0.48678602586253,19,0.921940760347219,1
"172","NR3 F Order1 - PR6 F Order1",0.863787878787879,0.671084501407431,19,1.28715217975724,0.99999889217363
"173","NR3 F Order1 - NR0 M Order1",-0.209018759018758,0.602054664302473,19,-0.347175715781427,1
"174","NR3 F Order1 - NR1 M Order1",0.448236948236946,0.512361739481138,19,0.874844692132691,1
"175","NR3 F Order1 - NR2 M Order1",0.396314333814335,0.408631682838092,19,0.969857087589957,1
"176","NR3 F Order1 - NR3 M Order1",0.0609307359307359,0.442990993327257,19,0.137543961047812,1
"177","NR3 F Order1 - NR4 M Order1",0.669264069264069,0.456883194595665,19,1.46484720204331,0.999973635392853
"178","NR3 F Order1 - NR5 M Order1",-0.730591630591632,0.433588683053757,19,-1.68498777561741,0.999524004597605
"179","NR3 F Order1 - NR6 M Order1",0.0973063973063983,0.41618353343999,19,0.233806456738224,1
"180","NR3 F Order1 - PR0 M Order1",0.188311688311689,1.01430667088806,19,0.185655575100198,1
"181","NR3 F Order1 - PR1 M Order1",-0.590656565656565,1.09413254972116,19,-0.5398400457121,1
"182","NR3 F Order1 - PR2 M Order1",-0.654545454545455,0.793733289596298,19,-0.824641555450401,1
"183","NR3 F Order1 - PR3 M Order1",0.120520683020684,1.22301428386533,19,0.0985439700996613,1
"184","NR3 F Order1 - PR4 M Order1",0.321506734006739,0.494972901287937,19,0.649544112758835,1
"185","NR3 F Order1 - PR5 M Order1",0.135834535834537,0.430554233497674,19,0.315487632605686,1
"186","NR3 F Order1 - PR6 M Order1",-0.115746753246753,0.707870342462421,19,-0.163514059430874,1
"187","NR3 F Order1 - NR0 F Order2",-0.113275613275611,0.602054664302473,19,-0.188148385839432,1
"188","NR3 F Order1 - NR1 F Order2",0.392887205387203,0.512361739481137,19,0.766816050287197,1
"189","NR3 F Order1 - NR2 F Order2",0.649300699300701,0.408631682838092,19,1.5889631826663,0.99984852539034
"190","NR3 F Order1 - NR3 F Order2",0.785533910533911,0.442990993327257,19,1.77325029710842,0.998807944591382
"191","NR3 F Order1 - NR4 F Order2",0.319497495968084,0.456883194595665,19,0.699297981951022,1
"192","NR3 F Order1 - NR5 F Order2",0.497076353598092,0.433588683053757,19,1.14642372604652,1
"193","NR3 F Order1 - NR6 F Order2",0.426936026936028,0.41618353343999,19,1.02583594167497,1
"194","NR3 F Order1 - PR0 F Order2",2.12878787878788,1.01430667088806,19,2.09876158748326,0.985025258038926
"195","NR3 F Order1 - PR1 F Order2",2.04545454545455,1.09413254972116,19,1.86947600267978,0.997140921374011
"196","NR3 F Order1 - PR2 F Order2",0.962121212121212,0.793733289596298,19,1.21214673081251,0.999999783780687
"197","NR3 F Order1 - PR3 F Order2",1.14267676767677,1.22301428386533,19,0.934311874155178,1
"198","NR3 F Order1 - PR4 F Order2",0.573232323232328,0.494972901287937,19,1.15810849794152,0.999999941605778
"199","NR3 F Order1 - PR5 F Order2",0.0871212121212132,0.430554233497674,19,0.202346662378559,1
"200","NR3 F Order1 - PR6 F Order2",1.97501803751804,0.707870342462421,19,2.79008445338687,0.777337216939444
"201","NR3 F Order1 - NR0 M Order2",-0.470092203548083,0.602054664302473,19,-0.780813157710059,1
"202","NR3 F Order1 - NR1 M Order2",-0.128690753729219,0.512361739481138,19,-0.251171669960256,1
"203","NR3 F Order1 - NR2 M Order2",0.203764536117479,0.408631682838092,19,0.498650850326292,1
"204","NR3 F Order1 - NR3 M Order2",0.234343434343434,0.442990993327257,19,0.529002706315328,1
"205","NR3 F Order1 - NR4 M Order2",0.390646390646389,0.456883194595665,19,0.855024643644654,1
"206","NR3 F Order1 - NR5 M Order2",-0.342376142376145,0.433588683053757,19,-0.789633483892607,1
"207","NR3 F Order1 - NR6 M Order2",0.16267694723577,0.41618353343999,19,0.390877904013054,1
"208","NR3 F Order1 - PR0 M Order2",0.323232323232323,1.01430667088806,19,0.318673171053212,1
"209","NR3 F Order1 - PR1 M Order2",2.76767676767677,1.09413254972116,19,2.5295625912803,0.892308501601506
"210","NR3 F Order1 - PR2 M Order2",2.12878787878788,0.793733289596298,19,2.68199394770327,0.829902334499258
"211","NR3 F Order1 - PR3 M Order2",1.68434343434343,1.22301428386533,19,1.37720667416907,0.99999383024986
"212","NR3 F Order1 - PR4 M Order2",0.332669645169652,0.494972901287937,19,0.672096683079081,1
"213","NR3 F Order1 - PR5 M Order2",0.649621212121213,0.430554233497674,19,1.5088022868662,0.999949122728328
"214","NR3 F Order1 - PR6 M Order2",0.452126658744305,0.707870342462421,19,0.638713944663259,1
"215","NR4 F Order1 - NR5 F Order1",0.233405058993293,0.418264425160325,19,0.558032299552674,1
"216","NR4 F Order1 - NR6 F Order1",-0.360483829895593,0.359110062900632,19,-1.00382547618929,1
"217","NR4 F Order1 - PR0 F Order1",0.766182836771073,1.11407006747868,19,0.687733078140288,1
"218","NR4 F Order1 - PR1 F Order1",0.297135217723453,1.12410729411404,19,0.264329943662219,1
"219","NR4 F Order1 - PR2 F Order1",0.262849503437739,0.824832927028672,19,0.318669993430805,1
"220","NR4 F Order1 - PR3 F Order1",1.76405829464653,1.18761307402595,19,1.48538133608319,0.99996395869924
"221","NR4 F Order1 - PR4 F Order1",0.322849503437744,0.549425065951593,19,0.587613349745111,1
"222","NR4 F Order1 - PR5 F Order1",0.376182836793295,0.323289438745739,19,1.16361004013235,0.999999932914445
"223","NR4 F Order1 - PR6 F Order1",0.791182836771073,0.873180035571258,19,0.906093594150328,1
"224","NR4 F Order1 - NR0 M Order1",-0.281623801035564,0.614386929231252,19,-0.458381823630174,1
"225","NR4 F Order1 - NR1 M Order1",0.375631906220139,0.526797904405458,19,0.713047457248479,1
"226","NR4 F Order1 - NR2 M Order1",0.323709291797529,0.426592700618442,19,0.758825201013142,1
"227","NR4 F Order1 - NR3 M Order1",-0.0116743060860706,0.459611248960373,19,-0.0254003924239835,1
"228","NR4 F Order1 - NR4 M Order1",0.596659027247263,0.473015574274024,19,1.26139404217928,0.999999353558483
"229","NR4 F Order1 - NR5 M Order1",-0.803196672608439,0.45055590782292,19,-1.78267926058161,0.99869407568905
"230","NR4 F Order1 - NR6 M Order1",0.0247013552895917,0.433832010700502,19,0.0569376041424579,1
"231","NR4 F Order1 - PR0 M Order1",0.115706646294882,1.02167485170667,19,0.113251927559534,1
"232","NR4 F Order1 - PR1 M Order1",-0.663261607673372,1.10096662817779,19,-0.602435705768065,1
"233","NR4 F Order1 - PR2 M Order1",-0.727150496562261,0.803127645530401,19,-0.905398414074063,1
"234","NR4 F Order1 - PR3 M Order1",0.0479156410038771,1.22913197767386,19,0.038983316579687,1
"235","NR4 F Order1 - PR4 M Order1",0.248901691989932,0.509901611108694,19,0.488136704351136,1
"236","NR4 F Order1 - PR5 M Order1",0.0632294938177301,0.447636490899272,19,0.141251875356958,1
"237","NR4 F Order1 - PR6 M Order1",-0.18835179526356,0.718388405905684,19,-0.262186574442417,1
"238","NR4 F Order1 - NR0 F Order2",-0.185880655292418,0.614386929231252,19,-0.302546565443702,1
"239","NR4 F Order1 - NR1 F Order2",0.320282163370397,0.526797904405458,19,0.60797919029664,1
"240","NR4 F Order1 - NR2 F Order2",0.576695657283894,0.426592700618442,19,1.35186480323701,0.999996099617291
"241","NR4 F Order1 - NR3 F Order2",0.712928868517104,0.459611248960373,19,1.55115626549552,0.99990794699635
"242","NR4 F Order1 - NR4 F Order2",0.246892453951278,0.473015574274024,19,0.521954175251426,1
"243","NR4 F Order1 - NR5 F Order2",0.424471311581285,0.45055590782292,19,0.942105750277084,1
"244","NR4 F Order1 - NR6 F Order2",0.354330984919221,0.433832010700502,19,0.816746980811971,1
"245","NR4 F Order1 - PR0 F Order2",2.05618283677107,1.02167485170667,19,2.01256087818574,0.991446404407107
"246","NR4 F Order1 - PR1 F Order2",1.97284950343774,1.10096662817779,19,1.79192488940651,0.998573592658035
"247","NR4 F Order1 - PR2 F Order2",0.889516170104406,0.803127645530401,19,1.10756512374437,1
"248","NR4 F Order1 - PR3 F Order2",1.07007172565996,1.22913197767386,19,0.870591397097222,1
"249","NR4 F Order1 - PR4 F Order2",0.500627281215522,0.509901611108694,19,0.981811530516628,1
"250","NR4 F Order1 - PR5 F Order2",0.0145161701044066,0.447636490899272,19,0.0324284780162685,1
"251","NR4 F Order1 - PR6 F Order2",1.90241299550123,0.718388405905684,19,2.64816773191492,0.845026023216678
"252","NR4 F Order1 - NR0 M Order2",-0.54269724556489,0.614386929231252,19,-0.883315089798437,1
"253","NR4 F Order1 - NR1 M Order2",-0.201295795746026,0.526797904405458,19,-0.382111990314782,1
"254","NR4 F Order1 - NR2 M Order2",0.131159494100672,0.426592700618442,19,0.30745836464273,1
"255","NR4 F Order1 - NR3 M Order2",0.161738392326628,0.459611248960373,19,0.351902597450509,1
"256","NR4 F Order1 - NR4 M Order2",0.318041348629583,0.473015574274024,19,0.672369718730101,1
"257","NR4 F Order1 - NR5 M Order2",-0.414981184392952,0.45055590782292,19,-0.921042599126344,1
"258","NR4 F Order1 - NR6 M Order2",0.0900719052189636,0.433832010700502,19,0.207619315765856,1
"259","NR4 F Order1 - PR0 M Order2",0.250627281215516,1.02167485170667,19,0.245310218605119,1
"260","NR4 F Order1 - PR1 M Order2",2.69507172565996,1.10096662817779,19,2.44791409356393,0.919283478504851
"261","NR4 F Order1 - PR2 M Order2",2.05618283677107,0.803127645530401,19,2.56021922320097,0.880983667945827
"262","NR4 F Order1 - PR3 M Order2",1.61173839232663,1.22913197767386,19,1.31128180016669,0.999998201305174
"263","NR4 F Order1 - PR4 M Order2",0.260064603152845,0.509901611108694,19,0.510028988901171,1
"264","NR4 F Order1 - PR5 M Order2",0.577016170104407,0.447636490899272,19,1.28902844570428,0.999998848843394
"265","NR4 F Order1 - PR6 M Order2",0.379521616727498,0.718388405905684,19,0.528295854453594,1
"266","NR5 F Order1 - NR6 F Order1",-0.593888888888887,0.286041460539368,19,-2.07623359134383,0.986979168567531
"267","NR5 F Order1 - PR0 F Order1",0.53277777777778,1.16619607810375,19,0.456850942805503,1
"268","NR5 F Order1 - PR1 F Order1",0.0637301587301599,1.15333844688493,19,0.0552571180665048,1
"269","NR5 F Order1 - PR2 F Order1",0.0294444444444455,0.785446069953531,19,0.03748754442961,1
"270","NR5 F Order1 - PR3 F Order1",1.53065323565324,1.2453206337706,19,1.22912380486197,0.9999996814148
"271","NR5 F Order1 - PR4 F Order1",0.0894444444444508,0.468507834243957,19,0.190913444571935,1
"272","NR5 F Order1 - PR5 F Order1",0.142777777800002,0.496579241757548,19,0.287522646525995,1
"273","NR5 F Order1 - PR6 F Order1",0.557777777777779,0.647226861765822,19,0.861796397411567,1
"274","NR5 F Order1 - NR0 M Order1",-0.515028860028858,0.593784110508381,19,-0.867367197798379,1
"275","NR5 F Order1 - NR1 M Order1",0.142226847226846,0.502617452112442,19,0.282972361244288,1
"276","NR5 F Order1 - NR2 M Order1",0.0903042328042352,0.396345308163169,19,0.227842315638207,1
"277","NR5 F Order1 - NR3 M Order1",-0.245079365079364,0.43168364719194,19,-0.567729092064481,1
"278","NR5 F Order1 - NR4 M Order1",0.363253968253969,0.445928250493065,19,0.814601828550484,1
"279","NR5 F Order1 - NR5 M Order1",-1.03660173160173,0.422029497969226,19,-2.456230516089,0.916750058625108
"280","NR5 F Order1 - NR6 M Order1",-0.208703703703702,0.40412681746014,19,-0.516431215862794,1
"281","NR5 F Order1 - PR0 M Order1",-0.117698412698411,1.00941952313787,19,-0.116600095401896,1
"282","NR5 F Order1 - PR1 M Order1",-0.896666666666665,1.08960350010597,19,-0.822929319316116,1
"283","NR5 F Order1 - PR2 M Order1",-0.960555555555555,0.787478435322026,19,-1.21978648870905,0.999999742232663
"284","NR5 F Order1 - PR3 M Order1",-0.185489417989416,1.21896418717799,19,-0.152169702720177,1
"285","NR5 F Order1 - PR4 M Order1",0.0154966329966391,0.484879288166924,19,0.0319597750921138,1
"286","NR5 F Order1 - PR5 M Order1",-0.170175565175563,0.418911326018568,19,-0.406232905643664,1
"287","NR5 F Order1 - PR6 M Order1",-0.421756854256853,0.700849607848739,19,-0.601779396797322,1
"288","NR5 F Order1 - NR0 F Order2",-0.419285714285711,0.593784110508381,19,-0.706124847171695,1
"289","NR5 F Order1 - NR1 F Order2",0.0868771043771035,0.502617452112442,19,0.172849358914955,1
"290","NR5 F Order1 - NR2 F Order2",0.343290598290601,0.396345308163169,19,0.866140184380015,1
"291","NR5 F Order1 - NR3 F Order2",0.479523809523811,0.43168364719194,19,1.11082227145519,1
"292","NR5 F Order1 - NR4 F Order2",0.0134873949579845,0.445928250493065,19,0.0302456615903376,1
"293","NR5 F Order1 - NR5 F Order2",0.191066252587992,0.422029497969226,19,0.452731985577757,1
"294","NR5 F Order1 - NR6 F Order2",0.120925925925928,0.40412681746014,19,0.299227669883242,1
"295","NR5 F Order1 - PR0 F Order2",1.82277777777778,1.00941952313787,19,1.80576830148036,0.998375679390263
"296","NR5 F Order1 - PR1 F Order2",1.73944444444445,1.08960350010597,19,1.59640130035859,0.999833481305656
"297","NR5 F Order1 - PR2 F Order2",0.656111111111112,0.787478435322026,19,0.833179782050548,1
"298","NR5 F Order1 - PR3 F Order2",0.836666666666668,1.21896418717799,19,0.68637510065298,1
"299","NR5 F Order1 - PR4 F Order2",0.267222222222228,0.484879288166924,19,0.551110820246532,1
"300","NR5 F Order1 - PR5 F Order2",-0.218888888888887,0.418911326018568,19,-0.522518431213733,1
"301","NR5 F Order1 - PR6 F Order2",1.66900793650794,0.700849607848738,19,2.38140667814735,0.9377986901199
"302","NR5 F Order1 - NR0 M Order2",-0.776102304558183,0.593784110508381,19,-1.30704458206823,0.999998345814335
"303","NR5 F Order1 - NR1 M Order2",-0.434700854739319,0.502617452112442,19,-0.864874176000699,1
"304","NR5 F Order1 - NR2 M Order2",-0.102245564892621,0.396345308163169,19,-0.257970922795757,1
"305","NR5 F Order1 - NR3 M Order2",-0.0716666666666656,0.43168364719194,19,-0.16601663540616,1
"306","NR5 F Order1 - NR4 M Order2",0.0846362896362894,0.445928250493065,19,0.18979799898909,1
"307","NR5 F Order1 - NR5 M Order2",-0.648386243386245,0.422029497969226,19,-1.53635290070062,0.999924852339591
"308","NR5 F Order1 - NR6 M Order2",-0.14333315377433,0.40412681746014,19,-0.354673700387297,1
"309","NR5 F Order1 - PR0 M Order2",0.0172222222222229,1.00941952313787,19,0.0170615109252951,1
"310","NR5 F Order1 - PR1 M Order2",2.46166666666667,1.08960350010597,19,2.25923160711878,0.964002290279294
"311","NR5 F Order1 - PR2 M Order2",1.82277777777778,0.787478435322026,19,2.31470183311418,0.953315062501936
"312","NR5 F Order1 - PR3 M Order2",1.37833333333333,1.21896418717799,19,1.13074145067732,1
"313","NR5 F Order1 - PR4 M Order2",0.0266595441595519,0.484879288166924,19,0.0549818167328567,1
"314","NR5 F Order1 - PR5 M Order2",0.343611111111113,0.418911326018568,19,0.820247841892637,1
"315","NR5 F Order1 - PR6 M Order2",0.146116557734205,0.700849607848739,19,0.208484896185803,1
"316","NR6 F Order1 - PR0 F Order1",1.12666666666667,1.15211236616314,19,0.977913873469465,1
"317","NR6 F Order1 - PR1 F Order1",0.657619047619047,1.13866104696739,19,0.577537142743659,1
"318","NR6 F Order1 - PR2 F Order1",0.623333333333332,0.769603709807261,19,0.809940655677763,1
"319","NR6 F Order1 - PR3 F Order1",2.12454212454212,1.23889662737398,19,1.71486633961172,0.999341733734437
"320","NR6 F Order1 - PR4 F Order1",0.683333333333338,0.4197087853958,19,1.62811300861603,0.999753555128803
"321","NR6 F Order1 - PR5 F Order1",0.736666666688889,0.422255646192559,19,1.74459873617166,0.999103610210725
"322","NR6 F Order1 - PR6 F Order1",1.15166666666667,0.686153291343531,19,1.67843932426766,0.999557510359413
"323","NR6 F Order1 - NR0 M Order1",0.0788600288600294,0.578645897603529,19,0.136283743108919,1
"324","NR6 F Order1 - NR1 M Order1",0.736115736115733,0.484639874638033,19,1.51889222211755,0.999941198500391
"325","NR6 F Order1 - NR2 M Order1",0.684193121693122,0.373284219093337,19,1.83290127655261,0.997920171029664
"326","NR6 F Order1 - NR3 M Order1",0.348809523809523,0.410612075046632,19,0.84948676623772,1
"327","NR6 F Order1 - NR4 M Order1",0.957142857142856,0.425562580014939,19,2.2491236356102,0.965743990006272
"328","NR6 F Order1 - NR5 M Order1",-0.442712842712845,0.400450249191235,19,-1.10553768815718,1
"329","NR6 F Order1 - NR6 M Order1",0.385185185185185,0.38153635411534,19,1.00956352135383,1
"330","NR6 F Order1 - PR0 M Order1",0.476190476190476,1.00058946557169,19,0.475909943663461,1
"331","NR6 F Order1 - PR1 M Order1",-0.302777777777778,1.08142835748114,19,-0.27997950643999,1
"332","NR6 F Order1 - PR2 M Order1",-0.366666666666668,0.776127432203238,19,-0.472431009977047,1
"333","NR6 F Order1 - PR3 M Order1",0.408399470899471,1.21166216188493,19,0.33705721260136,1
"334","NR6 F Order1 - PR4 M Order1",0.609385521885526,0.466218220380144,19,1.30708216720626,0.999998344580821
"335","NR6 F Order1 - PR5 M Order1",0.423713323713324,0.397162692089527,19,1.06685076960303,1
"336","NR6 F Order1 - PR6 M Order1",0.172132034632034,0.688070983069985,19,0.250166100398577,1
"337","NR6 F Order1 - NR0 F Order2",0.174603174603176,0.578645897603529,19,0.301744426645548,1
"338","NR6 F Order1 - NR1 F Order2",0.68076599326599,0.484639874638033,19,1.4046842385275,0.999990059656071
"339","NR6 F Order1 - NR2 F Order2",0.937179487179488,0.373284219093337,19,2.51063248656958,0.898977970353086
"340","NR6 F Order1 - NR3 F Order2",1.0734126984127,0.410612075046632,19,2.6141771361468,0.859516118172685
"341","NR6 F Order1 - NR4 F Order2",0.607376283846871,0.425562580014939,19,1.42723141641248,0.999985518056194
"342","NR6 F Order1 - NR5 F Order2",0.784955141476879,0.400450249191235,19,1.96018142843513,0.994123428923489
"343","NR6 F Order1 - NR6 F Order2",0.714814814814815,0.38153635411534,19,1.87351691943547,0.99704163595357
"344","NR6 F Order1 - PR0 F Order2",2.41666666666667,1.00058946557169,19,2.41524296409207,0.928765231222842
"345","NR6 F Order1 - PR1 F Order2",2.33333333333333,1.08142835748114,19,2.15764023311552,0.978854387079637
"346","NR6 F Order1 - PR2 F Order2",1.25,0.776127432203238,19,1.61056026128538,0.999801168751972
"347","NR6 F Order1 - PR3 F Order2",1.43055555555556,1.21166216188493,19,1.18065546697448,0.999999897709801
"348","NR6 F Order1 - PR4 F Order2",0.861111111111115,0.466218220380144,19,1.84701299406313,0.997643774091953
"349","NR6 F Order1 - PR5 F Order2",0.375,0.397162692089527,19,0.94419744721508,1
"350","NR6 F Order1 - PR6 F Order2",2.26289682539682,0.688070983069985,19,3.28875491203015,0.495175380373579
"351","NR6 F Order1 - NR0 M Order2",-0.182213415669296,0.578645897603529,19,-0.314896236928208,1
"352","NR6 F Order1 - NR1 M Order2",0.159188034149568,0.484639874638033,19,0.328466646019299,1
"353","NR6 F Order1 - NR2 M Order2",0.491643323996265,0.373284219093337,19,1.31707502982689,0.999997984935182
"354","NR6 F Order1 - NR3 M Order2",0.522222222222221,0.410612075046632,19,1.27181408915681,0.999999193978399
"355","NR6 F Order1 - NR4 M Order2",0.678525178525176,0.425562580014939,19,1.59441927084228,0.999837613518028
"356","NR6 F Order1 - NR5 M Order2",-0.0544973544973585,0.400450249191235,19,-0.136090199987198,1
"357","NR6 F Order1 - NR6 M Order2",0.450555735114557,0.38153635411534,19,1.18089857035839,0.999999897101441
"358","NR6 F Order1 - PR0 M Order2",0.61111111111111,1.00058946557169,19,0.610751094368108,1
"359","NR6 F Order1 - PR1 M Order2",3.05555555555555,1.08142835748114,19,2.82548125765127,0.758901652952529
"360","NR6 F Order1 - PR2 M Order2",2.41666666666667,0.776127432203238,19,3.11374983848507,0.595809388115054
"361","NR6 F Order1 - PR3 M Order2",1.97222222222222,1.21166216188493,19,1.62769977000365,0.999754781817398
"362","NR6 F Order1 - PR4 M Order2",0.620548433048439,0.466218220380144,19,1.33102569981597,0.999997362359118
"363","NR6 F Order1 - PR5 M Order2",0.9375,0.397162692089527,19,2.3604936180377,0.942986669843747
"364","NR6 F Order1 - PR6 M Order2",0.740005446623092,0.688070983069985,19,1.07547835155232,1
"365","PR0 F Order1 - PR1 F Order1",-0.46904761904762,1.69379081596319,19,-0.276921810312741,1
"366","PR0 F Order1 - PR2 F Order1",-0.503333333333335,1.29255644909072,19,-0.389409169469865,1
"367","PR0 F Order1 - PR3 F Order1",0.997875457875457,1.63669192238972,19,0.60969046417634,1
"368","PR0 F Order1 - PR4 F Order1",-0.443333333333329,1.05337873979088,19,-0.420867933428521,1
"369","PR0 F Order1 - PR5 F Order1",-0.389999999977778,0.970183085847709,19,-0.40198598147793,1
"370","PR0 F Order1 - PR6 F Order1",0.0249999999999992,1.37547673425177,19,0.0181755164427399,1
"371","PR0 F Order1 - NR0 M Order1",-1.04780663780664,1.16685998377487,19,-0.897971181098278,1
"372","PR0 F Order1 - NR1 M Order1",-0.390550930550934,1.1232127826066,19,-0.347708765960263,1
"373","PR0 F Order1 - NR2 M Order1",-0.442473544973545,1.07984825561086,19,-0.409755299112134,1
"374","PR0 F Order1 - NR3 M Order1",-0.777857142857144,1.09331304899182,19,-0.711467903519884,1
"375","PR0 F Order1 - NR4 M Order1",-0.169523809523811,1.09901531219118,19,-0.154250634766699,1
"376","PR0 F Order1 - NR5 M Order1",-1.56937950937951,1.08953730959477,19,-1.44040914942436,0.999982064597391
"377","PR0 F Order1 - NR6 M Order1",-0.741481481481482,1.0827285608283,19,-0.684826750034413,1
"378","PR0 F Order1 - PR0 M Order1",-0.650476190476191,1.42404719919486,19,-0.456779937381262,1
"379","PR0 F Order1 - PR1 M Order1",-1.42944444444444,1.4819643852961,19,-0.964560591757297,1
"380","PR0 F Order1 - PR2 M Order1",-1.49333333333333,1.27636395199022,19,-1.16999021400189,0.999999921328454
"381","PR0 F Order1 - PR3 M Order1",-0.718267195767196,1.57951142492397,19,-0.454740107879733,1
"382","PR0 F Order1 - PR4 M Order1",-0.517281144781141,1.11538808310656,19,-0.463767860366966,1
"383","PR0 F Order1 - PR5 M Order1",-0.702953342953343,1.08833329036169,19,-0.645898962366326,1
"384","PR0 F Order1 - PR6 M Order1",-0.954534632034633,1.22481542473329,19,-0.77932936894756,1
"385","PR0 F Order1 - NR0 F Order2",-0.952063492063491,1.16685998377487,19,-0.815919223644556,1
"386","PR0 F Order1 - NR1 F Order2",-0.445900673400677,1.1232127826066,19,-0.396986822359598,1
"387","PR0 F Order1 - NR2 F Order2",-0.189487179487179,1.07984825561086,19,-0.175475747173373,1
"388","PR0 F Order1 - NR3 F Order2",-0.0532539682539693,1.09331304899182,19,-0.0487088014755484,1
"389","PR0 F Order1 - NR4 F Order2",-0.519290382819795,1.09901531219118,19,-0.472505138972499,1
"390","PR0 F Order1 - NR5 F Order2",-0.341711525189788,1.08953730959477,19,-0.31362994381246,1
"391","PR0 F Order1 - NR6 F Order2",-0.411851851851852,1.0827285608283,19,-0.380383289729404,1
"392","PR0 F Order1 - PR0 F Order2",1.29,1.42404719919486,19,0.905868850926674,1
"393","PR0 F Order1 - PR1 F Order2",1.20666666666667,1.4819643852961,19,0.814234592031422,1
"394","PR0 F Order1 - PR2 F Order2",0.123333333333332,1.27636395199022,19,0.0966286560671197,1
"395","PR0 F Order1 - PR3 F Order2",0.303888888888888,1.57951142492397,19,0.192394232858123,1
"396","PR0 F Order1 - PR4 F Order2",-0.265555555555552,1.11538808310656,19,-0.23808355098786,1
"397","PR0 F Order1 - PR5 F Order2",-0.751666666666667,1.08833329036169,19,-0.690658526504197,1
"398","PR0 F Order1 - PR6 F Order2",1.13623015873016,1.22481542473329,19,0.92767459960555,1
"399","PR0 F Order1 - NR0 M Order2",-1.30888008233596,1.16685998377487,19,-1.12171134543636,1
"400","PR0 F Order1 - NR1 M Order2",-0.967478632517099,1.1232127826066,19,-0.861349378763216,1
"401","PR0 F Order1 - NR2 M Order2",-0.635023342670401,1.07984825561086,19,-0.588067202378518,1
"402","PR0 F Order1 - NR3 M Order2",-0.604444444444446,1.09331304899182,19,-0.552855785451223,1
"403","PR0 F Order1 - NR4 M Order2",-0.448141488141491,1.09901531219118,19,-0.407766373380188,1
"404","PR0 F Order1 - NR5 M Order2",-1.18116402116403,1.08953730959477,19,-1.0840969012831,1
"405","PR0 F Order1 - NR6 M Order2",-0.67611093155211,1.0827285608283,19,-0.62445099908963,1
"406","PR0 F Order1 - PR0 M Order2",-0.515555555555557,1.42404719919486,19,-0.362035440852694,1
"407","PR0 F Order1 - PR1 M Order2",1.92888888888889,1.4819643852961,19,1.30157573827491,0.999998516539641
"408","PR0 F Order1 - PR2 M Order2",1.29,1.27636395199022,19,1.0106835107561,1
"409","PR0 F Order1 - PR3 M Order2",0.845555555555555,1.57951142492397,19,0.535327280457155,1
"410","PR0 F Order1 - PR4 M Order2",-0.506118233618228,1.11538808310656,19,-0.45375976423255,1
"411","PR0 F Order1 - PR5 M Order2",-0.189166666666667,1.08833329036169,19,-0.173813176847508,1
"412","PR0 F Order1 - PR6 M Order2",-0.386661220043575,1.22481542473329,19,-0.315689378363089,1
"413","PR1 F Order1 - PR2 F Order1",-0.0342857142857143,1.42601109048513,19,-0.0240430909089567,1
"414","PR1 F Order1 - PR3 F Order1",1.46692307692308,1.3936158100751,19,1.05260220666127,1
"415","PR1 F Order1 - PR4 F Order1",0.0257142857142909,1.35936620087877,19,0.0189163786017835,1
"416","PR1 F Order1 - PR5 F Order1",0.0790476190698422,1.13132675382897,19,0.0698716076520826,1
"417","PR1 F Order1 - PR6 F Order1",0.494047619047619,1.53364022101904,19,0.322140494410969,1
"418","PR1 F Order1 - NR0 M Order1",-0.578759018759017,1.25041266717699,19,-0.462854411148651,1
"419","PR1 F Order1 - NR1 M Order1",0.0784966884966859,1.20978368790145,19,0.0648848957724418,1
"420","PR1 F Order1 - NR2 M Order1",0.0265740740740754,1.16963322099169,19,0.0227200062354113,1
"421","PR1 F Order1 - NR3 M Order1",-0.308809523809524,1.18207573344408,19,-0.26124343396322,1
"422","PR1 F Order1 - NR4 M Order1",0.29952380952381,1.18735178988042,19,0.252262060896017,1
"423","PR1 F Order1 - NR5 M Order1",-1.10033189033189,1.17858439048741,19,-0.933604669477117,1
"424","PR1 F Order1 - NR6 M Order1",-0.272433862433861,1.17229294672232,19,-0.232394013113851,1
"425","PR1 F Order1 - PR0 M Order1",-0.181428571428571,1.49327828686963,19,-0.121496825490512,1
"426","PR1 F Order1 - PR1 M Order1",-0.960396825396825,1.54860842558331,19,-0.620167635362745,1
"427","PR1 F Order1 - PR2 M Order1",-1.02428571428571,1.35317203431111,19,-0.756951583622679,1
"428","PR1 F Order1 - PR3 M Order1",-0.249219576719576,1.64220155826467,19,-0.151759432613697,1
"429","PR1 F Order1 - PR4 M Order1",-0.0482335257335207,1.20252242907885,19,-0.0401102919722407,1
"430","PR1 F Order1 - PR5 M Order1",-0.233905723905723,1.17747142955193,19,-0.198650870021307,1
"431","PR1 F Order1 - PR6 M Order1",-0.485487012987013,1.30466181103233,19,-0.372117133253762,1
"432","PR1 F Order1 - NR0 F Order2",-0.483015873015871,1.25041266717699,19,-0.386285172643332,1
"433","PR1 F Order1 - NR1 F Order2",0.0231469456469436,1.20978368790145,19,0.0191331275817542,1
"434","PR1 F Order1 - NR2 F Order2",0.279560439560441,1.16963322099169,19,0.23901547471729,1
"435","PR1 F Order1 - NR3 F Order2",0.415793650793651,1.18207573344408,19,0.351748740820691,1
"436","PR1 F Order1 - NR4 F Order2",-0.0502427637721753,1.18735178988042,19,-0.0423149770778847,1
"437","PR1 F Order1 - NR5 F Order2",0.127336093857832,1.17858439048741,19,0.108041558063713,1
"438","PR1 F Order1 - NR6 F Order2",0.0571957671957682,1.17229294672232,19,0.0487896539475778,1
"439","PR1 F Order1 - PR0 F Order2",1.75904761904762,1.49327828686963,19,1.1779770954382,0.999999904194212
"440","PR1 F Order1 - PR1 F Order2",1.67571428571429,1.54860842558331,19,1.08207746905619,1
"441","PR1 F Order1 - PR2 F Order2",0.592380952380953,1.35317203431111,19,0.437772092062581,1
"442","PR1 F Order1 - PR3 F Order2",0.772936507936508,1.64220155826467,19,0.470670913717361,1
"443","PR1 F Order1 - PR4 F Order2",0.203492063492068,1.20252242907885,19,0.169221012906966,1
"444","PR1 F Order1 - PR5 F Order2",-0.282619047619047,1.17747142955193,19,-0.240022000131751,1
"445","PR1 F Order1 - PR6 F Order2",1.60527777777778,1.30466181103233,19,1.23041677483269,0.999999672015145
"446","PR1 F Order1 - NR0 M Order2",-0.839832463288343,1.25041266717699,19,-0.6716442382053,1
"447","PR1 F Order1 - NR1 M Order2",-0.498431013469479,1.20978368790145,19,-0.412000110808306,1
"448","PR1 F Order1 - NR2 M Order2",-0.165975723622781,1.16963322099169,19,-0.141904077828823,1
"449","PR1 F Order1 - NR3 M Order2",-0.135396825396825,1.18207573344408,19,-0.114541582714277,1
"450","PR1 F Order1 - NR4 M Order2",0.0209061309061296,1.18735178988042,19,0.0176073604169452,1
"451","PR1 F Order1 - NR5 M Order2",-0.712116402116405,1.17858439048741,19,-0.604213332421536,1
"452","PR1 F Order1 - NR6 M Order2",-0.20706331250449,1.17229294672232,19,-0.176631031589357,1
"453","PR1 F Order1 - PR0 M Order2",-0.046507936507937,1.49327828686963,19,-0.0311448555281894,1
"454","PR1 F Order1 - PR1 M Order2",2.39793650793651,1.54860842558331,19,1.54844599081481,0.999911274000228
"455","PR1 F Order1 - PR2 M Order2",1.75904761904762,1.35317203431111,19,1.2999438167839,0.999998564257572
"456","PR1 F Order1 - PR3 M Order2",1.31460317460317,1.64220155826467,19,0.800512682494545,1
"457","PR1 F Order1 - PR4 M Order2",-0.037070614570608,1.20252242907885,19,-0.0308273789113478,1
"458","PR1 F Order1 - PR5 M Order2",0.279880952380954,1.17747142955193,19,0.237696597434604,1
"459","PR1 F Order1 - PR6 M Order2",0.082386399004045,1.30466181103233,19,0.0631477048744575,1
"460","PR2 F Order1 - PR3 F Order1",1.50120879120879,1.19813759382688,19,1.2529519138231,0.999999460867582
"461","PR2 F Order1 - PR4 F Order1",0.0600000000000053,0.74600194841344,19,0.0804287443586579,1
"462","PR2 F Order1 - PR5 F Order1",0.113333333355557,0.958468788734091,19,0.118244156395789,1
"463","PR2 F Order1 - PR6 F Order1",0.528333333333334,1.03158524179729,19,0.512156738897155,1
"464","PR2 F Order1 - NR0 M Order1",-0.544473304473303,0.939678475129399,19,-0.579425110698982,1
"465","PR2 F Order1 - NR1 M Order1",0.1127824027824,0.88489568305947,19,0.12745276640119,1
"466","PR2 F Order1 - NR2 M Order1",0.0608597883597897,0.82915961673989,19,0.0733993638029307,1
"467","PR2 F Order1 - NR3 M Order1",-0.27452380952381,0.846620834838252,19,-0.32425827268503,1
"468","PR2 F Order1 - NR4 M Order1",0.333809523809524,0.853971938249197,19,0.390890506887025,1
"469","PR2 F Order1 - NR5 M Order1",-1.06604617604618,0.841739249343549,19,-1.26648029883074,0.999999279720464
"470","PR2 F Order1 - NR6 M Order1",-0.238148148148147,0.832907288550019,19,-0.285923957470382,1
"471","PR2 F Order1 - PR0 M Order1",-0.147142857142856,1.24472641187578,19,-0.118213011099455,1
"472","PR2 F Order1 - PR1 M Order1",-0.92611111111111,1.31059217690801,19,-0.706635616653857,1
"473","PR2 F Order1 - PR2 M Order1",-0.99,1.07263150840655,19,-0.922963750590076,1
"474","PR2 F Order1 - PR3 M Order1",-0.214933862433862,1.41996118128341,19,-0.151366012864941,1
"475","PR2 F Order1 - PR4 M Order1",-0.0139478114478064,0.874942278566162,19,-0.0159414075528088,1
"476","PR2 F Order1 - PR5 M Order1",-0.199620009620009,0.840180198407412,19,-0.237591899926224,1
"477","PR2 F Order1 - PR6 M Order1",-0.451201298701299,1.01074538809287,19,-0.446404509005625,1
"478","PR2 F Order1 - NR0 F Order2",-0.448730158730157,0.939678475129399,19,-0.477535849342898,1
"479","PR2 F Order1 - NR1 F Order2",0.057432659932658,0.88489568305947,19,0.0649033112401319,1
"480","PR2 F Order1 - NR2 F Order2",0.313846153846155,0.82915961673989,19,0.378511142498887,1
"481","PR2 F Order1 - NR3 F Order2",0.450079365079365,0.846620834838252,19,0.531618578894711,1
"482","PR2 F Order1 - NR4 F Order2",-0.015957049486461,0.853971938249197,19,-0.0186856836527625,1
"483","PR2 F Order1 - NR5 F Order2",0.161621808143546,0.841739249343549,19,0.192009352385066,1
"484","PR2 F Order1 - NR6 F Order2",0.0914814814814825,0.832907288550019,19,0.10983393078567,1
"485","PR2 F Order1 - PR0 F Order2",1.79333333333333,1.24472641187578,19,1.4407449831733,0.999981967594875
"486","PR2 F Order1 - PR1 F Order2",1.71,1.31059217690801,19,1.30475370609513,0.999998419404642
"487","PR2 F Order1 - PR2 F Order2",0.626666666666667,1.07263150840655,19,0.584232946501463,1
"488","PR2 F Order1 - PR3 F Order2",0.807222222222223,1.41996118128341,19,0.568481894337864,1
"489","PR2 F Order1 - PR4 F Order2",0.237777777777783,0.874942278566162,19,0.271763959295061,1
"490","PR2 F Order1 - PR5 F Order2",-0.248333333333332,0.840180198407412,19,-0.29557151406812,1
"491","PR2 F Order1 - PR6 F Order2",1.63956349206349,1.01074538809287,19,1.62213304297841,0.999770792607378
"492","PR2 F Order1 - NR0 M Order2",-0.805546749002629,0.939678475129399,19,-0.857257849704071,1
"493","PR2 F Order1 - NR1 M Order2",-0.464145299183764,0.88489568305947,19,-0.524519791506962,1
"494","PR2 F Order1 - NR2 M Order2",-0.131690009337067,0.82915961673989,19,-0.15882347219809,1
"495","PR2 F Order1 - NR3 M Order2",-0.101111111111111,0.846620834838252,19,-0.119429037120766,1
"496","PR2 F Order1 - NR4 M Order2",0.0551918451918439,0.853971938249197,19,0.0646295770619789,1
"497","PR2 F Order1 - NR5 M Order2",-0.677830687830691,0.841739249343549,19,-0.805273947198392,1
"498","PR2 F Order1 - NR6 M Order2",-0.172777598218775,0.832907288550019,19,-0.207439171914989,1
"499","PR2 F Order1 - PR0 M Order2",-0.0122222222222226,1.24472641187578,19,-0.00981920372670804,1
"500","PR2 F Order1 - PR1 M Order2",2.43222222222222,1.31059217690801,19,1.85581927397156,0.997456236276813
"501","PR2 F Order1 - PR2 M Order2",1.79333333333333,1.07263150840655,19,1.67190066605206,0.999588904756893
"502","PR2 F Order1 - PR3 M Order2",1.34888888888889,1.41996118128341,19,0.949947721577655,1
"503","PR2 F Order1 - PR4 M Order2",-0.00278490028489366,0.874942278566162,19,-0.00318295315372975,1
"504","PR2 F Order1 - PR5 M Order2",0.314166666666668,0.840180198407412,19,0.373927720817725,1
"505","PR2 F Order1 - PR6 M Order2",0.116672113289759,1.01074538809287,19,0.115431754291654,1
"506","PR3 F Order1 - PR4 F Order1",-1.44120879120879,1.35645665280707,19,-1.06248053575935,1
"507","PR3 F Order1 - PR5 F Order1",-1.38787545785324,1.29178488051251,19,-1.07438589721115,1
"508","PR3 F Order1 - PR6 F Order1",-0.972875457875458,1.48520384808176,19,-0.655045069491299,1
"509","PR3 F Order1 - NR0 M Order1",-2.04568209568209,1.38632511369153,19,-1.47561497334115,0.999968900350098
"510","PR3 F Order1 - NR1 M Order1",-1.38842638842639,1.34979333756231,19,-1.02862145618073,1
"511","PR3 F Order1 - NR2 M Order1",-1.440349002849,1.31392821503405,19,-1.09621590157548,1
"512","PR3 F Order1 - NR3 M Order1",-1.7757326007326,1.32501642337464,19,-1.34015893645306,0.99999686404733
"513","PR3 F Order1 - NR4 M Order1",-1.16739926739927,1.32972544367151,19,-0.877925043064495,1
"514","PR3 F Order1 - NR5 M Order1",-2.56725496725497,1.32190266211842,19,-1.94209077629121,0.994872252491604
"515","PR3 F Order1 - NR6 M Order1",-1.73935693935694,1.31629640869755,19,-1.3214021764885,0.999997808010831
"516","PR3 F Order1 - PR0 M Order1",-1.64835164835165,1.60880251263214,19,-1.02458296491271,1
"517","PR3 F Order1 - PR1 M Order1",-2.4273199023199,1.66028718552026,19,-1.46198797623032,0.999974778496787
"518","PR3 F Order1 - PR2 M Order1",-2.49120879120879,1.47967565265393,19,-1.68361815424927,0.999531188653263
"519","PR3 F Order1 - PR3 M Order1",-1.71614265364265,1.74791059284567,19,-0.981825192127652,1
"520","PR3 F Order1 - PR4 M Order1",-1.5151566026566,1.34328912563635,19,-1.1279452604359,1
"521","PR3 F Order1 - PR5 M Order1",-1.7008288008288,1.3209104625319,19,-1.28761853969169,0.999998881546167
"522","PR3 F Order1 - PR6 M Order1",-1.95241008991009,1.43544694216865,19,-1.36014089588043,0.999995460322135
"523","PR3 F Order1 - NR0 F Order2",-1.94993894993895,1.38632511369153,19,-1.40655242459442,0.999989739632502
"524","PR3 F Order1 - NR1 F Order2",-1.44377613127613,1.34979333756231,19,-1.06962754304563,1
"525","PR3 F Order1 - NR2 F Order2",-1.18736263736264,1.31392821503405,19,-0.903673902254904,1
"526","PR3 F Order1 - NR3 F Order2",-1.05112942612943,1.32501642337464,19,-0.793295394371292,1
"527","PR3 F Order1 - NR4 F Order2",-1.51716584069525,1.32972544367151,19,-1.14096172854014,1
"528","PR3 F Order1 - NR5 F Order2",-1.33958698306525,1.32190266211842,19,-1.01337792974748,1
"529","PR3 F Order1 - NR6 F Order2",-1.40972730972731,1.31629640869755,19,-1.07098013822146,1
"530","PR3 F Order1 - PR0 F Order2",0.292124542124542,1.60880251263214,19,0.181578869892863,1
"531","PR3 F Order1 - PR1 F Order2",0.208791208791209,1.66028718552026,19,0.125756080401104,1
"532","PR3 F Order1 - PR2 F Order2",-0.874542124542125,1.47967565265393,19,-0.591036368661982,1
"533","PR3 F Order1 - PR3 F Order2",-0.693986568986569,1.74791059284566,19,-0.397037795770053,1
"534","PR3 F Order1 - PR4 F Order2",-1.26343101343101,1.34328912563635,19,-0.940550317365588,1
"535","PR3 F Order1 - PR5 F Order2",-1.74954212454212,1.3209104625319,19,-1.32449713600469,0.999997672846065
"536","PR3 F Order1 - PR6 F Order2",0.138354700854701,1.43544694216865,19,0.0963844059925174,1
"537","PR3 F Order1 - NR0 M Order2",-2.30675554021142,1.38632511369153,19,-1.66393547763768,0.99962451917013
"538","PR3 F Order1 - NR1 M Order2",-1.96535409039256,1.34979333756231,19,-1.45604074023801,0.999977014093093
"539","PR3 F Order1 - NR2 M Order2",-1.63289880054586,1.31392821503405,19,-1.24276104422002,0.999999568407198
"540","PR3 F Order1 - NR3 M Order2",-1.6023199023199,1.32501642337464,19,-1.20928305042363,0.999999797682557
"541","PR3 F Order1 - NR4 M Order2",-1.44601694601695,1.32972544367151,19,-1.0874552734919,1
"542","PR3 F Order1 - NR5 M Order2",-2.17903947903948,1.32190266211842,19,-1.64841144623119,0.999686281491811
"543","PR3 F Order1 - NR6 M Order2",-1.67398638942757,1.31629640869755,19,-1.27173969203787,0.999999195236487
"544","PR3 F Order1 - PR0 M Order2",-1.51343101343101,1.60880251263214,19,-0.940718951858743,1
"545","PR3 F Order1 - PR1 M Order2",0.93101343101343,1.66028718552026,19,0.560754452080947,1
"546","PR3 F Order1 - PR2 M Order2",0.292124542124541,1.47967565265393,19,0.197424713720599,1
"547","PR3 F Order1 - PR3 M Order2",-0.152319902319902,1.74791059284567,19,-0.0871439894828487,1
"548","PR3 F Order1 - PR4 M Order2",-1.50399369149369,1.34328912563635,19,-1.11963512753162,1
"549","PR3 F Order1 - PR5 M Order2",-1.18704212454212,1.3209104625319,19,-0.89865449492074,1
"550","PR3 F Order1 - PR6 M Order2",-1.38453667791903,1.43544694216865,19,-0.964533510257994,1
"551","PR4 F Order1 - PR5 F Order1",0.0533333333555513,0.55952002286029,19,0.0953197940672597,1
"552","PR4 F Order1 - PR6 F Order1",0.468333333333328,0.692578945352302,19,0.676216533113198,1
"553","PR4 F Order1 - NR0 M Order1",-0.604473304473308,0.648828484436955,19,-0.931638050690487,1
"554","PR4 F Order1 - NR1 M Order1",0.052782402782395,0.566589035803315,19,0.0931581789392723,1
"555","PR4 F Order1 - NR2 M Order1",0.000859788359784469,0.474856226270104,19,0.00181062880134883,1
"556","PR4 F Order1 - NR3 M Order1",-0.334523809523815,0.50472725662229,19,-0.662781344052029,1
"557","PR4 F Order1 - NR4 M Order1",0.273809523809519,0.516963090473908,19,0.529650044374568,1
"558","PR4 F Order1 - NR5 M Order1",-1.12604617604618,0.496495447593112,19,-2.26798892417842,0.962443167966428
"559","PR4 F Order1 - NR6 M Order1",-0.298148148148152,0.481370249303993,19,-0.61937385739821,1
"560","PR4 F Order1 - PR0 M Order1",-0.207142857142862,1.04274954136475,19,-0.198650633661994,1
"561","PR4 F Order1 - PR1 M Order1",-0.986111111111116,1.12055103398628,19,-0.880023382427394,1
"562","PR4 F Order1 - PR2 M Order1",-1.05000000000001,0.82977172669461,19,-1.26540826376752,0.999999295897749
"563","PR4 F Order1 - PR3 M Order1",-0.274933862433867,1.24670466508593,19,-0.220528462059551,1
"564","PR4 F Order1 - PR4 M Order1",-0.0739478114478116,0.550914472870146,19,-0.134227389348767,1
"565","PR4 F Order1 - PR5 M Order1",-0.259620009620014,0.493847680354138,19,-0.52570867485667,1
"566","PR4 F Order1 - PR6 M Order1",-0.511201298701304,0.748056819463774,19,-0.683372285901686,1
"567","PR4 F Order1 - NR0 F Order2",-0.508730158730162,0.648828484436955,19,-0.784074945741063,1
"568","PR4 F Order1 - NR1 F Order2",-0.00256734006734729,0.566589035803315,19,-0.00453122087635757,1
"569","PR4 F Order1 - NR2 F Order2",0.25384615384615,0.474856226270104,19,0.534574761375792,1
"570","PR4 F Order1 - NR3 F Order2",0.39007936507936,0.50472725662229,19,0.772851792649022,1
"571","PR4 F Order1 - NR4 F Order2",-0.0759570494864662,0.516963090473908,19,-0.146929347348251,1
"572","PR4 F Order1 - NR5 F Order2",0.101621808143541,0.496495447593112,19,0.204678227436281,1
"573","PR4 F Order1 - NR6 F Order2",0.0314814814814773,0.481370249303993,19,0.0653997240730932,1
"574","PR4 F Order1 - PR0 F Order2",1.73333333333333,1.04274954136475,19,1.66227196903365,0.999631608394465
"575","PR4 F Order1 - PR1 F Order2",1.65,1.12055103398628,19,1.47248982862498,0.999970347485767
"576","PR4 F Order1 - PR2 F Order2",0.566666666666662,0.82977172669461,19,0.68291874552532,1
"577","PR4 F Order1 - PR3 F Order2",0.747222222222218,1.24670466508593,19,0.599357845645597,1
"578","PR4 F Order1 - PR4 F Order2",0.177777777777777,0.550914472870146,19,0.322695784068974,1
"579","PR4 F Order1 - PR5 F Order2",-0.308333333333338,0.493847680354138,19,-0.62434905660027,1
"580","PR4 F Order1 - PR6 F Order2",1.57956349206349,0.748056819463774,19,2.11155550081845,0.983819518036171
"581","PR4 F Order1 - NR0 M Order2",-0.865546749002634,0.648828484436955,19,-1.33401472001301,0.999997207894531
"582","PR4 F Order1 - NR1 M Order2",-0.52414529918377,0.566589035803315,19,-0.925089025841511,1
"583","PR4 F Order1 - NR2 M Order2",-0.191690009337072,0.474856226270104,19,-0.403680100907082,1
"584","PR4 F Order1 - NR3 M Order2",-0.161111111111116,0.50472725662229,19,-0.31920430093135,1
"585","PR4 F Order1 - NR4 M Order2",-0.00480815480816135,0.516963090473908,19,-0.00930077001000911,1
"586","PR4 F Order1 - NR5 M Order2",-0.737830687830696,0.496495447593112,19,-1.48607744825762,0.999963580941784
"587","PR4 F Order1 - NR6 M Order2",-0.23277759821878,0.481370249303993,19,-0.483572880865301,1
"588","PR4 F Order1 - PR0 M Order2",-0.0722222222222279,1.04274954136475,19,-0.0692613320430746,1
"589","PR4 F Order1 - PR1 M Order2",2.37222222222222,1.12055103398628,19,2.11701399603659,0.983283078903125
"590","PR4 F Order1 - PR2 M Order2",1.73333333333333,0.82977172669461,19,2.08892792748923,0.985904112300228
"591","PR4 F Order1 - PR3 M Order2",1.28888888888888,1.24670466508593,19,1.03383658133665,1
"592","PR4 F Order1 - PR4 M Order2",-0.0627849002848989,0.550914472870146,19,-0.113964877266344,1
"593","PR4 F Order1 - PR5 M Order2",0.254166666666663,0.493847680354138,19,0.514666114224532,1
"594","PR4 F Order1 - PR6 M Order2",0.0566721132897541,0.748056819463774,19,0.0757591025376629,1
"595","PR5 F Order1 - PR6 F Order1",0.414999999977777,0.878167379529404,19,0.472575057616202,1
"596","PR5 F Order1 - NR0 M Order1",-0.65780663782886,0.591128524252385,19,-1.11279799712051,1
"597","PR5 F Order1 - NR1 M Order1",-0.000550930573156286,0.499477392341812,19,-0.00110301403347454,1
"598","PR5 F Order1 - NR2 M Order1",-0.0524735449957668,0.392355662117333,19,-0.133739741928523,1
"599","PR5 F Order1 - NR3 M Order1",-0.387857142879366,0.428023519850848,19,-0.906158481698673,1
"600","PR5 F Order1 - NR4 M Order1",0.220476190453967,0.442385993087914,19,0.498379681768435,1
"601","PR5 F Order1 - NR5 M Order1",-1.17937950940173,0.418284902248134,19,-2.81956031179463,0.762022140666227
"602","PR5 F Order1 - NR6 M Order1",-0.351481481503704,0.400214750956327,19,-0.87823220074679,1
"603","PR5 F Order1 - PR0 M Order1",-0.260476190498413,1.00785968070186,19,-0.258444896135761,1
"604","PR5 F Order1 - PR1 M Order1",-1.03944444446667,1.08815860504605,19,-0.955232481410816,1
"605","PR5 F Order1 - PR2 M Order1",-1.10333333335556,0.785477974477834,19,-1.40466489093984,0.999990062922404
"606","PR5 F Order1 - PR3 M Order1",-0.328267195789418,1.21767280166515,19,-0.269585717395114,1
"607","PR5 F Order1 - PR4 M Order1",-0.127281144803363,0.481623594091732,19,-0.264275144251177,1
"608","PR5 F Order1 - PR5 M Order1",-0.312953342975565,0.415138604997426,19,-0.753852663202705,1
"609","PR5 F Order1 - PR6 M Order1",-0.564534632056855,0.698601127335409,19,-0.808092930239166,1
"610","PR5 F Order1 - NR0 F Order2",-0.562063492085713,0.591128524252385,19,-0.950831281228678,1
"611","PR5 F Order1 - NR1 F Order2",-0.0559006734228986,0.499477392341812,19,-0.111918325593891,1
"612","PR5 F Order1 - NR2 F Order2",0.200512820490599,0.392355662117333,19,0.511048622080636,1
"613","PR5 F Order1 - NR3 F Order2",0.336746031723809,0.428023519850848,19,0.78674655972446,1
"614","PR5 F Order1 - NR4 F Order2",-0.129290382842017,0.442385993087914,19,-0.292256954022331,1
"615","PR5 F Order1 - NR5 F Order2",0.0482884747879896,0.418284902248134,19,0.115443982148187,1
"616","PR5 F Order1 - NR6 F Order2",-0.021851851874074,0.400214750956327,19,-0.0546003160099878,1
"617","PR5 F Order1 - PR0 F Order2",1.67999999997778,1.00785968070186,19,1.66689870836767,0.999611596630588
"618","PR5 F Order1 - PR1 F Order2",1.59666666664444,1.08815860504605,19,1.46731061008967,0.999972613366334
"619","PR5 F Order1 - PR2 F Order2",0.51333333331111,0.785477974477834,19,0.653529888794605,1
"620","PR5 F Order1 - PR3 F Order2",0.693888888866666,1.21767280166515,19,0.569848392702688,1
"621","PR5 F Order1 - PR4 F Order2",0.124444444422226,0.481623594091732,19,0.258385274203415,1
"622","PR5 F Order1 - PR5 F Order2",-0.361666666688889,0.415138604997426,19,-0.871194975208657,1
"623","PR5 F Order1 - PR6 F Order2",1.52623015870794,0.698601127335409,19,2.18469466908714,0.975452051766206
"624","PR5 F Order1 - NR0 M Order2",-0.918880082358185,0.591128524252385,19,-1.55445058842375,0.999903754182277
"625","PR5 F Order1 - NR1 M Order2",-0.577478632539321,0.499477392341812,19,-1.15616570718406,0.999999944414974
"626","PR5 F Order1 - NR2 M Order2",-0.245023342692623,0.392355662117333,19,-0.624492944412638,1
"627","PR5 F Order1 - NR3 M Order2",-0.214444444466668,0.428023519850848,19,-0.501010889638482,1
"628","PR5 F Order1 - NR4 M Order2",-0.0581414881637126,0.442385993087914,19,-0.131427054816716,1
"629","PR5 F Order1 - NR5 M Order2",-0.791164021186247,0.418284902248134,19,-1.89144771167695,0.996565979560856
"630","PR5 F Order1 - NR6 M Order2",-0.286110931574332,0.400214750956327,19,-0.71489351876876,1
"631","PR5 F Order1 - PR0 M Order2",-0.125555555577779,1.00785968070186,19,-0.124576424656996,1
"632","PR5 F Order1 - PR1 M Order2",2.31888888886667,1.08815860504605,19,2.13102104611721,0.981844470057119
"633","PR5 F Order1 - PR2 M Order2",1.67999999997778,0.785477974477834,19,2.13882509066483,0.981003271808087
"634","PR5 F Order1 - PR3 M Order2",1.23555555553333,1.21767280166515,19,1.01468600911815,1
"635","PR5 F Order1 - PR4 M Order2",-0.11611823364045,0.481623594091732,19,-0.241097477500934,1
"636","PR5 F Order1 - PR5 M Order2",0.200833333311111,0.415138604997426,19,0.483774168177774,1
"637","PR5 F Order1 - PR6 M Order2",0.0033387799342028,0.698601127335409,19,0.00477923639622156,1
"638","PR6 F Order1 - NR0 M Order1",-1.07280663780664,0.853391528368379,19,-1.25710954719431,0.999999410266594
"639","PR6 F Order1 - NR1 M Order1",-0.415550930550934,0.79266754315204,19,-0.524243655667415,1
"640","PR6 F Order1 - NR2 M Order1",-0.467473544973544,0.729922690496497,19,-0.640442544203642,1
"641","PR6 F Order1 - NR3 M Order1",-0.802857142857143,0.74969880755649,19,-1.07090625563873,1
"642","PR6 F Order1 - NR4 M Order1",-0.19452380952381,0.757990458638164,19,-0.256630947404403,1
"643","PR6 F Order1 - NR5 M Order1",-1.59437950937951,0.744181717025382,19,-2.14245993001886,0.980601568607544
"644","PR6 F Order1 - NR6 M Order1",-0.766481481481481,0.73417710083409,19,-1.04400080118365,1
"645","PR6 F Order1 - PR0 M Order1",-0.67547619047619,1.18094254919135,19,-0.571980568350867,1
"646","PR6 F Order1 - PR1 M Order1",-1.45444444444444,1.25017331528147,19,-1.16339424835426,0.999999933276946
"647","PR6 F Order1 - PR2 M Order1",-1.51833333333333,0.997907719629383,19,-1.52151677301107,0.999938964435483
"648","PR6 F Order1 - PR3 M Order1",-0.743267195767195,1.36439408545375,19,-0.544759907486707,1
"649","PR6 F Order1 - PR4 M Order1",-0.54228114478114,0.781540437144459,19,-0.693861915529914,1
"650","PR6 F Order1 - PR5 M Order1",-0.727953342953342,0.74241782701207,19,-0.980517057198181,1
"651","PR6 F Order1 - PR6 M Order1",-0.979534632034633,0.931068044570545,19,-1.05205482858822,1
"652","PR6 F Order1 - NR0 F Order2",-0.977063492063491,0.853391528368379,19,-1.14491819942432,1
"653","PR6 F Order1 - NR1 F Order2",-0.470900673400676,0.79266754315204,19,-0.594070840251817,1
"654","PR6 F Order1 - NR2 F Order2",-0.214487179487178,0.729922690496497,19,-0.293849173727266,1
"655","PR6 F Order1 - NR3 F Order2",-0.0782539682539685,0.74969880755649,19,-0.10438054251283,1
"656","PR6 F Order1 - NR4 F Order2",-0.544290382819795,0.757990458638164,19,-0.718070229799051,1
"657","PR6 F Order1 - NR5 F Order2",-0.366711525189788,0.744181717025381,19,-0.49277147879364,1
"658","PR6 F Order1 - NR6 F Order2",-0.436851851851851,0.73417710083409,19,-0.595022442617114,1
"659","PR6 F Order1 - PR0 F Order2",1.265,1.18094254919135,19,1.07117827269939,1
"660","PR6 F Order1 - PR1 F Order2",1.18166666666667,1.25017331528147,19,0.945202278934114,1
"661","PR6 F Order1 - PR2 F Order2",0.0983333333333332,0.997907719629383,19,0.0985395056066443,1
"662","PR6 F Order1 - PR3 F Order2",0.278888888888889,1.36439408545375,19,0.204404938325528,1
"663","PR6 F Order1 - PR4 F Order2",-0.290555555555551,0.781540437144459,19,-0.371772900986626,1
"664","PR6 F Order1 - PR5 F Order2",-0.776666666666666,0.74241782701207,19,-1.04613148877693,1
"665","PR6 F Order1 - PR6 F Order2",1.11123015873016,0.931068044570545,19,1.19350048066864,0.999999860529338
"666","PR6 F Order1 - NR0 M Order2",-1.33388008233596,0.853391528368379,19,-1.56303412676974,0.99989202275386
"667","PR6 F Order1 - NR1 M Order2",-0.992478632517098,0.79266754315204,19,-1.25207426630654,0.999999471022335
"668","PR6 F Order1 - NR2 M Order2",-0.660023342670401,0.729922690496497,19,-0.904237327135904,1
"669","PR6 F Order1 - NR3 M Order2",-0.629444444444445,0.74969880755649,19,-0.83959643272744,1
"670","PR6 F Order1 - NR4 M Order2",-0.47314148814149,0.757990458638164,19,-0.624205071118645,1
"671","PR6 F Order1 - NR5 M Order2",-1.20616402116402,0.744181717025382,19,-1.62079233279912,0.999774508825175
"672","PR6 F Order1 - NR6 M Order2",-0.701110931552109,0.73417710083409,19,-0.954961589997271,1
"673","PR6 F Order1 - PR0 M Order2",-0.540555555555556,1.18094254919135,19,-0.457732305373959,1
"674","PR6 F Order1 - PR1 M Order2",1.90388888888889,1.25017331528147,19,1.52289995764326,0.99993775682742
"675","PR6 F Order1 - PR2 M Order2",1.265,0.997907719629383,19,1.26765228399056,0.99999926163654
"676","PR6 F Order1 - PR3 M Order2",0.820555555555555,1.36439408545375,19,0.60140656156734,1
"677","PR6 F Order1 - PR4 M Order2",-0.531118233618227,0.781540437144459,19,-0.679578699163402,1
"678","PR6 F Order1 - PR5 M Order2",-0.214166666666666,0.74241782701207,19,-0.288471880488915,1
"679","PR6 F Order1 - PR6 M Order2",-0.411661220043574,0.931068044570545,19,-0.442138705591011,1
"680","NR0 M Order1 - NR1 M Order1",0.657255707255703,0.594315053345732,19,1.10590452581614,1
"681","NR0 M Order1 - NR2 M Order1",0.605333092833093,0.49635641298617,19,1.21955328267303,0.999999743603566
"682","NR0 M Order1 - NR3 M Order1",0.269949494949493,0.462576568665669,19,0.583577970082185,1
"683","NR0 M Order1 - NR4 M Order1",0.878282828282827,0.605395890588126,19,1.45075782960733,0.999978848669709
"684","NR0 M Order1 - NR5 M Order1",-0.521572871572875,0.558121240777772,19,-0.934515358788415,1
"685","NR0 M Order1 - NR6 M Order1",0.306325156325156,0.531416896538264,19,0.576430968455478,1
"686","NR0 M Order1 - PR0 M Order1",0.397330447330446,1.32591573728984,19,0.299664930550252,1
"687","NR0 M Order1 - PR1 M Order1",-0.381637806637807,1.14433176242365,19,-0.333502764818408,1
"688","NR0 M Order1 - PR2 M Order1",-0.445526695526697,0.83336102372891,19,-0.534614270215289,1
"689","NR0 M Order1 - PR3 M Order1",0.329539442039441,1.24788375526281,19,0.264078637653263,1
"690","NR0 M Order1 - PR4 M Order1",0.530525493025497,0.675307108575003,19,0.785606261638476,1
"691","NR0 M Order1 - PR5 M Order1",0.344853294853294,0.647551931625052,19,0.53254924896583,1
"692","NR0 M Order1 - PR6 M Order1",0.0932720057720042,0.642900251499581,19,0.145080057994136,1
"693","NR0 M Order1 - NR0 F Order2",0.0957431457431462,0.714743677625073,19,0.133954519277846,1
"694","NR0 M Order1 - NR1 F Order2",0.601905964405961,0.641017361684368,19,0.938985432195415,1
"695","NR0 M Order1 - NR2 F Order2",0.858319458319458,0.56157684969712,19,1.5284096179933,0.999932732819467
"696","NR0 M Order1 - NR3 F Order2",0.994552669552668,0.587051723501192,19,1.6941482832571,0.999473456257551
"697","NR0 M Order1 - NR4 F Order2",0.528516254986842,0.597604350218931,19,0.884391579132952,1
"698","NR0 M Order1 - NR5 F Order2",0.706095112616849,0.579989527464886,19,1.21742734856466,0.999999755792111
"699","NR0 M Order1 - NR6 F Order2",0.635954785954785,0.567095617513701,19,1.12142426482324,1
"700","NR0 M Order1 - PR0 F Order2",2.33780663780664,1.08499157992339,19,2.15467721691601,0.979204345997301
"701","NR0 M Order1 - PR1 F Order2",2.2544733044733,1.15996325039027,19,1.94357304312423,0.99481397064249
"702","NR0 M Order1 - PR2 F Order2",1.17113997113997,0.882270503252836,19,1.3274159872988,0.999997538411403
"703","NR0 M Order1 - PR3 F Order2",1.35169552669553,1.28224515769617,19,1.0541630971133,1
"704","NR0 M Order1 - PR4 F Order2",0.782251082251086,0.627205611347705,19,1.24720038867354,0.999999524266746
"705","NR0 M Order1 - PR5 F Order2",0.296139971139971,0.577724548447978,19,0.512597174441579,1
"706","NR0 M Order1 - PR6 F Order2",2.1840367965368,0.805896474514261,19,2.710071163735,0.816842795190715
"707","NR0 M Order1 - NR0 M Order2",-0.261073444529326,0.714743677625073,19,-0.365268630842335,1
"708","NR0 M Order1 - NR1 M Order2",0.0803280052895386,0.641017361684368,19,0.125313306769827,1
"709","NR0 M Order1 - NR2 M Order2",0.412783295136236,0.56157684969712,19,0.735043289905675,1
"710","NR0 M Order1 - NR3 M Order2",0.443362193362192,0.587051723501192,19,0.755235315072355,1
"711","NR0 M Order1 - NR4 M Order2",0.599665149665147,0.597604350218931,19,1.0034484344792,1
"712","NR0 M Order1 - NR5 M Order2",-0.133357383357388,0.579989527464886,19,-0.22993067468009,1
"713","NR0 M Order1 - NR6 M Order2",0.371695706254528,0.567095617513701,19,0.655437451419817,1
"714","NR0 M Order1 - PR0 M Order2",0.53225108225108,1.08499157992339,19,0.490557799802152,1
"715","NR0 M Order1 - PR1 M Order2",2.97669552669552,1.15996325039027,19,2.56619813230635,0.878700390627241
"716","NR0 M Order1 - PR2 M Order2",2.33780663780664,0.882270503252836,19,2.6497617558191,0.844328817280755
"717","NR0 M Order1 - PR3 M Order2",1.89336219336219,1.28224515769617,19,1.47659921505496,0.999968431524815
"718","NR0 M Order1 - PR4 M Order2",0.541688404188409,0.627205611347705,19,0.863653631899847,1
"719","NR0 M Order1 - PR5 M Order2",0.858639971139971,0.577724548447978,19,1.48624456663068,0.999963489724905
"720","NR0 M Order1 - PR6 M Order2",0.661145417763062,0.805896474514261,19,0.820385047796065,1
"721","NR1 M Order1 - NR2 M Order1",-0.0519226144226105,0.452991620966114,19,-0.114621578014783,1
"722","NR1 M Order1 - NR3 M Order1",-0.38730621230621,0.314708244362069,19,-1.23068340040249,0.999999670045917
"723","NR1 M Order1 - NR4 M Order1",0.221027121027124,0.351820953948674,19,0.628237512707583,1
"724","NR1 M Order1 - NR5 M Order1",-1.17882857882858,0.421827769271601,19,-2.794573199541,0.775029340811916
"725","NR1 M Order1 - NR6 M Order1",-0.350930550930547,0.408990389274573,19,-0.858041069260804,1
"726","NR1 M Order1 - PR0 M Order1",-0.259925259925257,1.12993538766235,19,-0.230035507130191,1
"727","NR1 M Order1 - PR1 M Order1",-1.03889351389351,1.15458769005444,19,-0.899796111497195,1
"728","NR1 M Order1 - PR2 M Order1",-1.1027824027824,0.85021641459785,19,-1.2970608233952,0.999998645122447
"729","NR1 M Order1 - PR3 M Order1",-0.327716265216262,1.18297859290001,19,-0.277026369862605,1
"730","NR1 M Order1 - PR4 M Order1",-0.126730214230207,0.515208237461169,19,-0.245978625758596,1
"731","NR1 M Order1 - PR5 M Order1",-0.312402412402409,0.430325726752186,19,-0.725967314945857,1
"732","NR1 M Order1 - PR6 M Order1",-0.563983701483699,0.64723544865029,19,-0.871373319647125,1
"733","NR1 M Order1 - NR0 F Order2",-0.561512561512557,0.641017361684368,19,-0.875970909800477,1
"734","NR1 M Order1 - NR1 F Order2",-0.0553497428497423,0.557627107713176,19,-0.0992594192142687,1
"735","NR1 M Order1 - NR2 F Order2",0.201063751063755,0.464126374376113,19,0.433209061506208,1
"736","NR1 M Order1 - NR3 F Order2",0.337296962296965,0.494645791796003,19,0.681895950377498,1
"737","NR1 M Order1 - NR4 F Order2",-0.128739452268861,0.507124928076273,19,-0.253861415878768,1
"738","NR1 M Order1 - NR5 F Order2",0.0488394053611459,0.486243339537639,19,0.100442312294882,1
"739","NR1 M Order1 - NR6 F Order2",-0.0213009213009177,0.470788883342651,19,-0.0452451662615288,1
"740","NR1 M Order1 - PR0 F Order2",1.68055093055093,1.03790725104916,19,1.61917255019864,0.999778927988187
"741","NR1 M Order1 - PR1 F Order2",1.5972175972176,1.11604635904238,19,1.43113911378027,0.99998456269757
"742","NR1 M Order1 - PR2 F Order2",0.513884263884267,0.823678319604071,19,0.62388951081204,1
"743","NR1 M Order1 - PR3 F Order2",0.694439819439823,1.24265738548928,19,0.558834500602431,1
"744","NR1 M Order1 - PR4 F Order2",0.124995374995382,0.541693282385726,19,0.230749354034589,1
"745","NR1 M Order1 - PR5 F Order2",-0.361115736115732,0.483539437021629,19,-0.746817546754888,1
"746","NR1 M Order1 - PR6 F Order2",1.52678108928109,0.74129202134536,19,2.05962164075388,0.988288676164149
"747","NR1 M Order1 - NR0 M Order2",-0.918329151785029,0.641017361684368,19,-1.4326119800749,0.999984188066271
"748","NR1 M Order1 - NR1 M Order2",-0.576927701966165,0.557627107713176,19,-1.03461200860937,1
"749","NR1 M Order1 - NR2 M Order2",-0.244472412119467,0.464126374376113,19,-0.526736737269222,1
"750","NR1 M Order1 - NR3 M Order2",-0.213893513893511,0.494645791796003,19,-0.432417534811907,1
"751","NR1 M Order1 - NR4 M Order2",-0.0575905575905563,0.507124928076273,19,-0.113562860751137,1
"752","NR1 M Order1 - NR5 M Order2",-0.790613090613091,0.486243339537639,19,-1.62596178975916,0.999759882592797
"753","NR1 M Order1 - NR6 M Order2",-0.285560001001175,0.470788883342651,19,-0.606556380375146,1
"754","NR1 M Order1 - PR0 M Order2",-0.125004625004623,1.03790725104916,19,-0.120439109446689,1
"755","NR1 M Order1 - PR1 M Order2",2.31943981943982,1.11604635904238,19,2.07826476082053,0.986811566156805
"756","NR1 M Order1 - PR2 M Order2",1.68055093055093,0.823678319604071,19,2.04030006684982,0.989679922516172
"757","NR1 M Order1 - PR3 M Order2",1.23610648610649,1.24265738548928,19,0.994728314128025,1
"758","NR1 M Order1 - PR4 M Order2",-0.115567303067294,0.541693282385726,19,-0.213344537998168,1
"759","NR1 M Order1 - PR5 M Order2",0.201384263884268,0.483539437021629,19,0.416479501909292,1
"760","NR1 M Order1 - PR6 M Order2",0.00388971050735908,0.74129202134536,19,0.00524720406446532,1
"761","NR2 M Order1 - NR3 M Order1",-0.335383597883599,0.375516988394057,19,-0.893124967043187,1
"762","NR2 M Order1 - NR4 M Order1",0.272949735449734,0.325749096853474,19,0.837914020595154,1
"763","NR2 M Order1 - NR5 M Order1",-1.12690596440597,0.293857134687211,19,-3.83487699083935,0.238891159084023
"764","NR2 M Order1 - NR6 M Order1",-0.299007936507937,0.302145170871511,19,-0.989616797930196,1
"765","NR2 M Order1 - PR0 M Order1",-0.208002645502646,1.05457313162925,19,-0.197238711345978,1
"766","NR2 M Order1 - PR1 M Order1",-0.9869708994709,1.04239018633753,19,-0.946834412302604,1
"767","NR2 M Order1 - PR2 M Order1",-1.05085978835979,0.677693888334591,19,-1.55064079291351,0.99990858816808
"768","NR2 M Order1 - PR3 M Order1",-0.275793650793652,1.10683726867626,19,-0.249172718157106,1
"769","NR2 M Order1 - PR4 M Order1",-0.0748075998075961,0.407905564507176,19,-0.183394408698438,1
"770","NR2 M Order1 - PR5 M Order1",-0.260479797979798,0.379976475643237,19,-0.685515590245025,1
"771","NR2 M Order1 - PR6 M Order1",-0.512061087061089,0.700797179603541,19,-0.730683715580555,1
"772","NR2 M Order1 - NR0 F Order2",-0.509589947089947,0.56157684969712,19,-0.907426912923472,1
"773","NR2 M Order1 - NR1 F Order2",-0.00342712842713176,0.464126374376113,19,-0.00738404153769232,1
"774","NR2 M Order1 - NR2 F Order2",0.252986365486365,0.34623487913044,19,0.730678451927589,1
"775","NR2 M Order1 - NR3 F Order2",0.389219576719576,0.386186172041994,19,1.0078547728976,1
"776","NR2 M Order1 - NR4 F Order2",-0.0768168378462507,0.402046008326559,19,-0.191064794215932,1
"777","NR2 M Order1 - NR5 F Order2",0.100762019783756,0.375363670830929,19,0.268438390856268,1
"778","NR2 M Order1 - NR6 F Order2",0.0306216931216928,0.355116139895069,19,0.0862300799134079,1
"779","NR2 M Order1 - PR0 F Order2",1.73247354497354,0.990816209957926,19,1.74853169292326,0.999067174571239
"780","NR2 M Order1 - PR1 F Order2",1.64914021164021,1.07239208112831,19,1.53781461152258,0.999923315813781
"781","NR2 M Order1 - PR2 F Order2",0.565806878306877,0.76348626334777,19,0.741083245985201,1
"782","NR2 M Order1 - PR3 F Order2",0.746362433862433,1.20360403698476,19,0.62010628988268,1
"783","NR2 M Order1 - PR4 F Order2",0.176917989417993,0.444856057974685,19,0.39769715674651,1
"784","NR2 M Order1 - PR5 F Order2",-0.309193121693122,0.371854389903021,19,-0.831489771503729,1
"785","NR2 M Order1 - PR6 F Order2",1.5787037037037,0.673779757075889,19,2.34305600179361,0.947084962814422
"786","NR2 M Order1 - NR0 M Order2",-0.866406537362418,0.56157684969712,19,-1.54281028113909,0.999917851164339
"787","NR2 M Order1 - NR1 M Order2",-0.525005087543554,0.464126374376113,19,-1.13116839836839,1
"788","NR2 M Order1 - NR2 M Order2",-0.192549797696857,0.34623487913044,19,-0.55612478494495,1
"789","NR2 M Order1 - NR3 M Order2",-0.161970899470901,0.386186172041994,19,-0.419411442451358,1
"790","NR2 M Order1 - NR4 M Order2",-0.00566794316794582,0.402046008326559,19,-0.0140977476471849,1
"791","NR2 M Order1 - NR5 M Order2",-0.738690476190481,0.375363670830929,19,-1.96793279049959,0.993776650536518
"792","NR2 M Order1 - NR6 M Order2",-0.233637386578565,0.355116139895069,19,-0.657918242318135,1
"793","NR2 M Order1 - PR0 M Order2",-0.0730820105820123,0.990816209957926,19,-0.0737594014384522,1
"794","NR2 M Order1 - PR1 M Order2",2.37136243386243,1.07239208112831,19,2.21128305178031,0.97172957147672
"795","NR2 M Order1 - PR2 M Order2",1.73247354497354,0.76348626334777,19,2.26916138265136,0.962230853785756
"796","NR2 M Order1 - PR3 M Order2",1.2880291005291,1.20360403698476,19,1.07014355298761,1
"797","NR2 M Order1 - PR4 M Order2",-0.0636446886446834,0.444856057974685,19,-0.143068049774215,1
"798","NR2 M Order1 - PR5 M Order2",0.253306878306878,0.371854389903021,19,0.681199106921771,1
"799","NR2 M Order1 - PR6 M Order2",0.0558123249299696,0.673779757075889,19,0.0828346716324447,1
"800","NR3 M Order1 - NR4 M Order1",0.608333333333334,0.39398501134969,19,1.54405197103652,0.999916440292778
"801","NR3 M Order1 - NR5 M Order1",-0.791522366522368,0.399938818925612,19,-1.97910862628614,0.993247832322973
"802","NR3 M Order1 - NR6 M Order1",0.0363756613756624,0.369486472155336,19,0.0984492372981106,1
"803","NR3 M Order1 - PR0 M Order1",0.127380952380953,1.10913189976883,19,0.11484743375202,1
"804","NR3 M Order1 - PR1 M Order1",-0.651587301587301,1.10708075488256,19,-0.588563479866852,1
"805","NR3 M Order1 - PR2 M Order1",-0.715476190476191,0.666219682730455,19,-1.07393433280725,1
"806","NR3 M Order1 - PR3 M Order1",0.0595899470899477,1.18289827247895,19,0.0503762229401753,1
"807","NR3 M Order1 - PR4 M Order1",0.260575998076003,0.465816499392317,19,0.559396239540546,1
"808","NR3 M Order1 - PR5 M Order1",0.0749037999038007,0.444372811738668,19,0.168560717319157,1
"809","NR3 M Order1 - PR6 M Order1",-0.176677489177489,0.612613532354929,19,-0.288399586111539,1
"810","NR3 M Order1 - NR0 F Order2",-0.174206349206347,0.587051723501192,19,-0.296747871154139,1
"811","NR3 M Order1 - NR1 F Order2",0.331956469456467,0.494645791796003,19,0.671099350206076,1
"812","NR3 M Order1 - NR2 F Order2",0.588369963369965,0.386186172041994,19,1.52353969656372,0.999937191119901
"813","NR3 M Order1 - NR3 F Order2",0.724603174603175,0.422375339510283,19,1.71554327826834,0.999336989602255
"814","NR3 M Order1 - NR4 F Order2",0.258566760037349,0.436923518205758,19,0.591789522109412,1
"815","NR3 M Order1 - NR5 F Order2",0.436145617667356,0.412503397961336,19,1.05731399989155,1
"816","NR3 M Order1 - NR6 F Order2",0.366005291005292,0.394168289901601,19,0.928550825579248,1
"817","NR3 M Order1 - PR0 F Order2",2.06785714285714,1.00547398268944,19,2.05659935359644,0.988515453265886
"818","NR3 M Order1 - PR1 F Order2",1.98452380952381,1.08594932829146,19,1.8274552576464,0.998019308996462
"819","NR3 M Order1 - PR2 F Order2",0.901190476190476,0.782414495181881,19,1.15180697921628,0.999999950265213
"820","NR3 M Order1 - PR3 F Order2",1.08174603174603,1.21569891247627,19,0.889814098412422,1
"821","NR3 M Order1 - PR4 F Order2",0.512301587301592,0.476611036660666,19,1.07488402050231,1
"822","NR3 M Order1 - PR5 F Order2",0.0261904761904772,0.4093126619592,19,0.0639864793459232,1
"823","NR3 M Order1 - PR6 F Order2",1.9140873015873,0.695154895685287,19,2.75346877863873,0.795813503256593
"824","NR3 M Order1 - NR0 M Order2",-0.531022939478819,0.587051723501192,19,-0.904559033251421,1
"825","NR3 M Order1 - NR1 M Order2",-0.189621489659955,0.494645791796003,19,-0.383348029650593,1
"826","NR3 M Order1 - NR2 M Order2",0.142833800186743,0.386186172041994,19,0.369857365507149,1
"827","NR3 M Order1 - NR3 M Order2",0.173412698412698,0.422375339510283,19,0.410565395730156,1
"828","NR3 M Order1 - NR4 M Order2",0.329715654715653,0.436923518205758,19,0.754630137717563,1
"829","NR3 M Order1 - NR5 M Order2",-0.403306878306881,0.412503397961336,19,-0.977705590548088,1
"830","NR3 M Order1 - NR6 M Order2",0.101746211305034,0.394168289901601,19,0.258128859960891,1
"831","NR3 M Order1 - PR0 M Order2",0.262301587301587,1.00547398268944,19,0.260873569895844,1
"832","NR3 M Order1 - PR1 M Order2",2.70674603174603,1.08594932829146,19,2.49251595928936,0.905126965005262
"833","NR3 M Order1 - PR2 M Order2",2.06785714285714,0.782414495181881,19,2.64291773170236,0.847311259143458
"834","NR3 M Order1 - PR3 M Order2",1.6234126984127,1.21569891247627,19,1.3353739826138,0.99999713494748
"835","NR3 M Order1 - PR4 M Order2",0.271738909238916,0.476611036660666,19,0.570148167660638,1
"836","NR3 M Order1 - PR5 M Order2",0.588690476190477,0.4093126619592,19,1.43824154711627,0.999982679432961
"837","NR3 M Order1 - PR6 M Order2",0.391195922813569,0.695154895685287,19,0.562746411255474,1
"838","NR4 M Order1 - NR5 M Order1",-1.3998556998557,0.381821434437069,19,-3.66625750573577,0.305606453164529
"839","NR4 M Order1 - NR6 M Order1",-0.571957671957671,0.327821136796292,19,-1.74472481410827,0.999102461381204
"840","NR4 M Order1 - PR0 M Order1",-0.48095238095238,1.01700217766563,19,-0.472911849664208,1
"841","NR4 M Order1 - PR1 M Order1",-1.25992063492063,1.02616487007059,19,-1.2277955245476,0.999999690810651
"842","NR4 M Order1 - PR2 M Order1",-1.32380952380952,0.752966000511028,19,-1.75812655938126,0.998972934885914
"843","NR4 M Order1 - PR3 M Order1",-0.548743386243386,1.08413745038678,19,-0.506156655733657,1
"844","NR4 M Order1 - PR4 M Order1",-0.34775733525733,0.501554170467418,19,-0.693359472882543,1
"845","NR4 M Order1 - PR5 M Order1",-0.533429533429533,0.295121530340377,19,-1.80749107940144,0.998349502355667
"846","NR4 M Order1 - PR6 M Order1",-0.785010822510823,0.797100670409236,19,-0.984832721452604,1
"847","NR4 M Order1 - NR0 F Order2",-0.782539682539681,0.597604350218931,19,-1.30946115478075,0.999998264762196
"848","NR4 M Order1 - NR1 F Order2",-0.276376863876866,0.507124928076273,19,-0.544987730982331,1
"849","NR4 M Order1 - NR2 F Order2",-0.0199633699633687,0.402046008326559,19,-0.0496544414069985,1
"850","NR4 M Order1 - NR3 F Order2",0.116269841269841,0.436923518205758,19,0.266110283436578,1
"851","NR4 M Order1 - NR4 F Order2",-0.349766573295985,0.451002654200802,19,-0.775531075123688,1
"852","NR4 M Order1 - NR5 F Order2",-0.172187715665978,0.427387747443137,19,-0.40288407118851,1
"853","NR4 M Order1 - NR6 F Order2",-0.242328042328041,0.409719262543053,19,-0.591448985883542,1
"854","NR4 M Order1 - PR0 F Order2",1.45952380952381,1.01167146999421,19,1.44268554843419,0.999981397741109
"855","NR4 M Order1 - PR1 F Order2",1.37619047619048,1.09169005535067,19,1.2606054891179,0.999999364359595
"856","NR4 M Order1 - PR2 F Order2",0.292857142857143,0.790363002427106,19,0.370534984504355,1
"857","NR4 M Order1 - PR3 F Order2",0.473412698412699,1.22082966835298,19,0.387779483645232,1
"858","NR4 M Order1 - PR4 F Order2",-0.0960317460317413,0.489550113473202,19,-0.196163259672083,1
"859","NR4 M Order1 - PR5 F Order2",-0.582142857142856,0.424308954153689,19,-1.37197872315463,0.999994378771568
"860","NR4 M Order1 - PR6 F Order2",1.30575396825397,0.704089172143765,19,1.85452925554627,0.997484461204339
"861","NR4 M Order1 - NR0 M Order2",-1.13935627281215,0.597604350218931,19,-1.90653945607115,0.996118289928356
"862","NR4 M Order1 - NR1 M Order2",-0.797954822993288,0.507124928076273,19,-1.57348767298868,0.999876036104971
"863","NR4 M Order1 - NR2 M Order2",-0.465499533146591,0.402046008326559,19,-1.15782652608378,0.999999942021584
"864","NR4 M Order1 - NR3 M Order2",-0.434920634920635,0.436923518205758,19,-0.995415940773003,1
"865","NR4 M Order1 - NR4 M Order2",-0.27861767861768,0.451002654200802,19,-0.617773922220932,1
"866","NR4 M Order1 - NR5 M Order2",-1.01164021164021,0.427387747443138,19,-2.36703138471421,0.941396973365825
"867","NR4 M Order1 - NR6 M Order2",-0.506587122028299,0.409719262543053,19,-1.23642495811401,0.999999624869245
"868","NR4 M Order1 - PR0 M Order2",-0.346031746031747,1.01167146999421,19,-0.342039640629313,1
"869","NR4 M Order1 - PR1 M Order2",2.0984126984127,1.09169005535067,19,1.92216892343006,0.995605228215045
"870","NR4 M Order1 - PR2 M Order2",1.45952380952381,0.790363002427106,19,1.84664996342414,0.997651250454751
"871","NR4 M Order1 - PR3 M Order2",1.01507936507937,1.22082966835298,19,0.831466822434621,1
"872","NR4 M Order1 - PR4 M Order2",-0.336594424094418,0.489550113473202,19,-0.687558668317708,1
"873","NR4 M Order1 - PR5 M Order2",-0.0196428571428561,0.424308954153689,19,-0.0462937605972398,1
"874","NR4 M Order1 - PR6 M Order2",-0.217137410519765,0.704089172143765,19,-0.308394758945999,1
"875","NR5 M Order1 - NR6 M Order1",0.82789802789803,0.261118933865226,19,3.17057830944324,0.562748990583411
"876","NR5 M Order1 - PR0 M Order1",0.918903318903321,1.06458649741914,19,0.863155150972708,1
"877","NR5 M Order1 - PR1 M Order1",0.139935064935067,1.05284913966142,19,0.132910841319649,1
"878","NR5 M Order1 - PR2 M Order1",0.0760461760461772,0.717010883695549,19,0.106060002400838,1
"879","NR5 M Order1 - PR3 M Order1",0.851112313612316,1.13681700407131,19,0.7486801398679,1
"880","NR5 M Order1 - PR4 M Order1",1.05209836459837,0.427687181972178,19,2.4599717011552,0.915594504147933
"881","NR5 M Order1 - PR5 M Order1",0.866426166426169,0.453312753832368,19,1.91132095689187,0.995966840941992
"882","NR5 M Order1 - PR6 M Order1",0.614844877344879,0.590834586687364,19,1.04063792336893,1
"883","NR5 M Order1 - NR0 F Order2",0.617316017316021,0.579989527464886,19,1.06435717902405,1
"884","NR5 M Order1 - NR1 F Order2",1.12347883597884,0.486243339537639,19,2.31052796948773,0.954187491055174
"885","NR5 M Order1 - NR2 F Order2",1.37989232989233,0.375363670830929,19,3.67614779245342,0.301364367182973
"886","NR5 M Order1 - NR3 F Order2",1.51612554112554,0.412503397961336,19,3.67542558102188,0.301672754921101
"887","NR5 M Order1 - NR4 F Order2",1.05008912655972,0.427387747443137,19,2.45699398928002,0.916515042159231
"888","NR5 M Order1 - NR5 F Order2",1.22766798418972,0.402389337871756,19,3.05094561074327,0.632400080631572
"889","NR5 M Order1 - NR6 F Order2",1.15752765752766,0.383571071207377,19,3.0177657920971,0.651642455605859
"890","NR5 M Order1 - PR0 F Order2",2.85937950937951,1.0013670934121,19,2.85547580721507,0.742883702065822
"891","NR5 M Order1 - PR1 F Order2",2.77604617604618,1.08214789632466,19,2.56531125317949,0.879040604681345
"892","NR5 M Order1 - PR2 F Order2",1.69271284271284,0.777129698424877,19,2.17816002418092,0.976308618664072
"893","NR5 M Order1 - PR3 F Order2",1.8732683982684,1.2123044055431,19,1.5452128934805,0.999915101747538
"894","NR5 M Order1 - PR4 F Order2",1.30382395382396,0.467884821478509,19,2.78663443217477,0.779104875399564
"895","NR5 M Order1 - PR5 F Order2",0.817712842712845,0.399117753480534,19,2.04880097560663,0.989084759293026
"896","NR5 M Order1 - PR6 F Order2",2.70560966810967,0.689201316669116,19,3.9257174974444,0.207848667796098
"897","NR5 M Order1 - NR0 M Order2",0.260499427043549,0.579989527464886,19,0.449145052984289,1
"898","NR5 M Order1 - NR1 M Order2",0.601900876862413,0.486243339537639,19,1.23785937599629,0.99999961272125
"899","NR5 M Order1 - NR2 M Order2",0.934356166709111,0.375363670830929,19,2.48920244370149,0.906226759848084
"900","NR5 M Order1 - NR3 M Order2",0.964935064935067,0.412503397961336,19,2.33921725179464,0.947959683209555
"901","NR5 M Order1 - NR4 M Order2",1.12123802123802,0.427387747443138,19,2.62346786482736,0.855627883707147
"902","NR5 M Order1 - NR5 M Order2",0.388215488215487,0.402389337871756,19,0.964775782252992,1
"903","NR5 M Order1 - NR6 M Order2",0.893268577827402,0.383571071207377,19,2.32882155324081,0.950279147917927
"904","NR5 M Order1 - PR0 M Order2",1.05382395382396,1.0013670934121,19,1.05238524488868,1
"905","NR5 M Order1 - PR1 M Order2",3.4982683982684,1.08214789632466,19,3.23270821867296,0.526944642228417
"906","NR5 M Order1 - PR2 M Order2",2.85937950937951,0.777129698424877,19,3.67941093381843,0.299973701974153
"907","NR5 M Order1 - PR3 M Order2",2.41493506493507,1.2123044055431,19,1.99202036542398,0.992592585802554
"908","NR5 M Order1 - PR4 M Order2",1.06326127576128,0.467884821478509,19,2.27248507955739,0.961624370578959
"909","NR5 M Order1 - PR5 M Order2",1.38021284271285,0.399117753480534,19,3.45815947969391,0.403966713813841
"910","NR5 M Order1 - PR6 M Order2",1.18271828933594,0.689201316669116,19,1.71607085002677,0.999333271880185
"911","NR6 M Order1 - PR0 M Order1",0.0910052910052906,1.05172988621367,19,0.0865291480238508,1
"912","NR6 M Order1 - PR1 M Order1",-0.687962962962963,1.03945056796081,19,-0.661852505706554,1
"913","NR6 M Order1 - PR2 M Order1",-0.751851851851853,0.702548853668495,19,-1.07017732350699,1
"914","NR6 M Order1 - PR3 M Order1",0.0232142857142853,1.130952715383,19,0.0205263097196983,1
"915","NR6 M Order1 - PR4 M Order1",0.224200336700341,0.383139948907291,19,0.585165648582865,1
"916","NR6 M Order1 - PR5 M Order1",0.0385281385281384,0.385464904089309,19,0.0999523902679652,1
"917","NR6 M Order1 - PR6 M Order1",-0.213053150553152,0.626369392625444,19,-0.340139785023872,1
"918","NR6 M Order1 - NR0 F Order2",-0.21058201058201,0.567095617513701,19,-0.371334223151393,1
"919","NR6 M Order1 - NR1 F Order2",0.295580808080805,0.470788883342651,19,0.627841519923219,1
"920","NR6 M Order1 - NR2 F Order2",0.551994301994302,0.355116139895069,19,1.55440499594698,0.99990381334732
"921","NR6 M Order1 - NR3 F Order2",0.688227513227512,0.394168289901601,19,1.7460245556519,0.999090544436974
"922","NR6 M Order1 - NR4 F Order2",0.222191098661686,0.409719262543053,19,0.542300836144696,1
"923","NR6 M Order1 - NR5 F Order2",0.399769956291693,0.383571071207377,19,1.0422317695475,1
"924","NR6 M Order1 - NR6 F Order2",0.32962962962963,0.363780640086136,19,0.906121968314697,1
"925","NR6 M Order1 - PR0 F Order2",2.03148148148148,0.993954547855631,19,2.04383740269032,0.989435446089433
"926","NR6 M Order1 - PR1 F Order2",1.94814814814815,1.07529235882815,19,1.81173811210863,0.998283446891409
"927","NR6 M Order1 - PR2 F Order2",0.864814814814814,0.767554659687663,19,1.12671430483756,1
"928","NR6 M Order1 - PR3 F Order2",1.04537037037037,1.20618885715857,19,0.866672216515874,1
"929","NR6 M Order1 - PR4 F Order2",0.47592592592593,0.451802826025115,19,1.05339298143185,1
"930","NR6 M Order1 - PR5 F Order2",-0.0101851851851851,0.380137565333462,19,-0.026793419314533,1
"931","NR6 M Order1 - PR6 F Order2",1.87771164021164,0.678386351817862,19,2.76790892856256,0.788603243921076
"932","NR6 M Order1 - NR0 M Order2",-0.567398600854482,0.567095617513701,19,-1.0005342720547,1
"933","NR6 M Order1 - NR1 M Order2",-0.225997151035617,0.470788883342651,19,-0.480039268198122,1
"934","NR6 M Order1 - NR2 M Order2",0.10645813881108,0.355116139895069,19,0.299784005431397,1
"935","NR6 M Order1 - NR3 M Order2",0.137037037037036,0.394168289901601,19,0.34766124152515,1
"936","NR6 M Order1 - NR4 M Order2",0.293339993339991,0.409719262543053,19,0.715953630100969,1
"937","NR6 M Order1 - NR5 M Order2",-0.439682539682544,0.383571071207377,19,-1.14628701872262,1
"938","NR6 M Order1 - NR6 M Order2",0.0653705499293719,0.363780640086136,19,0.179697715397646,1
"939","NR6 M Order1 - PR0 M Order2",0.225925925925925,0.993954547855631,19,0.227300057546233,1
"940","NR6 M Order1 - PR1 M Order2",2.67037037037037,1.07529235882815,19,2.48339007382191,0.908137316354282
"941","NR6 M Order1 - PR2 M Order2",2.03148148148148,0.767554659687663,19,2.64669291735932,0.845669699450572
"942","NR6 M Order1 - PR3 M Order2",1.58703703703704,1.20618885715857,19,1.31574506564057,0.999998036619839
"943","NR6 M Order1 - PR4 M Order2",0.235363247863253,0.451802826025115,19,0.520942398554563,1
"944","NR6 M Order1 - PR5 M Order2",0.552314814814815,0.380137565333462,19,1.45293405646536,0.999978109569481
"945","NR6 M Order1 - PR6 M Order2",0.354820261437906,0.678386351817862,19,0.523035672057818,1
"946","PR0 M Order1 - PR1 M Order1",-0.778968253968254,1.54621239599686,19,-0.503791235916229,1
"947","PR0 M Order1 - PR2 M Order1",-0.842857142857144,1.17993720669294,19,-0.714323726784965,1
"948","PR0 M Order1 - PR3 M Order1",-0.0677910052910053,1.49408847596558,19,-0.0453728185321785,1
"949","PR0 M Order1 - PR4 M Order1",0.13319504569505,0.961598828966387,19,0.138514151310084,1
"950","PR0 M Order1 - PR5 M Order1",-0.0524771524771522,0.885651935047936,19,-0.0592525690968111,1
"951","PR0 M Order1 - PR6 M Order1",-0.304058441558442,1.25563272445539,19,-0.242155556825203,1
"952","PR0 M Order1 - NR0 F Order2",-0.3015873015873,1.08499157992339,19,-0.277962803737697,1
"953","PR0 M Order1 - NR1 F Order2",0.204575517075514,1.03790725104916,19,0.197103851879559,1
"954","PR0 M Order1 - NR2 F Order2",0.460989010989012,0.990816209957926,19,0.46526187839477,1
"955","PR0 M Order1 - NR3 F Order2",0.597222222222222,1.00547398268944,19,0.59397083614712,1
"956","PR0 M Order1 - NR4 F Order2",0.131185807656396,1.01167146999421,19,0.12967234082142,1
"957","PR0 M Order1 - NR5 F Order2",0.308764665286403,1.0013670934121,19,0.30834313142277,1
"958","PR0 M Order1 - NR6 F Order2",0.238624338624339,0.993954547855631,19,0.240075704808786,1
"959","PR0 M Order1 - PR0 F Order2",1.94047619047619,1.35777572975227,19,1.4291581061257,0.999985053916043
"960","PR0 M Order1 - PR1 F Order2",1.85714285714286,1.41840154612705,19,1.3093209480868,0.999998269562659
"961","PR0 M Order1 - PR2 F Order2",0.773809523809523,1.20197730623738,19,0.64378047721369,1
"962","PR0 M Order1 - PR3 F Order2",0.954365079365079,1.52003317339949,19,0.627858059986075,1
"963","PR0 M Order1 - PR4 F Order2",0.384920634920639,1.02943435084793,19,0.373914698497856,1
"964","PR0 M Order1 - PR5 F Order2",-0.101190476190476,1.00005692721918,19,-0.101184716025969,1
"965","PR0 M Order1 - PR6 F Order2",1.78670634920635,1.14709081220022,19,1.55759799503519,0.9998995908975
"966","PR0 M Order1 - NR0 M Order2",-0.658403891859772,1.08499157992339,19,-0.606828572721513,1
"967","PR0 M Order1 - NR1 M Order2",-0.317002442040908,1.03790725104916,19,-0.305424633771917,1
"968","PR0 M Order1 - NR2 M Order2",0.0154528478057896,0.990816209957926,19,0.0155960789200712,1
"969","PR0 M Order1 - NR3 M Order2",0.0460317460317454,1.00547398268944,19,0.0457811408591794,1
"970","PR0 M Order1 - NR4 M Order2",0.2023347023347,1.01167146999421,19,0.200000403624963,1
"971","PR0 M Order1 - NR5 M Order2",-0.530687830687834,1.0013670934121,19,-0.529963321322602,1
"972","PR0 M Order1 - NR6 M Order2",-0.0256347410759187,0.993954547855631,19,-0.0257906572601568,1
"973","PR0 M Order1 - PR0 M Order2",0.134920634920634,1.35777572975227,19,0.0993688662745877,1
"974","PR0 M Order1 - PR1 M Order2",2.57936507936508,1.41840154612705,19,1.81850131678722,0.998173665879231
"975","PR0 M Order1 - PR2 M Order2",1.94047619047619,1.20197730623738,19,1.61440335055125,0.999791501277939
"976","PR0 M Order1 - PR3 M Order2",1.49603174603175,1.52003317339949,19,0.984209931870063,1
"977","PR0 M Order1 - PR4 M Order2",0.144357956857963,1.02943435084793,19,0.140230367035117,1
"978","PR0 M Order1 - PR5 M Order2",0.461309523809524,1.00005692721918,19,0.461283264236038,1
"979","PR0 M Order1 - PR6 M Order2",0.263814970432616,1.14709081220022,19,0.229986124574214,1
"980","PR1 M Order1 - PR2 M Order1",-0.0638888888888899,1.30176406918541,19,-0.0490787005120437,1
"981","PR1 M Order1 - PR3 M Order1",0.711177248677249,1.27219135945661,19,0.559017512098976,1
"982","PR1 M Order1 - PR4 M Order1",0.912163299663304,1.24092588688567,19,0.735066702454363,1
"983","PR1 M Order1 - PR5 M Order1",0.726491101491102,1.0327553049687,19,0.703449401804929,1
"984","PR1 M Order1 - PR6 M Order1",0.474909812409812,1.40001557358222,19,0.339217521127039,1
"985","PR1 M Order1 - NR0 F Order2",0.477380952380954,1.15996325039027,19,0.411548341915433,1
"986","PR1 M Order1 - NR1 F Order2",0.983543771043768,1.11604635904238,19,0.881275014317236,1
"987","PR1 M Order1 - NR2 F Order2",1.23995726495727,1.07239208112831,19,1.15625365645432,0.999999944290572
"988","PR1 M Order1 - NR3 F Order2",1.37619047619048,1.08594932829146,19,1.26726951280098,0.99999926758833
"989","PR1 M Order1 - NR4 F Order2",0.91015406162465,1.09169005535067,19,0.833711049362168,1
"990","PR1 M Order1 - NR5 F Order2",1.08773291925466,1.08214789632466,19,1.00516105326172,1
"991","PR1 M Order1 - NR6 F Order2",1.01759259259259,1.07529235882815,19,0.946340392208835,1
"992","PR1 M Order1 - PR0 F Order2",2.71944444444444,1.41840154612705,19,1.91725992676044,0.995772018542435
"993","PR1 M Order1 - PR1 F Order2",2.63611111111111,1.4765401991842,19,1.78532972726891,0.998660453605913
"994","PR1 M Order1 - PR2 F Order2",1.55277777777778,1.27006199000717,19,1.22259999117761,0.999999725148647
"995","PR1 M Order1 - PR3 F Order2",1.73333333333333,1.57442334268335,19,1.10093218662469,1
"996","PR1 M Order1 - PR4 F Order2",1.16388888888889,1.10817105920386,19,1.050279087531,1
"997","PR1 M Order1 - PR5 F Order2",0.677777777777778,1.08093564629462,19,0.627028796858681,1
"998","PR1 M Order1 - PR6 F Order2",2.5656746031746,1.21824683261869,19,2.10603839425508,0.984348250012818
"999","PR1 M Order1 - NR0 M Order2",0.120564362108482,1.15996325039027,19,0.103938087752278,1
"1000","PR1 M Order1 - NR1 M Order2",0.461965811927346,1.11604635904238,19,0.413930665320871,1
"1001","PR1 M Order1 - NR2 M Order2",0.794421101774044,1.07239208112831,19,0.740793517365591,1
"1002","PR1 M Order1 - NR3 M Order2",0.824999999999999,1.08594932829146,19,0.759703955338305,1
"1003","PR1 M Order1 - NR4 M Order2",0.981302956302954,1.09169005535067,19,0.898884213054175,1
"1004","PR1 M Order1 - NR5 M Order2",0.24828042328042,1.08214789632466,19,0.229432986122935,1
"1005","PR1 M Order1 - NR6 M Order2",0.753333512892335,1.07529235882815,19,0.70058482858868,1
"1006","PR1 M Order1 - PR0 M Order2",0.913888888888888,1.41840154612705,19,0.64430900500938,1
"1007","PR1 M Order1 - PR1 M Order2",3.35833333333333,1.4765401991842,19,2.27446115939737,0.961260547834185
"1008","PR1 M Order1 - PR2 M Order2",2.71944444444444,1.27006199000717,19,2.14119032444164,0.980742600072838
"1009","PR1 M Order1 - PR3 M Order2",2.275,1.57442334268335,19,1.4449734949449,0.999980705022014
"1010","PR1 M Order1 - PR4 M Order2",0.923326210826217,1.10817105920386,19,0.833198271293567,1
"1011","PR1 M Order1 - PR5 M Order2",1.24027777777778,1.08093564629462,19,1.14741130244836,1
"1012","PR1 M Order1 - PR6 M Order2",1.04278322440087,1.21824683261869,19,0.855970396540534,1
"1013","PR2 M Order1 - PR3 M Order1",0.775066137566139,1.09374497855658,19,0.708635150571388,1
"1014","PR2 M Order1 - PR4 M Order1",0.976052188552194,0.681003491814744,19,1.43325577663516,0.999984021980253
"1015","PR2 M Order1 - PR5 M Order1",0.790379990379992,0.874958293757192,19,0.90333447436219,1
"1016","PR2 M Order1 - PR6 M Order1",0.538798701298702,0.941704178202996,19,0.572152820142374,1
"1017","PR2 M Order1 - NR0 F Order2",0.541269841269844,0.882270503252836,19,0.613496472197858,1
"1018","PR2 M Order1 - NR1 F Order2",1.04743265993266,0.823678319604071,19,1.27165257965773,0.999999196707294
"1019","PR2 M Order1 - NR2 F Order2",1.30384615384616,0.76348626334777,19,1.7077532582302,0.999389842502781
"1020","PR2 M Order1 - NR3 F Order2",1.44007936507937,0.782414495181881,19,1.84055813631699,0.997773783009976
"1021","PR2 M Order1 - NR4 F Order2",0.974042950513539,0.790363002427106,19,1.23239947659794,0.999999657101679
"1022","PR2 M Order1 - NR5 F Order2",1.15162180814355,0.777129698424877,19,1.48189138888619,0.999965800095883
"1023","PR2 M Order1 - NR6 F Order2",1.08148148148148,0.767554659687663,19,1.40899604716303,0.999989307097201
"1024","PR2 M Order1 - PR0 F Order2",2.78333333333333,1.20197730623738,19,2.31562885496247,0.953119753363234
"1025","PR2 M Order1 - PR1 F Order2",2.7,1.27006199000717,19,2.12588048555391,0.982382938207771
"1026","PR2 M Order1 - PR2 F Order2",1.61666666666667,1.02271401531171,19,1.58076123184243,0.999863712332533
"1027","PR2 M Order1 - PR3 F Order2",1.79722222222222,1.3826407200138,19,1.29984760047013,0.999998567026409
"1028","PR2 M Order1 - PR4 F Order2",1.22777777777778,0.812975765389748,19,1.51022678663635,0.999948065216967
"1029","PR2 M Order1 - PR5 F Order2",0.741666666666668,0.77544075859115,19,0.956445297012961,1
"1030","PR2 M Order1 - PR6 F Order2",2.62956349206349,0.957607353689138,19,2.7459725344978,0.799515816865774
"1031","PR2 M Order1 - NR0 M Order2",0.184453250997372,0.882270503252836,19,0.209066550811018,1
"1032","PR2 M Order1 - NR1 M Order2",0.525854700816236,0.823678319604071,19,0.638422413581319,1
"1033","PR2 M Order1 - NR2 M Order2",0.858309990662933,0.76348626334777,19,1.12419834104071,1
"1034","PR2 M Order1 - NR3 M Order2",0.888888888888889,0.782414495181881,19,1.13608438284653,1
"1035","PR2 M Order1 - NR4 M Order2",1.04519184519184,0.790363002427106,19,1.32242000445642,0.999997764375961
"1036","PR2 M Order1 - NR5 M Order2",0.31216931216931,0.777129698424877,19,0.401695254732935,1
"1037","PR2 M Order1 - NR6 M Order2",0.817222401781225,0.767554659687663,19,1.06470906204097,1
"1038","PR2 M Order1 - PR0 M Order2",0.977777777777778,1.20197730623738,19,0.81347440813053,1
"1039","PR2 M Order1 - PR1 M Order2",3.42222222222222,1.27006199000717,19,2.69453164424117,0.824125852674588
"1040","PR2 M Order1 - PR2 M Order2",2.78333333333333,1.02271401531171,19,2.72151675997615,0.811393272697212
"1041","PR2 M Order1 - PR3 M Order2",2.33888888888889,1.3826407200138,19,1.69161001483129,0.999487907249382
"1042","PR2 M Order1 - PR4 M Order2",0.987215099715107,0.812975765389748,19,1.21432291310901,0.999999772628229
"1043","PR2 M Order1 - PR5 M Order2",1.30416666666667,0.77544075859115,19,1.68183920205088,0.999540379322139
"1044","PR2 M Order1 - PR6 M Order2",1.10667211328976,0.957607353689138,19,1.15566375824742,0.999999945120026
"1045","PR3 M Order1 - PR4 M Order1",0.200986050986055,1.23826984503398,19,0.162311996688041,1
"1046","PR3 M Order1 - PR5 M Order1",0.015313852813853,1.17923286416803,19,0.0129862839471127,1
"1047","PR3 M Order1 - PR6 M Order1",-0.236267436267437,1.35579941681309,19,-0.174264299967618,1
"1048","PR3 M Order1 - NR0 F Order2",-0.233796296296295,1.28224515769617,19,-0.182333538085931,1
"1049","PR3 M Order1 - NR1 F Order2",0.27236652236652,1.24265738548928,19,0.219180705435778,1
"1050","PR3 M Order1 - NR2 F Order2",0.528780016280017,1.20360403698476,19,0.439330543959213,1
"1051","PR3 M Order1 - NR3 F Order2",0.665013227513227,1.21569891247627,19,0.547021323033559,1
"1052","PR3 M Order1 - NR4 F Order2",0.198976812947401,1.22082966835298,19,0.162984909447556,1
"1053","PR3 M Order1 - NR5 F Order2",0.376555670577408,1.2123044055431,19,0.310611484092327,1
"1054","PR3 M Order1 - NR6 F Order2",0.306415343915344,1.20618885715857,19,0.254035959706317,1
"1055","PR3 M Order1 - PR0 F Order2",2.0082671957672,1.52003317339949,19,1.32119958360895,0.999997816602315
"1056","PR3 M Order1 - PR1 F Order2",1.92493386243386,1.57442334268335,19,1.22262787285224,0.999999724974209
"1057","PR3 M Order1 - PR2 F Order2",0.841600529100529,1.3826407200138,19,0.608690686537954,1
"1058","PR3 M Order1 - PR3 F Order2",1.02215608465608,1.66656735962443,19,0.613330195598236,1
"1059","PR3 M Order1 - PR4 F Order2",0.452711640211645,1.23558933251963,19,0.366393289660788,1
"1060","PR3 M Order1 - PR5 F Order2",-0.0333994708994705,1.21122242945286,19,-0.0275750102436247,1
"1061","PR3 M Order1 - PR6 F Order2",1.85449735449735,1.33520157555508,19,1.38892687699712,0.999992419292178
"1062","PR3 M Order1 - NR0 M Order2",-0.590612886568767,1.28224515769617,19,-0.460608396938641,1
"1063","PR3 M Order1 - NR1 M Order2",-0.249211436749903,1.24265738548928,19,-0.200547181918353,1
"1064","PR3 M Order1 - NR2 M Order2",0.0832438530967949,1.20360403698476,19,0.0691621584332134,1
"1065","PR3 M Order1 - NR3 M Order2",0.113822751322751,1.21569891247627,19,0.0936274188901791,1
"1066","PR3 M Order1 - NR4 M Order2",0.270125707625706,1.22082966835298,19,0.221264042501631,1
"1067","PR3 M Order1 - NR5 M Order2",-0.462896825396829,1.2123044055431,19,-0.381832172909953,1
"1068","PR3 M Order1 - NR6 M Order2",0.0421562642150866,1.20618885715857,19,0.0349499698698878,1
"1069","PR3 M Order1 - PR0 M Order2",0.202711640211639,1.52003317339949,19,0.133360010662322,1
"1070","PR3 M Order1 - PR1 M Order2",2.64715608465608,1.57442334268335,19,1.68134961727919,0.99954288110214
"1071","PR3 M Order1 - PR2 M Order2",2.00826719576719,1.3826407200138,19,1.45248665593123,0.999978263392143
"1072","PR3 M Order1 - PR3 M Order2",1.56382275132275,1.66656735962443,19,0.938349561625382,1
"1073","PR3 M Order1 - PR4 M Order2",0.212148962148968,1.23558933251963,19,0.171698602897737,1
"1074","PR3 M Order1 - PR5 M Order2",0.52910052910053,1.21122242945286,19,0.436831845443565,1
"1075","PR3 M Order1 - PR6 M Order2",0.331605975723621,1.33520157555508,19,0.248356489233293,1
"1076","PR4 M Order1 - PR5 M Order1",-0.185672198172202,0.510769563160645,19,-0.363514609256005,1
"1077","PR4 M Order1 - PR6 M Order1",-0.437253487253492,0.632235185370989,19,-0.691599419600345,1
"1078","PR4 M Order1 - NR0 F Order2",-0.43478234728235,0.627205611347705,19,-0.693205448765221,1
"1079","PR4 M Order1 - NR1 F Order2",0.0713804713804643,0.541693282385726,19,0.131772856894386,1
"1080","PR4 M Order1 - NR2 F Order2",0.327793965293962,0.444856057974685,19,0.736853998990871,1
"1081","PR4 M Order1 - NR3 F Order2",0.464027176527172,0.476611036660666,19,0.973597212054379,1
"1082","PR4 M Order1 - NR4 F Order2",-0.0020092380386546,0.489550113473202,19,-0.00410425405562608,1
"1083","PR4 M Order1 - NR5 F Order2",0.175569619591353,0.467884821478509,19,0.375241109631544,1
"1084","PR4 M Order1 - NR6 F Order2",0.105429292929289,0.451802826025115,19,0.233352442384741,1
"1085","PR4 M Order1 - PR0 F Order2",1.80728114478114,1.02943435084793,19,1.75560602120234,0.998998445206563
"1086","PR4 M Order1 - PR1 F Order2",1.72394781144781,1.10817105920386,19,1.55566940422207,0.999902160511702
"1087","PR4 M Order1 - PR2 F Order2",0.640614478114473,0.812975765389748,19,0.787987176723967,1
"1088","PR4 M Order1 - PR3 F Order2",0.821170033670029,1.23558933251963,19,0.664597866020329,1
"1089","PR4 M Order1 - PR4 F Order2",0.251725589225589,0.52527633975564,19,0.479225067214511,1
"1090","PR4 M Order1 - PR5 F Order2",-0.234385521885526,0.465074196317592,19,-0.503974470614292,1
"1091","PR4 M Order1 - PR6 F Order2",1.6535113035113,0.729381574921899,19,2.26700448758711,0.962620780552121
"1092","PR4 M Order1 - NR0 M Order2",-0.791598937554822,0.627205611347705,19,-1.26210436136545,0.999999343684076
"1093","PR4 M Order1 - NR1 M Order2",-0.450197487735958,0.541693282385726,19,-0.831092986335732,1
"1094","PR4 M Order1 - NR2 M Order2",-0.117742197889261,0.444856057974685,19,-0.264674821840823,1
"1095","PR4 M Order1 - NR3 M Order2",-0.0871632996633048,0.476611036660666,19,-0.182881412637875,1
"1096","PR4 M Order1 - NR4 M Order2",0.0691396566396503,0.489550113473202,19,0.141231009322266,1
"1097","PR4 M Order1 - NR5 M Order2",-0.663882876382884,0.467884821478509,19,-1.41890235781752,0.999987378134387
"1098","PR4 M Order1 - NR6 M Order2",-0.158829786770969,0.451802826025115,19,-0.351546687231522,1
"1099","PR4 M Order1 - PR0 M Order2",0.00172558922558376,1.02943435084793,19,0.00167624989797788,1
"1100","PR4 M Order1 - PR1 M Order2",2.44617003367003,1.10817105920386,19,2.20739389767806,0.972298327042921
"1101","PR4 M Order1 - PR2 M Order2",1.80728114478114,0.812975765389748,19,2.22304430429696,0.969957754634837
"1102","PR4 M Order1 - PR3 M Order2",1.3628367003367,1.23558933251963,19,1.10298516219591,1
"1103","PR4 M Order1 - PR4 M Order2",0.0111629111629127,0.52527633975564,19,0.0212515019581992,1
"1104","PR4 M Order1 - PR5 M Order2",0.328114478114474,0.465074196317592,19,0.70550996101794,1
"1105","PR4 M Order1 - PR6 M Order2",0.130619924737566,0.729381574921899,19,0.1790831153797,1
"1106","PR5 M Order1 - PR6 M Order1",-0.25158128908129,0.801653471722425,19,-0.313827979239889,1
"1107","PR5 M Order1 - NR0 F Order2",-0.249110149110148,0.577724548447978,19,-0.431191905864771,1
"1108","PR5 M Order1 - NR1 F Order2",0.257052669552667,0.483539437021629,19,0.531606421052206,1
"1109","PR5 M Order1 - NR2 F Order2",0.513466163466164,0.371854389903021,19,1.3808258754188,0.999993422422082
"1110","PR5 M Order1 - NR3 F Order2",0.649699374699374,0.4093126619592,19,1.58729361459171,0.999851732535919
"1111","PR5 M Order1 - NR4 F Order2",0.183662960133548,0.424308954153689,19,0.432851954538351,1
"1112","PR5 M Order1 - NR5 F Order2",0.361241817763555,0.399117753480534,19,0.905100849594689,1
"1113","PR5 M Order1 - NR6 F Order2",0.291101491101491,0.380137565333462,19,0.765779332663776,1
"1114","PR5 M Order1 - PR0 F Order2",1.99295334295334,1.00005692721918,19,1.99283989611979,0.992549339557694
"1115","PR5 M Order1 - PR1 F Order2",1.90962000962001,1.08093564629462,19,1.76663616947601,0.998882684737815
"1116","PR5 M Order1 - PR2 F Order2",0.826286676286676,0.77544075859115,19,1.06557034451981,1
"1117","PR5 M Order1 - PR3 F Order2",1.00684223184223,1.21122242945286,19,0.831261217889642,1
"1118","PR5 M Order1 - PR4 F Order2",0.437397787397791,0.465074196317592,19,0.940490336512024,1
"1119","PR5 M Order1 - PR5 F Order2",-0.0487133237133235,0.395819129216649,19,-0.123069655096585,1
"1120","PR5 M Order1 - PR6 F Order2",1.8391835016835,0.687296338422461,19,2.67596871810047,0.832645981539317
"1121","PR5 M Order1 - NR0 M Order2",-0.60592673938262,0.577724548447978,19,-1.04881598161339,1
"1122","PR5 M Order1 - NR1 M Order2",-0.264525289563756,0.483539437021629,19,-0.547060424260541,1
"1123","PR5 M Order1 - NR2 M Order2",0.0679300002829419,0.371854389903021,19,0.18267903278124,1
"1124","PR5 M Order1 - NR3 M Order2",0.0985088985088976,0.4093126619592,19,0.24066907199347,1
"1125","PR5 M Order1 - NR4 M Order2",0.254811854811853,0.424308954153689,19,0.600533767476322,1
"1126","PR5 M Order1 - NR5 M Order2",-0.478210678210682,0.399117753480534,19,-1.19816939747835,0.999999844146662
"1127","PR5 M Order1 - NR6 M Order2",0.0268424114012335,0.380137565333462,19,0.0706123620739428,1
"1128","PR5 M Order1 - PR0 M Order2",0.187397787397786,1.00005692721918,19,0.187387119970136,1
"1129","PR5 M Order1 - PR1 M Order2",2.63184223184223,1.08093564629462,19,2.43478160875165,0.923184883610891
"1130","PR5 M Order1 - PR2 M Order2",1.99295334295334,0.77544075859115,19,2.57009103645031,0.877200774111635
"1131","PR5 M Order1 - PR3 M Order2",1.5485088985089,1.21122242945286,19,1.27846781966249,0.999999073832044
"1132","PR5 M Order1 - PR4 M Order2",0.196835109335115,0.465074196317592,19,0.423233778381244,1
"1133","PR5 M Order1 - PR5 M Order2",0.513786676286677,0.395819129216649,19,1.29803397148463,0.999998618307477
"1134","PR5 M Order1 - PR6 M Order2",0.316292122909768,0.687296338422461,19,0.460197596331952,1
"1135","PR6 M Order1 - NR0 F Order2",0.002471139971142,0.805896474514261,19,0.00306632433481165,1
"1136","PR6 M Order1 - NR1 F Order2",0.508633958633957,0.74129202134536,19,0.686145195129505,1
"1137","PR6 M Order1 - NR2 F Order2",0.765047452547454,0.673779757075889,19,1.13545627412087,1
"1138","PR6 M Order1 - NR3 F Order2",0.901280663780664,0.695154895685287,19,1.2965177536327,0.999998659877683
"1139","PR6 M Order1 - NR4 F Order2",0.435244249214838,0.704089172143765,19,0.618166372150894,1
"1140","PR6 M Order1 - NR5 F Order2",0.612823106844845,0.689201316669116,19,0.889178665250664,1
"1141","PR6 M Order1 - NR6 F Order2",0.542682780182781,0.678386351817862,19,0.799961229657056,1
"1142","PR6 M Order1 - PR0 F Order2",2.24453463203463,1.14709081220022,19,1.95671921365094,0.994273191532939
"1143","PR6 M Order1 - PR1 F Order2",2.1612012987013,1.21824683261869,19,1.77402578922013,0.99879890938991
"1144","PR6 M Order1 - PR2 F Order2",1.07786796536797,0.957607353689138,19,1.12558446968429,1
"1145","PR6 M Order1 - PR3 F Order2",1.25842352092352,1.33520157555508,19,0.942497031132066,1
"1146","PR6 M Order1 - PR4 F Order2",0.688979076479082,0.729381574921899,19,0.944607185275905,1
"1147","PR6 M Order1 - PR5 F Order2",0.202867965367967,0.687296338422461,19,0.29516811603217,1
"1148","PR6 M Order1 - PR6 F Order2",2.09076479076479,0.887738548540063,19,2.35515827740406,0.944262422897957
"1149","PR6 M Order1 - NR0 M Order2",-0.35434545030133,0.805896474514261,19,-0.439691029191938,1
"1150","PR6 M Order1 - NR1 M Order2",-0.0129440004824656,0.74129202134536,19,-0.01746140537028,1
"1151","PR6 M Order1 - NR2 M Order2",0.319511289364232,0.673779757075889,19,0.474207314792102,1
"1152","PR6 M Order1 - NR3 M Order2",0.350090187590188,0.695154895685287,19,0.503614647272342,1
"1153","PR6 M Order1 - NR4 M Order2",0.506393143893143,0.704089172143765,19,0.719217343381819,1
"1154","PR6 M Order1 - NR5 M Order2",-0.226629389129392,0.689201316669116,19,-0.328829013596032,1
"1155","PR6 M Order1 - NR6 M Order2",0.278423700482524,0.678386351817862,19,0.410420551263208,1
"1156","PR6 M Order1 - PR0 M Order2",0.438979076479076,1.14709081220022,19,0.382689035436589,1
"1157","PR6 M Order1 - PR1 M Order2",2.88342352092352,1.21824683261869,19,2.36686313784657,0.941438249025488
"1158","PR6 M Order1 - PR2 M Order2",2.24453463203463,0.957607353689138,19,2.34389870063932,0.946891618625751
"1159","PR6 M Order1 - PR3 M Order2",1.80009018759019,1.33520157555508,19,1.34817859755883,0.999996356958111
"1160","PR6 M Order1 - PR4 M Order2",0.448416398416405,0.729381574921899,19,0.614789862856655,1
"1161","PR6 M Order1 - PR5 M Order2",0.765367965367967,0.687296338422461,19,1.11359238014377,1
"1162","PR6 M Order1 - PR6 M Order2",0.567873411991058,0.887738548540063,19,0.639685426441106,1
"1163","NR0 F Order2 - NR1 F Order2",0.506162818662815,0.594315053345732,19,0.851674235430082,1
"1164","NR0 F Order2 - NR2 F Order2",0.762576312576312,0.49635641298617,19,1.53634826230715,0.999924857171444
"1165","NR0 F Order2 - NR3 F Order2",0.898809523809522,0.462576568665669,19,1.94305026387781,0.994834587100689
"1166","NR0 F Order2 - NR4 F Order2",0.432773109243696,0.605395890588126,19,0.714859674424397,1
"1167","NR0 F Order2 - NR5 F Order2",0.610351966873703,0.558121240777772,19,1.09358311829011,1
"1168","NR0 F Order2 - NR6 F Order2",0.540211640211639,0.531416896538264,19,1.01654961242419,1
"1169","NR0 F Order2 - PR0 F Order2",2.24206349206349,1.32591573728984,19,1.69095473340278,0.999491581707774
"1170","NR0 F Order2 - PR1 F Order2",2.15873015873016,1.14433176242365,19,1.88645481111007,0.996704360260964
"1171","NR0 F Order2 - PR2 F Order2",1.07539682539682,0.83336102372891,19,1.29043331134556,0.999998815383785
"1172","NR0 F Order2 - PR3 F Order2",1.25595238095238,1.24788375526281,19,1.00646584720375,1
"1173","NR0 F Order2 - PR4 F Order2",0.68650793650794,0.675307108575003,19,1.01658627280938,1
"1174","NR0 F Order2 - PR5 F Order2",0.200396825396825,0.647551931625052,19,0.309468346258998,1
"1175","NR0 F Order2 - PR6 F Order2",2.08829365079365,0.642900251499581,19,3.24823897007763,0.518082098616153
"1176","NR0 F Order2 - NR0 M Order2",-0.356816590272472,0.714743677625073,19,-0.499223150120181,1
"1177","NR0 F Order2 - NR1 M Order2",-0.0154151404536076,0.641017361684368,19,-0.0240479297052143,1
"1178","NR0 F Order2 - NR2 M Order2",0.31704014939309,0.56157684969712,19,0.564553452593499,1
"1179","NR0 F Order2 - NR3 M Order2",0.347619047619046,0.587051723501192,19,0.592143815788218,1
"1180","NR0 F Order2 - NR4 M Order2",0.503922003922001,0.597604350218931,19,0.843236840122382,1
"1181","NR0 F Order2 - NR5 M Order2",-0.229100529100534,0.579989527464886,19,-0.395008044545087,1
"1182","NR0 F Order2 - NR6 M Order2",0.275952560511382,0.567095617513701,19,0.486606759052788,1
"1183","NR0 F Order2 - PR0 M Order2",0.436507936507934,1.08499157992339,19,0.402314584357193,1
"1184","NR0 F Order2 - PR1 M Order2",2.88095238095238,1.15996325039027,19,2.48365832278141,0.908049662538121
"1185","NR0 F Order2 - PR2 M Order2",2.24206349206349,0.882270503252836,19,2.54124271841487,0.888069691371176
"1186","NR0 F Order2 - PR3 M Order2",1.79761904761905,1.28224515769617,19,1.40193085294926,0.999990514817044
"1187","NR0 F Order2 - PR4 M Order2",0.445945258445263,0.627205611347705,19,0.711003298403279,1
"1188","NR0 F Order2 - PR5 M Order2",0.762896825396825,0.577724548447978,19,1.32052000810127,0.999997845196393
"1189","NR0 F Order2 - PR6 M Order2",0.565402272019916,0.805896474514261,19,0.701581766269298,1
"1190","NR1 F Order2 - NR2 F Order2",0.256413493913497,0.452991620966114,19,0.566044672894022,1
"1191","NR1 F Order2 - NR3 F Order2",0.392646705146707,0.314708244362069,19,1.24765306337183,0.999999519538649
"1192","NR1 F Order2 - NR4 F Order2",-0.0733897094191189,0.351820953948674,19,-0.20859959759482,1
"1193","NR1 F Order2 - NR5 F Order2",0.104189148210888,0.421827769271601,19,0.246994521936758,1
"1194","NR1 F Order2 - NR6 F Order2",0.0340488215488245,0.408990389274573,19,0.0832509086808053,1
"1195","NR1 F Order2 - PR0 F Order2",1.73590067340068,1.12993538766235,19,1.53628312942032,0.999924924991708
"1196","NR1 F Order2 - PR1 F Order2",1.65256734006734,1.15458769005444,19,1.43130517872525,0.99998452086341
"1197","NR1 F Order2 - PR2 F Order2",0.569234006734009,0.85021641459785,19,0.669516604196892,1
"1198","NR1 F Order2 - PR3 F Order2",0.749789562289565,1.18297859290001,19,0.633814987684178,1
"1199","NR1 F Order2 - PR4 F Order2",0.180345117845125,0.515208237461169,19,0.35004315679001,1
"1200","NR1 F Order2 - PR5 F Order2",-0.30576599326599,0.430325726752186,19,-0.710545464185258,1
"1201","NR1 F Order2 - PR6 F Order2",1.58213083213083,0.64723544865029,19,2.44444403567531,0.920326160117913
"1202","NR1 F Order2 - NR0 M Order2",-0.862979408935287,0.641017361684368,19,-1.34626526599479,0.999996484320659
"1203","NR1 F Order2 - NR1 M Order2",-0.521577959116422,0.557627107713176,19,-0.935352589395105,1
"1204","NR1 F Order2 - NR2 M Order2",-0.189122669269725,0.464126374376113,19,-0.40748097869669,1
"1205","NR1 F Order2 - NR3 M Order2",-0.158543771043769,0.494645791796003,19,-0.320519801589972,1
"1206","NR1 F Order2 - NR4 M Order2",-0.00224081474081406,0.507124928076273,19,-0.0044186641530606,1
"1207","NR1 F Order2 - NR5 M Order2",-0.735263347763349,0.486243339537639,19,-1.51213042519513,0.999946621665634
"1208","NR1 F Order2 - NR6 M Order2",-0.230210258151433,0.470788883342651,19,-0.488988305154778,1
"1209","NR1 F Order2 - PR0 M Order2",-0.0696548821548806,1.03790725104916,19,-0.0671108926972716,1
"1210","NR1 F Order2 - PR1 M Order2",2.37478956228956,1.11604635904238,19,2.12785924441997,0.982177123691326
"1211","NR1 F Order2 - PR2 M Order2",1.73590067340067,0.823678319604071,19,2.10749831831812,0.984209644427486
"1212","NR1 F Order2 - PR3 M Order2",1.29145622895623,1.24265738548928,19,1.03926974887591,1
"1213","NR1 F Order2 - PR4 M Order2",-0.0602175602175516,0.541693282385726,19,-0.111165418098488,1
"1214","NR1 F Order2 - PR5 M Order2",0.25673400673401,0.483539437021629,19,0.530947399689606,1
"1215","NR1 F Order2 - PR6 M Order2",0.0592394533571014,0.74129202134536,19,0.0799137878883258,1
"1216","NR2 F Order2 - NR3 F Order2",0.13623321123321,0.375516988394057,19,0.362788410228329,1
"1217","NR2 F Order2 - NR4 F Order2",-0.329803203332616,0.325749096853474,19,-1.01244548800995,1
"1218","NR2 F Order2 - NR5 F Order2",-0.152224345702609,0.293857134687211,19,-0.518021608917682,1
"1219","NR2 F Order2 - NR6 F Order2",-0.222364672364673,0.302145170871511,19,-0.735953090771835,1
"1220","NR2 F Order2 - PR0 F Order2",1.47948717948718,1.05457313162925,19,1.40292516006117,0.999990352678885
"1221","NR2 F Order2 - PR1 F Order2",1.39615384615385,1.04239018633753,19,1.3393773890555,0.999996909838347
"1222","NR2 F Order2 - PR2 F Order2",0.312820512820512,0.677693888334591,19,0.461595593829623,1
"1223","NR2 F Order2 - PR3 F Order2",0.493376068376068,1.10683726867626,19,0.445753031939489,1
"1224","NR2 F Order2 - PR4 F Order2",-0.0760683760683725,0.407905564507176,19,-0.186485261999985,1
"1225","NR2 F Order2 - PR5 F Order2",-0.562179487179488,0.379976475643237,19,-1.47951129402895,0.999967006988294
"1226","NR2 F Order2 - PR6 F Order2",1.32571733821734,0.700797179603541,19,1.89172755941645,0.996558083783213
"1227","NR2 F Order2 - NR0 M Order2",-1.11939290284878,0.56157684969712,19,-1.99330314889674,0.992524804805465
"1228","NR2 F Order2 - NR1 M Order2",-0.77799145302992,0.464126374376113,19,-1.67624917690943,0.999568250086206
"1229","NR2 F Order2 - NR2 M Order2",-0.445536163183222,0.34623487913044,19,-1.28680323687254,0.999998900064464
"1230","NR2 F Order2 - NR3 M Order2",-0.414957264957266,0.386186172041994,19,-1.07450057769584,1
"1231","NR2 F Order2 - NR4 M Order2",-0.258654308654311,0.402046008326559,19,-0.643345048321488,1
"1232","NR2 F Order2 - NR5 M Order2",-0.991676841676846,0.375363670830929,19,-2.64190948335945,0.847748184954502
"1233","NR2 F Order2 - NR6 M Order2",-0.48662375206493,0.355116139895069,19,-1.37032282511496,0.999994543003789
"1234","NR2 F Order2 - PR0 M Order2",-0.326068376068378,0.990816209957926,19,-0.329090675739171,1
"1235","NR2 F Order2 - PR1 M Order2",2.11837606837607,1.07239208112831,19,1.97537459074412,0.993428387709753
"1236","NR2 F Order2 - PR2 M Order2",1.47948717948718,0.76348626334777,19,1.93780458210191,0.995037795263038
"1237","NR2 F Order2 - PR3 M Order2",1.03504273504273,1.20360403698476,19,0.859952860938969,1
"1238","NR2 F Order2 - PR4 M Order2",-0.316631054131049,0.444856057974685,19,-0.711760688553031,1
"1239","NR2 F Order2 - PR5 M Order2",0.000320512820512669,0.371854389903021,19,0.000861930984857428,1
"1240","NR2 F Order2 - PR6 M Order2",-0.197174040556396,0.673779757075889,19,-0.292638712406713,1
"1241","NR3 F Order2 - NR4 F Order2",-0.466036414565826,0.39398501134969,19,-1.18287853887971,0.999999892019638
"1242","NR3 F Order2 - NR5 F Order2",-0.288457556935819,0.399938818925612,19,-0.721254210108251,1
"1243","NR3 F Order2 - NR6 F Order2",-0.358597883597883,0.369486472155336,19,-0.970530481146072,1
"1244","NR3 F Order2 - PR0 F Order2",1.34325396825397,1.10913189976883,19,1.21108586682426,0.999999789030591
"1245","NR3 F Order2 - PR1 F Order2",1.25992063492064,1.10708075488256,19,1.13805666783024,1
"1246","NR3 F Order2 - PR2 F Order2",0.176587301587302,0.666219682730455,19,0.265058667830964,1
"1247","NR3 F Order2 - PR3 F Order2",0.357142857142858,1.18289827247895,19,0.30192186889783,1
"1248","NR3 F Order2 - PR4 F Order2",-0.212301587301583,0.465816499392317,19,-0.455762274583536,1
"1249","NR3 F Order2 - PR5 F Order2",-0.698412698412697,0.444372811738668,19,-1.57168188503717,0.999878938921745
"1250","NR3 F Order2 - PR6 F Order2",1.18948412698413,0.612613532354929,19,1.94165499807304,0.994889285445538
"1251","NR3 F Order2 - NR0 M Order2",-1.25562611408199,0.587051723501192,19,-2.13886794607025,0.980998572563721
"1252","NR3 F Order2 - NR1 M Order2",-0.91422466426313,0.494645791796003,19,-1.8482410634561,0.997618335442111
"1253","NR3 F Order2 - NR2 M Order2",-0.581769374416432,0.386186172041994,19,-1.50644796870969,0.999950828359764
"1254","NR3 F Order2 - NR3 M Order2",-0.551190476190476,0.422375339510283,19,-1.30497788253819,0.99999841233666
"1255","NR3 F Order2 - NR4 M Order2",-0.394887519887521,0.436923518205758,19,-0.903790946088553,1
"1256","NR3 F Order2 - NR5 M Order2",-1.12791005291006,0.412503397961336,19,-2.73430487720679,0.805221417127107
"1257","NR3 F Order2 - NR6 M Order2",-0.62285696329814,0.394168289901601,19,-1.5801802916557,0.999864735102628
"1258","NR3 F Order2 - PR0 M Order2",-0.462301587301588,1.00547398268944,19,-0.459784733628834,1
"1259","NR3 F Order2 - PR1 M Order2",1.98214285714286,1.08594932829146,19,1.82526274983879,0.998058085737665
"1260","NR3 F Order2 - PR2 M Order2",1.34325396825397,0.782414495181881,19,1.71680608747121,0.99932806083979
"1261","NR3 F Order2 - PR3 M Order2",0.898809523809524,1.21569891247627,19,0.739335632026462,1
"1262","NR3 F Order2 - PR4 M Order2",-0.452864265364259,0.476611036660666,19,-0.950175783878639,1
"1263","NR3 F Order2 - PR5 M Order2",-0.135912698412697,0.4093126619592,19,-0.332051048120874,1
"1264","NR3 F Order2 - PR6 M Order2",-0.333407251789606,0.695154895685287,19,-0.479615771763977,1
"1265","NR4 F Order2 - NR5 F Order2",0.177578857630007,0.381821434437069,19,0.465083522332415,1
"1266","NR4 F Order2 - NR6 F Order2",0.107438530967943,0.327821136796292,19,0.327735215666419,1
"1267","NR4 F Order2 - PR0 F Order2",1.80929038281979,1.01700217766563,19,1.77904278137608,0.998739038935021
"1268","NR4 F Order2 - PR1 F Order2",1.72595704948646,1.02616487007059,19,1.68194907058915,0.999539816265224
"1269","NR4 F Order2 - PR2 F Order2",0.642623716153128,0.752966000511028,19,0.853456485043134,1
"1270","NR4 F Order2 - PR3 F Order2",0.823179271708684,1.08413745038678,19,0.759294194121792,1
"1271","NR4 F Order2 - PR4 F Order2",0.253734827264244,0.501554170467418,19,0.505897153696834,1
"1272","NR4 F Order2 - PR5 F Order2",-0.232376283846871,0.295121530340377,19,-0.787391836776061,1
"1273","NR4 F Order2 - PR6 F Order2",1.65552054154995,0.797100670409236,19,2.07692779972196,0.986922072618408
"1274","NR4 F Order2 - NR0 M Order2",-0.789589699516168,0.597604350218931,19,-1.32125828606653,0.999997814116067
"1275","NR4 F Order2 - NR1 M Order2",-0.448188249697303,0.507124928076273,19,-0.883782722725661,1
"1276","NR4 F Order2 - NR2 M Order2",-0.115732959850606,0.402046008326559,19,-0.287859989786549,1
"1277","NR4 F Order2 - NR3 M Order2",-0.0851540616246502,0.436923518205758,19,-0.194894662512877,1
"1278","NR4 F Order2 - NR4 M Order2",0.0711488946783049,0.451002654200802,19,0.157757152902756,1
"1279","NR4 F Order2 - NR5 M Order2",-0.66187363834423,0.427387747443137,19,-1.54864907172448,0.999911028463186
"1280","NR4 F Order2 - NR6 M Order2",-0.156820548732314,0.409719262543053,19,-0.382751222773754,1
"1281","NR4 F Order2 - PR0 M Order2",0.00373482726423836,1.01167146999421,19,0.00369173924046682,1
"1282","NR4 F Order2 - PR1 M Order2",2.44817927170868,1.09169005535067,19,2.24255892018938,0.966842341938771
"1283","NR4 F Order2 - PR2 M Order2",1.80929038281979,0.790363002427106,19,2.28918911596784,0.958472064457769
"1284","NR4 F Order2 - PR3 M Order2",1.36484593837535,1.22082966835298,19,1.11796589954818,1
"1285","NR4 F Order2 - PR4 M Order2",0.0131721492015673,0.489550113473202,19,0.0269066410956686,1
"1286","NR4 F Order2 - PR5 M Order2",0.330123716153129,0.424308954153689,19,0.778026748956033,1
"1287","NR4 F Order2 - PR6 M Order2",0.13262916277622,0.704089172143765,19,0.18836983726422,1
"1288","NR5 F Order2 - NR6 F Order2",-0.0701403266620637,0.261118933865226,19,-0.268614480090769,1
"1289","NR5 F Order2 - PR0 F Order2",1.63171152518979,1.06458649741914,19,1.5327185993299,0.999928554513296
"1290","NR5 F Order2 - PR1 F Order2",1.54837819185645,1.05284913966142,19,1.47065532328249,0.999971168655575
"1291","NR5 F Order2 - PR2 F Order2",0.465044858523121,0.717010883695549,19,0.648588283801539,1
"1292","NR5 F Order2 - PR3 F Order2",0.645600414078677,1.13681700407131,19,0.567901792255545,1
"1293","NR5 F Order2 - PR4 F Order2",0.0761559696342365,0.427687181972178,19,0.178064652962152,1
"1294","NR5 F Order2 - PR5 F Order2",-0.409955141476878,0.453312753832368,19,-0.904353866091483,1
"1295","NR5 F Order2 - PR6 F Order2",1.47794168391995,0.590834586687364,19,2.50144747315205,0.902124170551709
"1296","NR5 F Order2 - NR0 M Order2",-0.967168557146175,0.579989527464886,19,-1.66756210473943,0.999608651163
"1297","NR5 F Order2 - NR1 M Order2",-0.625767107327311,0.486243339537639,19,-1.28694227035036,0.999998896926649
"1298","NR5 F Order2 - NR2 M Order2",-0.293311817480613,0.375363670830929,19,-0.781407046748342,1
"1299","NR5 F Order2 - NR3 M Order2",-0.262732919254657,0.412503397961336,19,-0.636923042460085,1
"1300","NR5 F Order2 - NR4 M Order2",-0.106429962951702,0.427387747443137,19,-0.249024366253884,1
"1301","NR5 F Order2 - NR5 M Order2",-0.839452495974237,0.402389337871756,19,-2.08616982849028,0.986143318312374
"1302","NR5 F Order2 - NR6 M Order2",-0.334399406362321,0.383571071207377,19,-0.871805596052183,1
"1303","NR5 F Order2 - PR0 M Order2",-0.173844030365769,1.0013670934121,19,-0.173606693798381,1
"1304","NR5 F Order2 - PR1 M Order2",2.27060041407868,1.08214789632466,19,2.09823483628291,0.985073377147808
"1305","NR5 F Order2 - PR2 M Order2",1.63171152518979,0.777129698424877,19,2.09966435267757,0.984942512692748
"1306","NR5 F Order2 - PR3 M Order2",1.18726708074534,1.2123044055431,19,0.979347328374562,1
"1307","NR5 F Order2 - PR4 M Order2",-0.16440670842844,0.467884821478509,19,-0.351382863647761,1
"1308","NR5 F Order2 - PR5 M Order2",0.152544858523122,0.399117753480534,19,0.382205144203293,1
"1309","NR5 F Order2 - PR6 M Order2",-0.0449496948537868,0.689201316669116,19,-0.0652199782075679,1
"1310","NR6 F Order2 - PR0 F Order2",1.70185185185185,1.05172988621367,19,1.61814537569022,0.999781690823147
"1311","NR6 F Order2 - PR1 F Order2",1.61851851851852,1.03945056796081,19,1.55709041719388,0.999900272923584
"1312","NR6 F Order2 - PR2 F Order2",0.535185185185184,0.702548853668495,19,0.761776469195859,1
"1313","NR6 F Order2 - PR3 F Order2",0.71574074074074,1.130952715383,19,0.632865309933273,1
"1314","NR6 F Order2 - PR4 F Order2",0.1462962962963,0.383139948907291,19,0.381835140693459,1
"1315","NR6 F Order2 - PR5 F Order2",-0.339814814814815,0.385464904089309,19,-0.881571347247952,1
"1316","NR6 F Order2 - PR6 F Order2",1.54808201058201,0.626369392625444,19,2.47151605555499,0.911966627474782
"1317","NR6 F Order2 - NR0 M Order2",-0.897028230484111,0.567095617513701,19,-1.58179362135952,0.999861877893791
"1318","NR6 F Order2 - NR1 M Order2",-0.555626780665247,0.470788883342651,19,-1.18020369708018,0.999999898831453
"1319","NR6 F Order2 - NR2 M Order2",-0.223171490818549,0.355116139895069,19,-0.628446487632166,1
"1320","NR6 F Order2 - NR3 M Order2",-0.192592592592594,0.394168289901601,19,-0.488604988089407,1
"1321","NR6 F Order2 - NR4 M Order2",-0.0362896362896386,0.409719262543053,19,-0.0885719555004454,1
"1322","NR6 F Order2 - NR5 M Order2",-0.769312169312173,0.383571071207377,19,-2.00565743107422,0.991846342945352
"1323","NR6 F Order2 - NR6 M Order2",-0.264259079700258,0.363780640086136,19,-0.726424252917051,1
"1324","NR6 F Order2 - PR0 M Order2",-0.103703703703705,0.993954547855631,19,-0.104334452644174,1
"1325","NR6 F Order2 - PR1 M Order2",2.34074074074074,1.07529235882815,19,2.1768412297579,0.976478763305452
"1326","NR6 F Order2 - PR2 M Order2",1.70185185185185,0.767554659687663,19,2.21723864271031,0.970842165982744
"1327","NR6 F Order2 - PR3 M Order2",1.25740740740741,1.20618885715857,19,1.04246312668606,1
"1328","NR6 F Order2 - PR4 M Order2",-0.0942663817663762,0.451802826025115,19,-0.208644958234803,1
"1329","NR6 F Order2 - PR5 M Order2",0.222685185185185,0.380137565333462,19,0.585801576831384,1
"1330","NR6 F Order2 - PR6 M Order2",0.0251906318082768,0.678386351817862,19,0.0371331642223843,1
"1331","PR0 F Order2 - PR1 F Order2",-0.0833333333333332,1.54621239599686,19,-0.0538951398585878,1
"1332","PR0 F Order2 - PR2 F Order2",-1.16666666666667,1.17993720669294,19,-0.98875318114303,1
"1333","PR0 F Order2 - PR3 F Order2",-0.986111111111111,1.49408847596558,19,-0.660008511526616,1
"1334","PR0 F Order2 - PR4 F Order2",-1.55555555555555,0.961598828966387,19,-1.61767621662726,0.999782942624573
"1335","PR0 F Order2 - PR5 F Order2",-2.04166666666667,0.885651935047936,19,-2.30526980845603,0.955270456194684
"1336","PR0 F Order2 - PR6 F Order2",-0.153769841269841,1.25563272445539,19,-0.122464028115018,1
"1337","PR0 F Order2 - NR0 M Order2",-2.59888008233596,1.08499157992339,19,-2.39529977045486,0.93418580510513
"1338","PR0 F Order2 - NR1 M Order2",-2.2574786325171,1.03790725104916,19,-2.17502925259953,0.976711054366824
"1339","PR0 F Order2 - NR2 M Order2",-1.9250233426704,0.990816209957926,19,-1.94286621809725,0.99484182931633
"1340","PR0 F Order2 - NR3 M Order2",-1.89444444444444,1.00547398268944,19,-1.8841307453597,0.996767183952045
"1341","PR0 F Order2 - NR4 M Order2",-1.73814148814149,1.01167146999421,19,-1.71808886550042,0.999318885100958
"1342","PR0 F Order2 - NR5 M Order2",-2.47116402116402,1.0013670934121,19,-2.46779032127338,0.913147713990485
"1343","PR0 F Order2 - NR6 M Order2",-1.96611093155211,0.993954547855631,19,-1.97806925456885,0.993298485363757
"1344","PR0 F Order2 - PR0 M Order2",-1.80555555555556,1.35777572975227,19,-1.32978923985111,0.999997423934817
"1345","PR0 F Order2 - PR1 M Order2",0.638888888888888,1.41840154612705,19,0.450428787696527,1
"1346","PR0 F Order2 - PR2 M Order2",-9.15933995315754e-16,1.20197730623738,19,-7.62022702560799e-16,1
"1347","PR0 F Order2 - PR3 M Order2",-0.444444444444445,1.52003317339949,19,-0.292391279494555,1
"1348","PR0 F Order2 - PR4 M Order2",-1.79611823361823,1.02943435084793,19,-1.7447622882788,0.999102119671599
"1349","PR0 F Order2 - PR5 M Order2",-1.47916666666667,1.00005692721918,19,-1.47908246661491,0.999967220323755
"1350","PR0 F Order2 - PR6 M Order2",-1.67666122004357,1.14709081220022,19,-1.46166389113308,0.999974905206688
"1351","PR1 F Order2 - PR2 F Order2",-1.08333333333333,1.30176406918541,19,-0.832204052160728,1
"1352","PR1 F Order2 - PR3 F Order2",-0.902777777777778,1.27219135945661,19,-0.709624201632197,1
"1353","PR1 F Order2 - PR4 F Order2",-1.47222222222222,1.24092588688567,19,-1.18639012835572,0.999999882427625
"1354","PR1 F Order2 - PR5 F Order2",-1.95833333333333,1.0327553049687,19,-1.89622200332602,0.996429210501584
"1355","PR1 F Order2 - PR6 F Order2",-0.0704365079365081,1.40001557358222,19,-0.0503112317217172,1
"1356","PR1 F Order2 - NR0 M Order2",-2.51554674900263,1.15996325039027,19,-2.16864348776245,0.977516115791896
"1357","PR1 F Order2 - NR1 M Order2",-2.17414529918377,1.11604635904238,19,-1.94807794637607,0.994633549354759
"1358","PR1 F Order2 - NR2 M Order2",-1.84169000933707,1.07239208112831,19,-1.71736628957513,0.999324066874706
"1359","PR1 F Order2 - NR3 M Order2",-1.81111111111111,1.08594932829146,19,-1.6677676056585,0.999607734811154
"1360","PR1 F Order2 - NR4 M Order2",-1.65480815480816,1.09169005535067,19,-1.51582232218521,0.999943718804467
"1361","PR1 F Order2 - NR5 M Order2",-2.38783068783069,1.08214789632466,19,-2.20656593792823,0.972418320592629
"1362","PR1 F Order2 - NR6 M Order2",-1.88277759821878,1.07529235882815,19,-1.75094483166478,0.999044197929194
"1363","PR1 F Order2 - PR0 M Order2",-1.72222222222222,1.41840154612705,19,-1.21419934074716,0.999999773275543
"1364","PR1 F Order2 - PR1 M Order2",0.722222222222222,1.4765401991842,19,0.489131432128467,1
"1365","PR1 F Order2 - PR2 M Order2",0.0833333333333323,1.27006199000717,19,0.0656135952331445,1
"1366","PR1 F Order2 - PR3 M Order2",-0.361111111111111,1.57442334268335,19,-0.229360872213477,1
"1367","PR1 F Order2 - PR4 M Order2",-1.71278490028489,1.10817105920386,19,-1.54559612982079,0.999914655709431
"1368","PR1 F Order2 - PR5 M Order2",-1.39583333333333,1.08093564629462,19,-1.29131955090773,0.999998793818088
"1369","PR1 F Order2 - PR6 M Order2",-1.59332788671024,1.21824683261869,19,-1.30788592594597,0.99999831799895
"1370","PR2 F Order2 - PR3 F Order2",0.180555555555556,1.09374497855658,19,0.165080122967821,1
"1371","PR2 F Order2 - PR4 F Order2",-0.388888888888884,0.681003491814744,19,-0.571052709072856,1
"1372","PR2 F Order2 - PR5 F Order2",-0.874999999999999,0.874958293757192,19,-1.00004766654949,1
"1373","PR2 F Order2 - PR6 F Order2",1.01289682539683,0.941704178202996,19,1.07559979964163,1
"1374","PR2 F Order2 - NR0 M Order2",-1.4322134156693,0.882270503252836,19,-1.6233268712814,0.999767438416548
"1375","PR2 F Order2 - NR1 M Order2",-1.09081196585043,0.823678319604071,19,-1.32431792835675,0.99999768087634
"1376","PR2 F Order2 - NR2 M Order2",-0.758356676003734,0.76348626334777,19,-0.993281362625251,1
"1377","PR2 F Order2 - NR3 M Order2",-0.727777777777778,0.782414495181881,19,-0.930169088455599,1
"1378","PR2 F Order2 - NR4 M Order2",-0.571474821474823,0.790363002427106,19,-0.723053609189569,1
"1379","PR2 F Order2 - NR5 M Order2",-1.30449735449736,0.777129698424877,19,-1.67860957719332,0.999556665871828
"1380","PR2 F Order2 - NR6 M Order2",-0.799444264885442,0.767554659687663,19,-1.04154701531062,1
"1381","PR2 F Order2 - PR0 M Order2",-0.63888888888889,1.20197730623738,19,-0.531531573494381,1
"1382","PR2 F Order2 - PR1 M Order2",1.80555555555556,1.27006199000717,19,1.42162789671815,0.999986794772313
"1383","PR2 F Order2 - PR2 M Order2",1.16666666666667,1.02271401531171,19,1.14075552813371,1
"1384","PR2 F Order2 - PR3 M Order2",0.722222222222222,1.3826407200138,19,0.522349885814889,1
"1385","PR2 F Order2 - PR4 M Order2",-0.629451566951561,0.812975765389748,19,-0.774256249384993,1
"1386","PR2 F Order2 - PR5 M Order2",-0.312499999999999,0.77544075859115,19,-0.402996613909953,1
"1387","PR2 F Order2 - PR6 M Order2",-0.509994553376908,0.957607353689138,19,-0.53257167607598,1
"1388","PR3 F Order2 - PR4 F Order2",-0.56944444444444,1.23826984503398,19,-0.459871042429218,1
"1389","PR3 F Order2 - PR5 F Order2",-1.05555555555556,1.17923286416803,19,-0.895120537791547,1
"1390","PR3 F Order2 - PR6 F Order2",0.83234126984127,1.35579941681309,19,0.613911806952795,1
"1391","PR3 F Order2 - NR0 M Order2",-1.61276897122485,1.28224515769617,19,-1.2577695938603,0.999999401841057
"1392","PR3 F Order2 - NR1 M Order2",-1.27136752140599,1.24265738548928,19,-1.02310382270444,1
"1393","PR3 F Order2 - NR2 M Order2",-0.93891223155929,1.20360403698476,19,-0.780083983360037,1
"1394","PR3 F Order2 - NR3 M Order2",-0.908333333333334,1.21569891247627,19,-0.747169651968465,1
"1395","PR3 F Order2 - NR4 M Order2",-0.752030377030379,1.22082966835298,19,-0.61599942770472,1
"1396","PR3 F Order2 - NR5 M Order2",-1.48505291005291,1.2123044055431,19,-1.22498351343335,0.999999709860217
"1397","PR3 F Order2 - NR6 M Order2",-0.979999820440998,1.20618885715857,19,-0.812476267397785,1
"1398","PR3 F Order2 - PR0 M Order2",-0.819444444444446,1.52003317339949,19,-0.539096421568086,1
"1399","PR3 F Order2 - PR1 M Order2",1.625,1.57442334268335,19,1.03212392496064,1
"1400","PR3 F Order2 - PR2 M Order2",0.98611111111111,1.3826407200138,19,0.713208497939559,1
"1401","PR3 F Order2 - PR3 M Order2",0.541666666666666,1.66656735962443,19,0.325019366027146,1
"1402","PR3 F Order2 - PR4 M Order2",-0.810007122507116,1.23558933251963,19,-0.6555633827425,1
"1403","PR3 F Order2 - PR5 M Order2",-0.493055555555555,1.21122242945286,19,-0.407072675972722,1
"1404","PR3 F Order2 - PR6 M Order2",-0.690550108932463,1.33520157555508,19,-0.517187907485341,1
"1405","PR4 F Order2 - PR5 F Order2",-0.486111111111115,0.510769563160645,19,-0.951722941561076,1
"1406","PR4 F Order2 - PR6 F Order2",1.40178571428571,0.632235185370989,19,2.21719029045047,0.970849451286527
"1407","PR4 F Order2 - NR0 M Order2",-1.04332452678041,0.627205611347705,19,-1.66344896777721,0.999626604664809
"1408","PR4 F Order2 - NR1 M Order2",-0.701923076961547,0.541693282385726,19,-1.29579431716439,0.999998679303875
"1409","PR4 F Order2 - NR2 M Order2",-0.36946778711485,0.444856057974685,19,-0.830533338799389,1
"1410","PR4 F Order2 - NR3 M Order2",-0.338888888888894,0.476611036660666,19,-0.711038693655291,1
"1411","PR4 F Order2 - NR4 M Order2",-0.182585932585939,0.489550113473202,19,-0.372966786363401,1
"1412","PR4 F Order2 - NR5 M Order2",-0.915608465608474,0.467884821478509,19,-1.95690995641869,0.994265021861248
"1413","PR4 F Order2 - NR6 M Order2",-0.410555375996558,0.451802826025115,19,-0.908704754258743,1
"1414","PR4 F Order2 - PR0 M Order2",-0.250000000000005,1.02943435084793,19,-0.242851814488301,1
"1415","PR4 F Order2 - PR1 M Order2",2.19444444444444,1.10817105920386,19,1.98023980703935,0.993192356195956
"1416","PR4 F Order2 - PR2 M Order2",1.55555555555555,0.812975765389748,19,1.91340950343065,0.995899185199595
"1417","PR4 F Order2 - PR3 M Order2",1.11111111111111,1.23558933251963,19,0.899255992155025,1
"1418","PR4 F Order2 - PR4 M Order2",-0.240562678062676,0.52527633975564,19,-0.457973565256312,1
"1419","PR4 F Order2 - PR5 M Order2",0.0763888888888852,0.465074196317592,19,0.164250972196962,1
"1420","PR4 F Order2 - PR6 M Order2",-0.121105664488023,0.729381574921899,19,-0.166038831596467,1
"1421","PR5 F Order2 - PR6 F Order2",1.88789682539682,0.801653471722425,19,2.35500361688761,0.944299117167579
"1422","PR5 F Order2 - NR0 M Order2",-0.557213415669296,0.577724548447978,19,-0.964496691660786,1
"1423","PR5 F Order2 - NR1 M Order2",-0.215811965850432,0.483539437021629,19,-0.446317196338173,1
"1424","PR5 F Order2 - NR2 M Order2",0.116643323996265,0.371854389903021,19,0.313680104803081,1
"1425","PR5 F Order2 - NR3 M Order2",0.147222222222221,0.4093126619592,19,0.359681573292976,1
"1426","PR5 F Order2 - NR4 M Order2",0.303525178525176,0.424308954153689,19,0.715340026539333,1
"1427","PR5 F Order2 - NR5 M Order2",-0.429497354497359,0.399117753480534,19,-1.07611688718905,1
"1428","PR5 F Order2 - NR6 M Order2",0.075555735114557,0.380137565333462,19,0.198758928358681,1
"1429","PR5 F Order2 - PR0 M Order2",0.23611111111111,1.00005692721918,19,0.236097670727261,1
"1430","PR5 F Order2 - PR1 M Order2",2.68055555555555,1.08093564629462,19,2.47984749577306,0.909290156390427
"1431","PR5 F Order2 - PR2 M Order2",2.04166666666667,0.77544075859115,19,2.63291121087837,0.851619604559116
"1432","PR5 F Order2 - PR3 M Order2",1.59722222222222,1.21122242945286,19,1.31868613343276,0.999997920653397
"1433","PR5 F Order2 - PR4 M Order2",0.245548433048439,0.465074196317592,19,0.52797690130449,1
"1434","PR5 F Order2 - PR5 M Order2",0.5625,0.395819129216649,19,1.42110362658122,0.999986908846127
"1435","PR5 F Order2 - PR6 M Order2",0.365005446623092,0.687296338422461,19,0.53107433608752,1
"1436","PR6 F Order2 - NR0 M Order2",-2.44511024106612,0.805896474514261,19,-3.03402523573498,0.642225783600662
"1437","PR6 F Order2 - NR1 M Order2",-2.10370879124726,0.74129202134536,19,-2.83789482507753,0.752314058464349
"1438","PR6 F Order2 - NR2 M Order2",-1.77125350140056,0.673779757075889,19,-2.62883157708322,0.853358131525128
"1439","PR6 F Order2 - NR3 M Order2",-1.7406746031746,0.695154895685287,19,-2.50400970197964,0.90125243972229
"1440","PR6 F Order2 - NR4 M Order2",-1.58437164687165,0.704089172143765,19,-2.25024288052557,0.965554161524392
"1441","PR6 F Order2 - NR5 M Order2",-2.31739417989418,0.689201316669116,19,-3.36243434805676,0.454487284877572
"1442","PR6 F Order2 - NR6 M Order2",-1.81234109028227,0.678386351817862,19,-2.67154709912097,0.834645864333178
"1443","PR6 F Order2 - PR0 M Order2",-1.65178571428571,1.14709081220022,19,-1.43997815754225,0.999982188394795
"1444","PR6 F Order2 - PR1 M Order2",0.79265873015873,1.21824683261869,19,0.650655276857864,1
"1445","PR6 F Order2 - PR2 M Order2",0.15376984126984,0.957607353689138,19,0.160577130780637,1
"1446","PR6 F Order2 - PR3 M Order2",-0.290674603174603,1.33520157555508,19,-0.217700913851724,1
"1447","PR6 F Order2 - PR4 M Order2",-1.64234839234839,0.729381574921899,19,-2.25169986303019,0.965305926031871
"1448","PR6 F Order2 - PR5 M Order2",-1.32539682539682,0.687296338422461,19,-1.92842119374444,0.995385051027758
"1449","PR6 F Order2 - PR6 M Order2",-1.52289137877373,0.887738548540063,19,-1.71547285096295,0.999337484540245
"1450","NR0 M Order2 - NR1 M Order2",0.341401449818864,0.594315053345732,19,0.574445233882138,1
"1451","NR0 M Order2 - NR2 M Order2",0.673856739665562,0.49635641298617,19,1.35760659484889,0.999995665595115
"1452","NR0 M Order2 - NR3 M Order2",0.704435637891518,0.462576568665669,19,1.52285196788827,0.999937799079872
"1453","NR0 M Order2 - NR4 M Order2",0.860738594194473,0.605395890588126,19,1.4217780589133,0.999986761933692
"1454","NR0 M Order2 - NR5 M Order2",0.127716061171938,0.558121240777772,19,0.228832110016022,1
"1455","NR0 M Order2 - NR6 M Order2",0.632769150783853,0.531416896538264,19,1.19072079737362,0.999999869506681
"1456","NR0 M Order2 - PR0 M Order2",0.793324526780406,1.32591573728984,19,0.598321978138637,1
"1457","NR0 M Order2 - PR1 M Order2",3.23776897122485,1.14433176242365,19,2.82939710103597,0.756830155480619
"1458","NR0 M Order2 - PR2 M Order2",2.59888008233596,0.83336102372891,19,3.11855247406119,0.593009866595431
"1459","NR0 M Order2 - PR3 M Order2",2.15443563789152,1.24788375526281,19,1.72647141915697,0.999256227905535
"1460","NR0 M Order2 - PR4 M Order2",0.802761848717735,0.675307108575003,19,1.18873596697609,0.999999875584612
"1461","NR0 M Order2 - PR5 M Order2",1.1197134156693,0.647551931625052,19,1.72914844506655,0.999235202280017
"1462","NR0 M Order2 - PR6 M Order2",0.922218862292388,0.642900251499581,19,1.43446648238399,0.9999837049165
"1463","NR1 M Order2 - NR2 M Order2",0.332455289846698,0.452991620966115,19,0.733910462047082,1
"1464","NR1 M Order2 - NR3 M Order2",0.363034188072653,0.314708244362069,19,1.15355792095165,0.999999947987888
"1465","NR1 M Order2 - NR4 M Order2",0.519337144375608,0.351820953948674,19,1.47614045879534,0.999968650829283
"1466","NR1 M Order2 - NR5 M Order2",-0.213685388646926,0.421827769271601,19,-0.506570226554577,1
"1467","NR1 M Order2 - NR6 M Order2",0.291367700964989,0.408990389274573,19,0.712407207127259,1
"1468","NR1 M Order2 - PR0 M Order2",0.451923076961542,1.12993538766235,19,0.399954795553839,1
"1469","NR1 M Order2 - PR1 M Order2",2.89636752140599,1.15458769005444,19,2.50857301386041,0.899688535998984
"1470","NR1 M Order2 - PR2 M Order2",2.2574786325171,0.85021641459785,19,2.65518119123221,0.841946830192027
"1471","NR1 M Order2 - PR3 M Order2",1.81303418807265,1.18297859290001,19,1.53260101150951,0.999928671534694
"1472","NR1 M Order2 - PR4 M Order2",0.461360398898871,0.515208237461169,19,0.895483350911374,1
"1473","NR1 M Order2 - PR5 M Order2",0.778311965850432,0.430325726752186,19,1.80865776193447,0.998331573745389
"1474","NR1 M Order2 - PR6 M Order2",0.580817412473524,0.64723544865029,19,0.897381955337473,1
"1475","NR2 M Order2 - NR3 M Order2",0.0305788982259557,0.375516988394057,19,0.0814314642773687,1
"1476","NR2 M Order2 - NR4 M Order2",0.186881854528911,0.325749096853474,19,0.573698764890123,1
"1477","NR2 M Order2 - NR5 M Order2",-0.546140678493624,0.293857134687211,19,-1.85852448018643,0.997396190780459
"1478","NR2 M Order2 - NR6 M Order2",-0.0410875888817083,0.302145170871511,19,-0.135986250460978,1
"1479","NR2 M Order2 - PR0 M Order2",0.119467787114844,1.05457313162925,19,0.113285445581449,1
"1480","NR2 M Order2 - PR1 M Order2",2.56391223155929,1.04239018633753,19,2.45964732320405,0.915695086291144
"1481","NR2 M Order2 - PR2 M Order2",1.9250233426704,0.677693888334591,19,2.84054995301946,0.750897273027518
"1482","NR2 M Order2 - PR3 M Order2",1.48057889822596,1.10683726867626,19,1.33766628584586,0.999997007962914
"1483","NR2 M Order2 - PR4 M Order2",0.128905109052173,0.407905564507176,19,0.316017039894795,1
"1484","NR2 M Order2 - PR5 M Order2",0.445856676003735,0.379976475643237,19,1.17337968159469,0.999999914439629
"1485","NR2 M Order2 - PR6 M Order2",0.248362122626826,0.700797179603541,19,0.354399432325528,1
"1486","NR3 M Order2 - NR4 M Order2",0.156302956302955,0.39398501134969,19,0.396723103164514,1
"1487","NR3 M Order2 - NR5 M Order2",-0.57671957671958,0.399938818925612,19,-1.44201950255509,0.999981595134821
"1488","NR3 M Order2 - NR6 M Order2",-0.0716664871076641,0.369486472155336,19,-0.193962411369515,1
"1489","NR3 M Order2 - PR0 M Order2",0.0888888888888885,1.10913189976883,19,0.0801427575091971,1
"1490","NR3 M Order2 - PR1 M Order2",2.53333333333333,1.10708075488256,19,2.28830039919001,0.958644197524825
"1491","NR3 M Order2 - PR2 M Order2",1.89444444444444,0.666219682730455,19,2.84357321398881,0.74928079044243
"1492","NR3 M Order2 - PR3 M Order2",1.45,1.18289827247895,19,1.22580278772519,0.999999704425579
"1493","NR3 M Order2 - PR4 M Order2",0.0983262108262175,0.465816499392317,19,0.211083572510826,1
"1494","NR3 M Order2 - PR5 M Order2",0.415277777777779,0.444372811738668,19,0.934525620847389,1
"1495","NR3 M Order2 - PR6 M Order2",0.21778322440087,0.612613532354929,19,0.355498553164009,1
"1496","NR4 M Order2 - NR5 M Order2",-0.733022533022535,0.381821434437069,19,-1.91980456545938,0.995686219693231
"1497","NR4 M Order2 - NR6 M Order2",-0.227969443410619,0.327821136796292,19,-0.695408007056846,1
"1498","NR4 M Order2 - PR0 M Order2",-0.0674140674140665,1.01700217766563,19,-0.0662870433265,1
"1499","NR4 M Order2 - PR1 M Order2",2.37703037703038,1.02616487007059,19,2.3164215092131,0.952952308139774
"1500","NR4 M Order2 - PR2 M Order2",1.73814148814149,0.752966000511028,19,2.30839305753757,0.954629355451665
"1501","NR4 M Order2 - PR3 M Order2",1.29369704369705,1.08413745038678,19,1.19329614822872,0.999999861208333
"1502","NR4 M Order2 - PR4 M Order2",-0.0579767454767376,0.501554170467418,19,-0.115594184816979,1
"1503","NR4 M Order2 - PR5 M Order2",0.258974821474824,0.295121530340377,19,0.877519241568504,1
"1504","NR4 M Order2 - PR6 M Order2",0.0614802680979154,0.797100670409236,19,0.0771298662518388,1
"1505","NR5 M Order2 - NR6 M Order2",0.505053089611916,0.261118933865226,19,1.93418792783748,0.995174073049138
"1506","NR5 M Order2 - PR0 M Order2",0.665608465608468,1.06458649741914,19,0.625227228808645,1
"1507","NR5 M Order2 - PR1 M Order2",3.11005291005291,1.05284913966142,19,2.95393973637388,0.688247309145863
"1508","NR5 M Order2 - PR2 M Order2",2.47116402116402,0.717010883695549,19,3.44648048914876,0.409970259286086
"1509","NR5 M Order2 - PR3 M Order2",2.02671957671958,1.13681700407131,19,1.78280195445814,0.998692535230773
"1510","NR5 M Order2 - PR4 M Order2",0.675045787545797,0.427687181972178,19,1.57836338333308,0.999867890204046
"1511","NR5 M Order2 - PR5 M Order2",0.991997354497359,0.453312753832368,19,2.18832879973237,0.974965887368232
"1512","NR5 M Order2 - PR6 M Order2",0.79450280112045,0.590834586687364,19,1.34471274874918,0.999996584657976
"1513","NR6 M Order2 - PR0 M Order2",0.160555375996553,1.05172988621367,19,0.152658375597338,1
"1514","NR6 M Order2 - PR1 M Order2",2.604999820441,1.03945056796081,19,2.50613150902546,0.900527078476026
"1515","NR6 M Order2 - PR2 M Order2",1.96611093155211,0.702548853668495,19,2.79853980443592,0.77298246868327
"1516","NR6 M Order2 - PR3 M Order2",1.52166648710766,1.130952715383,19,1.34547312757664,0.999996535847612
"1517","NR6 M Order2 - PR4 M Order2",0.169992697933882,0.383139948907291,19,0.443683041715431,1
"1518","NR6 M Order2 - PR5 M Order2",0.486944264885443,0.385464904089309,19,1.2632648516624,0.999999327251478
"1519","NR6 M Order2 - PR6 M Order2",0.289449711508535,0.626369392625444,19,0.462107048837904,1
"1520","PR0 M Order2 - PR1 M Order2",2.44444444444444,1.54621239599686,19,1.58092410251858,0.999863424367976
"1521","PR0 M Order2 - PR2 M Order2",1.80555555555556,1.17993720669294,19,1.53021325653088,0.999931011144857
"1522","PR0 M Order2 - PR3 M Order2",1.36111111111111,1.49408847596558,19,0.910997663797302,1
"1523","PR0 M Order2 - PR4 M Order2",0.00943732193732895,0.961598828966387,19,0.00981419865857473,1
"1524","PR0 M Order2 - PR5 M Order2",0.326388888888891,0.885651935047936,19,0.368529527202156,1
"1525","PR0 M Order2 - PR6 M Order2",0.128894335511982,1.25563272445539,19,0.10265289602729,1
"1526","PR1 M Order2 - PR2 M Order2",-0.638888888888889,1.30176406918541,19,-0.490787005120429,1
"1527","PR1 M Order2 - PR3 M Order2",-1.08333333333333,1.27219135945661,19,-0.851549041958637,1
"1528","PR1 M Order2 - PR4 M Order2",-2.43500712250712,1.24092588688567,19,-1.96225024253319,0.994032440134253
"1529","PR1 M Order2 - PR5 M Order2",-2.11805555555555,1.0327553049687,19,-2.05087840785261,0.988935304703143
"1530","PR1 M Order2 - PR6 M Order2",-2.31555010893246,1.40001557358222,19,-1.65394596504927,0.999665362842572
"1531","PR2 M Order2 - PR3 M Order2",-0.444444444444444,1.09374497855658,19,-0.406351071920788,1
"1532","PR2 M Order2 - PR4 M Order2",-1.79611823361823,0.681003491814744,19,-2.63745818517305,0.849669621656056
"1533","PR2 M Order2 - PR5 M Order2",-1.47916666666666,0.874958293757192,19,-1.69055676964318,0.999493802114157
"1534","PR2 M Order2 - PR6 M Order2",-1.67666122004357,0.941704178202996,19,-1.78045426456858,0.998721745245418
"1535","PR3 M Order2 - PR4 M Order2",-1.35167378917378,1.23826984503398,19,-1.09158257757355,1
"1536","PR3 M Order2 - PR5 M Order2",-1.03472222222222,1.17923286416803,19,-0.877453685071977,1
"1537","PR3 M Order2 - PR6 M Order2",-1.23221677559913,1.35579941681309,19,-0.908848875665952,1
"1538","PR4 M Order2 - PR5 M Order2",0.316951566951562,0.510769563160645,19,0.620537302556291,1
"1539","PR4 M Order2 - PR6 M Order2",0.119457013574653,0.632235185370989,19,0.188943950508792,1
"1540","PR5 M Order2 - PR6 M Order2",-0.197494553376909,0.801653471722425,19,-0.246359007156264,1
