"contrast","estimate","SE","df","t.ratio","p.value","contrast_pretty"
"NR X0 Order1 F - PR X0 Order1 F",0.813333333333331,1.45246791732948,19,0.559966470604551,1,"NANA OrderNA SexNA - NANA OrderNA SexNA"
"NR X0 Order1 F - NR X1 Order1 F",-0.0609523809523852,0.651039521964687,19,-0.0936231655621229,1,"NANA OrderNA SexNA - NANA OrderNA SexNA"
"NR X0 Order1 F - PR X1 Order1 F",0.344285714285713,1.25355263909815,19,0.274647991274946,1,"NANA OrderNA SexNA - NANA OrderNA SexNA"
"NR X0 Order1 F - NR X2 Order1 F",0.454632034632034,0.54373120790975,19,0.836133788199802,1,"NANA OrderNA SexNA - NANA OrderNA SexNA"
"NR X0 Order1 F - PR X2 Order1 F",0.309999999999998,0.912901262483844,19,0.339576702037351,1,"NANA OrderNA SexNA - NANA OrderNA SexNA"
"NR X0 Order1 F - NR X3 Order1 F",-0.0254545454545475,0.506727242463049,19,-0.0502332286908844,1,"NANA OrderNA SexNA - NANA OrderNA SexNA"
"NR X0 Order1 F - PR X3 Order1 F",1.81120879120879,1.3669881638034,19,1.32496303857484,1,"NANA OrderNA SexNA - NANA OrderNA SexNA"
"NR X0 Order1 F - NR X4 Order1 F",0.0471504965622591,0.663177970992092,19,0.0710978027387181,1,"NANA OrderNA SexNA - NANA OrderNA SexNA"
"NR X0 Order1 F - PR X4 Order1 F",0.370000000000003,0.739761873220239,19,0.500160948264832,1,"NANA OrderNA SexNA - NANA OrderNA SexNA"
"NR X0 Order1 F - NR X5 Order1 F",0.280555555555552,0.611391186793515,19,0.458880601512995,1,"NANA OrderNA SexNA - NANA OrderNA SexNA"
"NR X0 Order1 F - PR X5 Order1 F",0.423333333355555,0.709357600214168,19,0.596784094831355,1,"NANA OrderNA SexNA - NANA OrderNA SexNA"
"NR X0 Order1 F - NR X6 Order1 F",-0.313333333333335,0.582138043346792,19,-0.538245759600142,1,"NANA OrderNA SexNA - NANA OrderNA SexNA"
"NR X0 Order1 F - PR X6 Order1 F",0.838333333333331,0.70426193994413,19,1.19037148791519,1,"NANA OrderNA SexNA - NANA OrderNA SexNA"
"NR X0 Order1 F - NR X0 Order2 F",-0.138730158730159,0.749629493266851,19,-0.185064968729524,1,"NANA OrderNA SexNA - NANA OrderNA SexNA"
"NR X0 Order1 F - PR X0 Order2 F",2.10333333333333,1.1082836193751,19,1.89782948747297,1,"NANA OrderNA SexNA - NANA OrderNA SexNA"
"NR X0 Order1 F - NR X1 Order2 F",0.367432659932656,0.67969780818485,19,0.54058238162323,1,"NANA OrderNA SexNA - NANA OrderNA SexNA"
"NR X0 Order1 F - PR X1 Order2 F",2.02,1.18177857262961,19,1.70928805681867,1,"NANA OrderNA SexNA - NANA OrderNA SexNA"
"NR X0 Order1 F - NR X2 Order2 F",0.623846153846153,0.605354780757733,19,1.03054634022263,1,"NANA OrderNA SexNA - NANA OrderNA SexNA"
"NR X0 Order1 F - PR X2 Order2 F",0.936666666666665,0.910761820335324,19,1.02844305256648,1,"NANA OrderNA SexNA - NANA OrderNA SexNA"
"NR X0 Order1 F - NR X3 Order2 F",0.760079365079363,0.629059280621645,19,1.20827939193305,1,"NANA OrderNA SexNA - NANA OrderNA SexNA"
"NR X0 Order1 F - PR X3 Order2 F",1.11722222222222,1.30201324759227,19,0.858072853166607,1,"NANA OrderNA SexNA - NANA OrderNA SexNA"
"NR X0 Order1 F - NR X4 Order2 F",0.294042950513537,0.638918470441333,19,0.460219831037952,1,"NANA OrderNA SexNA - NANA OrderNA SexNA"
"NR X0 Order1 F - PR X4 Order2 F",0.547777777777781,0.666687881528193,19,0.821640520181881,1,"NANA OrderNA SexNA - NANA OrderNA SexNA"
"NR X0 Order1 F - NR X5 Order2 F",0.471621808143544,0.622473858438604,19,0.757657212025814,1,"NANA OrderNA SexNA - NANA OrderNA SexNA"
"NR X0 Order1 F - PR X5 Order2 F",0.0616666666666656,0.620364011165962,19,0.0994040040310597,1,"NANA OrderNA SexNA - NANA OrderNA SexNA"
"NR X0 Order1 F - NR X6 Order2 F",0.401481481481481,0.610477920873268,19,0.657651108671015,1,"NANA OrderNA SexNA - NANA OrderNA SexNA"
"NR X0 Order1 F - PR X6 Order2 F",1.94956349206349,0.83699162487149,19,2.32925089586508,1,"NANA OrderNA SexNA - NANA OrderNA SexNA"
"NR X0 Order1 F - NR X0 Order1 M",-0.234473304473305,0.749629493266851,19,-0.312785591521328,1,"NANA OrderNA SexNA - NANA OrderNA SexNA"
"NR X0 Order1 F - PR X0 Order1 M",0.162857142857141,1.1082836193751,19,0.146945366700419,1,"NANA OrderNA SexNA - NANA OrderNA SexNA"
"NR X0 Order1 F - NR X1 Order1 M",0.422782402782398,0.67969780818485,19,0.622015251029644,1,"NANA OrderNA SexNA - NANA OrderNA SexNA"
"NR X0 Order1 F - PR X1 Order1 M",-0.616111111111113,1.18177857262961,19,-0.521342259354211,1,"NANA OrderNA SexNA - NANA OrderNA SexNA"
"NR X0 Order1 F - NR X2 Order1 M",0.370859788359788,0.605354780757733,19,0.612632129369782,1,"NANA OrderNA SexNA - NANA OrderNA SexNA"
"NR X0 Order1 F - PR X2 Order1 M",-0.680000000000002,0.910761820335324,19,-0.746627696525135,1,"NANA OrderNA SexNA - NANA OrderNA SexNA"
"NR X0 Order1 F - NR X3 Order1 M",0.0354761904761885,0.629059280621645,19,0.056395623701999,1,"NANA OrderNA SexNA - NANA OrderNA SexNA"
"NR X0 Order1 F - PR X3 Order1 M",0.0950661375661361,1.30201324759227,19,0.0730147237302967,1,"NANA OrderNA SexNA - NANA OrderNA SexNA"
"NR X0 Order1 F - NR X4 Order1 M",0.643809523809522,0.638918470441333,19,1.00765520734564,1,"NANA OrderNA SexNA - NANA OrderNA SexNA"
"NR X0 Order1 F - PR X4 Order1 M",0.296052188552192,0.666687881528193,19,0.444064151689058,1,"NANA OrderNA SexNA - NANA OrderNA SexNA"
"NR X0 Order1 F - NR X5 Order1 M",-0.75604617604618,0.622473858438604,19,-1.2145830154902,1,"NANA OrderNA SexNA - NANA OrderNA SexNA"
"NR X0 Order1 F - PR X5 Order1 M",0.110379990379989,0.620364011165962,19,0.177927778519151,1,"NANA OrderNA SexNA - NANA OrderNA SexNA"
"NR X0 Order1 F - NR X6 Order1 M",0.071851851851851,0.610477920873268,19,0.117697707640383,1,"NANA OrderNA SexNA - NANA OrderNA SexNA"
"NR X0 Order1 F - PR X6 Order1 M",-0.141201298701301,0.83699162487149,19,-0.16870096964588,1,"NANA OrderNA SexNA - NANA OrderNA SexNA"
"NR X0 Order1 F - NR X0 Order2 M",-0.495546749002631,0.749629493266851,19,-0.661055566054453,1,"NANA OrderNA SexNA - NANA OrderNA SexNA"
"NR X0 Order1 F - PR X0 Order2 M",0.297777777777775,1.1082836193751,19,0.268683730925913,1,"NANA OrderNA SexNA - NANA OrderNA SexNA"
"NR X0 Order1 F - NR X1 Order2 M",-0.154145299183766,0.67969780818485,19,-0.226785046718651,1,"NANA OrderNA SexNA - NANA OrderNA SexNA"
"NR X0 Order1 F - PR X1 Order2 M",2.74222222222222,1.18177857262961,19,2.32041965029069,1,"NANA OrderNA SexNA - NANA OrderNA SexNA"
"NR X0 Order1 F - NR X2 Order2 M",0.178309990662931,0.605354780757733,19,0.294554526256053,1,"NANA OrderNA SexNA - NANA OrderNA SexNA"
"NR X0 Order1 F - PR X2 Order2 M",2.10333333333333,0.910761820335324,19,2.30942194366352,1,"NANA OrderNA SexNA - NANA OrderNA SexNA"
"NR X0 Order1 F - NR X3 Order2 M",0.208888888888887,0.629059280621645,19,0.332065506898587,1,"NANA OrderNA SexNA - NANA OrderNA SexNA"
"NR X0 Order1 F - PR X3 Order2 M",1.65888888888889,1.30201324759227,19,1.27409524592516,1,"NANA OrderNA SexNA - NANA OrderNA SexNA"
"NR X0 Order1 F - NR X4 Order2 M",0.365191845191842,0.638918470441333,19,0.571578162296021,1,"NANA OrderNA SexNA - NANA OrderNA SexNA"
"NR X0 Order1 F - PR X4 Order2 M",0.307215099715104,0.666687881528193,19,0.460807985606249,1,"NANA OrderNA SexNA - NANA OrderNA SexNA"
"NR X0 Order1 F - NR X5 Order2 M",-0.367830687830693,0.622473858438604,19,-0.59091748648425,1,"NANA OrderNA SexNA - NANA OrderNA SexNA"
"NR X0 Order1 F - PR X5 Order2 M",0.624166666666666,0.620364011165962,19,1.00612971647655,1,"NANA OrderNA SexNA - NANA OrderNA SexNA"
"NR X0 Order1 F - NR X6 Order2 M",0.137222401781223,0.610477920873268,19,0.224778648153124,1,"NANA OrderNA SexNA - NANA OrderNA SexNA"
"NR X0 Order1 F - PR X6 Order2 M",0.426672113289758,0.83699162487149,19,0.509768677022627,1,"NANA OrderNA SexNA - NANA OrderNA SexNA"
"PR X0 Order1 F - NR X1 Order1 F",-0.874285714285716,1.23778220069202,19,-0.706332433764936,1,"NANA OrderNA SexNA - NANA OrderNA SexNA"
"PR X0 Order1 F - PR X1 Order1 F",-0.469047619047618,1.69379081596319,19,-0.27692181031274,1,"NANA OrderNA SexNA - NANA OrderNA SexNA"
"PR X0 Order1 F - NR X2 Order1 F",-0.358701298701297,1.15522698546441,19,-0.310502873647031,1,"NANA OrderNA SexNA - NANA OrderNA SexNA"
"PR X0 Order1 F - PR X2 Order1 F",-0.503333333333333,1.29255644909072,19,-0.389409169469863,1,"NANA OrderNA SexNA - NANA OrderNA SexNA"
"PR X0 Order1 F - NR X3 Order1 F",-0.838787878787879,1.2149931215039,19,-0.690364302432957,1,"NANA OrderNA SexNA - NANA OrderNA SexNA"
"PR X0 Order1 F - PR X3 Order1 F",0.997875457875459,1.63669192238972,19,0.609690464176341,1,"NANA OrderNA SexNA - NANA OrderNA SexNA"
"PR X0 Order1 F - NR X4 Order1 F",-0.766182836771072,1.11407006747868,19,-0.687733078140286,1,"NANA OrderNA SexNA - NANA OrderNA SexNA"
"PR X0 Order1 F - PR X4 Order1 F",-0.443333333333328,1.05337873979088,19,-0.420867933428519,1,"NANA OrderNA SexNA - NANA OrderNA SexNA"
"PR X0 Order1 F - NR X5 Order1 F",-0.532777777777779,1.16619607810375,19,-0.456850942805502,1,"NANA OrderNA SexNA - NANA OrderNA SexNA"
"PR X0 Order1 F - PR X5 Order1 F",-0.389999999977776,0.970183085847709,19,-0.401985981477928,1,"NANA OrderNA SexNA - NANA OrderNA SexNA"
"PR X0 Order1 F - NR X6 Order1 F",-1.12666666666667,1.15211236616314,19,-0.977913873469464,1,"NANA OrderNA SexNA - NANA OrderNA SexNA"
"PR X0 Order1 F - PR X6 Order1 F",0.0250000000000003,1.37547673425177,19,0.0181755164427406,1,"NANA OrderNA SexNA - NANA OrderNA SexNA"
"PR X0 Order1 F - NR X0 Order2 F",-0.95206349206349,1.16685998377487,19,-0.815919223644555,1,"NANA OrderNA SexNA - NANA OrderNA SexNA"
"PR X0 Order1 F - PR X0 Order2 F",1.29,1.42404719919486,19,0.905868850926674,1,"NANA OrderNA SexNA - NANA OrderNA SexNA"
"PR X0 Order1 F - NR X1 Order2 F",-0.445900673400675,1.1232127826066,19,-0.396986822359597,1,"NANA OrderNA SexNA - NANA OrderNA SexNA"
"PR X0 Order1 F - PR X1 Order2 F",1.20666666666667,1.4819643852961,19,0.814234592031422,1,"NANA OrderNA SexNA - NANA OrderNA SexNA"
"PR X0 Order1 F - NR X2 Order2 F",-0.189487179487178,1.07984825561086,19,-0.175475747173372,1,"NANA OrderNA SexNA - NANA OrderNA SexNA"
"PR X0 Order1 F - PR X2 Order2 F",0.123333333333334,1.27636395199022,19,0.0966286560671207,1,"NANA OrderNA SexNA - NANA OrderNA SexNA"
"PR X0 Order1 F - NR X3 Order2 F",-0.0532539682539679,1.09331304899182,19,-0.0487088014755471,1,"NANA OrderNA SexNA - NANA OrderNA SexNA"
"PR X0 Order1 F - PR X3 Order2 F",0.30388888888889,1.57951142492397,19,0.192394232858124,1,"NANA OrderNA SexNA - NANA OrderNA SexNA"
"PR X0 Order1 F - NR X4 Order2 F",-0.519290382819794,1.09901531219118,19,-0.472505138972497,1,"NANA OrderNA SexNA - NANA OrderNA SexNA"
"PR X0 Order1 F - PR X4 Order2 F",-0.26555555555555,1.11538808310656,19,-0.238083550987859,1,"NANA OrderNA SexNA - NANA OrderNA SexNA"
"PR X0 Order1 F - NR X5 Order2 F",-0.341711525189787,1.08953730959477,19,-0.313629943812459,1,"NANA OrderNA SexNA - NANA OrderNA SexNA"
"PR X0 Order1 F - PR X5 Order2 F",-0.751666666666665,1.08833329036169,19,-0.690658526504195,1,"NANA OrderNA SexNA - NANA OrderNA SexNA"
"PR X0 Order1 F - NR X6 Order2 F",-0.41185185185185,1.0827285608283,19,-0.380383289729402,1,"NANA OrderNA SexNA - NANA OrderNA SexNA"
"PR X0 Order1 F - PR X6 Order2 F",1.13623015873016,1.22481542473329,19,0.927674599605551,1,"NANA OrderNA SexNA - NANA OrderNA SexNA"
"PR X0 Order1 F - NR X0 Order1 M",-1.04780663780664,1.16685998377487,19,-0.897971181098276,1,"NANA OrderNA SexNA - NANA OrderNA SexNA"
"PR X0 Order1 F - PR X0 Order1 M",-0.65047619047619,1.42404719919486,19,-0.456779937381261,1,"NANA OrderNA SexNA - NANA OrderNA SexNA"
"PR X0 Order1 F - NR X1 Order1 M",-0.390550930550933,1.1232127826066,19,-0.347708765960261,1,"NANA OrderNA SexNA - NANA OrderNA SexNA"
"PR X0 Order1 F - PR X1 Order1 M",-1.42944444444444,1.4819643852961,19,-0.964560591757297,1,"NANA OrderNA SexNA - NANA OrderNA SexNA"
"PR X0 Order1 F - NR X2 Order1 M",-0.442473544973543,1.07984825561086,19,-0.409755299112133,1,"NANA OrderNA SexNA - NANA OrderNA SexNA"
"PR X0 Order1 F - PR X2 Order1 M",-1.49333333333333,1.27636395199022,19,-1.16999021400189,1,"NANA OrderNA SexNA - NANA OrderNA SexNA"
"PR X0 Order1 F - NR X3 Order1 M",-0.777857142857142,1.09331304899182,19,-0.711467903519882,1,"NANA OrderNA SexNA - NANA OrderNA SexNA"
"PR X0 Order1 F - PR X3 Order1 M",-0.718267195767195,1.57951142492397,19,-0.454740107879732,1,"NANA OrderNA SexNA - NANA OrderNA SexNA"
"PR X0 Order1 F - NR X4 Order1 M",-0.169523809523809,1.09901531219118,19,-0.154250634766697,1,"NANA OrderNA SexNA - NANA OrderNA SexNA"
"PR X0 Order1 F - PR X4 Order1 M",-0.517281144781139,1.11538808310656,19,-0.463767860366965,1,"NANA OrderNA SexNA - NANA OrderNA SexNA"
"PR X0 Order1 F - NR X5 Order1 M",-1.56937950937951,1.08953730959477,19,-1.44040914942436,1,"NANA OrderNA SexNA - NANA OrderNA SexNA"
"PR X0 Order1 F - PR X5 Order1 M",-0.702953342953342,1.08833329036169,19,-0.645898962366325,1,"NANA OrderNA SexNA - NANA OrderNA SexNA"
"PR X0 Order1 F - NR X6 Order1 M",-0.74148148148148,1.0827285608283,19,-0.684826750034411,1,"NANA OrderNA SexNA - NANA OrderNA SexNA"
"PR X0 Order1 F - PR X6 Order1 M",-0.954534632034632,1.22481542473329,19,-0.779329368947559,1,"NANA OrderNA SexNA - NANA OrderNA SexNA"
"PR X0 Order1 F - NR X0 Order2 M",-1.30888008233596,1.16685998377487,19,-1.12171134543636,1,"NANA OrderNA SexNA - NANA OrderNA SexNA"
"PR X0 Order1 F - PR X0 Order2 M",-0.515555555555556,1.42404719919486,19,-0.362035440852693,1,"NANA OrderNA SexNA - NANA OrderNA SexNA"
"PR X0 Order1 F - NR X1 Order2 M",-0.967478632517097,1.1232127826066,19,-0.861349378763214,1,"NANA OrderNA SexNA - NANA OrderNA SexNA"
"PR X0 Order1 F - PR X1 Order2 M",1.92888888888889,1.4819643852961,19,1.30157573827491,1,"NANA OrderNA SexNA - NANA OrderNA SexNA"
"PR X0 Order1 F - NR X2 Order2 M",-0.6350233426704,1.07984825561086,19,-0.588067202378516,1,"NANA OrderNA SexNA - NANA OrderNA SexNA"
"PR X0 Order1 F - PR X2 Order2 M",1.29,1.27636395199022,19,1.0106835107561,1,"NANA OrderNA SexNA - NANA OrderNA SexNA"
"PR X0 Order1 F - NR X3 Order2 M",-0.604444444444444,1.09331304899182,19,-0.552855785451221,1,"NANA OrderNA SexNA - NANA OrderNA SexNA"
"PR X0 Order1 F - PR X3 Order2 M",0.845555555555556,1.57951142492397,19,0.535327280457156,1,"NANA OrderNA SexNA - NANA OrderNA SexNA"
"PR X0 Order1 F - NR X4 Order2 M",-0.448141488141489,1.09901531219118,19,-0.407766373380186,1,"NANA OrderNA SexNA - NANA OrderNA SexNA"
"PR X0 Order1 F - PR X4 Order2 M",-0.506118233618227,1.11538808310656,19,-0.453759764232549,1,"NANA OrderNA SexNA - NANA OrderNA SexNA"
"PR X0 Order1 F - NR X5 Order2 M",-1.18116402116402,1.08953730959477,19,-1.0840969012831,1,"NANA OrderNA SexNA - NANA OrderNA SexNA"
"PR X0 Order1 F - PR X5 Order2 M",-0.189166666666665,1.08833329036169,19,-0.173813176847507,1,"NANA OrderNA SexNA - NANA OrderNA SexNA"
"PR X0 Order1 F - NR X6 Order2 M",-0.676110931552108,1.0827285608283,19,-0.624450999089629,1,"NANA OrderNA SexNA - NANA OrderNA SexNA"
"PR X0 Order1 F - PR X6 Order2 M",-0.386661220043573,1.22481542473329,19,-0.315689378363087,1,"NANA OrderNA SexNA - NANA OrderNA SexNA"
"NR X1 Order1 F - PR X1 Order1 F",0.405238095238098,1.2647874449212,19,0.320400156457393,1,"NANA OrderNA SexNA - NANA OrderNA SexNA"
"NR X1 Order1 F - NR X2 Order1 F",0.515584415584419,0.496227458327942,19,1.03900823489635,1,"NANA OrderNA SexNA - NANA OrderNA SexNA"
"NR X1 Order1 F - PR X2 Order1 F",0.370952380952383,0.931365418072814,19,0.398288763737825,1,"NANA OrderNA SexNA - NANA OrderNA SexNA"
"NR X1 Order1 F - NR X3 Order1 F",0.0354978354978377,0.344745608939906,19,0.10296820199391,1,"NANA OrderNA SexNA - NANA OrderNA SexNA"
"NR X1 Order1 F - PR X3 Order1 F",1.87216117216117,1.29588812075411,19,1.44469352112875,1,"NANA OrderNA SexNA - NANA OrderNA SexNA"
"NR X1 Order1 F - NR X4 Order1 F",0.108102877514644,0.385400545361349,19,0.280494874269801,1,"NANA OrderNA SexNA - NANA OrderNA SexNA"
"NR X1 Order1 F - PR X4 Order1 F",0.430952380952388,0.564382346939921,19,0.763582318421209,1,"NANA OrderNA SexNA - NANA OrderNA SexNA"
"NR X1 Order1 F - NR X5 Order1 F",0.341507936507938,0.46208916922428,19,0.739052025567348,1,"NANA OrderNA SexNA - NANA OrderNA SexNA"
"NR X1 Order1 F - PR X5 Order1 F",0.48428571430794,0.471398215233953,19,1.02733887965102,1,"NANA OrderNA SexNA - NANA OrderNA SexNA"
"NR X1 Order1 F - NR X6 Order1 F",-0.252380952380949,0.448026524017005,19,-0.563316988731162,1,"NANA OrderNA SexNA - NANA OrderNA SexNA"
"NR X1 Order1 F - PR X6 Order1 F",0.899285714285716,0.70901091048548,19,1.26836653849226,1,"NANA OrderNA SexNA - NANA OrderNA SexNA"
"NR X1 Order1 F - NR X0 Order2 F",-0.0777777777777735,0.66482934434819,19,-0.116989086656559,1,"NANA OrderNA SexNA - NANA OrderNA SexNA"
"NR X1 Order1 F - PR X0 Order2 F",2.16428571428572,1.0527802529047,19,2.05578106951976,1,"NANA OrderNA SexNA - NANA OrderNA SexNA"
"NR X1 Order1 F - NR X1 Order2 F",0.428385040885041,0.584844244549109,19,0.732477142209561,1,"NANA OrderNA SexNA - NANA OrderNA SexNA"
"NR X1 Order1 F - PR X1 Order2 F",2.08095238095238,1.12989126674092,19,1.84172799826546,1,"NANA OrderNA SexNA - NANA OrderNA SexNA"
"NR X1 Order1 F - NR X2 Order2 F",0.684798534798538,0.496495811177871,19,1.37926346885776,1,"NANA OrderNA SexNA - NANA OrderNA SexNA"
"NR X1 Order1 F - PR X2 Order2 F",0.99761904761905,0.842342432334643,19,1.18433906369176,1,"NANA OrderNA SexNA - NANA OrderNA SexNA"
"NR X1 Order1 F - NR X3 Order2 F",0.821031746031748,0.52513737104414,19,1.56346089862025,1,"NANA OrderNA SexNA - NANA OrderNA SexNA"
"NR X1 Order1 F - PR X3 Order2 F",1.17817460317461,1.25510644044109,19,0.938704929886706,1,"NANA OrderNA SexNA - NANA OrderNA SexNA"
"NR X1 Order1 F - NR X4 Order2 F",0.354995331465922,0.536908271310865,19,0.661184322229194,1,"NANA OrderNA SexNA - NANA OrderNA SexNA"
"NR X1 Order1 F - PR X4 Order2 F",0.608730158730166,0.569672196361625,19,1.06856217069746,1,"NANA OrderNA SexNA - NANA OrderNA SexNA"
"NR X1 Order1 F - NR X5 Order2 F",0.532574189095929,0.517230494432001,19,1.02966510062555,1,"NANA OrderNA SexNA - NANA OrderNA SexNA"
"NR X1 Order1 F - PR X5 Order2 F",0.122619047619051,0.514689407585633,19,0.238238918096735,1,"NANA OrderNA SexNA - NANA OrderNA SexNA"
"NR X1 Order1 F - NR X6 Order2 F",0.462433862433866,0.502729521516965,19,0.919846244633678,1,"NANA OrderNA SexNA - NANA OrderNA SexNA"
"NR X1 Order1 F - PR X6 Order2 F",2.01051587301588,0.761976810694358,19,2.6385525711521,1,"NANA OrderNA SexNA - NANA OrderNA SexNA"
"NR X1 Order1 F - NR X0 Order1 M",-0.17352092352092,0.66482934434819,19,-0.261000698895207,1,"NANA OrderNA SexNA - NANA OrderNA SexNA"
"NR X1 Order1 F - PR X0 Order1 M",0.223809523809526,1.0527802529047,19,0.212589021490494,1,"NANA OrderNA SexNA - NANA OrderNA SexNA"
"NR X1 Order1 F - NR X1 Order1 M",0.483734783734784,0.584844244549109,19,0.827117285060612,1,"NANA OrderNA SexNA - NANA OrderNA SexNA"
"NR X1 Order1 F - PR X1 Order1 M",-0.555158730158728,1.12989126674092,19,-0.491338190231383,1,"NANA OrderNA SexNA - NANA OrderNA SexNA"
"NR X1 Order1 F - NR X2 Order1 M",0.431812169312173,0.496495811177871,19,0.869719662463527,1,"NANA OrderNA SexNA - NANA OrderNA SexNA"
"NR X1 Order1 F - PR X2 Order1 M",-0.619047619047617,0.842342432334643,19,-0.734912068161947,1,"NANA OrderNA SexNA - NANA OrderNA SexNA"
"NR X1 Order1 F - NR X3 Order1 M",0.0964285714285737,0.52513737104414,19,0.183625422119251,1,"NANA OrderNA SexNA - NANA OrderNA SexNA"
"NR X1 Order1 F - PR X3 Order1 M",0.156018518518521,1.25510644044109,19,0.124307001774041,1,"NANA OrderNA SexNA - NANA OrderNA SexNA"
"NR X1 Order1 F - NR X4 Order1 M",0.704761904761907,0.536908271310865,19,1.31263000110098,1,"NANA OrderNA SexNA - NANA OrderNA SexNA"
"NR X1 Order1 F - PR X4 Order1 M",0.357004569504577,0.569672196361625,19,0.626684208540787,1,"NANA OrderNA SexNA - NANA OrderNA SexNA"
"NR X1 Order1 F - NR X5 Order1 M",-0.695093795093794,0.517230494432001,19,-1.34387628451241,1,"NANA OrderNA SexNA - NANA OrderNA SexNA"
"NR X1 Order1 F - PR X5 Order1 M",0.171332371332374,0.514689407585633,19,0.332884976467809,1,"NANA OrderNA SexNA - NANA OrderNA SexNA"
"NR X1 Order1 F - NR X6 Order1 M",0.132804232804236,0.502729521516965,19,0.264166370026381,1,"NANA OrderNA SexNA - NANA OrderNA SexNA"
"NR X1 Order1 F - PR X6 Order1 M",-0.0802489177489156,0.761976810694358,19,-0.105316745368915,1,"NANA OrderNA SexNA - NANA OrderNA SexNA"
"NR X1 Order1 F - NR X0 Order2 M",-0.434594368050246,0.66482934434819,19,-0.65369311951224,1,"NANA OrderNA SexNA - NANA OrderNA SexNA"
"NR X1 Order1 F - PR X0 Order2 M",0.35873015873016,1.0527802529047,19,0.340745523807457,1,"NANA OrderNA SexNA - NANA OrderNA SexNA"
"NR X1 Order1 F - NR X1 Order2 M",-0.0931929182313809,0.584844244549109,19,-0.159346559532665,1,"NANA OrderNA SexNA - NANA OrderNA SexNA"
"NR X1 Order1 F - PR X1 Order2 M",2.80317460317461,1.12989126674092,19,2.480924214292,1,"NANA OrderNA SexNA - NANA OrderNA SexNA"
"NR X1 Order1 F - NR X2 Order2 M",0.239262371615316,0.496495811177871,19,0.481902095100657,1,"NANA OrderNA SexNA - NANA OrderNA SexNA"
"NR X1 Order1 F - PR X2 Order2 M",2.16428571428572,0.842342432334643,19,2.56936565368928,1,"NANA OrderNA SexNA - NANA OrderNA SexNA"
"NR X1 Order1 F - NR X3 Order2 M",0.269841269841272,0.52513737104414,19,0.513848917864562,1,"NANA OrderNA SexNA - NANA OrderNA SexNA"
"NR X1 Order1 F - PR X3 Order2 M",1.71984126984127,1.25510644044109,19,1.37027523278174,1,"NANA OrderNA SexNA - NANA OrderNA SexNA"
"NR X1 Order1 F - NR X4 Order2 M",0.426144226144227,0.536908271310865,19,0.793700244370968,1,"NANA OrderNA SexNA - NANA OrderNA SexNA"
"NR X1 Order1 F - PR X4 Order2 M",0.36816748066749,0.569672196361625,19,0.646279532367731,1,"NANA OrderNA SexNA - NANA OrderNA SexNA"
"NR X1 Order1 F - NR X5 Order2 M",-0.306878306878307,0.517230494432001,19,-0.593310545650073,1,"NANA OrderNA SexNA - NANA OrderNA SexNA"
"NR X1 Order1 F - PR X5 Order2 M",0.685119047619051,0.514689407585633,19,1.33113104237542,1,"NANA OrderNA SexNA - NANA OrderNA SexNA"
"NR X1 Order1 F - NR X6 Order2 M",0.198174782733608,0.502729521516965,19,0.394197623675697,1,"NANA OrderNA SexNA - NANA OrderNA SexNA"
"NR X1 Order1 F - PR X6 Order2 M",0.487624494242143,0.761976810694358,19,0.639946632756174,1,"NANA OrderNA SexNA - NANA OrderNA SexNA"
"PR X1 Order1 F - NR X2 Order1 F",0.110346320346321,1.14188123755816,19,0.096635549054374,1,"NANA OrderNA SexNA - NANA OrderNA SexNA"
"PR X1 Order1 F - PR X2 Order1 F",-0.0342857142857147,1.42601109048513,19,-0.024043090908957,1,"NANA OrderNA SexNA - NANA OrderNA SexNA"
"PR X1 Order1 F - NR X3 Order1 F",-0.36974025974026,1.21274620485805,19,-0.304878513129248,1,"NANA OrderNA SexNA - NANA OrderNA SexNA"
"PR X1 Order1 F - PR X3 Order1 F",1.46692307692308,1.3936158100751,19,1.05260220666127,1,"NANA OrderNA SexNA - NANA OrderNA SexNA"
"PR X1 Order1 F - NR X4 Order1 F",-0.297135217723454,1.12410729411404,19,-0.26432994366222,1,"NANA OrderNA SexNA - NANA OrderNA SexNA"
"PR X1 Order1 F - PR X4 Order1 F",0.0257142857142902,1.35936620087877,19,0.018916378601783,1,"NANA OrderNA SexNA - NANA OrderNA SexNA"
"PR X1 Order1 F - NR X5 Order1 F",-0.0637301587301605,1.15333844688493,19,-0.0552571180665054,1,"NANA OrderNA SexNA - NANA OrderNA SexNA"
"PR X1 Order1 F - PR X5 Order1 F",0.0790476190698417,1.13132675382897,19,0.0698716076520821,1,"NANA OrderNA SexNA - NANA OrderNA SexNA"
"PR X1 Order1 F - NR X6 Order1 F",-0.657619047619048,1.13866104696739,19,-0.57753714274366,1,"NANA OrderNA SexNA - NANA OrderNA SexNA"
"PR X1 Order1 F - PR X6 Order1 F",0.494047619047618,1.53364022101904,19,0.322140494410968,1,"NANA OrderNA SexNA - NANA OrderNA SexNA"
"PR X1 Order1 F - NR X0 Order2 F",-0.483015873015872,1.25041266717699,19,-0.386285172643333,1,"NANA OrderNA SexNA - NANA OrderNA SexNA"
"PR X1 Order1 F - PR X0 Order2 F",1.75904761904762,1.49327828686963,19,1.1779770954382,1,"NANA OrderNA SexNA - NANA OrderNA SexNA"
"PR X1 Order1 F - NR X1 Order2 F",0.0231469456469428,1.20978368790145,19,0.0191331275817536,1,"NANA OrderNA SexNA - NANA OrderNA SexNA"
"PR X1 Order1 F - PR X1 Order2 F",1.67571428571429,1.54860842558331,19,1.08207746905619,1,"NANA OrderNA SexNA - NANA OrderNA SexNA"
"PR X1 Order1 F - NR X2 Order2 F",0.27956043956044,1.16963322099169,19,0.239015474717289,1,"NANA OrderNA SexNA - NANA OrderNA SexNA"
"PR X1 Order1 F - PR X2 Order2 F",0.592380952380952,1.35317203431111,19,0.437772092062581,1,"NANA OrderNA SexNA - NANA OrderNA SexNA"
"PR X1 Order1 F - NR X3 Order2 F",0.41579365079365,1.18207573344408,19,0.35174874082069,1,"NANA OrderNA SexNA - NANA OrderNA SexNA"
"PR X1 Order1 F - PR X3 Order2 F",0.772936507936508,1.64220155826467,19,0.470670913717361,1,"NANA OrderNA SexNA - NANA OrderNA SexNA"
"PR X1 Order1 F - NR X4 Order2 F",-0.050242763772176,1.18735178988042,19,-0.0423149770778852,1,"NANA OrderNA SexNA - NANA OrderNA SexNA"
"PR X1 Order1 F - PR X4 Order2 F",0.203492063492068,1.20252242907885,19,0.169221012906966,1,"NANA OrderNA SexNA - NANA OrderNA SexNA"
"PR X1 Order1 F - NR X5 Order2 F",0.127336093857831,1.17858439048741,19,0.108041558063712,1,"NANA OrderNA SexNA - NANA OrderNA SexNA"
"PR X1 Order1 F - PR X5 Order2 F",-0.282619047619047,1.17747142955193,19,-0.240022000131752,1,"NANA OrderNA SexNA - NANA OrderNA SexNA"
"PR X1 Order1 F - NR X6 Order2 F",0.0571957671957677,1.17229294672232,19,0.0487896539475774,1,"NANA OrderNA SexNA - NANA OrderNA SexNA"
"PR X1 Order1 F - PR X6 Order2 F",1.60527777777778,1.30466181103233,19,1.23041677483269,1,"NANA OrderNA SexNA - NANA OrderNA SexNA"
"PR X1 Order1 F - NR X0 Order1 M",-0.578759018759018,1.25041266717699,19,-0.462854411148651,1,"NANA OrderNA SexNA - NANA OrderNA SexNA"
"PR X1 Order1 F - PR X0 Order1 M",-0.181428571428572,1.49327828686963,19,-0.121496825490513,1,"NANA OrderNA SexNA - NANA OrderNA SexNA"
"PR X1 Order1 F - NR X1 Order1 M",0.0784966884966854,1.20978368790145,19,0.0648848957724414,1,"NANA OrderNA SexNA - NANA OrderNA SexNA"
"PR X1 Order1 F - PR X1 Order1 M",-0.960396825396826,1.54860842558331,19,-0.620167635362746,1,"NANA OrderNA SexNA - NANA OrderNA SexNA"
"PR X1 Order1 F - NR X2 Order1 M",0.0265740740740748,1.16963322099169,19,0.0227200062354108,1,"NANA OrderNA SexNA - NANA OrderNA SexNA"
"PR X1 Order1 F - PR X2 Order1 M",-1.02428571428571,1.35317203431111,19,-0.756951583622679,1,"NANA OrderNA SexNA - NANA OrderNA SexNA"
"PR X1 Order1 F - NR X3 Order1 M",-0.308809523809524,1.18207573344408,19,-0.26124343396322,1,"NANA OrderNA SexNA - NANA OrderNA SexNA"
"PR X1 Order1 F - PR X3 Order1 M",-0.249219576719577,1.64220155826467,19,-0.151759432613698,1,"NANA OrderNA SexNA - NANA OrderNA SexNA"
"PR X1 Order1 F - NR X4 Order1 M",0.299523809523809,1.18735178988042,19,0.252262060896017,1,"NANA OrderNA SexNA - NANA OrderNA SexNA"
"PR X1 Order1 F - PR X4 Order1 M",-0.0482335257335211,1.20252242907885,19,-0.040110291972241,1,"NANA OrderNA SexNA - NANA OrderNA SexNA"
"PR X1 Order1 F - NR X5 Order1 M",-1.10033189033189,1.17858439048741,19,-0.933604669477117,1,"NANA OrderNA SexNA - NANA OrderNA SexNA"
"PR X1 Order1 F - PR X5 Order1 M",-0.233905723905724,1.17747142955193,19,-0.198650870021308,1,"NANA OrderNA SexNA - NANA OrderNA SexNA"
"PR X1 Order1 F - NR X6 Order1 M",-0.272433862433862,1.17229294672232,19,-0.232394013113852,1,"NANA OrderNA SexNA - NANA OrderNA SexNA"
"PR X1 Order1 F - PR X6 Order1 M",-0.485487012987014,1.30466181103233,19,-0.372117133253763,1,"NANA OrderNA SexNA - NANA OrderNA SexNA"
"PR X1 Order1 F - NR X0 Order2 M",-0.839832463288344,1.25041266717699,19,-0.6716442382053,1,"NANA OrderNA SexNA - NANA OrderNA SexNA"
"PR X1 Order1 F - PR X0 Order2 M",-0.0465079365079379,1.49327828686963,19,-0.0311448555281901,1,"NANA OrderNA SexNA - NANA OrderNA SexNA"
"PR X1 Order1 F - NR X1 Order2 M",-0.498431013469479,1.20978368790145,19,-0.412000110808306,1,"NANA OrderNA SexNA - NANA OrderNA SexNA"
"PR X1 Order1 F - PR X1 Order2 M",2.39793650793651,1.54860842558331,19,1.54844599081481,1,"NANA OrderNA SexNA - NANA OrderNA SexNA"
"PR X1 Order1 F - NR X2 Order2 M",-0.165975723622782,1.16963322099169,19,-0.141904077828823,1,"NANA OrderNA SexNA - NANA OrderNA SexNA"
"PR X1 Order1 F - PR X2 Order2 M",1.75904761904762,1.35317203431111,19,1.2999438167839,1,"NANA OrderNA SexNA - NANA OrderNA SexNA"
"PR X1 Order1 F - NR X3 Order2 M",-0.135396825396826,1.18207573344408,19,-0.114541582714278,1,"NANA OrderNA SexNA - NANA OrderNA SexNA"
"PR X1 Order1 F - PR X3 Order2 M",1.31460317460317,1.64220155826467,19,0.800512682494544,1,"NANA OrderNA SexNA - NANA OrderNA SexNA"
"PR X1 Order1 F - NR X4 Order2 M",0.020906130906129,1.18735178988042,19,0.0176073604169447,1,"NANA OrderNA SexNA - NANA OrderNA SexNA"
"PR X1 Order1 F - PR X4 Order2 M",-0.0370706145706086,1.20252242907885,19,-0.0308273789113482,1,"NANA OrderNA SexNA - NANA OrderNA SexNA"
"PR X1 Order1 F - NR X5 Order2 M",-0.712116402116405,1.17858439048741,19,-0.604213332421536,1,"NANA OrderNA SexNA - NANA OrderNA SexNA"
"PR X1 Order1 F - PR X5 Order2 M",0.279880952380953,1.17747142955193,19,0.237696597434604,1,"NANA OrderNA SexNA - NANA OrderNA SexNA"
"PR X1 Order1 F - NR X6 Order2 M",-0.20706331250449,1.17229294672232,19,-0.176631031589357,1,"NANA OrderNA SexNA - NANA OrderNA SexNA"
"PR X1 Order1 F - PR X6 Order2 M",0.082386399004045,1.30466181103233,19,0.0631477048744576,1,"NANA OrderNA SexNA - NANA OrderNA SexNA"
"NR X2 Order1 F - PR X2 Order1 F",-0.144632034632036,0.742376459448485,19,-0.194823034582055,1,"NANA OrderNA SexNA - NANA OrderNA SexNA"
"NR X2 Order1 F - NR X3 Order1 F",-0.480086580086581,0.411358250539662,19,-1.16707657973738,1,"NANA OrderNA SexNA - NANA OrderNA SexNA"
"NR X2 Order1 F - PR X3 Order1 F",1.35657675657676,1.21247947908279,19,1.11884512684946,1,"NANA OrderNA SexNA - NANA OrderNA SexNA"
"NR X2 Order1 F - NR X4 Order1 F",-0.407481538069775,0.356840256867165,19,-1.14191582992123,1,"NANA OrderNA SexNA - NANA OrderNA SexNA"
"NR X2 Order1 F - PR X4 Order1 F",-0.0846320346320307,0.446838158024918,19,-0.189401986182459,1,"NANA OrderNA SexNA - NANA OrderNA SexNA"
"NR X2 Order1 F - NR X5 Order1 F",-0.174076479076481,0.321904362704039,19,-0.540770797929597,1,"NANA OrderNA SexNA - NANA OrderNA SexNA"
"NR X2 Order1 F - PR X5 Order1 F",-0.0312987012764793,0.416243374062227,19,-0.0751932720778884,1,"NANA OrderNA SexNA - NANA OrderNA SexNA"
"NR X2 Order1 F - NR X6 Order1 F",-0.767965367965368,0.330983451455159,19,-2.32025306579236,1,"NANA OrderNA SexNA - NANA OrderNA SexNA"
"NR X2 Order1 F - PR X6 Order1 F",0.383701298701297,0.767684847009717,19,0.499816168309026,1,"NANA OrderNA SexNA - NANA OrderNA SexNA"
"NR X2 Order1 F - NR X0 Order2 F",-0.593362193362193,0.572150694545055,19,-1.03707327286215,1,"NANA OrderNA SexNA - NANA OrderNA SexNA"
"NR X2 Order1 F - PR X0 Order2 F",1.6487012987013,0.996847340904331,19,1.65391553054213,1,"NANA OrderNA SexNA - NANA OrderNA SexNA"
"NR X2 Order1 F - NR X1 Order2 F",-0.0871993746993782,0.476865967064293,19,-0.182859295319814,1,"NANA OrderNA SexNA - NANA OrderNA SexNA"
"NR X2 Order1 F - PR X1 Order2 F",1.56536796536796,1.07796689875865,19,1.45214845388164,1,"NANA OrderNA SexNA - NANA OrderNA SexNA"
"NR X2 Order1 F - NR X2 Order2 F",0.169214119214119,0.363134204777128,19,0.465982320001977,1,"NANA OrderNA SexNA - NANA OrderNA SexNA"
"NR X2 Order1 F - PR X2 Order2 F",0.482034632034631,0.771297046197759,19,0.62496626223438,1,"NANA OrderNA SexNA - NANA OrderNA SexNA"
"NR X2 Order1 F - NR X3 Order2 F",0.305447330447329,0.401407048554327,19,0.760941621596836,1,"NANA OrderNA SexNA - NANA OrderNA SexNA"
"NR X2 Order1 F - PR X3 Order2 F",0.662590187590187,1.20857376150513,19,0.548241413718113,1,"NANA OrderNA SexNA - NANA OrderNA SexNA"
"NR X2 Order1 F - NR X4 Order2 F",-0.160589084118497,0.416687955146254,19,-0.385394111193187,1,"NANA OrderNA SexNA - NANA OrderNA SexNA"
"NR X2 Order1 F - PR X4 Order2 F",0.0931457431457467,0.458131827610158,19,0.203316463803969,1,"NANA OrderNA SexNA - NANA OrderNA SexNA"
"NR X2 Order1 F - NR X5 Order2 F",0.01698977351151,0.391006067129804,19,0.0434514319335864,1,"NANA OrderNA SexNA - NANA OrderNA SexNA"
"NR X2 Order1 F - PR X5 Order2 F",-0.392965367965368,0.387638422299435,19,-1.01374204763897,1,"NANA OrderNA SexNA - NANA OrderNA SexNA"
"NR X2 Order1 F - NR X6 Order2 F",-0.0531505531505533,0.371611802781641,19,-0.143027085664942,1,"NANA OrderNA SexNA - NANA OrderNA SexNA"
"NR X2 Order1 F - PR X6 Order2 F",1.49493145743146,0.682617770203714,19,2.18999786217889,1,"NANA OrderNA SexNA - NANA OrderNA SexNA"
"NR X2 Order1 F - NR X0 Order1 M",-0.689105339105339,0.572150694545055,19,-1.20441230898667,1,"NANA OrderNA SexNA - NANA OrderNA SexNA"
"NR X2 Order1 F - PR X0 Order1 M",-0.291774891774893,0.996847340904331,19,-0.292697667739373,1,"NANA OrderNA SexNA - NANA OrderNA SexNA"
"NR X2 Order1 F - NR X1 Order1 M",-0.0318496318496355,0.476865967064293,19,-0.0667894839418085,1,"NANA OrderNA SexNA - NANA OrderNA SexNA"
"NR X2 Order1 F - PR X1 Order1 M",-1.07074314574315,1.07796689875865,19,-0.993298724641895,1,"NANA OrderNA SexNA - NANA OrderNA SexNA"
"NR X2 Order1 F - NR X2 Order1 M",-0.0837722462722462,0.363134204777128,19,-0.230692248678862,1,"NANA OrderNA SexNA - NANA OrderNA SexNA"
"NR X2 Order1 F - PR X2 Order1 M",-1.13463203463204,0.771297046197758,19,-1.47107011523692,1,"NANA OrderNA SexNA - NANA OrderNA SexNA"
"NR X2 Order1 F - NR X3 Order1 M",-0.419155844155845,0.401407048554327,19,-1.0442164522657,1,"NANA OrderNA SexNA - NANA OrderNA SexNA"
"NR X2 Order1 F - PR X3 Order1 M",-0.359565897065898,1.20857376150513,19,-0.297512579305134,1,"NANA OrderNA SexNA - NANA OrderNA SexNA"
"NR X2 Order1 F - NR X4 Order1 M",0.189177489177488,0.416687955146254,19,0.454002777956681,1,"NANA OrderNA SexNA - NANA OrderNA SexNA"
"NR X2 Order1 F - PR X4 Order1 M",-0.158579846079842,0.458131827610158,19,-0.346144573510801,1,"NANA OrderNA SexNA - NANA OrderNA SexNA"
"NR X2 Order1 F - NR X5 Order1 M",-1.21067821067821,0.391006067129804,19,-3.09631566478046,1,"NANA OrderNA SexNA - NANA OrderNA SexNA"
"NR X2 Order1 F - PR X5 Order1 M",-0.344252044252045,0.387638422299435,19,-0.88807513509619,1,"NANA OrderNA SexNA - NANA OrderNA SexNA"
"NR X2 Order1 F - NR X6 Order1 M",-0.382780182780183,0.371611802781641,19,-1.03005388934082,1,"NANA OrderNA SexNA - NANA OrderNA SexNA"
"NR X2 Order1 F - PR X6 Order1 M",-0.595833333333335,0.682617770203714,19,-0.872865253940752,1,"NANA OrderNA SexNA - NANA OrderNA SexNA"
"NR X2 Order1 F - NR X0 Order2 M",-0.950178783634665,0.572150694545055,19,-1.66071420116023,1,"NANA OrderNA SexNA - NANA OrderNA SexNA"
"NR X2 Order1 F - PR X0 Order2 M",-0.156854256854259,0.996847340904331,19,-0.157350328799555,1,"NANA OrderNA SexNA - NANA OrderNA SexNA"
"NR X2 Order1 F - NR X1 Order2 M",-0.6087773338158,0.476865967064293,19,-1.27662147408755,1,"NANA OrderNA SexNA - NANA OrderNA SexNA"
"NR X2 Order1 F - PR X1 Order2 M",2.28759018759019,1.07796689875865,19,2.12213398224426,1,"NANA OrderNA SexNA - NANA OrderNA SexNA"
"NR X2 Order1 F - NR X2 Order2 M",-0.276322043969103,0.363134204777128,19,-0.760936426076123,1,"NANA OrderNA SexNA - NANA OrderNA SexNA"
"NR X2 Order1 F - PR X2 Order2 M",1.6487012987013,0.771297046197759,19,2.13756983360542,1,"NANA OrderNA SexNA - NANA OrderNA SexNA"
"NR X2 Order1 F - NR X3 Order2 M",-0.245743145743147,0.401407048554327,19,-0.612204361204404,1,"NANA OrderNA SexNA - NANA OrderNA SexNA"
"NR X2 Order1 F - PR X3 Order2 M",1.20425685425685,1.20857376150513,19,0.996428097824252,1,"NANA OrderNA SexNA - NANA OrderNA SexNA"
"NR X2 Order1 F - NR X4 Order2 M",-0.0894401894401919,0.416687955146254,19,-0.21464548791385,1,"NANA OrderNA SexNA - NANA OrderNA SexNA"
"NR X2 Order1 F - PR X4 Order2 M",-0.14741693491693,0.458131827610158,19,-0.32177841842146,1,"NANA OrderNA SexNA - NANA OrderNA SexNA"
"NR X2 Order1 F - NR X5 Order2 M",-0.822462722462726,0.391006067129804,19,-2.10345258450859,1,"NANA OrderNA SexNA - NANA OrderNA SexNA"
"NR X2 Order1 F - PR X5 Order2 M",0.169534632034632,0.387638422299435,19,0.437352497280761,1,"NANA OrderNA SexNA - NANA OrderNA SexNA"
"NR X2 Order1 F - NR X6 Order2 M",-0.317409632850811,0.371611802781641,19,-0.854143034410887,1,"NANA OrderNA SexNA - NANA OrderNA SexNA"
"NR X2 Order1 F - PR X6 Order2 M",-0.0279599213422759,0.682617770203714,19,-0.0409598498057439,1,"NANA OrderNA SexNA - NANA OrderNA SexNA"
"PR X2 Order1 F - NR X3 Order1 F",-0.335454545454546,0.72980709697081,19,-0.459648236975096,1,"NANA OrderNA SexNA - NANA OrderNA SexNA"
"PR X2 Order1 F - PR X3 Order1 F",1.50120879120879,1.19813759382688,19,1.2529519138231,1,"NANA OrderNA SexNA - NANA OrderNA SexNA"
"PR X2 Order1 F - NR X4 Order1 F",-0.262849503437739,0.824832927028673,19,-0.318669993430805,1,"NANA OrderNA SexNA - NANA OrderNA SexNA"
"PR X2 Order1 F - PR X4 Order1 F",0.0600000000000049,0.74600194841344,19,0.0804287443586574,1,"NANA OrderNA SexNA - NANA OrderNA SexNA"
"PR X2 Order1 F - NR X5 Order1 F",-0.0294444444444458,0.785446069953531,19,-0.0374875444296103,1,"NANA OrderNA SexNA - NANA OrderNA SexNA"
"PR X2 Order1 F - PR X5 Order1 F",0.113333333355556,0.958468788734091,19,0.118244156395789,1,"NANA OrderNA SexNA - NANA OrderNA SexNA"
"PR X2 Order1 F - NR X6 Order1 F",-0.623333333333333,0.769603709807261,19,-0.809940655677764,1,"NANA OrderNA SexNA - NANA OrderNA SexNA"
"PR X2 Order1 F - PR X6 Order1 F",0.528333333333333,1.03158524179729,19,0.512156738897154,1,"NANA OrderNA SexNA - NANA OrderNA SexNA"
"PR X2 Order1 F - NR X0 Order2 F",-0.448730158730157,0.939678475129399,19,-0.477535849342898,1,"NANA OrderNA SexNA - NANA OrderNA SexNA"
"PR X2 Order1 F - PR X0 Order2 F",1.79333333333333,1.24472641187578,19,1.4407449831733,1,"NANA OrderNA SexNA - NANA OrderNA SexNA"
"PR X2 Order1 F - NR X1 Order2 F",0.0574326599326575,0.884895683059471,19,0.0649033112401314,1,"NANA OrderNA SexNA - NANA OrderNA SexNA"
"PR X2 Order1 F - PR X1 Order2 F",1.71,1.31059217690801,19,1.30475370609513,1,"NANA OrderNA SexNA - NANA OrderNA SexNA"
"PR X2 Order1 F - NR X2 Order2 F",0.313846153846155,0.82915961673989,19,0.378511142498887,1,"NANA OrderNA SexNA - NANA OrderNA SexNA"
"PR X2 Order1 F - PR X2 Order2 F",0.626666666666666,1.07263150840655,19,0.584232946501462,1,"NANA OrderNA SexNA - NANA OrderNA SexNA"
"PR X2 Order1 F - NR X3 Order2 F",0.450079365079365,0.846620834838252,19,0.53161857889471,1,"NANA OrderNA SexNA - NANA OrderNA SexNA"
"PR X2 Order1 F - PR X3 Order2 F",0.807222222222223,1.41996118128341,19,0.568481894337864,1,"NANA OrderNA SexNA - NANA OrderNA SexNA"
"PR X2 Order1 F - NR X4 Order2 F",-0.0159570494864613,0.853971938249197,19,-0.0186856836527629,1,"NANA OrderNA SexNA - NANA OrderNA SexNA"
"PR X2 Order1 F - PR X4 Order2 F",0.237777777777782,0.874942278566162,19,0.271763959295061,1,"NANA OrderNA SexNA - NANA OrderNA SexNA"
"PR X2 Order1 F - NR X5 Order2 F",0.161621808143546,0.841739249343549,19,0.192009352385065,1,"NANA OrderNA SexNA - NANA OrderNA SexNA"
"PR X2 Order1 F - PR X5 Order2 F",-0.248333333333333,0.840180198407413,19,-0.29557151406812,1,"NANA OrderNA SexNA - NANA OrderNA SexNA"
"PR X2 Order1 F - NR X6 Order2 F",0.0914814814814824,0.832907288550019,19,0.109833930785669,1,"NANA OrderNA SexNA - NANA OrderNA SexNA"
"PR X2 Order1 F - PR X6 Order2 F",1.63956349206349,1.01074538809287,19,1.62213304297841,1,"NANA OrderNA SexNA - NANA OrderNA SexNA"
"PR X2 Order1 F - NR X0 Order1 M",-0.544473304473303,0.939678475129399,19,-0.579425110698983,1,"NANA OrderNA SexNA - NANA OrderNA SexNA"
"PR X2 Order1 F - PR X0 Order1 M",-0.147142857142858,1.24472641187578,19,-0.118213011099456,1,"NANA OrderNA SexNA - NANA OrderNA SexNA"
"PR X2 Order1 F - NR X1 Order1 M",0.1127824027824,0.884895683059471,19,0.12745276640119,1,"NANA OrderNA SexNA - NANA OrderNA SexNA"
"PR X2 Order1 F - PR X1 Order1 M",-0.926111111111112,1.31059217690801,19,-0.706635616653858,1,"NANA OrderNA SexNA - NANA OrderNA SexNA"
"PR X2 Order1 F - NR X2 Order1 M",0.0608597883597895,0.82915961673989,19,0.0733993638029304,1,"NANA OrderNA SexNA - NANA OrderNA SexNA"
"PR X2 Order1 F - PR X2 Order1 M",-0.99,1.07263150840655,19,-0.922963750590076,1,"NANA OrderNA SexNA - NANA OrderNA SexNA"
"PR X2 Order1 F - NR X3 Order1 M",-0.27452380952381,0.846620834838252,19,-0.32425827268503,1,"NANA OrderNA SexNA - NANA OrderNA SexNA"
"PR X2 Order1 F - PR X3 Order1 M",-0.214933862433862,1.41996118128341,19,-0.151366012864942,1,"NANA OrderNA SexNA - NANA OrderNA SexNA"
"PR X2 Order1 F - NR X4 Order1 M",0.333809523809524,0.853971938249197,19,0.390890506887025,1,"NANA OrderNA SexNA - NANA OrderNA SexNA"
"PR X2 Order1 F - PR X4 Order1 M",-0.0139478114478064,0.874942278566162,19,-0.0159414075528088,1,"NANA OrderNA SexNA - NANA OrderNA SexNA"
"PR X2 Order1 F - NR X5 Order1 M",-1.06604617604618,0.841739249343549,19,-1.26648029883074,1,"NANA OrderNA SexNA - NANA OrderNA SexNA"
"PR X2 Order1 F - PR X5 Order1 M",-0.199620009620009,0.840180198407413,19,-0.237591899926224,1,"NANA OrderNA SexNA - NANA OrderNA SexNA"
"PR X2 Order1 F - NR X6 Order1 M",-0.238148148148147,0.832907288550019,19,-0.285923957470382,1,"NANA OrderNA SexNA - NANA OrderNA SexNA"
"PR X2 Order1 F - PR X6 Order1 M",-0.451201298701299,1.01074538809287,19,-0.446404509005625,1,"NANA OrderNA SexNA - NANA OrderNA SexNA"
"PR X2 Order1 F - NR X0 Order2 M",-0.805546749002629,0.939678475129399,19,-0.857257849704071,1,"NANA OrderNA SexNA - NANA OrderNA SexNA"
"PR X2 Order1 F - PR X0 Order2 M",-0.0122222222222232,1.24472641187578,19,-0.00981920372670854,1,"NANA OrderNA SexNA - NANA OrderNA SexNA"
"PR X2 Order1 F - NR X1 Order2 M",-0.464145299183764,0.88489568305947,19,-0.524519791506962,1,"NANA OrderNA SexNA - NANA OrderNA SexNA"
"PR X2 Order1 F - PR X1 Order2 M",2.43222222222222,1.31059217690801,19,1.85581927397156,1,"NANA OrderNA SexNA - NANA OrderNA SexNA"
"PR X2 Order1 F - NR X2 Order2 M",-0.131690009337067,0.82915961673989,19,-0.15882347219809,1,"NANA OrderNA SexNA - NANA OrderNA SexNA"
"PR X2 Order1 F - PR X2 Order2 M",1.79333333333333,1.07263150840655,19,1.67190066605206,1,"NANA OrderNA SexNA - NANA OrderNA SexNA"
"PR X2 Order1 F - NR X3 Order2 M",-0.101111111111111,0.846620834838252,19,-0.119429037120766,1,"NANA OrderNA SexNA - NANA OrderNA SexNA"
"PR X2 Order1 F - PR X3 Order2 M",1.34888888888889,1.41996118128341,19,0.949947721577655,1,"NANA OrderNA SexNA - NANA OrderNA SexNA"
"PR X2 Order1 F - NR X4 Order2 M",0.0551918451918437,0.853971938249197,19,0.0646295770619787,1,"NANA OrderNA SexNA - NANA OrderNA SexNA"
"PR X2 Order1 F - PR X4 Order2 M",-0.00278490028489384,0.874942278566162,19,-0.00318295315372995,1,"NANA OrderNA SexNA - NANA OrderNA SexNA"
"PR X2 Order1 F - NR X5 Order2 M",-0.677830687830691,0.841739249343549,19,-0.805273947198392,1,"NANA OrderNA SexNA - NANA OrderNA SexNA"
"PR X2 Order1 F - PR X5 Order2 M",0.314166666666668,0.840180198407413,19,0.373927720817725,1,"NANA OrderNA SexNA - NANA OrderNA SexNA"
"PR X2 Order1 F - NR X6 Order2 M",-0.172777598218776,0.832907288550019,19,-0.20743917191499,1,"NANA OrderNA SexNA - NANA OrderNA SexNA"
"PR X2 Order1 F - PR X6 Order2 M",0.11667211328976,1.01074538809287,19,0.115431754291655,1,"NANA OrderNA SexNA - NANA OrderNA SexNA"
"NR X3 Order1 F - PR X3 Order1 F",1.83666333666334,1.29580013414122,19,1.41739708792403,1,"NANA OrderNA SexNA - NANA OrderNA SexNA"
"NR X3 Order1 F - NR X4 Order1 F",0.0726050420168066,0.431588956070308,19,0.168227293575554,1,"NANA OrderNA SexNA - NANA OrderNA SexNA"
"NR X3 Order1 F - PR X4 Order1 F",0.395454545454551,0.510276408750527,19,0.774981046885684,1,"NANA OrderNA SexNA - NANA OrderNA SexNA"
"NR X3 Order1 F - NR X5 Order1 F",0.3060101010101,0.438111025495063,19,0.698476146918033,1,"NANA OrderNA SexNA - NANA OrderNA SexNA"
"NR X3 Order1 F - PR X5 Order1 F",0.448787878810102,0.48678602586253,19,0.921940760347219,1,"NANA OrderNA SexNA - NANA OrderNA SexNA"
"NR X3 Order1 F - NR X6 Order1 F",-0.287878787878787,0.404752150984963,19,-0.711247085848054,1,"NANA OrderNA SexNA - NANA OrderNA SexNA"
"NR X3 Order1 F - PR X6 Order1 F",0.863787878787879,0.671084501407431,19,1.28715217975724,1,"NANA OrderNA SexNA - NANA OrderNA SexNA"
"NR X3 Order1 F - NR X0 Order2 F",-0.113275613275611,0.602054664302473,19,-0.188148385839432,1,"NANA OrderNA SexNA - NANA OrderNA SexNA"
"NR X3 Order1 F - PR X0 Order2 F",2.12878787878788,1.01430667088806,19,2.09876158748326,1,"NANA OrderNA SexNA - NANA OrderNA SexNA"
"NR X3 Order1 F - NR X1 Order2 F",0.392887205387203,0.512361739481137,19,0.766816050287196,1,"NANA OrderNA SexNA - NANA OrderNA SexNA"
"NR X3 Order1 F - PR X1 Order2 F",2.04545454545455,1.09413254972116,19,1.86947600267978,1,"NANA OrderNA SexNA - NANA OrderNA SexNA"
"NR X3 Order1 F - NR X2 Order2 F",0.649300699300701,0.408631682838092,19,1.5889631826663,1,"NANA OrderNA SexNA - NANA OrderNA SexNA"
"NR X3 Order1 F - PR X2 Order2 F",0.962121212121212,0.793733289596298,19,1.21214673081251,1,"NANA OrderNA SexNA - NANA OrderNA SexNA"
"NR X3 Order1 F - NR X3 Order2 F",0.785533910533911,0.442990993327257,19,1.77325029710842,1,"NANA OrderNA SexNA - NANA OrderNA SexNA"
"NR X3 Order1 F - PR X3 Order2 F",1.14267676767677,1.22301428386533,19,0.934311874155179,1,"NANA OrderNA SexNA - NANA OrderNA SexNA"
"NR X3 Order1 F - NR X4 Order2 F",0.319497495968084,0.456883194595665,19,0.699297981951022,1,"NANA OrderNA SexNA - NANA OrderNA SexNA"
"NR X3 Order1 F - PR X4 Order2 F",0.573232323232328,0.494972901287937,19,1.15810849794152,1,"NANA OrderNA SexNA - NANA OrderNA SexNA"
"NR X3 Order1 F - NR X5 Order2 F",0.497076353598091,0.433588683053757,19,1.14642372604652,1,"NANA OrderNA SexNA - NANA OrderNA SexNA"
"NR X3 Order1 F - PR X5 Order2 F",0.0871212121212132,0.430554233497674,19,0.202346662378559,1,"NANA OrderNA SexNA - NANA OrderNA SexNA"
"NR X3 Order1 F - NR X6 Order2 F",0.426936026936028,0.41618353343999,19,1.02583594167497,1,"NANA OrderNA SexNA - NANA OrderNA SexNA"
"NR X3 Order1 F - PR X6 Order2 F",1.97501803751804,0.70787034246242,19,2.79008445338687,1,"NANA OrderNA SexNA - NANA OrderNA SexNA"
"NR X3 Order1 F - NR X0 Order1 M",-0.209018759018757,0.602054664302473,19,-0.347175715781427,1,"NANA OrderNA SexNA - NANA OrderNA SexNA"
"NR X3 Order1 F - PR X0 Order1 M",0.188311688311688,1.01430667088806,19,0.185655575100197,1,"NANA OrderNA SexNA - NANA OrderNA SexNA"
"NR X3 Order1 F - NR X1 Order1 M",0.448236948236946,0.512361739481137,19,0.874844692132691,1,"NANA OrderNA SexNA - NANA OrderNA SexNA"
"NR X3 Order1 F - PR X1 Order1 M",-0.590656565656566,1.09413254972116,19,-0.5398400457121,1,"NANA OrderNA SexNA - NANA OrderNA SexNA"
"NR X3 Order1 F - NR X2 Order1 M",0.396314333814335,0.408631682838092,19,0.969857087589957,1,"NANA OrderNA SexNA - NANA OrderNA SexNA"
"NR X3 Order1 F - PR X2 Order1 M",-0.654545454545454,0.793733289596298,19,-0.8246415554504,1,"NANA OrderNA SexNA - NANA OrderNA SexNA"
"NR X3 Order1 F - NR X3 Order1 M",0.060930735930736,0.442990993327257,19,0.137543961047813,1,"NANA OrderNA SexNA - NANA OrderNA SexNA"
"NR X3 Order1 F - PR X3 Order1 M",0.120520683020684,1.22301428386533,19,0.0985439700996613,1,"NANA OrderNA SexNA - NANA OrderNA SexNA"
"NR X3 Order1 F - NR X4 Order1 M",0.66926406926407,0.456883194595665,19,1.46484720204331,1,"NANA OrderNA SexNA - NANA OrderNA SexNA"
"NR X3 Order1 F - PR X4 Order1 M",0.321506734006739,0.494972901287937,19,0.649544112758835,1,"NANA OrderNA SexNA - NANA OrderNA SexNA"
"NR X3 Order1 F - NR X5 Order1 M",-0.730591630591632,0.433588683053757,19,-1.68498777561741,1,"NANA OrderNA SexNA - NANA OrderNA SexNA"
"NR X3 Order1 F - PR X5 Order1 M",0.135834535834537,0.430554233497674,19,0.315487632605686,1,"NANA OrderNA SexNA - NANA OrderNA SexNA"
"NR X3 Order1 F - NR X6 Order1 M",0.0973063973063985,0.41618353343999,19,0.233806456738225,1,"NANA OrderNA SexNA - NANA OrderNA SexNA"
"NR X3 Order1 F - PR X6 Order1 M",-0.115746753246753,0.70787034246242,19,-0.163514059430874,1,"NANA OrderNA SexNA - NANA OrderNA SexNA"
"NR X3 Order1 F - NR X0 Order2 M",-0.470092203548083,0.602054664302473,19,-0.780813157710059,1,"NANA OrderNA SexNA - NANA OrderNA SexNA"
"NR X3 Order1 F - PR X0 Order2 M",0.323232323232323,1.01430667088805,19,0.318673171053211,1,"NANA OrderNA SexNA - NANA OrderNA SexNA"
"NR X3 Order1 F - NR X1 Order2 M",-0.128690753729219,0.512361739481137,19,-0.251171669960255,1,"NANA OrderNA SexNA - NANA OrderNA SexNA"
"NR X3 Order1 F - PR X1 Order2 M",2.76767676767677,1.09413254972116,19,2.5295625912803,1,"NANA OrderNA SexNA - NANA OrderNA SexNA"
"NR X3 Order1 F - NR X2 Order2 M",0.203764536117479,0.408631682838092,19,0.498650850326293,1,"NANA OrderNA SexNA - NANA OrderNA SexNA"
"NR X3 Order1 F - PR X2 Order2 M",2.12878787878788,0.793733289596298,19,2.68199394770327,1,"NANA OrderNA SexNA - NANA OrderNA SexNA"
"NR X3 Order1 F - NR X3 Order2 M",0.234343434343435,0.442990993327257,19,0.529002706315329,1,"NANA OrderNA SexNA - NANA OrderNA SexNA"
"NR X3 Order1 F - PR X3 Order2 M",1.68434343434343,1.22301428386533,19,1.37720667416907,1,"NANA OrderNA SexNA - NANA OrderNA SexNA"
"NR X3 Order1 F - NR X4 Order2 M",0.39064639064639,0.456883194595665,19,0.855024643644654,1,"NANA OrderNA SexNA - NANA OrderNA SexNA"
"NR X3 Order1 F - PR X4 Order2 M",0.332669645169652,0.494972901287937,19,0.672096683079082,1,"NANA OrderNA SexNA - NANA OrderNA SexNA"
"NR X3 Order1 F - NR X5 Order2 M",-0.342376142376145,0.433588683053757,19,-0.789633483892606,1,"NANA OrderNA SexNA - NANA OrderNA SexNA"
"NR X3 Order1 F - PR X5 Order2 M",0.649621212121214,0.430554233497674,19,1.5088022868662,1,"NANA OrderNA SexNA - NANA OrderNA SexNA"
"NR X3 Order1 F - NR X6 Order2 M",0.16267694723577,0.41618353343999,19,0.390877904013054,1,"NANA OrderNA SexNA - NANA OrderNA SexNA"
"NR X3 Order1 F - PR X6 Order2 M",0.452126658744305,0.70787034246242,19,0.63871394466326,1,"NANA OrderNA SexNA - NANA OrderNA SexNA"
"PR X3 Order1 F - NR X4 Order1 F",-1.76405829464653,1.18761307402595,19,-1.48538133608319,1,"NANA OrderNA SexNA - NANA OrderNA SexNA"
"PR X3 Order1 F - PR X4 Order1 F",-1.44120879120879,1.35645665280707,19,-1.06248053575935,1,"NANA OrderNA SexNA - NANA OrderNA SexNA"
"PR X3 Order1 F - NR X5 Order1 F",-1.53065323565324,1.2453206337706,19,-1.22912380486197,1,"NANA OrderNA SexNA - NANA OrderNA SexNA"
"PR X3 Order1 F - PR X5 Order1 F",-1.38787545785323,1.29178488051251,19,-1.07438589721115,1,"NANA OrderNA SexNA - NANA OrderNA SexNA"
"PR X3 Order1 F - NR X6 Order1 F",-2.12454212454212,1.23889662737398,19,-1.71486633961172,1,"NANA OrderNA SexNA - NANA OrderNA SexNA"
"PR X3 Order1 F - PR X6 Order1 F",-0.972875457875458,1.48520384808176,19,-0.655045069491299,1,"NANA OrderNA SexNA - NANA OrderNA SexNA"
"PR X3 Order1 F - NR X0 Order2 F",-1.94993894993895,1.38632511369153,19,-1.40655242459442,1,"NANA OrderNA SexNA - NANA OrderNA SexNA"
"PR X3 Order1 F - PR X0 Order2 F",0.292124542124542,1.60880251263214,19,0.181578869892863,1,"NANA OrderNA SexNA - NANA OrderNA SexNA"
"PR X3 Order1 F - NR X1 Order2 F",-1.44377613127613,1.34979333756231,19,-1.06962754304563,1,"NANA OrderNA SexNA - NANA OrderNA SexNA"
"PR X3 Order1 F - PR X1 Order2 F",0.208791208791209,1.66028718552026,19,0.125756080401104,1,"NANA OrderNA SexNA - NANA OrderNA SexNA"
"PR X3 Order1 F - NR X2 Order2 F",-1.18736263736264,1.31392821503405,19,-0.903673902254904,1,"NANA OrderNA SexNA - NANA OrderNA SexNA"
"PR X3 Order1 F - PR X2 Order2 F",-0.874542124542125,1.47967565265393,19,-0.591036368661982,1,"NANA OrderNA SexNA - NANA OrderNA SexNA"
"PR X3 Order1 F - NR X3 Order2 F",-1.05112942612943,1.32501642337464,19,-0.793295394371292,1,"NANA OrderNA SexNA - NANA OrderNA SexNA"
"PR X3 Order1 F - PR X3 Order2 F",-0.693986568986569,1.74791059284567,19,-0.397037795770052,1,"NANA OrderNA SexNA - NANA OrderNA SexNA"
"PR X3 Order1 F - NR X4 Order2 F",-1.51716584069525,1.32972544367151,19,-1.14096172854014,1,"NANA OrderNA SexNA - NANA OrderNA SexNA"
"PR X3 Order1 F - PR X4 Order2 F",-1.26343101343101,1.34328912563635,19,-0.940550317365588,1,"NANA OrderNA SexNA - NANA OrderNA SexNA"
"PR X3 Order1 F - NR X5 Order2 F",-1.33958698306525,1.32190266211842,19,-1.01337792974748,1,"NANA OrderNA SexNA - NANA OrderNA SexNA"
"PR X3 Order1 F - PR X5 Order2 F",-1.74954212454212,1.3209104625319,19,-1.32449713600469,1,"NANA OrderNA SexNA - NANA OrderNA SexNA"
"PR X3 Order1 F - NR X6 Order2 F",-1.40972730972731,1.31629640869755,19,-1.07098013822146,1,"NANA OrderNA SexNA - NANA OrderNA SexNA"
"PR X3 Order1 F - PR X6 Order2 F",0.138354700854701,1.43544694216865,19,0.0963844059925173,1,"NANA OrderNA SexNA - NANA OrderNA SexNA"
"PR X3 Order1 F - NR X0 Order1 M",-2.04568209568209,1.38632511369153,19,-1.47561497334115,1,"NANA OrderNA SexNA - NANA OrderNA SexNA"
"PR X3 Order1 F - PR X0 Order1 M",-1.64835164835165,1.60880251263214,19,-1.02458296491271,1,"NANA OrderNA SexNA - NANA OrderNA SexNA"
"PR X3 Order1 F - NR X1 Order1 M",-1.38842638842639,1.34979333756231,19,-1.02862145618073,1,"NANA OrderNA SexNA - NANA OrderNA SexNA"
"PR X3 Order1 F - PR X1 Order1 M",-2.4273199023199,1.66028718552026,19,-1.46198797623032,1,"NANA OrderNA SexNA - NANA OrderNA SexNA"
"PR X3 Order1 F - NR X2 Order1 M",-1.440349002849,1.31392821503405,19,-1.09621590157548,1,"NANA OrderNA SexNA - NANA OrderNA SexNA"
"PR X3 Order1 F - PR X2 Order1 M",-2.49120879120879,1.47967565265393,19,-1.68361815424927,1,"NANA OrderNA SexNA - NANA OrderNA SexNA"
"PR X3 Order1 F - NR X3 Order1 M",-1.7757326007326,1.32501642337464,19,-1.34015893645306,1,"NANA OrderNA SexNA - NANA OrderNA SexNA"
"PR X3 Order1 F - PR X3 Order1 M",-1.71614265364265,1.74791059284567,19,-0.981825192127652,1,"NANA OrderNA SexNA - NANA OrderNA SexNA"
"PR X3 Order1 F - NR X4 Order1 M",-1.16739926739927,1.32972544367151,19,-0.877925043064495,1,"NANA OrderNA SexNA - NANA OrderNA SexNA"
"PR X3 Order1 F - PR X4 Order1 M",-1.5151566026566,1.34328912563635,19,-1.1279452604359,1,"NANA OrderNA SexNA - NANA OrderNA SexNA"
"PR X3 Order1 F - NR X5 Order1 M",-2.56725496725497,1.32190266211842,19,-1.94209077629121,1,"NANA OrderNA SexNA - NANA OrderNA SexNA"
"PR X3 Order1 F - PR X5 Order1 M",-1.7008288008288,1.3209104625319,19,-1.28761853969169,1,"NANA OrderNA SexNA - NANA OrderNA SexNA"
"PR X3 Order1 F - NR X6 Order1 M",-1.73935693935694,1.31629640869755,19,-1.3214021764885,1,"NANA OrderNA SexNA - NANA OrderNA SexNA"
"PR X3 Order1 F - PR X6 Order1 M",-1.95241008991009,1.43544694216865,19,-1.36014089588043,1,"NANA OrderNA SexNA - NANA OrderNA SexNA"
"PR X3 Order1 F - NR X0 Order2 M",-2.30675554021142,1.38632511369153,19,-1.66393547763768,1,"NANA OrderNA SexNA - NANA OrderNA SexNA"
"PR X3 Order1 F - PR X0 Order2 M",-1.51343101343101,1.60880251263214,19,-0.940718951858743,1,"NANA OrderNA SexNA - NANA OrderNA SexNA"
"PR X3 Order1 F - NR X1 Order2 M",-1.96535409039256,1.34979333756231,19,-1.45604074023801,1,"NANA OrderNA SexNA - NANA OrderNA SexNA"
"PR X3 Order1 F - PR X1 Order2 M",0.931013431013431,1.66028718552026,19,0.560754452080948,1,"NANA OrderNA SexNA - NANA OrderNA SexNA"
"PR X3 Order1 F - NR X2 Order2 M",-1.63289880054586,1.31392821503405,19,-1.24276104422002,1,"NANA OrderNA SexNA - NANA OrderNA SexNA"
"PR X3 Order1 F - PR X2 Order2 M",0.292124542124541,1.47967565265393,19,0.197424713720598,1,"NANA OrderNA SexNA - NANA OrderNA SexNA"
"PR X3 Order1 F - NR X3 Order2 M",-1.6023199023199,1.32501642337464,19,-1.20928305042363,1,"NANA OrderNA SexNA - NANA OrderNA SexNA"
"PR X3 Order1 F - PR X3 Order2 M",-0.152319902319902,1.74791059284567,19,-0.0871439894828487,1,"NANA OrderNA SexNA - NANA OrderNA SexNA"
"PR X3 Order1 F - NR X4 Order2 M",-1.44601694601695,1.32972544367151,19,-1.0874552734919,1,"NANA OrderNA SexNA - NANA OrderNA SexNA"
"PR X3 Order1 F - PR X4 Order2 M",-1.50399369149369,1.34328912563635,19,-1.11963512753162,1,"NANA OrderNA SexNA - NANA OrderNA SexNA"
"PR X3 Order1 F - NR X5 Order2 M",-2.17903947903948,1.32190266211842,19,-1.64841144623119,1,"NANA OrderNA SexNA - NANA OrderNA SexNA"
"PR X3 Order1 F - PR X5 Order2 M",-1.18704212454212,1.3209104625319,19,-0.89865449492074,1,"NANA OrderNA SexNA - NANA OrderNA SexNA"
"PR X3 Order1 F - NR X6 Order2 M",-1.67398638942757,1.31629640869755,19,-1.27173969203787,1,"NANA OrderNA SexNA - NANA OrderNA SexNA"
"PR X3 Order1 F - PR X6 Order2 M",-1.38453667791903,1.43544694216865,19,-0.964533510257994,1,"NANA OrderNA SexNA - NANA OrderNA SexNA"
"NR X4 Order1 F - PR X4 Order1 F",0.322849503437744,0.549425065951593,19,0.587613349745111,1,"NANA OrderNA SexNA - NANA OrderNA SexNA"
"NR X4 Order1 F - NR X5 Order1 F",0.233405058993293,0.418264425160325,19,0.558032299552674,1,"NANA OrderNA SexNA - NANA OrderNA SexNA"
"NR X4 Order1 F - PR X5 Order1 F",0.376182836793296,0.323289438745739,19,1.16361004013235,1,"NANA OrderNA SexNA - NANA OrderNA SexNA"
"NR X4 Order1 F - NR X6 Order1 F",-0.360483829895594,0.359110062900632,19,-1.00382547618929,1,"NANA OrderNA SexNA - NANA OrderNA SexNA"
"NR X4 Order1 F - PR X6 Order1 F",0.791182836771072,0.873180035571258,19,0.906093594150328,1,"NANA OrderNA SexNA - NANA OrderNA SexNA"
"NR X4 Order1 F - NR X0 Order2 F",-0.185880655292418,0.614386929231252,19,-0.302546565443701,1,"NANA OrderNA SexNA - NANA OrderNA SexNA"
"NR X4 Order1 F - PR X0 Order2 F",2.05618283677107,1.02167485170667,19,2.01256087818574,1,"NANA OrderNA SexNA - NANA OrderNA SexNA"
"NR X4 Order1 F - NR X1 Order2 F",0.320282163370397,0.526797904405458,19,0.607979190296639,1,"NANA OrderNA SexNA - NANA OrderNA SexNA"
"NR X4 Order1 F - PR X1 Order2 F",1.97284950343774,1.10096662817779,19,1.79192488940651,1,"NANA OrderNA SexNA - NANA OrderNA SexNA"
"NR X4 Order1 F - NR X2 Order2 F",0.576695657283894,0.426592700618442,19,1.35186480323701,1,"NANA OrderNA SexNA - NANA OrderNA SexNA"
"NR X4 Order1 F - PR X2 Order2 F",0.889516170104406,0.803127645530401,19,1.10756512374437,1,"NANA OrderNA SexNA - NANA OrderNA SexNA"
"NR X4 Order1 F - NR X3 Order2 F",0.712928868517104,0.459611248960373,19,1.55115626549552,1,"NANA OrderNA SexNA - NANA OrderNA SexNA"
"NR X4 Order1 F - PR X3 Order2 F",1.07007172565996,1.22913197767386,19,0.870591397097222,1,"NANA OrderNA SexNA - NANA OrderNA SexNA"
"NR X4 Order1 F - NR X4 Order2 F",0.246892453951278,0.473015574274024,19,0.521954175251426,1,"NANA OrderNA SexNA - NANA OrderNA SexNA"
"NR X4 Order1 F - PR X4 Order2 F",0.500627281215521,0.509901611108694,19,0.981811530516628,1,"NANA OrderNA SexNA - NANA OrderNA SexNA"
"NR X4 Order1 F - NR X5 Order2 F",0.424471311581285,0.45055590782292,19,0.942105750277083,1,"NANA OrderNA SexNA - NANA OrderNA SexNA"
"NR X4 Order1 F - PR X5 Order2 F",0.0145161701044066,0.447636490899272,19,0.0324284780162684,1,"NANA OrderNA SexNA - NANA OrderNA SexNA"
"NR X4 Order1 F - NR X6 Order2 F",0.354330984919222,0.433832010700502,19,0.816746980811971,1,"NANA OrderNA SexNA - NANA OrderNA SexNA"
"NR X4 Order1 F - PR X6 Order2 F",1.90241299550123,0.718388405905684,19,2.64816773191492,1,"NANA OrderNA SexNA - NANA OrderNA SexNA"
"NR X4 Order1 F - NR X0 Order1 M",-0.281623801035564,0.614386929231252,19,-0.458381823630174,1,"NANA OrderNA SexNA - NANA OrderNA SexNA"
"NR X4 Order1 F - PR X0 Order1 M",0.115706646294881,1.02167485170667,19,0.113251927559534,1,"NANA OrderNA SexNA - NANA OrderNA SexNA"
"NR X4 Order1 F - NR X1 Order1 M",0.375631906220139,0.526797904405458,19,0.71304745724848,1,"NANA OrderNA SexNA - NANA OrderNA SexNA"
"NR X4 Order1 F - PR X1 Order1 M",-0.663261607673373,1.10096662817779,19,-0.602435705768066,1,"NANA OrderNA SexNA - NANA OrderNA SexNA"
"NR X4 Order1 F - NR X2 Order1 M",0.323709291797529,0.426592700618442,19,0.758825201013142,1,"NANA OrderNA SexNA - NANA OrderNA SexNA"
"NR X4 Order1 F - PR X2 Order1 M",-0.727150496562261,0.803127645530401,19,-0.905398414074062,1,"NANA OrderNA SexNA - NANA OrderNA SexNA"
"NR X4 Order1 F - NR X3 Order1 M",-0.0116743060860706,0.459611248960373,19,-0.0254003924239833,1,"NANA OrderNA SexNA - NANA OrderNA SexNA"
"NR X4 Order1 F - PR X3 Order1 M",0.047915641003877,1.22913197767386,19,0.038983316579687,1,"NANA OrderNA SexNA - NANA OrderNA SexNA"
"NR X4 Order1 F - NR X4 Order1 M",0.596659027247263,0.473015574274024,19,1.26139404217928,1,"NANA OrderNA SexNA - NANA OrderNA SexNA"
"NR X4 Order1 F - PR X4 Order1 M",0.248901691989933,0.509901611108694,19,0.488136704351136,1,"NANA OrderNA SexNA - NANA OrderNA SexNA"
"NR X4 Order1 F - NR X5 Order1 M",-0.803196672608439,0.45055590782292,19,-1.78267926058161,1,"NANA OrderNA SexNA - NANA OrderNA SexNA"
"NR X4 Order1 F - PR X5 Order1 M",0.06322949381773,0.447636490899272,19,0.141251875356958,1,"NANA OrderNA SexNA - NANA OrderNA SexNA"
"NR X4 Order1 F - NR X6 Order1 M",0.0247013552895919,0.433832010700502,19,0.0569376041424584,1,"NANA OrderNA SexNA - NANA OrderNA SexNA"
"NR X4 Order1 F - PR X6 Order1 M",-0.18835179526356,0.718388405905684,19,-0.262186574442417,1,"NANA OrderNA SexNA - NANA OrderNA SexNA"
"NR X4 Order1 F - NR X0 Order2 M",-0.54269724556489,0.614386929231252,19,-0.883315089798438,1,"NANA OrderNA SexNA - NANA OrderNA SexNA"
"NR X4 Order1 F - PR X0 Order2 M",0.250627281215516,1.02167485170667,19,0.245310218605118,1,"NANA OrderNA SexNA - NANA OrderNA SexNA"
"NR X4 Order1 F - NR X1 Order2 M",-0.201295795746025,0.526797904405458,19,-0.382111990314781,1,"NANA OrderNA SexNA - NANA OrderNA SexNA"
"NR X4 Order1 F - PR X1 Order2 M",2.69507172565996,1.10096662817779,19,2.44791409356393,1,"NANA OrderNA SexNA - NANA OrderNA SexNA"
"NR X4 Order1 F - NR X2 Order2 M",0.131159494100672,0.426592700618442,19,0.30745836464273,1,"NANA OrderNA SexNA - NANA OrderNA SexNA"
"NR X4 Order1 F - PR X2 Order2 M",2.05618283677107,0.803127645530401,19,2.56021922320097,1,"NANA OrderNA SexNA - NANA OrderNA SexNA"
"NR X4 Order1 F - NR X3 Order2 M",0.161738392326628,0.459611248960373,19,0.351902597450509,1,"NANA OrderNA SexNA - NANA OrderNA SexNA"
"NR X4 Order1 F - PR X3 Order2 M",1.61173839232663,1.22913197767386,19,1.31128180016669,1,"NANA OrderNA SexNA - NANA OrderNA SexNA"
"NR X4 Order1 F - NR X4 Order2 M",0.318041348629583,0.473015574274024,19,0.672369718730101,1,"NANA OrderNA SexNA - NANA OrderNA SexNA"
"NR X4 Order1 F - PR X4 Order2 M",0.260064603152845,0.509901611108694,19,0.510028988901171,1,"NANA OrderNA SexNA - NANA OrderNA SexNA"
"NR X4 Order1 F - NR X5 Order2 M",-0.414981184392952,0.45055590782292,19,-0.921042599126343,1,"NANA OrderNA SexNA - NANA OrderNA SexNA"
"NR X4 Order1 F - PR X5 Order2 M",0.577016170104407,0.447636490899272,19,1.28902844570428,1,"NANA OrderNA SexNA - NANA OrderNA SexNA"
"NR X4 Order1 F - NR X6 Order2 M",0.0900719052189636,0.433832010700502,19,0.207619315765856,1,"NANA OrderNA SexNA - NANA OrderNA SexNA"
"NR X4 Order1 F - PR X6 Order2 M",0.379521616727499,0.718388405905684,19,0.528295854453595,1,"NANA OrderNA SexNA - NANA OrderNA SexNA"
"PR X4 Order1 F - NR X5 Order1 F",-0.0894444444444507,0.468507834243957,19,-0.190913444571934,1,"NANA OrderNA SexNA - NANA OrderNA SexNA"
"PR X4 Order1 F - PR X5 Order1 F",0.0533333333555515,0.55952002286029,19,0.09531979406726,1,"NANA OrderNA SexNA - NANA OrderNA SexNA"
"PR X4 Order1 F - NR X6 Order1 F",-0.683333333333338,0.4197087853958,19,-1.62811300861603,1,"NANA OrderNA SexNA - NANA OrderNA SexNA"
"PR X4 Order1 F - PR X6 Order1 F",0.468333333333328,0.692578945352302,19,0.676216533113197,1,"NANA OrderNA SexNA - NANA OrderNA SexNA"
"PR X4 Order1 F - NR X0 Order2 F",-0.508730158730162,0.648828484436955,19,-0.784074945741063,1,"NANA OrderNA SexNA - NANA OrderNA SexNA"
"PR X4 Order1 F - PR X0 Order2 F",1.73333333333333,1.04274954136475,19,1.66227196903365,1,"NANA OrderNA SexNA - NANA OrderNA SexNA"
"PR X4 Order1 F - NR X1 Order2 F",-0.00256734006734742,0.566589035803315,19,-0.00453122087635781,1,"NANA OrderNA SexNA - NANA OrderNA SexNA"
"PR X4 Order1 F - PR X1 Order2 F",1.65,1.12055103398628,19,1.47248982862498,1,"NANA OrderNA SexNA - NANA OrderNA SexNA"
"PR X4 Order1 F - NR X2 Order2 F",0.25384615384615,0.474856226270104,19,0.534574761375792,1,"NANA OrderNA SexNA - NANA OrderNA SexNA"
"PR X4 Order1 F - PR X2 Order2 F",0.566666666666662,0.82977172669461,19,0.68291874552532,1,"NANA OrderNA SexNA - NANA OrderNA SexNA"
"PR X4 Order1 F - NR X3 Order2 F",0.39007936507936,0.50472725662229,19,0.772851792649022,1,"NANA OrderNA SexNA - NANA OrderNA SexNA"
"PR X4 Order1 F - PR X3 Order2 F",0.747222222222218,1.24670466508593,19,0.599357845645597,1,"NANA OrderNA SexNA - NANA OrderNA SexNA"
"PR X4 Order1 F - NR X4 Order2 F",-0.0759570494864662,0.516963090473908,19,-0.146929347348251,1,"NANA OrderNA SexNA - NANA OrderNA SexNA"
"PR X4 Order1 F - PR X4 Order2 F",0.177777777777777,0.550914472870146,19,0.322695784068974,1,"NANA OrderNA SexNA - NANA OrderNA SexNA"
"PR X4 Order1 F - NR X5 Order2 F",0.101621808143541,0.496495447593112,19,0.20467822743628,1,"NANA OrderNA SexNA - NANA OrderNA SexNA"
"PR X4 Order1 F - PR X5 Order2 F",-0.308333333333338,0.493847680354138,19,-0.62434905660027,1,"NANA OrderNA SexNA - NANA OrderNA SexNA"
"PR X4 Order1 F - NR X6 Order2 F",0.0314814814814775,0.481370249303994,19,0.0653997240730937,1,"NANA OrderNA SexNA - NANA OrderNA SexNA"
"PR X4 Order1 F - PR X6 Order2 F",1.57956349206349,0.748056819463774,19,2.11155550081845,1,"NANA OrderNA SexNA - NANA OrderNA SexNA"
"PR X4 Order1 F - NR X0 Order1 M",-0.604473304473308,0.648828484436955,19,-0.931638050690487,1,"NANA OrderNA SexNA - NANA OrderNA SexNA"
"PR X4 Order1 F - PR X0 Order1 M",-0.207142857142863,1.04274954136475,19,-0.198650633661995,1,"NANA OrderNA SexNA - NANA OrderNA SexNA"
"PR X4 Order1 F - NR X1 Order1 M",0.0527824027823952,0.566589035803315,19,0.0931581789392727,1,"NANA OrderNA SexNA - NANA OrderNA SexNA"
"PR X4 Order1 F - PR X1 Order1 M",-0.986111111111117,1.12055103398628,19,-0.880023382427394,1,"NANA OrderNA SexNA - NANA OrderNA SexNA"
"PR X4 Order1 F - NR X2 Order1 M",0.000859788359784581,0.474856226270105,19,0.00181062880134907,1,"NANA OrderNA SexNA - NANA OrderNA SexNA"
"PR X4 Order1 F - PR X2 Order1 M",-1.05000000000001,0.82977172669461,19,-1.26540826376752,1,"NANA OrderNA SexNA - NANA OrderNA SexNA"
"PR X4 Order1 F - NR X3 Order1 M",-0.334523809523815,0.50472725662229,19,-0.662781344052029,1,"NANA OrderNA SexNA - NANA OrderNA SexNA"
"PR X4 Order1 F - PR X3 Order1 M",-0.274933862433867,1.24670466508593,19,-0.220528462059551,1,"NANA OrderNA SexNA - NANA OrderNA SexNA"
"PR X4 Order1 F - NR X4 Order1 M",0.273809523809519,0.516963090473908,19,0.529650044374568,1,"NANA OrderNA SexNA - NANA OrderNA SexNA"
"PR X4 Order1 F - PR X4 Order1 M",-0.0739478114478113,0.550914472870146,19,-0.134227389348766,1,"NANA OrderNA SexNA - NANA OrderNA SexNA"
"PR X4 Order1 F - NR X5 Order1 M",-1.12604617604618,0.496495447593112,19,-2.26798892417842,1,"NANA OrderNA SexNA - NANA OrderNA SexNA"
"PR X4 Order1 F - PR X5 Order1 M",-0.259620009620014,0.493847680354138,19,-0.52570867485667,1,"NANA OrderNA SexNA - NANA OrderNA SexNA"
"PR X4 Order1 F - NR X6 Order1 M",-0.298148148148152,0.481370249303994,19,-0.619373857398209,1,"NANA OrderNA SexNA - NANA OrderNA SexNA"
"PR X4 Order1 F - PR X6 Order1 M",-0.511201298701304,0.748056819463774,19,-0.683372285901685,1,"NANA OrderNA SexNA - NANA OrderNA SexNA"
"PR X4 Order1 F - NR X0 Order2 M",-0.865546749002634,0.648828484436955,19,-1.33401472001302,1,"NANA OrderNA SexNA - NANA OrderNA SexNA"
"PR X4 Order1 F - PR X0 Order2 M",-0.0722222222222282,1.04274954136475,19,-0.0692613320430748,1,"NANA OrderNA SexNA - NANA OrderNA SexNA"
"PR X4 Order1 F - NR X1 Order2 M",-0.524145299183769,0.566589035803315,19,-0.92508902584151,1,"NANA OrderNA SexNA - NANA OrderNA SexNA"
"PR X4 Order1 F - PR X1 Order2 M",2.37222222222222,1.12055103398628,19,2.11701399603659,1,"NANA OrderNA SexNA - NANA OrderNA SexNA"
"PR X4 Order1 F - NR X2 Order2 M",-0.191690009337072,0.474856226270104,19,-0.403680100907082,1,"NANA OrderNA SexNA - NANA OrderNA SexNA"
"PR X4 Order1 F - PR X2 Order2 M",1.73333333333333,0.82977172669461,19,2.08892792748922,1,"NANA OrderNA SexNA - NANA OrderNA SexNA"
"PR X4 Order1 F - NR X3 Order2 M",-0.161111111111116,0.50472725662229,19,-0.31920430093135,1,"NANA OrderNA SexNA - NANA OrderNA SexNA"
"PR X4 Order1 F - PR X3 Order2 M",1.28888888888888,1.24670466508593,19,1.03383658133665,1,"NANA OrderNA SexNA - NANA OrderNA SexNA"
"PR X4 Order1 F - NR X4 Order2 M",-0.00480815480816118,0.516963090473908,19,-0.0093007700100088,1,"NANA OrderNA SexNA - NANA OrderNA SexNA"
"PR X4 Order1 F - PR X4 Order2 M",-0.0627849002848988,0.550914472870146,19,-0.113964877266344,1,"NANA OrderNA SexNA - NANA OrderNA SexNA"
"PR X4 Order1 F - NR X5 Order2 M",-0.737830687830696,0.496495447593112,19,-1.48607744825762,1,"NANA OrderNA SexNA - NANA OrderNA SexNA"
"PR X4 Order1 F - PR X5 Order2 M",0.254166666666663,0.493847680354138,19,0.514666114224532,1,"NANA OrderNA SexNA - NANA OrderNA SexNA"
"PR X4 Order1 F - NR X6 Order2 M",-0.23277759821878,0.481370249303994,19,-0.483572880865301,1,"NANA OrderNA SexNA - NANA OrderNA SexNA"
"PR X4 Order1 F - PR X6 Order2 M",0.0566721132897548,0.748056819463774,19,0.0757591025376639,1,"NANA OrderNA SexNA - NANA OrderNA SexNA"
"NR X5 Order1 F - PR X5 Order1 F",0.142777777800002,0.496579241757548,19,0.287522646525995,1,"NANA OrderNA SexNA - NANA OrderNA SexNA"
"NR X5 Order1 F - NR X6 Order1 F",-0.593888888888887,0.286041460539368,19,-2.07623359134383,1,"NANA OrderNA SexNA - NANA OrderNA SexNA"
"NR X5 Order1 F - PR X6 Order1 F",0.557777777777779,0.647226861765822,19,0.861796397411566,1,"NANA OrderNA SexNA - NANA OrderNA SexNA"
"NR X5 Order1 F - NR X0 Order2 F",-0.419285714285711,0.593784110508381,19,-0.706124847171695,1,"NANA OrderNA SexNA - NANA OrderNA SexNA"
"NR X5 Order1 F - PR X0 Order2 F",1.82277777777778,1.00941952313787,19,1.80576830148036,1,"NANA OrderNA SexNA - NANA OrderNA SexNA"
"NR X5 Order1 F - NR X1 Order2 F",0.0868771043771033,0.502617452112442,19,0.172849358914954,1,"NANA OrderNA SexNA - NANA OrderNA SexNA"
"NR X5 Order1 F - PR X1 Order2 F",1.73944444444445,1.08960350010597,19,1.59640130035859,1,"NANA OrderNA SexNA - NANA OrderNA SexNA"
"NR X5 Order1 F - NR X2 Order2 F",0.343290598290601,0.396345308163169,19,0.866140184380015,1,"NANA OrderNA SexNA - NANA OrderNA SexNA"
"NR X5 Order1 F - PR X2 Order2 F",0.656111111111112,0.787478435322026,19,0.833179782050548,1,"NANA OrderNA SexNA - NANA OrderNA SexNA"
"NR X5 Order1 F - NR X3 Order2 F",0.479523809523811,0.43168364719194,19,1.11082227145519,1,"NANA OrderNA SexNA - NANA OrderNA SexNA"
"NR X5 Order1 F - PR X3 Order2 F",0.836666666666669,1.21896418717799,19,0.686375100652981,1,"NANA OrderNA SexNA - NANA OrderNA SexNA"
"NR X5 Order1 F - NR X4 Order2 F",0.0134873949579845,0.445928250493065,19,0.0302456615903375,1,"NANA OrderNA SexNA - NANA OrderNA SexNA"
"NR X5 Order1 F - PR X4 Order2 F",0.267222222222228,0.484879288166924,19,0.551110820246532,1,"NANA OrderNA SexNA - NANA OrderNA SexNA"
"NR X5 Order1 F - NR X5 Order2 F",0.191066252587991,0.422029497969226,19,0.452731985577756,1,"NANA OrderNA SexNA - NANA OrderNA SexNA"
"NR X5 Order1 F - PR X5 Order2 F",-0.218888888888887,0.418911326018568,19,-0.522518431213733,1,"NANA OrderNA SexNA - NANA OrderNA SexNA"
"NR X5 Order1 F - NR X6 Order2 F",0.120925925925928,0.40412681746014,19,0.299227669883243,1,"NANA OrderNA SexNA - NANA OrderNA SexNA"
"NR X5 Order1 F - PR X6 Order2 F",1.66900793650794,0.700849607848738,19,2.38140667814735,1,"NANA OrderNA SexNA - NANA OrderNA SexNA"
"NR X5 Order1 F - NR X0 Order1 M",-0.515028860028857,0.593784110508381,19,-0.867367197798379,1,"NANA OrderNA SexNA - NANA OrderNA SexNA"
"NR X5 Order1 F - PR X0 Order1 M",-0.117698412698412,1.00941952313787,19,-0.116600095401896,1,"NANA OrderNA SexNA - NANA OrderNA SexNA"
"NR X5 Order1 F - NR X1 Order1 M",0.142226847226846,0.502617452112442,19,0.282972361244289,1,"NANA OrderNA SexNA - NANA OrderNA SexNA"
"NR X5 Order1 F - PR X1 Order1 M",-0.896666666666666,1.08960350010597,19,-0.822929319316117,1,"NANA OrderNA SexNA - NANA OrderNA SexNA"
"NR X5 Order1 F - NR X2 Order1 M",0.0903042328042353,0.396345308163169,19,0.227842315638208,1,"NANA OrderNA SexNA - NANA OrderNA SexNA"
"NR X5 Order1 F - PR X2 Order1 M",-0.960555555555554,0.787478435322027,19,-1.21978648870905,1,"NANA OrderNA SexNA - NANA OrderNA SexNA"
"NR X5 Order1 F - NR X3 Order1 M",-0.245079365079364,0.43168364719194,19,-0.567729092064481,1,"NANA OrderNA SexNA - NANA OrderNA SexNA"
"NR X5 Order1 F - PR X3 Order1 M",-0.185489417989416,1.21896418717799,19,-0.152169702720177,1,"NANA OrderNA SexNA - NANA OrderNA SexNA"
"NR X5 Order1 F - NR X4 Order1 M",0.36325396825397,0.445928250493065,19,0.814601828550485,1,"NANA OrderNA SexNA - NANA OrderNA SexNA"
"NR X5 Order1 F - PR X4 Order1 M",0.0154966329966394,0.484879288166924,19,0.0319597750921144,1,"NANA OrderNA SexNA - NANA OrderNA SexNA"
"NR X5 Order1 F - NR X5 Order1 M",-1.03660173160173,0.422029497969226,19,-2.456230516089,1,"NANA OrderNA SexNA - NANA OrderNA SexNA"
"NR X5 Order1 F - PR X5 Order1 M",-0.170175565175563,0.418911326018568,19,-0.406232905643664,1,"NANA OrderNA SexNA - NANA OrderNA SexNA"
"NR X5 Order1 F - NR X6 Order1 M",-0.208703703703701,0.40412681746014,19,-0.516431215862794,1,"NANA OrderNA SexNA - NANA OrderNA SexNA"
"NR X5 Order1 F - PR X6 Order1 M",-0.421756854256853,0.700849607848738,19,-0.601779396797322,1,"NANA OrderNA SexNA - NANA OrderNA SexNA"
"NR X5 Order1 F - NR X0 Order2 M",-0.776102304558183,0.593784110508381,19,-1.30704458206823,1,"NANA OrderNA SexNA - NANA OrderNA SexNA"
"NR X5 Order1 F - PR X0 Order2 M",0.0172222222222226,1.00941952313787,19,0.0170615109252948,1,"NANA OrderNA SexNA - NANA OrderNA SexNA"
"NR X5 Order1 F - NR X1 Order2 M",-0.434700854739319,0.502617452112442,19,-0.864874176000698,1,"NANA OrderNA SexNA - NANA OrderNA SexNA"
"NR X5 Order1 F - PR X1 Order2 M",2.46166666666667,1.08960350010597,19,2.25923160711879,1,"NANA OrderNA SexNA - NANA OrderNA SexNA"
"NR X5 Order1 F - NR X2 Order2 M",-0.102245564892621,0.396345308163169,19,-0.257970922795757,1,"NANA OrderNA SexNA - NANA OrderNA SexNA"
"NR X5 Order1 F - PR X2 Order2 M",1.82277777777778,0.787478435322026,19,2.31470183311418,1,"NANA OrderNA SexNA - NANA OrderNA SexNA"
"NR X5 Order1 F - NR X3 Order2 M",-0.0716666666666653,0.43168364719194,19,-0.166016635406159,1,"NANA OrderNA SexNA - NANA OrderNA SexNA"
"NR X5 Order1 F - PR X3 Order2 M",1.37833333333333,1.21896418717799,19,1.13074145067732,1,"NANA OrderNA SexNA - NANA OrderNA SexNA"
"NR X5 Order1 F - NR X4 Order2 M",0.0846362896362896,0.445928250493065,19,0.18979799898909,1,"NANA OrderNA SexNA - NANA OrderNA SexNA"
"NR X5 Order1 F - PR X4 Order2 M",0.026659544159552,0.484879288166924,19,0.0549818167328569,1,"NANA OrderNA SexNA - NANA OrderNA SexNA"
"NR X5 Order1 F - NR X5 Order2 M",-0.648386243386245,0.422029497969226,19,-1.53635290070062,1,"NANA OrderNA SexNA - NANA OrderNA SexNA"
"NR X5 Order1 F - PR X5 Order2 M",0.343611111111114,0.418911326018568,19,0.820247841892637,1,"NANA OrderNA SexNA - NANA OrderNA SexNA"
"NR X5 Order1 F - NR X6 Order2 M",-0.14333315377433,0.40412681746014,19,-0.354673700387297,1,"NANA OrderNA SexNA - NANA OrderNA SexNA"
"NR X5 Order1 F - PR X6 Order2 M",0.146116557734206,0.700849607848738,19,0.208484896185804,1,"NANA OrderNA SexNA - NANA OrderNA SexNA"
"PR X5 Order1 F - NR X6 Order1 F",-0.736666666688889,0.42225564619256,19,-1.74459873617167,1,"NANA OrderNA SexNA - NANA OrderNA SexNA"
"PR X5 Order1 F - PR X6 Order1 F",0.414999999977777,0.878167379529404,19,0.472575057616201,1,"NANA OrderNA SexNA - NANA OrderNA SexNA"
"PR X5 Order1 F - NR X0 Order2 F",-0.562063492085713,0.591128524252385,19,-0.950831281228679,1,"NANA OrderNA SexNA - NANA OrderNA SexNA"
"PR X5 Order1 F - PR X0 Order2 F",1.67999999997778,1.00785968070186,19,1.66689870836767,1,"NANA OrderNA SexNA - NANA OrderNA SexNA"
"PR X5 Order1 F - NR X1 Order2 F",-0.0559006734228989,0.499477392341812,19,-0.111918325593892,1,"NANA OrderNA SexNA - NANA OrderNA SexNA"
"PR X5 Order1 F - PR X1 Order2 F",1.59666666664444,1.08815860504605,19,1.46731061008967,1,"NANA OrderNA SexNA - NANA OrderNA SexNA"
"PR X5 Order1 F - NR X2 Order2 F",0.200512820490599,0.392355662117333,19,0.511048622080636,1,"NANA OrderNA SexNA - NANA OrderNA SexNA"
"PR X5 Order1 F - PR X2 Order2 F",0.51333333331111,0.785477974477834,19,0.653529888794605,1,"NANA OrderNA SexNA - NANA OrderNA SexNA"
"PR X5 Order1 F - NR X3 Order2 F",0.336746031723809,0.428023519850848,19,0.78674655972446,1,"NANA OrderNA SexNA - NANA OrderNA SexNA"
"PR X5 Order1 F - PR X3 Order2 F",0.693888888866666,1.21767280166515,19,0.569848392702688,1,"NANA OrderNA SexNA - NANA OrderNA SexNA"
"PR X5 Order1 F - NR X4 Order2 F",-0.129290382842018,0.442385993087914,19,-0.292256954022331,1,"NANA OrderNA SexNA - NANA OrderNA SexNA"
"PR X5 Order1 F - PR X4 Order2 F",0.124444444422226,0.481623594091732,19,0.258385274203414,1,"NANA OrderNA SexNA - NANA OrderNA SexNA"
"PR X5 Order1 F - NR X5 Order2 F",0.0482884747879893,0.418284902248134,19,0.115443982148186,1,"NANA OrderNA SexNA - NANA OrderNA SexNA"
"PR X5 Order1 F - PR X5 Order2 F",-0.361666666688889,0.415138604997426,19,-0.871194975208657,1,"NANA OrderNA SexNA - NANA OrderNA SexNA"
"PR X5 Order1 F - NR X6 Order2 F",-0.021851851874074,0.400214750956327,19,-0.0546003160099876,1,"NANA OrderNA SexNA - NANA OrderNA SexNA"
"PR X5 Order1 F - PR X6 Order2 F",1.52623015870794,0.698601127335409,19,2.18469466908714,1,"NANA OrderNA SexNA - NANA OrderNA SexNA"
"PR X5 Order1 F - NR X0 Order1 M",-0.65780663782886,0.591128524252385,19,-1.11279799712051,1,"NANA OrderNA SexNA - NANA OrderNA SexNA"
"PR X5 Order1 F - PR X0 Order1 M",-0.260476190498414,1.00785968070186,19,-0.258444896135762,1,"NANA OrderNA SexNA - NANA OrderNA SexNA"
"PR X5 Order1 F - NR X1 Order1 M",-0.000550930573156241,0.499477392341812,19,-0.00110301403347445,1,"NANA OrderNA SexNA - NANA OrderNA SexNA"
"PR X5 Order1 F - PR X1 Order1 M",-1.03944444446667,1.08815860504605,19,-0.955232481410817,1,"NANA OrderNA SexNA - NANA OrderNA SexNA"
"PR X5 Order1 F - NR X2 Order1 M",-0.0524735449957669,0.392355662117333,19,-0.133739741928523,1,"NANA OrderNA SexNA - NANA OrderNA SexNA"
"PR X5 Order1 F - PR X2 Order1 M",-1.10333333335556,0.785477974477834,19,-1.40466489093984,1,"NANA OrderNA SexNA - NANA OrderNA SexNA"
"PR X5 Order1 F - NR X3 Order1 M",-0.387857142879366,0.428023519850848,19,-0.906158481698673,1,"NANA OrderNA SexNA - NANA OrderNA SexNA"
"PR X5 Order1 F - PR X3 Order1 M",-0.328267195789418,1.21767280166515,19,-0.269585717395114,1,"NANA OrderNA SexNA - NANA OrderNA SexNA"
"PR X5 Order1 F - NR X4 Order1 M",0.220476190453967,0.442385993087914,19,0.498379681768435,1,"NANA OrderNA SexNA - NANA OrderNA SexNA"
"PR X5 Order1 F - PR X4 Order1 M",-0.127281144803363,0.481623594091732,19,-0.264275144251177,1,"NANA OrderNA SexNA - NANA OrderNA SexNA"
"PR X5 Order1 F - NR X5 Order1 M",-1.17937950940173,0.418284902248134,19,-2.81956031179463,1,"NANA OrderNA SexNA - NANA OrderNA SexNA"
"PR X5 Order1 F - PR X5 Order1 M",-0.312953342975565,0.415138604997426,19,-0.753852663202705,1,"NANA OrderNA SexNA - NANA OrderNA SexNA"
"PR X5 Order1 F - NR X6 Order1 M",-0.351481481503704,0.400214750956327,19,-0.878232200746789,1,"NANA OrderNA SexNA - NANA OrderNA SexNA"
"PR X5 Order1 F - PR X6 Order1 M",-0.564534632056855,0.698601127335409,19,-0.808092930239166,1,"NANA OrderNA SexNA - NANA OrderNA SexNA"
"PR X5 Order1 F - NR X0 Order2 M",-0.918880082358185,0.591128524252385,19,-1.55445058842375,1,"NANA OrderNA SexNA - NANA OrderNA SexNA"
"PR X5 Order1 F - PR X0 Order2 M",-0.12555555557778,1.00785968070186,19,-0.124576424656997,1,"NANA OrderNA SexNA - NANA OrderNA SexNA"
"PR X5 Order1 F - NR X1 Order2 M",-0.577478632539321,0.499477392341812,19,-1.15616570718406,1,"NANA OrderNA SexNA - NANA OrderNA SexNA"
"PR X5 Order1 F - PR X1 Order2 M",2.31888888886667,1.08815860504605,19,2.13102104611721,1,"NANA OrderNA SexNA - NANA OrderNA SexNA"
"PR X5 Order1 F - NR X2 Order2 M",-0.245023342692623,0.392355662117333,19,-0.624492944412638,1,"NANA OrderNA SexNA - NANA OrderNA SexNA"
"PR X5 Order1 F - PR X2 Order2 M",1.67999999997778,0.785477974477834,19,2.13882509066482,1,"NANA OrderNA SexNA - NANA OrderNA SexNA"
"PR X5 Order1 F - NR X3 Order2 M",-0.214444444466668,0.428023519850848,19,-0.501010889638482,1,"NANA OrderNA SexNA - NANA OrderNA SexNA"
"PR X5 Order1 F - PR X3 Order2 M",1.23555555553333,1.21767280166515,19,1.01468600911815,1,"NANA OrderNA SexNA - NANA OrderNA SexNA"
"PR X5 Order1 F - NR X4 Order2 M",-0.0581414881637126,0.442385993087914,19,-0.131427054816716,1,"NANA OrderNA SexNA - NANA OrderNA SexNA"
"PR X5 Order1 F - PR X4 Order2 M",-0.11611823364045,0.481623594091732,19,-0.241097477500934,1,"NANA OrderNA SexNA - NANA OrderNA SexNA"
"PR X5 Order1 F - NR X5 Order2 M",-0.791164021186247,0.418284902248134,19,-1.89144771167695,1,"NANA OrderNA SexNA - NANA OrderNA SexNA"
"PR X5 Order1 F - PR X5 Order2 M",0.200833333311111,0.415138604997426,19,0.483774168177774,1,"NANA OrderNA SexNA - NANA OrderNA SexNA"
"PR X5 Order1 F - NR X6 Order2 M",-0.286110931574332,0.400214750956327,19,-0.71489351876876,1,"NANA OrderNA SexNA - NANA OrderNA SexNA"
"PR X5 Order1 F - PR X6 Order2 M",0.00333877993420335,0.698601127335409,19,0.00477923639622235,1,"NANA OrderNA SexNA - NANA OrderNA SexNA"
"NR X6 Order1 F - PR X6 Order1 F",1.15166666666667,0.686153291343531,19,1.67843932426766,1,"NANA OrderNA SexNA - NANA OrderNA SexNA"
"NR X6 Order1 F - NR X0 Order2 F",0.174603174603176,0.578645897603529,19,0.301744426645549,1,"NANA OrderNA SexNA - NANA OrderNA SexNA"
"NR X6 Order1 F - PR X0 Order2 F",2.41666666666667,1.00058946557169,19,2.41524296409207,1,"NANA OrderNA SexNA - NANA OrderNA SexNA"
"NR X6 Order1 F - NR X1 Order2 F",0.68076599326599,0.484639874638033,19,1.4046842385275,1,"NANA OrderNA SexNA - NANA OrderNA SexNA"
"NR X6 Order1 F - PR X1 Order2 F",2.33333333333333,1.08142835748114,19,2.15764023311552,1,"NANA OrderNA SexNA - NANA OrderNA SexNA"
"NR X6 Order1 F - NR X2 Order2 F",0.937179487179488,0.373284219093337,19,2.51063248656958,1,"NANA OrderNA SexNA - NANA OrderNA SexNA"
"NR X6 Order1 F - PR X2 Order2 F",1.25,0.776127432203238,19,1.61056026128538,1,"NANA OrderNA SexNA - NANA OrderNA SexNA"
"NR X6 Order1 F - NR X3 Order2 F",1.0734126984127,0.410612075046631,19,2.6141771361468,1,"NANA OrderNA SexNA - NANA OrderNA SexNA"
"NR X6 Order1 F - PR X3 Order2 F",1.43055555555556,1.21166216188493,19,1.18065546697448,1,"NANA OrderNA SexNA - NANA OrderNA SexNA"
"NR X6 Order1 F - NR X4 Order2 F",0.607376283846871,0.425562580014939,19,1.42723141641248,1,"NANA OrderNA SexNA - NANA OrderNA SexNA"
"NR X6 Order1 F - PR X4 Order2 F",0.861111111111115,0.466218220380144,19,1.84701299406313,1,"NANA OrderNA SexNA - NANA OrderNA SexNA"
"NR X6 Order1 F - NR X5 Order2 F",0.784955141476879,0.400450249191235,19,1.96018142843513,1,"NANA OrderNA SexNA - NANA OrderNA SexNA"
"NR X6 Order1 F - PR X5 Order2 F",0.375,0.397162692089527,19,0.94419744721508,1,"NANA OrderNA SexNA - NANA OrderNA SexNA"
"NR X6 Order1 F - NR X6 Order2 F",0.714814814814815,0.38153635411534,19,1.87351691943548,1,"NANA OrderNA SexNA - NANA OrderNA SexNA"
"NR X6 Order1 F - PR X6 Order2 F",2.26289682539682,0.688070983069985,19,3.28875491203015,1,"NANA OrderNA SexNA - NANA OrderNA SexNA"
"NR X6 Order1 F - NR X0 Order1 M",0.0788600288600296,0.578645897603529,19,0.13628374310892,1,"NANA OrderNA SexNA - NANA OrderNA SexNA"
"NR X6 Order1 F - PR X0 Order1 M",0.476190476190475,1.00058946557169,19,0.475909943663461,1,"NANA OrderNA SexNA - NANA OrderNA SexNA"
"NR X6 Order1 F - NR X1 Order1 M",0.736115736115733,0.484639874638033,19,1.51889222211755,1,"NANA OrderNA SexNA - NANA OrderNA SexNA"
"NR X6 Order1 F - PR X1 Order1 M",-0.302777777777779,1.08142835748114,19,-0.279979506439991,1,"NANA OrderNA SexNA - NANA OrderNA SexNA"
"NR X6 Order1 F - NR X2 Order1 M",0.684193121693122,0.373284219093337,19,1.83290127655261,1,"NANA OrderNA SexNA - NANA OrderNA SexNA"
"NR X6 Order1 F - PR X2 Order1 M",-0.366666666666667,0.776127432203238,19,-0.472431009977046,1,"NANA OrderNA SexNA - NANA OrderNA SexNA"
"NR X6 Order1 F - NR X3 Order1 M",0.348809523809523,0.410612075046632,19,0.84948676623772,1,"NANA OrderNA SexNA - NANA OrderNA SexNA"
"NR X6 Order1 F - PR X3 Order1 M",0.408399470899471,1.21166216188493,19,0.33705721260136,1,"NANA OrderNA SexNA - NANA OrderNA SexNA"
"NR X6 Order1 F - NR X4 Order1 M",0.957142857142857,0.425562580014939,19,2.2491236356102,1,"NANA OrderNA SexNA - NANA OrderNA SexNA"
"NR X6 Order1 F - PR X4 Order1 M",0.609385521885526,0.466218220380144,19,1.30708216720626,1,"NANA OrderNA SexNA - NANA OrderNA SexNA"
"NR X6 Order1 F - NR X5 Order1 M",-0.442712842712845,0.400450249191235,19,-1.10553768815718,1,"NANA OrderNA SexNA - NANA OrderNA SexNA"
"NR X6 Order1 F - PR X5 Order1 M",0.423713323713324,0.397162692089527,19,1.06685076960303,1,"NANA OrderNA SexNA - NANA OrderNA SexNA"
"NR X6 Order1 F - NR X6 Order1 M",0.385185185185186,0.38153635411534,19,1.00956352135383,1,"NANA OrderNA SexNA - NANA OrderNA SexNA"
"NR X6 Order1 F - PR X6 Order1 M",0.172132034632034,0.688070983069985,19,0.250166100398578,1,"NANA OrderNA SexNA - NANA OrderNA SexNA"
"NR X6 Order1 F - NR X0 Order2 M",-0.182213415669296,0.578645897603529,19,-0.314896236928208,1,"NANA OrderNA SexNA - NANA OrderNA SexNA"
"NR X6 Order1 F - PR X0 Order2 M",0.61111111111111,1.00058946557169,19,0.610751094368108,1,"NANA OrderNA SexNA - NANA OrderNA SexNA"
"NR X6 Order1 F - NR X1 Order2 M",0.159188034149568,0.484639874638033,19,0.3284666460193,1,"NANA OrderNA SexNA - NANA OrderNA SexNA"
"NR X6 Order1 F - PR X1 Order2 M",3.05555555555556,1.08142835748114,19,2.82548125765127,1,"NANA OrderNA SexNA - NANA OrderNA SexNA"
"NR X6 Order1 F - NR X2 Order2 M",0.491643323996266,0.373284219093337,19,1.31707502982689,1,"NANA OrderNA SexNA - NANA OrderNA SexNA"
"NR X6 Order1 F - PR X2 Order2 M",2.41666666666666,0.776127432203238,19,3.11374983848507,1,"NANA OrderNA SexNA - NANA OrderNA SexNA"
"NR X6 Order1 F - NR X3 Order2 M",0.522222222222222,0.410612075046631,19,1.27181408915682,1,"NANA OrderNA SexNA - NANA OrderNA SexNA"
"NR X6 Order1 F - PR X3 Order2 M",1.97222222222222,1.21166216188493,19,1.62769977000365,1,"NANA OrderNA SexNA - NANA OrderNA SexNA"
"NR X6 Order1 F - NR X4 Order2 M",0.678525178525176,0.425562580014939,19,1.59441927084228,1,"NANA OrderNA SexNA - NANA OrderNA SexNA"
"NR X6 Order1 F - PR X4 Order2 M",0.620548433048439,0.466218220380144,19,1.33102569981597,1,"NANA OrderNA SexNA - NANA OrderNA SexNA"
"NR X6 Order1 F - NR X5 Order2 M",-0.054497354497358,0.400450249191235,19,-0.136090199987197,1,"NANA OrderNA SexNA - NANA OrderNA SexNA"
"NR X6 Order1 F - PR X5 Order2 M",0.937500000000001,0.397162692089527,19,2.3604936180377,1,"NANA OrderNA SexNA - NANA OrderNA SexNA"
"NR X6 Order1 F - NR X6 Order2 M",0.450555735114557,0.38153635411534,19,1.18089857035839,1,"NANA OrderNA SexNA - NANA OrderNA SexNA"
"NR X6 Order1 F - PR X6 Order2 M",0.740005446623093,0.688070983069985,19,1.07547835155232,1,"NANA OrderNA SexNA - NANA OrderNA SexNA"
"PR X6 Order1 F - NR X0 Order2 F",-0.97706349206349,0.853391528368379,19,-1.14491819942432,1,"NANA OrderNA SexNA - NANA OrderNA SexNA"
"PR X6 Order1 F - PR X0 Order2 F",1.265,1.18094254919135,19,1.07117827269939,1,"NANA OrderNA SexNA - NANA OrderNA SexNA"
"PR X6 Order1 F - NR X1 Order2 F",-0.470900673400676,0.79266754315204,19,-0.594070840251817,1,"NANA OrderNA SexNA - NANA OrderNA SexNA"
"PR X6 Order1 F - PR X1 Order2 F",1.18166666666667,1.25017331528147,19,0.945202278934114,1,"NANA OrderNA SexNA - NANA OrderNA SexNA"
"PR X6 Order1 F - NR X2 Order2 F",-0.214487179487178,0.729922690496497,19,-0.293849173727265,1,"NANA OrderNA SexNA - NANA OrderNA SexNA"
"PR X6 Order1 F - PR X2 Order2 F",0.0983333333333334,0.997907719629383,19,0.0985395056066445,1,"NANA OrderNA SexNA - NANA OrderNA SexNA"
"PR X6 Order1 F - NR X3 Order2 F",-0.0782539682539681,0.74969880755649,19,-0.10438054251283,1,"NANA OrderNA SexNA - NANA OrderNA SexNA"
"PR X6 Order1 F - PR X3 Order2 F",0.27888888888889,1.36439408545375,19,0.204404938325529,1,"NANA OrderNA SexNA - NANA OrderNA SexNA"
"PR X6 Order1 F - NR X4 Order2 F",-0.544290382819794,0.757990458638164,19,-0.718070229799051,1,"NANA OrderNA SexNA - NANA OrderNA SexNA"
"PR X6 Order1 F - PR X4 Order2 F",-0.290555555555551,0.781540437144459,19,-0.371772900986625,1,"NANA OrderNA SexNA - NANA OrderNA SexNA"
"PR X6 Order1 F - NR X5 Order2 F",-0.366711525189787,0.744181717025381,19,-0.49277147879364,1,"NANA OrderNA SexNA - NANA OrderNA SexNA"
"PR X6 Order1 F - PR X5 Order2 F",-0.776666666666666,0.742417827012069,19,-1.04613148877692,1,"NANA OrderNA SexNA - NANA OrderNA SexNA"
"PR X6 Order1 F - NR X6 Order2 F",-0.436851851851851,0.73417710083409,19,-0.595022442617113,1,"NANA OrderNA SexNA - NANA OrderNA SexNA"
"PR X6 Order1 F - PR X6 Order2 F",1.11123015873016,0.931068044570545,19,1.19350048066864,1,"NANA OrderNA SexNA - NANA OrderNA SexNA"
"PR X6 Order1 F - NR X0 Order1 M",-1.07280663780664,0.853391528368379,19,-1.25710954719431,1,"NANA OrderNA SexNA - NANA OrderNA SexNA"
"PR X6 Order1 F - PR X0 Order1 M",-0.675476190476191,1.18094254919135,19,-0.571980568350868,1,"NANA OrderNA SexNA - NANA OrderNA SexNA"
"PR X6 Order1 F - NR X1 Order1 M",-0.415550930550933,0.79266754315204,19,-0.524243655667414,1,"NANA OrderNA SexNA - NANA OrderNA SexNA"
"PR X6 Order1 F - PR X1 Order1 M",-1.45444444444444,1.25017331528147,19,-1.16339424835426,1,"NANA OrderNA SexNA - NANA OrderNA SexNA"
"PR X6 Order1 F - NR X2 Order1 M",-0.467473544973544,0.729922690496497,19,-0.640442544203641,1,"NANA OrderNA SexNA - NANA OrderNA SexNA"
"PR X6 Order1 F - PR X2 Order1 M",-1.51833333333333,0.997907719629383,19,-1.52151677301107,1,"NANA OrderNA SexNA - NANA OrderNA SexNA"
"PR X6 Order1 F - NR X3 Order1 M",-0.802857142857143,0.74969880755649,19,-1.07090625563873,1,"NANA OrderNA SexNA - NANA OrderNA SexNA"
"PR X6 Order1 F - PR X3 Order1 M",-0.743267195767195,1.36439408545375,19,-0.544759907486707,1,"NANA OrderNA SexNA - NANA OrderNA SexNA"
"PR X6 Order1 F - NR X4 Order1 M",-0.194523809523809,0.757990458638164,19,-0.256630947404402,1,"NANA OrderNA SexNA - NANA OrderNA SexNA"
"PR X6 Order1 F - PR X4 Order1 M",-0.542281144781139,0.781540437144459,19,-0.693861915529913,1,"NANA OrderNA SexNA - NANA OrderNA SexNA"
"PR X6 Order1 F - NR X5 Order1 M",-1.59437950937951,0.744181717025381,19,-2.14245993001886,1,"NANA OrderNA SexNA - NANA OrderNA SexNA"
"PR X6 Order1 F - PR X5 Order1 M",-0.727953342953342,0.742417827012069,19,-0.98051705719818,1,"NANA OrderNA SexNA - NANA OrderNA SexNA"
"PR X6 Order1 F - NR X6 Order1 M",-0.76648148148148,0.73417710083409,19,-1.04400080118365,1,"NANA OrderNA SexNA - NANA OrderNA SexNA"
"PR X6 Order1 F - PR X6 Order1 M",-0.979534632034632,0.931068044570545,19,-1.05205482858822,1,"NANA OrderNA SexNA - NANA OrderNA SexNA"
"PR X6 Order1 F - NR X0 Order2 M",-1.33388008233596,0.853391528368379,19,-1.56303412676974,1,"NANA OrderNA SexNA - NANA OrderNA SexNA"
"PR X6 Order1 F - PR X0 Order2 M",-0.540555555555556,1.18094254919135,19,-0.457732305373959,1,"NANA OrderNA SexNA - NANA OrderNA SexNA"
"PR X6 Order1 F - NR X1 Order2 M",-0.992478632517097,0.79266754315204,19,-1.25207426630654,1,"NANA OrderNA SexNA - NANA OrderNA SexNA"
"PR X6 Order1 F - PR X1 Order2 M",1.90388888888889,1.25017331528147,19,1.52289995764326,1,"NANA OrderNA SexNA - NANA OrderNA SexNA"
"PR X6 Order1 F - NR X2 Order2 M",-0.6600233426704,0.729922690496497,19,-0.904237327135904,1,"NANA OrderNA SexNA - NANA OrderNA SexNA"
"PR X6 Order1 F - PR X2 Order2 M",1.265,0.997907719629383,19,1.26765228399056,1,"NANA OrderNA SexNA - NANA OrderNA SexNA"
"PR X6 Order1 F - NR X3 Order2 M",-0.629444444444444,0.74969880755649,19,-0.839596432727439,1,"NANA OrderNA SexNA - NANA OrderNA SexNA"
"PR X6 Order1 F - PR X3 Order2 M",0.820555555555556,1.36439408545375,19,0.60140656156734,1,"NANA OrderNA SexNA - NANA OrderNA SexNA"
"PR X6 Order1 F - NR X4 Order2 M",-0.473141488141489,0.757990458638164,19,-0.624205071118645,1,"NANA OrderNA SexNA - NANA OrderNA SexNA"
"PR X6 Order1 F - PR X4 Order2 M",-0.531118233618227,0.781540437144459,19,-0.679578699163401,1,"NANA OrderNA SexNA - NANA OrderNA SexNA"
"PR X6 Order1 F - NR X5 Order2 M",-1.20616402116402,0.744181717025381,19,-1.62079233279912,1,"NANA OrderNA SexNA - NANA OrderNA SexNA"
"PR X6 Order1 F - PR X5 Order2 M",-0.214166666666665,0.742417827012069,19,-0.288471880488914,1,"NANA OrderNA SexNA - NANA OrderNA SexNA"
"PR X6 Order1 F - NR X6 Order2 M",-0.701110931552109,0.73417710083409,19,-0.95496158999727,1,"NANA OrderNA SexNA - NANA OrderNA SexNA"
"PR X6 Order1 F - PR X6 Order2 M",-0.411661220043573,0.931068044570545,19,-0.44213870559101,1,"NANA OrderNA SexNA - NANA OrderNA SexNA"
"NR X0 Order2 F - PR X0 Order2 F",2.24206349206349,1.32591573728984,19,1.69095473340278,1,"NANA OrderNA SexNA - NANA OrderNA SexNA"
"NR X0 Order2 F - NR X1 Order2 F",0.506162818662814,0.594315053345732,19,0.851674235430082,1,"NANA OrderNA SexNA - NANA OrderNA SexNA"
"NR X0 Order2 F - PR X1 Order2 F",2.15873015873016,1.14433176242365,19,1.88645481111007,1,"NANA OrderNA SexNA - NANA OrderNA SexNA"
"NR X0 Order2 F - NR X2 Order2 F",0.762576312576312,0.49635641298617,19,1.53634826230715,1,"NANA OrderNA SexNA - NANA OrderNA SexNA"
"NR X0 Order2 F - PR X2 Order2 F",1.07539682539682,0.83336102372891,19,1.29043331134556,1,"NANA OrderNA SexNA - NANA OrderNA SexNA"
"NR X0 Order2 F - NR X3 Order2 F",0.898809523809522,0.462576568665669,19,1.94305026387781,1,"NANA OrderNA SexNA - NANA OrderNA SexNA"
"NR X0 Order2 F - PR X3 Order2 F",1.25595238095238,1.24788375526281,19,1.00646584720375,1,"NANA OrderNA SexNA - NANA OrderNA SexNA"
"NR X0 Order2 F - NR X4 Order2 F",0.432773109243696,0.605395890588126,19,0.714859674424397,1,"NANA OrderNA SexNA - NANA OrderNA SexNA"
"NR X0 Order2 F - PR X4 Order2 F",0.686507936507939,0.675307108575003,19,1.01658627280938,1,"NANA OrderNA SexNA - NANA OrderNA SexNA"
"NR X0 Order2 F - NR X5 Order2 F",0.610351966873703,0.558121240777772,19,1.09358311829011,1,"NANA OrderNA SexNA - NANA OrderNA SexNA"
"NR X0 Order2 F - PR X5 Order2 F",0.200396825396824,0.647551931625052,19,0.309468346258998,1,"NANA OrderNA SexNA - NANA OrderNA SexNA"
"NR X0 Order2 F - NR X6 Order2 F",0.540211640211639,0.531416896538264,19,1.01654961242419,1,"NANA OrderNA SexNA - NANA OrderNA SexNA"
"NR X0 Order2 F - PR X6 Order2 F",2.08829365079365,0.642900251499581,19,3.24823897007763,1,"NANA OrderNA SexNA - NANA OrderNA SexNA"
"NR X0 Order2 F - NR X0 Order1 M",-0.0957431457431462,0.714743677625073,19,-0.133954519277846,1,"NANA OrderNA SexNA - NANA OrderNA SexNA"
"NR X0 Order2 F - PR X0 Order1 M",0.301587301587299,1.08499157992339,19,0.277962803737697,1,"NANA OrderNA SexNA - NANA OrderNA SexNA"
"NR X0 Order2 F - NR X1 Order1 M",0.561512561512557,0.641017361684368,19,0.875970909800477,1,"NANA OrderNA SexNA - NANA OrderNA SexNA"
"NR X0 Order2 F - PR X1 Order1 M",-0.477380952380955,1.15996325039027,19,-0.411548341915434,1,"NANA OrderNA SexNA - NANA OrderNA SexNA"
"NR X0 Order2 F - NR X2 Order1 M",0.509589947089946,0.56157684969712,19,0.907426912923472,1,"NANA OrderNA SexNA - NANA OrderNA SexNA"
"NR X0 Order2 F - PR X2 Order1 M",-0.541269841269843,0.882270503252836,19,-0.613496472197858,1,"NANA OrderNA SexNA - NANA OrderNA SexNA"
"NR X0 Order2 F - NR X3 Order1 M",0.174206349206347,0.587051723501192,19,0.296747871154139,1,"NANA OrderNA SexNA - NANA OrderNA SexNA"
"NR X0 Order2 F - PR X3 Order1 M",0.233796296296295,1.28224515769617,19,0.182333538085931,1,"NANA OrderNA SexNA - NANA OrderNA SexNA"
"NR X0 Order2 F - NR X4 Order1 M",0.782539682539681,0.597604350218931,19,1.30946115478075,1,"NANA OrderNA SexNA - NANA OrderNA SexNA"
"NR X0 Order2 F - PR X4 Order1 M",0.434782347282351,0.627205611347705,19,0.693205448765221,1,"NANA OrderNA SexNA - NANA OrderNA SexNA"
"NR X0 Order2 F - NR X5 Order1 M",-0.617316017316021,0.579989527464886,19,-1.06435717902405,1,"NANA OrderNA SexNA - NANA OrderNA SexNA"
"NR X0 Order2 F - PR X5 Order1 M",0.249110149110148,0.577724548447978,19,0.431191905864771,1,"NANA OrderNA SexNA - NANA OrderNA SexNA"
"NR X0 Order2 F - NR X6 Order1 M",0.21058201058201,0.567095617513701,19,0.371334223151393,1,"NANA OrderNA SexNA - NANA OrderNA SexNA"
"NR X0 Order2 F - PR X6 Order1 M",-0.00247113997114205,0.805896474514261,19,-0.00306632433481172,1,"NANA OrderNA SexNA - NANA OrderNA SexNA"
"NR X0 Order2 F - NR X0 Order2 M",-0.356816590272472,0.714743677625073,19,-0.499223150120181,1,"NANA OrderNA SexNA - NANA OrderNA SexNA"
"NR X0 Order2 F - PR X0 Order2 M",0.436507936507934,1.08499157992339,19,0.402314584357193,1,"NANA OrderNA SexNA - NANA OrderNA SexNA"
"NR X0 Order2 F - NR X1 Order2 M",-0.0154151404536074,0.641017361684368,19,-0.024047929705214,1,"NANA OrderNA SexNA - NANA OrderNA SexNA"
"NR X0 Order2 F - PR X1 Order2 M",2.88095238095238,1.15996325039027,19,2.48365832278141,1,"NANA OrderNA SexNA - NANA OrderNA SexNA"
"NR X0 Order2 F - NR X2 Order2 M",0.31704014939309,0.56157684969712,19,0.564553452593499,1,"NANA OrderNA SexNA - NANA OrderNA SexNA"
"NR X0 Order2 F - PR X2 Order2 M",2.24206349206349,0.882270503252836,19,2.54124271841487,1,"NANA OrderNA SexNA - NANA OrderNA SexNA"
"NR X0 Order2 F - NR X3 Order2 M",0.347619047619046,0.587051723501192,19,0.592143815788218,1,"NANA OrderNA SexNA - NANA OrderNA SexNA"
"NR X0 Order2 F - PR X3 Order2 M",1.79761904761905,1.28224515769617,19,1.40193085294926,1,"NANA OrderNA SexNA - NANA OrderNA SexNA"
"NR X0 Order2 F - NR X4 Order2 M",0.503922003922001,0.597604350218931,19,0.843236840122382,1,"NANA OrderNA SexNA - NANA OrderNA SexNA"
"NR X0 Order2 F - PR X4 Order2 M",0.445945258445263,0.627205611347705,19,0.711003298403279,1,"NANA OrderNA SexNA - NANA OrderNA SexNA"
"NR X0 Order2 F - NR X5 Order2 M",-0.229100529100534,0.579989527464886,19,-0.395008044545087,1,"NANA OrderNA SexNA - NANA OrderNA SexNA"
"NR X0 Order2 F - PR X5 Order2 M",0.762896825396825,0.577724548447978,19,1.32052000810127,1,"NANA OrderNA SexNA - NANA OrderNA SexNA"
"NR X0 Order2 F - NR X6 Order2 M",0.275952560511381,0.567095617513701,19,0.486606759052788,1,"NANA OrderNA SexNA - NANA OrderNA SexNA"
"NR X0 Order2 F - PR X6 Order2 M",0.565402272019917,0.805896474514261,19,0.701581766269299,1,"NANA OrderNA SexNA - NANA OrderNA SexNA"
"PR X0 Order2 F - NR X1 Order2 F",-1.73590067340068,1.12993538766235,19,-1.53628312942032,1,"NANA OrderNA SexNA - NANA OrderNA SexNA"
"PR X0 Order2 F - PR X1 Order2 F",-0.0833333333333329,1.54621239599686,19,-0.0538951398585876,1,"NANA OrderNA SexNA - NANA OrderNA SexNA"
"PR X0 Order2 F - NR X2 Order2 F",-1.47948717948718,1.05457313162925,19,-1.40292516006117,1,"NANA OrderNA SexNA - NANA OrderNA SexNA"
"PR X0 Order2 F - PR X2 Order2 F",-1.16666666666667,1.17993720669294,19,-0.98875318114303,1,"NANA OrderNA SexNA - NANA OrderNA SexNA"
"PR X0 Order2 F - NR X3 Order2 F",-1.34325396825397,1.10913189976883,19,-1.21108586682426,1,"NANA OrderNA SexNA - NANA OrderNA SexNA"
"PR X0 Order2 F - PR X3 Order2 F",-0.98611111111111,1.49408847596558,19,-0.660008511526616,1,"NANA OrderNA SexNA - NANA OrderNA SexNA"
"PR X0 Order2 F - NR X4 Order2 F",-1.80929038281979,1.01700217766563,19,-1.77904278137608,1,"NANA OrderNA SexNA - NANA OrderNA SexNA"
"PR X0 Order2 F - PR X4 Order2 F",-1.55555555555555,0.961598828966387,19,-1.61767621662726,1,"NANA OrderNA SexNA - NANA OrderNA SexNA"
"PR X0 Order2 F - NR X5 Order2 F",-1.63171152518979,1.06458649741914,19,-1.5327185993299,1,"NANA OrderNA SexNA - NANA OrderNA SexNA"
"PR X0 Order2 F - PR X5 Order2 F",-2.04166666666667,0.885651935047936,19,-2.30526980845603,1,"NANA OrderNA SexNA - NANA OrderNA SexNA"
"PR X0 Order2 F - NR X6 Order2 F",-1.70185185185185,1.05172988621367,19,-1.61814537569021,1,"NANA OrderNA SexNA - NANA OrderNA SexNA"
"PR X0 Order2 F - PR X6 Order2 F",-0.153769841269841,1.25563272445539,19,-0.122464028115017,1,"NANA OrderNA SexNA - NANA OrderNA SexNA"
"PR X0 Order2 F - NR X0 Order1 M",-2.33780663780664,1.08499157992339,19,-2.15467721691601,1,"NANA OrderNA SexNA - NANA OrderNA SexNA"
"PR X0 Order2 F - PR X0 Order1 M",-1.94047619047619,1.35777572975227,19,-1.4291581061257,1,"NANA OrderNA SexNA - NANA OrderNA SexNA"
"PR X0 Order2 F - NR X1 Order1 M",-1.68055093055093,1.03790725104916,19,-1.61917255019864,1,"NANA OrderNA SexNA - NANA OrderNA SexNA"
"PR X0 Order2 F - PR X1 Order1 M",-2.71944444444444,1.41840154612705,19,-1.91725992676044,1,"NANA OrderNA SexNA - NANA OrderNA SexNA"
"PR X0 Order2 F - NR X2 Order1 M",-1.73247354497354,0.990816209957926,19,-1.74853169292326,1,"NANA OrderNA SexNA - NANA OrderNA SexNA"
"PR X0 Order2 F - PR X2 Order1 M",-2.78333333333333,1.20197730623738,19,-2.31562885496247,1,"NANA OrderNA SexNA - NANA OrderNA SexNA"
"PR X0 Order2 F - NR X3 Order1 M",-2.06785714285714,1.00547398268944,19,-2.05659935359644,1,"NANA OrderNA SexNA - NANA OrderNA SexNA"
"PR X0 Order2 F - PR X3 Order1 M",-2.00826719576719,1.52003317339949,19,-1.32119958360895,1,"NANA OrderNA SexNA - NANA OrderNA SexNA"
"PR X0 Order2 F - NR X4 Order1 M",-1.45952380952381,1.01167146999421,19,-1.44268554843419,1,"NANA OrderNA SexNA - NANA OrderNA SexNA"
"PR X0 Order2 F - PR X4 Order1 M",-1.80728114478114,1.02943435084793,19,-1.75560602120234,1,"NANA OrderNA SexNA - NANA OrderNA SexNA"
"PR X0 Order2 F - NR X5 Order1 M",-2.85937950937951,1.0013670934121,19,-2.85547580721507,1,"NANA OrderNA SexNA - NANA OrderNA SexNA"
"PR X0 Order2 F - PR X5 Order1 M",-1.99295334295334,1.00005692721918,19,-1.99283989611979,1,"NANA OrderNA SexNA - NANA OrderNA SexNA"
"PR X0 Order2 F - NR X6 Order1 M",-2.03148148148148,0.993954547855631,19,-2.04383740269032,1,"NANA OrderNA SexNA - NANA OrderNA SexNA"
"PR X0 Order2 F - PR X6 Order1 M",-2.24453463203463,1.14709081220022,19,-1.95671921365094,1,"NANA OrderNA SexNA - NANA OrderNA SexNA"
"PR X0 Order2 F - NR X0 Order2 M",-2.59888008233596,1.08499157992339,19,-2.39529977045486,1,"NANA OrderNA SexNA - NANA OrderNA SexNA"
"PR X0 Order2 F - PR X0 Order2 M",-1.80555555555556,1.35777572975227,19,-1.32978923985111,1,"NANA OrderNA SexNA - NANA OrderNA SexNA"
"PR X0 Order2 F - NR X1 Order2 M",-2.2574786325171,1.03790725104916,19,-2.17502925259953,1,"NANA OrderNA SexNA - NANA OrderNA SexNA"
"PR X0 Order2 F - PR X1 Order2 M",0.63888888888889,1.41840154612705,19,0.450428787696528,1,"NANA OrderNA SexNA - NANA OrderNA SexNA"
"PR X0 Order2 F - NR X2 Order2 M",-1.9250233426704,0.990816209957926,19,-1.94286621809724,1,"NANA OrderNA SexNA - NANA OrderNA SexNA"
"PR X0 Order2 F - PR X2 Order2 M",-6.45317133063372e-16,1.20197730623738,19,-5.36879631349654e-16,1,"NANA OrderNA SexNA - NANA OrderNA SexNA"
"PR X0 Order2 F - NR X3 Order2 M",-1.89444444444444,1.00547398268944,19,-1.8841307453597,1,"NANA OrderNA SexNA - NANA OrderNA SexNA"
"PR X0 Order2 F - PR X3 Order2 M",-0.444444444444444,1.52003317339949,19,-0.292391279494554,1,"NANA OrderNA SexNA - NANA OrderNA SexNA"
"PR X0 Order2 F - NR X4 Order2 M",-1.73814148814149,1.01167146999421,19,-1.71808886550042,1,"NANA OrderNA SexNA - NANA OrderNA SexNA"
"PR X0 Order2 F - PR X4 Order2 M",-1.79611823361823,1.02943435084793,19,-1.7447622882788,1,"NANA OrderNA SexNA - NANA OrderNA SexNA"
"PR X0 Order2 F - NR X5 Order2 M",-2.47116402116402,1.0013670934121,19,-2.46779032127338,1,"NANA OrderNA SexNA - NANA OrderNA SexNA"
"PR X0 Order2 F - PR X5 Order2 M",-1.47916666666666,1.00005692721918,19,-1.4790824666149,1,"NANA OrderNA SexNA - NANA OrderNA SexNA"
"PR X0 Order2 F - NR X6 Order2 M",-1.96611093155211,0.993954547855631,19,-1.97806925456885,1,"NANA OrderNA SexNA - NANA OrderNA SexNA"
"PR X0 Order2 F - PR X6 Order2 M",-1.67666122004357,1.14709081220022,19,-1.46166389113307,1,"NANA OrderNA SexNA - NANA OrderNA SexNA"
"NR X1 Order2 F - PR X1 Order2 F",1.65256734006734,1.15458769005444,19,1.43130517872525,1,"NANA OrderNA SexNA - NANA OrderNA SexNA"
"NR X1 Order2 F - NR X2 Order2 F",0.256413493913498,0.452991620966114,19,0.566044672894023,1,"NANA OrderNA SexNA - NANA OrderNA SexNA"
"NR X1 Order2 F - PR X2 Order2 F",0.569234006734009,0.85021641459785,19,0.669516604196892,1,"NANA OrderNA SexNA - NANA OrderNA SexNA"
"NR X1 Order2 F - NR X3 Order2 F",0.392646705146707,0.314708244362069,19,1.24765306337184,1,"NANA OrderNA SexNA - NANA OrderNA SexNA"
"NR X1 Order2 F - PR X3 Order2 F",0.749789562289565,1.18297859290001,19,0.633814987684179,1,"NANA OrderNA SexNA - NANA OrderNA SexNA"
"NR X1 Order2 F - NR X4 Order2 F",-0.0733897094191188,0.351820953948673,19,-0.208599597594819,1,"NANA OrderNA SexNA - NANA OrderNA SexNA"
"NR X1 Order2 F - PR X4 Order2 F",0.180345117845125,0.515208237461169,19,0.35004315679001,1,"NANA OrderNA SexNA - NANA OrderNA SexNA"
"NR X1 Order2 F - NR X5 Order2 F",0.104189148210888,0.421827769271601,19,0.246994521936758,1,"NANA OrderNA SexNA - NANA OrderNA SexNA"
"NR X1 Order2 F - PR X5 Order2 F",-0.30576599326599,0.430325726752186,19,-0.710545464185258,1,"NANA OrderNA SexNA - NANA OrderNA SexNA"
"NR X1 Order2 F - NR X6 Order2 F",0.0340488215488249,0.408990389274573,19,0.0832509086808062,1,"NANA OrderNA SexNA - NANA OrderNA SexNA"
"NR X1 Order2 F - PR X6 Order2 F",1.58213083213083,0.647235448650289,19,2.44444403567531,1,"NANA OrderNA SexNA - NANA OrderNA SexNA"
"NR X1 Order2 F - NR X0 Order1 M",-0.601905964405961,0.641017361684368,19,-0.938985432195415,1,"NANA OrderNA SexNA - NANA OrderNA SexNA"
"NR X1 Order2 F - PR X0 Order1 M",-0.204575517075515,1.03790725104916,19,-0.197103851879559,1,"NANA OrderNA SexNA - NANA OrderNA SexNA"
"NR X1 Order2 F - NR X1 Order1 M",0.0553497428497426,0.557627107713176,19,0.0992594192142693,1,"NANA OrderNA SexNA - NANA OrderNA SexNA"
"NR X1 Order2 F - PR X1 Order1 M",-0.983543771043769,1.11604635904238,19,-0.881275014317236,1,"NANA OrderNA SexNA - NANA OrderNA SexNA"
"NR X1 Order2 F - NR X2 Order1 M",0.003427128427132,0.464126374376113,19,0.00738404153769285,1,"NANA OrderNA SexNA - NANA OrderNA SexNA"
"NR X1 Order2 F - PR X2 Order1 M",-1.04743265993266,0.823678319604071,19,-1.27165257965773,1,"NANA OrderNA SexNA - NANA OrderNA SexNA"
"NR X1 Order2 F - NR X3 Order1 M",-0.331956469456467,0.494645791796002,19,-0.671099350206076,1,"NANA OrderNA SexNA - NANA OrderNA SexNA"
"NR X1 Order2 F - PR X3 Order1 M",-0.27236652236652,1.24265738548928,19,-0.219180705435778,1,"NANA OrderNA SexNA - NANA OrderNA SexNA"
"NR X1 Order2 F - NR X4 Order1 M",0.276376863876866,0.507124928076273,19,0.544987730982332,1,"NANA OrderNA SexNA - NANA OrderNA SexNA"
"NR X1 Order2 F - PR X4 Order1 M",-0.0713804713804639,0.541693282385726,19,-0.131772856894385,1,"NANA OrderNA SexNA - NANA OrderNA SexNA"
"NR X1 Order2 F - NR X5 Order1 M",-1.12347883597884,0.486243339537639,19,-2.31052796948773,1,"NANA OrderNA SexNA - NANA OrderNA SexNA"
"NR X1 Order2 F - PR X5 Order1 M",-0.257052669552667,0.483539437021629,19,-0.531606421052206,1,"NANA OrderNA SexNA - NANA OrderNA SexNA"
"NR X1 Order2 F - NR X6 Order1 M",-0.295580808080805,0.470788883342651,19,-0.627841519923219,1,"NANA OrderNA SexNA - NANA OrderNA SexNA"
"NR X1 Order2 F - PR X6 Order1 M",-0.508633958633957,0.74129202134536,19,-0.686145195129504,1,"NANA OrderNA SexNA - NANA OrderNA SexNA"
"NR X1 Order2 F - NR X0 Order2 M",-0.862979408935287,0.641017361684368,19,-1.34626526599479,1,"NANA OrderNA SexNA - NANA OrderNA SexNA"
"NR X1 Order2 F - PR X0 Order2 M",-0.0696548821548807,1.03790725104916,19,-0.0671108926972717,1,"NANA OrderNA SexNA - NANA OrderNA SexNA"
"NR X1 Order2 F - NR X1 Order2 M",-0.521577959116422,0.557627107713176,19,-0.935352589395105,1,"NANA OrderNA SexNA - NANA OrderNA SexNA"
"NR X1 Order2 F - PR X1 Order2 M",2.37478956228956,1.11604635904238,19,2.12785924441997,1,"NANA OrderNA SexNA - NANA OrderNA SexNA"
"NR X1 Order2 F - NR X2 Order2 M",-0.189122669269725,0.464126374376113,19,-0.407480978696689,1,"NANA OrderNA SexNA - NANA OrderNA SexNA"
"NR X1 Order2 F - PR X2 Order2 M",1.73590067340067,0.823678319604071,19,2.10749831831812,1,"NANA OrderNA SexNA - NANA OrderNA SexNA"
"NR X1 Order2 F - NR X3 Order2 M",-0.158543771043769,0.494645791796002,19,-0.320519801589971,1,"NANA OrderNA SexNA - NANA OrderNA SexNA"
"NR X1 Order2 F - PR X3 Order2 M",1.29145622895623,1.24265738548928,19,1.03926974887591,1,"NANA OrderNA SexNA - NANA OrderNA SexNA"
"NR X1 Order2 F - NR X4 Order2 M",-0.00224081474081376,0.507124928076273,19,-0.00441866415306001,1,"NANA OrderNA SexNA - NANA OrderNA SexNA"
"NR X1 Order2 F - PR X4 Order2 M",-0.0602175602175513,0.541693282385726,19,-0.111165418098488,1,"NANA OrderNA SexNA - NANA OrderNA SexNA"
"NR X1 Order2 F - NR X5 Order2 M",-0.735263347763348,0.486243339537639,19,-1.51213042519513,1,"NANA OrderNA SexNA - NANA OrderNA SexNA"
"NR X1 Order2 F - PR X5 Order2 M",0.25673400673401,0.483539437021629,19,0.530947399689607,1,"NANA OrderNA SexNA - NANA OrderNA SexNA"
"NR X1 Order2 F - NR X6 Order2 M",-0.230210258151433,0.470788883342651,19,-0.488988305154777,1,"NANA OrderNA SexNA - NANA OrderNA SexNA"
"NR X1 Order2 F - PR X6 Order2 M",0.0592394533571022,0.74129202134536,19,0.079913787888327,1,"NANA OrderNA SexNA - NANA OrderNA SexNA"
"PR X1 Order2 F - NR X2 Order2 F",-1.39615384615384,1.04239018633753,19,-1.3393773890555,1,"NANA OrderNA SexNA - NANA OrderNA SexNA"
"PR X1 Order2 F - PR X2 Order2 F",-1.08333333333333,1.30176406918541,19,-0.832204052160728,1,"NANA OrderNA SexNA - NANA OrderNA SexNA"
"PR X1 Order2 F - NR X3 Order2 F",-1.25992063492063,1.10708075488256,19,-1.13805666783024,1,"NANA OrderNA SexNA - NANA OrderNA SexNA"
"PR X1 Order2 F - PR X3 Order2 F",-0.902777777777777,1.27219135945661,19,-0.709624201632197,1,"NANA OrderNA SexNA - NANA OrderNA SexNA"
"PR X1 Order2 F - NR X4 Order2 F",-1.72595704948646,1.02616487007059,19,-1.68194907058915,1,"NANA OrderNA SexNA - NANA OrderNA SexNA"
"PR X1 Order2 F - PR X4 Order2 F",-1.47222222222222,1.24092588688567,19,-1.18639012835572,1,"NANA OrderNA SexNA - NANA OrderNA SexNA"
"PR X1 Order2 F - NR X5 Order2 F",-1.54837819185645,1.05284913966142,19,-1.47065532328249,1,"NANA OrderNA SexNA - NANA OrderNA SexNA"
"PR X1 Order2 F - PR X5 Order2 F",-1.95833333333333,1.0327553049687,19,-1.89622200332602,1,"NANA OrderNA SexNA - NANA OrderNA SexNA"
"PR X1 Order2 F - NR X6 Order2 F",-1.61851851851852,1.03945056796081,19,-1.55709041719388,1,"NANA OrderNA SexNA - NANA OrderNA SexNA"
"PR X1 Order2 F - PR X6 Order2 F",-0.0704365079365079,1.40001557358222,19,-0.0503112317217171,1,"NANA OrderNA SexNA - NANA OrderNA SexNA"
"PR X1 Order2 F - NR X0 Order1 M",-2.2544733044733,1.15996325039027,19,-1.94357304312423,1,"NANA OrderNA SexNA - NANA OrderNA SexNA"
"PR X1 Order2 F - PR X0 Order1 M",-1.85714285714286,1.41840154612705,19,-1.3093209480868,1,"NANA OrderNA SexNA - NANA OrderNA SexNA"
"PR X1 Order2 F - NR X1 Order1 M",-1.5972175972176,1.11604635904238,19,-1.43113911378027,1,"NANA OrderNA SexNA - NANA OrderNA SexNA"
"PR X1 Order2 F - PR X1 Order1 M",-2.63611111111111,1.4765401991842,19,-1.78532972726891,1,"NANA OrderNA SexNA - NANA OrderNA SexNA"
"PR X1 Order2 F - NR X2 Order1 M",-1.64914021164021,1.07239208112831,19,-1.53781461152257,1,"NANA OrderNA SexNA - NANA OrderNA SexNA"
"PR X1 Order2 F - PR X2 Order1 M",-2.7,1.27006199000717,19,-2.12588048555391,1,"NANA OrderNA SexNA - NANA OrderNA SexNA"
"PR X1 Order2 F - NR X3 Order1 M",-1.98452380952381,1.08594932829146,19,-1.8274552576464,1,"NANA OrderNA SexNA - NANA OrderNA SexNA"
"PR X1 Order2 F - PR X3 Order1 M",-1.92493386243386,1.57442334268335,19,-1.22262787285224,1,"NANA OrderNA SexNA - NANA OrderNA SexNA"
"PR X1 Order2 F - NR X4 Order1 M",-1.37619047619048,1.09169005535067,19,-1.2606054891179,1,"NANA OrderNA SexNA - NANA OrderNA SexNA"
"PR X1 Order2 F - PR X4 Order1 M",-1.72394781144781,1.10817105920386,19,-1.55566940422207,1,"NANA OrderNA SexNA - NANA OrderNA SexNA"
"PR X1 Order2 F - NR X5 Order1 M",-2.77604617604618,1.08214789632466,19,-2.56531125317949,1,"NANA OrderNA SexNA - NANA OrderNA SexNA"
"PR X1 Order2 F - PR X5 Order1 M",-1.90962000962001,1.08093564629462,19,-1.76663616947601,1,"NANA OrderNA SexNA - NANA OrderNA SexNA"
"PR X1 Order2 F - NR X6 Order1 M",-1.94814814814815,1.07529235882815,19,-1.81173811210863,1,"NANA OrderNA SexNA - NANA OrderNA SexNA"
"PR X1 Order2 F - PR X6 Order1 M",-2.1612012987013,1.21824683261869,19,-1.77402578922013,1,"NANA OrderNA SexNA - NANA OrderNA SexNA"
"PR X1 Order2 F - NR X0 Order2 M",-2.51554674900263,1.15996325039027,19,-2.16864348776245,1,"NANA OrderNA SexNA - NANA OrderNA SexNA"
"PR X1 Order2 F - PR X0 Order2 M",-1.72222222222222,1.41840154612705,19,-1.21419934074716,1,"NANA OrderNA SexNA - NANA OrderNA SexNA"
"PR X1 Order2 F - NR X1 Order2 M",-2.17414529918376,1.11604635904238,19,-1.94807794637607,1,"NANA OrderNA SexNA - NANA OrderNA SexNA"
"PR X1 Order2 F - PR X1 Order2 M",0.722222222222223,1.4765401991842,19,0.489131432128468,1,"NANA OrderNA SexNA - NANA OrderNA SexNA"
"PR X1 Order2 F - NR X2 Order2 M",-1.84169000933707,1.07239208112831,19,-1.71736628957513,1,"NANA OrderNA SexNA - NANA OrderNA SexNA"
"PR X1 Order2 F - PR X2 Order2 M",0.0833333333333323,1.27006199000717,19,0.0656135952331445,1,"NANA OrderNA SexNA - NANA OrderNA SexNA"
"PR X1 Order2 F - NR X3 Order2 M",-1.81111111111111,1.08594932829146,19,-1.6677676056585,1,"NANA OrderNA SexNA - NANA OrderNA SexNA"
"PR X1 Order2 F - PR X3 Order2 M",-0.361111111111111,1.57442334268335,19,-0.229360872213476,1,"NANA OrderNA SexNA - NANA OrderNA SexNA"
"PR X1 Order2 F - NR X4 Order2 M",-1.65480815480816,1.09169005535067,19,-1.51582232218521,1,"NANA OrderNA SexNA - NANA OrderNA SexNA"
"PR X1 Order2 F - PR X4 Order2 M",-1.71278490028489,1.10817105920386,19,-1.54559612982079,1,"NANA OrderNA SexNA - NANA OrderNA SexNA"
"PR X1 Order2 F - NR X5 Order2 M",-2.38783068783069,1.08214789632466,19,-2.20656593792823,1,"NANA OrderNA SexNA - NANA OrderNA SexNA"
"PR X1 Order2 F - PR X5 Order2 M",-1.39583333333333,1.08093564629462,19,-1.29131955090773,1,"NANA OrderNA SexNA - NANA OrderNA SexNA"
"PR X1 Order2 F - NR X6 Order2 M",-1.88277759821878,1.07529235882815,19,-1.75094483166478,1,"NANA OrderNA SexNA - NANA OrderNA SexNA"
"PR X1 Order2 F - PR X6 Order2 M",-1.59332788671024,1.21824683261869,19,-1.30788592594597,1,"NANA OrderNA SexNA - NANA OrderNA SexNA"
"NR X2 Order2 F - PR X2 Order2 F",0.312820512820511,0.677693888334591,19,0.461595593829623,1,"NANA OrderNA SexNA - NANA OrderNA SexNA"
"NR X2 Order2 F - NR X3 Order2 F",0.13623321123321,0.375516988394057,19,0.362788410228329,1,"NANA OrderNA SexNA - NANA OrderNA SexNA"
"NR X2 Order2 F - PR X3 Order2 F",0.493376068376068,1.10683726867626,19,0.445753031939489,1,"NANA OrderNA SexNA - NANA OrderNA SexNA"
"NR X2 Order2 F - NR X4 Order2 F",-0.329803203332616,0.325749096853474,19,-1.01244548800995,1,"NANA OrderNA SexNA - NANA OrderNA SexNA"
"NR X2 Order2 F - PR X4 Order2 F",-0.0760683760683727,0.407905564507176,19,-0.186485261999985,1,"NANA OrderNA SexNA - NANA OrderNA SexNA"
"NR X2 Order2 F - NR X5 Order2 F",-0.152224345702609,0.293857134687211,19,-0.518021608917683,1,"NANA OrderNA SexNA - NANA OrderNA SexNA"
"NR X2 Order2 F - PR X5 Order2 F",-0.562179487179488,0.379976475643237,19,-1.47951129402895,1,"NANA OrderNA SexNA - NANA OrderNA SexNA"
"NR X2 Order2 F - NR X6 Order2 F",-0.222364672364673,0.302145170871511,19,-0.735953090771834,1,"NANA OrderNA SexNA - NANA OrderNA SexNA"
"NR X2 Order2 F - PR X6 Order2 F",1.32571733821734,0.70079717960354,19,1.89172755941645,1,"NANA OrderNA SexNA - NANA OrderNA SexNA"
"NR X2 Order2 F - NR X0 Order1 M",-0.858319458319458,0.56157684969712,19,-1.5284096179933,1,"NANA OrderNA SexNA - NANA OrderNA SexNA"
"NR X2 Order2 F - PR X0 Order1 M",-0.460989010989013,0.990816209957926,19,-0.465261878394771,1,"NANA OrderNA SexNA - NANA OrderNA SexNA"
"NR X2 Order2 F - NR X1 Order1 M",-0.201063751063755,0.464126374376113,19,-0.433209061506208,1,"NANA OrderNA SexNA - NANA OrderNA SexNA"
"NR X2 Order2 F - PR X1 Order1 M",-1.23995726495727,1.07239208112831,19,-1.15625365645433,1,"NANA OrderNA SexNA - NANA OrderNA SexNA"
"NR X2 Order2 F - NR X2 Order1 M",-0.252986365486366,0.34623487913044,19,-0.730678451927589,1,"NANA OrderNA SexNA - NANA OrderNA SexNA"
"NR X2 Order2 F - PR X2 Order1 M",-1.30384615384616,0.76348626334777,19,-1.7077532582302,1,"NANA OrderNA SexNA - NANA OrderNA SexNA"
"NR X2 Order2 F - NR X3 Order1 M",-0.588369963369965,0.386186172041994,19,-1.52353969656372,1,"NANA OrderNA SexNA - NANA OrderNA SexNA"
"NR X2 Order2 F - PR X3 Order1 M",-0.528780016280017,1.20360403698476,19,-0.439330543959213,1,"NANA OrderNA SexNA - NANA OrderNA SexNA"
"NR X2 Order2 F - NR X4 Order1 M",0.0199633699633688,0.402046008326559,19,0.0496544414069987,1,"NANA OrderNA SexNA - NANA OrderNA SexNA"
"NR X2 Order2 F - PR X4 Order1 M",-0.327793965293961,0.444856057974685,19,-0.736853998990871,1,"NANA OrderNA SexNA - NANA OrderNA SexNA"
"NR X2 Order2 F - NR X5 Order1 M",-1.37989232989233,0.375363670830929,19,-3.67614779245342,1,"NANA OrderNA SexNA - NANA OrderNA SexNA"
"NR X2 Order2 F - PR X5 Order1 M",-0.513466163466164,0.371854389903021,19,-1.3808258754188,1,"NANA OrderNA SexNA - NANA OrderNA SexNA"
"NR X2 Order2 F - NR X6 Order1 M",-0.551994301994302,0.355116139895069,19,-1.55440499594698,1,"NANA OrderNA SexNA - NANA OrderNA SexNA"
"NR X2 Order2 F - PR X6 Order1 M",-0.765047452547454,0.673779757075889,19,-1.13545627412087,1,"NANA OrderNA SexNA - NANA OrderNA SexNA"
"NR X2 Order2 F - NR X0 Order2 M",-1.11939290284878,0.56157684969712,19,-1.99330314889675,1,"NANA OrderNA SexNA - NANA OrderNA SexNA"
"NR X2 Order2 F - PR X0 Order2 M",-0.326068376068378,0.990816209957926,19,-0.329090675739171,1,"NANA OrderNA SexNA - NANA OrderNA SexNA"
"NR X2 Order2 F - NR X1 Order2 M",-0.777991453029919,0.464126374376113,19,-1.67624917690943,1,"NANA OrderNA SexNA - NANA OrderNA SexNA"
"NR X2 Order2 F - PR X1 Order2 M",2.11837606837607,1.07239208112831,19,1.97537459074413,1,"NANA OrderNA SexNA - NANA OrderNA SexNA"
"NR X2 Order2 F - NR X2 Order2 M",-0.445536163183222,0.34623487913044,19,-1.28680323687254,1,"NANA OrderNA SexNA - NANA OrderNA SexNA"
"NR X2 Order2 F - PR X2 Order2 M",1.47948717948718,0.76348626334777,19,1.93780458210191,1,"NANA OrderNA SexNA - NANA OrderNA SexNA"
"NR X2 Order2 F - NR X3 Order2 M",-0.414957264957266,0.386186172041994,19,-1.07450057769584,1,"NANA OrderNA SexNA - NANA OrderNA SexNA"
"NR X2 Order2 F - PR X3 Order2 M",1.03504273504273,1.20360403698476,19,0.859952860938969,1,"NANA OrderNA SexNA - NANA OrderNA SexNA"
"NR X2 Order2 F - NR X4 Order2 M",-0.258654308654311,0.402046008326559,19,-0.643345048321488,1,"NANA OrderNA SexNA - NANA OrderNA SexNA"
"NR X2 Order2 F - PR X4 Order2 M",-0.316631054131049,0.444856057974685,19,-0.711760688553031,1,"NANA OrderNA SexNA - NANA OrderNA SexNA"
"NR X2 Order2 F - NR X5 Order2 M",-0.991676841676846,0.375363670830929,19,-2.64190948335945,1,"NANA OrderNA SexNA - NANA OrderNA SexNA"
"NR X2 Order2 F - PR X5 Order2 M",0.000320512820512788,0.371854389903021,19,0.000861930984857748,1,"NANA OrderNA SexNA - NANA OrderNA SexNA"
"NR X2 Order2 F - NR X6 Order2 M",-0.486623752064931,0.355116139895069,19,-1.37032282511496,1,"NANA OrderNA SexNA - NANA OrderNA SexNA"
"NR X2 Order2 F - PR X6 Order2 M",-0.197174040556395,0.673779757075889,19,-0.292638712406712,1,"NANA OrderNA SexNA - NANA OrderNA SexNA"
"PR X2 Order2 F - NR X3 Order2 F",-0.176587301587302,0.666219682730455,19,-0.265058667830964,1,"NANA OrderNA SexNA - NANA OrderNA SexNA"
"PR X2 Order2 F - PR X3 Order2 F",0.180555555555556,1.09374497855658,19,0.165080122967821,1,"NANA OrderNA SexNA - NANA OrderNA SexNA"
"PR X2 Order2 F - NR X4 Order2 F",-0.642623716153128,0.752966000511028,19,-0.853456485043133,1,"NANA OrderNA SexNA - NANA OrderNA SexNA"
"PR X2 Order2 F - PR X4 Order2 F",-0.388888888888884,0.681003491814744,19,-0.571052709072856,1,"NANA OrderNA SexNA - NANA OrderNA SexNA"
"PR X2 Order2 F - NR X5 Order2 F",-0.465044858523121,0.717010883695549,19,-0.648588283801539,1,"NANA OrderNA SexNA - NANA OrderNA SexNA"
"PR X2 Order2 F - PR X5 Order2 F",-0.874999999999999,0.874958293757192,19,-1.00004766654949,1,"NANA OrderNA SexNA - NANA OrderNA SexNA"
"PR X2 Order2 F - NR X6 Order2 F",-0.535185185185184,0.702548853668495,19,-0.761776469195859,1,"NANA OrderNA SexNA - NANA OrderNA SexNA"
"PR X2 Order2 F - PR X6 Order2 F",1.01289682539683,0.941704178202996,19,1.07559979964163,1,"NANA OrderNA SexNA - NANA OrderNA SexNA"
"PR X2 Order2 F - NR X0 Order1 M",-1.17113997113997,0.882270503252836,19,-1.3274159872988,1,"NANA OrderNA SexNA - NANA OrderNA SexNA"
"PR X2 Order2 F - PR X0 Order1 M",-0.773809523809524,1.20197730623738,19,-0.643780477213691,1,"NANA OrderNA SexNA - NANA OrderNA SexNA"
"PR X2 Order2 F - NR X1 Order1 M",-0.513884263884266,0.823678319604071,19,-0.623889510812039,1,"NANA OrderNA SexNA - NANA OrderNA SexNA"
"PR X2 Order2 F - PR X1 Order1 M",-1.55277777777778,1.27006199000717,19,-1.22259999117761,1,"NANA OrderNA SexNA - NANA OrderNA SexNA"
"PR X2 Order2 F - NR X2 Order1 M",-0.565806878306877,0.76348626334777,19,-0.741083245985201,1,"NANA OrderNA SexNA - NANA OrderNA SexNA"
"PR X2 Order2 F - PR X2 Order1 M",-1.61666666666667,1.02271401531171,19,-1.58076123184243,1,"NANA OrderNA SexNA - NANA OrderNA SexNA"
"PR X2 Order2 F - NR X3 Order1 M",-0.901190476190476,0.782414495181881,19,-1.15180697921628,1,"NANA OrderNA SexNA - NANA OrderNA SexNA"
"PR X2 Order2 F - PR X3 Order1 M",-0.841600529100529,1.3826407200138,19,-0.608690686537954,1,"NANA OrderNA SexNA - NANA OrderNA SexNA"
"PR X2 Order2 F - NR X4 Order1 M",-0.292857142857143,0.790363002427106,19,-0.370534984504354,1,"NANA OrderNA SexNA - NANA OrderNA SexNA"
"PR X2 Order2 F - PR X4 Order1 M",-0.640614478114473,0.812975765389748,19,-0.787987176723966,1,"NANA OrderNA SexNA - NANA OrderNA SexNA"
"PR X2 Order2 F - NR X5 Order1 M",-1.69271284271284,0.777129698424877,19,-2.17816002418092,1,"NANA OrderNA SexNA - NANA OrderNA SexNA"
"PR X2 Order2 F - PR X5 Order1 M",-0.826286676286676,0.77544075859115,19,-1.06557034451981,1,"NANA OrderNA SexNA - NANA OrderNA SexNA"
"PR X2 Order2 F - NR X6 Order1 M",-0.864814814814814,0.767554659687663,19,-1.12671430483756,1,"NANA OrderNA SexNA - NANA OrderNA SexNA"
"PR X2 Order2 F - PR X6 Order1 M",-1.07786796536797,0.957607353689138,19,-1.12558446968429,1,"NANA OrderNA SexNA - NANA OrderNA SexNA"
"PR X2 Order2 F - NR X0 Order2 M",-1.4322134156693,0.882270503252836,19,-1.6233268712814,1,"NANA OrderNA SexNA - NANA OrderNA SexNA"
"PR X2 Order2 F - PR X0 Order2 M",-0.63888888888889,1.20197730623738,19,-0.531531573494381,1,"NANA OrderNA SexNA - NANA OrderNA SexNA"
"PR X2 Order2 F - NR X1 Order2 M",-1.09081196585043,0.823678319604071,19,-1.32431792835675,1,"NANA OrderNA SexNA - NANA OrderNA SexNA"
"PR X2 Order2 F - PR X1 Order2 M",1.80555555555556,1.27006199000717,19,1.42162789671815,1,"NANA OrderNA SexNA - NANA OrderNA SexNA"
"PR X2 Order2 F - NR X2 Order2 M",-0.758356676003734,0.76348626334777,19,-0.99328136262525,1,"NANA OrderNA SexNA - NANA OrderNA SexNA"
"PR X2 Order2 F - PR X2 Order2 M",1.16666666666667,1.02271401531171,19,1.14075552813371,1,"NANA OrderNA SexNA - NANA OrderNA SexNA"
"PR X2 Order2 F - NR X3 Order2 M",-0.727777777777778,0.782414495181881,19,-0.930169088455598,1,"NANA OrderNA SexNA - NANA OrderNA SexNA"
"PR X2 Order2 F - PR X3 Order2 M",0.722222222222222,1.3826407200138,19,0.522349885814889,1,"NANA OrderNA SexNA - NANA OrderNA SexNA"
"PR X2 Order2 F - NR X4 Order2 M",-0.571474821474823,0.790363002427106,19,-0.723053609189569,1,"NANA OrderNA SexNA - NANA OrderNA SexNA"
"PR X2 Order2 F - PR X4 Order2 M",-0.62945156695156,0.812975765389748,19,-0.774256249384993,1,"NANA OrderNA SexNA - NANA OrderNA SexNA"
"PR X2 Order2 F - NR X5 Order2 M",-1.30449735449736,0.777129698424877,19,-1.67860957719332,1,"NANA OrderNA SexNA - NANA OrderNA SexNA"
"PR X2 Order2 F - PR X5 Order2 M",-0.312499999999999,0.77544075859115,19,-0.402996613909953,1,"NANA OrderNA SexNA - NANA OrderNA SexNA"
"PR X2 Order2 F - NR X6 Order2 M",-0.799444264885442,0.767554659687663,19,-1.04154701531062,1,"NANA OrderNA SexNA - NANA OrderNA SexNA"
"PR X2 Order2 F - PR X6 Order2 M",-0.509994553376907,0.957607353689138,19,-0.532571676075979,1,"NANA OrderNA SexNA - NANA OrderNA SexNA"
"NR X3 Order2 F - PR X3 Order2 F",0.357142857142858,1.18289827247895,19,0.30192186889783,1,"NANA OrderNA SexNA - NANA OrderNA SexNA"
"NR X3 Order2 F - NR X4 Order2 F",-0.466036414565826,0.39398501134969,19,-1.18287853887971,1,"NANA OrderNA SexNA - NANA OrderNA SexNA"
"NR X3 Order2 F - PR X4 Order2 F",-0.212301587301583,0.465816499392317,19,-0.455762274583536,1,"NANA OrderNA SexNA - NANA OrderNA SexNA"
"NR X3 Order2 F - NR X5 Order2 F",-0.288457556935819,0.399938818925612,19,-0.721254210108252,1,"NANA OrderNA SexNA - NANA OrderNA SexNA"
"NR X3 Order2 F - PR X5 Order2 F",-0.698412698412697,0.444372811738668,19,-1.57168188503717,1,"NANA OrderNA SexNA - NANA OrderNA SexNA"
"NR X3 Order2 F - NR X6 Order2 F",-0.358597883597882,0.369486472155336,19,-0.970530481146072,1,"NANA OrderNA SexNA - NANA OrderNA SexNA"
"NR X3 Order2 F - PR X6 Order2 F",1.18948412698413,0.612613532354929,19,1.94165499807304,1,"NANA OrderNA SexNA - NANA OrderNA SexNA"
"NR X3 Order2 F - NR X0 Order1 M",-0.994552669552668,0.587051723501192,19,-1.6941482832571,1,"NANA OrderNA SexNA - NANA OrderNA SexNA"
"NR X3 Order2 F - PR X0 Order1 M",-0.597222222222223,1.00547398268944,19,-0.59397083614712,1,"NANA OrderNA SexNA - NANA OrderNA SexNA"
"NR X3 Order2 F - NR X1 Order1 M",-0.337296962296965,0.494645791796002,19,-0.681895950377497,1,"NANA OrderNA SexNA - NANA OrderNA SexNA"
"NR X3 Order2 F - PR X1 Order1 M",-1.37619047619048,1.08594932829146,19,-1.26726951280098,1,"NANA OrderNA SexNA - NANA OrderNA SexNA"
"NR X3 Order2 F - NR X2 Order1 M",-0.389219576719575,0.386186172041994,19,-1.0078547728976,1,"NANA OrderNA SexNA - NANA OrderNA SexNA"
"NR X3 Order2 F - PR X2 Order1 M",-1.44007936507937,0.782414495181881,19,-1.84055813631699,1,"NANA OrderNA SexNA - NANA OrderNA SexNA"
"NR X3 Order2 F - NR X3 Order1 M",-0.724603174603175,0.422375339510283,19,-1.71554327826834,1,"NANA OrderNA SexNA - NANA OrderNA SexNA"
"NR X3 Order2 F - PR X3 Order1 M",-0.665013227513227,1.21569891247627,19,-0.547021323033559,1,"NANA OrderNA SexNA - NANA OrderNA SexNA"
"NR X3 Order2 F - NR X4 Order1 M",-0.116269841269841,0.436923518205758,19,-0.266110283436578,1,"NANA OrderNA SexNA - NANA OrderNA SexNA"
"NR X3 Order2 F - PR X4 Order1 M",-0.464027176527171,0.476611036660666,19,-0.973597212054378,1,"NANA OrderNA SexNA - NANA OrderNA SexNA"
"NR X3 Order2 F - NR X5 Order1 M",-1.51612554112554,0.412503397961336,19,-3.67542558102188,1,"NANA OrderNA SexNA - NANA OrderNA SexNA"
"NR X3 Order2 F - PR X5 Order1 M",-0.649699374699374,0.4093126619592,19,-1.58729361459171,1,"NANA OrderNA SexNA - NANA OrderNA SexNA"
"NR X3 Order2 F - NR X6 Order1 M",-0.688227513227512,0.394168289901601,19,-1.7460245556519,1,"NANA OrderNA SexNA - NANA OrderNA SexNA"
"NR X3 Order2 F - PR X6 Order1 M",-0.901280663780664,0.695154895685287,19,-1.2965177536327,1,"NANA OrderNA SexNA - NANA OrderNA SexNA"
"NR X3 Order2 F - NR X0 Order2 M",-1.25562611408199,0.587051723501192,19,-2.13886794607025,1,"NANA OrderNA SexNA - NANA OrderNA SexNA"
"NR X3 Order2 F - PR X0 Order2 M",-0.462301587301588,1.00547398268944,19,-0.459784733628835,1,"NANA OrderNA SexNA - NANA OrderNA SexNA"
"NR X3 Order2 F - NR X1 Order2 M",-0.914224664263129,0.494645791796002,19,-1.8482410634561,1,"NANA OrderNA SexNA - NANA OrderNA SexNA"
"NR X3 Order2 F - PR X1 Order2 M",1.98214285714286,1.08594932829146,19,1.82526274983879,1,"NANA OrderNA SexNA - NANA OrderNA SexNA"
"NR X3 Order2 F - NR X2 Order2 M",-0.581769374416432,0.386186172041994,19,-1.50644796870969,1,"NANA OrderNA SexNA - NANA OrderNA SexNA"
"NR X3 Order2 F - PR X2 Order2 M",1.34325396825397,0.782414495181881,19,1.71680608747121,1,"NANA OrderNA SexNA - NANA OrderNA SexNA"
"NR X3 Order2 F - NR X3 Order2 M",-0.551190476190476,0.422375339510283,19,-1.30497788253819,1,"NANA OrderNA SexNA - NANA OrderNA SexNA"
"NR X3 Order2 F - PR X3 Order2 M",0.898809523809524,1.21569891247627,19,0.739335632026462,1,"NANA OrderNA SexNA - NANA OrderNA SexNA"
"NR X3 Order2 F - NR X4 Order2 M",-0.394887519887521,0.436923518205758,19,-0.903790946088553,1,"NANA OrderNA SexNA - NANA OrderNA SexNA"
"NR X3 Order2 F - PR X4 Order2 M",-0.452864265364259,0.476611036660666,19,-0.950175783878638,1,"NANA OrderNA SexNA - NANA OrderNA SexNA"
"NR X3 Order2 F - NR X5 Order2 M",-1.12791005291006,0.412503397961336,19,-2.73430487720679,1,"NANA OrderNA SexNA - NANA OrderNA SexNA"
"NR X3 Order2 F - PR X5 Order2 M",-0.135912698412697,0.4093126619592,19,-0.332051048120873,1,"NANA OrderNA SexNA - NANA OrderNA SexNA"
"NR X3 Order2 F - NR X6 Order2 M",-0.62285696329814,0.394168289901601,19,-1.5801802916557,1,"NANA OrderNA SexNA - NANA OrderNA SexNA"
"NR X3 Order2 F - PR X6 Order2 M",-0.333407251789605,0.695154895685287,19,-0.479615771763976,1,"NANA OrderNA SexNA - NANA OrderNA SexNA"
"PR X3 Order2 F - NR X4 Order2 F",-0.823179271708684,1.08413745038678,19,-0.759294194121792,1,"NANA OrderNA SexNA - NANA OrderNA SexNA"
"PR X3 Order2 F - PR X4 Order2 F",-0.56944444444444,1.23826984503398,19,-0.459871042429218,1,"NANA OrderNA SexNA - NANA OrderNA SexNA"
"PR X3 Order2 F - NR X5 Order2 F",-0.645600414078677,1.13681700407131,19,-0.567901792255546,1,"NANA OrderNA SexNA - NANA OrderNA SexNA"
"PR X3 Order2 F - PR X5 Order2 F",-1.05555555555556,1.17923286416803,19,-0.895120537791548,1,"NANA OrderNA SexNA - NANA OrderNA SexNA"
"PR X3 Order2 F - NR X6 Order2 F",-0.71574074074074,1.130952715383,19,-0.632865309933274,1,"NANA OrderNA SexNA - NANA OrderNA SexNA"
"PR X3 Order2 F - PR X6 Order2 F",0.832341269841269,1.35579941681309,19,0.613911806952795,1,"NANA OrderNA SexNA - NANA OrderNA SexNA"
"PR X3 Order2 F - NR X0 Order1 M",-1.35169552669553,1.28224515769617,19,-1.0541630971133,1,"NANA OrderNA SexNA - NANA OrderNA SexNA"
"PR X3 Order2 F - PR X0 Order1 M",-0.95436507936508,1.52003317339949,19,-0.627858059986075,1,"NANA OrderNA SexNA - NANA OrderNA SexNA"
"PR X3 Order2 F - NR X1 Order1 M",-0.694439819439823,1.24265738548928,19,-0.558834500602431,1,"NANA OrderNA SexNA - NANA OrderNA SexNA"
"PR X3 Order2 F - PR X1 Order1 M",-1.73333333333333,1.57442334268335,19,-1.10093218662469,1,"NANA OrderNA SexNA - NANA OrderNA SexNA"
"PR X3 Order2 F - NR X2 Order1 M",-0.746362433862433,1.20360403698476,19,-0.62010628988268,1,"NANA OrderNA SexNA - NANA OrderNA SexNA"
"PR X3 Order2 F - PR X2 Order1 M",-1.79722222222222,1.3826407200138,19,-1.29984760047013,1,"NANA OrderNA SexNA - NANA OrderNA SexNA"
"PR X3 Order2 F - NR X3 Order1 M",-1.08174603174603,1.21569891247627,19,-0.889814098412423,1,"NANA OrderNA SexNA - NANA OrderNA SexNA"
"PR X3 Order2 F - PR X3 Order1 M",-1.02215608465608,1.66656735962443,19,-0.613330195598236,1,"NANA OrderNA SexNA - NANA OrderNA SexNA"
"PR X3 Order2 F - NR X4 Order1 M",-0.473412698412699,1.22082966835298,19,-0.387779483645232,1,"NANA OrderNA SexNA - NANA OrderNA SexNA"
"PR X3 Order2 F - PR X4 Order1 M",-0.821170033670029,1.23558933251963,19,-0.664597866020329,1,"NANA OrderNA SexNA - NANA OrderNA SexNA"
"PR X3 Order2 F - NR X5 Order1 M",-1.8732683982684,1.2123044055431,19,-1.5452128934805,1,"NANA OrderNA SexNA - NANA OrderNA SexNA"
"PR X3 Order2 F - PR X5 Order1 M",-1.00684223184223,1.21122242945286,19,-0.831261217889642,1,"NANA OrderNA SexNA - NANA OrderNA SexNA"
"PR X3 Order2 F - NR X6 Order1 M",-1.04537037037037,1.20618885715857,19,-0.866672216515874,1,"NANA OrderNA SexNA - NANA OrderNA SexNA"
"PR X3 Order2 F - PR X6 Order1 M",-1.25842352092352,1.33520157555508,19,-0.942497031132066,1,"NANA OrderNA SexNA - NANA OrderNA SexNA"
"PR X3 Order2 F - NR X0 Order2 M",-1.61276897122485,1.28224515769617,19,-1.2577695938603,1,"NANA OrderNA SexNA - NANA OrderNA SexNA"
"PR X3 Order2 F - PR X0 Order2 M",-0.819444444444446,1.52003317339949,19,-0.539096421568086,1,"NANA OrderNA SexNA - NANA OrderNA SexNA"
"PR X3 Order2 F - NR X1 Order2 M",-1.27136752140599,1.24265738548928,19,-1.02310382270444,1,"NANA OrderNA SexNA - NANA OrderNA SexNA"
"PR X3 Order2 F - PR X1 Order2 M",1.625,1.57442334268335,19,1.03212392496064,1,"NANA OrderNA SexNA - NANA OrderNA SexNA"
"PR X3 Order2 F - NR X2 Order2 M",-0.93891223155929,1.20360403698476,19,-0.780083983360037,1,"NANA OrderNA SexNA - NANA OrderNA SexNA"
"PR X3 Order2 F - PR X2 Order2 M",0.986111111111109,1.3826407200138,19,0.713208497939558,1,"NANA OrderNA SexNA - NANA OrderNA SexNA"
"PR X3 Order2 F - NR X3 Order2 M",-0.908333333333334,1.21569891247627,19,-0.747169651968465,1,"NANA OrderNA SexNA - NANA OrderNA SexNA"
"PR X3 Order2 F - PR X3 Order2 M",0.541666666666666,1.66656735962443,19,0.325019366027146,1,"NANA OrderNA SexNA - NANA OrderNA SexNA"
"PR X3 Order2 F - NR X4 Order2 M",-0.752030377030379,1.22082966835298,19,-0.61599942770472,1,"NANA OrderNA SexNA - NANA OrderNA SexNA"
"PR X3 Order2 F - PR X4 Order2 M",-0.810007122507117,1.23558933251963,19,-0.6555633827425,1,"NANA OrderNA SexNA - NANA OrderNA SexNA"
"PR X3 Order2 F - NR X5 Order2 M",-1.48505291005291,1.2123044055431,19,-1.22498351343335,1,"NANA OrderNA SexNA - NANA OrderNA SexNA"
"PR X3 Order2 F - PR X5 Order2 M",-0.493055555555555,1.21122242945286,19,-0.407072675972721,1,"NANA OrderNA SexNA - NANA OrderNA SexNA"
"PR X3 Order2 F - NR X6 Order2 M",-0.979999820440998,1.20618885715857,19,-0.812476267397786,1,"NANA OrderNA SexNA - NANA OrderNA SexNA"
"PR X3 Order2 F - PR X6 Order2 M",-0.690550108932463,1.33520157555508,19,-0.517187907485341,1,"NANA OrderNA SexNA - NANA OrderNA SexNA"
"NR X4 Order2 F - PR X4 Order2 F",0.253734827264244,0.501554170467418,19,0.505897153696834,1,"NANA OrderNA SexNA - NANA OrderNA SexNA"
"NR X4 Order2 F - NR X5 Order2 F",0.177578857630007,0.381821434437069,19,0.465083522332414,1,"NANA OrderNA SexNA - NANA OrderNA SexNA"
"NR X4 Order2 F - PR X5 Order2 F",-0.232376283846871,0.295121530340377,19,-0.787391836776061,1,"NANA OrderNA SexNA - NANA OrderNA SexNA"
"NR X4 Order2 F - NR X6 Order2 F",0.107438530967944,0.327821136796292,19,0.32773521566642,1,"NANA OrderNA SexNA - NANA OrderNA SexNA"
"NR X4 Order2 F - PR X6 Order2 F",1.65552054154995,0.797100670409235,19,2.07692779972196,1,"NANA OrderNA SexNA - NANA OrderNA SexNA"
"NR X4 Order2 F - NR X0 Order1 M",-0.528516254986842,0.597604350218931,19,-0.884391579132951,1,"NANA OrderNA SexNA - NANA OrderNA SexNA"
"NR X4 Order2 F - PR X0 Order1 M",-0.131185807656396,1.01167146999421,19,-0.129672340821421,1,"NANA OrderNA SexNA - NANA OrderNA SexNA"
"NR X4 Order2 F - NR X1 Order1 M",0.128739452268861,0.507124928076273,19,0.253861415878769,1,"NANA OrderNA SexNA - NANA OrderNA SexNA"
"NR X4 Order2 F - PR X1 Order1 M",-0.91015406162465,1.09169005535067,19,-0.833711049362169,1,"NANA OrderNA SexNA - NANA OrderNA SexNA"
"NR X4 Order2 F - NR X2 Order1 M",0.0768168378462508,0.402046008326559,19,0.191064794215932,1,"NANA OrderNA SexNA - NANA OrderNA SexNA"
"NR X4 Order2 F - PR X2 Order1 M",-0.974042950513539,0.790363002427106,19,-1.23239947659794,1,"NANA OrderNA SexNA - NANA OrderNA SexNA"
"NR X4 Order2 F - NR X3 Order1 M",-0.258566760037348,0.436923518205758,19,-0.591789522109412,1,"NANA OrderNA SexNA - NANA OrderNA SexNA"
"NR X4 Order2 F - PR X3 Order1 M",-0.198976812947401,1.22082966835298,19,-0.162984909447556,1,"NANA OrderNA SexNA - NANA OrderNA SexNA"
"NR X4 Order2 F - NR X4 Order1 M",0.349766573295985,0.451002654200802,19,0.775531075123689,1,"NANA OrderNA SexNA - NANA OrderNA SexNA"
"NR X4 Order2 F - PR X4 Order1 M",0.00200923803865491,0.489550113473202,19,0.00410425405562671,1,"NANA OrderNA SexNA - NANA OrderNA SexNA"
"NR X4 Order2 F - NR X5 Order1 M",-1.05008912655972,0.427387747443138,19,-2.45699398928002,1,"NANA OrderNA SexNA - NANA OrderNA SexNA"
"NR X4 Order2 F - PR X5 Order1 M",-0.183662960133548,0.424308954153689,19,-0.432851954538351,1,"NANA OrderNA SexNA - NANA OrderNA SexNA"
"NR X4 Order2 F - NR X6 Order1 M",-0.222191098661686,0.409719262543053,19,-0.542300836144696,1,"NANA OrderNA SexNA - NANA OrderNA SexNA"
"NR X4 Order2 F - PR X6 Order1 M",-0.435244249214838,0.704089172143765,19,-0.618166372150894,1,"NANA OrderNA SexNA - NANA OrderNA SexNA"
"NR X4 Order2 F - NR X0 Order2 M",-0.789589699516168,0.597604350218931,19,-1.32125828606653,1,"NANA OrderNA SexNA - NANA OrderNA SexNA"
"NR X4 Order2 F - PR X0 Order2 M",0.00373482726423808,1.01167146999421,19,0.00369173924046654,1,"NANA OrderNA SexNA - NANA OrderNA SexNA"
"NR X4 Order2 F - NR X1 Order2 M",-0.448188249697303,0.507124928076273,19,-0.88378272272566,1,"NANA OrderNA SexNA - NANA OrderNA SexNA"
"NR X4 Order2 F - PR X1 Order2 M",2.44817927170868,1.09169005535067,19,2.24255892018938,1,"NANA OrderNA SexNA - NANA OrderNA SexNA"
"NR X4 Order2 F - NR X2 Order2 M",-0.115732959850606,0.402046008326559,19,-0.287859989786549,1,"NANA OrderNA SexNA - NANA OrderNA SexNA"
"NR X4 Order2 F - PR X2 Order2 M",1.80929038281979,0.790363002427106,19,2.28918911596784,1,"NANA OrderNA SexNA - NANA OrderNA SexNA"
"NR X4 Order2 F - NR X3 Order2 M",-0.0851540616246498,0.436923518205758,19,-0.194894662512876,1,"NANA OrderNA SexNA - NANA OrderNA SexNA"
"NR X4 Order2 F - PR X3 Order2 M",1.36484593837535,1.22082966835298,19,1.11796589954818,1,"NANA OrderNA SexNA - NANA OrderNA SexNA"
"NR X4 Order2 F - NR X4 Order2 M",0.071148894678305,0.451002654200802,19,0.157757152902757,1,"NANA OrderNA SexNA - NANA OrderNA SexNA"
"NR X4 Order2 F - PR X4 Order2 M",0.0131721492015675,0.489550113473202,19,0.0269066410956689,1,"NANA OrderNA SexNA - NANA OrderNA SexNA"
"NR X4 Order2 F - NR X5 Order2 M",-0.66187363834423,0.427387747443137,19,-1.54864907172448,1,"NANA OrderNA SexNA - NANA OrderNA SexNA"
"NR X4 Order2 F - PR X5 Order2 M",0.330123716153129,0.424308954153689,19,0.778026748956033,1,"NANA OrderNA SexNA - NANA OrderNA SexNA"
"NR X4 Order2 F - NR X6 Order2 M",-0.156820548732314,0.409719262543053,19,-0.382751222773754,1,"NANA OrderNA SexNA - NANA OrderNA SexNA"
"NR X4 Order2 F - PR X6 Order2 M",0.132629162776221,0.704089172143765,19,0.188369837264221,1,"NANA OrderNA SexNA - NANA OrderNA SexNA"
"PR X4 Order2 F - NR X5 Order2 F",-0.0761559696342367,0.427687181972178,19,-0.178064652962152,1,"NANA OrderNA SexNA - NANA OrderNA SexNA"
"PR X4 Order2 F - PR X5 Order2 F",-0.486111111111115,0.510769563160645,19,-0.951722941561076,1,"NANA OrderNA SexNA - NANA OrderNA SexNA"
"PR X4 Order2 F - NR X6 Order2 F",-0.1462962962963,0.383139948907291,19,-0.381835140693458,1,"NANA OrderNA SexNA - NANA OrderNA SexNA"
"PR X4 Order2 F - PR X6 Order2 F",1.40178571428571,0.632235185370989,19,2.21719029045047,1,"NANA OrderNA SexNA - NANA OrderNA SexNA"
"PR X4 Order2 F - NR X0 Order1 M",-0.782251082251086,0.627205611347705,19,-1.24720038867354,1,"NANA OrderNA SexNA - NANA OrderNA SexNA"
"PR X4 Order2 F - PR X0 Order1 M",-0.38492063492064,1.02943435084793,19,-0.373914698497857,1,"NANA OrderNA SexNA - NANA OrderNA SexNA"
"PR X4 Order2 F - NR X1 Order1 M",-0.124995374995382,0.541693282385726,19,-0.230749354034588,1,"NANA OrderNA SexNA - NANA OrderNA SexNA"
"PR X4 Order2 F - PR X1 Order1 M",-1.16388888888889,1.10817105920386,19,-1.050279087531,1,"NANA OrderNA SexNA - NANA OrderNA SexNA"
"PR X4 Order2 F - NR X2 Order1 M",-0.176917989417993,0.444856057974685,19,-0.39769715674651,1,"NANA OrderNA SexNA - NANA OrderNA SexNA"
"PR X4 Order2 F - PR X2 Order1 M",-1.22777777777778,0.812975765389748,19,-1.51022678663635,1,"NANA OrderNA SexNA - NANA OrderNA SexNA"
"PR X4 Order2 F - NR X3 Order1 M",-0.512301587301592,0.476611036660666,19,-1.07488402050231,1,"NANA OrderNA SexNA - NANA OrderNA SexNA"
"PR X4 Order2 F - PR X3 Order1 M",-0.452711640211644,1.23558933251963,19,-0.366393289660788,1,"NANA OrderNA SexNA - NANA OrderNA SexNA"
"PR X4 Order2 F - NR X4 Order1 M",0.0960317460317415,0.489550113473202,19,0.196163259672083,1,"NANA OrderNA SexNA - NANA OrderNA SexNA"
"PR X4 Order2 F - PR X4 Order1 M",-0.251725589225589,0.52527633975564,19,-0.479225067214511,1,"NANA OrderNA SexNA - NANA OrderNA SexNA"
"PR X4 Order2 F - NR X5 Order1 M",-1.30382395382396,0.467884821478509,19,-2.78663443217477,1,"NANA OrderNA SexNA - NANA OrderNA SexNA"
"PR X4 Order2 F - PR X5 Order1 M",-0.437397787397791,0.465074196317592,19,-0.940490336512024,1,"NANA OrderNA SexNA - NANA OrderNA SexNA"
"PR X4 Order2 F - NR X6 Order1 M",-0.47592592592593,0.451802826025115,19,-1.05339298143185,1,"NANA OrderNA SexNA - NANA OrderNA SexNA"
"PR X4 Order2 F - PR X6 Order1 M",-0.688979076479081,0.729381574921899,19,-0.944607185275905,1,"NANA OrderNA SexNA - NANA OrderNA SexNA"
"PR X4 Order2 F - NR X0 Order2 M",-1.04332452678041,0.627205611347705,19,-1.66344896777721,1,"NANA OrderNA SexNA - NANA OrderNA SexNA"
"PR X4 Order2 F - PR X0 Order2 M",-0.250000000000006,1.02943435084793,19,-0.242851814488301,1,"NANA OrderNA SexNA - NANA OrderNA SexNA"
"PR X4 Order2 F - NR X1 Order2 M",-0.701923076961547,0.541693282385726,19,-1.29579431716439,1,"NANA OrderNA SexNA - NANA OrderNA SexNA"
"PR X4 Order2 F - PR X1 Order2 M",2.19444444444444,1.10817105920386,19,1.98023980703935,1,"NANA OrderNA SexNA - NANA OrderNA SexNA"
"PR X4 Order2 F - NR X2 Order2 M",-0.369467787114849,0.444856057974685,19,-0.830533338799388,1,"NANA OrderNA SexNA - NANA OrderNA SexNA"
"PR X4 Order2 F - PR X2 Order2 M",1.55555555555555,0.812975765389748,19,1.91340950343065,1,"NANA OrderNA SexNA - NANA OrderNA SexNA"
"PR X4 Order2 F - NR X3 Order2 M",-0.338888888888893,0.476611036660666,19,-0.71103869365529,1,"NANA OrderNA SexNA - NANA OrderNA SexNA"
"PR X4 Order2 F - PR X3 Order2 M",1.11111111111111,1.23558933251963,19,0.899255992155025,1,"NANA OrderNA SexNA - NANA OrderNA SexNA"
"PR X4 Order2 F - NR X4 Order2 M",-0.182585932585939,0.489550113473202,19,-0.372966786363401,1,"NANA OrderNA SexNA - NANA OrderNA SexNA"
"PR X4 Order2 F - PR X4 Order2 M",-0.240562678062676,0.52527633975564,19,-0.457973565256312,1,"NANA OrderNA SexNA - NANA OrderNA SexNA"
"PR X4 Order2 F - NR X5 Order2 M",-0.915608465608473,0.467884821478509,19,-1.95690995641868,1,"NANA OrderNA SexNA - NANA OrderNA SexNA"
"PR X4 Order2 F - PR X5 Order2 M",0.0763888888888855,0.465074196317592,19,0.164250972196962,1,"NANA OrderNA SexNA - NANA OrderNA SexNA"
"PR X4 Order2 F - NR X6 Order2 M",-0.410555375996558,0.451802826025115,19,-0.908704754258743,1,"NANA OrderNA SexNA - NANA OrderNA SexNA"
"PR X4 Order2 F - PR X6 Order2 M",-0.121105664488023,0.729381574921899,19,-0.166038831596466,1,"NANA OrderNA SexNA - NANA OrderNA SexNA"
"NR X5 Order2 F - PR X5 Order2 F",-0.409955141476878,0.453312753832368,19,-0.904353866091483,1,"NANA OrderNA SexNA - NANA OrderNA SexNA"
"NR X5 Order2 F - NR X6 Order2 F",-0.0701403266620633,0.261118933865226,19,-0.268614480090767,1,"NANA OrderNA SexNA - NANA OrderNA SexNA"
"NR X5 Order2 F - PR X6 Order2 F",1.47794168391995,0.590834586687364,19,2.50144747315205,1,"NANA OrderNA SexNA - NANA OrderNA SexNA"
"NR X5 Order2 F - NR X0 Order1 M",-0.706095112616849,0.579989527464886,19,-1.21742734856466,1,"NANA OrderNA SexNA - NANA OrderNA SexNA"
"NR X5 Order2 F - PR X0 Order1 M",-0.308764665286403,1.0013670934121,19,-0.30834313142277,1,"NANA OrderNA SexNA - NANA OrderNA SexNA"
"NR X5 Order2 F - NR X1 Order1 M",-0.0488394053611455,0.486243339537639,19,-0.100442312294881,1,"NANA OrderNA SexNA - NANA OrderNA SexNA"
"NR X5 Order2 F - PR X1 Order1 M",-1.08773291925466,1.08214789632466,19,-1.00516105326172,1,"NANA OrderNA SexNA - NANA OrderNA SexNA"
"NR X5 Order2 F - NR X2 Order1 M",-0.100762019783756,0.375363670830929,19,-0.268438390856267,1,"NANA OrderNA SexNA - NANA OrderNA SexNA"
"NR X5 Order2 F - PR X2 Order1 M",-1.15162180814355,0.777129698424877,19,-1.48189138888619,1,"NANA OrderNA SexNA - NANA OrderNA SexNA"
"NR X5 Order2 F - NR X3 Order1 M",-0.436145617667355,0.412503397961336,19,-1.05731399989155,1,"NANA OrderNA SexNA - NANA OrderNA SexNA"
"NR X5 Order2 F - PR X3 Order1 M",-0.376555670577408,1.2123044055431,19,-0.310611484092327,1,"NANA OrderNA SexNA - NANA OrderNA SexNA"
"NR X5 Order2 F - NR X4 Order1 M",0.172187715665978,0.427387747443138,19,0.402884071188511,1,"NANA OrderNA SexNA - NANA OrderNA SexNA"
"NR X5 Order2 F - PR X4 Order1 M",-0.175569619591352,0.467884821478509,19,-0.375241109631543,1,"NANA OrderNA SexNA - NANA OrderNA SexNA"
"NR X5 Order2 F - NR X5 Order1 M",-1.22766798418972,0.402389337871756,19,-3.05094561074327,1,"NANA OrderNA SexNA - NANA OrderNA SexNA"
"NR X5 Order2 F - PR X5 Order1 M",-0.361241817763555,0.399117753480534,19,-0.905100849594689,1,"NANA OrderNA SexNA - NANA OrderNA SexNA"
"NR X5 Order2 F - NR X6 Order1 M",-0.399769956291693,0.383571071207377,19,-1.0422317695475,1,"NANA OrderNA SexNA - NANA OrderNA SexNA"
"NR X5 Order2 F - PR X6 Order1 M",-0.612823106844845,0.689201316669116,19,-0.889178665250664,1,"NANA OrderNA SexNA - NANA OrderNA SexNA"
"NR X5 Order2 F - NR X0 Order2 M",-0.967168557146175,0.579989527464886,19,-1.66756210473943,1,"NANA OrderNA SexNA - NANA OrderNA SexNA"
"NR X5 Order2 F - PR X0 Order2 M",-0.173844030365769,1.0013670934121,19,-0.173606693798381,1,"NANA OrderNA SexNA - NANA OrderNA SexNA"
"NR X5 Order2 F - NR X1 Order2 M",-0.62576710732731,0.486243339537639,19,-1.28694227035036,1,"NANA OrderNA SexNA - NANA OrderNA SexNA"
"NR X5 Order2 F - PR X1 Order2 M",2.27060041407868,1.08214789632466,19,2.09823483628291,1,"NANA OrderNA SexNA - NANA OrderNA SexNA"
"NR X5 Order2 F - NR X2 Order2 M",-0.293311817480613,0.375363670830929,19,-0.781407046748341,1,"NANA OrderNA SexNA - NANA OrderNA SexNA"
"NR X5 Order2 F - PR X2 Order2 M",1.63171152518979,0.777129698424877,19,2.09966435267757,1,"NANA OrderNA SexNA - NANA OrderNA SexNA"
"NR X5 Order2 F - NR X3 Order2 M",-0.262732919254657,0.412503397961336,19,-0.636923042460083,1,"NANA OrderNA SexNA - NANA OrderNA SexNA"
"NR X5 Order2 F - PR X3 Order2 M",1.18726708074534,1.2123044055431,19,0.979347328374562,1,"NANA OrderNA SexNA - NANA OrderNA SexNA"
"NR X5 Order2 F - NR X4 Order2 M",-0.106429962951702,0.427387747443138,19,-0.249024366253883,1,"NANA OrderNA SexNA - NANA OrderNA SexNA"
"NR X5 Order2 F - PR X4 Order2 M",-0.16440670842844,0.467884821478509,19,-0.35138286364776,1,"NANA OrderNA SexNA - NANA OrderNA SexNA"
"NR X5 Order2 F - NR X5 Order2 M",-0.839452495974236,0.402389337871756,19,-2.08616982849028,1,"NANA OrderNA SexNA - NANA OrderNA SexNA"
"NR X5 Order2 F - PR X5 Order2 M",0.152544858523122,0.399117753480534,19,0.382205144203294,1,"NANA OrderNA SexNA - NANA OrderNA SexNA"
"NR X5 Order2 F - NR X6 Order2 M",-0.334399406362321,0.383571071207377,19,-0.871805596052183,1,"NANA OrderNA SexNA - NANA OrderNA SexNA"
"NR X5 Order2 F - PR X6 Order2 M",-0.0449496948537859,0.689201316669116,19,-0.0652199782075666,1,"NANA OrderNA SexNA - NANA OrderNA SexNA"
"PR X5 Order2 F - NR X6 Order2 F",0.339814814814815,0.385464904089309,19,0.881571347247953,1,"NANA OrderNA SexNA - NANA OrderNA SexNA"
"PR X5 Order2 F - PR X6 Order2 F",1.88789682539682,0.801653471722425,19,2.35500361688761,1,"NANA OrderNA SexNA - NANA OrderNA SexNA"
"PR X5 Order2 F - NR X0 Order1 M",-0.296139971139971,0.577724548447978,19,-0.512597174441579,1,"NANA OrderNA SexNA - NANA OrderNA SexNA"
"PR X5 Order2 F - PR X0 Order1 M",0.101190476190475,1.00005692721918,19,0.101184716025968,1,"NANA OrderNA SexNA - NANA OrderNA SexNA"
"PR X5 Order2 F - NR X1 Order1 M",0.361115736115733,0.483539437021629,19,0.746817546754888,1,"NANA OrderNA SexNA - NANA OrderNA SexNA"
"PR X5 Order2 F - PR X1 Order1 M",-0.677777777777779,1.08093564629462,19,-0.627028796858681,1,"NANA OrderNA SexNA - NANA OrderNA SexNA"
"PR X5 Order2 F - NR X2 Order1 M",0.309193121693122,0.371854389903021,19,0.83148977150373,1,"NANA OrderNA SexNA - NANA OrderNA SexNA"
"PR X5 Order2 F - PR X2 Order1 M",-0.741666666666668,0.77544075859115,19,-0.95644529701296,1,"NANA OrderNA SexNA - NANA OrderNA SexNA"
"PR X5 Order2 F - NR X3 Order1 M",-0.0261904761904772,0.4093126619592,19,-0.0639864793459231,1,"NANA OrderNA SexNA - NANA OrderNA SexNA"
"PR X5 Order2 F - PR X3 Order1 M",0.0333994708994704,1.21122242945286,19,0.0275750102436247,1,"NANA OrderNA SexNA - NANA OrderNA SexNA"
"PR X5 Order2 F - NR X4 Order1 M",0.582142857142856,0.424308954153689,19,1.37197872315463,1,"NANA OrderNA SexNA - NANA OrderNA SexNA"
"PR X5 Order2 F - PR X4 Order1 M",0.234385521885526,0.465074196317592,19,0.503974470614292,1,"NANA OrderNA SexNA - NANA OrderNA SexNA"
"PR X5 Order2 F - NR X5 Order1 M",-0.817712842712845,0.399117753480534,19,-2.04880097560663,1,"NANA OrderNA SexNA - NANA OrderNA SexNA"
"PR X5 Order2 F - PR X5 Order1 M",0.0487133237133235,0.395819129216649,19,0.123069655096585,1,"NANA OrderNA SexNA - NANA OrderNA SexNA"
"PR X5 Order2 F - NR X6 Order1 M",0.0101851851851854,0.380137565333462,19,0.0267934193145336,1,"NANA OrderNA SexNA - NANA OrderNA SexNA"
"PR X5 Order2 F - PR X6 Order1 M",-0.202867965367966,0.687296338422461,19,-0.29516811603217,1,"NANA OrderNA SexNA - NANA OrderNA SexNA"
"PR X5 Order2 F - NR X0 Order2 M",-0.557213415669296,0.577724548447978,19,-0.964496691660787,1,"NANA OrderNA SexNA - NANA OrderNA SexNA"
"PR X5 Order2 F - PR X0 Order2 M",0.236111111111109,1.00005692721918,19,0.23609767072726,1,"NANA OrderNA SexNA - NANA OrderNA SexNA"
"PR X5 Order2 F - NR X1 Order2 M",-0.215811965850432,0.483539437021629,19,-0.446317196338172,1,"NANA OrderNA SexNA - NANA OrderNA SexNA"
"PR X5 Order2 F - PR X1 Order2 M",2.68055555555556,1.08093564629462,19,2.47984749577306,1,"NANA OrderNA SexNA - NANA OrderNA SexNA"
"PR X5 Order2 F - NR X2 Order2 M",0.116643323996265,0.371854389903021,19,0.313680104803081,1,"NANA OrderNA SexNA - NANA OrderNA SexNA"
"PR X5 Order2 F - PR X2 Order2 M",2.04166666666666,0.77544075859115,19,2.63291121087837,1,"NANA OrderNA SexNA - NANA OrderNA SexNA"
"PR X5 Order2 F - NR X3 Order2 M",0.147222222222221,0.4093126619592,19,0.359681573292977,1,"NANA OrderNA SexNA - NANA OrderNA SexNA"
"PR X5 Order2 F - PR X3 Order2 M",1.59722222222222,1.21122242945286,19,1.31868613343276,1,"NANA OrderNA SexNA - NANA OrderNA SexNA"
"PR X5 Order2 F - NR X4 Order2 M",0.303525178525176,0.424308954153689,19,0.715340026539333,1,"NANA OrderNA SexNA - NANA OrderNA SexNA"
"PR X5 Order2 F - PR X4 Order2 M",0.245548433048439,0.465074196317592,19,0.52797690130449,1,"NANA OrderNA SexNA - NANA OrderNA SexNA"
"PR X5 Order2 F - NR X5 Order2 M",-0.429497354497358,0.399117753480534,19,-1.07611688718905,1,"NANA OrderNA SexNA - NANA OrderNA SexNA"
"PR X5 Order2 F - PR X5 Order2 M",0.5625,0.395819129216649,19,1.42110362658122,1,"NANA OrderNA SexNA - NANA OrderNA SexNA"
"PR X5 Order2 F - NR X6 Order2 M",0.0755557351145571,0.380137565333462,19,0.198758928358681,1,"NANA OrderNA SexNA - NANA OrderNA SexNA"
"PR X5 Order2 F - PR X6 Order2 M",0.365005446623092,0.687296338422461,19,0.531074336087521,1,"NANA OrderNA SexNA - NANA OrderNA SexNA"
"NR X6 Order2 F - PR X6 Order2 F",1.54808201058201,0.626369392625444,19,2.47151605555499,1,"NANA OrderNA SexNA - NANA OrderNA SexNA"
"NR X6 Order2 F - NR X0 Order1 M",-0.635954785954786,0.567095617513701,19,-1.12142426482324,1,"NANA OrderNA SexNA - NANA OrderNA SexNA"
"NR X6 Order2 F - PR X0 Order1 M",-0.23862433862434,0.993954547855631,19,-0.240075704808787,1,"NANA OrderNA SexNA - NANA OrderNA SexNA"
"NR X6 Order2 F - NR X1 Order1 M",0.0213009213009177,0.470788883342651,19,0.0452451662615288,1,"NANA OrderNA SexNA - NANA OrderNA SexNA"
"NR X6 Order2 F - PR X1 Order1 M",-1.01759259259259,1.07529235882815,19,-0.946340392208836,1,"NANA OrderNA SexNA - NANA OrderNA SexNA"
"NR X6 Order2 F - NR X2 Order1 M",-0.0306216931216929,0.355116139895069,19,-0.0862300799134083,1,"NANA OrderNA SexNA - NANA OrderNA SexNA"
"NR X6 Order2 F - PR X2 Order1 M",-1.08148148148148,0.767554659687663,19,-1.40899604716303,1,"NANA OrderNA SexNA - NANA OrderNA SexNA"
"NR X6 Order2 F - NR X3 Order1 M",-0.366005291005292,0.394168289901601,19,-0.928550825579248,1,"NANA OrderNA SexNA - NANA OrderNA SexNA"
"NR X6 Order2 F - PR X3 Order1 M",-0.306415343915345,1.20618885715857,19,-0.254035959706318,1,"NANA OrderNA SexNA - NANA OrderNA SexNA"
"NR X6 Order2 F - NR X4 Order1 M",0.242328042328041,0.409719262543053,19,0.591448985883542,1,"NANA OrderNA SexNA - NANA OrderNA SexNA"
"NR X6 Order2 F - PR X4 Order1 M",-0.105429292929289,0.451802826025115,19,-0.233352442384741,1,"NANA OrderNA SexNA - NANA OrderNA SexNA"
"NR X6 Order2 F - NR X5 Order1 M",-1.15752765752766,0.383571071207377,19,-3.0177657920971,1,"NANA OrderNA SexNA - NANA OrderNA SexNA"
"NR X6 Order2 F - PR X5 Order1 M",-0.291101491101492,0.380137565333462,19,-0.765779332663776,1,"NANA OrderNA SexNA - NANA OrderNA SexNA"
"NR X6 Order2 F - NR X6 Order1 M",-0.32962962962963,0.363780640086136,19,-0.906121968314697,1,"NANA OrderNA SexNA - NANA OrderNA SexNA"
"NR X6 Order2 F - PR X6 Order1 M",-0.542682780182781,0.678386351817862,19,-0.799961229657057,1,"NANA OrderNA SexNA - NANA OrderNA SexNA"
"NR X6 Order2 F - NR X0 Order2 M",-0.897028230484112,0.567095617513701,19,-1.58179362135952,1,"NANA OrderNA SexNA - NANA OrderNA SexNA"
"NR X6 Order2 F - PR X0 Order2 M",-0.103703703703706,0.993954547855631,19,-0.104334452644175,1,"NANA OrderNA SexNA - NANA OrderNA SexNA"
"NR X6 Order2 F - NR X1 Order2 M",-0.555626780665247,0.470788883342651,19,-1.18020369708018,1,"NANA OrderNA SexNA - NANA OrderNA SexNA"
"NR X6 Order2 F - PR X1 Order2 M",2.34074074074074,1.07529235882815,19,2.1768412297579,1,"NANA OrderNA SexNA - NANA OrderNA SexNA"
"NR X6 Order2 F - NR X2 Order2 M",-0.22317149081855,0.355116139895069,19,-0.628446487632167,1,"NANA OrderNA SexNA - NANA OrderNA SexNA"
"NR X6 Order2 F - PR X2 Order2 M",1.70185185185185,0.767554659687663,19,2.21723864271031,1,"NANA OrderNA SexNA - NANA OrderNA SexNA"
"NR X6 Order2 F - NR X3 Order2 M",-0.192592592592594,0.394168289901601,19,-0.488604988089406,1,"NANA OrderNA SexNA - NANA OrderNA SexNA"
"NR X6 Order2 F - PR X3 Order2 M",1.25740740740741,1.20618885715857,19,1.04246312668606,1,"NANA OrderNA SexNA - NANA OrderNA SexNA"
"NR X6 Order2 F - NR X4 Order2 M",-0.0362896362896387,0.409719262543053,19,-0.0885719555004455,1,"NANA OrderNA SexNA - NANA OrderNA SexNA"
"NR X6 Order2 F - PR X4 Order2 M",-0.0942663817663763,0.451802826025115,19,-0.208644958234803,1,"NANA OrderNA SexNA - NANA OrderNA SexNA"
"NR X6 Order2 F - NR X5 Order2 M",-0.769312169312173,0.383571071207377,19,-2.00565743107422,1,"NANA OrderNA SexNA - NANA OrderNA SexNA"
"NR X6 Order2 F - PR X5 Order2 M",0.222685185185185,0.380137565333462,19,0.585801576831384,1,"NANA OrderNA SexNA - NANA OrderNA SexNA"
"NR X6 Order2 F - NR X6 Order2 M",-0.264259079700258,0.363780640086136,19,-0.726424252917052,1,"NANA OrderNA SexNA - NANA OrderNA SexNA"
"NR X6 Order2 F - PR X6 Order2 M",0.0251906318082773,0.678386351817862,19,0.037133164222385,1,"NANA OrderNA SexNA - NANA OrderNA SexNA"
"PR X6 Order2 F - NR X0 Order1 M",-2.1840367965368,0.805896474514261,19,-2.710071163735,1,"NANA OrderNA SexNA - NANA OrderNA SexNA"
"PR X6 Order2 F - PR X0 Order1 M",-1.78670634920635,1.14709081220022,19,-1.55759799503519,1,"NANA OrderNA SexNA - NANA OrderNA SexNA"
"PR X6 Order2 F - NR X1 Order1 M",-1.52678108928109,0.74129202134536,19,-2.05962164075388,1,"NANA OrderNA SexNA - NANA OrderNA SexNA"
"PR X6 Order2 F - PR X1 Order1 M",-2.5656746031746,1.21824683261869,19,-2.10603839425508,1,"NANA OrderNA SexNA - NANA OrderNA SexNA"
"PR X6 Order2 F - NR X2 Order1 M",-1.5787037037037,0.673779757075889,19,-2.34305600179361,1,"NANA OrderNA SexNA - NANA OrderNA SexNA"
"PR X6 Order2 F - PR X2 Order1 M",-2.62956349206349,0.957607353689138,19,-2.7459725344978,1,"NANA OrderNA SexNA - NANA OrderNA SexNA"
"PR X6 Order2 F - NR X3 Order1 M",-1.9140873015873,0.695154895685287,19,-2.75346877863873,1,"NANA OrderNA SexNA - NANA OrderNA SexNA"
"PR X6 Order2 F - PR X3 Order1 M",-1.85449735449735,1.33520157555508,19,-1.38892687699712,1,"NANA OrderNA SexNA - NANA OrderNA SexNA"
"PR X6 Order2 F - NR X4 Order1 M",-1.30575396825397,0.704089172143765,19,-1.85452925554627,1,"NANA OrderNA SexNA - NANA OrderNA SexNA"
"PR X6 Order2 F - PR X4 Order1 M",-1.6535113035113,0.729381574921899,19,-2.26700448758711,1,"NANA OrderNA SexNA - NANA OrderNA SexNA"
"PR X6 Order2 F - NR X5 Order1 M",-2.70560966810967,0.689201316669116,19,-3.9257174974444,1,"NANA OrderNA SexNA - NANA OrderNA SexNA"
"PR X6 Order2 F - PR X5 Order1 M",-1.8391835016835,0.687296338422461,19,-2.67596871810047,1,"NANA OrderNA SexNA - NANA OrderNA SexNA"
"PR X6 Order2 F - NR X6 Order1 M",-1.87771164021164,0.678386351817862,19,-2.76790892856256,1,"NANA OrderNA SexNA - NANA OrderNA SexNA"
"PR X6 Order2 F - PR X6 Order1 M",-2.09076479076479,0.887738548540062,19,-2.35515827740406,1,"NANA OrderNA SexNA - NANA OrderNA SexNA"
"PR X6 Order2 F - NR X0 Order2 M",-2.44511024106612,0.805896474514261,19,-3.03402523573498,1,"NANA OrderNA SexNA - NANA OrderNA SexNA"
"PR X6 Order2 F - PR X0 Order2 M",-1.65178571428572,1.14709081220022,19,-1.43997815754225,1,"NANA OrderNA SexNA - NANA OrderNA SexNA"
"PR X6 Order2 F - NR X1 Order2 M",-2.10370879124726,0.74129202134536,19,-2.83789482507753,1,"NANA OrderNA SexNA - NANA OrderNA SexNA"
"PR X6 Order2 F - PR X1 Order2 M",0.792658730158731,1.21824683261869,19,0.650655276857865,1,"NANA OrderNA SexNA - NANA OrderNA SexNA"
"PR X6 Order2 F - NR X2 Order2 M",-1.77125350140056,0.673779757075889,19,-2.62883157708322,1,"NANA OrderNA SexNA - NANA OrderNA SexNA"
"PR X6 Order2 F - PR X2 Order2 M",0.15376984126984,0.957607353689138,19,0.160577130780637,1,"NANA OrderNA SexNA - NANA OrderNA SexNA"
"PR X6 Order2 F - NR X3 Order2 M",-1.7406746031746,0.695154895685287,19,-2.50400970197964,1,"NANA OrderNA SexNA - NANA OrderNA SexNA"
"PR X6 Order2 F - PR X3 Order2 M",-0.290674603174603,1.33520157555508,19,-0.217700913851724,1,"NANA OrderNA SexNA - NANA OrderNA SexNA"
"PR X6 Order2 F - NR X4 Order2 M",-1.58437164687165,0.704089172143765,19,-2.25024288052557,1,"NANA OrderNA SexNA - NANA OrderNA SexNA"
"PR X6 Order2 F - PR X4 Order2 M",-1.64234839234839,0.729381574921899,19,-2.25169986303019,1,"NANA OrderNA SexNA - NANA OrderNA SexNA"
"PR X6 Order2 F - NR X5 Order2 M",-2.31739417989418,0.689201316669116,19,-3.36243434805676,1,"NANA OrderNA SexNA - NANA OrderNA SexNA"
"PR X6 Order2 F - PR X5 Order2 M",-1.32539682539682,0.687296338422461,19,-1.92842119374444,1,"NANA OrderNA SexNA - NANA OrderNA SexNA"
"PR X6 Order2 F - NR X6 Order2 M",-1.81234109028227,0.678386351817862,19,-2.67154709912097,1,"NANA OrderNA SexNA - NANA OrderNA SexNA"
"PR X6 Order2 F - PR X6 Order2 M",-1.52289137877373,0.887738548540062,19,-1.71547285096295,1,"NANA OrderNA SexNA - NANA OrderNA SexNA"
"NR X0 Order1 M - PR X0 Order1 M",0.397330447330446,1.32591573728984,19,0.299664930550252,1,"NANA OrderNA SexNA - NANA OrderNA SexNA"
"NR X0 Order1 M - NR X1 Order1 M",0.657255707255703,0.594315053345732,19,1.10590452581614,1,"NANA OrderNA SexNA - NANA OrderNA SexNA"
"NR X0 Order1 M - PR X1 Order1 M",-0.381637806637809,1.14433176242365,19,-0.333502764818409,1,"NANA OrderNA SexNA - NANA OrderNA SexNA"
"NR X0 Order1 M - NR X2 Order1 M",0.605333092833093,0.49635641298617,19,1.21955328267303,1,"NANA OrderNA SexNA - NANA OrderNA SexNA"
"NR X0 Order1 M - PR X2 Order1 M",-0.445526695526697,0.83336102372891,19,-0.534614270215289,1,"NANA OrderNA SexNA - NANA OrderNA SexNA"
"NR X0 Order1 M - NR X3 Order1 M",0.269949494949493,0.462576568665669,19,0.583577970082185,1,"NANA OrderNA SexNA - NANA OrderNA SexNA"
"NR X0 Order1 M - PR X3 Order1 M",0.329539442039441,1.24788375526281,19,0.264078637653263,1,"NANA OrderNA SexNA - NANA OrderNA SexNA"
"NR X0 Order1 M - NR X4 Order1 M",0.878282828282827,0.605395890588126,19,1.45075782960733,1,"NANA OrderNA SexNA - NANA OrderNA SexNA"
"NR X0 Order1 M - PR X4 Order1 M",0.530525493025497,0.675307108575003,19,0.785606261638477,1,"NANA OrderNA SexNA - NANA OrderNA SexNA"
"NR X0 Order1 M - NR X5 Order1 M",-0.521572871572875,0.558121240777772,19,-0.934515358788415,1,"NANA OrderNA SexNA - NANA OrderNA SexNA"
"NR X0 Order1 M - PR X5 Order1 M",0.344853294853294,0.647551931625052,19,0.53254924896583,1,"NANA OrderNA SexNA - NANA OrderNA SexNA"
"NR X0 Order1 M - NR X6 Order1 M",0.306325156325156,0.531416896538264,19,0.576430968455478,1,"NANA OrderNA SexNA - NANA OrderNA SexNA"
"NR X0 Order1 M - PR X6 Order1 M",0.0932720057720042,0.642900251499581,19,0.145080057994136,1,"NANA OrderNA SexNA - NANA OrderNA SexNA"
"NR X0 Order1 M - NR X0 Order2 M",-0.261073444529326,0.714743677625073,19,-0.365268630842335,1,"NANA OrderNA SexNA - NANA OrderNA SexNA"
"NR X0 Order1 M - PR X0 Order2 M",0.53225108225108,1.08499157992339,19,0.490557799802152,1,"NANA OrderNA SexNA - NANA OrderNA SexNA"
"NR X0 Order1 M - NR X1 Order2 M",0.0803280052895388,0.641017361684368,19,0.125313306769828,1,"NANA OrderNA SexNA - NANA OrderNA SexNA"
"NR X0 Order1 M - PR X1 Order2 M",2.97669552669553,1.15996325039027,19,2.56619813230635,1,"NANA OrderNA SexNA - NANA OrderNA SexNA"
"NR X0 Order1 M - NR X2 Order2 M",0.412783295136236,0.56157684969712,19,0.735043289905675,1,"NANA OrderNA SexNA - NANA OrderNA SexNA"
"NR X0 Order1 M - PR X2 Order2 M",2.33780663780664,0.882270503252836,19,2.6497617558191,1,"NANA OrderNA SexNA - NANA OrderNA SexNA"
"NR X0 Order1 M - NR X3 Order2 M",0.443362193362192,0.587051723501192,19,0.755235315072355,1,"NANA OrderNA SexNA - NANA OrderNA SexNA"
"NR X0 Order1 M - PR X3 Order2 M",1.89336219336219,1.28224515769617,19,1.47659921505496,1,"NANA OrderNA SexNA - NANA OrderNA SexNA"
"NR X0 Order1 M - NR X4 Order2 M",0.599665149665147,0.597604350218931,19,1.0034484344792,1,"NANA OrderNA SexNA - NANA OrderNA SexNA"
"NR X0 Order1 M - PR X4 Order2 M",0.541688404188409,0.627205611347705,19,0.863653631899847,1,"NANA OrderNA SexNA - NANA OrderNA SexNA"
"NR X0 Order1 M - NR X5 Order2 M",-0.133357383357388,0.579989527464886,19,-0.22993067468009,1,"NANA OrderNA SexNA - NANA OrderNA SexNA"
"NR X0 Order1 M - PR X5 Order2 M",0.858639971139971,0.577724548447978,19,1.48624456663068,1,"NANA OrderNA SexNA - NANA OrderNA SexNA"
"NR X0 Order1 M - NR X6 Order2 M",0.371695706254528,0.567095617513701,19,0.655437451419817,1,"NANA OrderNA SexNA - NANA OrderNA SexNA"
"NR X0 Order1 M - PR X6 Order2 M",0.661145417763063,0.805896474514261,19,0.820385047796066,1,"NANA OrderNA SexNA - NANA OrderNA SexNA"
"PR X0 Order1 M - NR X1 Order1 M",0.259925259925258,1.12993538766235,19,0.230035507130192,1,"NANA OrderNA SexNA - NANA OrderNA SexNA"
"PR X0 Order1 M - PR X1 Order1 M",-0.778968253968254,1.54621239599686,19,-0.503791235916229,1,"NANA OrderNA SexNA - NANA OrderNA SexNA"
"PR X0 Order1 M - NR X2 Order1 M",0.208002645502647,1.05457313162925,19,0.197238711345979,1,"NANA OrderNA SexNA - NANA OrderNA SexNA"
"PR X0 Order1 M - PR X2 Order1 M",-0.842857142857143,1.17993720669294,19,-0.714323726784964,1,"NANA OrderNA SexNA - NANA OrderNA SexNA"
"PR X0 Order1 M - NR X3 Order1 M",-0.127380952380952,1.10913189976883,19,-0.114847433752019,1,"NANA OrderNA SexNA - NANA OrderNA SexNA"
"PR X0 Order1 M - PR X3 Order1 M",-0.0677910052910045,1.49408847596558,19,-0.045372818532178,1,"NANA OrderNA SexNA - NANA OrderNA SexNA"
"PR X0 Order1 M - NR X4 Order1 M",0.480952380952382,1.01700217766563,19,0.472911849664209,1,"NANA OrderNA SexNA - NANA OrderNA SexNA"
"PR X0 Order1 M - PR X4 Order1 M",0.133195045695051,0.961598828966387,19,0.138514151310086,1,"NANA OrderNA SexNA - NANA OrderNA SexNA"
"PR X0 Order1 M - NR X5 Order1 M",-0.91890331890332,1.06458649741914,19,-0.863155150972707,1,"NANA OrderNA SexNA - NANA OrderNA SexNA"
"PR X0 Order1 M - PR X5 Order1 M",-0.0524771524771514,0.885651935047936,19,-0.0592525690968102,1,"NANA OrderNA SexNA - NANA OrderNA SexNA"
"PR X0 Order1 M - NR X6 Order1 M",-0.0910052910052895,1.05172988621367,19,-0.0865291480238497,1,"NANA OrderNA SexNA - NANA OrderNA SexNA"
"PR X0 Order1 M - PR X6 Order1 M",-0.304058441558441,1.25563272445539,19,-0.242155556825203,1,"NANA OrderNA SexNA - NANA OrderNA SexNA"
"PR X0 Order1 M - NR X0 Order2 M",-0.658403891859771,1.08499157992339,19,-0.606828572721513,1,"NANA OrderNA SexNA - NANA OrderNA SexNA"
"PR X0 Order1 M - PR X0 Order2 M",0.134920634920634,1.35777572975227,19,0.0993688662745881,1,"NANA OrderNA SexNA - NANA OrderNA SexNA"
"PR X0 Order1 M - NR X1 Order2 M",-0.317002442040907,1.03790725104916,19,-0.305424633771915,1,"NANA OrderNA SexNA - NANA OrderNA SexNA"
"PR X0 Order1 M - PR X1 Order2 M",2.57936507936508,1.41840154612705,19,1.81850131678722,1,"NANA OrderNA SexNA - NANA OrderNA SexNA"
"PR X0 Order1 M - NR X2 Order2 M",0.0154528478057906,0.990816209957926,19,0.0155960789200721,1,"NANA OrderNA SexNA - NANA OrderNA SexNA"
"PR X0 Order1 M - PR X2 Order2 M",1.94047619047619,1.20197730623738,19,1.61440335055125,1,"NANA OrderNA SexNA - NANA OrderNA SexNA"
"PR X0 Order1 M - NR X3 Order2 M",0.0460317460317465,1.00547398268944,19,0.0457811408591805,1,"NANA OrderNA SexNA - NANA OrderNA SexNA"
"PR X0 Order1 M - PR X3 Order2 M",1.49603174603175,1.52003317339949,19,0.984209931870063,1,"NANA OrderNA SexNA - NANA OrderNA SexNA"
"PR X0 Order1 M - NR X4 Order2 M",0.202334702334701,1.01167146999421,19,0.200000403624964,1,"NANA OrderNA SexNA - NANA OrderNA SexNA"
"PR X0 Order1 M - PR X4 Order2 M",0.144357956857964,1.02943435084793,19,0.140230367035118,1,"NANA OrderNA SexNA - NANA OrderNA SexNA"
"PR X0 Order1 M - NR X5 Order2 M",-0.530687830687833,1.0013670934121,19,-0.529963321322601,1,"NANA OrderNA SexNA - NANA OrderNA SexNA"
"PR X0 Order1 M - PR X5 Order2 M",0.461309523809526,1.00005692721918,19,0.461283264236039,1,"NANA OrderNA SexNA - NANA OrderNA SexNA"
"PR X0 Order1 M - NR X6 Order2 M",-0.0256347410759178,0.993954547855631,19,-0.0257906572601559,1,"NANA OrderNA SexNA - NANA OrderNA SexNA"
"PR X0 Order1 M - PR X6 Order2 M",0.263814970432617,1.14709081220022,19,0.229986124574215,1,"NANA OrderNA SexNA - NANA OrderNA SexNA"
"NR X1 Order1 M - PR X1 Order1 M",-1.03889351389351,1.15458769005444,19,-0.899796111497196,1,"NANA OrderNA SexNA - NANA OrderNA SexNA"
"NR X1 Order1 M - NR X2 Order1 M",-0.0519226144226106,0.452991620966114,19,-0.114621578014783,1,"NANA OrderNA SexNA - NANA OrderNA SexNA"
"NR X1 Order1 M - PR X2 Order1 M",-1.1027824027824,0.85021641459785,19,-1.2970608233952,1,"NANA OrderNA SexNA - NANA OrderNA SexNA"
"NR X1 Order1 M - NR X3 Order1 M",-0.38730621230621,0.314708244362069,19,-1.23068340040249,1,"NANA OrderNA SexNA - NANA OrderNA SexNA"
"NR X1 Order1 M - PR X3 Order1 M",-0.327716265216262,1.18297859290001,19,-0.277026369862606,1,"NANA OrderNA SexNA - NANA OrderNA SexNA"
"NR X1 Order1 M - NR X4 Order1 M",0.221027121027124,0.351820953948674,19,0.628237512707583,1,"NANA OrderNA SexNA - NANA OrderNA SexNA"
"NR X1 Order1 M - PR X4 Order1 M",-0.126730214230207,0.515208237461169,19,-0.245978625758595,1,"NANA OrderNA SexNA - NANA OrderNA SexNA"
"NR X1 Order1 M - NR X5 Order1 M",-1.17882857882858,0.421827769271601,19,-2.794573199541,1,"NANA OrderNA SexNA - NANA OrderNA SexNA"
"NR X1 Order1 M - PR X5 Order1 M",-0.312402412402409,0.430325726752186,19,-0.725967314945858,1,"NANA OrderNA SexNA - NANA OrderNA SexNA"
"NR X1 Order1 M - NR X6 Order1 M",-0.350930550930547,0.408990389274573,19,-0.858041069260804,1,"NANA OrderNA SexNA - NANA OrderNA SexNA"
"NR X1 Order1 M - PR X6 Order1 M",-0.563983701483699,0.647235448650289,19,-0.871373319647125,1,"NANA OrderNA SexNA - NANA OrderNA SexNA"
"NR X1 Order1 M - NR X0 Order2 M",-0.918329151785029,0.641017361684368,19,-1.4326119800749,1,"NANA OrderNA SexNA - NANA OrderNA SexNA"
"NR X1 Order1 M - PR X0 Order2 M",-0.125004625004623,1.03790725104916,19,-0.12043910944669,1,"NANA OrderNA SexNA - NANA OrderNA SexNA"
"NR X1 Order1 M - NR X1 Order2 M",-0.576927701966164,0.557627107713176,19,-1.03461200860937,1,"NANA OrderNA SexNA - NANA OrderNA SexNA"
"NR X1 Order1 M - PR X1 Order2 M",2.31943981943982,1.11604635904238,19,2.07826476082053,1,"NANA OrderNA SexNA - NANA OrderNA SexNA"
"NR X1 Order1 M - NR X2 Order2 M",-0.244472412119467,0.464126374376113,19,-0.526736737269222,1,"NANA OrderNA SexNA - NANA OrderNA SexNA"
"NR X1 Order1 M - PR X2 Order2 M",1.68055093055093,0.823678319604071,19,2.04030006684982,1,"NANA OrderNA SexNA - NANA OrderNA SexNA"
"NR X1 Order1 M - NR X3 Order2 M",-0.213893513893511,0.494645791796002,19,-0.432417534811907,1,"NANA OrderNA SexNA - NANA OrderNA SexNA"
"NR X1 Order1 M - PR X3 Order2 M",1.23610648610649,1.24265738548928,19,0.994728314128026,1,"NANA OrderNA SexNA - NANA OrderNA SexNA"
"NR X1 Order1 M - NR X4 Order2 M",-0.0575905575905564,0.507124928076273,19,-0.113562860751138,1,"NANA OrderNA SexNA - NANA OrderNA SexNA"
"NR X1 Order1 M - PR X4 Order2 M",-0.115567303067294,0.541693282385726,19,-0.213344537998168,1,"NANA OrderNA SexNA - NANA OrderNA SexNA"
"NR X1 Order1 M - NR X5 Order2 M",-0.790613090613091,0.486243339537639,19,-1.62596178975916,1,"NANA OrderNA SexNA - NANA OrderNA SexNA"
"NR X1 Order1 M - PR X5 Order2 M",0.201384263884268,0.483539437021629,19,0.416479501909292,1,"NANA OrderNA SexNA - NANA OrderNA SexNA"
"NR X1 Order1 M - NR X6 Order2 M",-0.285560001001176,0.470788883342651,19,-0.606556380375147,1,"NANA OrderNA SexNA - NANA OrderNA SexNA"
"NR X1 Order1 M - PR X6 Order2 M",0.00388971050735959,0.74129202134536,19,0.00524720406446601,1,"NANA OrderNA SexNA - NANA OrderNA SexNA"
"PR X1 Order1 M - NR X2 Order1 M",0.986970899470901,1.04239018633753,19,0.946834412302605,1,"NANA OrderNA SexNA - NANA OrderNA SexNA"
"PR X1 Order1 M - PR X2 Order1 M",-0.0638888888888884,1.30176406918541,19,-0.0490787005120425,1,"NANA OrderNA SexNA - NANA OrderNA SexNA"
"PR X1 Order1 M - NR X3 Order1 M",0.651587301587302,1.10708075488256,19,0.588563479866853,1,"NANA OrderNA SexNA - NANA OrderNA SexNA"
"PR X1 Order1 M - PR X3 Order1 M",0.71117724867725,1.27219135945661,19,0.559017512098976,1,"NANA OrderNA SexNA - NANA OrderNA SexNA"
"PR X1 Order1 M - NR X4 Order1 M",1.25992063492064,1.02616487007059,19,1.2277955245476,1,"NANA OrderNA SexNA - NANA OrderNA SexNA"
"PR X1 Order1 M - PR X4 Order1 M",0.912163299663305,1.24092588688567,19,0.735066702454364,1,"NANA OrderNA SexNA - NANA OrderNA SexNA"
"PR X1 Order1 M - NR X5 Order1 M",-0.139935064935066,1.05284913966142,19,-0.132910841319648,1,"NANA OrderNA SexNA - NANA OrderNA SexNA"
"PR X1 Order1 M - PR X5 Order1 M",0.726491101491103,1.0327553049687,19,0.70344940180493,1,"NANA OrderNA SexNA - NANA OrderNA SexNA"
"PR X1 Order1 M - NR X6 Order1 M",0.687962962962965,1.03945056796081,19,0.661852505706555,1,"NANA OrderNA SexNA - NANA OrderNA SexNA"
"PR X1 Order1 M - PR X6 Order1 M",0.474909812409813,1.40001557358222,19,0.33921752112704,1,"NANA OrderNA SexNA - NANA OrderNA SexNA"
"PR X1 Order1 M - NR X0 Order2 M",0.120564362108483,1.15996325039027,19,0.103938087752279,1,"NANA OrderNA SexNA - NANA OrderNA SexNA"
"PR X1 Order1 M - PR X0 Order2 M",0.913888888888889,1.41840154612705,19,0.64430900500938,1,"NANA OrderNA SexNA - NANA OrderNA SexNA"
"PR X1 Order1 M - NR X1 Order2 M",0.461965811927347,1.11604635904238,19,0.413930665320872,1,"NANA OrderNA SexNA - NANA OrderNA SexNA"
"PR X1 Order1 M - PR X1 Order2 M",3.35833333333333,1.4765401991842,19,2.27446115939738,1,"NANA OrderNA SexNA - NANA OrderNA SexNA"
"PR X1 Order1 M - NR X2 Order2 M",0.794421101774045,1.07239208112831,19,0.740793517365592,1,"NANA OrderNA SexNA - NANA OrderNA SexNA"
"PR X1 Order1 M - PR X2 Order2 M",2.71944444444444,1.27006199000717,19,2.14119032444164,1,"NANA OrderNA SexNA - NANA OrderNA SexNA"
"PR X1 Order1 M - NR X3 Order2 M",0.825000000000001,1.08594932829146,19,0.759703955338307,1,"NANA OrderNA SexNA - NANA OrderNA SexNA"
"PR X1 Order1 M - PR X3 Order2 M",2.275,1.57442334268335,19,1.4449734949449,1,"NANA OrderNA SexNA - NANA OrderNA SexNA"
"PR X1 Order1 M - NR X4 Order2 M",0.981302956302955,1.09169005535067,19,0.898884213054176,1,"NANA OrderNA SexNA - NANA OrderNA SexNA"
"PR X1 Order1 M - PR X4 Order2 M",0.923326210826218,1.10817105920386,19,0.833198271293568,1,"NANA OrderNA SexNA - NANA OrderNA SexNA"
"PR X1 Order1 M - NR X5 Order2 M",0.248280423280421,1.08214789632466,19,0.229432986122936,1,"NANA OrderNA SexNA - NANA OrderNA SexNA"
"PR X1 Order1 M - PR X5 Order2 M",1.24027777777778,1.08093564629462,19,1.14741130244837,1,"NANA OrderNA SexNA - NANA OrderNA SexNA"
"PR X1 Order1 M - NR X6 Order2 M",0.753333512892336,1.07529235882815,19,0.700584828588681,1,"NANA OrderNA SexNA - NANA OrderNA SexNA"
"PR X1 Order1 M - PR X6 Order2 M",1.04278322440087,1.21824683261869,19,0.855970396540535,1,"NANA OrderNA SexNA - NANA OrderNA SexNA"
"NR X2 Order1 M - PR X2 Order1 M",-1.05085978835979,0.677693888334591,19,-1.55064079291351,1,"NANA OrderNA SexNA - NANA OrderNA SexNA"
"NR X2 Order1 M - NR X3 Order1 M",-0.335383597883599,0.375516988394057,19,-0.893124967043187,1,"NANA OrderNA SexNA - NANA OrderNA SexNA"
"NR X2 Order1 M - PR X3 Order1 M",-0.275793650793652,1.10683726867626,19,-0.249172718157106,1,"NANA OrderNA SexNA - NANA OrderNA SexNA"
"NR X2 Order1 M - NR X4 Order1 M",0.272949735449734,0.325749096853474,19,0.837914020595154,1,"NANA OrderNA SexNA - NANA OrderNA SexNA"
"NR X2 Order1 M - PR X4 Order1 M",-0.0748075998075959,0.407905564507176,19,-0.183394408698437,1,"NANA OrderNA SexNA - NANA OrderNA SexNA"
"NR X2 Order1 M - NR X5 Order1 M",-1.12690596440597,0.293857134687211,19,-3.83487699083935,1,"NANA OrderNA SexNA - NANA OrderNA SexNA"
"NR X2 Order1 M - PR X5 Order1 M",-0.260479797979799,0.379976475643237,19,-0.685515590245026,1,"NANA OrderNA SexNA - NANA OrderNA SexNA"
"NR X2 Order1 M - NR X6 Order1 M",-0.299007936507937,0.302145170871511,19,-0.989616797930196,1,"NANA OrderNA SexNA - NANA OrderNA SexNA"
"NR X2 Order1 M - PR X6 Order1 M",-0.512061087061089,0.700797179603541,19,-0.730683715580555,1,"NANA OrderNA SexNA - NANA OrderNA SexNA"
"NR X2 Order1 M - NR X0 Order2 M",-0.866406537362419,0.56157684969712,19,-1.54281028113909,1,"NANA OrderNA SexNA - NANA OrderNA SexNA"
"NR X2 Order1 M - PR X0 Order2 M",-0.0730820105820127,0.990816209957926,19,-0.0737594014384526,1,"NANA OrderNA SexNA - NANA OrderNA SexNA"
"NR X2 Order1 M - NR X1 Order2 M",-0.525005087543554,0.464126374376113,19,-1.13116839836839,1,"NANA OrderNA SexNA - NANA OrderNA SexNA"
"NR X2 Order1 M - PR X1 Order2 M",2.37136243386243,1.07239208112831,19,2.21128305178031,1,"NANA OrderNA SexNA - NANA OrderNA SexNA"
"NR X2 Order1 M - NR X2 Order2 M",-0.192549797696857,0.34623487913044,19,-0.55612478494495,1,"NANA OrderNA SexNA - NANA OrderNA SexNA"
"NR X2 Order1 M - PR X2 Order2 M",1.73247354497354,0.76348626334777,19,2.26916138265136,1,"NANA OrderNA SexNA - NANA OrderNA SexNA"
"NR X2 Order1 M - NR X3 Order2 M",-0.161970899470901,0.386186172041994,19,-0.419411442451357,1,"NANA OrderNA SexNA - NANA OrderNA SexNA"
"NR X2 Order1 M - PR X3 Order2 M",1.2880291005291,1.20360403698476,19,1.07014355298761,1,"NANA OrderNA SexNA - NANA OrderNA SexNA"
"NR X2 Order1 M - NR X4 Order2 M",-0.00566794316794576,0.402046008326559,19,-0.0140977476471848,1,"NANA OrderNA SexNA - NANA OrderNA SexNA"
"NR X2 Order1 M - PR X4 Order2 M",-0.0636446886446833,0.444856057974685,19,-0.143068049774215,1,"NANA OrderNA SexNA - NANA OrderNA SexNA"
"NR X2 Order1 M - NR X5 Order2 M",-0.73869047619048,0.375363670830929,19,-1.96793279049959,1,"NANA OrderNA SexNA - NANA OrderNA SexNA"
"NR X2 Order1 M - PR X5 Order2 M",0.253306878306878,0.371854389903021,19,0.681199106921771,1,"NANA OrderNA SexNA - NANA OrderNA SexNA"
"NR X2 Order1 M - NR X6 Order2 M",-0.233637386578565,0.355116139895069,19,-0.657918242318135,1,"NANA OrderNA SexNA - NANA OrderNA SexNA"
"NR X2 Order1 M - PR X6 Order2 M",0.0558123249299702,0.673779757075889,19,0.0828346716324457,1,"NANA OrderNA SexNA - NANA OrderNA SexNA"
"PR X2 Order1 M - NR X3 Order1 M",0.71547619047619,0.666219682730455,19,1.07393433280725,1,"NANA OrderNA SexNA - NANA OrderNA SexNA"
"PR X2 Order1 M - PR X3 Order1 M",0.775066137566138,1.09374497855658,19,0.708635150571387,1,"NANA OrderNA SexNA - NANA OrderNA SexNA"
"PR X2 Order1 M - NR X4 Order1 M",1.32380952380952,0.752966000511028,19,1.75812655938126,1,"NANA OrderNA SexNA - NANA OrderNA SexNA"
"PR X2 Order1 M - PR X4 Order1 M",0.976052188552194,0.681003491814744,19,1.43325577663516,1,"NANA OrderNA SexNA - NANA OrderNA SexNA"
"PR X2 Order1 M - NR X5 Order1 M",-0.0760461760461776,0.717010883695549,19,-0.106060002400839,1,"NANA OrderNA SexNA - NANA OrderNA SexNA"
"PR X2 Order1 M - PR X5 Order1 M",0.790379990379991,0.874958293757192,19,0.903334474362189,1,"NANA OrderNA SexNA - NANA OrderNA SexNA"
"PR X2 Order1 M - NR X6 Order1 M",0.751851851851853,0.702548853668495,19,1.07017732350699,1,"NANA OrderNA SexNA - NANA OrderNA SexNA"
"PR X2 Order1 M - PR X6 Order1 M",0.538798701298701,0.941704178202996,19,0.572152820142374,1,"NANA OrderNA SexNA - NANA OrderNA SexNA"
"PR X2 Order1 M - NR X0 Order2 M",0.184453250997371,0.882270503252836,19,0.209066550811018,1,"NANA OrderNA SexNA - NANA OrderNA SexNA"
"PR X2 Order1 M - PR X0 Order2 M",0.977777777777777,1.20197730623738,19,0.813474408130529,1,"NANA OrderNA SexNA - NANA OrderNA SexNA"
"PR X2 Order1 M - NR X1 Order2 M",0.525854700816236,0.823678319604071,19,0.638422413581319,1,"NANA OrderNA SexNA - NANA OrderNA SexNA"
"PR X2 Order1 M - PR X1 Order2 M",3.42222222222222,1.27006199000717,19,2.69453164424117,1,"NANA OrderNA SexNA - NANA OrderNA SexNA"
"PR X2 Order1 M - NR X2 Order2 M",0.858309990662933,0.76348626334777,19,1.12419834104071,1,"NANA OrderNA SexNA - NANA OrderNA SexNA"
"PR X2 Order1 M - PR X2 Order2 M",2.78333333333333,1.02271401531171,19,2.72151675997615,1,"NANA OrderNA SexNA - NANA OrderNA SexNA"
"PR X2 Order1 M - NR X3 Order2 M",0.888888888888889,0.782414495181881,19,1.13608438284653,1,"NANA OrderNA SexNA - NANA OrderNA SexNA"
"PR X2 Order1 M - PR X3 Order2 M",2.33888888888889,1.3826407200138,19,1.69161001483129,1,"NANA OrderNA SexNA - NANA OrderNA SexNA"
"PR X2 Order1 M - NR X4 Order2 M",1.04519184519184,0.790363002427106,19,1.32242000445642,1,"NANA OrderNA SexNA - NANA OrderNA SexNA"
"PR X2 Order1 M - PR X4 Order2 M",0.987215099715106,0.812975765389748,19,1.21432291310901,1,"NANA OrderNA SexNA - NANA OrderNA SexNA"
"PR X2 Order1 M - NR X5 Order2 M",0.312169312169309,0.777129698424877,19,0.401695254732934,1,"NANA OrderNA SexNA - NANA OrderNA SexNA"
"PR X2 Order1 M - PR X5 Order2 M",1.30416666666667,0.77544075859115,19,1.68183920205088,1,"NANA OrderNA SexNA - NANA OrderNA SexNA"
"PR X2 Order1 M - NR X6 Order2 M",0.817222401781225,0.767554659687663,19,1.06470906204097,1,"NANA OrderNA SexNA - NANA OrderNA SexNA"
"PR X2 Order1 M - PR X6 Order2 M",1.10667211328976,0.957607353689138,19,1.15566375824742,1,"NANA OrderNA SexNA - NANA OrderNA SexNA"
"NR X3 Order1 M - PR X3 Order1 M",0.0595899470899476,1.18289827247895,19,0.0503762229401752,1,"NANA OrderNA SexNA - NANA OrderNA SexNA"
"NR X3 Order1 M - NR X4 Order1 M",0.608333333333334,0.39398501134969,19,1.54405197103652,1,"NANA OrderNA SexNA - NANA OrderNA SexNA"
"NR X3 Order1 M - PR X4 Order1 M",0.260575998076003,0.465816499392317,19,0.559396239540546,1,"NANA OrderNA SexNA - NANA OrderNA SexNA"
"NR X3 Order1 M - NR X5 Order1 M",-0.791522366522368,0.399938818925612,19,-1.97910862628614,1,"NANA OrderNA SexNA - NANA OrderNA SexNA"
"NR X3 Order1 M - PR X5 Order1 M",0.0749037999038006,0.444372811738668,19,0.168560717319157,1,"NANA OrderNA SexNA - NANA OrderNA SexNA"
"NR X3 Order1 M - NR X6 Order1 M",0.0363756613756625,0.369486472155336,19,0.098449237298111,1,"NANA OrderNA SexNA - NANA OrderNA SexNA"
"NR X3 Order1 M - PR X6 Order1 M",-0.176677489177489,0.612613532354929,19,-0.288399586111539,1,"NANA OrderNA SexNA - NANA OrderNA SexNA"
"NR X3 Order1 M - NR X0 Order2 M",-0.531022939478819,0.587051723501192,19,-0.904559033251422,1,"NANA OrderNA SexNA - NANA OrderNA SexNA"
"NR X3 Order1 M - PR X0 Order2 M",0.262301587301586,1.00547398268944,19,0.260873569895844,1,"NANA OrderNA SexNA - NANA OrderNA SexNA"
"NR X3 Order1 M - NR X1 Order2 M",-0.189621489659955,0.494645791796002,19,-0.383348029650592,1,"NANA OrderNA SexNA - NANA OrderNA SexNA"
"NR X3 Order1 M - PR X1 Order2 M",2.70674603174603,1.08594932829146,19,2.49251595928936,1,"NANA OrderNA SexNA - NANA OrderNA SexNA"
"NR X3 Order1 M - NR X2 Order2 M",0.142833800186743,0.386186172041994,19,0.369857365507149,1,"NANA OrderNA SexNA - NANA OrderNA SexNA"
"NR X3 Order1 M - PR X2 Order2 M",2.06785714285714,0.782414495181881,19,2.64291773170236,1,"NANA OrderNA SexNA - NANA OrderNA SexNA"
"NR X3 Order1 M - NR X3 Order2 M",0.173412698412699,0.422375339510283,19,0.410565395730157,1,"NANA OrderNA SexNA - NANA OrderNA SexNA"
"NR X3 Order1 M - PR X3 Order2 M",1.6234126984127,1.21569891247627,19,1.3353739826138,1,"NANA OrderNA SexNA - NANA OrderNA SexNA"
"NR X3 Order1 M - NR X4 Order2 M",0.329715654715653,0.436923518205758,19,0.754630137717563,1,"NANA OrderNA SexNA - NANA OrderNA SexNA"
"NR X3 Order1 M - PR X4 Order2 M",0.271738909238916,0.476611036660666,19,0.570148167660638,1,"NANA OrderNA SexNA - NANA OrderNA SexNA"
"NR X3 Order1 M - NR X5 Order2 M",-0.403306878306881,0.412503397961336,19,-0.977705590548088,1,"NANA OrderNA SexNA - NANA OrderNA SexNA"
"NR X3 Order1 M - PR X5 Order2 M",0.588690476190478,0.4093126619592,19,1.43824154711627,1,"NANA OrderNA SexNA - NANA OrderNA SexNA"
"NR X3 Order1 M - NR X6 Order2 M",0.101746211305034,0.394168289901601,19,0.258128859960891,1,"NANA OrderNA SexNA - NANA OrderNA SexNA"
"NR X3 Order1 M - PR X6 Order2 M",0.391195922813569,0.695154895685287,19,0.562746411255475,1,"NANA OrderNA SexNA - NANA OrderNA SexNA"
"PR X3 Order1 M - NR X4 Order1 M",0.548743386243386,1.08413745038678,19,0.506156655733657,1,"NANA OrderNA SexNA - NANA OrderNA SexNA"
"PR X3 Order1 M - PR X4 Order1 M",0.200986050986056,1.23826984503398,19,0.162311996688041,1,"NANA OrderNA SexNA - NANA OrderNA SexNA"
"PR X3 Order1 M - NR X5 Order1 M",-0.851112313612316,1.13681700407131,19,-0.7486801398679,1,"NANA OrderNA SexNA - NANA OrderNA SexNA"
"PR X3 Order1 M - PR X5 Order1 M",0.015313852813853,1.17923286416803,19,0.0129862839471127,1,"NANA OrderNA SexNA - NANA OrderNA SexNA"
"PR X3 Order1 M - NR X6 Order1 M",-0.0232142857142851,1.130952715383,19,-0.0205263097196981,1,"NANA OrderNA SexNA - NANA OrderNA SexNA"
"PR X3 Order1 M - PR X6 Order1 M",-0.236267436267437,1.35579941681309,19,-0.174264299967617,1,"NANA OrderNA SexNA - NANA OrderNA SexNA"
"PR X3 Order1 M - NR X0 Order2 M",-0.590612886568767,1.28224515769617,19,-0.460608396938641,1,"NANA OrderNA SexNA - NANA OrderNA SexNA"
"PR X3 Order1 M - PR X0 Order2 M",0.202711640211639,1.52003317339949,19,0.133360010662322,1,"NANA OrderNA SexNA - NANA OrderNA SexNA"
"PR X3 Order1 M - NR X1 Order2 M",-0.249211436749902,1.24265738548928,19,-0.200547181918352,1,"NANA OrderNA SexNA - NANA OrderNA SexNA"
"PR X3 Order1 M - PR X1 Order2 M",2.64715608465608,1.57442334268335,19,1.68134961727919,1,"NANA OrderNA SexNA - NANA OrderNA SexNA"
"PR X3 Order1 M - NR X2 Order2 M",0.083243853096795,1.20360403698476,19,0.0691621584332135,1,"NANA OrderNA SexNA - NANA OrderNA SexNA"
"PR X3 Order1 M - PR X2 Order2 M",2.00826719576719,1.3826407200138,19,1.45248665593123,1,"NANA OrderNA SexNA - NANA OrderNA SexNA"
"PR X3 Order1 M - NR X3 Order2 M",0.113822751322751,1.21569891247627,19,0.0936274188901794,1,"NANA OrderNA SexNA - NANA OrderNA SexNA"
"PR X3 Order1 M - PR X3 Order2 M",1.56382275132275,1.66656735962443,19,0.938349561625382,1,"NANA OrderNA SexNA - NANA OrderNA SexNA"
"PR X3 Order1 M - NR X4 Order2 M",0.270125707625706,1.22082966835298,19,0.221264042501631,1,"NANA OrderNA SexNA - NANA OrderNA SexNA"
"PR X3 Order1 M - PR X4 Order2 M",0.212148962148968,1.23558933251963,19,0.171698602897737,1,"NANA OrderNA SexNA - NANA OrderNA SexNA"
"PR X3 Order1 M - NR X5 Order2 M",-0.462896825396829,1.2123044055431,19,-0.381832172909952,1,"NANA OrderNA SexNA - NANA OrderNA SexNA"
"PR X3 Order1 M - PR X5 Order2 M",0.52910052910053,1.21122242945286,19,0.436831845443566,1,"NANA OrderNA SexNA - NANA OrderNA SexNA"
"PR X3 Order1 M - NR X6 Order2 M",0.0421562642150866,1.20618885715857,19,0.0349499698698879,1,"NANA OrderNA SexNA - NANA OrderNA SexNA"
"PR X3 Order1 M - PR X6 Order2 M",0.331605975723622,1.33520157555508,19,0.248356489233293,1,"NANA OrderNA SexNA - NANA OrderNA SexNA"
"NR X4 Order1 M - PR X4 Order1 M",-0.34775733525733,0.501554170467418,19,-0.693359472882543,1,"NANA OrderNA SexNA - NANA OrderNA SexNA"
"NR X4 Order1 M - NR X5 Order1 M",-1.3998556998557,0.381821434437069,19,-3.66625750573577,1,"NANA OrderNA SexNA - NANA OrderNA SexNA"
"NR X4 Order1 M - PR X5 Order1 M",-0.533429533429533,0.295121530340377,19,-1.80749107940144,1,"NANA OrderNA SexNA - NANA OrderNA SexNA"
"NR X4 Order1 M - NR X6 Order1 M",-0.571957671957671,0.327821136796292,19,-1.74472481410827,1,"NANA OrderNA SexNA - NANA OrderNA SexNA"
"NR X4 Order1 M - PR X6 Order1 M",-0.785010822510823,0.797100670409236,19,-0.984832721452604,1,"NANA OrderNA SexNA - NANA OrderNA SexNA"
"NR X4 Order1 M - NR X0 Order2 M",-1.13935627281215,0.597604350218931,19,-1.90653945607115,1,"NANA OrderNA SexNA - NANA OrderNA SexNA"
"NR X4 Order1 M - PR X0 Order2 M",-0.346031746031747,1.01167146999421,19,-0.342039640629313,1,"NANA OrderNA SexNA - NANA OrderNA SexNA"
"NR X4 Order1 M - NR X1 Order2 M",-0.797954822993288,0.507124928076273,19,-1.57348767298868,1,"NANA OrderNA SexNA - NANA OrderNA SexNA"
"NR X4 Order1 M - PR X1 Order2 M",2.0984126984127,1.09169005535067,19,1.92216892343006,1,"NANA OrderNA SexNA - NANA OrderNA SexNA"
"NR X4 Order1 M - NR X2 Order2 M",-0.465499533146591,0.402046008326559,19,-1.15782652608378,1,"NANA OrderNA SexNA - NANA OrderNA SexNA"
"NR X4 Order1 M - PR X2 Order2 M",1.45952380952381,0.790363002427106,19,1.84664996342414,1,"NANA OrderNA SexNA - NANA OrderNA SexNA"
"NR X4 Order1 M - NR X3 Order2 M",-0.434920634920635,0.436923518205758,19,-0.995415940773003,1,"NANA OrderNA SexNA - NANA OrderNA SexNA"
"NR X4 Order1 M - PR X3 Order2 M",1.01507936507937,1.22082966835298,19,0.831466822434621,1,"NANA OrderNA SexNA - NANA OrderNA SexNA"
"NR X4 Order1 M - NR X4 Order2 M",-0.27861767861768,0.451002654200802,19,-0.617773922220932,1,"NANA OrderNA SexNA - NANA OrderNA SexNA"
"NR X4 Order1 M - PR X4 Order2 M",-0.336594424094418,0.489550113473202,19,-0.687558668317708,1,"NANA OrderNA SexNA - NANA OrderNA SexNA"
"NR X4 Order1 M - NR X5 Order2 M",-1.01164021164021,0.427387747443138,19,-2.36703138471421,1,"NANA OrderNA SexNA - NANA OrderNA SexNA"
"NR X4 Order1 M - PR X5 Order2 M",-0.019642857142856,0.424308954153689,19,-0.0462937605972397,1,"NANA OrderNA SexNA - NANA OrderNA SexNA"
"NR X4 Order1 M - NR X6 Order2 M",-0.506587122028299,0.409719262543053,19,-1.23642495811401,1,"NANA OrderNA SexNA - NANA OrderNA SexNA"
"NR X4 Order1 M - PR X6 Order2 M",-0.217137410519764,0.704089172143765,19,-0.308394758945999,1,"NANA OrderNA SexNA - NANA OrderNA SexNA"
"PR X4 Order1 M - NR X5 Order1 M",-1.05209836459837,0.427687181972178,19,-2.4599717011552,1,"NANA OrderNA SexNA - NANA OrderNA SexNA"
"PR X4 Order1 M - PR X5 Order1 M",-0.185672198172203,0.510769563160645,19,-0.363514609256006,1,"NANA OrderNA SexNA - NANA OrderNA SexNA"
"PR X4 Order1 M - NR X6 Order1 M",-0.224200336700341,0.383139948907291,19,-0.585165648582865,1,"NANA OrderNA SexNA - NANA OrderNA SexNA"
"PR X4 Order1 M - PR X6 Order1 M",-0.437253487253493,0.632235185370989,19,-0.691599419600345,1,"NANA OrderNA SexNA - NANA OrderNA SexNA"
"PR X4 Order1 M - NR X0 Order2 M",-0.791598937554823,0.627205611347705,19,-1.26210436136545,1,"NANA OrderNA SexNA - NANA OrderNA SexNA"
"PR X4 Order1 M - PR X0 Order2 M",0.00172558922558317,1.02943435084793,19,0.0016762498979773,1,"NANA OrderNA SexNA - NANA OrderNA SexNA"
"PR X4 Order1 M - NR X1 Order2 M",-0.450197487735958,0.541693282385726,19,-0.831092986335732,1,"NANA OrderNA SexNA - NANA OrderNA SexNA"
"PR X4 Order1 M - PR X1 Order2 M",2.44617003367003,1.10817105920386,19,2.20739389767806,1,"NANA OrderNA SexNA - NANA OrderNA SexNA"
"PR X4 Order1 M - NR X2 Order2 M",-0.117742197889261,0.444856057974685,19,-0.264674821840823,1,"NANA OrderNA SexNA - NANA OrderNA SexNA"
"PR X4 Order1 M - PR X2 Order2 M",1.80728114478114,0.812975765389748,19,2.22304430429696,1,"NANA OrderNA SexNA - NANA OrderNA SexNA"
"PR X4 Order1 M - NR X3 Order2 M",-0.0871632996633047,0.476611036660666,19,-0.182881412637875,1,"NANA OrderNA SexNA - NANA OrderNA SexNA"
"PR X4 Order1 M - PR X3 Order2 M",1.3628367003367,1.23558933251963,19,1.10298516219591,1,"NANA OrderNA SexNA - NANA OrderNA SexNA"
"PR X4 Order1 M - NR X4 Order2 M",0.0691396566396501,0.489550113473202,19,0.141231009322266,1,"NANA OrderNA SexNA - NANA OrderNA SexNA"
"PR X4 Order1 M - PR X4 Order2 M",0.0111629111629126,0.52527633975564,19,0.0212515019581989,1,"NANA OrderNA SexNA - NANA OrderNA SexNA"
"PR X4 Order1 M - NR X5 Order2 M",-0.663882876382884,0.467884821478509,19,-1.41890235781752,1,"NANA OrderNA SexNA - NANA OrderNA SexNA"
"PR X4 Order1 M - PR X5 Order2 M",0.328114478114474,0.465074196317592,19,0.70550996101794,1,"NANA OrderNA SexNA - NANA OrderNA SexNA"
"PR X4 Order1 M - NR X6 Order2 M",-0.158829786770969,0.451802826025115,19,-0.351546687231522,1,"NANA OrderNA SexNA - NANA OrderNA SexNA"
"PR X4 Order1 M - PR X6 Order2 M",0.130619924737566,0.729381574921899,19,0.179083115379701,1,"NANA OrderNA SexNA - NANA OrderNA SexNA"
"NR X5 Order1 M - PR X5 Order1 M",0.866426166426169,0.453312753832368,19,1.91132095689187,1,"NANA OrderNA SexNA - NANA OrderNA SexNA"
"NR X5 Order1 M - NR X6 Order1 M",0.827898027898031,0.261118933865226,19,3.17057830944324,1,"NANA OrderNA SexNA - NANA OrderNA SexNA"
"NR X5 Order1 M - PR X6 Order1 M",0.614844877344879,0.590834586687364,19,1.04063792336893,1,"NANA OrderNA SexNA - NANA OrderNA SexNA"
"NR X5 Order1 M - NR X0 Order2 M",0.260499427043549,0.579989527464886,19,0.449145052984288,1,"NANA OrderNA SexNA - NANA OrderNA SexNA"
"NR X5 Order1 M - PR X0 Order2 M",1.05382395382395,1.0013670934121,19,1.05238524488868,1,"NANA OrderNA SexNA - NANA OrderNA SexNA"
"NR X5 Order1 M - NR X1 Order2 M",0.601900876862413,0.486243339537639,19,1.23785937599629,1,"NANA OrderNA SexNA - NANA OrderNA SexNA"
"NR X5 Order1 M - PR X1 Order2 M",3.4982683982684,1.08214789632466,19,3.23270821867296,1,"NANA OrderNA SexNA - NANA OrderNA SexNA"
"NR X5 Order1 M - NR X2 Order2 M",0.934356166709111,0.375363670830929,19,2.48920244370149,1,"NANA OrderNA SexNA - NANA OrderNA SexNA"
"NR X5 Order1 M - PR X2 Order2 M",2.85937950937951,0.777129698424877,19,3.67941093381843,1,"NANA OrderNA SexNA - NANA OrderNA SexNA"
"NR X5 Order1 M - NR X3 Order2 M",0.964935064935067,0.412503397961336,19,2.33921725179464,1,"NANA OrderNA SexNA - NANA OrderNA SexNA"
"NR X5 Order1 M - PR X3 Order2 M",2.41493506493507,1.2123044055431,19,1.99202036542399,1,"NANA OrderNA SexNA - NANA OrderNA SexNA"
"NR X5 Order1 M - NR X4 Order2 M",1.12123802123802,0.427387747443138,19,2.62346786482736,1,"NANA OrderNA SexNA - NANA OrderNA SexNA"
"NR X5 Order1 M - PR X4 Order2 M",1.06326127576128,0.467884821478509,19,2.27248507955739,1,"NANA OrderNA SexNA - NANA OrderNA SexNA"
"NR X5 Order1 M - NR X5 Order2 M",0.388215488215487,0.402389337871756,19,0.964775782252992,1,"NANA OrderNA SexNA - NANA OrderNA SexNA"
"NR X5 Order1 M - PR X5 Order2 M",1.38021284271285,0.399117753480534,19,3.45815947969391,1,"NANA OrderNA SexNA - NANA OrderNA SexNA"
"NR X5 Order1 M - NR X6 Order2 M",0.893268577827402,0.383571071207377,19,2.32882155324081,1,"NANA OrderNA SexNA - NANA OrderNA SexNA"
"NR X5 Order1 M - PR X6 Order2 M",1.18271828933594,0.689201316669116,19,1.71607085002677,1,"NANA OrderNA SexNA - NANA OrderNA SexNA"
"PR X5 Order1 M - NR X6 Order1 M",-0.0385281385281381,0.385464904089309,19,-0.0999523902679645,1,"NANA OrderNA SexNA - NANA OrderNA SexNA"
"PR X5 Order1 M - PR X6 Order1 M",-0.25158128908129,0.801653471722425,19,-0.313827979239889,1,"NANA OrderNA SexNA - NANA OrderNA SexNA"
"PR X5 Order1 M - NR X0 Order2 M",-0.60592673938262,0.577724548447978,19,-1.04881598161339,1,"NANA OrderNA SexNA - NANA OrderNA SexNA"
"PR X5 Order1 M - PR X0 Order2 M",0.187397787397786,1.00005692721918,19,0.187387119970136,1,"NANA OrderNA SexNA - NANA OrderNA SexNA"
"PR X5 Order1 M - NR X1 Order2 M",-0.264525289563755,0.483539437021629,19,-0.54706042426054,1,"NANA OrderNA SexNA - NANA OrderNA SexNA"
"PR X5 Order1 M - PR X1 Order2 M",2.63184223184223,1.08093564629462,19,2.43478160875165,1,"NANA OrderNA SexNA - NANA OrderNA SexNA"
"PR X5 Order1 M - NR X2 Order2 M",0.067930000282942,0.371854389903021,19,0.18267903278124,1,"NANA OrderNA SexNA - NANA OrderNA SexNA"
"PR X5 Order1 M - PR X2 Order2 M",1.99295334295334,0.77544075859115,19,2.57009103645031,1,"NANA OrderNA SexNA - NANA OrderNA SexNA"
"PR X5 Order1 M - NR X3 Order2 M",0.098508898508898,0.4093126619592,19,0.240669071993471,1,"NANA OrderNA SexNA - NANA OrderNA SexNA"
"PR X5 Order1 M - PR X3 Order2 M",1.5485088985089,1.21122242945286,19,1.27846781966249,1,"NANA OrderNA SexNA - NANA OrderNA SexNA"
"PR X5 Order1 M - NR X4 Order2 M",0.254811854811853,0.424308954153689,19,0.600533767476322,1,"NANA OrderNA SexNA - NANA OrderNA SexNA"
"PR X5 Order1 M - PR X4 Order2 M",0.196835109335115,0.465074196317592,19,0.423233778381244,1,"NANA OrderNA SexNA - NANA OrderNA SexNA"
"PR X5 Order1 M - NR X5 Order2 M",-0.478210678210682,0.399117753480534,19,-1.19816939747834,1,"NANA OrderNA SexNA - NANA OrderNA SexNA"
"PR X5 Order1 M - PR X5 Order2 M",0.513786676286677,0.395819129216649,19,1.29803397148464,1,"NANA OrderNA SexNA - NANA OrderNA SexNA"
"PR X5 Order1 M - NR X6 Order2 M",0.0268424114012336,0.380137565333462,19,0.070612362073943,1,"NANA OrderNA SexNA - NANA OrderNA SexNA"
"PR X5 Order1 M - PR X6 Order2 M",0.316292122909769,0.687296338422461,19,0.460197596331953,1,"NANA OrderNA SexNA - NANA OrderNA SexNA"
"NR X6 Order1 M - PR X6 Order1 M",-0.213053150553152,0.626369392625444,19,-0.340139785023872,1,"NANA OrderNA SexNA - NANA OrderNA SexNA"
"NR X6 Order1 M - NR X0 Order2 M",-0.567398600854482,0.567095617513701,19,-1.0005342720547,1,"NANA OrderNA SexNA - NANA OrderNA SexNA"
"NR X6 Order1 M - PR X0 Order2 M",0.225925925925924,0.993954547855631,19,0.227300057546232,1,"NANA OrderNA SexNA - NANA OrderNA SexNA"
"NR X6 Order1 M - NR X1 Order2 M",-0.225997151035617,0.470788883342651,19,-0.480039268198122,1,"NANA OrderNA SexNA - NANA OrderNA SexNA"
"NR X6 Order1 M - PR X1 Order2 M",2.67037037037037,1.07529235882815,19,2.48339007382191,1,"NANA OrderNA SexNA - NANA OrderNA SexNA"
"NR X6 Order1 M - NR X2 Order2 M",0.10645813881108,0.355116139895069,19,0.299784005431397,1,"NANA OrderNA SexNA - NANA OrderNA SexNA"
"NR X6 Order1 M - PR X2 Order2 M",2.03148148148148,0.767554659687663,19,2.64669291735932,1,"NANA OrderNA SexNA - NANA OrderNA SexNA"
"NR X6 Order1 M - NR X3 Order2 M",0.137037037037036,0.394168289901601,19,0.34766124152515,1,"NANA OrderNA SexNA - NANA OrderNA SexNA"
"NR X6 Order1 M - PR X3 Order2 M",1.58703703703704,1.20618885715857,19,1.31574506564057,1,"NANA OrderNA SexNA - NANA OrderNA SexNA"
"NR X6 Order1 M - NR X4 Order2 M",0.293339993339991,0.409719262543053,19,0.715953630100969,1,"NANA OrderNA SexNA - NANA OrderNA SexNA"
"NR X6 Order1 M - PR X4 Order2 M",0.235363247863253,0.451802826025115,19,0.520942398554563,1,"NANA OrderNA SexNA - NANA OrderNA SexNA"
"NR X6 Order1 M - NR X5 Order2 M",-0.439682539682544,0.383571071207377,19,-1.14628701872262,1,"NANA OrderNA SexNA - NANA OrderNA SexNA"
"NR X6 Order1 M - PR X5 Order2 M",0.552314814814815,0.380137565333462,19,1.45293405646536,1,"NANA OrderNA SexNA - NANA OrderNA SexNA"
"NR X6 Order1 M - NR X6 Order2 M",0.0653705499293717,0.363780640086136,19,0.179697715397645,1,"NANA OrderNA SexNA - NANA OrderNA SexNA"
"NR X6 Order1 M - PR X6 Order2 M",0.354820261437907,0.678386351817862,19,0.523035672057818,1,"NANA OrderNA SexNA - NANA OrderNA SexNA"
"PR X6 Order1 M - NR X0 Order2 M",-0.35434545030133,0.805896474514261,19,-0.439691029191938,1,"NANA OrderNA SexNA - NANA OrderNA SexNA"
"PR X6 Order1 M - PR X0 Order2 M",0.438979076479076,1.14709081220022,19,0.382689035436589,1,"NANA OrderNA SexNA - NANA OrderNA SexNA"
"PR X6 Order1 M - NR X1 Order2 M",-0.0129440004824653,0.74129202134536,19,-0.0174614053702797,1,"NANA OrderNA SexNA - NANA OrderNA SexNA"
"PR X6 Order1 M - PR X1 Order2 M",2.88342352092352,1.21824683261869,19,2.36686313784657,1,"NANA OrderNA SexNA - NANA OrderNA SexNA"
"PR X6 Order1 M - NR X2 Order2 M",0.319511289364232,0.673779757075889,19,0.474207314792102,1,"NANA OrderNA SexNA - NANA OrderNA SexNA"
"PR X6 Order1 M - PR X2 Order2 M",2.24453463203463,0.957607353689138,19,2.34389870063932,1,"NANA OrderNA SexNA - NANA OrderNA SexNA"
"PR X6 Order1 M - NR X3 Order2 M",0.350090187590188,0.695154895685287,19,0.503614647272343,1,"NANA OrderNA SexNA - NANA OrderNA SexNA"
"PR X6 Order1 M - PR X3 Order2 M",1.80009018759019,1.33520157555508,19,1.34817859755883,1,"NANA OrderNA SexNA - NANA OrderNA SexNA"
"PR X6 Order1 M - NR X4 Order2 M",0.506393143893143,0.704089172143765,19,0.719217343381819,1,"NANA OrderNA SexNA - NANA OrderNA SexNA"
"PR X6 Order1 M - PR X4 Order2 M",0.448416398416405,0.729381574921899,19,0.614789862856655,1,"NANA OrderNA SexNA - NANA OrderNA SexNA"
"PR X6 Order1 M - NR X5 Order2 M",-0.226629389129392,0.689201316669116,19,-0.328829013596032,1,"NANA OrderNA SexNA - NANA OrderNA SexNA"
"PR X6 Order1 M - PR X5 Order2 M",0.765367965367967,0.687296338422461,19,1.11359238014377,1,"NANA OrderNA SexNA - NANA OrderNA SexNA"
"PR X6 Order1 M - NR X6 Order2 M",0.278423700482524,0.678386351817862,19,0.410420551263208,1,"NANA OrderNA SexNA - NANA OrderNA SexNA"
"PR X6 Order1 M - PR X6 Order2 M",0.567873411991059,0.887738548540062,19,0.639685426441106,1,"NANA OrderNA SexNA - NANA OrderNA SexNA"
"NR X0 Order2 M - PR X0 Order2 M",0.793324526780406,1.32591573728984,19,0.598321978138637,1,"NANA OrderNA SexNA - NANA OrderNA SexNA"
"NR X0 Order2 M - NR X1 Order2 M",0.341401449818865,0.594315053345732,19,0.574445233882139,1,"NANA OrderNA SexNA - NANA OrderNA SexNA"
"NR X0 Order2 M - PR X1 Order2 M",3.23776897122485,1.14433176242365,19,2.82939710103598,1,"NANA OrderNA SexNA - NANA OrderNA SexNA"
"NR X0 Order2 M - NR X2 Order2 M",0.673856739665562,0.49635641298617,19,1.35760659484889,1,"NANA OrderNA SexNA - NANA OrderNA SexNA"
"NR X0 Order2 M - PR X2 Order2 M",2.59888008233596,0.83336102372891,19,3.11855247406119,1,"NANA OrderNA SexNA - NANA OrderNA SexNA"
"NR X0 Order2 M - NR X3 Order2 M",0.704435637891518,0.462576568665669,19,1.52285196788827,1,"NANA OrderNA SexNA - NANA OrderNA SexNA"
"NR X0 Order2 M - PR X3 Order2 M",2.15443563789152,1.24788375526281,19,1.72647141915697,1,"NANA OrderNA SexNA - NANA OrderNA SexNA"
"NR X0 Order2 M - NR X4 Order2 M",0.860738594194473,0.605395890588126,19,1.4217780589133,1,"NANA OrderNA SexNA - NANA OrderNA SexNA"
"NR X0 Order2 M - PR X4 Order2 M",0.802761848717735,0.675307108575003,19,1.18873596697609,1,"NANA OrderNA SexNA - NANA OrderNA SexNA"
"NR X0 Order2 M - NR X5 Order2 M",0.127716061171938,0.558121240777772,19,0.228832110016023,1,"NANA OrderNA SexNA - NANA OrderNA SexNA"
"NR X0 Order2 M - PR X5 Order2 M",1.1197134156693,0.647551931625052,19,1.72914844506655,1,"NANA OrderNA SexNA - NANA OrderNA SexNA"
"NR X0 Order2 M - NR X6 Order2 M",0.632769150783854,0.531416896538264,19,1.19072079737362,1,"NANA OrderNA SexNA - NANA OrderNA SexNA"
"NR X0 Order2 M - PR X6 Order2 M",0.922218862292389,0.642900251499581,19,1.43446648238399,1,"NANA OrderNA SexNA - NANA OrderNA SexNA"
"PR X0 Order2 M - NR X1 Order2 M",-0.451923076961541,1.12993538766235,19,-0.399954795553838,1,"NANA OrderNA SexNA - NANA OrderNA SexNA"
"PR X0 Order2 M - PR X1 Order2 M",2.44444444444445,1.54621239599686,19,1.58092410251858,1,"NANA OrderNA SexNA - NANA OrderNA SexNA"
"PR X0 Order2 M - NR X2 Order2 M",-0.119467787114844,1.05457313162925,19,-0.113285445581449,1,"NANA OrderNA SexNA - NANA OrderNA SexNA"
"PR X0 Order2 M - PR X2 Order2 M",1.80555555555556,1.17993720669294,19,1.53021325653088,1,"NANA OrderNA SexNA - NANA OrderNA SexNA"
"PR X0 Order2 M - NR X3 Order2 M",-0.0888888888888879,1.10913189976883,19,-0.0801427575091965,1,"NANA OrderNA SexNA - NANA OrderNA SexNA"
"PR X0 Order2 M - PR X3 Order2 M",1.36111111111111,1.49408847596558,19,0.910997663797302,1,"NANA OrderNA SexNA - NANA OrderNA SexNA"
"PR X0 Order2 M - NR X4 Order2 M",0.067414067414067,1.01700217766563,19,0.0662870433265005,1,"NANA OrderNA SexNA - NANA OrderNA SexNA"
"PR X0 Order2 M - PR X4 Order2 M",0.00943732193732939,0.961598828966387,19,0.00981419865857518,1,"NANA OrderNA SexNA - NANA OrderNA SexNA"
"PR X0 Order2 M - NR X5 Order2 M",-0.665608465608468,1.06458649741914,19,-0.625227228808644,1,"NANA OrderNA SexNA - NANA OrderNA SexNA"
"PR X0 Order2 M - PR X5 Order2 M",0.326388888888891,0.885651935047936,19,0.368529527202157,1,"NANA OrderNA SexNA - NANA OrderNA SexNA"
"PR X0 Order2 M - NR X6 Order2 M",-0.160555375996552,1.05172988621367,19,-0.152658375597338,1,"NANA OrderNA SexNA - NANA OrderNA SexNA"
"PR X0 Order2 M - PR X6 Order2 M",0.128894335511983,1.25563272445539,19,0.102652896027291,1,"NANA OrderNA SexNA - NANA OrderNA SexNA"
"NR X1 Order2 M - PR X1 Order2 M",2.89636752140599,1.15458769005444,19,2.50857301386041,1,"NANA OrderNA SexNA - NANA OrderNA SexNA"
"NR X1 Order2 M - NR X2 Order2 M",0.332455289846697,0.452991620966114,19,0.733910462047081,1,"NANA OrderNA SexNA - NANA OrderNA SexNA"
"NR X1 Order2 M - PR X2 Order2 M",2.2574786325171,0.85021641459785,19,2.65518119123221,1,"NANA OrderNA SexNA - NANA OrderNA SexNA"
"NR X1 Order2 M - NR X3 Order2 M",0.363034188072653,0.314708244362069,19,1.15355792095165,1,"NANA OrderNA SexNA - NANA OrderNA SexNA"
"NR X1 Order2 M - PR X3 Order2 M",1.81303418807265,1.18297859290001,19,1.53260101150951,1,"NANA OrderNA SexNA - NANA OrderNA SexNA"
"NR X1 Order2 M - NR X4 Order2 M",0.519337144375608,0.351820953948673,19,1.47614045879534,1,"NANA OrderNA SexNA - NANA OrderNA SexNA"
"NR X1 Order2 M - PR X4 Order2 M",0.46136039889887,0.515208237461169,19,0.895483350911373,1,"NANA OrderNA SexNA - NANA OrderNA SexNA"
"NR X1 Order2 M - NR X5 Order2 M",-0.213685388646926,0.421827769271601,19,-0.506570226554577,1,"NANA OrderNA SexNA - NANA OrderNA SexNA"
"NR X1 Order2 M - PR X5 Order2 M",0.778311965850432,0.430325726752186,19,1.80865776193447,1,"NANA OrderNA SexNA - NANA OrderNA SexNA"
"NR X1 Order2 M - NR X6 Order2 M",0.291367700964989,0.408990389274573,19,0.712407207127258,1,"NANA OrderNA SexNA - NANA OrderNA SexNA"
"NR X1 Order2 M - PR X6 Order2 M",0.580817412473524,0.647235448650289,19,0.897381955337474,1,"NANA OrderNA SexNA - NANA OrderNA SexNA"
"PR X1 Order2 M - NR X2 Order2 M",-2.56391223155929,1.04239018633753,19,-2.45964732320406,1,"NANA OrderNA SexNA - NANA OrderNA SexNA"
"PR X1 Order2 M - PR X2 Order2 M",-0.638888888888891,1.30176406918541,19,-0.49078700512043,1,"NANA OrderNA SexNA - NANA OrderNA SexNA"
"PR X1 Order2 M - NR X3 Order2 M",-2.53333333333333,1.10708075488256,19,-2.28830039919001,1,"NANA OrderNA SexNA - NANA OrderNA SexNA"
"PR X1 Order2 M - PR X3 Order2 M",-1.08333333333333,1.27219135945661,19,-0.851549041958637,1,"NANA OrderNA SexNA - NANA OrderNA SexNA"
"PR X1 Order2 M - NR X4 Order2 M",-2.37703037703038,1.02616487007059,19,-2.31642150921311,1,"NANA OrderNA SexNA - NANA OrderNA SexNA"
"PR X1 Order2 M - PR X4 Order2 M",-2.43500712250712,1.24092588688567,19,-1.96225024253319,1,"NANA OrderNA SexNA - NANA OrderNA SexNA"
"PR X1 Order2 M - NR X5 Order2 M",-3.11005291005291,1.05284913966142,19,-2.95393973637388,1,"NANA OrderNA SexNA - NANA OrderNA SexNA"
"PR X1 Order2 M - PR X5 Order2 M",-2.11805555555555,1.0327553049687,19,-2.05087840785261,1,"NANA OrderNA SexNA - NANA OrderNA SexNA"
"PR X1 Order2 M - NR X6 Order2 M",-2.604999820441,1.03945056796081,19,-2.50613150902546,1,"NANA OrderNA SexNA - NANA OrderNA SexNA"
"PR X1 Order2 M - PR X6 Order2 M",-2.31555010893246,1.40001557358222,19,-1.65394596504927,1,"NANA OrderNA SexNA - NANA OrderNA SexNA"
"NR X2 Order2 M - PR X2 Order2 M",1.9250233426704,0.677693888334591,19,2.84054995301946,1,"NANA OrderNA SexNA - NANA OrderNA SexNA"
"NR X2 Order2 M - NR X3 Order2 M",0.030578898225956,0.375516988394057,19,0.0814314642773693,1,"NANA OrderNA SexNA - NANA OrderNA SexNA"
"NR X2 Order2 M - PR X3 Order2 M",1.48057889822596,1.10683726867626,19,1.33766628584586,1,"NANA OrderNA SexNA - NANA OrderNA SexNA"
"NR X2 Order2 M - NR X4 Order2 M",0.186881854528911,0.325749096853474,19,0.573698764890123,1,"NANA OrderNA SexNA - NANA OrderNA SexNA"
"NR X2 Order2 M - PR X4 Order2 M",0.128905109052173,0.407905564507176,19,0.316017039894795,1,"NANA OrderNA SexNA - NANA OrderNA SexNA"
"NR X2 Order2 M - NR X5 Order2 M",-0.546140678493624,0.293857134687211,19,-1.85852448018643,1,"NANA OrderNA SexNA - NANA OrderNA SexNA"
"NR X2 Order2 M - PR X5 Order2 M",0.445856676003735,0.379976475643237,19,1.17337968159469,1,"NANA OrderNA SexNA - NANA OrderNA SexNA"
"NR X2 Order2 M - NR X6 Order2 M",-0.0410875888817084,0.302145170871511,19,-0.135986250460978,1,"NANA OrderNA SexNA - NANA OrderNA SexNA"
"NR X2 Order2 M - PR X6 Order2 M",0.248362122626827,0.70079717960354,19,0.354399432325529,1,"NANA OrderNA SexNA - NANA OrderNA SexNA"
"PR X2 Order2 M - NR X3 Order2 M",-1.89444444444444,0.666219682730455,19,-2.84357321398881,1,"NANA OrderNA SexNA - NANA OrderNA SexNA"
"PR X2 Order2 M - PR X3 Order2 M",-0.444444444444443,1.09374497855658,19,-0.406351071920788,1,"NANA OrderNA SexNA - NANA OrderNA SexNA"
"PR X2 Order2 M - NR X4 Order2 M",-1.73814148814149,0.752966000511028,19,-2.30839305753757,1,"NANA OrderNA SexNA - NANA OrderNA SexNA"
"PR X2 Order2 M - PR X4 Order2 M",-1.79611823361823,0.681003491814744,19,-2.63745818517305,1,"NANA OrderNA SexNA - NANA OrderNA SexNA"
"PR X2 Order2 M - NR X5 Order2 M",-2.47116402116402,0.717010883695549,19,-3.44648048914876,1,"NANA OrderNA SexNA - NANA OrderNA SexNA"
"PR X2 Order2 M - PR X5 Order2 M",-1.47916666666666,0.874958293757192,19,-1.69055676964318,1,"NANA OrderNA SexNA - NANA OrderNA SexNA"
"PR X2 Order2 M - NR X6 Order2 M",-1.96611093155211,0.702548853668495,19,-2.79853980443592,1,"NANA OrderNA SexNA - NANA OrderNA SexNA"
"PR X2 Order2 M - PR X6 Order2 M",-1.67666122004357,0.941704178202996,19,-1.78045426456858,1,"NANA OrderNA SexNA - NANA OrderNA SexNA"
"NR X3 Order2 M - PR X3 Order2 M",1.45,1.18289827247895,19,1.22580278772519,1,"NANA OrderNA SexNA - NANA OrderNA SexNA"
"NR X3 Order2 M - NR X4 Order2 M",0.156302956302955,0.39398501134969,19,0.396723103164513,1,"NANA OrderNA SexNA - NANA OrderNA SexNA"
"NR X3 Order2 M - PR X4 Order2 M",0.0983262108262173,0.465816499392317,19,0.211083572510826,1,"NANA OrderNA SexNA - NANA OrderNA SexNA"
"NR X3 Order2 M - NR X5 Order2 M",-0.57671957671958,0.399938818925612,19,-1.44201950255509,1,"NANA OrderNA SexNA - NANA OrderNA SexNA"
"NR X3 Order2 M - PR X5 Order2 M",0.415277777777779,0.444372811738668,19,0.934525620847389,1,"NANA OrderNA SexNA - NANA OrderNA SexNA"
"NR X3 Order2 M - NR X6 Order2 M",-0.0716664871076644,0.369486472155336,19,-0.193962411369516,1,"NANA OrderNA SexNA - NANA OrderNA SexNA"
"NR X3 Order2 M - PR X6 Order2 M",0.217783224400871,0.612613532354929,19,0.35549855316401,1,"NANA OrderNA SexNA - NANA OrderNA SexNA"
"PR X3 Order2 M - NR X4 Order2 M",-1.29369704369705,1.08413745038678,19,-1.19329614822872,1,"NANA OrderNA SexNA - NANA OrderNA SexNA"
"PR X3 Order2 M - PR X4 Order2 M",-1.35167378917378,1.23826984503398,19,-1.09158257757355,1,"NANA OrderNA SexNA - NANA OrderNA SexNA"
"PR X3 Order2 M - NR X5 Order2 M",-2.02671957671958,1.13681700407131,19,-1.78280195445814,1,"NANA OrderNA SexNA - NANA OrderNA SexNA"
"PR X3 Order2 M - PR X5 Order2 M",-1.03472222222222,1.17923286416803,19,-0.877453685071976,1,"NANA OrderNA SexNA - NANA OrderNA SexNA"
"PR X3 Order2 M - NR X6 Order2 M",-1.52166648710766,1.130952715383,19,-1.34547312757664,1,"NANA OrderNA SexNA - NANA OrderNA SexNA"
"PR X3 Order2 M - PR X6 Order2 M",-1.23221677559913,1.35579941681309,19,-0.908848875665952,1,"NANA OrderNA SexNA - NANA OrderNA SexNA"
"NR X4 Order2 M - PR X4 Order2 M",-0.0579767454767376,0.501554170467418,19,-0.115594184816979,1,"NANA OrderNA SexNA - NANA OrderNA SexNA"
"NR X4 Order2 M - NR X5 Order2 M",-0.733022533022535,0.381821434437069,19,-1.91980456545938,1,"NANA OrderNA SexNA - NANA OrderNA SexNA"
"NR X4 Order2 M - PR X5 Order2 M",0.258974821474824,0.295121530340377,19,0.877519241568505,1,"NANA OrderNA SexNA - NANA OrderNA SexNA"
"NR X4 Order2 M - NR X6 Order2 M",-0.227969443410619,0.327821136796292,19,-0.695408007056847,1,"NANA OrderNA SexNA - NANA OrderNA SexNA"
"NR X4 Order2 M - PR X6 Order2 M",0.061480268097916,0.797100670409235,19,0.0771298662518396,1,"NANA OrderNA SexNA - NANA OrderNA SexNA"
"PR X4 Order2 M - NR X5 Order2 M",-0.675045787545797,0.427687181972178,19,-1.57836338333308,1,"NANA OrderNA SexNA - NANA OrderNA SexNA"
"PR X4 Order2 M - PR X5 Order2 M",0.316951566951562,0.510769563160645,19,0.620537302556291,1,"NANA OrderNA SexNA - NANA OrderNA SexNA"
"PR X4 Order2 M - NR X6 Order2 M",-0.169992697933882,0.383139948907291,19,-0.443683041715431,1,"NANA OrderNA SexNA - NANA OrderNA SexNA"
"PR X4 Order2 M - PR X6 Order2 M",0.119457013574654,0.632235185370989,19,0.188943950508793,1,"NANA OrderNA SexNA - NANA OrderNA SexNA"
"NR X5 Order2 M - PR X5 Order2 M",0.991997354497359,0.453312753832368,19,2.18832879973237,1,"NANA OrderNA SexNA - NANA OrderNA SexNA"
"NR X5 Order2 M - NR X6 Order2 M",0.505053089611915,0.261118933865226,19,1.93418792783748,1,"NANA OrderNA SexNA - NANA OrderNA SexNA"
"NR X5 Order2 M - PR X6 Order2 M",0.794502801120451,0.590834586687364,19,1.34471274874918,1,"NANA OrderNA SexNA - NANA OrderNA SexNA"
"PR X5 Order2 M - NR X6 Order2 M",-0.486944264885443,0.385464904089309,19,-1.2632648516624,1,"NANA OrderNA SexNA - NANA OrderNA SexNA"
"PR X5 Order2 M - PR X6 Order2 M",-0.197494553376908,0.801653471722425,19,-0.246359007156263,1,"NANA OrderNA SexNA - NANA OrderNA SexNA"
"NR X6 Order2 M - PR X6 Order2 M",0.289449711508535,0.626369392625444,19,0.462107048837906,1,"NANA OrderNA SexNA - NANA OrderNA SexNA"
