"","contrast","estimate","SE","df","t.ratio","p.value"
"1","NR0 F Order1 - NR1 F Order1",0.519999999999998,0.148489470357388,19,3.50193181205677,1
"2","NR0 F Order1 - NR2 F Order1",0.479999999999995,0.200516875957759,19,2.3938134768323,1
"3","NR0 F Order1 - NR3 F Order1",0.460000000000004,0.272872954179793,19,1.68576618882102,1
"4","NR0 F Order1 - NR4 F Order1",0.540000000000006,0.455708432485725,19,1.1849681978771,1
"5","NR0 F Order1 - NR5 F Order1",0.159999999999994,0.473160334088125,19,0.338151760561981,1
"6","NR0 F Order1 - NR6 F Order1",0.339999999999997,0.446844688273897,19,0.76089077239202,1
"7","NR0 F Order1 - PR0 F Order1",-0.200000000000009,0.399319596752872,19,-0.500851953238306,1
"8","NR0 F Order1 - PR1 F Order1",0.0600000000000027,0.303465365519981,19,0.197716137712105,1
"9","NR0 F Order1 - PR2 F Order1",0.0799999999999922,0.311160814743082,19,0.25710178213168,1
"10","NR0 F Order1 - PR3 F Order1",-0.099999999999998,0.310065075229689,19,-0.322512943213357,1
"11","NR0 F Order1 - PR4 F Order1",-0.440000000000008,0.376810250540349,19,-1.16769647155045,1
"12","NR0 F Order1 - PR5 F Order1",-0.140000000000002,0.40765052111879,19,-0.343431426545892,1
"13","NR0 F Order1 - PR6 F Order1",-0.320000000000007,0.36768121203593,19,-0.870319150190184,1
"14","NR0 F Order1 - NR0 M Order1",-4.63666666666667,0.822785526970311,19,-5.63532842360507,0.0228519597545556
"15","NR0 F Order1 - NR1 M Order1",-3.77,0.800982218666484,19,-4.70672121320807,0.143592750299263
"16","NR0 F Order1 - NR2 M Order1",-4.12000000000001,0.811335625420223,19,-5.07804645933807,0.0684737676751153
"17","NR0 F Order1 - NR3 M Order1",-3.83666666666666,0.787290861489447,19,-4.87325187467338,0.103890389473118
"18","NR0 F Order1 - NR4 M Order1",-3.85333333333333,0.807508260417981,19,-4.77188101003297,0.126630751971138
"19","NR0 F Order1 - NR5 M Order1",-3.98666666666667,0.832061836995782,19,-4.79131056059585,0.121846676292125
"20","NR0 F Order1 - NR6 M Order1",-3.97,0.786895224008414,19,-5.04514435832636,0.0731770486191603
"21","NR0 F Order1 - PR0 M Order1",-3.98666666666668,0.792584048340749,19,-5.02996076569121,0.0753248788675708
"22","NR0 F Order1 - PR1 M Order1",-3.68666666666666,0.787170148128893,19,-4.68344318624111,0.150853544183281
"23","NR0 F Order1 - PR2 M Order1",-3.32000000000001,0.765505986393757,19,-4.33700070151023,0.30614070990825
"24","NR0 F Order1 - PR3 M Order1",-3.73666666666666,0.787522950561327,19,-4.74483526353519,0.133176173523988
"25","NR0 F Order1 - PR4 M Order1",-3.82000000000001,0.785980595864824,19,-4.86017087457079,0.106456491083528
"26","NR0 F Order1 - PR5 M Order1",-3.97,0.829113526464309,19,-4.78824657092469,0.122561888108141
"27","NR0 F Order1 - PR6 M Order1",-3.85333333333334,0.865986237617372,19,-4.44964731071847,0.242170205229506
"28","NR0 F Order1 - NR0 F Order2",1.33,0.822785526970311,19,1.61646013013546,1
"29","NR0 F Order1 - NR1 F Order2",1.06333333333333,0.800982218666484,19,1.3275367524433,1
"30","NR0 F Order1 - NR2 F Order2",0.813333333333328,0.811335625420223,19,1.00246224601819,1
"31","NR0 F Order1 - NR3 F Order2",0.563333333333336,0.787290861489446,19,0.715533941633193,1
"32","NR0 F Order1 - NR4 F Order2",0.630000000000007,0.807508260417981,19,0.780177777591907,1
"33","NR0 F Order1 - NR5 F Order2",0.796666666666662,0.832061836995782,19,0.95746088961739,1
"34","NR0 F Order1 - NR6 F Order2",0.61333333333333,0.786895224008414,19,0.779434560816157,1
"35","NR0 F Order1 - PR0 F Order2",0.896666666666658,0.792584048340749,19,1.1313206069991,1
"36","NR0 F Order1 - PR1 F Order2",2.11333333333334,0.787170148128893,19,2.68472240513279,1
"37","NR0 F Order1 - PR2 F Order2",2.14666666666666,0.765505986393757,19,2.8042454335066,1
"38","NR0 F Order1 - PR3 F Order2",1.93,0.787522950561327,19,2.450722227999,1
"39","NR0 F Order1 - PR4 F Order2",1.74666666666666,0.785980595864824,19,2.22227708400967,1
"40","NR0 F Order1 - PR5 F Order2",1.54666666666666,0.829113526464309,19,1.86544618716125,1
"41","NR0 F Order1 - PR6 F Order2",1.19666666666666,0.865986237617371,19,1.38185413888228,1
"42","NR0 F Order1 - NR0 M Order2",-2.80333333333333,0.822785526970311,19,-3.40712523670155,1
"43","NR0 F Order1 - NR1 M Order2",-3.70333333333334,0.800982218666484,19,-4.62349006885426,0.170703530103317
"44","NR0 F Order1 - NR2 M Order2",-3.75333333333335,0.811335625420223,19,-4.62611675826431,0.169876610558396
"45","NR0 F Order1 - NR3 M Order2",-3.21999999999999,0.787290861489447,19,-4.08997507466071,0.511569421254042
"46","NR0 F Order1 - NR4 M Order2",-3.81999999999999,0.807508260417981,19,-4.73060176254134,0.136790698869262
"47","NR0 F Order1 - NR5 M Order2",-4.02000000000001,0.832061836995782,19,-4.83137168568445,0.112742205811953
"48","NR0 F Order1 - NR6 M Order2",-3.65333333333334,0.786895224008414,19,-4.64271890573106,0.164504780802654
"49","NR0 F Order1 - PR0 M Order2",-4.30333333333335,0.792584048340749,19,-5.42949778303292,0.0336923640587597
"50","NR0 F Order1 - PR1 M Order2",-3.43666666666666,0.787170148128893,19,-4.36584984178533,0.288013211451079
"51","NR0 F Order1 - PR2 M Order2",-3.07000000000001,0.765505986393757,19,-4.01041932338447,0.600033982191603
"52","NR0 F Order1 - PR3 M Order2",-2.67,0.787522950561327,19,-3.39037738277581,1
"53","NR0 F Order1 - PR4 M Order2",-2.40333333333334,0.785980595864824,19,-3.05775148391409,1
"54","NR0 F Order1 - PR5 M Order2",-2.47000000000001,0.829113526464309,19,-2.97908539803123,1
"55","NR0 F Order1 - PR6 M Order2",-2.67000000000002,0.865986237617372,19,-3.08318987533348,1
"56","NR1 F Order1 - NR2 F Order1",-0.0400000000000026,0.190760251845636,19,-0.209687288693511,1
"57","NR1 F Order1 - NR3 F Order1",-0.0599999999999946,0.262651794039717,19,-0.228439330556873,1
"58","NR1 F Order1 - NR4 F Order1",0.0200000000000084,0.391998925884673,19,0.0510205479641861,1
"59","NR1 F Order1 - NR5 F Order1",-0.360000000000004,0.418543841632416,19,-0.860124947952697,1
"60","NR1 F Order1 - NR6 F Order1",-0.180000000000001,0.372162952425272,19,-0.483659103699056,1
"61","NR1 F Order1 - PR0 F Order1",-0.720000000000007,0.375985255403323,19,-1.91496871128007,1
"62","NR1 F Order1 - PR1 F Order1",-0.459999999999995,0.296446794137476,19,-1.55171183867373,1
"63","NR1 F Order1 - PR2 F Order1",-0.440000000000006,0.289984875588668,19,-1.5173205123433,1
"64","NR1 F Order1 - PR3 F Order1",-0.619999999999996,0.282991537905846,19,-2.19087823115854,1
"65","NR1 F Order1 - PR4 F Order1",-0.960000000000006,0.334275860446418,19,-2.87187952704077,1
"66","NR1 F Order1 - PR5 F Order1",-0.660000000000001,0.340489843216113,19,-1.93838381129357,1
"67","NR1 F Order1 - PR6 F Order1",-0.840000000000005,0.345603971712071,19,-2.43052762339151,1
"68","NR1 F Order1 - NR0 M Order1",-5.15666666666667,0.796549943735795,19,-6.47375184345888,0.00451515683117417
"69","NR1 F Order1 - NR1 M Order1",-4.29,0.774007948340047,19,-5.54257874121373,0.0271194498015937
"70","NR1 F Order1 - NR2 M Order1",-4.64,0.784717329074431,19,-5.91295722432032,0.013194860393982
"71","NR1 F Order1 - NR3 M Order1",-4.35666666666666,0.759830698286454,19,-5.73373341784121,0.0187280332903693
"72","NR1 F Order1 - NR4 M Order1",-4.37333333333332,0.78075948929037,19,-5.60138351607898,0.0243607820863668
"73","NR1 F Order1 - NR5 M Order1",-4.50666666666667,0.806128209442196,19,-5.59050857404566,0.024861073550922
"74","NR1 F Order1 - NR6 M Order1",-4.49,0.759420754944805,19,-5.9124009592368,0.0131997106548883
"75","NR1 F Order1 - PR0 M Order1",-4.50666666666667,0.765313833115472,19,-5.88865178134929,0.0138293804832219
"76","NR1 F Order1 - PR1 M Order1",-4.20666666666666,0.759705621658118,19,-5.53723251051542,0.0274053845814412
"77","NR1 F Order1 - PR2 M Order1",-3.84000000000001,0.737234836858897,19,-5.20865239678705,0.0525918671025998
"78","NR1 F Order1 - PR3 M Order1",-4.25666666666666,0.76007117241381,19,-5.60035273163758,0.0243776231966936
"79","NR1 F Order1 - PR4 M Order1",-4.34000000000001,0.758472996585712,19,-5.72202309052088,0.0191743408830861
"80","NR1 F Order1 - PR5 M Order1",-4.49,0.803084696180775,19,-5.59094205300271,0.0248592936031209
"81","NR1 F Order1 - PR6 M Order1",-4.37333333333334,0.841099252892533,19,-5.19954490304621,0.0534588833923843
"82","NR1 F Order1 - NR0 F Order2",0.810000000000002,0.796549943735795,19,1.01688538976116,1
"83","NR1 F Order1 - NR1 F Order2",0.543333333333333,0.774007948340047,19,0.701973842127302,1
"84","NR1 F Order1 - NR2 F Order2",0.29333333333333,0.784717329074431,19,0.373807640617947,1
"85","NR1 F Order1 - NR3 F Order2",0.0433333333333377,0.759830698286454,19,0.0570302482264294,1
"86","NR1 F Order1 - NR4 F Order2",0.110000000000009,0.78075948929037,19,0.140888457340413,1
"87","NR1 F Order1 - NR5 F Order2",0.276666666666664,0.806128209442196,19,0.343204298554574,1
"88","NR1 F Order1 - NR6 F Order2",0.0933333333333315,0.759420754944805,19,0.122900688091037,1
"89","NR1 F Order1 - PR0 F Order2",0.37666666666666,0.765313833115472,19,0.492172819003296,1
"90","NR1 F Order1 - PR1 F Order2",1.59333333333334,0.759705621658118,19,2.09730359748525,1
"91","NR1 F Order1 - PR2 F Order2",1.62666666666666,0.737234836858897,19,2.20644302919451,1
"92","NR1 F Order1 - PR3 F Order2",1.41000000000001,0.76007117241381,19,1.85508943264112,1
"93","NR1 F Order1 - PR4 F Order2",1.22666666666666,0.758472996585712,19,1.61728456014721,1
"94","NR1 F Order1 - PR5 F Order2",1.02666666666667,0.803084696180775,19,1.2784039735151,1
"95","NR1 F Order1 - PR6 F Order2",0.676666666666662,0.841099252892532,19,0.804502755578026,1
"96","NR1 F Order1 - NR0 M Order2",-3.32333333333333,0.796549943735795,19,-4.17215939749741,0.433367757371481
"97","NR1 F Order1 - NR1 M Order2",-4.22333333333334,0.774007948340047,19,-5.45644698144352,0.0319944317448713
"98","NR1 F Order1 - NR2 M Order2",-4.27333333333334,0.784717329074431,19,-5.44569767354789,0.0326667458923942
"99","NR1 F Order1 - NR3 M Order2",-3.73999999999999,0.759830698286454,19,-4.92214911615748,0.0944292613032574
"100","NR1 F Order1 - NR4 M Order2",-4.33999999999999,0.78075948929037,19,-5.55869004415765,0.0262986710238846
"101","NR1 F Order1 - NR5 M Order2",-4.54000000000001,0.806128209442196,19,-5.63185848953417,0.0230046675982808
"102","NR1 F Order1 - NR6 M Order2",-4.17333333333334,0.759420754944805,19,-5.49541648178507,0.0297555201621884
"103","NR1 F Order1 - PR0 M Order2",-4.82333333333335,0.765313833115472,19,-6.30242539024588,0.00627386722072993
"104","NR1 F Order1 - PR1 M Order2",-3.95666666666666,0.759705621658119,19,-5.20815767827401,0.0525994357397493
"105","NR1 F Order1 - PR2 M Order2",-3.59000000000001,0.737234836858897,19,-4.86954742303791,0.104651092812326
"106","NR1 F Order1 - PR3 M Order2",-3.18999999999999,0.76007117241381,19,-4.19697538306747,0.412443251594745
"107","NR1 F Order1 - PR4 M Order2",-2.92333333333334,0.758472996585712,19,-3.85423521535086,0.840142826454956
"108","NR1 F Order1 - PR5 M Order2",-2.99,0.803084696180775,19,-3.72314403975014,1
"109","NR1 F Order1 - PR6 M Order2",-3.19000000000001,0.841099252892533,19,-3.79265584772503,0.962033232659717
"110","NR2 F Order1 - NR3 F Order1",-0.019999999999992,0.224421283038626,19,-0.0891181073791013,1
"111","NR2 F Order1 - NR4 F Order1",0.060000000000011,0.35787383839913,19,0.167656848761026,1
"112","NR2 F Order1 - NR5 F Order1",-0.320000000000001,0.390182143701064,19,-0.820129791088459,1
"113","NR2 F Order1 - NR6 F Order1",-0.139999999999999,0.360803197558477,19,-0.388023168717368,1
"114","NR2 F Order1 - PR0 F Order1",-0.680000000000004,0.354588963919259,19,-1.91771337856652,1
"115","NR2 F Order1 - PR1 F Order1",-0.419999999999993,0.310002829641869,19,-1.35482634298918,1
"116","NR2 F Order1 - PR2 F Order1",-0.400000000000003,0.279127713962183,19,-1.43303577535191,1
"117","NR2 F Order1 - PR3 F Order1",-0.579999999999994,0.284197855468038,19,-2.04083172635066,1
"118","NR2 F Order1 - PR4 F Order1",-0.920000000000003,0.364999399182394,19,-2.52055209422487,1
"119","NR2 F Order1 - PR5 F Order1",-0.619999999999998,0.394763975675628,19,-1.57055870900804,1
"120","NR2 F Order1 - PR6 F Order1",-0.800000000000003,0.419147003480063,19,-1.90863824232983,1
"121","NR2 F Order1 - NR0 M Order1",-5.11666666666666,0.809026199707319,19,-6.3244758556864,0.00602335574653572
"122","NR2 F Order1 - NR1 M Order1",-4.25,0.786841714095623,19,-5.40134047784293,0.0355754577452012
"123","NR2 F Order1 - NR2 M Order1",-4.6,0.797378746579741,19,-5.76890219325652,0.0174651864852735
"124","NR2 F Order1 - NR3 M Order1",-4.31666666666666,0.772899908788873,19,-5.58502675130449,0.0250275284376622
"125","NR2 F Order1 - NR4 M Order1",-4.33333333333332,0.793484063522594,19,-5.46114727760998,0.0317819789572269
"126","NR2 F Order1 - NR5 M Order1",-4.46666666666667,0.818458471155287,19,-5.45741393617906,0.0319846787844385
"127","NR2 F Order1 - NR6 M Order1",-4.45,0.772496900957088,19,-5.76054090894947,0.0177522739515936
"128","NR2 F Order1 - PR0 M Order1",-4.46666666666667,0.778290975217666,19,-5.73907035915131,0.0185295621904935
"129","NR2 F Order1 - PR1 M Order1",-4.16666666666666,0.772776947460467,19,-5.39181025049899,0.0362936496167309
"130","NR2 F Order1 - PR2 M Order1",-3.8,0.750697531383801,19,-5.06195883313385,0.0707632324622411
"131","NR2 F Order1 - PR3 M Order1",-4.21666666666666,0.773136317916752,19,-5.45397566890745,0.0321387082454208
"132","NR2 F Order1 - PR4 M Order1",-4.3,0.771565204954888,19,-5.57308698265031,0.0256630168505401
"133","NR2 F Order1 - PR5 M Order1",-4.45,0.815460978948187,19,-5.4570360996792,0.0319846787844385
"134","NR2 F Order1 - PR6 M Order1",-4.33333333333334,0.8529241069191,19,-5.08056144524515,0.0682244128897824
"135","NR2 F Order1 - NR0 F Order2",0.850000000000004,0.809026199707319,19,1.05064582618895,1
"136","NR2 F Order1 - NR1 F Order2",0.583333333333335,0.786841714095623,19,0.74136045774315,1
"137","NR2 F Order1 - NR2 F Order2",0.333333333333333,0.797378746579741,19,0.418036390815689,1
"138","NR2 F Order1 - NR3 F Order2",0.0833333333333402,0.772899908788873,19,0.107819049252992,1
"139","NR2 F Order1 - NR4 F Order2",0.150000000000012,0.793484063522594,19,0.189039713455746,1
"140","NR2 F Order1 - NR5 F Order2",0.316666666666666,0.818458471155287,19,0.38690621189329,1
"141","NR2 F Order1 - NR6 F Order2",0.133333333333334,0.772496900957088,19,0.172600476672644,1
"142","NR2 F Order1 - PR0 F Order2",0.416666666666662,0.778290975217665,19,0.535361040965601,1
"143","NR2 F Order1 - PR1 F Order2",1.63333333333334,0.772776947460467,19,2.11358961819562,1
"144","NR2 F Order1 - PR2 F Order2",1.66666666666666,0.750697531383801,19,2.22015738295344,1
"145","NR2 F Order1 - PR3 F Order2",1.45000000000001,0.773136317916752,19,1.87547779918953,1
"146","NR2 F Order1 - PR4 F Order2",1.26666666666666,0.771565204954887,19,1.64168453752489,1
"147","NR2 F Order1 - PR5 F Order2",1.06666666666667,0.815460978948187,19,1.30805359692685,1
"148","NR2 F Order1 - PR6 F Order2",0.716666666666664,0.8529241069191,19,0.840246700559772,1
"149","NR2 F Order1 - NR0 M Order2",-3.28333333333333,0.809026199707319,19,-4.05837701488671,0.545155020961779
"150","NR2 F Order1 - NR1 M Order2",-4.18333333333334,0.786841714095623,19,-5.31661356838657,0.0422657656542365
"151","NR2 F Order1 - NR2 M Order2",-4.23333333333334,0.797378746579741,19,-5.30906216335927,0.0428945276760792
"152","NR2 F Order1 - NR3 M Order2",-3.69999999999999,0.772899908788874,19,-4.78716578683241,0.122732236759027
"153","NR2 F Order1 - NR4 M Order2",-4.29999999999999,0.793484063522594,19,-5.4191384523976,0.0343713790930694
"154","NR2 F Order1 - NR5 M Order2",-4.50000000000001,0.818458471155287,19,-5.49814090585204,0.0296109116096056
"155","NR2 F Order1 - NR6 M Order2",-4.13333333333334,0.772496900957089,19,-5.35061477685195,0.0395114137712376
"156","NR2 F Order1 - PR0 M Order2",-4.78333333333335,0.778290975217666,19,-6.14594475028518,0.00849333446658644
"157","NR2 F Order1 - PR1 M Order2",-3.91666666666666,0.772776947460467,19,-5.06830163546904,0.0698389651815891
"158","NR2 F Order1 - PR2 M Order2",-3.55000000000001,0.750697531383801,19,-4.72893522569084,0.137159593874955
"159","NR2 F Order1 - PR3 M Order2",-3.14999999999999,0.773136317916752,19,-4.0743138396186,0.528256490092035
"160","NR2 F Order1 - PR4 M Order2",-2.88333333333334,0.771565204954888,19,-3.73699243410273,1
"161","NR2 F Order1 - PR5 M Order2",-2.95,0.815460978948187,19,-3.61758572900082,1
"162","NR2 F Order1 - PR6 M Order2",-3.15000000000001,0.8529241069191,19,-3.69317735827437,1
"163","NR3 F Order1 - NR4 F Order1",0.0800000000000029,0.356734704118911,19,0.224256286468098,1
"164","NR3 F Order1 - NR5 F Order1",-0.300000000000009,0.407667735363178,19,-0.735893410187954,1
"165","NR3 F Order1 - NR6 F Order1",-0.120000000000007,0.365191610364617,19,-0.328594624285578,1
"166","NR3 F Order1 - PR0 F Order1",-0.660000000000012,0.325554856993843,19,-2.02730810436809,1
"167","NR3 F Order1 - PR1 F Order1",-0.400000000000001,0.247052803504226,19,-1.61908707096764,1
"168","NR3 F Order1 - PR2 F Order1",-0.380000000000011,0.300169542735378,19,-1.26595122388886,1
"169","NR3 F Order1 - PR3 F Order1",-0.560000000000002,0.234416034419539,19,-2.38891508162687,1
"170","NR3 F Order1 - PR4 F Order1",-0.900000000000011,0.288827028914504,19,-3.11605185768962,1
"171","NR3 F Order1 - PR5 F Order1",-0.600000000000006,0.375523027069779,19,-1.59777152597493,1
"172","NR3 F Order1 - PR6 F Order1",-0.780000000000011,0.387497594785972,19,-2.01291571998229,1
"173","NR3 F Order1 - NR0 M Order1",-5.09666666666667,0.779998125653768,19,-6.53420373593182,0.00401945331973416
"174","NR3 F Order1 - NR1 M Order1",-4.23000000000001,0.756963385674276,19,-5.58811704773815,0.0249035616351681
"175","NR3 F Order1 - NR2 M Order1",-4.58000000000001,0.767910508918587,19,-5.9642366484212,0.0119843350527759
"176","NR3 F Order1 - NR3 M Order1",-4.29666666666667,0.742460741868803,19,-5.78706243221936,0.0168607505929495
"177","NR3 F Order1 - NR4 M Order1",-4.31333333333333,0.763865592414564,19,-5.64671766363892,0.0223716718665367
"178","NR3 F Order1 - NR5 M Order1",-4.44666666666668,0.789777154149432,19,-5.63028019144921,0.0230438004494692
"179","NR3 F Order1 - NR6 M Order1",-4.43000000000001,0.74204120249406,19,-5.97001889532606,0.0118474239212471
"180","NR3 F Order1 - PR0 M Order1",-4.44666666666668,0.748071204041293,19,-5.94417569162471,0.0124363611697606
"181","NR3 F Order1 - PR1 M Order1",-4.14666666666667,0.742332738559227,19,-5.58599459686342,0.0249968062921728
"182","NR3 F Order1 - PR2 M Order1",-3.78000000000001,0.719319447697793,19,-5.25496705545503,0.0479695971907019
"183","NR3 F Order1 - PR3 M Order1",-4.19666666666667,0.742706840073792,19,-5.6505022442633,0.0222080828553235
"184","NR3 F Order1 - PR4 M Order1",-4.28000000000001,0.741071217702862,19,-5.77542333011793,0.0172364512458096
"185","NR3 F Order1 - PR5 M Order1",-4.43000000000001,0.786670383577303,19,-5.63132932481204,0.0230112632026096
"186","NR3 F Order1 - PR6 M Order1",-4.31333333333335,0.825441225269413,19,-5.22548814050998,0.0507653517956653
"187","NR3 F Order1 - NR0 F Order2",0.869999999999996,0.779998125653768,19,1.11538729566919,1
"188","NR3 F Order1 - NR1 F Order2",0.603333333333328,0.756963385674276,19,0.797044275524502,1
"189","NR3 F Order1 - NR2 F Order2",0.353333333333325,0.767910508918587,19,0.460123060212977,1
"190","NR3 F Order1 - NR3 F Order2",0.103333333333332,0.742460741868803,19,0.139176831186034,1
"191","NR3 F Order1 - NR4 F Order2",0.170000000000004,0.763865592414564,19,0.2225522417663,1
"192","NR3 F Order1 - NR5 F Order2",0.336666666666658,0.789777154149431,19,0.426280584210161,1
"193","NR3 F Order1 - NR6 F Order2",0.153333333333326,0.74204120249406,19,0.206637222863044,1
"194","NR3 F Order1 - PR0 F Order2",0.436666666666654,0.748071204041293,19,0.583723400002108,1
"195","NR3 F Order1 - PR1 F Order2",1.65333333333333,0.742332738559227,19,2.22721327977834,1
"196","NR3 F Order1 - PR2 F Order2",1.68666666666666,0.719319447697793,19,2.34480893303371,1
"197","NR3 F Order1 - PR3 F Order2",1.47,0.742706840073792,19,1.97924661613988,1
"198","NR3 F Order1 - PR4 F Order2",1.28666666666666,0.741071217702862,19,1.73622539363356,1
"199","NR3 F Order1 - PR5 F Order2",1.08666666666666,0.786670383577303,19,1.38134940548436,1
"200","NR3 F Order1 - PR6 F Order2",0.736666666666656,0.825441225269413,19,0.892451993085538,1
"201","NR3 F Order1 - NR0 M Order2",-3.26333333333334,0.779998125653768,19,-4.1837707373952,0.424050795431784
"202","NR3 F Order1 - NR1 M Order2",-4.16333333333335,0.756963385674276,19,-5.50004585707246,0.0295354261329148
"203","NR3 F Order1 - NR2 M Order2",-4.21333333333335,0.767910508918587,19,-5.48675045386056,0.0302153840599294
"204","NR3 F Order1 - NR3 M Order2",-3.68,0.742460741868804,19,-4.95649102030269,0.0877058410858705
"205","NR3 F Order1 - NR4 M Order2",-4.27999999999999,0.763865592414564,19,-5.60307996917494,0.024338999809633
"206","NR3 F Order1 - NR5 M Order2",-4.48000000000001,0.789777154149432,19,-5.67248618988587,0.021248834691471
"207","NR3 F Order1 - NR6 M Order2",-4.11333333333334,0.74204120249406,19,-5.54326810897845,0.0271194498015937
"208","NR3 F Order1 - PR0 M Order2",-4.76333333333335,0.748071204041293,19,-6.36748655422168,0.00552553428002681
"209","NR3 F Order1 - PR1 M Order2",-3.89666666666667,0.742332738559227,19,-5.24921839528403,0.0485174768172673
"210","NR3 F Order1 - PR2 M Order2",-3.53000000000002,0.719319447697793,19,-4.90741632427415,0.0967178134434911
"211","NR3 F Order1 - PR3 M Order2",-3.13,0.742706840073792,19,-4.21431422348152,0.398797027421749
"212","NR3 F Order1 - PR4 M Order2",-2.86333333333335,0.741071217702862,19,-3.8637761998219,0.824128374015796
"213","NR3 F Order1 - PR5 M Order2",-2.93000000000001,0.786670383577303,19,-3.72455867306982,1
"214","NR3 F Order1 - PR6 M Order2",-3.13000000000002,0.825441225269413,19,-3.79191140953546,0.962436802487437
"215","NR4 F Order1 - NR5 F Order1",-0.380000000000012,0.154056266777219,19,-2.46663123772518,1
"216","NR4 F Order1 - NR6 F Order1",-0.20000000000001,0.153211240483608,19,-1.30538725075728,1
"217","NR4 F Order1 - PR0 F Order1",-0.740000000000015,0.435128535153996,19,-1.70064691284409,1
"218","NR4 F Order1 - PR1 F Order1",-0.480000000000004,0.4422192835425,19,-1.08543434866714,1
"219","NR4 F Order1 - PR2 F Order1",-0.460000000000014,0.443771713083803,19,-1.03656899806308,1
"220","NR4 F Order1 - PR3 F Order1",-0.640000000000004,0.446687614067598,19,-1.43276862810696,1
"221","NR4 F Order1 - PR4 F Order1",-0.980000000000014,0.388221315068717,19,-2.52433331700644,1
"222","NR4 F Order1 - PR5 F Order1",-0.680000000000009,0.509278815856994,19,-1.33522145203651,1
"223","NR4 F Order1 - PR6 F Order1",-0.860000000000014,0.549069388130914,19,-1.56628655428695,1
"224","NR4 F Order1 - NR0 M Order1",-5.17666666666667,0.8044179909062,19,-6.43529449264929,0.00486291488575516
"225","NR4 F Order1 - NR1 M Order1",-4.31000000000001,0.782102803550555,19,-5.51078449077751,0.0289287025835577
"226","NR4 F Order1 - NR2 M Order1",-4.66000000000001,0.792702830686114,19,-5.87862162163166,0.014104648568772
"227","NR4 F Order1 - NR3 M Order1",-4.37666666666667,0.768074984156201,19,-5.6982283721619,0.0201504368182788
"228","NR4 F Order1 - NR4 M Order1",-4.39333333333333,0.78878506029528,19,-5.56974713959301,0.0258274168838611
"229","NR4 F Order1 - NR5 M Order1",-4.52666666666668,0.813903668308818,19,-5.56167374951446,0.0261858889993546
"230","NR4 F Order1 - NR6 M Order1",-4.51000000000001,0.76766944336023,19,-5.87492447303739,0.0141825546858421
"231","NR4 F Order1 - PR0 M Order1",-4.52666666666668,0.77349967962887,19,-5.8521894525394,0.0148526064037304
"232","NR4 F Order1 - PR1 M Order1",-4.22666666666667,0.767951250280261,19,-5.50382158388851,0.0293275290051739
"233","NR4 F Order1 - PR2 M Order1",-3.86000000000001,0.745728969469762,19,-5.17614328801602,0.0559809798343077
"234","NR4 F Order1 - PR3 M Order1",-4.27666666666667,0.768312877910147,19,-5.56630871305898,0.0259528454306879
"235","NR4 F Order1 - PR4 M Order1",-4.36000000000001,0.76673188128431,19,-5.68647281589076,0.0206511299811014
"236","NR4 F Order1 - PR5 M Order1",-4.51000000000001,0.810889339224432,19,-5.56179466400873,0.0261858889993546
"237","NR4 F Order1 - PR6 M Order1",-4.39333333333335,0.84855432615976,19,-5.17743319183338,0.0558747363535876
"238","NR4 F Order1 - NR0 F Order2",0.789999999999993,0.804417990906199,19,0.982076493726894,1
"239","NR4 F Order1 - NR1 F Order2",0.523333333333325,0.782102803550555,19,0.669136245206538,1
"240","NR4 F Order1 - NR2 F Order2",0.273333333333322,0.792702830686114,19,0.344811854773802,1
"241","NR4 F Order1 - NR3 F Order2",0.0233333333333293,0.768074984156201,19,0.030378978374049,1
"242","NR4 F Order1 - NR4 F Order2",0.0900000000000009,0.78878506029528,19,0.114099524103955,1
"243","NR4 F Order1 - NR5 F Order2",0.256666666666655,0.813903668308818,19,0.315352635281733,1
"244","NR4 F Order1 - NR6 F Order2",0.0733333333333231,0.76766944336023,19,0.0955272272038466,1
"245","NR4 F Order1 - PR0 F Order2",0.356666666666651,0.77349967962887,19,0.46110771091435,1
"246","NR4 F Order1 - PR1 F Order2",1.57333333333333,0.767951250280261,19,2.0487411574096,1
"247","NR4 F Order1 - PR2 F Order2",1.60666666666665,0.745728969469762,19,2.15449142040043,1
"248","NR4 F Order1 - PR3 F Order2",1.39,0.768312877910147,19,1.80915879450163,1
"249","NR4 F Order1 - PR4 F Order2",1.20666666666665,0.76673188128431,19,1.57377917381684,1
"250","NR4 F Order1 - PR5 F Order2",1.00666666666666,0.810889339224432,19,1.24143532042174,1
"251","NR4 F Order1 - PR6 F Order2",0.656666666666653,0.84855432615976,19,0.773865203938658,1
"252","NR4 F Order1 - NR0 M Order2",-3.34333333333334,0.8044179909062,19,-4.15621402197504,0.447819507492197
"253","NR4 F Order1 - NR1 M Order2",-4.24333333333335,0.782102803550555,19,-5.42554420476395,0.0339233776703012
"254","NR4 F Order1 - NR2 M Order2",-4.29333333333335,0.792702830686114,19,-5.41606913352045,0.0345400267332435
"255","NR4 F Order1 - NR3 M Order2",-3.76,0.768074984156201,19,-4.89535537227618,0.099167137402866
"256","NR4 F Order1 - NR4 M Order2",-4.36,0.78878506029528,19,-5.52748805659154,0.0279686107019113
"257","NR4 F Order1 - NR5 M Order2",-4.56000000000002,0.813903668308818,19,-5.6026286372134,0.024338999809633
"258","NR4 F Order1 - NR6 M Order2",-4.19333333333335,0.76766944336023,19,-5.46242053738437,0.0317222229161263
"259","NR4 F Order1 - PR0 M Order2",-4.84333333333336,0.77349967962887,19,-6.26158414914563,0.00677505173989316
"260","NR4 F Order1 - PR1 M Order2",-3.97666666666667,0.767951250280262,19,-5.17828008641876,0.055823432425878
"261","NR4 F Order1 - PR2 M Order2",-3.61000000000002,0.745728969469762,19,-4.84090084708235,0.110694758994806
"262","NR4 F Order1 - PR3 M Order2",-3.21,0.768312877910147,19,-4.17798541751816,0.428665105757387
"263","NR4 F Order1 - PR4 M Order2",-2.94333333333335,0.76673188128431,19,-3.8388038963544,0.868058162004827
"264","NR4 F Order1 - PR5 M Order2",-3.01000000000001,0.810889339224432,19,-3.71197382232069,1
"265","NR4 F Order1 - PR6 M Order2",-3.21000000000002,0.84855432615976,19,-3.7829045248373,0.979908589563063
"266","NR5 F Order1 - NR6 F Order1",0.180000000000003,0.216624827269346,19,0.830929687372329,1
"267","NR5 F Order1 - PR0 F Order1",-0.360000000000003,0.485585195878272,19,-0.741373507791718,1
"268","NR5 F Order1 - PR1 F Order1",-0.0999999999999917,0.508006078151234,19,-0.196848038440638,1
"269","NR5 F Order1 - PR2 F Order1",-0.0800000000000022,0.48091287462747,19,-0.166350297986871,1
"270","NR5 F Order1 - PR3 F Order1",-0.259999999999992,0.497735221656247,19,-0.522366086801784,1
"271","NR5 F Order1 - PR4 F Order1",-0.600000000000002,0.44905358567438,19,-1.3361434339711,1
"272","NR5 F Order1 - PR5 F Order1",-0.299999999999997,0.550772981538658,19,-0.544689028067257,1
"273","NR5 F Order1 - PR6 F Order1",-0.480000000000002,0.598210782543141,19,-0.802392758551431,1
"274","NR5 F Order1 - NR0 M Order1",-4.79666666666666,0.833904716393541,19,-5.75205604713595,0.0180489820016465
"275","NR5 F Order1 - NR1 M Order1",-3.93,0.812399881370907,19,-4.83751917020003,0.111310082852643
"276","NR5 F Order1 - NR2 M Order1",-4.28,0.822609597383598,19,-5.20295412746584,0.0531581580634966
"277","NR5 F Order1 - NR3 M Order1",-3.99666666666666,0.798904220302018,19,-5.00268563502613,0.0796566543938281
"278","NR5 F Order1 - NR4 M Order1",-4.01333333333332,0.818834930419345,19,-4.90127275259007,0.0979595497138356
"279","NR5 F Order1 - NR5 M Order1",-4.14666666666667,0.84305868906997,19,-4.91859786326514,0.094897236321919
"280","NR5 F Order1 - NR6 M Order1",-4.13,0.798514336877449,19,-5.17210500709375,0.0563217102312577
"281","NR5 F Order1 - PR0 M Order1",-4.14666666666667,0.804120964977155,19,-5.15676974892015,0.0581017290709122
"282","NR5 F Order1 - PR1 M Order1",-3.84666666666666,0.798785261967722,19,-4.81564551803423,0.116197795155112
"283","NR5 F Order1 - PR2 M Order1",-3.48,0.777444832664196,19,-4.47620185225815,0.229290736689984
"284","NR5 F Order1 - PR3 M Order1",-3.89666666666666,0.799132936558367,19,-4.87611821313294,0.103329327558792
"285","NR5 F Order1 - PR4 M Order1",-3.98,0.797613032558774,19,-4.98988837636216,0.0818034041197249
"286","NR5 F Order1 - PR5 M Order1",-4.13,0.840148970360413,19,-4.91579487174552,0.0953030127227522
"287","NR5 F Order1 - PR6 M Order1",-4.01333333333334,0.876557594442186,19,-4.57851641327379,0.186737372634798
"288","NR5 F Order1 - NR0 F Order2",1.17000000000001,0.833904716393541,19,1.40303799342928,1
"289","NR5 F Order1 - NR1 F Order2",0.903333333333337,0.812399881370907,19,1.11193188729789,1
"290","NR5 F Order1 - NR2 F Order2",0.653333333333334,0.822609597383597,19,0.794220411980767,1
"291","NR5 F Order1 - NR3 F Order2",0.403333333333341,0.798904220302018,19,0.504858183351272,1
"292","NR5 F Order1 - NR4 F Order2",0.470000000000013,0.818834930419345,19,0.57398626089304,1
"293","NR5 F Order1 - NR5 F Order2",0.636666666666667,0.84305868906997,19,0.755186649424151,1
"294","NR5 F Order1 - NR6 F Order2",0.453333333333335,0.798514336877449,19,0.567720969301657,1
"295","NR5 F Order1 - PR0 F Order2",0.736666666666663,0.804120964977155,19,0.91611423996089,1
"296","NR5 F Order1 - PR1 F Order2",1.95333333333334,0.798785261967722,19,2.44537978645414,1
"297","NR5 F Order1 - PR2 F Order2",1.98666666666667,0.777444832664195,19,2.55537960148071,1
"298","NR5 F Order1 - PR3 F Order2",1.77000000000001,0.799132936558367,19,2.21490057414338,1
"299","NR5 F Order1 - PR4 F Order2",1.58666666666667,0.797613032558774,19,1.9892687329551,1
"300","NR5 F Order1 - PR5 F Order2",1.38666666666667,0.840148970360413,19,1.65050094160302,1
"301","NR5 F Order1 - PR6 F Order2",1.03666666666667,0.876557594442186,19,1.18265664827919,1
"302","NR5 F Order1 - NR0 M Order2",-2.96333333333333,0.833904716393541,19,-3.55356346483937,1
"303","NR5 F Order1 - NR1 M Order2",-3.86333333333334,0.812399881370907,19,-4.75545777630352,0.130496617653254
"304","NR5 F Order1 - NR2 M Order2",-3.91333333333334,0.822609597383598,19,-4.75721818196644,0.130334112622001
"305","NR5 F Order1 - NR3 M Order2",-3.37999999999999,0.798904220302018,19,-4.23079502411717,0.384537730486624
"306","NR5 F Order1 - NR4 M Order2",-3.97999999999999,0.818834930419345,19,-4.86056450713666,0.106456491083528
"307","NR5 F Order1 - NR5 M Order2",-4.18000000000001,0.84305868906997,19,-4.95813643129783,0.0874709540774767
"308","NR5 F Order1 - NR6 M Order2",-3.81333333333333,0.798514336877449,19,-4.77553521236098,0.125724697419312
"309","NR5 F Order1 - PR0 M Order2",-4.46333333333334,0.804120964977155,19,-5.55057451270425,0.0267150886419161
"310","NR5 F Order1 - PR1 M Order2",-3.59666666666666,0.798785261967722,19,-4.50267028939249,0.21762710774215
"311","NR5 F Order1 - PR2 M Order2",-3.23000000000001,0.777444832664196,19,-4.15463562723962,0.448897419104138
"312","NR5 F Order1 - PR3 M Order2",-2.82999999999999,0.799132936558367,19,-3.54133820611622,1
"313","NR5 F Order1 - PR4 M Order2",-2.56333333333334,0.797613032558774,19,-3.21375557908083,1
"314","NR5 F Order1 - PR5 M Order2",-2.63,0.840148970360413,19,-3.13039721856918,1
"315","NR5 F Order1 - PR6 M Order2",-2.83000000000001,0.876557594442186,19,-3.22853856716732,1
"316","NR6 F Order1 - PR0 F Order1",-0.540000000000006,0.399258083880414,19,-1.35250861986741,1
"317","NR6 F Order1 - PR1 F Order1",-0.279999999999994,0.405549226899272,19,-0.690421732870272,1
"318","NR6 F Order1 - PR2 F Order1",-0.260000000000005,0.411015003781289,19,-0.632580313633409,1
"319","NR6 F Order1 - PR3 F Order1",-0.439999999999995,0.41246371451253,19,-1.06676050406036,1
"320","NR6 F Order1 - PR4 F Order1",-0.780000000000005,0.352604345636017,19,-2.21211113718143,1
"321","NR6 F Order1 - PR5 F Order1",-0.479999999999999,0.491503243729369,19,-0.9765957928536,1
"322","NR6 F Order1 - PR6 F Order1",-0.660000000000004,0.528921444769299,19,-1.24782234966457,1
"323","NR6 F Order1 - NR0 M Order1",-4.97666666666666,0.779518894961719,19,-6.38427971256689,0.00535640869757157
"324","NR6 F Order1 - NR1 M Order1",-4.11,0.756469562395217,19,-5.43313333980877,0.033486179955134
"325","NR6 F Order1 - NR2 M Order1",-4.46,0.767423729947512,19,-5.8116524495601,0.0160595413756918
"326","NR6 F Order1 - NR3 M Order1",-4.17666666666666,0.741957266151712,19,-5.62925502209805,0.023075170864243
"327","NR6 F Order1 - NR4 M Order1",-4.19333333333332,0.763376234142642,19,-5.49314105651051,0.0298769415737697
"328","NR6 F Order1 - NR5 M Order1",-4.32666666666667,0.78930386087699,19,-5.4816235940609,0.0305007659468564
"329","NR6 F Order1 - NR6 M Order1",-4.31,0.741537441925746,19,-5.8122486557214,0.0160595413756918
"330","NR6 F Order1 - PR0 M Order1",-4.32666666666667,0.74757150687726,19,-5.78762917910011,0.0168607505929495
"331","NR6 F Order1 - PR1 M Order1",-4.02666666666666,0.74182917596694,19,-5.42802412889475,0.0337704442917323
"332","NR6 F Order1 - PR2 M Order1",-3.66000000000001,0.718799763087889,19,-5.09182137773255,0.0667955110969448
"333","NR6 F Order1 - PR3 M Order1",-4.07666666666666,0.742203531298084,19,-5.49265328815768,0.0298819972667015
"334","NR6 F Order1 - PR4 M Order1",-4.16000000000001,0.740566797315779,19,-5.61731907922166,0.0236393412761417
"335","NR6 F Order1 - PR5 M Order1",-4.31,0.786195220016383,19,-5.48209896253272,0.0304965115225106
"336","NR6 F Order1 - PR6 M Order1",-4.19333333333334,0.824988392617265,19,-5.08289979696568,0.0679363871128043
"337","NR6 F Order1 - NR0 F Order2",0.990000000000003,0.779518894961719,19,1.27001411562785,1
"338","NR6 F Order1 - NR1 F Order2",0.723333333333334,0.756469562395217,19,0.956196216332931,1
"339","NR6 F Order1 - NR2 F Order2",0.473333333333331,0.767423729947512,19,0.616782248010112,1
"340","NR6 F Order1 - NR3 F Order2",0.223333333333339,0.741957266151712,19,0.301005655610997,1
"341","NR6 F Order1 - NR4 F Order2",0.29000000000001,0.763376234142642,19,0.37989131312912,1
"342","NR6 F Order1 - NR5 F Order2",0.456666666666665,0.78930386087699,19,0.578568900143559,1
"343","NR6 F Order1 - NR6 F Order2",0.273333333333333,0.741537441925746,19,0.368603549705455,1
"344","NR6 F Order1 - PR0 F Order2",0.556666666666661,0.74757150687726,19,0.744633338143072,1
"345","NR6 F Order1 - PR1 F Order2",1.77333333333334,0.74182917596694,19,2.39048744749339,1
"346","NR6 F Order1 - PR2 F Order2",1.80666666666666,0.718799763087889,19,2.5134491682432,1
"347","NR6 F Order1 - PR3 F Order2",1.59000000000001,0.742203531298084,19,2.14226951631335,1
"348","NR6 F Order1 - PR4 F Order2",1.40666666666666,0.740566797315779,19,1.89944603480091,1
"349","NR6 F Order1 - PR5 F Order2",1.20666666666667,0.786195220016383,19,1.53481811634714,1
"350","NR6 F Order1 - PR6 F Order2",0.856666666666663,0.824988392617265,19,1.03839844818774,1
"351","NR6 F Order1 - NR0 M Order2",-3.14333333333333,0.779518894961719,19,-4.03240172066348,0.573495486516187
"352","NR6 F Order1 - NR1 M Order2",-4.04333333333334,0.756469562395217,19,-5.34500465627578,0.0399648432643439
"353","NR6 F Order1 - NR2 M Order2",-4.09333333333334,0.767423729947512,19,-5.33386338420016,0.0408047258197096
"354","NR6 F Order1 - NR3 M Order2",-3.55999999999999,0.741957266151712,19,-4.79812000287367,0.120178548680711
"355","NR6 F Order1 - NR4 M Order2",-4.15999999999999,0.763376234142642,19,-5.44947538833475,0.0324272564093689
"356","NR6 F Order1 - NR5 M Order2",-4.36000000000001,0.78930386087699,19,-5.52385490064073,0.0281659393996019
"357","NR6 F Order1 - NR6 M Order2",-3.99333333333334,0.741537441925746,19,-5.38520795789191,0.0367217109841675
"358","NR6 F Order1 - PR0 M Order2",-4.64333333333335,0.74757150687726,19,-6.21122299421145,0.00748201423399579
"359","NR6 F Order1 - PR1 M Order2",-3.77666666666666,0.74182917596694,19,-5.09101931956767,0.0668498927302914
"360","NR6 F Order1 - PR2 M Order2",-3.41000000000001,0.718799763087889,19,-4.74401937105684,0.133280087719732
"361","NR6 F Order1 - PR3 M Order2",-3.00999999999999,0.742203531298084,19,-4.05549134849254,0.548084762127068
"362","NR6 F Order1 - PR4 M Order2",-2.74333333333334,0.740566797315779,19,-3.70436987355724,1
"363","NR6 F Order1 - PR5 M Order2",-2.81,0.786195220016383,19,-3.57417588972551,1
"364","NR6 F Order1 - PR6 M Order2",-3.01000000000001,0.824988392617265,19,-3.64853618176472,1
"365","PR0 F Order1 - PR1 F Order1",0.260000000000011,0.186763759210363,19,1.3921330406889,1
"366","PR0 F Order1 - PR2 F Order1",0.280000000000001,0.23009532730832,19,1.2168869454042,1
"367","PR0 F Order1 - PR3 F Order1",0.100000000000011,0.237568088116287,19,0.420931955941244,1
"368","PR0 F Order1 - PR4 F Order1",-0.239999999999999,0.224788399525873,19,-1.06767075394554,1
"369","PR0 F Order1 - PR5 F Order1",0.0600000000000062,0.326523420078329,19,0.183754047368525,1
"370","PR0 F Order1 - PR6 F Order1",-0.119999999999999,0.397024017126721,19,-0.302248717516999,1
"371","PR0 F Order1 - NR0 M Order1",-4.43666666666666,0.786404580189288,19,-5.64171010499297,0.0225575418778442
"372","PR0 F Order1 - NR1 M Order1",-3.56999999999999,0.763563130966105,19,-4.67544837515009,0.153272183950849
"373","PR0 F Order1 - NR2 M Order1",-3.92,0.774416966128004,19,-5.06187257182593,0.0707632324622411
"374","PR0 F Order1 - NR3 M Order1",-3.63666666666666,0.749188254670128,19,-4.85414265906758,0.107671773306005
"375","PR0 F Order1 - NR4 M Order1",-3.65333333333332,0.770406211679366,19,-4.74208706776859,0.1337199750299
"376","PR0 F Order1 - NR5 M Order1",-3.78666666666666,0.796104918296373,19,-4.75649198948545,0.130410229427643
"377","PR0 F Order1 - NR6 M Order1",-3.76999999999999,0.748772484749627,19,-5.03490723388507,0.0746612929625822
"378","PR0 F Order1 - PR0 M Order1",-3.78666666666667,0.754748709197365,19,-5.01712241507983,0.0773603237014367
"379","PR0 F Order1 - PR1 M Order1",-3.48666666666666,0.749061400992029,19,-4.65471410227392,0.160449981807397
"380","PR0 F Order1 - PR2 M Order1",-3.12,0.726261354854819,19,-4.29597414091198,0.333786937631133
"381","PR0 F Order1 - PR3 M Order1",-3.53666666666666,0.749432143700613,19,-4.71912860476331,0.140077340939016
"382","PR0 F Order1 - PR4 M Order1",-3.62,0.747811231145201,19,-4.84079383838127,0.110694758994806
"383","PR0 F Order1 - PR5 M Order1",-3.76999999999999,0.793022937951331,19,-4.75396084978234,0.130741814396875
"384","PR0 F Order1 - PR6 M Order1",-3.65333333333333,0.831497627232675,19,-4.39367860313934,0.271592379511441
"385","PR0 F Order1 - NR0 F Order2",1.53000000000001,0.786404580189288,19,1.94556343966325,1
"386","PR0 F Order1 - NR1 F Order2",1.26333333333334,0.763563130966105,19,1.654523748069,1
"387","PR0 F Order1 - NR2 F Order2",1.01333333333334,0.774416966128004,19,1.30851127707066,1
"388","PR0 F Order1 - NR3 F Order2",0.763333333333344,0.749188254670128,19,1.0188805398043,1
"389","PR0 F Order1 - NR4 F Order2",0.830000000000016,0.770406211679366,19,1.07735372251315,1
"390","PR0 F Order1 - NR5 F Order2",0.99666666666667,0.796104918296373,19,1.25192878948605,1
"391","PR0 F Order1 - NR6 F Order2",0.813333333333338,0.748772484749627,19,1.08622225028114,1
"392","PR0 F Order1 - PR0 F Order2",1.09666666666667,0.754748709197365,19,1.45302224873351,1
"393","PR0 F Order1 - PR1 F Order2",2.31333333333334,0.749061400992029,19,3.08830935657565,1
"394","PR0 F Order1 - PR2 F Order2",2.34666666666667,0.726261354854819,19,3.23116003760901,1
"395","PR0 F Order1 - PR3 F Order2",2.13000000000001,0.749432143700613,19,2.84215191182261,1
"396","PR0 F Order1 - PR4 F Order2",1.94666666666667,0.747811231145201,19,2.60315248767464,1
"397","PR0 F Order1 - PR5 F Order2",1.74666666666667,0.793022937951331,19,2.20254242730854,1
"398","PR0 F Order1 - PR6 F Order2",1.39666666666667,0.831497627232675,19,1.6797001229155,1
"399","PR0 F Order1 - NR0 M Order2",-2.60333333333332,0.786404580189288,19,-3.31042493764049,1
"400","PR0 F Order1 - NR1 M Order2",-3.50333333333333,0.763563130966105,19,-4.58813841482984,0.183407952511885
"401","PR0 F Order1 - NR2 M Order2",-3.55333333333334,0.774416966128004,19,-4.58839809657011,0.183407952511885
"402","PR0 F Order1 - NR3 M Order2",-3.01999999999998,0.749188254670128,19,-4.03102955922568,0.574581961215363
"403","PR0 F Order1 - NR4 M Order2",-3.61999999999998,0.770406211679366,19,-4.69881984999698,0.145863345287819
"404","PR0 F Order1 - NR5 M Order2",-3.82,0.796104918296373,19,-4.79836251756191,0.120178548680711
"405","PR0 F Order1 - NR6 M Order2",-3.45333333333333,0.748772484749627,19,-4.61199283316087,0.174440863338934
"406","PR0 F Order1 - PR0 M Order2",-4.10333333333334,0.754748709197365,19,-5.43668811000289,0.0332568211548726
"407","PR0 F Order1 - PR1 M Order2",-3.23666666666665,0.749061400992029,19,-4.32096309111661,0.316422565677787
"408","PR0 F Order1 - PR2 M Order2",-2.87000000000001,0.726261354854819,19,-3.95174544372353,0.678394423057465
"409","PR0 F Order1 - PR3 M Order2",-2.46999999999999,0.749432143700613,19,-3.29582874281773,1
"410","PR0 F Order1 - PR4 M Order2",-2.20333333333334,0.747811231145201,19,-2.94637636019339,1
"411","PR0 F Order1 - PR5 M Order2",-2.27,0.793022937951331,19,-2.86246449045249,1
"412","PR0 F Order1 - PR6 M Order2",-2.47000000000001,0.831497627232675,19,-2.9705436541298,1
"413","PR1 F Order1 - PR2 F Order1",0.0199999999999895,0.223088370500643,19,0.0896505719016485,1
"414","PR1 F Order1 - PR3 F Order1",-0.160000000000001,0.199701531677616,19,-0.801195657619157,1
"415","PR1 F Order1 - PR4 F Order1",-0.50000000000001,0.200525625085149,19,-2.49344690878134,1
"416","PR1 F Order1 - PR5 F Order1",-0.200000000000005,0.306336588188806,19,-0.652876632146656,1
"417","PR1 F Order1 - PR6 F Order1",-0.38000000000001,0.327398035553378,19,-1.16066670759866,1
"418","PR1 F Order1 - NR0 M Order1",-4.69666666666667,0.779851912768029,19,-6.02251092774292,0.0107177778177771
"419","PR1 F Order1 - NR1 M Order1",-3.83000000000001,0.756812722591279,19,-5.06069716545769,0.0708235001774906
"420","PR1 F Order1 - NR2 M Order1",-4.18000000000001,0.767761994065977,19,-5.44439557090241,0.0327302091041019
"421","PR1 F Order1 - NR3 M Order1",-3.89666666666667,0.742307135248568,19,-5.24939944887076,0.0485174768172673
"422","PR1 F Order1 - NR4 M Order1",-3.91333333333333,0.763716290974217,19,-5.12406685516866,0.0623560018411847
"423","PR1 F Order1 - NR5 M Order1",-4.04666666666667,0.789632752006232,19,-5.12474521400644,0.0623223214685034
"424","PR1 F Order1 - NR6 M Order1",-4.03000000000001,0.741887509008874,19,-5.43209037901702,0.0335321775811095
"425","PR1 F Order1 - PR0 M Order1",-4.04666666666668,0.74791874969167,19,-5.41056988922248,0.0348947935479857
"426","PR1 F Order1 - PR1 M Order1",-3.74666666666667,0.742179105446524,19,-5.04819744879846,0.0727522063122433
"427","PR1 F Order1 - PR2 M Order1",-3.38000000000001,0.719160898311928,19,-4.69992182268783,0.145656984744822
"428","PR1 F Order1 - PR3 M Order1",-3.79666666666667,0.742553284362112,19,-5.1129888542991,0.0637863385486339
"429","PR1 F Order1 - PR4 M Order1",-3.88000000000001,0.740917323007206,19,-5.23675163141283,0.0497516514098365
"430","PR1 F Order1 - PR5 M Order1",-4.03000000000001,0.786525411046727,19,-5.12380139713069,0.0623560018411847
"431","PR1 F Order1 - PR6 M Order1",-3.91333333333334,0.825303063243334,19,-4.74169248561183,0.1337199750299
"432","PR1 F Order1 - NR0 F Order2",1.27,0.779851912768028,19,1.62851431048264,1
"433","PR1 F Order1 - NR1 F Order2",1.00333333333333,0.756812722591279,19,1.32573528877524,1
"434","PR1 F Order1 - NR2 F Order2",0.753333333333326,0.767761994065976,19,0.981206857275862,1
"435","PR1 F Order1 - NR3 F Order2",0.503333333333333,0.742307135248568,19,0.678066139246779,1
"436","PR1 F Order1 - NR4 F Order2",0.570000000000005,0.763716290974217,19,0.746350453350809,1
"437","PR1 F Order1 - NR5 F Order2",0.736666666666659,0.789632752006232,19,0.932923140276285,1
"438","PR1 F Order1 - NR6 F Order2",0.553333333333327,0.741887509008874,19,0.745845329128878,1
"439","PR1 F Order1 - PR0 F Order2",0.836666666666655,0.74791874969167,19,1.11865983706328,1
"440","PR1 F Order1 - PR1 F Order2",2.05333333333333,0.742179105446524,19,2.76662778332727,1
"441","PR1 F Order1 - PR2 F Order2",2.08666666666666,0.719160898311928,19,2.90152964595913,1
"442","PR1 F Order1 - PR3 F Order2",1.87,0.742553284362111,19,2.51833779390851,1
"443","PR1 F Order1 - PR4 F Order2",1.68666666666666,0.740917323007206,19,2.27645732430831,1
"444","PR1 F Order1 - PR5 F Order2",1.48666666666666,0.786525411046727,19,1.89016991159659,1
"445","PR1 F Order1 - PR6 F Order2",1.13666666666666,0.825303063243334,19,1.37727183781398,1
"446","PR1 F Order1 - NR0 M Order2",-2.86333333333334,0.779851912768029,19,-3.67163725119316,1
"447","PR1 F Order1 - NR1 M Order2",-3.76333333333334,0.756812722591279,19,-4.97260844195104,0.084939355462982
"448","PR1 F Order1 - NR2 M Order2",-3.81333333333335,0.767761994065977,19,-4.96681701205133,0.0859606141770308
"449","PR1 F Order1 - NR3 M Order2",-3.28,0.742307135248568,19,-4.41865616568762,0.258071517056896
"450","PR1 F Order1 - NR4 M Order2",-3.87999999999999,0.763716290974217,19,-5.08042062982651,0.0682244128897824
"451","PR1 F Order1 - NR5 M Order2",-4.08000000000001,0.789632752006233,19,-5.16695893076103,0.0569131455913199
"452","PR1 F Order1 - NR6 M Order2",-3.71333333333334,0.741887509008874,19,-5.00525118463603,0.0792802788785015
"453","PR1 F Order1 - PR0 M Order2",-4.36333333333335,0.74791874969167,19,-5.8339670387086,0.0154182560723851
"454","PR1 F Order1 - PR1 M Order2",-3.49666666666667,0.742179105446524,19,-4.71135153362062,0.1424044281222
"455","PR1 F Order1 - PR2 M Order2",-3.13000000000002,0.719160898311928,19,-4.35229446893874,0.29669428559373
"456","PR1 F Order1 - PR3 M Order2",-2.73,0.742553284362112,19,-3.6765038381659,1
"457","PR1 F Order1 - PR4 M Order2",-2.46333333333335,0.740917323007206,19,-3.32470743609458,1
"458","PR1 F Order1 - PR5 M Order2",-2.53000000000001,0.786525411046727,19,-3.21667928901753,1
"459","PR1 F Order1 - PR6 M Order2",-2.73000000000002,0.825303063243334,19,-3.30787576296091,1
"460","PR2 F Order1 - PR3 F Order1",-0.17999999999999,0.215325131558538,19,-0.83594515278889,1
"461","PR2 F Order1 - PR4 F Order1",-0.52,0.271474208008855,19,-1.91546741701163,1
"462","PR2 F Order1 - PR5 F Order1",-0.219999999999995,0.310906992354204,19,-0.707607115343864,1
"463","PR2 F Order1 - PR6 F Order1",-0.399999999999999,0.386186937735073,19,-1.03576781324075,1
"464","PR2 F Order1 - NR0 M Order1",-4.71666666666666,0.753527765624633,19,-6.25944640906072,0.00680018288506493
"465","PR2 F Order1 - NR1 M Order1",-3.85,0.72965785461086,19,-5.27644563225222,0.0459634908693731
"466","PR2 F Order1 - NR2 M Order1",-4.2,0.741008479878242,19,-5.66795133125887,0.0214216851340311
"467","PR2 F Order1 - NR3 M Order1",-3.91666666666666,0.714601266973572,19,-5.48091201020989,0.0305207416792957
"468","PR2 F Order1 - NR4 M Order1",-3.93333333333332,0.736815893435201,19,-5.33828513795384,0.040447239369651
"469","PR2 F Order1 - NR5 M Order1",-4.06666666666666,0.763645841185713,19,-5.32533073230956,0.0415009459805275
"470","PR2 F Order1 - NR6 M Order1",-4.05,0.714165361623407,19,-5.67095552043259,0.0213011166674095
"471","PR2 F Order1 - PR0 M Order1",-4.06666666666667,0.720428722261717,19,-5.64478697337296,0.0224375675024225
"472","PR2 F Order1 - PR1 M Order1",-3.76666666666666,0.714468272410121,19,-5.27198591192935,0.0463745729583995
"473","PR2 F Order1 - PR2 M Order1",-3.4,0.690526962094977,19,-4.92377587934409,0.0941801291621859
"474","PR2 F Order1 - PR3 M Order1",-3.81666666666666,0.714856956206106,19,-5.33906347770958,0.0404155345538616
"475","PR2 F Order1 - PR4 M Order1",-3.9,0.713157463153449,19,-5.46863799581502,0.031322178371259
"476","PR2 F Order1 - PR5 M Order1",-4.04999999999999,0.760432317791348,19,-5.32591777761773,0.0414859437251627
"477","PR2 F Order1 - PR6 M Order1",-3.93333333333333,0.800475005180131,19,-4.9137490963234,0.0955479677762881
"478","PR2 F Order1 - NR0 F Order2",1.25000000000001,0.753527765624633,19,1.65886388932706,1
"479","PR2 F Order1 - NR1 F Order2",0.983333333333339,0.72965785461086,19,1.34766360304278,1
"480","PR2 F Order1 - NR2 F Order2",0.733333333333336,0.741008479878242,19,0.989642295934093,1
"481","PR2 F Order1 - NR3 F Order2",0.483333333333344,0.714601266973572,19,0.676367865089747,1
"482","PR2 F Order1 - NR4 F Order2",0.550000000000015,0.736815893435201,19,0.746455125222383,1
"483","PR2 F Order1 - NR5 F Order2",0.716666666666669,0.763645841185713,19,0.938480415939804,1
"484","PR2 F Order1 - NR6 F Order2",0.533333333333337,0.714165361623407,19,0.746792496517879,1
"485","PR2 F Order1 - PR0 F Order2",0.816666666666666,0.720428722261717,19,1.13358426924293,1
"486","PR2 F Order1 - PR1 F Order2",2.03333333333334,0.714468272410121,19,2.8459392975902,1
"487","PR2 F Order1 - PR2 F Order2",2.06666666666667,0.690526962094977,19,2.99288337764053,1
"488","PR2 F Order1 - PR3 F Order2",1.85000000000001,0.714856956206106,19,2.58793033199026,1
"489","PR2 F Order1 - PR4 F Order2",1.66666666666667,0.713157463153449,19,2.33702478453633,1
"490","PR2 F Order1 - PR5 F Order2",1.46666666666667,0.760432317791348,19,1.92872742563935,1
"491","PR2 F Order1 - PR6 F Order2",1.11666666666667,0.800475005180131,19,1.39500504005791,1
"492","PR2 F Order1 - NR0 M Order2",-2.88333333333332,0.753527765624633,19,-3.82644603804771,0.891759435909703
"493","PR2 F Order1 - NR1 M Order2",-3.78333333333333,0.72965785461086,19,-5.18507860831712,0.0550414446332411
"494","PR2 F Order1 - NR2 M Order2",-3.83333333333334,0.741008479878243,19,-5.17313018329184,0.056247944853218
"495","PR2 F Order1 - NR3 M Order2",-3.29999999999999,0.714601266973572,19,-4.61795990647471,0.172289367252477
"496","PR2 F Order1 - NR4 M Order2",-3.89999999999998,0.736815893435201,19,-5.29304543339491,0.0443526608210545
"497","PR2 F Order1 - NR5 M Order2",-4.1,0.763645841185713,19,-5.36898098421374,0.0380186199402845
"498","PR2 F Order1 - NR6 M Order2",-3.73333333333333,0.714165361623407,19,-5.22754747562511,0.0505826354054274
"499","PR2 F Order1 - PR0 M Order2",-4.38333333333334,0.720428722261717,19,-6.08434005736513,0.00953703475045618
"500","PR2 F Order1 - PR1 M Order2",-3.51666666666666,0.714468272410121,19,-4.92207534255351,0.0944292613032574
"501","PR2 F Order1 - PR2 M Order2",-3.15000000000001,0.690526962094977,19,-4.56173353527468,0.19269427843361
"502","PR2 F Order1 - PR3 M Order2",-2.74999999999999,0.714856956206106,19,-3.84692346647196,0.853200303647776
"503","PR2 F Order1 - PR4 M Order2",-2.48333333333334,0.713157463153449,19,-3.48216692895914,1
"504","PR2 F Order1 - PR5 M Order2",-2.55,0.760432317791348,19,-3.35335563775931,1
"505","PR2 F Order1 - PR6 M Order2",-2.75000000000001,0.800475005180131,19,-3.43546017327696,1
"506","PR3 F Order1 - PR4 F Order1",-0.34000000000001,0.203702569552044,19,-1.66910020206271,1
"507","PR3 F Order1 - PR5 F Order1",-0.0400000000000045,0.260640237364328,19,-0.153468245749376,1
"508","PR3 F Order1 - PR6 F Order1",-0.220000000000009,0.30624494267217,19,-0.718379210054467,1
"509","PR3 F Order1 - NR0 M Order1",-4.53666666666667,0.780279227273557,19,-5.81415794255941,0.0160072317147803
"510","PR3 F Order1 - NR1 M Order1",-3.67,0.757253038120476,19,-4.8464645438849,0.109432187210792
"511","PR3 F Order1 - NR2 M Order1",-4.02000000000001,0.768196033704179,19,-5.23303925511812,0.0500668828388994
"512","PR3 F Order1 - NR3 M Order1",-3.73666666666667,0.74275604992999,19,-5.03081283150621,0.0752560946188114
"513","PR3 F Order1 - NR4 M Order1",-3.75333333333333,0.764152628580234,19,-4.91175871541118,0.0958781540280609
"514","PR3 F Order1 - NR5 M Order1",-3.88666666666667,0.79005477639693,19,-4.91949011990275,0.0948029493306495
"515","PR3 F Order1 - NR6 M Order1",-3.87,0.74233667745172,19,-5.21326793832264,0.0521069084867782
"516","PR3 F Order1 - PR0 M Order1",-3.88666666666668,0.748364298191074,19,-5.19354901892224,0.0541217151173843
"517","PR3 F Order1 - PR1 M Order1",-3.58666666666667,0.742628097521276,19,-4.82969426909397,0.113051546524268
"518","PR3 F Order1 - PR2 M Order1",-3.22000000000001,0.719624252181294,19,-4.47455736829281,0.229888706549398
"519","PR3 F Order1 - PR3 M Order1",-3.63666666666667,0.743002050322626,19,-4.89455805012591,0.0992439081362174
"520","PR3 F Order1 - PR4 M Order1",-3.72000000000001,0.741367079252128,19,-5.01775720032329,0.0773272360586038
"521","PR3 F Order1 - PR5 M Order1",-3.87,0.786949101841338,19,-4.91772592527878,0.0949872041141588
"522","PR3 F Order1 - PR6 M Order1",-3.75333333333334,0.825706856496601,19,-4.54560029846233,0.199427560621862
"523","PR3 F Order1 - NR0 F Order2",1.43,0.780279227273557,19,1.83267726477442,1
"524","PR3 F Order1 - NR1 F Order2",1.16333333333333,0.757253038120476,19,1.5362544285339,1
"525","PR3 F Order1 - NR2 F Order2",0.913333333333326,0.768196033704179,19,1.1889326334182,1
"526","PR3 F Order1 - NR3 F Order2",0.663333333333334,0.74275604992999,19,0.893070252872201,1
"527","PR3 F Order1 - NR4 F Order2",0.730000000000005,0.764152628580234,19,0.955306535235398,1
"528","PR3 F Order1 - NR5 F Order2",0.89666666666666,0.79005477639693,19,1.13494240330517,1
"529","PR3 F Order1 - NR6 F Order2",0.713333333333328,0.74233667745172,19,0.960929663049986,1
"530","PR3 F Order1 - PR0 F Order2",0.996666666666656,0.748364298191074,19,1.33179344481795,1
"531","PR3 F Order1 - PR1 F Order2",2.21333333333333,0.742628097521276,19,2.98040612888327,1
"532","PR3 F Order1 - PR2 F Order2",2.24666666666666,0.719624252181294,19,3.12199965448171,1
"533","PR3 F Order1 - PR3 F Order2",2.03,0.743002050322626,19,2.73215935153683,1
"534","PR3 F Order1 - PR4 F Order2",1.84666666666666,0.741367079252128,19,2.49089380732893,1
"535","PR3 F Order1 - PR5 F Order2",1.64666666666666,0.786949101841338,19,2.09246908448554,1
"536","PR3 F Order1 - PR6 F Order2",1.29666666666666,0.825706856496601,19,1.57037168392703,1
"537","PR3 F Order1 - NR0 M Order2",-2.70333333333333,0.780279227273557,19,-3.46457170566912,1
"538","PR3 F Order1 - NR1 M Order2",-3.60333333333334,0.757253038120476,19,-4.75842704081706,0.13011635235906
"539","PR3 F Order1 - NR2 M Order2",-3.65333333333335,0.768196033704179,19,-4.75573053367286,0.130496617653254
"540","PR3 F Order1 - NR3 M Order2",-3.12,0.74275604992999,19,-4.20057164165014,0.410042654633218
"541","PR3 F Order1 - NR4 M Order2",-3.71999999999999,0.764152628580234,19,-4.86813741243239,0.104875951677376
"542","PR3 F Order1 - NR5 M Order2",-3.92000000000001,0.79005477639693,19,-4.96168128731187,0.0868668481493297
"543","PR3 F Order1 - NR6 M Order2",-3.55333333333334,0.74233667745172,19,-4.7866870131369,0.12273629795337
"544","PR3 F Order1 - PR0 M Order2",-4.20333333333335,0.748364298191074,19,-5.61669409336274,0.0236509672064426
"545","PR3 F Order1 - PR1 M Order2",-3.33666666666667,0.742628097521276,19,-4.49305201056047,0.221682230715007
"546","PR3 F Order1 - PR2 M Order2",-2.97000000000002,0.719624252181294,19,-4.12715384590984,0.473374503048221
"547","PR3 F Order1 - PR3 M Order2",-2.57,0.743002050322626,19,-3.45894065687175,1
"548","PR3 F Order1 - PR4 M Order2",-2.30333333333335,0.741367079252128,19,-3.10687296184893,1
"549","PR3 F Order1 - PR5 M Order2",-2.37000000000001,0.786949101841339,19,-3.01163060540329,1
"550","PR3 F Order1 - PR6 M Order2",-2.57000000000002,0.825706856496601,19,-3.11248475143381,1
"551","PR4 F Order1 - PR5 F Order1",0.300000000000005,0.268099222271263,19,1.11898869925279,1
"552","PR4 F Order1 - PR6 F Order1",0.12,0.339188919051047,19,0.353785142320469,1
"553","PR4 F Order1 - NR0 M Order1",-4.19666666666666,0.778410811726601,19,-5.39132628098779,0.0362936496167309
"554","PR4 F Order1 - NR1 M Order1",-3.33,0.755327666010545,19,-4.40868268150197,0.263386781684043
"555","PR4 F Order1 - NR2 M Order1",-3.68,0.76629815704925,19,-4.80230830016662,0.119240395465207
"556","PR4 F Order1 - NR3 M Order1",-3.39666666666666,0.740793000105865,19,-4.58517651514154,0.184346417585722
"557","PR4 F Order1 - NR4 M Order1",-3.41333333333332,0.762244684510379,19,-4.47800214641817,0.228613177159345
"558","PR4 F Order1 - NR5 M Order1",-3.54666666666666,0.788209533693833,19,-4.4996495412149,0.218878582232572
"559","PR4 F Order1 - NR6 M Order1",-3.53,0.740372515689437,19,-4.76787012644959,0.127645809143657
"560","PR4 F Order1 - PR0 M Order1",-3.54666666666667,0.746415998023397,19,-4.75159519096413,0.131301720796771
"561","PR4 F Order1 - PR1 M Order1",-3.24666666666666,0.740664708573533,19,-4.38344993231756,0.277027037154021
"562","PR4 F Order1 - PR2 M Order1",-2.88,0.717597926157631,19,-4.01338952499616,0.596719896569722
"563","PR4 F Order1 - PR3 M Order1",-3.29666666666666,0.741039652165707,19,-4.44870481226216,0.242413827302663
"564","PR4 F Order1 - PR4 M Order1",-3.38,0.739400341829159,19,-4.57127189262371,0.188992301755531
"565","PR4 F Order1 - PR5 M Order1",-3.52999999999999,0.785096559785569,19,-4.49626221896085,0.220320294099685
"566","PR4 F Order1 - PR6 M Order1",-3.41333333333333,0.823941461612258,19,-4.14268912581999,0.459093767411916
"567","PR4 F Order1 - NR0 F Order2",1.77000000000001,0.778410811726601,19,2.27386358634196,1
"568","PR4 F Order1 - NR1 F Order2",1.50333333333334,0.755327666010545,19,1.99030619555295,1
"569","PR4 F Order1 - NR2 F Order2",1.25333333333334,0.76629815704925,19,1.63556876889733,1
"570","PR4 F Order1 - NR3 F Order2",1.00333333333334,0.740793000105865,19,1.35440444657274,1
"571","PR4 F Order1 - NR4 F Order2",1.07000000000001,0.762244684510379,19,1.40374871972682,1
"572","PR4 F Order1 - NR5 F Order2",1.23666666666667,0.788209533693833,19,1.56895674792362,1
"573","PR4 F Order1 - NR6 F Order2",1.05333333333334,0.740372515689437,19,1.42270723319932,1
"574","PR4 F Order1 - PR0 F Order2",1.33666666666667,0.746415998023397,19,1.79077976651937,1
"575","PR4 F Order1 - PR1 F Order2",2.55333333333334,0.740664708573533,19,3.4473538482087,1
"576","PR4 F Order1 - PR2 F Order2",2.58666666666667,0.71759792615763,19,3.60461836967248,1
"577","PR4 F Order1 - PR3 F Order2",2.37000000000001,0.741039652165707,19,3.19820942519557,1
"578","PR4 F Order1 - PR4 F Order2",2.18666666666667,0.739400341829159,19,2.95735144138181,1
"579","PR4 F Order1 - PR5 F Order2",1.98666666666667,0.785096559785569,19,2.5304742988675,1
"580","PR4 F Order1 - PR6 F Order2",1.63666666666667,0.823941461612258,19,1.98638707107189,1
"581","PR4 F Order1 - NR0 M Order2",-2.36333333333332,0.778410811726601,19,-3.03610034409876,1
"582","PR4 F Order1 - NR1 M Order2",-3.26333333333333,0.755327666010545,19,-4.32042076595639,0.316444812989286
"583","PR4 F Order1 - NR2 M Order2",-3.31333333333334,0.76629815704925,19,-4.32381743692539,0.314738306199331
"584","PR4 F Order1 - NR3 M Order2",-2.77999999999999,0.740793000105865,19,-3.75273524399218,1
"585","PR4 F Order1 - NR4 M Order2",-3.37999999999998,0.762244684510379,19,-4.43427165670705,0.250211008847081
"586","PR4 F Order1 - NR5 M Order2",-3.58,0.788209533693833,19,-4.54193948051204,0.200866403263514
"587","PR4 F Order1 - NR6 M Order2",-3.21333333333333,0.740372515689437,19,-4.34015750887385,0.304300866468657
"588","PR4 F Order1 - PR0 M Order2",-3.86333333333334,0.746415998023397,19,-5.17584476158594,0.0559809798343077
"589","PR4 F Order1 - PR1 M Order2",-2.99666666666666,0.740664708573533,19,-4.04591528660522,0.557444441238133
"590","PR4 F Order1 - PR2 M Order2",-2.63000000000001,0.717597926157631,19,-3.66500501761803,1
"591","PR4 F Order1 - PR3 M Order2",-2.22999999999999,0.741039652165707,19,-3.00928566168188,1
"592","PR4 F Order1 - PR4 M Order2",-1.96333333333334,0.739400341829159,19,-2.65530487648459,1
"593","PR4 F Order1 - PR5 M Order2",-2.03,0.785096559785569,19,-2.58566920807097,1
"594","PR4 F Order1 - PR6 M Order2",-2.23000000000001,0.823941461612258,19,-2.70650295427108,1
"595","PR5 F Order1 - PR6 F Order1",-0.180000000000005,0.251549583546576,19,-0.715564690913815,1
"596","PR5 F Order1 - NR0 M Order1",-4.49666666666667,0.830373339553322,19,-5.41523487385269,0.0345715198481322
"597","PR5 F Order1 - NR1 M Order1",-3.63,0.808774612774787,19,-4.48827144505192,0.223848891715981
"598","PR5 F Order1 - NR2 M Order1",-3.98,0.81902952127817,19,-4.85940969965143,0.106514993370629
"599","PR5 F Order1 - NR3 M Order1",-3.69666666666666,0.795217429533532,19,-4.6486237969345,0.162498680933095
"600","PR5 F Order1 - NR4 M Order1",-3.71333333333332,0.815238278230603,19,-4.5549055196387,0.195482296180507
"601","PR5 F Order1 - NR5 M Order1",-3.84666666666667,0.839565816499171,19,-4.58173330913654,0.185585641819645
"602","PR5 F Order1 - NR6 M Order1",-3.83,0.794825737640884,19,-4.8186663046013,0.115530690625654
"603","PR5 F Order1 - PR0 M Order1",-3.84666666666667,0.800458202115098,19,-4.80558092415369,0.118734658794982
"604","PR5 F Order1 - PR1 M Order1",-3.54666666666666,0.795097919601345,19,-4.46066651569775,0.236719944595876
"605","PR5 F Order1 - PR2 M Order1",-3.18000000000001,0.77365578576897,19,-4.11035509395081,0.490691159984638
"606","PR5 F Order1 - PR3 M Order1",-3.59666666666666,0.795447205859661,19,-4.52156552964398,0.209663067879843
"607","PR5 F Order1 - PR4 M Order1",-3.68000000000001,0.793920245821422,19,-4.63522629554878,0.166911487534241
"608","PR5 F Order1 - PR5 M Order1",-3.83,0.836643950205346,19,-4.57781353592525,0.186829331314813
"609","PR5 F Order1 - PR6 M Order1",-3.71333333333334,0.873198730754812,19,-4.25256382372825,0.366777718355381
"610","PR5 F Order1 - NR0 F Order2",1.47,0.830373339553321,19,1.77028804993998,1
"611","PR5 F Order1 - NR1 F Order2",1.20333333333333,0.808774612774787,19,1.48784755891987,1
"612","PR5 F Order1 - NR2 F Order2",0.953333333333331,0.81902952127817,19,1.1639792077892,1
"613","PR5 F Order1 - NR3 F Order2",0.703333333333338,0.795217429533532,19,0.884454121869421,1
"614","PR5 F Order1 - NR4 F Order2",0.77000000000001,0.815238278230603,19,0.944509133785059,1
"615","PR5 F Order1 - NR5 F Order2",0.936666666666664,0.839565816499171,19,1.1156560310809,1
"616","PR5 F Order1 - NR6 F Order2",0.753333333333332,0.794825737640884,19,0.947796853646555,1
"617","PR5 F Order1 - PR0 F Order2",1.03666666666666,0.800458202115097,19,1.29509156621472,1
"618","PR5 F Order1 - PR1 F Order2",2.25333333333334,0.795097919601345,19,2.8340324855373,1
"619","PR5 F Order1 - PR2 F Order2",2.28666666666666,0.77365578576897,19,2.95566414512605,1
"620","PR5 F Order1 - PR3 F Order2",2.07000000000001,0.795447205859661,19,2.60230972558751,1
"621","PR5 F Order1 - PR4 F Order2",1.88666666666666,0.793920245821422,19,2.37639319137735,1
"622","PR5 F Order1 - PR5 F Order2",1.68666666666667,0.836643950205346,19,2.01599099145185,1
"623","PR5 F Order1 - PR6 F Order2",1.33666666666666,0.873198730754812,19,1.53077028125226,1
"624","PR5 F Order1 - NR0 M Order2",-2.66333333333333,0.830373339553322,19,-3.20739263469851,1
"625","PR5 F Order1 - NR1 M Order2",-3.56333333333334,0.808774612774787,19,-4.40584221741093,0.264789784188893
"626","PR5 F Order1 - NR2 M Order2",-3.61333333333334,0.81902952127817,19,-4.41172538896328,0.261870523139769
"627","PR5 F Order1 - NR3 M Order2",-3.07999999999999,0.795217429533532,19,-3.87315454316273,0.807689599000744
"628","PR5 F Order1 - NR4 M Order2",-3.67999999999999,0.815238278230603,19,-4.5140176783493,0.212808448264329
"629","PR5 F Order1 - NR5 M Order2",-3.88000000000001,0.839565816499171,19,-4.62143637074085,0.171312158658837
"630","PR5 F Order1 - NR6 M Order2",-3.51333333333334,0.794825737640884,19,-4.42025612275873,0.257428446122565
"631","PR5 F Order1 - PR0 M Order2",-4.16333333333335,0.800458202115098,19,-5.20118767267588,0.0533156244577143
"632","PR5 F Order1 - PR1 M Order2",-3.29666666666666,0.795097919601345,19,-4.14623983461003,0.456485280261354
"633","PR5 F Order1 - PR2 M Order2",-2.93000000000001,0.77365578576897,19,-3.78721397021255,0.971564481663981
"634","PR5 F Order1 - PR3 M Order2",-2.52999999999999,0.795447205859661,19,-3.18060077571805,1
"635","PR5 F Order1 - PR4 M Order2",-2.26333333333334,0.793920245821422,19,-2.85083211474423,1
"636","PR5 F Order1 - PR5 M Order2",-2.33,0.836643950205346,19,-2.78493617198586,1
"637","PR5 F Order1 - PR6 M Order2",-2.53000000000001,0.873198730754812,19,-2.89739312586154,1
"638","PR6 F Order1 - NR0 M Order1",-4.31666666666666,0.874370283011074,19,-4.93688629467293,0.0915473148916177
"639","PR6 F Order1 - NR1 M Order1",-3.45,0.853885169704298,19,-4.04035591951402,0.563869080658075
"640","PR6 F Order1 - NR2 M Order1",-3.8,0.863604577047319,19,-4.40016195026695,0.267924692079764
"641","PR6 F Order1 - NR3 M Order1",-3.51666666666666,0.841055449424025,19,-4.18125424319521,0.425986174839116
"642","PR6 F Order1 - NR4 M Order1",-3.53333333333332,0.8600098598646,19,-4.10848002822852,0.492198333205861
"643","PR6 F Order1 - NR5 M Order1",-3.66666666666666,0.883104902605489,19,-4.15201711127254,0.451046810336714
"644","PR6 F Order1 - NR6 M Order1",-3.65,0.840685114646564,19,-4.34169695217514,0.303587585895868
"645","PR6 F Order1 - PR0 M Order1",-3.66666666666667,0.84601231793944,19,-4.33405825059055,0.307841095547595
"646","PR6 F Order1 - PR1 M Order1",-3.36666666666666,0.840942453754308,19,-4.00344476799392,0.608909811933249
"647","PR6 F Order1 - PR2 M Order1",-3,0.820698960414678,19,-3.6554207385424,1
"648","PR6 F Order1 - PR3 M Order1",-3.41666666666666,0.841272706131533,19,-4.06130692433573,0.54218537864291
"649","PR6 F Order1 - PR4 M Order1",-3.5,0.839829069214133,19,-4.16751471019586,0.437462950811861
"650","PR6 F Order1 - PR5 M Order1",-3.65,0.880327557325758,19,-4.14618396257854,0.456485280261354
"651","PR6 F Order1 - PR6 M Order1",-3.53333333333333,0.915139078044286,19,-3.86097962386691,0.828355658968337
"652","PR6 F Order1 - NR0 F Order2",1.65000000000001,0.874370283011074,19,1.88707236746186,1
"653","PR6 F Order1 - NR1 F Order2",1.38333333333334,0.853885169704298,19,1.62004609333172,1
"654","PR6 F Order1 - NR2 F Order2",1.13333333333334,0.863604577047319,19,1.3123290027112,1
"655","PR6 F Order1 - NR3 F Order2",0.883333333333343,0.841055449424025,19,1.05026765350402,1
"656","PR6 F Order1 - NR4 F Order2",0.950000000000015,0.8600098598646,19,1.1046384981558,1
"657","PR6 F Order1 - NR5 F Order2",1.11666666666667,0.883104902605489,19,1.26447793843301,1
"658","PR6 F Order1 - NR6 F Order2",0.933333333333337,0.840685114646563,19,1.11020561334159,1
"659","PR6 F Order1 - PR0 F Order2",1.21666666666667,0.84601231793944,19,1.43811932860504,1
"660","PR6 F Order1 - PR1 F Order2",2.43333333333334,0.840942453754308,19,2.8935788917184,1
"661","PR6 F Order1 - PR2 F Order2",2.46666666666667,0.820698960414678,19,3.00556816280153,1
"662","PR6 F Order1 - PR3 F Order2",2.25000000000001,0.841272706131533,19,2.67451919407477,1
"663","PR6 F Order1 - PR4 F Order2",2.06666666666667,0.839829069214133,19,2.46081820982994,1
"664","PR6 F Order1 - PR5 F Order2",1.86666666666667,0.880327557325758,19,2.120422848442,1
"665","PR6 F Order1 - PR6 F Order2",1.51666666666667,0.915139078044285,19,1.65730729137683,1
"666","PR6 F Order1 - NR0 M Order2",-2.48333333333332,0.874370283011075,19,-2.84013921971531,1
"667","PR6 F Order1 - NR1 M Order2",-3.38333333333333,0.853885169704298,19,-3.96228140899202,0.663097387481235
"668","PR6 F Order1 - NR2 M Order2",-3.43333333333334,0.863604577047319,19,-3.97558491997805,0.645679845318627
"669","PR6 F Order1 - NR3 M Order2",-2.89999999999999,0.841055449424025,19,-3.44804852282448,1
"670","PR6 F Order1 - NR4 M Order2",-3.49999999999998,0.8600098598646,19,-4.0697207826792,0.53317326862338
"671","PR6 F Order1 - NR5 M Order2",-3.7,0.883104902605489,19,-4.18976272137503,0.418789592436715
"672","PR6 F Order1 - NR6 M Order2",-3.33333333333333,0.840685114646564,19,-3.96502004764854,0.659792003788682
"673","PR6 F Order1 - PR0 M Order2",-3.98333333333334,0.846012317939441,19,-4.70836328132338,0.143214734882288
"674","PR6 F Order1 - PR1 M Order2",-3.11666666666666,0.840942453754308,19,-3.70615926542012,1
"675","PR6 F Order1 - PR2 M Order2",-2.75000000000001,0.820698960414678,19,-3.35080234366387,1
"676","PR6 F Order1 - PR3 M Order2",-2.34999999999999,0.841272706131533,19,-2.7933867138114,1
"677","PR6 F Order1 - PR4 M Order2",-2.08333333333334,0.839829069214133,19,-2.48066351797373,1
"678","PR6 F Order1 - PR5 M Order2",-2.15,0.880327557325758,19,-2.44227274508051,1
"679","PR6 F Order1 - PR6 M Order2",-2.35000000000001,0.915139078044286,19,-2.56791569323224,1
"680","NR0 M Order1 - NR1 M Order1",0.866666666666665,0.135551720777894,19,6.39362349436145,0.00526153551054755
"681","NR0 M Order1 - NR2 M Order1",0.516666666666662,0.183046026870883,19,2.82260519662143,1
"682","NR0 M Order1 - NR3 M Order1",0.800000000000004,0.24909778722891,19,3.21159015059751,1
"683","NR0 M Order1 - NR4 M Order1",0.783333333333342,0.416002980196253,19,1.88299933083123,1
"684","NR0 M Order1 - NR5 M Order1",0.649999999999996,0.431934313827911,19,1.50485844534909,1
"685","NR0 M Order1 - NR6 M Order1",0.666666666666665,0.407911525781629,19,1.63434133269271,1
"686","NR0 M Order1 - PR0 M Order1",0.649999999999992,0.364527251325691,19,1.78313143293433,1
"687","NR0 M Order1 - PR1 M Order1",0.950000000000003,0.27702471019474,19,3.42929697257758,1
"688","NR0 M Order1 - PR2 M Order1",1.31666666666666,0.284049662077454,19,4.63533966925697,0.166911487534241
"689","NR0 M Order1 - PR3 M Order1",0.900000000000004,0.283049393329728,19,3.17965705353617,1
"690","NR0 M Order1 - PR4 M Order1",0.816666666666659,0.343979123533537,19,2.37417509027124,1
"691","NR0 M Order1 - PR5 M Order1",0.666666666666665,0.372132309992496,19,1.79147751690819,1
"692","NR0 M Order1 - PR6 M Order1",0.783333333333326,0.335645489671531,19,2.3338115882323,1
"693","NR0 M Order1 - NR0 F Order2",5.96666666666667,0.784495218938912,19,7.60574000022209,0.000514392035796634
"694","NR0 M Order1 - NR1 F Order2",5.7,0.761596507191362,19,7.48427802146917,0.000644835679994737
"695","NR0 M Order1 - NR2 F Order2",5.45,0.77247797523439,19,7.05521733269654,0.00147098472043413
"696","NR0 M Order1 - NR3 F Order2",5.2,0.74718379648584,19,6.95946569566508,0.00176855214591628
"697","NR0 M Order1 - NR4 F Order2",5.26666666666667,0.768457100812708,19,6.85355976422982,0.00216199833062648
"698","NR0 M Order1 - NR5 F Order2",5.43333333333333,0.794218877722631,19,6.8411032345555,0.00221527850496881
"699","NR0 M Order1 - NR6 F Order2",5.25,0.7467669105641,19,7.03030614470344,0.00154104550100587
"700","NR0 M Order1 - PR0 F Order2",5.53333333333333,0.752759057620969,19,7.35073630441718,0.000832611399823585
"701","NR0 M Order1 - PR1 F Order2",6.75,0.747056602441516,19,9.03545993428046,4.03755077657768e-05
"702","NR0 M Order1 - PR2 F Order2",6.78333333333333,0.724193441250939,19,9.36674229141885,2.30022511224185e-05
"703","NR0 M Order1 - PR3 F Order2",6.56666666666667,0.7474283395798,19,8.78568060499072,6.2149204388621e-05
"704","NR0 M Order1 - PR4 F Order2",6.38333333333333,0.74580307201179,19,8.5590064896279,9.24576324780785e-05
"705","NR0 M Order1 - PR5 F Order2",6.18333333333333,0.791129550018378,19,7.81582906767886,0.000348762316627325
"706","NR0 M Order1 - PR6 F Order2",5.83333333333333,0.82969204460986,19,7.03072106238682,0.00154104550100587
"707","NR0 M Order1 - NR0 M Order2",1.83333333333334,0.784495218938912,19,2.33695921794534,1
"708","NR0 M Order1 - NR1 M Order2",0.933333333333326,0.761596507191362,19,1.22549581638091,1
"709","NR0 M Order1 - NR2 M Order2",0.883333333333322,0.77247797523439,19,1.14350617318933,1
"710","NR0 M Order1 - NR3 M Order2",1.41666666666667,0.747183796485841,19,1.89600828247287,1
"711","NR0 M Order1 - NR4 M Order2",0.816666666666677,0.768457100812708,19,1.06273553306096,1
"712","NR0 M Order1 - NR5 M Order2",0.616666666666656,0.794218877722631,19,0.77644423214279,1
"713","NR0 M Order1 - NR6 M Order2",0.983333333333327,0.7467669105641,19,1.31678750011905,1
"714","NR0 M Order1 - PR0 M Order2",0.333333333333317,0.752759057620969,19,0.442815440025111,1
"715","NR0 M Order1 - PR1 M Order2",1.2,0.747056602441516,19,1.60630398831653,1
"716","NR0 M Order1 - PR2 M Order2",1.56666666666665,0.724193441250939,19,2.16332622946773,1
"717","NR0 M Order1 - PR3 M Order2",1.96666666666667,0.7474283395798,19,2.63124444514951,1
"718","NR0 M Order1 - PR4 M Order2",2.23333333333332,0.74580307201179,19,2.99453490759826,1
"719","NR0 M Order1 - PR5 M Order2",2.16666666666666,0.791129550018378,19,2.7387002123942,1
"720","NR0 M Order1 - PR6 M Order2",1.96666666666665,0.82969204460986,19,2.37035738674754,1
"721","NR1 M Order1 - NR2 M Order1",-0.350000000000003,0.174139488352035,19,-2.00988301569172,1
"722","NR1 M Order1 - NR3 M Order1",-0.0666666666666609,0.23976718727459,19,-0.278047498594175,1
"723","NR1 M Order1 - NR4 M Order1",-0.0833333333333228,0.357844423708052,19,-0.232875875135365,1
"724","NR1 M Order1 - NR5 M Order1",-0.216666666666668,0.382076505611574,19,-0.567076654765409,1
"725","NR1 M Order1 - NR6 M Order1",-0.2,0.339736740185072,19,-0.588691113863781,1
"726","NR1 M Order1 - PR0 M Order1",-0.216666666666673,0.343226009456235,19,-0.631265290791724,1
"727","NR1 M Order1 - PR1 M Order1",0.0833333333333384,0.27061766041531,19,0.307937527822275,1
"728","NR1 M Order1 - PR2 M Order1",0.449999999999995,0.264718762825405,19,1.69991728276848,1
"729","NR1 M Order1 - PR3 M Order1",0.0333333333333392,0.258334748156851,19,0.129031551392771,1
"730","NR1 M Order1 - PR4 M Order1",-0.0500000000000056,0.305150715326586,19,-0.16385345827059,1
"731","NR1 M Order1 - PR5 M Order1",-0.2,0.310823279551438,19,-0.643452447605045,1
"732","NR1 M Order1 - PR6 M Order1",-0.0833333333333389,0.315491818783464,19,-0.264137858327586,1
"733","NR1 M Order1 - NR0 F Order2",5.1,0.761596507191362,19,6.69645928236716,0.00292990100442364
"734","NR1 M Order1 - NR1 F Order2",4.83333333333333,0.73798762252097,19,6.54934200227185,0.00390219045464662
"735","NR1 M Order1 - NR2 F Order2",4.58333333333333,0.749212061735724,19,6.11753810091494,0.00895633553940304
"736","NR1 M Order1 - NR3 F Order2",4.33333333333334,0.723104499335376,19,5.99267925634015,0.0113542680232177
"737","NR1 M Order1 - NR4 F Order2",4.40000000000001,0.745065639402022,19,5.9055199532908,0.0133620346023087
"738","NR1 M Order1 - NR5 F Order2",4.56666666666666,0.771608784915689,19,5.91837049543915,0.0130647296632664
"739","NR1 M Order1 - NR6 F Order2",4.38333333333333,0.722673723018571,19,6.06543893006705,0.00984133798501223
"740","NR1 M Order1 - PR0 F Order2",4.66666666666666,0.728863972259901,19,6.40265789540577,0.00517556236561909
"741","NR1 M Order1 - PR1 F Order2",5.88333333333334,0.722973068986344,19,8.13769362333532,0.000194926576071638
"742","NR1 M Order1 - PR2 F Order2",5.91666666666666,0.699322980874323,19,8.46056375734914,0.000109771025338142
"743","NR1 M Order1 - PR3 F Order2",5.70000000000001,0.723357182887603,19,7.87992451702203,0.000310491894528805
"744","NR1 M Order1 - PR4 F Order2",5.51666666666666,0.721677707463861,19,7.64422485218988,0.000478982375513231
"745","NR1 M Order1 - PR5 F Order2",5.31666666666667,0.76842856280877,19,6.91888214986845,0.00191127556428526
"746","NR1 M Order1 - PR6 F Order2",4.96666666666666,0.80807510796767,19,6.14629335527728,0.00849333446658644
"747","NR1 M Order1 - NR0 M Order2",0.966666666666671,0.761596507191362,19,1.26926352410881,1
"748","NR1 M Order1 - NR1 M Order2",0.066666666666661,0.73798762252097,19,0.0903357517554662,1
"749","NR1 M Order1 - NR2 M Order2",0.016666666666657,0.749212061735724,19,0.0222455930942233,1
"750","NR1 M Order1 - NR3 M Order2",0.550000000000009,0.723104499335376,19,0.7606092902278,1
"751","NR1 M Order1 - NR4 M Order2",-0.0499999999999879,0.745065639402022,19,-0.0671081812873791,1
"752","NR1 M Order1 - NR5 M Order2",-0.250000000000008,0.771608784915689,19,-0.323998384786825,1
"753","NR1 M Order1 - NR6 M Order2",0.116666666666663,0.722673723018571,19,0.161437538062615,1
"754","NR1 M Order1 - PR0 M Order2",-0.533333333333347,0.728863972259901,19,-0.731732330903536,1
"755","NR1 M Order1 - PR1 M Order2",0.333333333333339,0.722973068986344,19,0.461059128800876,1
"756","NR1 M Order1 - PR2 M Order2",0.699999999999989,0.699322980874323,19,1.00096810650326,1
"757","NR1 M Order1 - PR3 M Order2",1.10000000000001,0.723357182887603,19,1.52068718749549,1
"758","NR1 M Order1 - PR4 M Order2",1.36666666666666,0.721677707463861,19,1.8937354618718,1
"759","NR1 M Order1 - PR5 M Order2",1.3,0.76842856280877,19,1.69176428742865,1
"760","NR1 M Order1 - PR6 M Order2",1.09999999999999,0.80807510796767,19,1.36125960217549,1
"761","NR2 M Order1 - NR3 M Order1",0.283333333333342,0.204867665174179,19,1.38300660132213,1
"762","NR2 M Order1 - NR4 M Order1",0.26666666666668,0.326692623386937,19,0.816261670992302,1
"763","NR2 M Order1 - NR5 M Order1",0.133333333333334,0.356185936067992,19,0.374336322217625,1
"764","NR2 M Order1 - NR6 M Order1",0.150000000000002,0.329366750204618,19,0.455419376445302,1
"765","NR2 M Order1 - PR0 M Order1",0.133333333333329,0.323693956968272,19,0.411911716184428,1
"766","NR2 M Order1 - PR1 M Order1",0.433333333333341,0.282992571142138,19,1.53125338797565,1
"767","NR2 M Order1 - PR2 M Order1",0.799999999999997,0.254807575603229,19,3.13962407948855,1
"768","NR2 M Order1 - PR3 M Order1",0.383333333333342,0.259435960390729,19,1.47756437756745,1
"769","NR2 M Order1 - PR4 M Order1",0.299999999999997,0.33319734068005,19,0.90036733002641,1
"770","NR2 M Order1 - PR5 M Order1",0.150000000000003,0.360368557279937,19,0.416240532004798,1
"771","NR2 M Order1 - PR6 M Order1",0.266666666666664,0.382627114527878,19,0.696936146294029,1
"772","NR2 M Order1 - NR0 F Order2",5.45000000000001,0.77247797523439,19,7.05521733269655,0.00147098472043413
"773","NR2 M Order1 - NR1 F Order2",5.18333333333334,0.749212061735724,19,6.91837945230745,0.00191184977833047
"774","NR2 M Order1 - NR2 F Order2",4.93333333333333,0.760270804323325,19,6.48891593006024,0.00439240821547944
"775","NR2 M Order1 - NR3 F Order2",4.68333333333334,0.734556396347623,19,6.37573010951904,0.0054399854058049
"776","NR2 M Order1 - NR4 F Order2",4.75000000000001,0.756185023306919,19,6.2815314421694,0.00652399323243266
"777","NR2 M Order1 - NR5 F Order2",4.91666666666667,0.782351007806091,19,6.28447668323996,0.00649338772703884
"778","NR2 M Order1 - NR6 F Order2",4.73333333333334,0.734132339839121,19,6.44752053065883,0.00474866904552337
"779","NR2 M Order1 - PR0 F Order2",5.01666666666666,0.740226771006441,19,6.77720242385426,0.00250561670639982
"780","NR2 M Order1 - PR1 F Order2",6.23333333333334,0.734427015390688,19,8.48734210848363,0.000104688591873741
"781","NR2 M Order1 - PR2 F Order2",6.26666666666666,0.711157938882137,19,8.81191972140139,5.93928668022118e-05
"782","NR2 M Order1 - PR3 F Order2",6.05000000000001,0.734805141851382,19,8.23347531939788,0.000164205693071564
"783","NR2 M Order1 - PR4 F Order2",5.86666666666667,0.733151891429351,19,8.0019798560828,0.000248968061807107
"784","NR2 M Order1 - PR5 F Order2",5.66666666666667,0.779214629352204,19,7.27227961746255,0.000966100345912242
"785","NR2 M Order1 - PR6 F Order2",5.31666666666666,0.818338782273638,19,6.49690175002468,0.00432713065861606
"786","NR2 M Order1 - NR0 M Order2",1.31666666666667,0.77247797523439,19,1.70447146569734,1
"787","NR2 M Order1 - NR1 M Order2",0.416666666666664,0.749212061735724,19,0.5561398273559,1
"788","NR2 M Order1 - NR2 M Order2",0.36666666666666,0.760270804323325,19,0.482284292099063,1
"789","NR2 M Order1 - NR3 M Order2",0.900000000000012,0.734556396347623,19,1.22522927371542,1
"790","NR2 M Order1 - NR4 M Order2",0.300000000000015,0.756185023306919,19,0.396728301610717,1
"791","NR2 M Order1 - NR5 M Order2",0.0999999999999944,0.782351007806091,19,0.127819864743856,1
"792","NR2 M Order1 - NR6 M Order2",0.466666666666665,0.734132339839121,19,0.635671038233967,1
"793","NR2 M Order1 - PR0 M Order2",-0.183333333333345,0.740226771006441,19,-0.247671849376749,1
"794","NR2 M Order1 - PR1 M Order2",0.683333333333342,0.734427015390688,19,0.930430551999553,1
"795","NR2 M Order1 - PR2 M Order2",1.04999999999999,0.711157938882137,19,1.47646527246884,1
"796","NR2 M Order1 - PR3 M Order2",1.45000000000001,0.734805141851382,19,1.97331226663256,1
"797","NR2 M Order1 - PR4 M Order2",1.71666666666666,0.733151891429351,19,2.34148842379695,1
"798","NR2 M Order1 - PR5 M Order2",1.65,0.779214629352204,19,2.11751671214351,1
"799","NR2 M Order1 - PR6 M Order2",1.44999999999999,0.818338782273639,19,1.77188229546126,1
"800","NR3 M Order1 - NR4 M Order1",-0.0166666666666618,0.325652740818098,19,-0.0511792611503658,1
"801","NR3 M Order1 - NR5 M Order1",-0.150000000000008,0.372148024375765,19,-0.403065420679352,1
"802","NR3 M Order1 - NR6 M Order1",-0.133333333333339,0.333372804680564,19,-0.39995263999143,1
"803","NR3 M Order1 - PR0 M Order1",-0.150000000000012,0.297189564801494,19,-0.504728354443414,1
"804","NR3 M Order1 - PR1 M Order1",0.149999999999999,0.22552732229026,19,0.665107883500452,1
"805","NR3 M Order1 - PR2 M Order1",0.516666666666656,0.274016049386962,19,1.88553432480528,1
"806","NR3 M Order1 - PR3 M Order1",0.1,0.213991583154149,19,0.467308099346904,1
"807","NR3 M Order1 - PR4 M Order1",0.0166666666666553,0.263661798256118,19,0.0632122923263444,1
"808","NR3 M Order1 - PR5 M Order1",-0.133333333333339,0.342804054647902,19,-0.388949114007089,1
"809","NR3 M Order1 - PR6 M Order1",-0.016666666666678,0.353735289405455,19,-0.0471162113757175,1
"810","NR3 M Order1 - NR0 F Order2",5.16666666666666,0.74718379648584,19,6.91485373607747,0.00192267403090149
"811","NR3 M Order1 - NR1 F Order2",4.9,0.723104499335376,19,6.77633731293846,0.00250820468997859
"812","NR3 M Order1 - NR2 F Order2",4.64999999999999,0.734556396347623,19,6.33035124752956,0.00595533989949129
"813","NR3 M Order1 - NR3 F Order2",4.4,0.707908541355433,19,6.21549217583294,0.00742107555773788
"814","NR3 M Order1 - NR4 F Order2",4.46666666666667,0.730326771371867,19,6.11598375104935,0.00897167818181389
"815","NR3 M Order1 - NR5 F Order2",4.63333333333333,0.757386627109284,19,6.11752725423389,0.00895633553940304
"816","NR3 M Order1 - NR6 F Order2",4.44999999999999,0.707468512307391,19,6.29003259167878,0.00642344388400151
"817","NR3 M Order1 - PR0 F Order2",4.73333333333332,0.713790638789409,19,6.63126283269989,0.00332655074758295
"818","NR3 M Order1 - PR1 F Order2",5.95,0.707774289194263,19,8.40663484226523,0.000120802358140264
"819","NR3 M Order1 - PR2 F Order2",5.98333333333332,0.683598579243594,19,8.75270007136925,6.58149177845665e-05
"820","NR3 M Order1 - PR3 F Order2",5.76666666666667,0.708166647054209,19,8.14309271787159,0.000193130293463087
"821","NR3 M Order1 - PR4 F Order2",5.58333333333332,0.706451059462158,19,7.90335474559849,0.000297776886548335
"822","NR3 M Order1 - PR5 F Order2",5.38333333333333,0.754146432800198,19,7.13831306387625,0.00125415598872489
"823","NR3 M Order1 - PR6 F Order2",5.03333333333332,0.794505988701075,19,6.33517356056968,0.00590478186280342
"824","NR3 M Order1 - NR0 M Order2",1.03333333333333,0.747183796485841,19,1.38297074721549,1
"825","NR3 M Order1 - NR1 M Order2",0.133333333333322,0.723104499335376,19,0.184390130964296,1
"826","NR3 M Order1 - NR2 M Order2",0.083333333333318,0.734556396347623,19,0.113447154973627,1
"827","NR3 M Order1 - NR3 M Order2",0.61666666666667,0.707908541355433,19,0.871110645855379,1
"828","NR3 M Order1 - NR4 M Order2",0.016666666666673,0.730326771371867,19,0.0228208348919838,1
"829","NR3 M Order1 - NR5 M Order2",-0.183333333333347,0.757386627109284,19,-0.242060430922943,1
"830","NR3 M Order1 - NR6 M Order2",0.183333333333323,0.707468512307391,19,0.259139919507352,1
"831","NR3 M Order1 - PR0 M Order2",-0.466666666666686,0.713790638789409,19,-0.653786476463399,1
"832","NR3 M Order1 - PR1 M Order2",0.4,0.707774289194263,19,0.565151922169091,1
"833","NR3 M Order1 - PR2 M Order2",0.76666666666665,0.683598579243594,19,1.12151588658211,1
"834","NR3 M Order1 - PR3 M Order2",1.16666666666667,0.708166647054209,19,1.64744650361564,1
"835","NR3 M Order1 - PR4 M Order2",1.43333333333332,0.706451059462158,19,2.02892091976557,1
"836","NR3 M Order1 - PR5 M Order2",1.36666666666666,0.754146432800198,19,1.81220331652585,1
"837","NR3 M Order1 - PR6 M Order2",1.16666666666665,0.794505988701075,19,1.46841771271481,1
"838","NR4 M Order1 - NR5 M Order1",-0.133333333333346,0.140633487398194,19,-0.948090926280036,1
"839","NR4 M Order1 - NR6 M Order1",-0.116666666666677,0.139862087460369,19,-0.834155050772684,1
"840","NR4 M Order1 - PR0 M Order1",-0.13333333333335,0.397216190196706,19,-0.335669432978858,1
"841","NR4 M Order1 - PR1 M Order1",0.166666666666661,0.403689128266667,19,0.412858942677707,1
"842","NR4 M Order1 - PR2 M Order1",0.533333333333318,0.405106296064516,19,1.31652689310062,1
"843","NR4 M Order1 - PR3 M Order1",0.116666666666662,0.407768137304976,19,0.286110306307246,1
"844","NR4 M Order1 - PR4 M Order1",0.0333333333333172,0.354395952612427,19,0.0940567551282703,1
"845","NR4 M Order1 - PR5 M Order1",-0.116666666666677,0.464905825840659,19,-0.250946880383175,1
"846","NR4 M Order1 - PR6 M Order1",-1.61815005839117e-14,0.501229482524768,19,-3.22836168822373e-14,1
"847","NR4 M Order1 - NR0 F Order2",5.18333333333333,0.768457100812708,19,6.74511736289705,0.00266600139028687
"848","NR4 M Order1 - NR1 F Order2",4.91666666666666,0.745065639402022,19,6.59897115992719,0.0035430690453717
"849","NR4 M Order1 - NR2 F Order2",4.66666666666665,0.756185023306919,19,6.1713291361664,0.00808530330064977
"850","NR4 M Order1 - NR3 F Order2",4.41666666666666,0.730326771371867,19,6.04752124637341,0.0101890816396113
"851","NR4 M Order1 - NR4 F Order2",4.48333333333333,0.752077045947378,19,5.96126867252777,0.012050494899288
"852","NR4 M Order1 - NR5 F Order2",4.64999999999999,0.778381136065396,19,5.97393716849957,0.0117776015005446
"853","NR4 M Order1 - NR6 F Order2",4.46666666666666,0.729900257545449,19,6.11955759775647,0.00892526601116593
"854","NR4 M Order1 - PR0 F Order2",4.74999999999998,0.736029731792046,19,6.45354364753029,0.00469693243801381
"855","NR4 M Order1 - PR1 F Order2",5.96666666666666,0.730196640983046,19,8.17131486476558,0.000183744703950882
"856","NR4 M Order1 - PR2 F Order2",5.99999999999999,0.706788304658714,19,8.48910481462649,0.000104426885538514
"857","NR4 M Order1 - PR3 F Order2",5.78333333333333,0.730576956972008,19,7.91611790947154,0.000290955247623988
"858","NR4 M Order1 - PR4 F Order2",5.59999999999999,0.728914116665115,19,7.68266092255255,0.000446138260326341
"859","NR4 M Order1 - PR5 F Order2",5.39999999999999,0.775228696684883,19,6.96568641368935,0.00174918559462953
"860","NR4 M Order1 - PR6 F Order2",5.04999999999999,0.814544324233096,19,6.19978538891008,0.00764592929985336
"861","NR4 M Order1 - NR0 M Order2",1.04999999999999,0.768457100812708,19,1.36637425679264,1
"862","NR4 M Order1 - NR1 M Order2",0.149999999999984,0.745065639402022,19,0.201324543862164,1
"863","NR4 M Order1 - NR2 M Order2",0.0999999999999798,0.756185023306919,19,0.132242767203539,1
"864","NR4 M Order1 - NR3 M Order2",0.633333333333332,0.730326771371867,19,0.867191725895054,1
"865","NR4 M Order1 - NR4 M Order2",0.0333333333333348,0.752077045947378,19,0.0443217001674947,1
"866","NR4 M Order1 - NR5 M Order2",-0.166666666666685,0.778381136065396,19,-0.214119611774203,1
"867","NR4 M Order1 - NR6 M Order2",0.199999999999985,0.729900257545449,19,0.274010041690569,1
"868","NR4 M Order1 - PR0 M Order2",-0.450000000000025,0.736029731792046,19,-0.611388345555537,1
"869","NR4 M Order1 - PR1 M Order2",0.416666666666662,0.730196640983046,19,0.570622546422172,1
"870","NR4 M Order1 - PR2 M Order2",0.783333333333311,0.706788304658714,19,1.10829979524287,1
"871","NR4 M Order1 - PR3 M Order2",1.18333333333333,0.730576956972008,19,1.61972441375354,1
"872","NR4 M Order1 - PR4 M Order2",1.44999999999998,0.728914116665115,19,1.98926041744662,1
"873","NR4 M Order1 - PR5 M Order2",1.38333333333332,0.775228696684883,19,1.78441966770436,1
"874","NR4 M Order1 - PR6 M Order2",1.18333333333331,0.814544324233096,19,1.45275499212082,1
"875","NR5 M Order1 - NR6 M Order1",0.0166666666666684,0.197750507351802,19,0.0842812839767743,1
"876","NR5 M Order1 - PR0 M Order1",-4.69069227904129e-15,0.443276608955157,19,-1.05818628465365e-14,1
"877","NR5 M Order1 - PR1 M Order1",0.300000000000007,0.463743980588605,19,0.646908666327557,1
"878","NR5 M Order1 - PR2 M Order1",0.666666666666663,0.439011382713532,19,1.51856351091854,1
"879","NR5 M Order1 - PR3 M Order1",0.250000000000008,0.454368014276601,19,0.550214786571261,1
"880","NR5 M Order1 - PR4 M Order1",0.166666666666663,0.409927964004061,19,0.406575499360204,1
"881","NR5 M Order1 - PR5 M Order1",0.0166666666666686,0.502784643421832,19,0.0331487186108933,1
"882","NR5 M Order1 - PR6 M Order1",0.13333333333333,0.546089232902827,19,0.244160341020778,1
"883","NR5 M Order1 - NR0 F Order2",5.31666666666667,0.794218877722631,19,6.69420837982579,0.00294121027498866
"884","NR5 M Order1 - NR1 F Order2",5.05,0.771608784915689,19,6.54476737269366,0.0039361098515879
"885","NR5 M Order1 - NR2 F Order2",4.8,0.782351007806091,19,6.13535350770546,0.00866688097172104
"886","NR5 M Order1 - NR3 F Order2",4.55000000000001,0.757386627109284,19,6.00749978563258,0.0110379723571097
"887","NR5 M Order1 - NR4 F Order2",4.61666666666668,0.778381136065396,19,5.93111324614476,0.0127561357729652
"888","NR5 M Order1 - NR5 F Order2",4.78333333333333,0.803824920566648,19,5.9507153995193,0.0122858163551239
"889","NR5 M Order1 - NR6 F Order2",4.6,0.756975360171277,19,6.07681602603179,0.00964564548309081
"890","NR5 M Order1 - PR0 F Order2",4.88333333333333,0.762887328524595,19,6.40111999602559,0.00518820082915714
"891","NR5 M Order1 - PR1 F Order2",6.10000000000001,0.75726114679445,19,8.05534527398087,0.000225982491404766
"892","NR5 M Order1 - PR2 F Order2",6.13333333333333,0.734715603171636,19,8.3479012924958,0.000133888334615396
"893","NR5 M Order1 - PR3 F Order2",5.91666666666667,0.757627876995033,19,7.80946272744589,0.000352725611885189
"894","NR5 M Order1 - PR4 F Order2",5.73333333333333,0.756024536252102,19,7.58352812430615,0.00053558984029029
"895","NR5 M Order1 - PR5 F Order2",5.53333333333333,0.80077265319519,19,6.90999288156831,0.00193873670986036
"896","NR5 M Order1 - PR6 F Order2",5.18333333333333,0.838891987136528,19,6.17878512706517,0.00797197473998476
"897","NR5 M Order1 - NR0 M Order2",1.18333333333334,0.794218877722631,19,1.4899335265443,1
"898","NR5 M Order1 - NR1 M Order2",0.283333333333329,0.771608784915689,19,0.367198169425052,1
"899","NR5 M Order1 - NR2 M Order2",0.233333333333325,0.782351007806091,19,0.298246351069005,1
"900","NR5 M Order1 - NR3 M Order2",0.766666666666678,0.757386627109284,19,1.01225271113224,1
"901","NR5 M Order1 - NR4 M Order2",0.166666666666681,0.778381136065396,19,0.214119611774196,1
"902","NR5 M Order1 - NR5 M Order2",-0.0333333333333397,0.803824920566648,19,-0.0414683999966581,1
"903","NR5 M Order1 - NR6 M Order2",0.333333333333331,0.756975360171277,19,0.440348987393605,1
"904","NR5 M Order1 - PR0 M Order2",-0.316666666666679,0.762887328524595,19,-0.415089692575055,1
"905","NR5 M Order1 - PR1 M Order2",0.550000000000008,0.75726114679445,19,0.726301623063858,1
"906","NR5 M Order1 - PR2 M Order2",0.916666666666657,0.734715603171636,19,1.247648290998,1
"907","NR5 M Order1 - PR3 M Order2",1.31666666666668,0.757627876995033,19,1.73788043793867,1
"908","NR5 M Order1 - PR4 M Order2",1.58333333333333,0.756024536252102,19,2.09428829014268,1
"909","NR5 M Order1 - PR5 M Order2",1.51666666666667,0.80077265319519,19,1.89400407295999,1
"910","NR5 M Order1 - PR6 M Order2",1.31666666666666,0.838891987136528,19,1.5695306271323,1
"911","NR6 M Order1 - PR0 M Order1",-0.0166666666666731,0.364471098012654,19,-0.0457283629828296,1
"912","NR6 M Order1 - PR1 M Order1",0.283333333333338,0.370214099585853,19,0.76532291355271,1
"913","NR6 M Order1 - PR2 M Order1",0.649999999999995,0.375203648406806,19,1.73239253605351,1
"914","NR6 M Order1 - PR3 M Order1",0.233333333333339,0.376526134318139,19,0.619700233440338,1
"915","NR6 M Order1 - PR4 M Order1",0.149999999999994,0.321882256631991,19,0.466008911362548,1
"916","NR6 M Order1 - PR5 M Order1",2.28983498828939e-16,0.448679022795892,19,5.10350355588399e-16,1
"917","NR6 M Order1 - PR6 M Order1",0.116666666666661,0.48283701074728,19,0.241627431348102,1
"918","NR6 M Order1 - NR0 F Order2",5.3,0.7467669105641,19,7.09726144131967,0.00135723652371112
"919","NR6 M Order1 - NR1 F Order2",5.03333333333333,0.722673723018571,19,6.96487664213023,0.00175078419361361
"920","NR6 M Order1 - NR2 F Order2",4.78333333333333,0.734132339839121,19,6.51562814189818,0.00416971735108147
"921","NR6 M Order1 - NR3 F Order2",4.53333333333334,0.707468512307391,19,6.40782346418215,0.00512813881861307
"922","NR6 M Order1 - NR4 F Order2",4.60000000000001,0.729900257545449,19,6.30223095888356,0.00627386722072993
"923","NR6 M Order1 - NR5 F Order2",4.76666666666666,0.756975360171277,19,6.29699051972859,0.00633572921596702
"924","NR6 M Order1 - NR6 F Order2",4.58333333333333,0.707028209401075,19,6.48253248228368,0.00444072955114212
"925","NR6 M Order1 - PR0 F Order2",4.86666666666666,0.713354238093424,19,6.82222997605476,0.00229617472029618
"926","NR6 M Order1 - PR1 F Order2",6.08333333333334,0.707334176628629,19,8.60036674931836,8.5946637493596e-05
"927","NR6 M Order1 - PR2 F Order2",6.11666666666666,0.683142891733726,19,8.95371486797349,4.64460960532938e-05
"928","NR6 M Order1 - PR3 F Order2",5.90000000000001,0.707726778483375,19,8.33655045898281,0.000136580035823924
"929","NR6 M Order1 - PR4 F Order2",5.71666666666666,0.706010122022101,19,8.09714547759375,0.000209475837646143
"930","NR6 M Order1 - PR5 F Order2",5.51666666666667,0.7537333978853,19,7.31912196294394,0.00088420878253098
"931","NR6 M Order1 - PR6 F Order2",5.16666666666666,0.794113945894623,19,6.50620316313178,0.0042482112339641
"932","NR6 M Order1 - NR0 M Order2",1.16666666666667,0.7467669105641,19,1.56229025437855,1
"933","NR6 M Order1 - NR1 M Order2",0.266666666666661,0.722673723018571,19,0.369000087000269,1
"934","NR6 M Order1 - NR2 M Order2",0.216666666666657,0.734132339839121,19,0.295132982037187,1
"935","NR6 M Order1 - NR3 M Order2",0.750000000000009,0.707468512307391,19,1.06011785253015,1
"936","NR6 M Order1 - NR4 M Order2",0.150000000000012,0.729900257545449,19,0.205507531267958,1
"937","NR6 M Order1 - NR5 M Order2",-0.0500000000000081,0.756975360171277,19,-0.0660523481090519,1
"938","NR6 M Order1 - NR6 M Order2",0.316666666666663,0.707028209401075,19,0.447884062412321,1
"939","NR6 M Order1 - PR0 M Order2",-0.333333333333347,0.713354238093424,19,-0.467276025757196,1
"940","NR6 M Order1 - PR1 M Order2",0.533333333333339,0.707334176628629,19,0.75400475610463,1
"941","NR6 M Order1 - PR2 M Order2",0.899999999999989,0.683142891733726,19,1.31744033479717,1
"942","NR6 M Order1 - PR3 M Order2",1.30000000000001,0.707726778483375,19,1.83686705028436,1
"943","NR6 M Order1 - PR4 M Order2",1.56666666666666,0.706010122022101,19,2.21904278394696,1
"944","NR6 M Order1 - PR5 M Order2",1.5,0.7537333978853,19,1.99009358509049,1
"945","NR6 M Order1 - PR6 M Order2",1.29999999999999,0.794113945894623,19,1.6370446668525,1
"946","PR0 M Order1 - PR1 M Order1",0.300000000000012,0.170491206406632,19,1.75962154484668,1
"947","PR0 M Order1 - PR2 M Order1",0.666666666666668,0.210047335238836,19,3.17388776157827,1
"948","PR0 M Order1 - PR3 M Order1",0.250000000000012,0.216869001341109,19,1.15276963721889,1
"949","PR0 M Order1 - PR4 M Order1",0.166666666666668,0.205202795143007,19,0.812204661006283,1
"950","PR0 M Order1 - PR5 M Order1",0.0166666666666733,0.298073737884393,19,0.0559145759870245,1
"951","PR0 M Order1 - PR6 M Order1",0.133333333333334,0.362431683419371,19,0.367885423469045,1
"952","PR0 M Order1 - NR0 F Order2",5.31666666666668,0.752759057620969,19,7.06290626840087,0.00145176446555213
"953","PR0 M Order1 - NR1 F Order2",5.05000000000001,0.728863972259901,19,6.92859050824269,0.00187714634883437
"954","PR0 M Order1 - NR2 F Order2",4.8,0.740226771006441,19,6.48449932913631,0.004426030863928
"955","PR0 M Order1 - NR3 F Order2",4.55000000000001,0.713790638789409,19,6.37441814551789,0.00545071933683663
"956","PR0 M Order1 - NR4 F Order2",4.61666666666668,0.736029731792046,19,6.27239154514352,0.00663901492150288
"957","PR0 M Order1 - NR5 F Order2",4.78333333333334,0.762887328524595,19,6.27003904047559,0.0066666222486919
"958","PR0 M Order1 - NR6 F Order2",4.60000000000001,0.713354238093424,19,6.44840915544904,0.00474347465071942
"959","PR0 M Order1 - PR0 F Order2",4.88333333333333,0.719624658501088,19,6.78594497234831,0.00246527213156511
"960","PR0 M Order1 - PR1 F Order2",6.10000000000001,0.713657493160312,19,8.54751762359727,9.43111929812719e-05
"961","PR0 M Order1 - PR2 F Order2",6.13333333333334,0.689688038640135,19,8.89290953258591,5.15903158984174e-05
"962","PR0 M Order1 - PR3 F Order2",5.91666666666668,0.714046618295624,19,8.2861069782661,0.000149384326631697
"963","PR0 M Order1 - PR4 F Order2",5.73333333333334,0.712345191964276,19,8.0485323660623,0.000228695228125631
"964","PR0 M Order1 - PR5 F Order2",5.53333333333334,0.759670596511856,19,7.28385876554982,0.000945842539135259
"965","PR0 M Order1 - PR6 F Order2",5.18333333333334,0.799751423369342,19,6.48118050418219,0.00444983552753687
"966","PR0 M Order1 - NR0 M Order2",1.18333333333334,0.75275905762097,19,1.57199481208923,1
"967","PR0 M Order1 - NR1 M Order2",0.283333333333334,0.728863972259901,19,0.388732800792495,1
"968","PR0 M Order1 - NR2 M Order2",0.23333333333333,0.740226771006441,19,0.315218717388566,1
"969","PR0 M Order1 - NR3 M Order2",0.766666666666682,0.713790638789409,19,1.07407778276127,1
"970","PR0 M Order1 - NR4 M Order2",0.166666666666685,0.736029731792046,19,0.226440127983545,1
"971","PR0 M Order1 - NR5 M Order2",-0.033333333333335,0.762887328524595,19,-0.0436936518500063,1
"972","PR0 M Order1 - NR6 M Order2",0.333333333333336,0.713354238093424,19,0.467276025757179,1
"973","PR0 M Order1 - PR0 M Order2",-0.316666666666674,0.719624658501089,19,-0.440044213223962,1
"974","PR0 M Order1 - PR1 M Order2",0.550000000000012,0.713657493160312,19,0.770677818521081,1
"975","PR0 M Order1 - PR2 M Order2",0.916666666666662,0.689688038640135,19,1.32910332688104,1
"976","PR0 M Order1 - PR3 M Order2",1.31666666666668,0.714046618295624,19,1.84395056699444,1
"977","PR0 M Order1 - PR4 M Order2",1.58333333333333,0.712345191964276,19,2.22270515923232,1
"978","PR0 M Order1 - PR5 M Order2",1.51666666666667,0.759670596511856,19,1.99647936043685,1
"979","PR0 M Order1 - PR6 M Order2",1.31666666666666,0.799751423369342,19,1.64634488691444,1
"980","PR1 M Order1 - PR2 M Order1",0.366666666666656,0.20365088806712,19,1.80046681920586,1
"981","PR1 M Order1 - PR3 M Order1",-0.0499999999999992,0.182301722780272,19,-0.274270584158243,1
"982","PR1 M Order1 - PR4 M Order1",-0.133333333333344,0.183054013694933,19,-0.728382462869944,1
"983","PR1 M Order1 - PR5 M Order1",-0.283333333333338,0.2796457659003,19,-1.01318656630172,1
"984","PR1 M Order1 - PR6 M Order1",-0.166666666666677,0.298872148925773,19,-0.557652050436022,1
"985","PR1 M Order1 - NR0 F Order2",5.01666666666666,0.747056602441516,19,6.71524306226769,0.00282838783284853
"986","PR1 M Order1 - NR1 F Order2",4.75,0.722973068986344,19,6.57009258541236,0.00374787165954971
"987","PR1 M Order1 - NR2 F Order2",4.49999999999999,0.734427015390688,19,6.12722558633843,0.00880237914179277
"988","PR1 M Order1 - NR3 F Order2",4.25,0.707774289194263,19,6.00473917304659,0.0110850433782915
"989","PR1 M Order1 - NR4 F Order2",4.31666666666667,0.730196640983046,19,5.91164958093377,0.0132100527845262
"990","PR1 M Order1 - NR5 F Order2",4.48333333333333,0.75726114679445,19,5.920458684975,0.0130173082896307
"991","PR1 M Order1 - NR6 F Order2",4.29999999999999,0.707334176628629,19,6.07916334609351,0.00961311129769966
"992","PR1 M Order1 - PR0 F Order2",4.58333333333332,0.713657493160312,19,6.42231515434218,0.00498776149468279
"993","PR1 M Order1 - PR1 F Order2",5.8,0.707640011563021,19,8.19625785035682,0.000175651979437187
"994","PR1 M Order1 - PR2 F Order2",5.83333333333332,0.683459551886085,19,8.53500886370755,9.6378989746454e-05
"995","PR1 M Order1 - PR3 F Order2",5.61666666666667,0.708032443833238,19,7.93278149269322,0.000282424441824511
"996","PR1 M Order1 - PR4 F Order2",5.43333333333332,0.706316530272138,19,7.69249069003086,0.000438189681556231
"997","PR1 M Order1 - PR5 F Order2",5.23333333333333,0.754020413268587,19,6.94057248483163,0.00183399412039145
"998","PR1 M Order1 - PR6 F Order2",4.88333333333332,0.794386371737544,19,6.14730250552022,0.00848450716979544
"999","PR1 M Order1 - NR0 M Order2",0.883333333333332,0.747056602441516,19,1.18241821362188,1
"1000","PR1 M Order1 - NR1 M Order2",-0.0166666666666773,0.722973068986344,19,-0.0230529564400582,1
"1001","PR1 M Order1 - NR2 M Order2",-0.0666666666666814,0.734427015390688,19,-0.0907737123902192,1
"1002","PR1 M Order1 - NR3 M Order2",0.466666666666671,0.707774289194263,19,0.659343909197279,1
"1003","PR1 M Order1 - NR4 M Order2",-0.133333333333326,0.730196640983046,19,-0.182599214855087,1
"1004","PR1 M Order1 - NR5 M Order2",-0.333333333333347,0.75726114679445,19,-0.440182801856895,1
"1005","PR1 M Order1 - NR6 M Order2",0.0333333333333241,0.707334176628629,19,0.0471252972565258,1
"1006","PR1 M Order1 - PR0 M Order2",-0.616666666666686,0.713657493160312,19,-0.864093311675159,1
"1007","PR1 M Order1 - PR1 M Order2",0.250000000000001,0.707640011563021,19,0.353286976308485,1
"1008","PR1 M Order1 - PR2 M Order2",0.61666666666665,0.683459551886085,19,0.902272365591918,1
"1009","PR1 M Order1 - PR3 M Order2",1.01666666666667,0.708032443833238,19,1.43590406841035,1
"1010","PR1 M Order1 - PR4 M Order2",1.28333333333332,0.706316530272139,19,1.81693798506862,1
"1011","PR1 M Order1 - PR5 M Order2",1.21666666666666,0.754020413268587,19,1.6135725840532,1
"1012","PR1 M Order1 - PR6 M Order2",1.01666666666665,0.794386371737544,19,1.27981383220726,1
"1013","PR2 M Order1 - PR3 M Order1",-0.416666666666656,0.196564052920632,19,-2.1197500787944,1
"1014","PR2 M Order1 - PR4 M Order1",-0.5,0.247820912512166,19,-2.01758598550659,1
"1015","PR2 M Order1 - PR5 M Order1",-0.649999999999995,0.283817954997473,19,-2.29020042092046,1
"1016","PR2 M Order1 - PR6 M Order1",-0.533333333333334,0.352538828685571,19,-1.51283572173269,1
"1017","PR2 M Order1 - NR0 F Order2",4.65000000000001,0.724193441250939,19,6.42093636193088,0.00499829005144882
"1018","PR2 M Order1 - NR1 F Order2",4.38333333333334,0.699322980874323,19,6.26796695262768,0.0066904258650872
"1019","PR2 M Order1 - NR2 F Order2",4.13333333333334,0.711157938882137,19,5.81211726305198,0.0160595413756918
"1020","PR2 M Order1 - NR3 F Order2",3.88333333333334,0.683598579243594,19,5.68072177333996,0.0208916205617608
"1021","PR2 M Order1 - NR4 F Order2",3.95000000000002,0.706788304658714,19,5.58866066962914,0.0248958939332195
"1022","PR2 M Order1 - NR5 F Order2",4.11666666666667,0.734715603171636,19,5.60307505230017,0.024338999809633
"1023","PR2 M Order1 - NR6 F Order2",3.93333333333334,0.683142891733726,19,5.75770220392846,0.0178459953262261
"1024","PR2 M Order1 - PR0 F Order2",4.21666666666667,0.689688038640135,19,6.11387530365281,0.00900458956925239
"1025","PR2 M Order1 - PR1 F Order2",5.43333333333334,0.683459551886085,19,7.94975111305335,0.000273813045764758
"1026","PR2 M Order1 - PR2 F Order2",5.46666666666667,0.65839162522297,19,8.3030622766736,0.000145041839790301
"1027","PR2 M Order1 - PR3 F Order2",5.25000000000001,0.683865860106998,19,7.67694412933349,0.000450701085250379
"1028","PR2 M Order1 - PR4 F Order2",5.06666666666667,0.68208915402247,19,7.42815896835058,0.00071757940050545
"1029","PR2 M Order1 - PR5 F Order2",4.86666666666667,0.731374976824575,19,6.65413340745725,0.00318189087717654
"1030","PR2 M Order1 - PR6 F Order2",4.51666666666667,0.772924498707187,19,5.84360655435474,0.015115601109994
"1031","PR2 M Order1 - NR0 M Order2",0.516666666666676,0.724193441250939,19,0.713437373547886,1
"1032","PR2 M Order1 - NR1 M Order2",-0.383333333333334,0.699322980874323,19,-0.548149201180368,1
"1033","PR2 M Order1 - NR2 M Order2",-0.433333333333338,0.711157938882137,19,-0.60933487435223,1
"1034","PR2 M Order1 - NR3 M Order2",0.100000000000015,0.683598579243594,19,0.146284680858561,1
"1035","PR2 M Order1 - NR4 M Order2",-0.499999999999983,0.706788304658714,19,-0.707425401218851,1
"1036","PR2 M Order1 - NR5 M Order2",-0.700000000000003,0.734715603171636,19,-0.952749604034851,1
"1037","PR2 M Order1 - NR6 M Order2",-0.333333333333332,0.683142891733726,19,-0.487940864739698,1
"1038","PR2 M Order1 - PR0 M Order2",-0.983333333333342,0.689688038640135,19,-1.42576538701786,1
"1039","PR2 M Order1 - PR1 M Order2",-0.116666666666656,0.683459551886085,19,-0.170700177274135,1
"1040","PR2 M Order1 - PR2 M Order2",0.249999999999994,0.65839162522297,19,0.379713213872259,1
"1041","PR2 M Order1 - PR3 M Order2",0.650000000000012,0.683865860106998,19,0.950478796965114,1
"1042","PR2 M Order1 - PR4 M Order2",0.916666666666663,0.68208915402247,19,1.34391033966868,1
"1043","PR2 M Order1 - PR5 M Order2",0.850000000000003,0.731374976824575,19,1.16219453349425,1
"1044","PR2 M Order1 - PR6 M Order2",0.649999999999993,0.772924498707187,19,0.84096182885547,1
"1045","PR3 M Order1 - PR4 M Order1",-0.0833333333333448,0.185954153942366,19,-0.448139133042292,1
"1046","PR3 M Order1 - PR5 M Order1",-0.233333333333339,0.237930895663239,19,-0.980676900672843,1
"1047","PR3 M Order1 - PR6 M Order1",-0.116666666666678,0.279562105372374,19,-0.417319316261692,1
"1048","PR3 M Order1 - NR0 F Order2",5.06666666666666,0.7474283395798,19,6.77879924852075,0.00249933198595394
"1049","PR3 M Order1 - NR1 F Order2",4.79999999999999,0.723357182887603,19,6.63572590907117,0.00329878785153403
"1050","PR3 M Order1 - NR2 F Order2",4.54999999999999,0.734805141851382,19,6.19211780219177,0.0077639240374145
"1051","PR3 M Order1 - NR3 F Order2",4.3,0.708166647054209,19,6.07201711332621,0.0097208412370011
"1052","PR3 M Order1 - NR4 F Order2",4.36666666666667,0.730576956972008,19,5.9770112169497,0.0117103160580088
"1053","PR3 M Order1 - NR5 F Order2",4.53333333333333,0.757627876995033,19,5.98358834328247,0.0115570680982166
"1054","PR3 M Order1 - NR6 F Order2",4.34999999999999,0.707726778483375,19,6.14643974518222,0.00849333446658644
"1055","PR3 M Order1 - PR0 F Order2",4.63333333333332,0.714046618295624,19,6.48883870410695,0.00439240821547944
"1056","PR3 M Order1 - PR1 F Order2",5.85,0.708032443833238,19,8.26233324609888,0.000155888901545598
"1057","PR3 M Order1 - PR2 F Order2",5.88333333333332,0.683865860106998,19,8.60305167509432,8.5593203338031e-05
"1058","PR3 M Order1 - PR3 F Order2",5.66666666666667,0.708424658715395,19,7.99896869335715,0.00025019586679109
"1059","PR3 M Order1 - PR4 F Order2",5.48333333333332,0.706709697465111,19,7.7589614986202,0.000387168659292785
"1060","PR3 M Order1 - PR5 F Order2",5.28333333333333,0.754388718885222,19,7.00346280514458,0.00162346690424687
"1061","PR3 M Order1 - PR6 F Order2",4.93333333333332,0.794735970721029,19,6.20751232495181,0.00753463954423372
"1062","PR3 M Order1 - NR0 M Order2",0.933333333333331,0.7474283395798,19,1.24872617735908,1
"1063","PR3 M Order1 - NR1 M Order2",0.0333333333333219,0.723357182887603,19,0.0460814299240895,1
"1064","PR3 M Order1 - NR2 M Order2",-0.0166666666666821,0.734805141851382,19,-0.0226817501911998,1
"1065","PR3 M Order1 - NR3 M Order2",0.51666666666667,0.708166647054209,19,0.729583451601217,1
"1066","PR3 M Order1 - NR4 M Order2",-0.0833333333333271,0.730576956972008,19,-0.1140650995601,1
"1067","PR3 M Order1 - NR5 M Order2",-0.283333333333347,0.757627876995033,19,-0.373974271455174,1
"1068","PR3 M Order1 - NR6 M Order2",0.0833333333333234,0.707726778483375,19,0.117747887838726,1
"1069","PR3 M Order1 - PR0 M Order2",-0.566666666666687,0.714046618295624,19,-0.79359897820016,1
"1070","PR3 M Order1 - PR1 M Order2",0.3,0.708032443833238,19,0.42370939723584,1
"1071","PR3 M Order1 - PR2 M Order2",0.66666666666665,0.683865860106998,19,0.974850048169304,1
"1072","PR3 M Order1 - PR3 M Order2",1.06666666666667,0.708424658715395,19,1.50568822463194,1
"1073","PR3 M Order1 - PR4 M Order2",1.33333333333332,0.706709697465111,19,1.88667756805353,1
"1074","PR3 M Order1 - PR5 M Order2",1.26666666666666,0.754388718885222,19,1.67906363782645,1
"1075","PR3 M Order1 - PR6 M Order2",1.06666666666665,0.794735970721029,19,1.34216482701659,1
"1076","PR4 M Order1 - PR5 M Order1",-0.149999999999994,0.244739986145937,19,-0.612895352174083,1
"1077","PR4 M Order1 - PR6 M Order1",-0.0333333333333334,0.309635703700087,19,-0.107653390532831,1
"1078","PR4 M Order1 - NR0 F Order2",5.15000000000001,0.74580307201179,19,6.90530810781991,0.00195563227354782
"1079","PR4 M Order1 - NR1 F Order2",4.88333333333334,0.721677707463861,19,6.76664012595661,0.00255603146261511
"1080","PR4 M Order1 - NR2 F Order2",4.63333333333334,0.733151891429351,19,6.31974545451994,0.00606990517577253
"1081","PR4 M Order1 - NR3 F Order2",4.38333333333334,0.706451059462158,19,6.20472327788779,0.00757299572088441
"1082","PR4 M Order1 - NR4 F Order2",4.45000000000002,0.728914116665115,19,6.10497162595698,0.00915369465343656
"1083","PR4 M Order1 - NR5 F Order2",4.61666666666667,0.756024536252102,19,6.10650375125816,0.00913132663701302
"1084","PR4 M Order1 - NR6 F Order2",4.43333333333334,0.706010122022101,19,6.27941894180741,0.00654732155072999
"1085","PR4 M Order1 - PR0 F Order2",4.71666666666667,0.712345191964276,19,6.62132168487102,0.00339228074969163
"1086","PR4 M Order1 - PR1 F Order2",5.93333333333334,0.706316530272138,19,8.4003886062914,0.000122090716215727
"1087","PR4 M Order1 - PR2 F Order2",5.96666666666667,0.68208915402247,19,8.74763457457074,6.63608699195876e-05
"1088","PR4 M Order1 - PR3 F Order2",5.75000000000001,0.706709697465111,19,8.13629701223094,0.000195297466850204
"1089","PR4 M Order1 - PR4 F Order2",5.56666666666667,0.704990564409506,19,7.89608676724526,0.000301647973758292
"1090","PR4 M Order1 - PR5 F Order2",5.36666666666667,0.752778479100254,19,7.12914464967315,0.0012752710216662
"1091","PR4 M Order1 - PR6 F Order2",5.01666666666667,0.793207641524652,19,6.32453143923823,0.00602335574653572
"1092","PR4 M Order1 - NR0 M Order2",1.01666666666668,0.74580307201179,19,1.36318380122012,1
"1093","PR4 M Order1 - NR1 M Order2",0.116666666666667,0.721677707463861,19,0.16166034430613,1
"1094","PR4 M Order1 - NR2 M Order2",0.0666666666666626,0.733151891429351,19,0.0909315892736626,1
"1095","PR4 M Order1 - NR3 M Order2",0.600000000000015,0.706451059462158,19,0.849315733855383,1
"1096","PR4 M Order1 - NR4 M Order2",1.765254609154e-14,0.728914116665115,19,2.42175939358986e-14,1
"1097","PR4 M Order1 - NR5 M Order2",-0.200000000000003,0.756024536252102,19,-0.264541678754869,1
"1098","PR4 M Order1 - NR6 M Order2",0.166666666666668,0.706010122022101,19,0.236068381270957,1
"1099","PR4 M Order1 - PR0 M Order2",-0.483333333333342,0.712345191964276,19,-0.678509995976194,1
"1100","PR4 M Order1 - PR1 M Order2",0.383333333333345,0.706316530272139,19,0.54272173579974,1
"1101","PR4 M Order1 - PR2 M Order2",0.749999999999994,0.68208915402247,19,1.09956300518346,1
"1102","PR4 M Order1 - PR3 M Order2",1.15000000000001,0.706709697465111,19,1.6272594024462,1
"1103","PR4 M Order1 - PR4 M Order2",1.41666666666666,0.704990564409506,19,2.00948315932888,1
"1104","PR4 M Order1 - PR5 M Order2",1.35,0.752778479100254,19,1.79335626280598,1
"1105","PR4 M Order1 - PR6 M Order2",1.14999999999999,0.793207641524652,19,1.44980953258284,1
"1106","PR5 M Order1 - PR6 M Order1",0.116666666666661,0.229632302065817,19,0.508058603328472,1
"1107","PR5 M Order1 - NR0 F Order2",5.3,0.791129550018378,19,6.69928205801045,0.00291524693875681
"1108","PR5 M Order1 - NR1 F Order2",5.03333333333333,0.76842856280877,19,6.55016429235195,0.00389846123668993
"1109","PR5 M Order1 - NR2 F Order2",4.78333333333333,0.779214629352204,19,6.13865955944632,0.00861346230804634
"1110","PR5 M Order1 - NR3 F Order2",4.53333333333334,0.754146432800198,19,6.01121100115896,0.0109601730399759
"1111","PR5 M Order1 - NR4 F Order2",4.60000000000001,0.775228696684883,19,5.93373287092058,0.012695456643113
"1112","PR5 M Order1 - NR5 F Order2",4.76666666666666,0.80077265319519,19,5.95258422930282,0.0122554152922482
"1113","PR5 M Order1 - NR6 F Order2",4.58333333333333,0.7537333978853,19,6.08084150999874,0.00958665597179239
"1114","PR5 M Order1 - PR0 F Order2",4.86666666666666,0.759670596511856,19,6.40628542030283,0.00514066335192998
"1115","PR5 M Order1 - PR1 F Order2",6.08333333333334,0.754020413268587,19,8.06786292026607,0.0002209613638155
"1116","PR5 M Order1 - PR2 F Order2",6.11666666666666,0.731374976824575,19,8.363243015537,0.000130307433736703
"1117","PR5 M Order1 - PR3 F Order2",5.90000000000001,0.754388718885222,19,7.82090168145485,0.000345685133563543
"1118","PR5 M Order1 - PR4 F Order2",5.71666666666666,0.752778479100254,19,7.59408886595617,0.000525606913908597
"1119","PR5 M Order1 - PR5 F Order2",5.51666666666667,0.79770870703945,19,6.9156405314175,0.00192100493392128
"1120","PR5 M Order1 - PR6 F Order2",5.16666666666666,0.835967765684275,19,6.18046159045083,0.00795009355224784
"1121","PR5 M Order1 - NR0 M Order2",1.16666666666667,0.791129550018378,19,1.47468472975073,1
"1122","PR5 M Order1 - NR1 M Order2",0.266666666666661,0.76842856280877,19,0.347028571780228,1
"1123","PR5 M Order1 - NR2 M Order2",0.216666666666657,0.779214629352204,19,0.278057750079438,1
"1124","PR5 M Order1 - NR3 M Order2",0.750000000000009,0.754146432800198,19,0.994501820044692,1
"1125","PR5 M Order1 - NR4 M Order2",0.150000000000012,0.775228696684883,19,0.193491289269164,1
"1126","PR5 M Order1 - NR5 M Order2",-0.0500000000000084,0.80077265319519,19,-0.0624396947129771,1
"1127","PR5 M Order1 - NR6 M Order2",0.316666666666662,0.7537333978853,19,0.420130867963544,1
"1128","PR5 M Order1 - PR0 M Order2",-0.333333333333348,0.759670596511856,19,-0.438786672623501,1
"1129","PR5 M Order1 - PR1 M Order2",0.533333333333339,0.754020413268587,19,0.707319488900046,1
"1130","PR5 M Order1 - PR2 M Order2",0.899999999999988,0.731374976824575,19,1.23055891781742,1
"1131","PR5 M Order1 - PR3 M Order2",1.30000000000001,0.754388718885222,19,1.72324952303243,1
"1132","PR5 M Order1 - PR4 M Order2",1.56666666666666,0.752778479100254,19,2.08117887288594,1
"1133","PR5 M Order1 - PR5 M Order2",1.5,0.79770870703945,19,1.88038564298361,1
"1134","PR5 M Order1 - PR6 M Order2",1.29999999999999,0.835967765684275,19,1.5550838840489,1
"1135","PR6 M Order1 - NR0 F Order2",5.18333333333334,0.82969204460986,19,6.24729785829231,0.00696442145218597
"1136","PR6 M Order1 - NR1 F Order2",4.91666666666667,0.80807510796767,19,6.08441791881477,0.00953703475045618
"1137","PR6 M Order1 - NR2 F Order2",4.66666666666667,0.818338782273638,19,5.70260968654204,0.0199776758610553
"1138","PR6 M Order1 - NR3 F Order2",4.41666666666668,0.794505988701075,19,5.55900991242044,0.0262986710238846
"1139","PR6 M Order1 - NR4 F Order2",4.48333333333335,0.814544324233096,19,5.50409989972549,0.0293275290051739
"1140","PR6 M Order1 - NR5 F Order2",4.65,0.838891987136528,19,5.54302588569513,0.0271194498015937
"1141","PR6 M Order1 - NR6 F Order2",4.46666666666667,0.794113945894623,19,5.62471757328813,0.0232831838049301
"1142","PR6 M Order1 - PR0 F Order2",4.75,0.799751423369342,19,5.93934547810908,0.0125547567429277
"1143","PR6 M Order1 - PR1 F Order2",5.96666666666668,0.794386371737544,19,7.51103855623292,0.000613324850409549
"1144","PR6 M Order1 - PR2 F Order2",6,0.772924498707187,19,7.76272457405058,0.000384688505582282
"1145","PR6 M Order1 - PR3 F Order2",5.78333333333334,0.794735970721029,19,7.27704992148069,0.000957839647210885
"1146","PR6 M Order1 - PR4 F Order2",5.6,0.793207641524652,19,7.05994207170779,0.00145828466409875
"1147","PR6 M Order1 - PR5 F Order2",5.40000000000001,0.835967765684275,19,6.45957921066475,0.00464565229635208
"1148","PR6 M Order1 - PR6 F Order2",5.05,0.872550874871929,19,5.78762814344921,0.0168607505929495
"1149","PR6 M Order1 - NR0 M Order2",1.05000000000001,0.82969204460986,19,1.26552979122964,1
"1150","PR6 M Order1 - NR1 M Order2",0.15,0.80807510796767,19,0.185626309387569,1
"1151","PR6 M Order1 - NR2 M Order2",0.099999999999996,0.818338782273639,19,0.122198778997324,1
"1152","PR6 M Order1 - NR3 M Order2",0.633333333333348,0.794505988701075,19,0.797141044045212,1
"1153","PR6 M Order1 - NR4 M Order2",0.033333333333351,0.814544324233096,19,0.0409226758344118,1
"1154","PR6 M Order1 - NR5 M Order2",-0.166666666666669,0.838891987136528,19,-0.198674762928144,1
"1155","PR6 M Order1 - NR6 M Order2",0.200000000000001,0.794113945894623,19,0.25185302566962,1
"1156","PR6 M Order1 - PR0 M Order2",-0.450000000000008,0.799751423369342,19,-0.562674834768239,1
"1157","PR6 M Order1 - PR1 M Order2",0.416666666666678,0.794386371737544,19,0.524513865658737,1
"1158","PR6 M Order1 - PR2 M Order2",0.783333333333328,0.772924498707187,19,1.01346681938993,1
"1159","PR6 M Order1 - PR3 M Order2",1.18333333333335,0.794735970721029,19,1.48896410497157,1
"1160","PR6 M Order1 - PR4 M Order2",1.45,0.793207641524652,19,1.82802071499576,1
"1161","PR6 M Order1 - PR5 M Order2",1.38333333333334,0.835967765684275,19,1.65476874841103,1
"1162","PR6 M Order1 - PR6 M Order2",1.18333333333333,0.872550874871929,19,1.35617689169931,1
"1163","NR0 F Order2 - NR1 F Order2",-0.266666666666669,0.135551720777893,19,-1.96726876749585,1
"1164","NR0 F Order2 - NR2 F Order2",-0.516666666666671,0.183046026870883,19,-2.82260519662149,1
"1165","NR0 F Order2 - NR3 F Order2",-0.766666666666664,0.24909778722891,19,-3.07777389432259,1
"1166","NR0 F Order2 - NR4 F Order2",-0.699999999999992,0.416002980196253,19,-1.68268025308319,1
"1167","NR0 F Order2 - NR5 F Order2",-0.533333333333338,0.431934313827911,19,-1.23475564746594,1
"1168","NR0 F Order2 - NR6 F Order2",-0.71666666666667,0.407911525781629,19,-1.75691693264468,1
"1169","NR0 F Order2 - PR0 F Order2",-0.433333333333342,0.364527251325691,19,-1.18875428862292,1
"1170","NR0 F Order2 - PR1 F Order2",0.783333333333336,0.27702471019474,19,2.82766592475696,1
"1171","NR0 F Order2 - PR2 F Order2",0.81666666666666,0.284049662077454,19,2.87508409865305,1
"1172","NR0 F Order2 - PR3 F Order2",0.600000000000003,0.283049393329728,19,2.11977136902411,1
"1173","NR0 F Order2 - PR4 F Order2",0.416666666666661,0.343979123533537,19,1.21131382156695,1
"1174","NR0 F Order2 - PR5 F Order2",0.216666666666664,0.372132309992496,19,0.582230192995157,1
"1175","NR0 F Order2 - PR6 F Order2",-0.13333333333334,0.335645489671531,19,-0.397244525656586,1
"1176","NR0 F Order2 - NR0 M Order2",-4.13333333333333,0.784495218938912,19,-5.26878078227675,0.0466162287080878
"1177","NR0 F Order2 - NR1 M Order2",-5.03333333333334,0.761596507191362,19,-6.60892386691138,0.00347610464076474
"1178","NR0 F Order2 - NR2 M Order2",-5.08333333333335,0.77247797523439,19,-6.58055439288211,0.00367110010089755
"1179","NR0 F Order2 - NR3 M Order2",-4.54999999999999,0.74718379648584,19,-6.08953248370693,0.00944201056119923
"1180","NR0 F Order2 - NR4 M Order2",-5.14999999999999,0.768457100812708,19,-6.70174040236394,0.00290281560107101
"1181","NR0 F Order2 - NR5 M Order2",-5.35000000000001,0.794218877722631,19,-6.73617833832001,0.00271277217588279
"1182","NR0 F Order2 - NR6 M Order2",-4.98333333333334,0.7467669105641,19,-6.67321122941693,0.00306508511927666
"1183","NR0 F Order2 - PR0 M Order2",-5.63333333333335,0.752759057620969,19,-7.48358093642475,0.000645256783519179
"1184","NR0 F Order2 - PR1 M Order2",-4.76666666666666,0.747056602441516,19,-6.38059639803508,0.00539343487486357
"1185","NR0 F Order2 - PR2 M Order2",-4.40000000000001,0.724193441250939,19,-6.07572472956901,0.00966026578724329
"1186","NR0 F Order2 - PR3 M Order2",-4,0.7474283395798,19,-5.35168361725322,0.0394551403577645
"1187","NR0 F Order2 - PR4 M Order2",-3.73333333333334,0.74580307201179,19,-5.0057896962837,0.0792635053157045
"1188","NR0 F Order2 - PR5 M Order2",-3.8,0.791129550018378,19,-4.80325883404524,0.119135580672725
"1189","NR0 F Order2 - PR6 M Order2",-4.00000000000002,0.82969204460986,19,-4.82106587135099,0.115146596222584
"1190","NR1 F Order2 - NR2 F Order2",-0.250000000000003,0.174139488352035,19,-1.43563072549409,1
"1191","NR1 F Order2 - NR3 F Order2",-0.499999999999995,0.23976718727459,19,-2.08535623945647,1
"1192","NR1 F Order2 - NR4 F Order2",-0.433333333333324,0.357844423708052,19,-1.21095455070402,1
"1193","NR1 F Order2 - NR5 F Order2",-0.266666666666669,0.382076505611574,19,-0.697940498172813,1
"1194","NR1 F Order2 - NR6 F Order2",-0.450000000000001,0.339736740185072,19,-1.32455500619351,1
"1195","NR1 F Order2 - PR0 F Order2",-0.166666666666673,0.343226009456235,19,-0.485588685224408,1
"1196","NR1 F Order2 - PR1 F Order2",1.05,0.27061766041531,19,3.88001285056045,0.796145434307362
"1197","NR1 F Order2 - PR2 F Order2",1.08333333333333,0.264718762825405,19,4.09239345851673,0.509993018616232
"1198","NR1 F Order2 - PR3 F Order2",0.866666666666672,0.258334748156851,19,3.35482033621147,1
"1199","NR1 F Order2 - PR4 F Order2",0.683333333333329,0.305150715326586,19,2.23933059636447,1
"1200","NR1 F Order2 - PR5 F Order2",0.483333333333333,0.310823279551438,19,1.55501008171219,1
"1201","NR1 F Order2 - PR6 F Order2",0.133333333333329,0.315491818783464,19,0.422620573324093,1
"1202","NR1 F Order2 - NR0 M Order2",-3.86666666666666,0.761596507191362,19,-5.07705409643522,0.0685582319321844
"1203","NR1 F Order2 - NR1 M Order2",-4.76666666666667,0.73798762252097,19,-6.45900625051639,0.00464771276119459
"1204","NR1 F Order2 - NR2 M Order2",-4.81666666666668,0.749212061735724,19,-6.42897640423427,0.00492318356706602
"1205","NR1 F Order2 - NR3 M Order2",-4.28333333333332,0.723104499335376,19,-5.92353295722851,0.0129428144328567
"1206","NR1 F Order2 - NR4 M Order2",-4.88333333333332,0.745065639402022,19,-6.55423237240226,0.00386889185213267
"1207","NR1 F Order2 - NR5 M Order2",-5.08333333333334,0.771608784915689,19,-6.58796715733191,0.00362109134210282
"1208","NR1 F Order2 - NR6 M Order2",-4.71666666666667,0.722673723018571,19,-6.52668903881741,0.00407898674624623
"1209","NR1 F Order2 - PR0 M Order2",-5.36666666666668,0.728863972259901,19,-7.36305657971666,0.000813482106552689
"1210","NR1 F Order2 - PR1 M Order2",-4.49999999999999,0.722973068986344,19,-6.22429823881171,0.00729663008657611
"1211","NR1 F Order2 - PR2 M Order2",-4.13333333333335,0.699322980874323,19,-5.91047834316223,0.0132322447929758
"1212","NR1 F Order2 - PR3 M Order2",-3.73333333333333,0.723357182887603,19,-5.16112015149979,0.0575993097163603
"1213","NR1 F Order2 - PR4 M Order2",-3.46666666666668,0.721677707463861,19,-4.80362165938218,0.119135580672725
"1214","NR1 F Order2 - PR5 M Order2",-3.53333333333334,0.76842856280877,19,-4.59812857608813,0.179804595942175
"1215","NR1 F Order2 - PR6 M Order2",-3.73333333333335,0.80807510796767,19,-4.62003258920174,0.171670222255522
"1216","NR2 F Order2 - NR3 F Order2",-0.249999999999993,0.204867665174179,19,-1.22029994234299,1
"1217","NR2 F Order2 - NR4 F Order2",-0.183333333333321,0.326692623386937,19,-0.561179898807142,1
"1218","NR2 F Order2 - NR5 F Order2",-0.0166666666666667,0.356185936067992,19,-0.0467920402772028,1
"1219","NR2 F Order2 - NR6 F Order2",-0.199999999999999,0.329366750204618,19,-0.607225835260388,1
"1220","NR2 F Order2 - PR0 F Order2",0.0833333333333295,0.323693956968272,19,0.257444822615263,1
"1221","NR2 F Order2 - PR1 F Order2",1.30000000000001,0.282992571142138,19,4.59376016392691,0.181393181852568
"1222","NR2 F Order2 - PR2 F Order2",1.33333333333333,0.254807575603229,19,5.23270679914759,0.0500668828388994
"1223","NR2 F Order2 - PR3 F Order2",1.11666666666667,0.259435960390729,19,4.30420927378338,0.327965662773289
"1224","NR2 F Order2 - PR4 F Order2",0.933333333333332,0.33319734068005,19,2.80114280452663,1
"1225","NR2 F Order2 - PR5 F Order2",0.733333333333336,0.360368557279937,19,2.03495371202343,1
"1226","NR2 F Order2 - PR6 F Order2",0.383333333333331,0.382627114527878,19,1.00184571029767,1
"1227","NR2 F Order2 - NR0 M Order2",-3.61666666666666,0.77247797523439,19,-4.6819026336243,0.151216789537319
"1228","NR2 F Order2 - NR1 M Order2",-4.51666666666667,0.749212061735724,19,-6.02855572853801,0.010589787154431
"1229","NR2 F Order2 - NR2 M Order2",-4.56666666666667,0.760270804323325,19,-6.00663163796118,0.0110494702640468
"1230","NR2 F Order2 - NR3 M Order2",-4.03333333333332,0.734556396347623,19,-5.49084230072456,0.0299734978062383
"1231","NR2 F Order2 - NR4 M Order2",-4.63333333333332,0.756185023306919,19,-6.12724821376521,0.00880237914179277
"1232","NR2 F Order2 - NR5 M Order2",-4.83333333333334,0.782351007806091,19,-6.17796012928675,0.00797963201822274
"1233","NR2 F Order2 - NR6 M Order2",-4.46666666666667,0.734132339839121,19,-6.08427993738228,0.00953703475045618
"1234","NR2 F Order2 - PR0 M Order2",-5.11666666666668,0.740226771006441,19,-6.91229615987796,0.00193118008893061
"1235","NR2 F Order2 - PR1 M Order2",-4.24999999999999,0.734427015390688,19,-5.78682416487519,0.0168607505929495
"1236","NR2 F Order2 - PR2 M Order2",-3.88333333333334,0.711157938882137,19,-5.46057791246417,0.0317928528597475
"1237","NR2 F Order2 - PR3 M Order2",-3.48333333333332,0.734805141851382,19,-4.74048578995634,0.133918822145106
"1238","NR2 F Order2 - PR4 M Order2",-3.21666666666667,0.733151891429351,19,-4.3874491824545,0.275151449680699
"1239","NR2 F Order2 - PR5 M Order2",-3.28333333333333,0.779214629352204,19,-4.21364436658859,0.398936373235207
"1240","NR2 F Order2 - PR6 M Order2",-3.48333333333334,0.818338782273639,19,-4.25659080174032,0.36385247206771
"1241","NR3 F Order2 - NR4 F Order2",0.0666666666666716,0.325652740818098,19,0.204717044601538,1
"1242","NR3 F Order2 - NR5 F Order2",0.233333333333326,0.372148024375765,19,0.626990654390052,1
"1243","NR3 F Order2 - NR6 F Order2",0.0499999999999939,0.333372804680564,19,0.149982239996761,1
"1244","NR3 F Order2 - PR0 F Order2",0.333333333333322,0.297189564801494,19,1.12161856542968,1
"1245","NR3 F Order2 - PR1 F Order2",1.55,0.22552732229026,19,6.87278146283803,0.00208156490561385
"1246","NR3 F Order2 - PR2 F Order2",1.58333333333332,0.274016049386962,19,5.77825035020981,0.0171464165222523
"1247","NR3 F Order2 - PR3 F Order2",1.36666666666667,0.213991583154149,19,6.38654402440768,0.00533531377174819
"1248","NR3 F Order2 - PR4 F Order2",1.18333333333332,0.263661798256118,19,4.48807275517347,0.223848891715981
"1249","NR3 F Order2 - PR5 F Order2",0.983333333333328,0.342804054647901,19,2.86849971580215,1
"1250","NR3 F Order2 - PR6 F Order2",0.633333333333324,0.353735289405455,19,1.79041603227602,1
"1251","NR3 F Order2 - NR0 M Order2",-3.36666666666667,0.747183796485841,19,-4.50580791834726,0.216325249402627
"1252","NR3 F Order2 - NR1 M Order2",-4.26666666666668,0.723104499335376,19,-5.900484190858,0.0134953585248316
"1253","NR3 F Order2 - NR2 M Order2",-4.31666666666668,0.734556396347623,19,-5.876562627635,0.0141446453166472
"1254","NR3 F Order2 - NR3 M Order2",-3.78333333333333,0.707908541355433,19,-5.34438152997756,0.0399825931635887
"1255","NR3 F Order2 - NR4 M Order2",-4.38333333333333,0.730326771371867,19,-6.00187957658946,0.0111435796963821
"1256","NR3 F Order2 - NR5 M Order2",-4.58333333333335,0.757386627109284,19,-6.05151077307312,0.0101195094802012
"1257","NR3 F Order2 - NR6 M Order2",-4.21666666666668,0.707468512307391,19,-5.96021814866943,0.012067688280106
"1258","NR3 F Order2 - PR0 M Order2",-4.86666666666669,0.713790638789409,19,-6.81805896883233,0.00231390467977275
"1259","NR3 F Order2 - PR1 M Order2",-4,0.707774289194263,19,-5.65151922169091,0.0221781937013344
"1260","NR3 F Order2 - PR2 M Order2",-3.63333333333335,0.683598579243594,19,-5.31501007119362,0.042375753655768
"1261","NR3 F Order2 - PR3 M Order2",-3.23333333333333,0.708166647054209,19,-4.56578031002048,0.191146871592791
"1262","NR3 F Order2 - PR4 M Order2",-2.96666666666668,0.706451059462158,19,-4.19939446184042,0.410659322705856
"1263","NR3 F Order2 - PR5 M Order2",-3.03333333333334,0.754146432800198,19,-4.02220736106961,0.58554955077548
"1264","NR3 F Order2 - PR6 M Order2",-3.23333333333335,0.794505988701075,19,-4.06961480380969,0.53317326862338
"1265","NR4 F Order2 - NR5 F Order2",0.166666666666654,0.140633487398194,19,1.18511365784985,1
"1266","NR4 F Order2 - NR6 F Order2",-0.0166666666666777,0.139862087460368,19,-0.119165007253309,1
"1267","NR4 F Order2 - PR0 F Order2",0.26666666666665,0.397216190196706,19,0.671338865957589,1
"1268","NR4 F Order2 - PR1 F Order2",1.48333333333333,0.403689128266667,19,3.6744445898317,1
"1269","NR4 F Order2 - PR2 F Order2",1.51666666666665,0.405106296064516,19,3.74387335225497,1
"1270","NR4 F Order2 - PR3 F Order2",1.3,0.407768137304976,19,3.18808627028087,1
"1271","NR4 F Order2 - PR4 F Order2",1.11666666666665,0.354395952612427,19,3.15090129679854,1
"1272","NR4 F Order2 - PR5 F Order2",0.916666666666657,0.464905825840659,19,1.97172548872475,1
"1273","NR4 F Order2 - PR6 F Order2",0.566666666666652,0.501229482524768,19,1.13055334217825,1
"1274","NR4 F Order2 - NR0 M Order2",-3.43333333333334,0.768457100812708,19,-4.46782693490931,0.233165316854795
"1275","NR4 F Order2 - NR1 M Order2",-4.33333333333335,0.745065639402022,19,-5.81604237824095,0.0159692356998644
"1276","NR4 F Order2 - NR2 M Order2",-4.38333333333335,0.756185023306919,19,-5.79664129575634,0.016565172810104
"1277","NR4 F Order2 - NR3 M Order2",-3.85,0.730326771371867,19,-5.27161286004626,0.0463745729583995
"1278","NR4 F Order2 - NR4 M Order2",-4.45,0.752077045947378,19,-5.91694697236027,0.0130937443601629
"1279","NR4 F Order2 - NR5 M Order2",-4.65000000000002,0.778381136065396,19,-5.97393716849961,0.0117776015005446
"1280","NR4 F Order2 - NR6 M Order2",-4.28333333333335,0.729900257545449,19,-5.8683817262068,0.0143586298743115
"1281","NR4 F Order2 - PR0 M Order2",-4.93333333333336,0.736029731792046,19,-6.70262778831222,0.00289967459582807
"1282","NR4 F Order2 - PR1 M Order2",-4.06666666666667,0.730196640983046,19,-5.56927605308046,0.0258312283233511
"1283","NR4 F Order2 - PR2 M Order2",-3.70000000000002,0.706788304658714,19,-5.23494796901971,0.0499032371730393
"1284","NR4 F Order2 - PR3 M Order2",-3.3,0.730576956972008,19,-4.51697794258031,0.211620156192727
"1285","NR4 F Order2 - PR4 M Order2",-3.03333333333335,0.728914116665115,19,-4.16144133304933,0.443038629583658
"1286","NR4 F Order2 - PR5 M Order2",-3.10000000000001,0.775228696684883,19,-3.99881997822909,0.613840044281699
"1287","NR4 F Order2 - PR6 M Order2",-3.30000000000002,0.814544324233096,19,-4.05134490760465,0.552158415277307
"1288","NR5 F Order2 - NR6 F Order2",-0.183333333333332,0.197750507351802,19,-0.927094123744414,1
"1289","NR5 F Order2 - PR0 F Order2",0.0999999999999962,0.443276608955157,19,0.225592774307909,1
"1290","NR5 F Order2 - PR1 F Order2",1.31666666666667,0.463743980588605,19,2.8392102577709,1
"1291","NR5 F Order2 - PR2 F Order2",1.35,0.439011382713532,19,3.07509110961005,1
"1292","NR5 F Order2 - PR3 F Order2",1.13333333333334,0.454368014276601,19,2.49430703245633,1
"1293","NR5 F Order2 - PR4 F Order2",0.949999999999999,0.409927964004061,19,2.31748034635321,1
"1294","NR5 F Order2 - PR5 F Order2",0.750000000000002,0.502784643421832,19,1.49169233749003,1
"1295","NR5 F Order2 - PR6 F Order2",0.399999999999998,0.546089232902827,19,0.732481023062353,1
"1296","NR5 F Order2 - NR0 M Order2",-3.59999999999999,0.794218877722631,19,-4.53275551737419,0.204637289646906
"1297","NR5 F Order2 - NR1 M Order2",-4.5,0.771608784915689,19,-5.83197092616267,0.0154508582368425
"1298","NR5 F Order2 - NR2 M Order2",-4.55000000000001,0.782351007806091,19,-5.81580384584581,0.0159692356998644
"1299","NR5 F Order2 - NR3 M Order2",-4.01666666666666,0.757386627109284,19,-5.30332398658405,0.0433997127249004
"1300","NR5 F Order2 - NR4 M Order2",-4.61666666666665,0.778381136065396,19,-5.93111324614473,0.0127561357729652
"1301","NR5 F Order2 - NR5 M Order2",-4.81666666666667,0.803824920566648,19,-5.99218379951596,0.0113570917645864
"1302","NR5 F Order2 - NR6 M Order2",-4.45,0.756975360171277,19,-5.87865898170467,0.014104648568772
"1303","NR5 F Order2 - PR0 M Order2",-5.10000000000001,0.762887328524595,19,-6.68512873305064,0.00299383696914056
"1304","NR5 F Order2 - PR1 M Order2",-4.23333333333333,0.75726114679445,19,-5.59032158358234,0.024861073550922
"1305","NR5 F Order2 - PR2 M Order2",-3.86666666666668,0.734715603171636,19,-5.26280733657345,0.0471906272584174
"1306","NR5 F Order2 - PR3 M Order2",-3.46666666666666,0.757627876995033,19,-4.57568520368659,0.187525552362623
"1307","NR5 F Order2 - PR4 M Order2",-3.20000000000001,0.756024536252102,19,-4.23266686007786,0.383350254908407
"1308","NR5 F Order2 - PR5 M Order2",-3.26666666666667,0.80077265319519,19,-4.07939338791382,0.522803260775664
"1309","NR5 F Order2 - PR6 M Order2",-3.46666666666668,0.838891987136528,19,-4.13243506890534,0.468267867035018
"1310","NR6 F Order2 - PR0 F Order2",0.283333333333328,0.364471098012654,19,0.777382170707789,1
"1311","NR6 F Order2 - PR1 F Order2",1.50000000000001,0.370214099585853,19,4.05170954233782,0.552158415277307
"1312","NR6 F Order2 - PR2 F Order2",1.53333333333333,0.375203648406806,19,4.08666957222881,0.514816845431727
"1313","NR6 F Order2 - PR3 F Order2",1.31666666666667,0.376526134318139,19,3.49687988869898,1
"1314","NR6 F Order2 - PR4 F Order2",1.13333333333333,0.321882256631991,19,3.52095621918382,1
"1315","NR6 F Order2 - PR5 F Order2",0.933333333333334,0.448679022795892,19,2.08018045398551,1
"1316","NR6 F Order2 - PR6 F Order2",0.58333333333333,0.48283701074728,19,1.20813715674056,1
"1317","NR6 F Order2 - NR0 M Order2",-3.41666666666666,0.7467669105641,19,-4.57527860210858,0.187525552362623
"1318","NR6 F Order2 - NR1 M Order2",-4.31666666666667,0.722673723018571,19,-5.97318890831699,0.0117776015005446
"1319","NR6 F Order2 - NR2 M Order2",-4.36666666666668,0.734132339839121,19,-5.94806471490358,0.0123438213755075
"1320","NR6 F Order2 - NR3 M Order2",-3.83333333333332,0.707468512307391,19,-5.418380135154,0.0343970419688751
"1321","NR6 F Order2 - NR4 M Order2",-4.43333333333332,0.729900257545449,19,-6.0738892574747,0.00969013159252712
"1322","NR6 F Order2 - NR5 M Order2",-4.63333333333334,0.756975360171277,19,-6.12085092477116,0.00890792514289421
"1323","NR6 F Order2 - NR6 M Order2",-4.26666666666667,0.707028209401075,19,-6.03464841987136,0.0104623049722351
"1324","NR6 F Order2 - PR0 M Order2",-4.91666666666668,0.713354238093424,19,-6.89232137991836,0.00200436663068928
"1325","NR6 F Order2 - PR1 M Order2",-4.04999999999999,0.707334176628629,19,-5.72572361666947,0.0190380822446227
"1326","NR6 F Order2 - PR2 M Order2",-3.68333333333334,0.683142891733726,19,-5.3917465553737,0.0362936496167309
"1327","NR6 F Order2 - PR3 M Order2",-3.28333333333333,0.707726778483375,19,-4.63926678084635,0.165614837009616
"1328","NR6 F Order2 - PR4 M Order2",-3.01666666666667,0.706010122022101,19,-4.27283770100429,0.351446224920582
"1329","NR6 F Order2 - PR5 M Order2",-3.08333333333333,0.7537333978853,19,-4.09074792490825,0.511290169018716
"1330","NR6 F Order2 - PR6 M Order2",-3.28333333333334,0.794113945894623,19,-4.13458717140957,0.466536457477756
"1331","PR0 F Order2 - PR1 F Order2",1.21666666666668,0.170491206406632,19,7.136242931878,0.00125841147403083
"1332","PR0 F Order2 - PR2 F Order2",1.25,0.210047335238836,19,5.95103955295925,0.0122858163551239
"1333","PR0 F Order2 - PR3 F Order2",1.03333333333335,0.216869001341109,19,4.76478116717121,0.128402131562361
"1334","PR0 F Order2 - PR4 F Order2",0.850000000000002,0.205202795143007,19,4.14224377113203,0.459093767411916
"1335","PR0 F Order2 - PR5 F Order2",0.650000000000006,0.298073737884393,19,2.1806684634931,1
"1336","PR0 F Order2 - PR6 F Order2",0.300000000000002,0.362431683419371,19,0.827742202805352,1
"1337","PR0 F Order2 - NR0 M Order2",-3.69999999999999,0.752759057620969,19,-4.91525138427895,0.0953230258538821
"1338","PR0 F Order2 - NR1 M Order2",-4.6,0.728863972259901,19,-6.31119135404283,0.006164992109837
"1339","PR0 F Order2 - NR2 M Order2",-4.65,0.740226771006441,19,-6.2818587251008,0.00652399323243266
"1340","PR0 F Order2 - NR3 M Order2",-4.11666666666665,0.713790638789409,19,-5.76733070308758,0.0175095661521785
"1341","PR0 F Order2 - NR4 M Order2",-4.71666666666665,0.736029731792046,19,-6.40825562193358,0.00512736803056451
"1342","PR0 F Order2 - NR5 M Order2",-4.91666666666667,0.762887328524595,19,-6.4448136478756,0.00477175169693073
"1343","PR0 F Order2 - NR6 M Order2",-4.55,0.713354238093424,19,-6.37831775158545,0.00541492409950196
"1344","PR0 F Order2 - PR0 M Order2",-5.20000000000001,0.719624658501088,19,-7.22598918557228,0.00105628995679337
"1345","PR0 F Order2 - PR1 M Order2",-4.33333333333332,0.713657493160312,19,-6.07200705501443,0.0097208412370011
"1346","PR0 F Order2 - PR2 M Order2",-3.96666666666667,0.689688038640135,19,-5.75139257813981,0.0180595059496342
"1347","PR0 F Order2 - PR3 M Order2",-3.56666666666665,0.714046618295624,19,-4.99500533337728,0.0809541749741745
"1348","PR0 F Order2 - PR4 M Order2",-3.3,0.712345191964276,19,-4.63258548976842,0.167591091940264
"1349","PR0 F Order2 - PR5 M Order2",-3.36666666666666,0.759670596511856,19,-4.43174539349717,0.251365376031806
"1350","PR0 F Order2 - PR6 M Order2",-3.56666666666667,0.799751423369342,19,-4.4597190607556,0.236961238014632
"1351","PR1 F Order2 - PR2 F Order2",0.0333333333333238,0.20365088806712,19,0.163678801745945,1
"1352","PR1 F Order2 - PR3 F Order2",-0.183333333333333,0.182301722780272,19,-1.00565880858024,1
"1353","PR1 F Order2 - PR4 F Order2",-0.366666666666676,0.183054013694933,19,-2.00305177289224,1
"1354","PR1 F Order2 - PR5 F Order2",-0.566666666666672,0.2796457659003,19,-2.02637313260342,1
"1355","PR1 F Order2 - PR6 F Order2",-0.916666666666677,0.298872148925773,19,-3.06708627739796,1
"1356","PR1 F Order2 - NR0 M Order2",-4.91666666666667,0.747056602441516,19,-6.58138439657465,0.00366753853776915
"1357","PR1 F Order2 - NR1 M Order2",-5.81666666666668,0.722973068986344,19,-8.04548179757516,0.000229835775557836
"1358","PR1 F Order2 - NR2 M Order2",-5.86666666666668,0.734427015390688,19,-7.98808669033755,0.000255133175635338
"1359","PR1 F Order2 - NR3 M Order2",-5.33333333333333,0.707774289194263,19,-7.53535896225454,0.000586146431403442
"1360","PR1 F Order2 - NR4 M Order2",-5.93333333333333,0.730196640983046,19,-8.12566506105181,0.000199021480264027
"1361","PR1 F Order2 - NR5 M Order2",-6.13333333333335,0.75726114679445,19,-8.09936355416657,0.00020876040589117
"1362","PR1 F Order2 - NR6 M Order2",-5.76666666666668,0.707334176628629,19,-8.15267642538124,0.00018988605342131
"1363","PR1 F Order2 - PR0 M Order2",-6.41666666666669,0.713657493160312,19,-8.99124121607911,4.35514407137682e-05
"1364","PR1 F Order2 - PR1 M Order2",-5.55,0.707640011563021,19,-7.84297087404834,0.000331868912205177
"1365","PR1 F Order2 - PR2 M Order2",-5.18333333333335,0.683459551886085,19,-7.58396501889446,0.000535509645786923
"1366","PR1 F Order2 - PR3 M Order2",-4.78333333333333,0.708032443833238,19,-6.75581094481589,0.00261077597466411
"1367","PR1 F Order2 - PR4 M Order2",-4.51666666666668,0.706316530272138,19,-6.39467784355329,0.00525397744725697
"1368","PR1 F Order2 - PR5 M Order2",-4.58333333333334,0.754020413268587,19,-6.07852685773472,0.00961844392111151
"1369","PR1 F Order2 - PR6 M Order2",-4.78333333333335,0.794386371737544,19,-6.02141917776216,0.0107340324357878
"1370","PR2 F Order2 - PR3 F Order2",-0.216666666666657,0.196564052920632,19,-1.10227004097307,1
"1371","PR2 F Order2 - PR4 F Order2",-0.4,0.247820912512166,19,-1.61406878840527,1
"1372","PR2 F Order2 - PR5 F Order2",-0.599999999999996,0.283817954997473,19,-2.11403115777273,1
"1373","PR2 F Order2 - PR6 F Order2",-0.95,0.352538828685571,19,-2.69473862933636,1
"1374","PR2 F Order2 - NR0 M Order2",-4.94999999999999,0.724193441250939,19,-6.8351903207651,0.00224020516594996
"1375","PR2 F Order2 - NR1 M Order2",-5.85,0.699322980874323,19,-8.36523346149169,0.000129924886315113
"1376","PR2 F Order2 - NR2 M Order2",-5.90000000000001,0.711157938882137,19,-8.29632867387259,0.000146730460900639
"1377","PR2 F Order2 - NR3 M Order2",-5.36666666666665,0.683598579243594,19,-7.85061120607492,0.000327365285335553
"1378","PR2 F Order2 - NR4 M Order2",-5.96666666666665,0.706788304658714,19,-8.4419431212119,0.000113433250093038
"1379","PR2 F Order2 - NR5 M Order2",-6.16666666666667,0.734715603171636,19,-8.39327032125937,0.000123587785487917
"1380","PR2 F Order2 - NR6 M Order2",-5.8,0.683142891733726,19,-8.49017104647078,0.000104295975216258
"1381","PR2 F Order2 - PR0 M Order2",-6.45000000000001,0.689688038640135,19,-9.35205431823574,2.35633816254355e-05
"1382","PR2 F Order2 - PR1 M Order2",-5.58333333333332,0.683459551886085,19,-8.16922276954865,0.000184328520725788
"1383","PR2 F Order2 - PR2 M Order2",-5.21666666666667,0.65839162522297,19,-7.92334906280134,0.000287246411151926
"1384","PR2 F Order2 - PR3 M Order2",-4.81666666666666,0.683865860106998,19,-7.04329159802339,0.00150410366304899
"1385","PR2 F Order2 - PR4 M Order2",-4.55,0.68208915402247,19,-6.67068223144641,0.00307867497596508
"1386","PR2 F Order2 - PR5 M Order2",-4.61666666666667,0.731374976824575,19,-6.31231148584128,0.0061599379781515
"1387","PR2 F Order2 - PR6 M Order2",-4.81666666666668,0.772924498707187,19,-6.23174278305728,0.00718929208954915
"1388","PR3 F Order2 - PR4 F Order2",-0.183333333333343,0.185954153942366,19,-0.985906092692959,1
"1389","PR3 F Order2 - PR5 F Order2",-0.383333333333339,0.237930895663239,19,-1.61111205110537,1
"1390","PR3 F Order2 - PR6 F Order2",-0.733333333333343,0.279562105372374,19,-2.62314998793042,1
"1391","PR3 F Order2 - NR0 M Order2",-4.73333333333334,0.7474283395798,19,-6.33282561374965,0.00592922680349655
"1392","PR3 F Order2 - NR1 M Order2",-5.63333333333335,0.723357182887603,19,-7.78776165717382,0.000367190949844956
"1393","PR3 F Order2 - NR2 M Order2",-5.68333333333335,0.734805141851382,19,-7.73447681519196,0.000405233139834428
"1394","PR3 F Order2 - NR3 M Order2",-5.15,0.708166647054209,19,-7.27229956596046,0.000966100345912242
"1395","PR3 F Order2 - NR4 M Order2",-5.74999999999999,0.730576956972008,19,-7.87049186964749,0.000315813226636451
"1396","PR3 F Order2 - NR5 M Order2",-5.95000000000001,0.757627876995033,19,-7.85345970055828,0.000325840695902462
"1397","PR3 F Order2 - NR6 M Order2",-5.58333333333334,0.707726778483375,19,-7.8891084851956,0.000305405778835129
"1398","PR3 F Order2 - PR0 M Order2",-6.23333333333335,0.714046618295624,19,-8.72958876020148,6.84591766584299e-05
"1399","PR3 F Order2 - PR1 M Order2",-5.36666666666667,0.708032443833238,19,-7.57969032833002,0.000539165094414175
"1400","PR3 F Order2 - PR2 M Order2",-5.00000000000002,0.683865860106998,19,-7.31137536127,0.000897033701287341
"1401","PR3 F Order2 - PR3 M Order2",-4.6,0.708424658715395,19,-6.49328046872521,0.00435630928433594
"1402","PR3 F Order2 - PR4 M Order2",-4.33333333333335,0.706709697465111,19,-6.13170209617405,0.00872698303547778
"1403","PR3 F Order2 - PR5 M Order2",-4.40000000000001,0.754388718885222,19,-5.83253684718667,0.0154508582368425
"1404","PR3 F Order2 - PR6 M Order2",-4.60000000000002,0.794735970721029,19,-5.78808581650915,0.0168583333767352
"1405","PR4 F Order2 - PR5 F Order2",-0.199999999999996,0.244739986145937,19,-0.817193802898793,1
"1406","PR4 F Order2 - PR6 F Order2",-0.550000000000001,0.309635703700087,19,-1.77628094379171,1
"1407","PR4 F Order2 - NR0 M Order2",-4.54999999999999,0.74580307201179,19,-6.10080619234573,0.00922723761953177
"1408","PR4 F Order2 - NR1 M Order2",-5.45,0.721677707463861,19,-7.55184751258639,0.00056829477695297
"1409","PR4 F Order2 - NR2 M Order2",-5.50000000000001,0.733151891429351,19,-7.50185611507763,0.000623818400915532
"1410","PR4 F Order2 - NR3 M Order2",-4.96666666666665,0.706451059462158,19,-7.03044690802492,0.00154104550100587
"1411","PR4 F Order2 - NR4 M Order2",-5.56666666666665,0.728914116665115,19,-7.63693079801354,0.000485350692022624
"1412","PR4 F Order2 - NR5 M Order2",-5.76666666666667,0.756024536252102,19,-7.62761840409864,0.000493702618234886
"1413","PR4 F Order2 - NR6 M Order2",-5.4,0.706010122022101,19,-7.64861555317894,0.000475319959682119
"1414","PR4 F Order2 - PR0 M Order2",-6.05000000000001,0.712345191964276,19,-8.49307339790878,0.00010382291610714
"1415","PR4 F Order2 - PR1 M Order2",-5.18333333333332,0.706316530272138,19,-7.3385417319006,0.000851999243579015
"1416","PR4 F Order2 - PR2 M Order2",-4.81666666666667,0.68208915402247,19,-7.06163796662276,0.00145440443895545
"1417","PR4 F Order2 - PR3 M Order2",-4.41666666666666,0.706709697465111,19,-6.24961944417736,0.00693600135216691
"1418","PR4 F Order2 - PR4 M Order2",-4.15,0.704990564409506,19,-5.88660360791638,0.0138786030378251
"1419","PR4 F Order2 - PR5 M Order2",-4.21666666666667,0.752778479100254,19,-5.60147079617176,0.0243607820863668
"1420","PR4 F Order2 - PR6 M Order2",-4.41666666666667,0.793207641524652,19,-5.5681090744124,0.0258741466110142
"1421","PR5 F Order2 - PR6 F Order2",-0.350000000000004,0.229632302065817,19,-1.52417580998551,1
"1422","PR5 F Order2 - NR0 M Order2",-4.35,0.791129550018378,19,-5.49846734949914,0.0296109116096056
"1423","PR5 F Order2 - NR1 M Order2",-5.25000000000001,0.76842856280877,19,-6.8321250069234,0.00225246814147792
"1424","PR5 F Order2 - NR2 M Order2",-5.30000000000001,0.779214629352204,19,-6.80172034809734,0.00238970621497226
"1425","PR5 F Order2 - NR3 M Order2",-4.76666666666666,0.754146432800198,19,-6.32061156739507,0.00606354735312156
"1426","PR5 F Order2 - NR4 M Order2",-5.36666666666665,0.775228696684883,19,-6.92268834940731,0.00189810830146366
"1427","PR5 F Order2 - NR5 M Order2",-5.56666666666668,0.80077265319519,19,-6.9516193447103,0.00179521771214534
"1428","PR5 F Order2 - NR6 M Order2",-5.2,0.7537333978853,19,-6.8989910949804,0.00197914460320164
"1429","PR5 F Order2 - PR0 M Order2",-5.85000000000001,0.759670596511856,19,-7.70070610454213,0.000431707643807153
"1430","PR5 F Order2 - PR1 M Order2",-4.98333333333333,0.754020413268587,19,-6.60901647440973,0.00347610464076474
"1431","PR5 F Order2 - PR2 M Order2",-4.61666666666668,0.731374976824575,19,-6.3123114858413,0.0061599379781515
"1432","PR5 F Order2 - PR3 M Order2",-4.21666666666666,0.754388718885222,19,-5.58951447855388,0.024871446628017
"1433","PR5 F Order2 - PR4 M Order2",-3.95000000000001,0.752778479100254,19,-5.24722758376565,0.0486590190145986
"1434","PR5 F Order2 - PR5 M Order2",-4.01666666666667,0.79770870703945,19,-5.03525488843389,0.0746612929625822
"1435","PR5 F Order2 - PR6 M Order2",-4.21666666666668,0.835967765684275,19,-5.04405413672279,0.0732830260490885
"1436","PR6 F Order2 - NR0 M Order2",-3.99999999999999,0.82969204460986,19,-4.82106587135096,0.115146596222584
"1437","PR6 F Order2 - NR1 M Order2",-4.9,0.80807510796767,19,-6.06379277332726,0.00986781100706308
"1438","PR6 F Order2 - NR2 M Order2",-4.95000000000001,0.818338782273639,19,-6.04883956036781,0.0101687853068406
"1439","PR6 F Order2 - NR3 M Order2",-4.41666666666665,0.794505988701075,19,-5.55900991242041,0.0262986710238846
"1440","PR6 F Order2 - NR4 M Order2",-5.01666666666665,0.814544324233096,19,-6.15886271307569,0.00829353325017533
"1441","PR6 F Order2 - NR5 M Order2",-5.21666666666667,0.838891987136528,19,-6.21852007965081,0.00737981070189824
"1442","PR6 F Order2 - NR6 M Order2",-4.85,0.794113945894623,19,-6.10743587248823,0.00912054498937473
"1443","PR6 F Order2 - PR0 M Order2",-5.50000000000001,0.799751423369342,19,-6.87713686938947,0.00206490794453514
"1444","PR6 F Order2 - PR1 M Order2",-4.63333333333332,0.794386371737544,19,-5.83259418612499,0.0154508582368425
"1445","PR6 F Order2 - PR2 M Order2",-4.26666666666667,0.772924498707187,19,-5.52015969710264,0.028368517171146
"1446","PR6 F Order2 - PR3 M Order2",-3.86666666666666,0.794735970721029,19,-4.8653474979352,0.105427195263098
"1447","PR6 F Order2 - PR4 M Order2",-3.6,0.793207641524652,19,-4.53853418895501,0.202198366554707
"1448","PR6 F Order2 - PR5 M Order2",-3.66666666666666,0.835967765684275,19,-4.38613403193285,0.275658262246456
"1449","PR6 F Order2 - PR6 M Order2",-3.86666666666667,0.872550874871929,19,-4.43145125174989,0.251365376031806
"1450","NR0 M Order2 - NR1 M Order2",-0.900000000000009,0.135551720777893,19,-6.63953209029853,0.00327564899929399
"1451","NR0 M Order2 - NR2 M Order2",-0.950000000000014,0.183046026870883,19,-5.18995149056211,0.0545025792341332
"1452","NR0 M Order2 - NR3 M Order2",-0.416666666666661,0.24909778722891,19,-1.67270320343618,1
"1453","NR0 M Order2 - NR4 M Order2",-1.01666666666666,0.416002980196253,19,-2.4438927485256,1
"1454","NR0 M Order2 - NR5 M Order2",-1.21666666666668,0.431934313827911,19,-2.81678632078167,1
"1455","NR0 M Order2 - NR6 M Order2",-0.850000000000008,0.407911525781629,19,-2.08378519918323,1
"1456","NR0 M Order2 - PR0 M Order2",-1.50000000000002,0.364527251325691,19,-4.11491869138701,0.486194334196714
"1457","NR0 M Order2 - PR1 M Order2",-0.633333333333331,0.27702471019474,19,-2.28619798171837,1
"1458","NR0 M Order2 - PR2 M Order2",-0.266666666666682,0.284049662077454,19,-0.938802970988812,1
"1459","NR0 M Order2 - PR3 M Order2",0.133333333333336,0.283049393329728,19,0.471060304227589,1
"1460","NR0 M Order2 - PR4 M Order2",0.399999999999988,0.343979123533537,19,1.16286126870426,1
"1461","NR0 M Order2 - PR5 M Order2",0.333333333333327,0.372132309992496,19,0.895738758454081,1
"1462","NR0 M Order2 - PR6 M Order2",0.133333333333317,0.335645489671531,19,0.397244525656518,1
"1463","NR1 M Order2 - NR2 M Order2",-0.050000000000004,0.174139488352035,19,-0.287126145098839,1
"1464","NR1 M Order2 - NR3 M Order2",0.483333333333348,0.23976718727459,19,2.01584436480801,1
"1465","NR1 M Order2 - NR4 M Order2",-0.116666666666649,0.357844423708052,19,-0.326026225189502,1
"1466","NR1 M Order2 - NR5 M Order2",-0.316666666666669,0.382076505611574,19,-0.828804341580214,1
"1467","NR1 M Order2 - NR6 M Order2",0.0500000000000015,0.339736740185072,19,0.14717277846595,1
"1468","NR1 M Order2 - PR0 M Order2",-0.600000000000008,0.343226009456235,19,-1.74811926680782,1
"1469","NR1 M Order2 - PR1 M Order2",0.266666666666678,0.27061766041531,19,0.985400089031263,1
"1470","NR1 M Order2 - PR2 M Order2",0.633333333333328,0.264718762825405,19,2.39247617574823,1
"1471","NR1 M Order2 - PR3 M Order2",1.03333333333335,0.258334748156851,19,3.99997809317524,0.61298454334057
"1472","NR1 M Order2 - PR4 M Order2",1.3,0.305150715326586,19,4.26018991503486,0.361302468356176
"1473","NR1 M Order2 - PR5 M Order2",1.23333333333334,0.310823279551438,19,3.96795676023113,0.656205078604219
"1474","NR1 M Order2 - PR6 M Order2",1.03333333333333,0.315491818783464,19,3.27530944326182,1
"1475","NR2 M Order2 - NR3 M Order2",0.533333333333352,0.204867665174179,19,2.60330654366521,1
"1476","NR2 M Order2 - NR4 M Order2",-0.066666666666645,0.326692623386937,19,-0.204065417747999,1
"1477","NR2 M Order2 - NR5 M Order2",-0.266666666666665,0.356185936067992,19,-0.748672644435241,1
"1478","NR2 M Order2 - NR6 M Order2",0.100000000000005,0.329366750204618,19,0.303612917630213,1
"1479","NR2 M Order2 - PR0 M Order2",-0.550000000000004,0.323693956968272,19,-1.69913582926083,1
"1480","NR2 M Order2 - PR1 M Order2",0.316666666666682,0.282992571142138,19,1.11899286044378,1
"1481","NR2 M Order2 - PR2 M Order2",0.683333333333332,0.254807575603229,19,2.68176223456314,1
"1482","NR2 M Order2 - PR3 M Order2",1.08333333333335,0.259435960390729,19,4.17572541486451,0.430368509427498
"1483","NR2 M Order2 - PR4 M Order2",1.35,0.33319734068005,19,4.05165298511889,0.552158415277307
"1484","NR2 M Order2 - PR5 M Order2",1.28333333333334,0.360368557279937,19,3.56116899604101,1
"1485","NR2 M Order2 - PR6 M Order2",1.08333333333333,0.382627114527878,19,2.83130309431952,1
"1486","NR3 M Order2 - NR4 M Order2",-0.599999999999997,0.325652740818098,19,-1.8424534014137,1
"1487","NR3 M Order2 - NR5 M Order2",-0.800000000000018,0.372148024375765,19,-2.14968224362315,1
"1488","NR3 M Order2 - NR6 M Order2",-0.433333333333347,0.333372804680564,19,-1.29984607997213,1
"1489","NR3 M Order2 - PR0 M Order2",-1.08333333333336,0.297189564801494,19,-3.64526033764666,1
"1490","NR3 M Order2 - PR1 M Order2",-0.21666666666667,0.22552732229026,19,-0.96071138727845,1
"1491","NR3 M Order2 - PR2 M Order2",0.149999999999979,0.274016049386962,19,0.547413191072436,1
"1492","NR3 M Order2 - PR3 M Order2",0.549999999999998,0.213991583154149,19,2.57019454640796,1
"1493","NR3 M Order2 - PR4 M Order2",0.816666666666649,0.263661798256118,19,3.09740232399291,1
"1494","NR3 M Order2 - PR5 M Order2",0.749999999999988,0.342804054647902,19,2.18783876628975,1
"1495","NR3 M Order2 - PR6 M Order2",0.549999999999978,0.353735289405455,19,1.55483497539756,1
"1496","NR4 M Order2 - NR5 M Order2",-0.20000000000002,0.140633487398194,19,-1.42213638942006,1
"1497","NR4 M Order2 - NR6 M Order2",0.16666666666665,0.139862087460369,19,1.19165007253218,1
"1498","NR4 M Order2 - PR0 M Order2",-0.483333333333359,0.397216190196706,19,-1.21680169454827,1
"1499","NR4 M Order2 - PR1 M Order2",0.383333333333327,0.403689128266667,19,0.949575568158741,1
"1500","NR4 M Order2 - PR2 M Order2",0.749999999999977,0.405106296064516,19,1.85136594342275,1
"1501","NR4 M Order2 - PR3 M Order2",1.15,0.407768137304976,19,2.82023016217153,1
"1502","NR4 M Order2 - PR4 M Order2",1.41666666666665,0.354395952612428,19,3.99741209295337,0.615046589376829
"1503","NR4 M Order2 - PR5 M Order2",1.34999999999999,0.464905825840659,19,2.90381390157645,1
"1504","NR4 M Order2 - PR6 M Order2",1.14999999999998,0.501229482524768,19,2.29435825324411,1
"1505","NR5 M Order2 - NR6 M Order2",0.366666666666671,0.197750507351802,19,1.85418824748886,1
"1506","NR5 M Order2 - PR0 M Order2",-0.283333333333339,0.443276608955157,19,-0.639179527205781,1
"1507","NR5 M Order2 - PR1 M Order2",0.583333333333347,0.463743980588605,19,1.25787796230358,1
"1508","NR5 M Order2 - PR2 M Order2",0.949999999999997,0.439011382713532,19,2.16395300305892,1
"1509","NR5 M Order2 - PR3 M Order2",1.35000000000002,0.454368014276601,19,2.97115984748475,1
"1510","NR5 M Order2 - PR4 M Order2",1.61666666666667,0.409927964004061,19,3.94378234379407,0.68997606627024
"1511","NR5 M Order2 - PR5 M Order2",1.55000000000001,0.502784643421832,19,3.08283083081272,1
"1512","NR5 M Order2 - PR6 M Order2",1.35,0.546089232902827,19,2.47212345283544,1
"1513","NR6 M Order2 - PR0 M Order2",-0.65000000000001,0.364471098012654,19,-1.78340615632969,1
"1514","NR6 M Order2 - PR1 M Order2",0.216666666666677,0.370214099585853,19,0.585246933893266,1
"1515","NR6 M Order2 - PR2 M Order2",0.583333333333326,0.375203648406806,19,1.55471125030442,1
"1516","NR6 M Order2 - PR3 M Order2",0.983333333333344,0.376526134318139,19,2.6115938409271,1
"1517","NR6 M Order2 - PR4 M Order2",1.25,0.321882256631991,19,3.88340759468803,0.790996852911492
"1518","NR6 M Order2 - PR5 M Order2",1.18333333333334,0.448679022795892,19,2.63737164701735,1
"1519","NR6 M Order2 - PR6 M Order2",0.983333333333325,0.48283701074728,19,2.0365740642198,1
"1520","PR0 M Order2 - PR1 M Order2",0.866666666666686,0.170491206406632,19,5.083351129557,0.0679342080866253
"1521","PR0 M Order2 - PR2 M Order2",1.23333333333334,0.210047335238836,19,5.8716923589198,0.014269118120034
"1522","PR0 M Order2 - PR3 M Order2",1.63333333333335,0.216869001341109,19,7.53142829649644,0.000590178175024323
"1523","PR0 M Order2 - PR4 M Order2",1.90000000000001,0.205202795143007,19,9.2591331354716,2.75562220289938e-05
"1524","PR0 M Order2 - PR5 M Order2",1.83333333333335,0.298073737884393,19,6.15060335857027,0.00843232202268917
"1525","PR0 M Order2 - PR6 M Order2",1.63333333333334,0.362431683419371,19,4.50659643749578,0.216180120700209
"1526","PR1 M Order2 - PR2 M Order2",0.366666666666649,0.20365088806712,19,1.80046681920583,1
"1527","PR1 M Order2 - PR3 M Order2",0.766666666666668,0.182301722780272,19,4.20548229042647,0.405954136784651
"1528","PR1 M Order2 - PR4 M Order2",1.03333333333332,0.183054013694933,19,5.64496408724154,0.0224375675024225
"1529","PR1 M Order2 - PR5 M Order2",0.966666666666658,0.2796457659003,19,3.45675416738223,1
"1530","PR1 M Order2 - PR6 M Order2",0.766666666666649,0.298872148925773,19,2.56519943200548,1
"1531","PR2 M Order2 - PR3 M Order2",0.400000000000018,0.196564052920632,19,2.03496007564277,1
"1532","PR2 M Order2 - PR4 M Order2",0.66666666666667,0.247820912512166,19,2.69011464734213,1
"1533","PR2 M Order2 - PR5 M Order2",0.600000000000009,0.283817954997473,19,2.11403115777278,1
"1534","PR2 M Order2 - PR6 M Order2",0.399999999999999,0.352538828685571,19,1.13462679129952,1
"1535","PR3 M Order2 - PR4 M Order2",0.266666666666651,0.185954153942366,19,1.43404522573506,1
"1536","PR3 M Order2 - PR5 M Order2",0.199999999999991,0.237930895663239,19,0.840580200576663,1
"1537","PR3 M Order2 - PR6 M Order2",-1.92346139016308e-14,0.279562105372374,19,-6.88026507598752e-14,1
"1538","PR4 M Order2 - PR5 M Order2",-0.0666666666666606,0.244739986145937,19,-0.272397934299578,1
"1539","PR4 M Order2 - PR6 M Order2",-0.26666666666667,0.309635703700087,19,-0.861227124262659,1
"1540","PR5 M Order2 - PR6 M Order2",-0.20000000000001,0.229632302065817,19,-0.870957605706038,1
