"","contrast","estimate","SE","df","t.ratio","p.value"
"1","NR0 F Order1 - NR1 F Order1",-8.1446551062644,3.79317502150596,19,-2.14718673936401,0.980069644806364
"2","NR0 F Order1 - NR2 F Order1",0.272104827591092,0.105471028679764,19,2.5799011443917,0.873376655957838
"3","NR0 F Order1 - NR3 F Order1",0.171307351790108,0.315064492514825,19,0.543721542287242,1
"4","NR0 F Order1 - NR4 F Order1",0.238900023707868,0.112315186442101,19,2.12705005685961,0.982261510078801
"5","NR0 F Order1 - NR5 F Order1",0.138530255127788,0.167497204569332,19,0.827060102190816,1
"6","NR0 F Order1 - NR6 F Order1",0.120589477021036,0.161522930699089,19,0.746578064793101,1
"7","NR0 F Order1 - PR0 F Order1",-7.91935940452723,3.97629840591233,19,-1.99164111847139,0.992612530447575
"8","NR0 F Order1 - PR1 F Order1",-6.40845652208123,10.1256699140073,19,-0.632892102597192,1
"9","NR0 F Order1 - PR2 F Order1",-7.76257866826698,5.02798589042069,19,-1.54387439373214,0.999916643376411
"10","NR0 F Order1 - PR3 F Order1",-6.42134567211678,3.09582177091667,19,-2.07419746590109,0.987145517685927
"11","NR0 F Order1 - PR4 F Order1",0.306491915315063,4.94448574939785,19,0.0619866111157035,1
"12","NR0 F Order1 - PR5 F Order1",0.281087865072849,4.08868969829922,19,0.0687476638762226,1
"13","NR0 F Order1 - PR6 F Order1",-5.50135000027613,4.80691357239265,19,-1.14446617718942,1
"14","NR0 F Order1 - NR0 M Order1",0.228044562200088,0.162977661174054,19,1.39923815667318,0.999990941558368
"15","NR0 F Order1 - NR1 M Order1",0.288616142661834,3.45081826630626,19,0.0836370160317854,1
"16","NR0 F Order1 - NR2 M Order1",0.362527645879808,0.139445838842986,19,2.59977385404816,0.865434153736916
"17","NR0 F Order1 - NR3 M Order1",0.316485799184466,0.312237922910078,19,1.01360461354213,1
"18","NR0 F Order1 - NR4 M Order1",0.327106653275681,0.146861607625451,19,2.2273122197458,0.96929529746342
"19","NR0 F Order1 - NR5 M Order1",0.355650588566526,0.167043442584424,19,2.12909039148172,0.982048149075539
"20","NR0 F Order1 - NR6 M Order1",0.146989478844092,0.168306501164946,19,0.8733440349998,1
"21","NR0 F Order1 - PR0 M Order1",0.0758664833161635,3.62092695526042,19,0.0209522269445248,1
"22","NR0 F Order1 - PR1 M Order1",0.229005437651292,9.24609545115917,19,0.0247677994306864,1
"23","NR0 F Order1 - PR2 M Order1",0.415619896509596,4.59443916176144,19,0.0904615083313572,1
"24","NR0 F Order1 - PR3 M Order1",0.297330235886162,2.80895695751739,19,0.105850762536763,1
"25","NR0 F Order1 - PR4 M Order1",0.158367100885069,4.4776004785628,19,0.0353687430674702,1
"26","NR0 F Order1 - PR5 M Order1",0.297324018639224,3.74432150039526,19,0.0794066478019684,1
"27","NR0 F Order1 - PR6 M Order1",0.291811918698206,4.34431772762129,19,0.0671709430557662,1
"28","NR0 F Order1 - NR0 F Order2",0.261064912013519,0.162977661174054,19,1.60184475671615,0.999821652046329
"29","NR0 F Order1 - NR1 F Order2",0.151839030779112,3.45081826630626,19,0.0440008772011166,1
"30","NR0 F Order1 - NR2 F Order2",0.373334752864161,0.139445838842986,19,2.67727424469461,0.832053298019654
"31","NR0 F Order1 - NR3 F Order2",-0.442347096772152,0.312237922910078,19,-1.41669881944335,0.999987832589966
"32","NR0 F Order1 - NR4 F Order2",0.096659053414887,0.146861607625451,19,0.658164206273715,1
"33","NR0 F Order1 - NR5 F Order2",0.19537481716054,0.167043442584424,19,1.16960482936525,0.999999922078115
"34","NR0 F Order1 - NR6 F Order2",0.231123926056127,0.168306501164946,19,1.37323231400086,0.999994251457228
"35","NR0 F Order1 - PR0 F Order2",-1.85673094375528,3.62092695526042,19,-0.512777796044148,1
"36","NR0 F Order1 - PR1 F Order2",-12.4953614085132,9.24609545115916,19,-1.35142033461775,0.99999613150379
"37","NR0 F Order1 - PR2 F Order2",-5.69736911594856,4.59443916176144,19,-1.24005758164491,0.999999593397697
"38","NR0 F Order1 - PR3 F Order2",0.285827010783678,2.80895695751739,19,0.101755568029885,1
"39","NR0 F Order1 - PR4 F Order2",-5.31063311868706,4.4776004785628,19,-1.18604443252866,0.999999883405961
"40","NR0 F Order1 - PR5 F Order2",-11.1541836045484,3.74432150039525,19,-2.97895990057771,0.673979575165773
"41","NR0 F Order1 - PR6 F Order2",0.166102332767257,4.34431772762129,19,0.038234388730634,1
"42","NR0 F Order1 - NR0 M Order2",-0.263630684051839,0.162977661174054,19,-1.61758784702581,0.999783177704156
"43","NR0 F Order1 - NR1 M Order2",-0.0602902957145508,3.45081826630626,19,-0.0174713042130397,1
"44","NR0 F Order1 - NR2 M Order2",0.120203836869257,0.139445838842986,19,0.862010927444059,1
"45","NR0 F Order1 - NR3 M Order2",-0.0640316255175644,0.312237922910078,19,-0.205073185604059,1
"46","NR0 F Order1 - NR4 M Order2",0.0980677009374407,0.146861607625451,19,0.667755872505139,1
"47","NR0 F Order1 - NR5 M Order2",0.164420583355604,0.167043442584424,19,0.984298340669707,1
"48","NR0 F Order1 - NR6 M Order2",0.0718619091785654,0.168306501164946,19,0.426970489441393,1
"49","NR0 F Order1 - PR0 M Order2",0.393974215395994,3.62092695526042,19,0.108804795088074,1
"50","NR0 F Order1 - PR1 M Order2",-14.8768410122649,9.24609545115917,19,-1.60898631112443,0.999805014041195
"51","NR0 F Order1 - PR2 M Order2",0.00154443000239907,4.59443916176144,19,0.000336152019435372,1
"52","NR0 F Order1 - PR3 M Order2",0.450018536771213,2.80895695751739,19,0.160208413150249,1
"53","NR0 F Order1 - PR4 M Order2",-6.20278772079046,4.4776004785628,19,-1.3852928036986,0.999992885396303
"54","NR0 F Order1 - PR5 M Order2",0.304194956975951,3.74432150039526,19,0.0812416767480675,1
"55","NR0 F Order1 - PR6 M Order2",-6.84774606800887,4.34431772762129,19,-1.57625351029707,0.999871470553323
"56","NR1 F Order1 - NR2 F Order1",8.41675993385549,3.80434716178829,19,2.21240585464842,0.971563796947991
"57","NR1 F Order1 - NR3 F Order1",8.31596245805451,3.83918749796214,19,2.16607354094289,0.977834189897543
"58","NR1 F Order1 - NR4 F Order1",8.38355512997227,3.78861165319757,19,2.21283042375077,0.971500927677978
"59","NR1 F Order1 - NR5 F Order1",8.28318536139219,3.8228603953536,19,2.16675068005616,0.977750710316705
"60","NR1 F Order1 - NR6 F Order1",8.26524458328544,3.80950008366562,19,2.16964021571365,0.977391842871363
"61","NR1 F Order1 - PR0 F Order1",0.225295701737172,6.07282167749389,19,0.0370990148734528,1
"62","NR1 F Order1 - PR1 F Order1",1.73619858418318,11.0928109885972,19,0.156515655587019,1
"63","NR1 F Order1 - PR2 F Order1",0.382076437997416,3.45414611146127,19,0.110613861043585,1
"64","NR1 F Order1 - PR3 F Order1",1.72330943414762,5.48259065199252,19,0.314323928874998,1
"65","NR1 F Order1 - PR4 F Order1",8.45114702157946,6.21464554459469,19,1.3598759512407,0.999995482190083
"66","NR1 F Order1 - PR5 F Order1",8.42574297133725,5.59515870946901,19,1.50589883305328,0.999951218759191
"67","NR1 F Order1 - PR6 F Order1",2.64330510598827,4.12516009470315,19,0.640776368748055,1
"68","NR1 F Order1 - NR0 M Order1",8.37269966846449,3.7794792901773,19,2.21530507925384,0.971132467121217
"69","NR1 F Order1 - NR1 M Order1",8.43327124892624,5.11527601346304,19,1.6486444185476,0.999685424511138
"70","NR1 F Order1 - NR2 M Order1",8.50718275214421,3.77853769715323,19,2.25144842634588,0.965348855907705
"71","NR1 F Order1 - NR3 M Order1",8.46114090544887,3.7888513440541,19,2.23316782241326,0.96836928292247
"72","NR1 F Order1 - NR4 M Order1",8.47176175954008,3.77881864061134,19,2.2419074756574,0.966949939707243
"73","NR1 F Order1 - NR5 M Order1",8.50030569483093,3.77965679639671,19,2.24896231396845,0.96577128896481
"74","NR1 F Order1 - NR6 M Order1",8.29164458510849,3.77971282840003,19,2.19372342861783,0.974231151084738
"75","NR1 F Order1 - PR0 M Order1",8.22052158958056,5.23154030875887,19,1.57133866976374,0.999879483787541
"76","NR1 F Order1 - PR1 M Order1",8.37366054391569,9.98740121747312,19,0.838422364495164,1
"77","NR1 F Order1 - PR2 M Order1",8.560275002774,5.94699698990714,19,1.43942817144551,0.999982345250726
"78","NR1 F Order1 - PR3 M Order1",8.44198534215056,4.70618116693596,19,1.79380798203458,0.998547933933721
"79","NR1 F Order1 - PR4 M Order1",8.30302220714947,5.8572013822698,19,1.41757499277443,0.999987653695374
"80","NR1 F Order1 - PR5 M Order1",8.44197912490363,5.31769174408968,19,1.58752698185005,0.999851287885085
"81","NR1 F Order1 - PR6 M Order1",8.43646702496261,5.7559533098664,19,1.46569413801559,0.999973287953073
"82","NR1 F Order1 - NR0 F Order2",8.40572001827792,3.7794792901773,19,2.22404182505352,0.969803858594989
"83","NR1 F Order1 - NR1 F Order2",8.29649413704351,5.11527601346304,19,1.62190546809356,0.999771427165827
"84","NR1 F Order1 - NR2 F Order2",8.51798985912856,3.77853769715323,19,2.25430855580614,0.964858277819463
"85","NR1 F Order1 - NR3 F Order2",7.70230800949225,3.7888513440541,19,2.03288736085663,0.990177807455955
"86","NR1 F Order1 - NR4 F Order2",8.24131415967929,3.77881864061134,19,2.1809234428742,0.975949136386106
"87","NR1 F Order1 - NR5 F Order2",8.34002992342494,3.77965679639671,19,2.20655746611063,0.972419546417018
"88","NR1 F Order1 - NR6 F Order2",8.37577903232053,3.77971282840003,19,2.2159829099678,0.971030939758976
"89","NR1 F Order1 - PR0 F Order2",6.28792416250912,5.23154030875887,19,1.20192597044155,0.999999829685371
"90","NR1 F Order1 - PR1 F Order2",-4.3507063022488,9.98740121747312,19,-0.435619457706092,1
"91","NR1 F Order1 - PR2 F Order2",2.44728599031584,5.94699698990714,19,0.411516265178747,1
"92","NR1 F Order1 - PR3 F Order2",8.43048211704808,4.70618116693596,19,1.79136370190714,0.998581164683289
"93","NR1 F Order1 - PR4 F Order2",2.83402198757734,5.8572013822698,19,0.483852577812356,1
"94","NR1 F Order1 - PR5 F Order2",-3.00952849828401,5.31769174408968,19,-0.565946399888436,1
"95","NR1 F Order1 - PR6 F Order2",8.31075743903166,5.7559533098664,19,1.44385421347772,0.999981046762844
"96","NR1 F Order1 - NR0 M Order2",7.88102442221256,3.7794792901773,19,2.08521434227593,0.986225450962222
"97","NR1 F Order1 - NR1 M Order2",8.08436481054985,5.11527601346304,19,1.58043569677812,0.999864286289505
"98","NR1 F Order1 - NR2 M Order2",8.26485894313366,3.77853769715323,19,2.18731678907437,0.975101979693417
"99","NR1 F Order1 - NR3 M Order2",8.08062348074684,3.7888513440541,19,2.13273700838854,0.981661974463525
"100","NR1 F Order1 - NR4 M Order2",8.24272280720184,3.77881864061134,19,2.18129621745179,0.975900335964415
"101","NR1 F Order1 - NR5 M Order2",8.30907568962001,3.77965679639671,19,2.19836777178853,0.973586002037439
"102","NR1 F Order1 - NR6 M Order2",8.21651701544297,3.77971282840003,19,2.17384690014163,0.976861707275188
"103","NR1 F Order1 - PR0 M Order2",8.53862932166039,5.23154030875887,19,1.63214441975428,0.999741303034282
"104","NR1 F Order1 - PR1 M Order2",-6.73218590600053,9.98740121747312,19,-0.674067834004953,1
"105","NR1 F Order1 - PR2 M Order2",8.1461995362668,5.94699698990714,19,1.36980051445999,0.99999459389159
"106","NR1 F Order1 - PR3 M Order2",8.59467364303561,4.70618116693596,19,1.82625218583145,0.99804066619089
"107","NR1 F Order1 - PR4 M Order2",1.94186738547394,5.8572013822698,19,0.331535021375929,1
"108","NR1 F Order1 - PR5 M Order2",8.44885006324035,5.31769174408968,19,1.58881907222824,0.999848804612067
"109","NR1 F Order1 - PR6 M Order2",1.29690903825554,5.75595330986641,19,0.225316115061683,1
"110","NR2 F Order1 - NR3 F Order1",-0.100797475800984,0.300191285322447,19,-0.335777488319536,1
"111","NR2 F Order1 - NR4 F Order1",-0.0332048038832246,0.0792982637482185,19,-0.41873305055775,1
"112","NR2 F Order1 - NR5 F Order1",-0.133574572463305,0.108725289845098,19,-1.22855108184682,0.99999968549806
"113","NR2 F Order1 - NR6 F Order1",-0.151515350570056,0.107762449751123,19,-1.40601249247749,0.999989833071131
"114","NR2 F Order1 - PR0 F Order1",-8.19146423211832,3.9725257855604,19,-2.06202921624655,0.988105535808013
"115","NR2 F Order1 - PR1 F Order1",-6.68056134967232,10.1615230175248,19,-0.657437013934908,1
"116","NR2 F Order1 - PR2 F Order1",-8.03468349585808,5.03521431371486,19,-1.5956984142608,0.999834957192386
"117","NR2 F Order1 - PR3 F Order1",-6.69345049970787,3.07872341826374,19,-2.17409932311577,0.97682960505659
"118","NR2 F Order1 - PR4 F Order1",0.0343870877239704,4.93394250275823,19,0.0069694950244651,1
"119","NR2 F Order1 - PR5 F Order1",0.00898303748175674,4.08774522514948,19,0.0021975531709974,1
"120","NR2 F Order1 - PR6 F Order1",-5.77345482786723,4.79967926539855,19,-1.20288346546169,0.999999825804806
"121","NR2 F Order1 - NR0 M Order1",-0.0440602653910039,0.134245397524071,19,-0.328206897246542,1
"122","NR2 F Order1 - NR1 M Order1",0.0165113150707418,3.44958067245681,19,0.00478647019406635,1
"123","NR2 F Order1 - NR2 M Order1",0.0904228182887153,0.104428208283275,19,0.865884991949989,1
"124","NR2 F Order1 - NR3 M Order1",0.0443809715933741,0.298249273624984,19,0.148804961212339,1
"125","NR2 F Order1 - NR4 M Order1",0.0550018256845884,0.114142194253322,19,0.481871108614924,1
"126","NR2 F Order1 - NR5 M Order1",0.0835457609754339,0.139153226427155,19,0.600386804679439,1
"127","NR2 F Order1 - NR6 M Order1",-0.125115348747,0.140666936587874,19,-0.889443900477925,1
"128","NR2 F Order1 - PR0 M Order1",-0.196238344274929,3.61974752214103,19,-0.0542132684875371,1
"129","NR2 F Order1 - PR1 M Order1",-0.0430993899398,9.24563362894403,19,-0.00466159396635345,1
"130","NR2 F Order1 - PR2 M Order1",0.143515068918504,4.59350969519406,19,0.0312430099077958,1
"131","NR2 F Order1 - PR3 M Order1",0.02522540829507,2.80743642811373,19,0.008985210864425,1
"132","NR2 F Order1 - PR4 M Order1",-0.113737726706023,4.47664675335686,19,-0.0254069023026522,1
"133","NR2 F Order1 - PR5 M Order1",0.0252191910481316,3.74318094767496,19,0.00673736893852173,1
"134","NR2 F Order1 - PR6 M Order1",0.0197070911071133,4.34333473580373,19,0.00453731805302972,1
"135","NR2 F Order1 - NR0 F Order2",-0.0110399155775737,0.134245397524071,19,-0.0822368273414679,1
"136","NR2 F Order1 - NR1 F Order2",-0.120265796811981,3.44958067245681,19,-0.0348638887538545,1
"137","NR2 F Order1 - NR2 F Order2",0.101229925273068,0.104428208283275,19,0.969373380403782,1
"138","NR2 F Order1 - NR3 F Order2",-0.714451924363244,0.298249273624984,19,-2.39548588226099,0.934136499555095
"139","NR2 F Order1 - NR4 F Order2",-0.175445774176205,0.114142194253322,19,-1.5370807905342,0.999924090654402
"140","NR2 F Order1 - NR5 F Order2",-0.0767300104305524,0.139153226427155,19,-0.551406621324155,1
"141","NR2 F Order1 - NR6 F Order2",-0.0409809015349648,0.140666936587874,19,-0.29133286420412,1
"142","NR2 F Order1 - PR0 F Order2",-2.12883577134637,3.61974752214103,19,-0.588117198319732,1
"143","NR2 F Order1 - PR1 F Order2",-12.7674662361043,9.24563362894403,19,-1.38091846903115,0.999993411673456
"144","NR2 F Order1 - PR2 F Order2",-5.96947394353966,4.59350969519406,19,-1.29954530188217,0.999998575693797
"145","NR2 F Order1 - PR3 F Order2",0.013722183192586,2.80743642811373,19,0.0048877983683519,1
"146","NR2 F Order1 - PR4 F Order2",-5.58273794627815,4.47664675335686,19,-1.24708029332265,0.999999525513873
"147","NR2 F Order1 - PR5 F Order2",-11.4262884321395,3.74318094767496,19,-3.0525610682104,0.631460830775564
"148","NR2 F Order1 - PR6 F Order2",-0.106002494823835,4.34333473580373,19,-0.0244057852483754,1
"149","NR2 F Order1 - NR0 M Order2",-0.535735511642931,0.134245397524071,19,-3.99071790559428,0.187669670568658
"150","NR2 F Order1 - NR1 M Order2",-0.332395123305643,3.44958067245681,19,-0.0963581243249806,1
"151","NR2 F Order1 - NR2 M Order2",-0.151900990721835,0.104428208283275,19,-1.45459730870594,0.999977529074962
"152","NR2 F Order1 - NR3 M Order2",-0.336136453108657,0.298249273624984,19,-1.12703192541991,1
"153","NR2 F Order1 - NR4 M Order2",-0.174037126653652,0.114142194253322,19,-1.52473962667479,0.999936117664304
"154","NR2 F Order1 - NR5 M Order2",-0.107684244235488,0.139153226427155,19,-0.77385373663513,1
"155","NR2 F Order1 - NR6 M Order2",-0.200242918412527,0.140666936587874,19,-1.42352512445194,0.999986374398983
"156","NR2 F Order1 - PR0 M Order2",0.121869387804902,3.61974752214103,19,0.0336679249200281,1
"157","NR2 F Order1 - PR1 M Order2",-15.148945839856,9.24563362894403,19,-1.63849731103678,0.999720912438046
"158","NR2 F Order1 - PR2 M Order2",-0.270560397588693,4.59350969519406,19,-0.0589005826790278,1
"159","NR2 F Order1 - PR3 M Order2",0.177913709180121,2.80743642811373,19,0.0633723020042374,1
"160","NR2 F Order1 - PR4 M Order2",-6.47489254838155,4.47664675335686,19,-1.44637111327274,0.999980270494305
"161","NR2 F Order1 - PR5 M Order2",0.0320901293848583,3.74318094767496,19,0.00857295702062995,1
"162","NR2 F Order1 - PR6 M Order2",-7.11985089559996,4.34333473580373,19,-1.63925907826269,0.999718375497465
"163","NR3 F Order1 - NR4 F Order1",0.0675926719177598,0.33729616711429,19,0.200395612247964,1
"164","NR3 F Order1 - NR5 F Order1",-0.0327770966623203,0.308624731757197,19,-0.106203726693255,1
"165","NR3 F Order1 - NR6 F Order1",-0.0507178747690719,0.352347880165891,19,-0.143942613604467,1
"166","NR3 F Order1 - PR0 F Order1",-8.09066675631734,3.90228908492758,19,-2.07331301711275,0.987217260306643
"167","NR3 F Order1 - PR1 F Order1",-6.57976387387133,10.229281568544,19,-0.643228346954951,1
"168","NR3 F Order1 - PR2 F Order1",-7.93388602005709,4.89102710797254,19,-1.6221308622732,0.999770798695272
"169","NR3 F Order1 - PR3 F Order1",-6.59265302390688,3.14277098455261,19,-2.09771983269261,0.985120308126315
"170","NR3 F Order1 - PR4 F Order1",0.135184563524955,4.97073998350284,19,0.0271960641621997,1
"171","NR3 F Order1 - PR5 F Order1",0.109780513282741,3.95113614809427,19,0.0277845432726207,1
"172","NR3 F Order1 - PR6 F Order1",-5.67265735206624,4.79126789451008,19,-1.18395745697419,0.999999889153045
"173","NR3 F Order1 - NR0 M Order1",0.0567372104099804,0.3341836037203,19,0.169778558188832,1
"174","NR3 F Order1 - NR1 M Order1",0.117308790871726,3.46312917316502,19,0.0338736399960835,1
"175","NR3 F Order1 - NR2 M Order1",0.1912202940897,0.323360642200541,19,0.591353025490064,1
"176","NR3 F Order1 - NR3 M Order1",0.145178447394358,0.42732830874741,19,0.339735150755416,1
"177","NR3 F Order1 - NR4 M Order1",0.155799301485573,0.326627149435031,19,0.476994339738934,1
"178","NR3 F Order1 - NR5 M Order1",0.184343236776418,0.336185179126293,19,0.54833838081591,1
"179","NR3 F Order1 - NR6 M Order1",-0.0243178729460156,0.336814550291563,19,-0.0721995915110106,1
"180","NR3 F Order1 - PR0 M Order1",-0.0954408684739444,3.63266141806324,19,-0.0262729876226199,1
"181","NR3 F Order1 - PR1 M Order1",0.0576980858611843,9.25069716588431,19,0.00623716081356217,1
"182","NR3 F Order1 - PR2 M Order1",0.244312544719488,4.60369288442234,19,0.0530688190661406,1
"183","NR3 F Order1 - PR3 M Order1",0.126022884096054,2.82406730658797,19,0.0446246035999456,1
"184","NR3 F Order1 - PR4 M Order1",-0.0129402509050386,4.48709516375345,19,-0.0028838815386777,1
"185","NR3 F Order1 - PR5 M Order1",0.126016666849116,3.75567044098333,19,0.0335537073418299,1
"186","NR3 F Order1 - PR6 M Order1",0.120504566908098,4.35410306279931,19,0.0276760942885499,1
"187","NR3 F Order1 - NR0 F Order2",0.0897575602234106,0.3341836037203,19,0.268587564512993,1
"188","NR3 F Order1 - NR1 F Order2",-0.0194683210109964,3.46312917316502,19,-0.0056215982822275,1
"189","NR3 F Order1 - NR2 F Order2",0.202027401074053,0.323360642200541,19,0.62477424493968,1
"190","NR3 F Order1 - NR3 F Order2",-0.61365444856226,0.42732830874741,19,-1.43602573478226,0.999983288197508
"191","NR3 F Order1 - NR4 F Order2",-0.074648298375221,0.326627149435031,19,-0.228542846191263,1
"192","NR3 F Order1 - NR5 F Order2",0.0240674653704319,0.336185179126293,19,0.0715899059946082,1
"193","NR3 F Order1 - NR6 F Order2",0.0598165742660195,0.336814550291563,19,0.177594982800593,1
"194","NR3 F Order1 - PR0 F Order2",-2.02803829554539,3.63266141806324,19,-0.558278920645086,1
"195","NR3 F Order1 - PR1 F Order2",-12.6666687603033,9.25069716588431,19,-1.36926639507958,0.999994645482038
"196","NR3 F Order1 - PR2 F Order2",-5.86867646773867,4.60369288442234,19,-1.27477584084653,0.999999142394693
"197","NR3 F Order1 - PR3 F Order2",0.11451965899357,2.82406730658797,19,0.0405513206878672,1
"198","NR3 F Order1 - PR4 F Order2",-5.48194047047717,4.48709516375345,19,-1.22171254908076,0.999999730647497
"199","NR3 F Order1 - PR5 F Order2",-11.3254909563385,3.75567044098333,19,-3.01557102368472,0.652911317206625
"200","NR3 F Order1 - PR6 F Order2",-0.00520501902285074,4.35410306279931,19,-0.00119542852977494,1
"201","NR3 F Order1 - NR0 M Order2",-0.434938035841947,0.3341836037203,19,-1.3014942414888,0.999998518956808
"202","NR3 F Order1 - NR1 M Order2",-0.231597647504659,3.46312917316502,19,-0.0668752552746963,1
"203","NR3 F Order1 - NR2 M Order2",-0.0511035149208511,0.323360642200541,19,-0.158038759983529,1
"204","NR3 F Order1 - NR3 M Order2",-0.235338977307672,0.42732830874741,19,-0.550721710896011,1
"205","NR3 F Order1 - NR4 M Order2",-0.0732396508526673,0.326627149435031,19,-0.224230138184625,1
"206","NR3 F Order1 - NR5 M Order2",-0.00688676843450366,0.336185179126293,19,-0.0204850447375508,1
"207","NR3 F Order1 - NR6 M Order2",-0.0994454426115426,0.336814550291563,19,-0.295252810561354,1
"208","NR3 F Order1 - PR0 M Order2",0.222666863605886,3.63266141806324,19,0.0612957933537889,1
"209","NR3 F Order1 - PR1 M Order2",-15.048148364055,9.25069716588431,19,-1.62670424663248,0.999757715058183
"210","NR3 F Order1 - PR2 M Order2",-0.169762921787709,4.60369288442234,19,-0.0368753794072887,1
"211","NR3 F Order1 - PR3 M Order2",0.278711184981105,2.82406730658797,19,0.098691410197954,1
"212","NR3 F Order1 - PR4 M Order2",-6.37409507258057,4.48709516375345,19,-1.42053931106035,0.999987030635238
"213","NR3 F Order1 - PR5 M Order2",0.132887605185843,3.75567044098333,19,0.0353831911702693,1
"214","NR3 F Order1 - PR6 M Order2",-7.01905341979897,4.35410306279931,19,-1.61205495565057,0.9997974555462
"215","NR4 F Order1 - NR5 F Order1",-0.10036976858008,0.136532702502245,19,-0.735133537537864,1
"216","NR4 F Order1 - NR6 F Order1",-0.118310546686832,0.102092534929526,19,-1.15885600027956,0.999999940489973
"217","NR4 F Order1 - PR0 F Order1",-8.1582594282351,3.98754428052309,19,-2.04593575752465,0.98928828827636
"218","NR4 F Order1 - PR1 F Order1",-6.64735654578909,10.1427846440126,19,-0.655377865063233,1
"219","NR4 F Order1 - PR2 F Order1",-8.00147869197485,5.03687927671784,19,-1.5885786123484,0.999849269504934
"220","NR4 F Order1 - PR3 F Order1",-6.66024569582464,3.09266356021144,19,-2.1535629615558,0.979334819227211
"221","NR4 F Order1 - PR4 F Order1",0.0675918916071949,4.91712719705091,19,0.0137462158082333,1
"222","NR4 F Order1 - PR5 F Order1",0.0421878413649813,4.10050245512636,19,0.010288456555425,1
"223","NR4 F Order1 - PR6 F Order1",-5.740250023984,4.77750123002033,19,-1.20151722576523,0.999999831317342
"224","NR4 F Order1 - NR0 M Order1",-0.0108554615077793,0.14342124858209,19,-0.0756893529731477,1
"225","NR4 F Order1 - NR1 M Order1",0.0497161189539664,3.44994994798127,19,0.0144106783297125,1
"226","NR4 F Order1 - NR2 M Order1",0.12362762217194,0.115987406530644,19,1.06587107919581,1
"227","NR4 F Order1 - NR3 M Order1",0.0775857754765986,0.30249042465222,19,0.256490021347951,1
"228","NR4 F Order1 - NR4 M Order1",0.088206629567813,0.124804920966334,19,0.706756022798224,1
"229","NR4 F Order1 - NR5 M Order1",0.116750564858658,0.148025160744843,19,0.788721081410652,1
"230","NR4 F Order1 - NR6 M Order1",-0.0919105448637753,0.149449037592976,19,-0.614995896555007,1
"231","NR4 F Order1 - PR0 M Order1",-0.163033540391704,3.62009943949535,19,-0.045035652505289,1
"232","NR4 F Order1 - PR1 M Order1",-0.00989458605657548,9.24577141337862,19,-0.00107017420333992,1
"233","NR4 F Order1 - PR2 M Order1",0.176719872801729,4.59378701591946,19,0.0384693221930659,1
"234","NR4 F Order1 - PR3 M Order1",0.0584302121782945,2.80789015555958,19,0.0208092941465689,1
"235","NR4 F Order1 - PR4 M Order1",-0.0805329228227983,4.47693131309035,19,-0.0179884204583,1
"236","NR4 F Order1 - PR5 M Order1",0.0584239949313562,3.74352126143625,19,0.0156066951010026,1
"237","NR4 F Order1 - PR6 M Order1",0.0529118949903379,4.34362802908211,19,0.0121814977332484,1
"238","NR4 F Order1 - NR0 F Order2",0.0221648883056508,0.143421248582089,19,0.154543964194848,1
"239","NR4 F Order1 - NR1 F Order2",-0.0870609929287562,3.44994994798127,19,-0.0252354365255935,1
"240","NR4 F Order1 - NR2 F Order2",0.134434729156293,0.115987406530644,19,1.15904591004693,0.999999940203339
"241","NR4 F Order1 - NR3 F Order2",-0.681247120480019,0.30249042465222,19,-2.2521278855794,0.965232758799123
"242","NR4 F Order1 - NR4 F Order2",-0.142240970292981,0.124804920966334,19,-1.13970642496821,1
"243","NR4 F Order1 - NR5 F Order2",-0.0435252065473279,0.148025160744843,19,-0.294039245276375,1
"244","NR4 F Order1 - NR6 F Order2",-0.00777609765174022,0.149449037592976,19,-0.0520317679991917,1
"245","NR4 F Order1 - PR0 F Order2",-2.09563096746315,3.62009943949535,19,-0.578887680432139,1
"246","NR4 F Order1 - PR1 F Order2",-12.7342614322211,9.24577141337862,19,-1.37730653970037,0.999993819312914
"247","NR4 F Order1 - PR2 F Order2",-5.93626913965643,4.59378701591946,19,-1.29223865170168,0.999998771071453
"248","NR4 F Order1 - PR3 F Order2",0.0469269870758105,2.80789015555958,19,0.0167125437520751,1
"249","NR4 F Order1 - PR4 F Order2",-5.54953314239493,4.47693131309035,19,-1.23958416028594,0.999999597633586
"250","NR4 F Order1 - PR5 F Order2",-11.3930836282563,3.74352126143625,19,-3.04341362920033,0.63677679057435
"251","NR4 F Order1 - PR6 F Order2",-0.0727976909406105,4.34362802908211,19,-0.016759651253101,1
"252","NR4 F Order1 - NR0 M Order2",-0.502530707759706,0.14342124858209,19,-3.50387904670956,0.380929433457629
"253","NR4 F Order1 - NR1 M Order2",-0.299190319422419,3.44994994798127,19,-0.0867230898806195,1
"254","NR4 F Order1 - NR2 M Order2",-0.118696186838611,0.115987406530644,19,-1.02335408980156,1
"255","NR4 F Order1 - NR3 M Order2",-0.302931649225432,0.30249042465222,19,-1.0014586398023,1
"256","NR4 F Order1 - NR4 M Order2",-0.140832322770427,0.124804920966334,19,-1.12841963025173,1
"257","NR4 F Order1 - NR5 M Order2",-0.0744794403522634,0.148025160744843,19,-0.503153923140448,1
"258","NR4 F Order1 - NR6 M Order2",-0.167038114529302,0.149449037592976,19,-1.11769280832862,1
"259","NR4 F Order1 - PR0 M Order2",0.155074191688126,3.62009943949535,19,0.0428369977896916,1
"260","NR4 F Order1 - PR1 M Order2",-15.1157410359728,9.24577141337862,19,-1.63488154315608,0.99973268354429
"261","NR4 F Order1 - PR2 M Order2",-0.237355593705469,4.59378701591946,19,-0.0516688285466715,1
"262","NR4 F Order1 - PR3 M Order2",0.211118513063345,2.80789015555958,19,0.0751875968671116,1
"263","NR4 F Order1 - PR4 M Order2",-6.44168774449833,4.47693131309035,19,-1.43886231304535,0.999982505329969
"264","NR4 F Order1 - PR5 M Order2",0.0652949332680829,3.74352126143625,19,0.0174421163145823,1
"265","NR4 F Order1 - PR6 M Order2",-7.08664609171673,4.34362802908211,19,-1.63150390509251,0.999743284589205
"266","NR5 F Order1 - NR6 F Order1",-0.0179407781067515,0.12723740971325,19,-0.141002384025139,1
"267","NR5 F Order1 - PR0 F Order1",-8.05788965965502,3.93064367672981,19,-2.0500178399175,0.988997408833508
"268","NR5 F Order1 - PR1 F Order1",-6.54698677720901,10.1757661937679,19,-0.643390055602758,1
"269","NR5 F Order1 - PR2 F Order1",-7.90110892339477,5.04418260137138,19,-1.5663804322323,0.999887116535317
"270","NR5 F Order1 - PR3 F Order1",-6.55987592724456,3.11882981995635,19,-2.10331319947953,0.984604484740518
"271","NR5 F Order1 - PR4 F Order1",0.167961660187275,4.90908779871348,19,0.0342144339384789,1
"272","NR5 F Order1 - PR5 F Order1",0.142557609945061,4.07762972241687,19,0.0349609012219396,1
"273","NR5 F Order1 - PR6 F Order1",-5.63988025540392,4.78440134324544,19,-1.17880584231635,0.999999902229914
"274","NR5 F Order1 - NR0 M Order1",0.0895143070723007,0.167844780807132,19,0.533315999710235,1
"275","NR5 F Order1 - NR1 M Order1",0.150085887534046,3.45105155850725,19,0.0434899001042354,1
"276","NR5 F Order1 - NR2 M Order1",0.22399739075202,0.145104425752812,19,1.54369785476842,0.999916844837415
"277","NR5 F Order1 - NR3 M Order1",0.177955544056679,0.314805770127597,19,0.565286792502406,1
"278","NR5 F Order1 - NR4 M Order1",0.188576398147893,0.152244816649899,19,1.23863920163234,0.999999605965064
"279","NR5 F Order1 - NR5 M Order1",0.217120333438739,0.171795413538561,19,1.2638307913267,0.999999319100685
"280","NR5 F Order1 - NR6 M Order1",0.00845922371630473,0.173023786621422,19,0.0488905247161976,1
"281","NR5 F Order1 - PR0 M Order1",-0.0626637718116241,3.62114928824177,19,-0.0173049401788265,1
"282","NR5 F Order1 - PR1 M Order1",0.0904751825235046,9.24618252276844,19,0.00978513914263667,1
"283","NR5 F Order1 - PR2 M Order1",0.277089641381809,4.59461438681524,19,0.0603074856895387,1
"284","NR5 F Order1 - PR3 M Order1",0.158799980758375,2.80924355326977,19,0.0565276658100869,1
"285","NR5 F Order1 - PR4 M Order1",0.0198368457572818,4.4777802757648,19,0.00443006233795017,1
"286","NR5 F Order1 - PR5 M Order1",0.158793763511436,3.74453650679555,19,0.042406787388308,1
"287","NR5 F Order1 - PR6 M Order1",0.153281663570418,4.34450304073171,19,0.0352817484838501,1
"288","NR5 F Order1 - NR0 F Order2",0.122534656885731,0.167844780807132,19,0.730047465857958,1
"289","NR5 F Order1 - NR1 F Order2",0.0133087756513239,3.45105155850725,19,0.00385644068936501,1
"290","NR5 F Order1 - NR2 F Order2",0.234804497736373,0.145104425752812,19,1.6181759895895,0.999781608919915
"291","NR5 F Order1 - NR3 F Order2",-0.580877351899939,0.314805770127597,19,-1.84519283640989,0.997681060009987
"292","NR5 F Order1 - NR4 F Order2",-0.0418712017129007,0.152244816649899,19,-0.275025466444531,1
"293","NR5 F Order1 - NR5 F Order2",0.0568445620327522,0.171795413538561,19,0.330885213184069,1
"294","NR5 F Order1 - NR6 F Order2",0.0925936709283399,0.173023786621422,19,0.535149950977179,1
"295","NR5 F Order1 - PR0 F Order2",-1.99526119888307,3.62114928824177,19,-0.551002192967265,1
"296","NR5 F Order1 - PR1 F Order2",-12.633891663641,9.24618252276844,19,-1.36639003529623,0.999994915670751
"297","NR5 F Order1 - PR2 F Order2",-5.83589937107635,4.59461438681524,19,-1.27016086220927,0.999999221511707
"298","NR5 F Order1 - PR3 F Order2",0.147296755655891,2.80924355326977,19,0.0524328890901777,1
"299","NR5 F Order1 - PR4 F Order2",-5.44916337381485,4.4777802757648,19,-1.21693406961201,0.999999758542388
"300","NR5 F Order1 - PR5 F Order2",-11.2927138596762,3.74453650679555,19,-3.01578415357476,0.652788125648717
"301","NR5 F Order1 - PR6 F Order2",0.0275720776394696,4.34450304073171,19,0.00634642843634098,1
"302","NR5 F Order1 - NR0 M Order2",-0.402160939179626,0.167844780807132,19,-2.3960288621768,0.93399251354067
"303","NR5 F Order1 - NR1 M Order2",-0.198820550842338,3.45105155850725,19,-0.0576115851854552,1
"304","NR5 F Order1 - NR2 M Order2",-0.0183264182585308,0.145104425752812,19,-0.126298134350155,1
"305","NR5 F Order1 - NR3 M Order2",-0.202561880645352,0.314805770127597,19,-0.643450342613638,1
"306","NR5 F Order1 - NR4 M Order2",-0.040462554190347,0.152244816649899,19,-0.265772950966168,1
"307","NR5 F Order1 - NR5 M Order2",0.0258903282278167,0.171795413538561,19,0.1507044204181,1
"308","NR5 F Order1 - NR6 M Order2",-0.0666683459492223,0.173023786621422,19,-0.38531318295035,1
"309","NR5 F Order1 - PR0 M Order2",0.255443960268206,3.62114928824177,19,0.0705422339525349,1
"310","NR5 F Order1 - PR1 M Order2",-15.0153712673927,9.24618252276844,19,-1.62395358629551,0.999765660422656
"311","NR5 F Order1 - PR2 M Order2",-0.136985825125389,4.59461438681524,19,-0.0298144335068651,1
"312","NR5 F Order1 - PR3 M Order2",0.311488281643425,2.80924355326977,19,0.110879770919426,1
"313","NR5 F Order1 - PR4 M Order2",-6.34131797591825,4.4777802757648,19,-1.41617444032248,0.99998793852923
"314","NR5 F Order1 - PR5 M Order2",0.165664701848163,3.74453650679555,19,0.0442417109694394,1
"315","NR5 F Order1 - PR6 M Order2",-6.98627632313665,4.34450304073171,19,-1.60807260522944,0.999807216171596
"316","NR6 F Order1 - PR0 F Order1",-8.03994888154826,3.96389882648996,19,-2.0282931612227,0.990476751105145
"317","NR6 F Order1 - PR1 F Order1",-6.52904599910226,10.1486355591735,19,-0.643342246456035,1
"318","NR6 F Order1 - PR2 F Order1",-7.88316814528802,5.06709968171835,19,-1.55575548942323,0.999902047070082
"319","NR6 F Order1 - PR3 F Order1",-6.54193514913781,3.10038218329762,19,-2.11004152468058,0.983965949680663
"320","NR6 F Order1 - PR4 F Order1",0.185902438294027,4.94646511919623,19,0.0375828867310874,1
"321","NR6 F Order1 - PR5 F Order1",0.160498388051813,4.13217300055261,19,0.0388411588842841,1
"322","NR6 F Order1 - PR6 F Order1",-5.62193947729717,4.80694347563344,19,-1.16954557626795,0.999999922192783
"323","NR6 F Order1 - NR0 M Order1",0.107455085179052,0.16935214906493,19,0.634506770491905,1
"324","NR6 F Order1 - NR1 M Order1",0.168026665640798,3.4511251990364,19,0.048687502176888,1
"325","NR6 F Order1 - NR2 M Order1",0.241938168858772,0.14684540960401,19,1.64757052679544,0.999689357856578
"326","NR6 F Order1 - NR3 M Order1",0.19589632216343,0.315612029007681,19,0.620687122665603,1
"327","NR6 F Order1 - NR4 M Order1",0.206517176254645,0.153905049122755,19,1.34184796036111,0.999996762958321
"328","NR6 F Order1 - NR5 M Order1",0.23506111154549,0.17326841622639,19,1.35662988480464,0.999995742416872
"329","NR6 F Order1 - NR6 M Order1",0.0264000018230563,0.174486419773951,19,0.151301183537709,1
"330","NR6 F Order1 - PR0 M Order1",-0.0447229937048726,3.62121946969286,19,-0.0123502577182006,1
"331","NR6 F Order1 - PR1 M Order1",0.108415960630256,9.24621000866287,19,0.0117254486463838,1
"332","NR6 F Order1 - PR2 M Order1",0.29503041948856,4.59466969906198,19,0.0642114534476312,1
"333","NR6 F Order1 - PR3 M Order1",0.176740758865126,2.80933401743838,19,0.0629119776317245,1
"334","NR6 F Order1 - PR4 M Order1",0.0377776238640333,4.47783703119899,19,0.00843657855362323,1
"335","NR6 F Order1 - PR5 M Order1",0.176734541618188,3.7446043757216,19,0.0471971198784199,1
"336","NR6 F Order1 - PR6 M Order1",0.17122244167717,4.34456153724122,19,0.0394107530091276,1
"337","NR6 F Order1 - NR0 F Order2",0.140475434992482,0.16935214906493,19,0.829487170774692,1
"338","NR6 F Order1 - NR1 F Order2",0.0312495537580755,3.4511251990364,19,0.00905488846559398,1
"339","NR6 F Order1 - NR2 F Order2",0.252745275843125,0.14684540960401,19,1.72116565662276,0.999296436127236
"340","NR6 F Order1 - NR3 F Order2",-0.562936573793188,0.315612029007681,19,-1.783634722552,0.998682038792466
"341","NR6 F Order1 - NR4 F Order2",-0.0239304236061491,0.153905049122755,19,-0.155488229545102,1
"342","NR6 F Order1 - NR5 F Order2",0.0747853401395037,0.17326841622639,19,0.431615534834637,1
"343","NR6 F Order1 - NR6 F Order2",0.110534449035091,0.174486419773951,19,0.633484538099239,1
"344","NR6 F Order1 - PR0 F Order2",-1.97732042077632,3.62121946969286,19,-0.546037167127026,1
"345","NR6 F Order1 - PR1 F Order2",-12.6159508855342,9.24621000866287,19,-1.36444563488329,0.999995091207105
"346","NR6 F Order1 - PR2 F Order2",-5.8179585929696,4.59466969906198,19,-1.26624087780616,0.999999283364095
"347","NR6 F Order1 - PR3 F Order2",0.165237533762642,2.80933401743838,19,0.0588173327688922,1
"348","NR6 F Order1 - PR4 F Order2",-5.4312225957081,4.47783703119899,19,-1.21291207291969,0.999999779917718
"349","NR6 F Order1 - PR5 F Order2",-11.2747730815694,3.74460437572159,19,-3.01093839303031,0.655587652728877
"350","NR6 F Order1 - PR6 F Order2",0.0455128557462211,4.34456153724122,19,0.0104758225556454,1
"351","NR6 F Order1 - NR0 M Order2",-0.384220161072875,0.16935214906493,19,-2.26876460201024,0.962302799488297
"352","NR6 F Order1 - NR1 M Order2",-0.180879772735587,3.4511251990364,19,-0.0524118257970156,1
"353","NR6 F Order1 - NR2 M Order2",-0.000385640151779243,0.14684540960401,19,-0.00262616416011354,1
"354","NR6 F Order1 - NR3 M Order2",-0.1846211025386,0.315612029007681,19,-0.584962186387729,1
"355","NR6 F Order1 - NR4 M Order2",-0.0225217760835954,0.153905049122755,19,-0.14633552448063,1
"356","NR6 F Order1 - NR5 M Order2",0.0438311063345682,0.17326841622639,19,0.252966508779645,1
"357","NR6 F Order1 - NR6 M Order2",-0.0487275678424707,0.174486419773951,19,-0.279262809710909,1
"358","NR6 F Order1 - PR0 M Order2",0.273384738374958,3.62121946969286,19,0.0754952138811254,1
"359","NR6 F Order1 - PR1 M Order2",-14.997430489286,9.24621000866287,19,-1.62200842023215,0.999771140290357
"360","NR6 F Order1 - PR2 M Order2",-0.119045047018637,4.59466969906198,19,-0.025909380829473,1
"361","NR6 F Order1 - PR3 M Order2",0.329429059750177,2.80933401743838,19,0.117262332533373,1
"362","NR6 F Order1 - PR4 M Order2",-6.3233771978115,4.47783703119899,19,-1.41214991830963,0.999988724174653
"363","NR6 F Order1 - PR5 M Order2",0.183605479954914,3.7446043757216,19,0.0490320102025553,1
"364","NR6 F Order1 - PR6 M Order2",-6.9683355450299,4.34456153724122,19,-1.60392147407694,0.999816947811183
"365","PR0 F Order1 - PR1 F Order1",1.510902882446,11.3199624198378,19,0.133472429183881,1
"366","PR0 F Order1 - PR2 F Order1",0.156780736260244,7.03791059263878,19,0.0222766024371249,1
"367","PR0 F Order1 - PR3 F Order1",1.49801373241045,5.56063808398756,19,0.269396013512215,1
"368","PR0 F Order1 - PR4 F Order1",8.22585131984229,6.43050845310687,19,1.27919143250142,0.999999059815577
"369","PR0 F Order1 - PR5 F Order1",8.20044726960008,5.9714297389775,19,1.37328037472718,0.99999424652429
"370","PR0 F Order1 - PR6 F Order1",2.41800940425109,6.58632137468389,19,0.367125936724754,1
"371","PR0 F Order1 - NR0 M Order1",8.14740396672732,3.96585704164805,19,2.05438670157954,0.988679293081375
"372","PR0 F Order1 - NR1 M Order1",8.20797554718906,5.25448447174607,19,1.56208960009764,0.999893372930132
"373","PR0 F Order1 - NR2 M Order1",8.28188705040704,3.96495970959583,19,2.08876953537852,0.985917935056838
"374","PR0 F Order1 - NR3 M Order1",8.23584520371169,3.97478966452954,19,2.07202038316825,0.987321553589962
"375","PR0 F Order1 - NR4 M Order1",8.24646605780291,3.96522744474286,19,2.07969559696662,0.986692500513758
"376","PR0 F Order1 - NR5 M Order1",8.27500999309375,3.96602620622433,19,2.08647385640238,0.986117105212877
"377","PR0 F Order1 - NR6 M Order1",8.06634888337132,3.96607960523765,19,2.03383433673868,0.990115278538416
"378","PR0 F Order1 - PR0 M Order1",7.99522588784339,5.36773437979928,19,1.48949730410139,0.999961672998789
"379","PR0 F Order1 - PR1 M Order1",8.14836484217852,10.0594105915155,19,0.810024083225232,1
"380","PR0 F Order1 - PR2 M Order1",8.33497930103682,6.06715184974588,19,1.37378781798348,0.999994194204531
"381","PR0 F Order1 - PR3 M Order1",8.21668964041339,4.85712873474988,19,1.6916763151917,0.999487534196347
"382","PR0 F Order1 - PR4 M Order1",8.0777265054123,5.97916101157792,19,1.35097992674403,0.999996162863792
"383","PR0 F Order1 - PR5 M Order1",8.21668342316645,5.45173402277384,19,1.50716879965942,0.99995031165501
"384","PR0 F Order1 - PR6 M Order1",8.21117132322543,5.88001333971891,19,1.39645453995143,0.999991364306618
"385","PR0 F Order1 - NR0 F Order2",8.18042431654075,3.96585704164805,19,2.06271285894393,0.988053127346486
"386","PR0 F Order1 - NR1 F Order2",8.07119843530634,5.25448447174607,19,1.53605905178825,0.999925157898727
"387","PR0 F Order1 - NR2 F Order2",8.29269415739139,3.96495970959583,19,2.09149518904864,0.985678606489021
"388","PR0 F Order1 - NR3 F Order2",7.47701230775508,3.97478966452954,19,1.88110892369447,0.99684737016213
"389","PR0 F Order1 - NR4 F Order2",8.01601845794212,3.96522744474286,19,2.02157847680839,0.990900702946276
"390","PR0 F Order1 - NR5 F Order2",8.11473422168777,3.96602620622433,19,2.04606167476968,0.989279406820399
"391","PR0 F Order1 - NR6 F Order2",8.15048333058336,3.96607960523765,19,2.05504784115269,0.988630530462184
"392","PR0 F Order1 - PR0 F Order2",6.06262846077195,5.36773437979928,19,1.1294576131762,1
"393","PR0 F Order1 - PR1 F Order2",-4.57600200398598,10.0594105915155,19,-0.45489762669053,1
"394","PR0 F Order1 - PR2 F Order2",2.22199028857866,6.06715184974588,19,0.366232845922875,1
"395","PR0 F Order1 - PR3 F Order2",8.20518641531091,4.85712873474988,19,1.68930799725518,0.999500715134682
"396","PR0 F Order1 - PR4 F Order2",2.60872628584017,5.97916101157792,19,0.436303066732721,1
"397","PR0 F Order1 - PR5 F Order2",-3.23482420002119,5.45173402277384,19,-0.593356936803624,1
"398","PR0 F Order1 - PR6 F Order2",8.08546173729449,5.88001333971891,19,1.37507540717263,0.999994059496178
"399","PR0 F Order1 - NR0 M Order2",7.65572872047539,3.96585704164805,19,1.93040965422545,0.995313169619062
"400","PR0 F Order1 - NR1 M Order2",7.85906910881268,5.25448447174607,19,1.49568795018269,0.99995799021723
"401","PR0 F Order1 - NR2 M Order2",8.03956324139648,3.96495970959583,19,2.02765319958724,0.990517816971822
"402","PR0 F Order1 - NR3 M Order2",7.85532777900966,3.97478966452954,19,1.97628766349815,0.993384599700269
"403","PR0 F Order1 - NR4 M Order2",8.01742710546467,3.96522744474286,19,2.02193372692763,0.990878654070512
"404","PR0 F Order1 - NR5 M Order2",8.08377998788283,3.96602620622433,19,2.03825682623984,0.989819097668308
"405","PR0 F Order1 - NR6 M Order2",7.99122131370579,3.96607960523765,19,2.01489180982462,0.991307904183153
"406","PR0 F Order1 - PR0 M Order2",8.31333361992322,5.36773437979928,19,1.54876024626131,0.999910893790932
"407","PR0 F Order1 - PR1 M Order2",-6.95748160773771,10.0594105915155,19,-0.691639092016577,1
"408","PR0 F Order1 - PR2 M Order2",7.92090383452963,6.06715184974588,19,1.30553907841641,0.999998394534803
"409","PR0 F Order1 - PR3 M Order2",8.36937794129844,4.85712873474988,19,1.72311223324605,0.99928190722449
"410","PR0 F Order1 - PR4 M Order2",1.71657168373677,5.97916101157792,19,0.287092399822121,1
"411","PR0 F Order1 - PR5 M Order2",8.22355436150318,5.45173402277384,19,1.50842912129434,0.99994939655463
"412","PR0 F Order1 - PR6 M Order2",1.07161333651836,5.88001333971891,19,0.182246752618692,1
"413","PR1 F Order1 - PR2 F Order1",-1.35412214618576,11.9216717984201,19,-0.113584920729424,1
"414","PR1 F Order1 - PR3 F Order1",-0.0128891500355517,9.62847352653811,19,-0.00133864937157759,1
"415","PR1 F Order1 - PR4 F Order1",6.71494843739629,12.2106802318349,19,0.549924190127385,1
"416","PR1 F Order1 - PR5 F Order1",6.68954438715407,11.6650910533115,19,0.573466967088531,1
"417","PR1 F Order1 - PR6 F Order1",0.907106521805091,11.9625349949647,19,0.0758289544972626,1
"418","PR1 F Order1 - NR0 M Order1",6.63650108428131,10.1283278465266,19,0.655241534915085,1
"419","PR1 F Order1 - NR1 M Order1",6.69707266474306,10.6988134835485,19,0.625964054335664,1
"420","PR1 F Order1 - NR2 M Order1",6.77098416796103,10.1279765200486,19,0.668542640729635,1
"421","PR1 F Order1 - NR3 M Order1",6.72494232126569,10.1318288462246,19,0.663744169323548,1
"422","PR1 F Order1 - NR4 M Order1",6.73556317535691,10.1280813375723,19,0.665038416542915,1
"423","PR1 F Order1 - NR5 M Order1",6.76410711064775,10.1283940859544,19,0.667836090622493,1
"424","PR1 F Order1 - NR6 M Order1",6.55544600092532,10.1284149957937,19,0.647233155794637,1
"425","PR1 F Order1 - PR0 M Order1",6.48432300539739,10.7548861111597,19,0.602918797872622,1
"426","PR1 F Order1 - PR1 M Order1",6.63746195973252,13.7130136855701,19,0.484026495701452,1
"427","PR1 F Order1 - PR2 M Order1",6.82407641859082,11.1204916464971,19,0.613648805782823,1
"428","PR1 F Order1 - PR3 M Order1",6.70578675796739,10.5093626085444,19,0.638077398958089,1
"429","PR1 F Order1 - PR4 M Order1",6.56682362296629,11.0727308869272,19,0.593062695194669,1
"430","PR1 F Order1 - PR5 M Order1",6.70578054072045,10.7970554665153,19,0.621074936728534,1
"431","PR1 F Order1 - PR6 M Order1",6.70026844077943,11.0195081454305,19,0.608036978815414,1
"432","PR1 F Order1 - NR0 F Order2",6.66952143409474,10.1283278465266,19,0.658501732483112,1
"433","PR1 F Order1 - NR1 F Order2",6.56029555286034,10.6988134835485,19,0.613179729037065,1
"434","PR1 F Order1 - NR2 F Order2",6.78179127494539,10.1279765200486,19,0.669609695630775,1
"435","PR1 F Order1 - NR3 F Order2",5.96610942530907,10.1318288462246,19,0.588848224329433,1
"436","PR1 F Order1 - NR4 F Order2",6.50511557549611,10.1280813375723,19,0.642285084279883,1
"437","PR1 F Order1 - NR5 F Order2",6.60383133924176,10.1283940859544,19,0.652011689434524,1
"438","PR1 F Order1 - NR6 F Order2",6.63958044813735,10.1284149957937,19,0.655539929090062,1
"439","PR1 F Order1 - PR0 F Order2",4.55172557832594,10.7548861111597,19,0.423223968276416,1
"440","PR1 F Order1 - PR1 F Order2",-6.08690488643198,13.71301368557,19,-0.443877985248211,1
"441","PR1 F Order1 - PR2 F Order2",0.711087406132662,11.1204916464971,19,0.0639438820455972,1
"442","PR1 F Order1 - PR3 F Order2",6.6942835328649,10.5093626085444,19,0.636982829712459,1
"443","PR1 F Order1 - PR4 F Order2",1.09782340339416,11.0727308869272,19,0.0991465804240117,1
"444","PR1 F Order1 - PR5 F Order2",-4.74572708246719,10.7970554665153,19,-0.439539011092888,1
"445","PR1 F Order1 - PR6 F Order2",6.57455885484848,11.0195081454305,19,0.59662906620517,1
"446","PR1 F Order1 - NR0 M Order2",6.14482583802939,10.1283278465266,19,0.606696972209155,1
"447","PR1 F Order1 - NR1 M Order2",6.34816622636667,10.6988134835485,19,0.59335235969187,1
"448","PR1 F Order1 - NR2 M Order2",6.52866035895048,10.1279765200486,19,0.644616458778989,1
"449","PR1 F Order1 - NR3 M Order2",6.34442489656366,10.1318288462246,19,0.626187531674282,1
"450","PR1 F Order1 - NR4 M Order2",6.50652422301867,10.1280813375723,19,0.642424167633936,1
"451","PR1 F Order1 - NR5 M Order2",6.57287710543683,10.1283940859544,19,0.648955505646429,1
"452","PR1 F Order1 - NR6 M Order2",6.48031843125979,10.1284149957937,19,0.639815650716427,1
"453","PR1 F Order1 - PR0 M Order2",6.80243073747722,10.7548861111597,19,0.632496770971728,1
"454","PR1 F Order1 - PR1 M Order2",-8.46838449018371,13.7130136855701,19,-0.617543647542249,1
"455","PR1 F Order1 - PR2 M Order2",6.41000095208362,11.1204916464971,19,0.576413449678974,1
"456","PR1 F Order1 - PR3 M Order2",6.85847505885244,10.5093626085444,19,0.652606186913403,1
"457","PR1 F Order1 - PR4 M Order2",0.205668801290763,11.0727308869272,19,0.0185743520176746,1
"458","PR1 F Order1 - PR5 M Order2",6.71265147905718,10.7970554665153,19,0.621711308224266,1
"459","PR1 F Order1 - PR6 M Order2",-0.43928954592764,11.0195081454305,19,-0.0398647144800016,1
"460","PR2 F Order1 - PR3 F Order1",1.34123299615021,6.42178488472716,19,0.208856730679354,1
"461","PR2 F Order1 - PR4 F Order1",8.06907058358205,7.39972687705598,19,1.0904551907992,1
"462","PR2 F Order1 - PR5 F Order1",8.04366653333983,4.70485734714319,19,1.70965152391368,0.999377310246606
"463","PR2 F Order1 - PR6 F Order1",2.26122866799085,5.46079585281723,19,0.414084087546375,1
"464","PR2 F Order1 - NR0 M Order1",7.99062323046707,5.03242815246718,19,1.58782658954597,0.999850715296492
"465","PR2 F Order1 - NR1 M Order1",8.05119481092882,6.09974737991463,19,1.31992266391883,0.999997870046325
"466","PR2 F Order1 - NR2 M Order1",8.12510631414679,5.03172103098662,19,1.61477678593672,0.999790539953759
"467","PR2 F Order1 - NR3 M Order1",8.07906446745145,5.03947059840671,19,1.60315737728597,0.99981869120941
"468","PR2 F Order1 - NR4 M Order1",8.08968532154267,5.03193200704231,19,1.60766983938196,0.9998081799153
"469","PR2 F Order1 - NR5 M Order1",8.11822925683351,5.03256146543814,19,1.61314060694274,0.999794720437869
"470","PR2 F Order1 - NR6 M Order1",7.90956814711108,5.03260354787031,19,1.5716652567354,0.999878965369903
"471","PR2 F Order1 - PR0 M Order1",7.83844515158315,6.19757076660154,19,1.26476089532115,0.999999305506777
"472","PR2 F Order1 - PR1 M Order1",7.99158410591828,10.5256378658801,19,0.759249387804211,1
"473","PR2 F Order1 - PR2 M Order1",8.17819856477658,6.81231550963618,19,1.20050202507625,0.999999835307434
"474","PR2 F Order1 - PR3 M Order1",8.05990890415315,5.76099041666342,19,1.3990491775234,0.999990970842701
"475","PR2 F Order1 - PR4 M Order1",7.92094576915205,6.73406841644249,19,1.17624967245827,0.999999908170932
"476","PR2 F Order1 - PR5 M Order1",8.05990268690621,6.27046369019267,19,1.28537586454927,0.999998931806411
"477","PR2 F Order1 - PR6 M Order1",8.05439058696519,6.64619198565819,19,1.21188051809905,0.999999785109537
"478","PR2 F Order1 - NR0 F Order2",8.0236435802805,5.03242815246718,19,1.59438810395075,0.999837677767468
"479","PR2 F Order1 - NR1 F Order2",7.9144176990461,6.09974737991463,19,1.29749925793761,0.999998633101261
"480","PR2 F Order1 - NR2 F Order2",8.13591342113114,5.03172103098662,19,1.61692458127708,0.999784934991645
"481","PR2 F Order1 - NR3 F Order2",7.32023157149483,5.03947059840671,19,1.45257947805256,0.999978231558946
"482","PR2 F Order1 - NR4 F Order2",7.85923772168187,5.03193200704231,19,1.5618727977013,0.999893680723387
"483","PR2 F Order1 - NR5 F Order2",7.95795348542752,5.03256146543815,19,1.58129285455924,0.999862770406072
"484","PR2 F Order1 - NR6 F Order2",7.99370259432311,5.03260354787031,19,1.58838313375705,0.999849646503262
"485","PR2 F Order1 - PR0 F Order2",5.9058477245117,6.19757076660154,19,0.952929453639817,1
"486","PR2 F Order1 - PR1 F Order2",-4.73278274024622,10.5256378658801,19,-0.449643318585756,1
"487","PR2 F Order1 - PR2 F Order2",2.06520955231842,6.81231550963618,19,0.303158235903363,1
"488","PR2 F Order1 - PR3 F Order2",8.04840567905066,5.76099041666342,19,1.39705243316687,0.999991275046748
"489","PR2 F Order1 - PR4 F Order2",2.45194554957992,6.73406841644249,19,0.364110578917351,1
"490","PR2 F Order1 - PR5 F Order2",-3.39160493628143,6.27046369019267,19,-0.540885826607381,1
"491","PR2 F Order1 - PR6 F Order2",7.92868100103424,6.64619198565819,19,1.19296598986962,0.99999986229895
"492","PR2 F Order1 - NR0 M Order2",7.49894798421515,5.03242815246718,19,1.49012519543647,0.999961313353253
"493","PR2 F Order1 - NR1 M Order2",7.70228837255243,6.09974737991463,19,1.26272251829882,0.999999334977651
"494","PR2 F Order1 - NR2 M Order2",7.88278250513624,5.03172103098662,19,1.56661755621825,0.999886761497339
"495","PR2 F Order1 - NR3 M Order2",7.69854704274942,5.03947059840671,19,1.52764995695846,0.999933446421633
"496","PR2 F Order1 - NR4 M Order2",7.86064636920443,5.03193200704231,19,1.56215273938584,0.999893283143213
"497","PR2 F Order1 - NR5 M Order2",7.92699925162259,5.03256146543815,19,1.57514206355201,0.999873322781485
"498","PR2 F Order1 - NR6 M Order2",7.83444057744555,5.03260354787031,19,1.55673708507417,0.999900745262032
"499","PR2 F Order1 - PR0 M Order2",8.15655288366298,6.19757076660154,19,1.31608870488713,0.999998023383336
"500","PR2 F Order1 - PR1 M Order2",-7.11426234399795,10.5256378658801,19,-0.675898452393042,1
"501","PR2 F Order1 - PR2 M Order2",7.76412309826938,6.81231550963618,19,1.13971865913827,1
"502","PR2 F Order1 - PR3 M Order2",8.2125972050382,5.76099041666342,19,1.42555300583101,0.999985911712177
"503","PR2 F Order1 - PR4 M Order2",1.55979094747652,6.73406841644249,19,0.231626834035128,1
"504","PR2 F Order1 - PR5 M Order2",8.06677362524293,6.27046369019267,19,1.28647162694838,0.999998907515331
"505","PR2 F Order1 - PR6 M Order2",0.914832600258119,6.64619198565819,19,0.137647633747601,1
"506","PR3 F Order1 - PR4 F Order1",6.72783758743184,5.84026194899072,19,1.15197531312692,0.999999950050389
"507","PR3 F Order1 - PR5 F Order1",6.70243353718963,5.18343274994592,19,1.29304919355991,0.999998750684555
"508","PR3 F Order1 - PR6 F Order1",0.919995671840643,6.06597127181281,19,0.151665022898419,1
"509","PR3 F Order1 - NR0 M Order1",6.64939023431686,3.07619483833746,19,2.1615634196664,0.978384259323969
"510","PR3 F Order1 - NR1 M Order1",6.70996181477861,4.62001728053534,19,1.45236725478245,0.999978304278845
"511","PR3 F Order1 - NR2 M Order1",6.78387331799658,3.07503790339939,19,2.20611047119034,0.972484167546087
"512","PR3 F Order1 - NR3 M Order1",6.73783147130124,3.08770229877744,19,2.18215061535209,0.975788208890527
"513","PR3 F Order1 - NR4 M Order1",6.74845232539246,3.07538311388461,19,2.1943452491902,0.974145450939303
"514","PR3 F Order1 - NR5 M Order1",6.7769962606833,3.07641292369583,19,2.20288902327903,0.972946612393577
"515","PR3 F Order1 - NR6 M Order1",6.56833515096087,3.07648176391583,19,2.13501514229699,0.981417548265672
"516","PR3 F Order1 - PR0 M Order1",6.49721215543294,4.74842342053694,19,1.36828828855752,0.999994738794711
"517","PR3 F Order1 - PR1 M Order1",6.65035110976807,9.74303310357296,19,0.682575029672152,1
"518","PR3 F Order1 - PR2 M Order1",6.83696556862637,5.52677882464094,19,1.23706154806558,0.999999619522234
"519","PR3 F Order1 - PR3 M Order1",6.71867590800294,4.1625295379802,19,1.61408486034746,0.999792318093948
"520","PR3 F Order1 - PR4 M Order1",6.57971277300185,5.43003858282776,19,1.21172486578822,0.999999785882988
"521","PR3 F Order1 - PR5 M Order1",6.718669690756,4.84317627840392,19,1.38724450743514,0.999992638419191
"522","PR3 F Order1 - PR6 M Order1",6.71315759081498,5.32066814262052,19,1.26171326812137,0.999999349137915
"523","PR3 F Order1 - NR0 F Order2",6.6824105841303,3.07619483833746,19,2.17229757388899,0.977058020937547
"524","PR3 F Order1 - NR1 F Order2",6.57318470289589,4.62001728053534,19,1.42276193004504,0.999986544937099
"525","PR3 F Order1 - NR2 F Order2",6.79468042498094,3.07503790339939,19,2.20962493420636,0.971973090023525
"526","PR3 F Order1 - NR3 F Order2",5.97899857534463,3.08770229877744,19,1.93639088124266,0.995091432318004
"527","PR3 F Order1 - NR4 F Order2",6.51800472553166,3.07538311388461,19,2.11941227618258,0.983043140184622
"528","PR3 F Order1 - NR5 F Order2",6.61672048927732,3.07641292369583,19,2.15079075969046,0.979656752417351
"529","PR3 F Order1 - NR6 F Order2",6.6524695981729,3.07648176391583,19,2.16236276002022,0.97828752106591
"530","PR3 F Order1 - PR0 F Order2",4.56461472836149,4.74842342053694,19,0.961290585127587,1
"531","PR3 F Order1 - PR1 F Order2",-6.07401573639643,9.74303310357296,19,-0.623421440923666,1
"532","PR3 F Order1 - PR2 F Order2",0.723976556168213,5.52677882464094,19,0.130994305931041,1
"533","PR3 F Order1 - PR3 F Order2",6.70717268290046,4.16252953798019,19,1.61132134239581,0.999799285576166
"534","PR3 F Order1 - PR4 F Order2",1.11071255342972,5.43003858282776,19,0.204549661385886,1
"535","PR3 F Order1 - PR5 F Order2",-4.73283793243164,4.84317627840392,19,-0.977217772050897,1
"536","PR3 F Order1 - PR6 F Order2",6.58744800488403,5.32066814262052,19,1.23808661399423,0.999999610763691
"537","PR3 F Order1 - NR0 M Order2",6.15771498806494,3.07619483833746,19,2.00173113592275,0.992067061312482
"538","PR3 F Order1 - NR1 M Order2",6.36105537640223,4.62001728053534,19,1.37684666315039,0.999993869530901
"539","PR3 F Order1 - NR2 M Order2",6.54154950898603,3.07503790339939,19,2.12730695181171,0.982234752642503
"540","PR3 F Order1 - NR3 M Order2",6.35731404659921,3.08770229877744,19,2.05891418000899,0.988342071069598
"541","PR3 F Order1 - NR4 M Order2",6.51941337305422,3.07538311388461,19,2.11987031587077,0.982997018224163
"542","PR3 F Order1 - NR5 M Order2",6.58576625547238,3.07641292369583,19,2.1407289654604,0.980793657018003
"543","PR3 F Order1 - NR6 M Order2",6.49320758129534,3.07648176391583,19,2.11059517968038,0.983912518241659
"544","PR3 F Order1 - PR0 M Order2",6.81531988751277,4.74842342053694,19,1.43528057292374,0.99998348853306
"545","PR3 F Order1 - PR1 M Order2",-8.45549534014816,9.74303310357296,19,-0.867850416832451,1
"546","PR3 F Order1 - PR2 M Order2",6.42289010211918,5.52677882464094,19,1.16213988399227,0.999999935348189
"547","PR3 F Order1 - PR3 M Order2",6.87136420888799,4.1625295379802,19,1.65076647413347,0.999677524063972
"548","PR3 F Order1 - PR4 M Order2",0.218557951326315,5.43003858282776,19,0.0402497971225277,1
"549","PR3 F Order1 - PR5 M Order2",6.72554062909273,4.84317627840392,19,1.38866319177404,0.999992454024383
"550","PR3 F Order1 - PR6 M Order2",-0.426400395892089,5.32066814262052,19,-0.0801403854670926,1
"551","PR4 F Order1 - PR5 F Order1",-0.0254040502422136,5.17114491982495,19,-0.0049126548638814,1
"552","PR4 F Order1 - PR6 F Order1",-5.8078419155912,4.15982714649916,19,-1.39617385796402,0.999991405922905
"553","PR4 F Order1 - NR0 M Order1",-0.0784473531149743,4.90442401420826,19,-0.0159952224537907,1
"554","PR4 F Order1 - NR1 M Order1",-0.0178757726532285,5.9945775414264,19,-0.00298199039543578,1
"555","PR4 F Order1 - NR2 M Order1",0.0560357305647449,4.90369843435254,19,0.0114272383008283,1
"556","PR4 F Order1 - NR3 M Order1",0.00999388386940371,4.91164999909441,19,0.00203473046150405,1
"557","PR4 F Order1 - NR4 M Order1",0.020614737960618,4.90391491819497,19,0.00420373075481617,1
"558","PR4 F Order1 - NR5 M Order1",0.0491586732514635,4.90456080651584,19,0.0100230530705532,1
"559","PR4 F Order1 - NR6 M Order1",-0.15950243647097,4.90460398721806,19,-0.0325209613022073,1
"560","PR4 F Order1 - PR0 M Order1",-0.230625431998899,6.09408936662668,19,-0.0378441171640644,1
"561","PR4 F Order1 - PR1 M Order1",-0.0774864776637704,10.4650415328869,19,-0.00740431630589001,1
"562","PR4 F Order1 - PR2 M Order1",0.109127981194534,6.7183096389068,19,0.0162433688025565,1
"563","PR4 F Order1 - PR3 M Order1",-0.00916167942890039,5.64951788936775,19,-0.00162167455848621,1
"564","PR4 F Order1 - PR4 M Order1",-0.148124814429993,6.6389546796711,19,-0.0223114664246106,1
"565","PR4 F Order1 - PR5 M Order1",-0.00916789667583878,6.16820530555064,19,-0.00148631509842722,1
"566","PR4 F Order1 - PR6 M Order1",-0.014679996616857,6.54980226507835,19,-0.00224128851875827,1
"567","PR4 F Order1 - NR0 F Order2",-0.0454270033015441,4.90442401420826,19,-0.00926245430043177,1
"568","PR4 F Order1 - NR1 F Order2",-0.154652884535951,5.9945775414264,19,-0.0257987962399685,1
"569","PR4 F Order1 - NR2 F Order2",0.066842837549098,4.90369843435254,19,0.0136311068969566,1
"570","PR4 F Order1 - NR3 F Order2",-0.748839012087214,4.91164999909441,19,-0.152461802495146,1
"571","PR4 F Order1 - NR4 F Order2",-0.209832861900176,4.90391491819497,19,-0.0427888463402238,1
"572","PR4 F Order1 - NR5 F Order2",-0.111117098154523,4.90456080651584,19,-0.0226558712467997,1
"573","PR4 F Order1 - NR6 F Order2",-0.0753679892589352,4.90460398721806,19,-0.0153667838331805,1
"574","PR4 F Order1 - PR0 F Order2",-2.16322285907035,6.09408936662668,19,-0.354970649251863,1
"575","PR4 F Order1 - PR1 F Order2",-12.8018533238283,10.4650415328869,19,-1.22329694379118,0.999999720757325
"576","PR4 F Order1 - PR2 F Order2",-6.00386103126363,6.7183096389068,19,-0.893656493069969,1
"577","PR4 F Order1 - PR3 F Order2",-0.0206649045313844,5.64951788936775,19,-0.00365781734584384,1
"578","PR4 F Order1 - PR4 F Order2",-5.61712503400212,6.6389546796711,19,-0.846085762748482,1
"579","PR4 F Order1 - PR5 F Order2",-11.4606755198635,6.16820530555064,19,-1.85802432833263,0.997407380296813
"580","PR4 F Order1 - PR6 F Order2",-0.140389582547805,6.54980226507835,19,-0.021434171119382,1
"581","PR4 F Order1 - NR0 M Order2",-0.570122599366901,4.90442401420826,19,-0.116246596484162,1
"582","PR4 F Order1 - NR1 M Order2",-0.366782211029613,5.9945775414264,19,-0.0611856646268918,1
"583","PR4 F Order1 - NR2 M Order2",-0.186288078445806,4.90369843435254,19,-0.0379893015322429,1
"584","PR4 F Order1 - NR3 M Order2",-0.370523540832627,4.91164999909441,19,-0.0754376922013871,1
"585","PR4 F Order1 - NR4 M Order2",-0.208424214377622,4.90391491819497,19,-0.0425015967557485,1
"586","PR4 F Order1 - NR5 M Order2",-0.142071331959458,4.90456080651584,19,-0.0289671873923375,1
"587","PR4 F Order1 - NR6 M Order2",-0.234630006136497,4.90460398721806,19,-0.047838725970123,1
"588","PR4 F Order1 - PR0 M Order2",0.0874823000809313,6.09408936662668,19,0.0143552702984656,1
"589","PR4 F Order1 - PR1 M Order2",-15.18333292758,10.4650415328869,19,-1.45086217573678,0.999978813751565
"590","PR4 F Order1 - PR2 M Order2",-0.304947485312664,6.7183096389068,19,-0.0453905076876279,1
"591","PR4 F Order1 - PR3 M Order2",0.14352662145615,5.64951788936775,19,0.0254051096512613,1
"592","PR4 F Order1 - PR4 M Order2",-6.50927963610552,6.6389546796711,19,-0.980467551019343,1
"593","PR4 F Order1 - PR5 M Order2",-0.00229695833911209,6.16820530555064,19,-0.000372386816801494,1
"594","PR4 F Order1 - PR6 M Order2",-7.15423798332393,6.54980226507835,19,-1.09228304821784,1
"595","PR5 F Order1 - PR6 F Order1",-5.78243786534898,6.32108262117673,19,-0.914785996622922,1
"596","PR5 F Order1 - NR0 M Order1",-0.0530433028727606,4.10105106702882,19,-0.0129340751933601,1
"597","PR5 F Order1 - NR1 M Order1",0.00752827758898511,5.35725721273577,19,0.00140524848631277,1
"598","PR5 F Order1 - NR2 M Order1",0.0814397808069586,4.10018332252439,19,0.0198624730654282,1
"599","PR5 F Order1 - NR3 M Order1",0.0353979341116174,4.10968984922703,19,0.00861328601677208,1
"600","PR5 F Order1 - NR4 M Order1",0.0460187882028317,4.10044222836157,19,0.0112228841768659,1
"601","PR5 F Order1 - NR5 M Order1",0.0745627234936772,4.1012146552024,19,0.0181806439707061,1
"602","PR5 F Order1 - NR6 M Order1",-0.134098386228757,4.10126629404515,19,-0.0326968249838986,1
"603","PR5 F Order1 - PR0 M Order1",-0.205221381756685,5.46837911557602,19,-0.0375287406778614,1
"604","PR5 F Order1 - PR1 M Order1",-0.0520824274215568,10.1134731535849,19,-0.00514980626641553,1
"605","PR5 F Order1 - PR2 M Order1",0.134532031436747,6.15637306759943,19,0.0218524819661726,1
"606","PR5 F Order1 - PR3 M Order1",0.0162423708133133,4.9681281510768,19,0.00326931397890629,1
"607","PR5 F Order1 - PR4 M Order1",-0.12272076418778,6.06967578886734,19,-0.0202186687488098,1
"608","PR5 F Order1 - PR5 M Order1",0.0162361535663749,5.55085593711985,19,0.00292498197580665,1
"609","PR5 F Order1 - PR6 M Order1",0.0107240536253566,5.97203103264385,19,0.001795712977166,1
"610","PR5 F Order1 - NR0 F Order2",-0.0200229530593305,4.10105106702882,19,-0.0048823954474278,1
"611","PR5 F Order1 - NR1 F Order2",-0.129248834293737,5.35725721273577,19,-0.024125934066872,1
"612","PR5 F Order1 - NR2 F Order2",0.0922468877913117,4.10018332252439,19,0.0224982349653862,1
"613","PR5 F Order1 - NR3 F Order2",-0.723434961845001,4.10968984922703,19,-0.176031522666137,1
"614","PR5 F Order1 - NR4 F Order2",-0.184428811657962,4.10044222836157,19,-0.0449777856598787,1
"615","PR5 F Order1 - NR5 F Order2",-0.0857130479123092,4.1012146552024,19,-0.0208994298319845,1
"616","PR5 F Order1 - NR6 F Order2",-0.0499639390167215,4.10126629404515,19,-0.0121825639776834,1
"617","PR5 F Order1 - PR0 F Order2",-2.13781880882813,5.46837911557602,19,-0.390941952568507,1
"618","PR5 F Order1 - PR1 F Order2",-12.7764492735861,10.1134731535849,19,-1.26330975319366,0.999999326608102
"619","PR5 F Order1 - PR2 F Order2",-5.97845698102141,6.15637306759943,19,-0.971100502743347,1
"620","PR5 F Order1 - PR3 F Order2",0.00473914571082923,4.9681281510768,19,0.000953909715433177,1
"621","PR5 F Order1 - PR4 F Order2",-5.59172098375991,6.06967578886734,19,-0.921255299008875,1
"622","PR5 F Order1 - PR5 F Order2",-11.4352714696213,5.55085593711985,19,-2.06009156050168,0.988253104086738
"623","PR5 F Order1 - PR6 F Order2",-0.114985532305592,5.97203103264385,19,-0.0192540078370435,1
"624","PR5 F Order1 - NR0 M Order2",-0.544718549124688,4.10105106702882,19,-0.132824132209437,1
"625","PR5 F Order1 - NR1 M Order2",-0.3413781607874,5.35725721273577,19,-0.0637225631011041,1
"626","PR5 F Order1 - NR2 M Order2",-0.160884028203592,4.10018332252439,19,-0.039238252426367,1
"627","PR5 F Order1 - NR3 M Order2",-0.345119490590413,4.10968984922703,19,-0.0839770160892616,1
"628","PR5 F Order1 - NR4 M Order2",-0.183020164135408,4.10044222836157,19,-0.0446342501473404,1
"629","PR5 F Order1 - NR5 M Order2",-0.116667281717245,4.1012146552024,19,-0.0284470069298255,1
"630","PR5 F Order1 - NR6 M Order2",-0.209225955894284,4.10126629404515,19,-0.0510149648653807,1
"631","PR5 F Order1 - PR0 M Order2",0.112886350323145,5.46837911557602,19,0.0206434755047619,1
"632","PR5 F Order1 - PR1 M Order2",-15.1579288773378,10.1134731535849,19,-1.49878569381131,0.999956030926709
"633","PR5 F Order1 - PR2 M Order2",-0.27954343507045,6.15637306759943,19,-0.0454071629514572,1
"634","PR5 F Order1 - PR3 M Order2",0.168930671698364,4.9681281510768,19,0.0340028812786863,1
"635","PR5 F Order1 - PR4 M Order2",-6.48387558586331,6.06967578886734,19,-1.06824084372936,1
"636","PR5 F Order1 - PR5 M Order2",0.0231070919031016,5.55085593711985,19,0.00416279798374502,1
"637","PR5 F Order1 - PR6 M Order2",-7.12883393308171,5.97203103264385,19,-1.19370343089556,0.999999859851879
"638","PR6 F Order1 - NR0 M Order1",5.72939456247622,4.75840345899979,19,1.2040581703176,0.999999820931687
"639","PR6 F Order1 - NR1 M Order1",5.78996614293797,5.87571174136822,19,0.985406772455062,1
"640","PR6 F Order1 - NR2 M Order1",5.86387764615594,4.75765560991441,19,1.23251410504289,0.999999656220499
"641","PR6 F Order1 - NR3 M Order1",5.8178357994606,4.76585084545065,19,1.22073392309668,0.999999736592928
"642","PR6 F Order1 - NR4 M Order1",5.82845665355181,4.75787873872105,19,1.22501160151857,0.99999970967544
"643","PR6 F Order1 - NR5 M Order1",5.85700058884266,4.75854444891396,19,1.23083868433327,0.99999966889353
"644","PR6 F Order1 - NR6 M Order1",5.64833947912023,4.75858895460764,19,1.1869778064464,0.99999988074691
"645","PR6 F Order1 - PR0 M Order1",5.5772164835923,5.97720283877927,19,0.933081348253415,1
"646","PR6 F Order1 - PR1 M Order1",5.73035543792743,10.3974094298785,19,0.5511329987122,1
"647","PR6 F Order1 - PR2 M Order1",5.91696989678573,6.61246648170761,19,0.894820399189037,1
"648","PR6 F Order1 - PR3 M Order1",5.7986802361623,5.52323102447877,19,1.04987102847278,1
"649","PR6 F Order1 - PR4 M Order1",5.6597171011612,6.53182576361352,19,0.866483171166243,1
"650","PR6 F Order1 - PR5 M Order1",5.79867401891536,6.05275022274186,19,0.958023015244894,1
"651","PR6 F Order1 - PR6 M Order1",5.79316191897434,6.44119075009459,19,0.899393007246256,1
"652","PR6 F Order1 - NR0 F Order2",5.76241491228965,4.75840345899979,19,1.21099754611831,0.999999789462335
"653","PR6 F Order1 - NR1 F Order2",5.65318903105525,5.87571174136822,19,0.962128382039865,1
"654","PR6 F Order1 - NR2 F Order2",5.8746847531403,4.75765560991441,19,1.23478562443615,0.999999638320052
"655","PR6 F Order1 - NR3 F Order2",5.05900290350398,4.76585084545065,19,1.06151095944036,1
"656","PR6 F Order1 - NR4 F Order2",5.59800905369102,4.75787873872105,19,1.17657665550253,0.999999907430189
"657","PR6 F Order1 - NR5 F Order2",5.69672481743667,4.75854444891397,19,1.19715700433077,0.999999847843981
"658","PR6 F Order1 - NR6 F Order2",5.73247392633226,4.75858895460764,19,1.20465835166991,0.999999818393293
"659","PR6 F Order1 - PR0 F Order2",3.64461905652085,5.97720283877927,19,0.609753283404583,1
"660","PR6 F Order1 - PR1 F Order2",-6.99401140823707,10.3974094298785,19,-0.672668654187914,1
"661","PR6 F Order1 - PR2 F Order2",-0.196019115672429,6.61246648170761,19,-0.0296438728596487,1
"662","PR6 F Order1 - PR3 F Order2",5.78717701105981,5.52323102447877,19,1.04778832994876,1
"663","PR6 F Order1 - PR4 F Order2",0.190716881589073,6.53182576361352,19,0.0291980969014037,1
"664","PR6 F Order1 - PR5 F Order2",-5.65283360427228,6.05275022274186,19,-0.9339281146995,1
"665","PR6 F Order1 - PR6 F Order2",5.66745233304339,6.44119075009459,19,0.87987649379273,1
"666","PR6 F Order1 - NR0 M Order2",5.2377193162243,4.75840345899979,19,1.10073039441789,1
"667","PR6 F Order1 - NR1 M Order2",5.44105970456158,5.87571174136822,19,0.926025636392873,1
"668","PR6 F Order1 - NR2 M Order2",5.62155383714539,4.75765560991441,19,1.18158065611784,0.9999998953765
"669","PR6 F Order1 - NR3 M Order2",5.43731837475857,4.76585084545065,19,1.14089142759239,1
"670","PR6 F Order1 - NR4 M Order2",5.59941770121358,4.75787873872105,19,1.17687272179592,0.999999906754684
"671","PR6 F Order1 - NR5 M Order2",5.66577058363174,4.75854444891396,19,1.19065202489068,0.999999869721816
"672","PR6 F Order1 - NR6 M Order2",5.5732119094547,4.75858895460764,19,1.17119002347498,0.999999918951267
"673","PR6 F Order1 - PR0 M Order2",5.89532421567213,5.97720283877927,19,0.986301515053844,1
"674","PR6 F Order1 - PR1 M Order2",-9.3754910119888,10.3974094298785,19,-0.901714131314957,1
"675","PR6 F Order1 - PR2 M Order2",5.50289443027853,6.61246648170761,19,0.832199973414075,1
"676","PR6 F Order1 - PR3 M Order2",5.95136853704735,5.52323102447877,19,1.07751577123446,1
"677","PR6 F Order1 - PR4 M Order2",-0.701437720514328,6.53182576361352,19,-0.107387696166329,1
"678","PR6 F Order1 - PR5 M Order2",5.80554495725208,6.05275022274186,19,0.959158191500955,1
"679","PR6 F Order1 - PR6 M Order2",-1.34639606773273,6.44119075009459,19,-0.209029063098769,1
"680","NR0 M Order1 - NR1 M Order1",0.0605715804617457,3.4626792064066,19,0.0174926918871598,1
"681","NR0 M Order1 - NR2 M Order1",0.134483083679719,0.0962814359519684,19,1.39677064794514,0.99999131721857
"682","NR0 M Order1 - NR3 M Order1",0.088441236984378,0.287613216032145,19,0.307500601691729,1
"683","NR0 M Order1 - NR4 M Order1",0.0990620910755923,0.102529268607895,19,0.966183533937396,1
"684","NR0 M Order1 - NR5 M Order1",0.127606026366438,0.152903328769467,19,0.834553618900146,1
"685","NR0 M Order1 - NR6 M Order1",-0.081055083355996,0.147449587830391,19,-0.549713868642564,1
"686","NR0 M Order1 - PR0 M Order1",-0.152178078883925,3.62984722048336,19,-0.0419241002831134,1
"687","NR0 M Order1 - PR1 M Order1",0.000960875451203852,9.24342970292201,19,0.000103952264698903,1
"688","NR0 M Order1 - PR2 M Order1",0.187575334309508,4.58990215166852,19,0.04086695709653,1
"689","NR0 M Order1 - PR3 M Order1",0.0692856736860739,2.82608569657775,19,0.0245164800805494,1
"690","NR0 M Order1 - PR4 M Order1",-0.069677461315019,4.51367730034673,19,-0.0154369611911925,1
"691","NR0 M Order1 - PR5 M Order1",0.0692794564391355,3.73244596399579,19,0.0185614090886845,1
"692","NR0 M Order1 - PR6 M Order1",0.0637673564981172,4.38809165929533,19,0.0145319107824556,1
"693","NR0 M Order1 - NR0 F Order2",0.0330203498134302,0.155393102812204,19,0.212495594822738,1
"694","NR0 M Order1 - NR1 F Order2",-0.0762055314209768,3.45046837479099,19,-0.0220855614784741,1
"695","NR0 M Order1 - NR2 F Order2",0.145290190664072,0.130500729233455,19,1.11332857308529,1
"696","NR0 M Order1 - NR3 F Order2",-0.67039165897224,0.308346913172549,19,-2.17414746291653,0.976823479057781
"697","NR0 M Order1 - NR4 F Order2",-0.131385508785201,0.138396640689619,19,-0.949340302846355,1
"698","NR0 M Order1 - NR5 F Order2",-0.0326697450395486,0.159652153353143,19,-0.204630782318887,1
"699","NR0 M Order1 - NR6 F Order2",0.00307936385603911,0.160973217319607,19,0.0191296658370512,1
"700","NR0 M Order1 - PR0 F Order2",-2.08477550595537,3.62059350296209,19,-0.575810431148862,1
"701","NR0 M Order1 - PR1 F Order2",-12.7234059707133,9.24596487070474,19,-1.37610364614586,0.999993949882503
"702","NR0 M Order1 - PR2 F Order2",-5.92541367814865,4.59417636900098,19,-1.28976626107133,0.999998831380965
"703","NR0 M Order1 - PR3 F Order2",0.0577824485835899,2.80852710286819,19,0.0205739330500247,1
"704","NR0 M Order1 - PR4 F Order2",-5.53867768088715,4.47733082806997,19,-1.23704901280987,0.999999619628201
"705","NR0 M Order1 - PR5 F Order2",-11.3822281667485,3.74399903801831,19,-3.0401258256661,0.638685887124535
"706","NR0 M Order1 - PR6 F Order2",-0.0619422294328311,4.34403980378685,19,-0.0142591302636854,1
"707","NR0 M Order1 - NR0 M Order2",-0.491675246251927,0.155393102812204,19,-3.16407380606929,0.566522570731878
"708","NR0 M Order1 - NR1 M Order2",-0.288334857914639,3.45046837479099,19,-0.0835639764216373,1
"709","NR0 M Order1 - NR2 M Order2",-0.107840725330832,0.130500729233455,19,-0.826361093645029,1
"710","NR0 M Order1 - NR3 M Order2",-0.292076187717653,0.308346913172549,19,-0.947232403634309,1
"711","NR0 M Order1 - NR4 M Order2",-0.129976861262648,0.138396640689619,19,-0.939161966757165,1
"712","NR0 M Order1 - NR5 M Order2",-0.0636239788444841,0.159652153353143,19,-0.3985162586799,1
"713","NR0 M Order1 - NR6 M Order2",-0.156182653021523,0.160973217319607,19,-0.970239991609457,1
"714","NR0 M Order1 - PR0 M Order2",0.165929653195906,3.62059350296209,19,0.0458294069909131,1
"715","NR0 M Order1 - PR1 M Order2",-15.104885574465,9.24596487070474,19,-1.63367326024825,0.999736519054256
"716","NR0 M Order1 - PR2 M Order2",-0.226500132197689,4.59417636900098,19,-0.0493015752999798,1
"717","NR0 M Order1 - PR3 M Order2",0.221973974571124,2.80852710286819,19,0.079035724577639,1
"718","NR0 M Order1 - PR4 M Order2",-6.43083228299055,4.47733082806997,19,-1.43630938385732,0.99998321136343
"719","NR0 M Order1 - PR5 M Order2",0.0761503947758622,3.74399903801831,19,0.0203393200699561,1
"720","NR0 M Order1 - PR6 M Order2",-7.07579063020895,4.34403980378685,19,-1.62885032131629,0.999751353075019
"721","NR1 M Order1 - NR2 M Order1",0.0739115032179735,3.472877928487,19,0.0212824938681832,1
"722","NR1 M Order1 - NR3 M Order1",0.0278696565226322,3.50468265854281,19,0.00795211984591496,1
"723","NR1 M Order1 - NR4 M Order1",0.0384905106138466,3.45851344013875,19,0.0111292066027948,1
"724","NR1 M Order1 - NR5 M Order1",0.0670344459046921,3.48977812121381,19,0.0192087988337139,1
"725","NR1 M Order1 - NR6 M Order1",-0.141626663817742,3.47758188106913,19,-0.0407256158621924,1
"726","NR1 M Order1 - PR0 M Order1",-0.212749659345671,5.54370236744961,19,-0.0383768184588788,1
"727","NR1 M Order1 - PR1 M Order1",-0.0596107050105419,10.1263046743264,19,-0.00588671849482023,1
"728","NR1 M Order1 - PR2 M Order1",0.127003753847762,3.15318957027682,19,0.0402778681767023,1
"729","NR1 M Order1 - PR3 M Order1",0.00871409322432815,5.0048976227721,19,0.00174111318175208,1
"730","NR1 M Order1 - PR4 M Order1",-0.130249041776765,5.67316925278915,19,-0.0229587794710565,1
"731","NR1 M Order1 - PR5 M Order1",0.00870787597738976,5.10765772999612,19,0.00170486677802437,1
"732","NR1 M Order1 - PR6 M Order1",0.0031957760363715,3.76573872864844,19,0.000848645184027012,1
"733","NR1 M Order1 - NR0 F Order2",-0.0275512306483156,3.45046837479099,19,-0.00798477993584987,1
"734","NR1 M Order1 - NR1 F Order2",-0.136777111882723,4.87722431250234,19,-0.0280440478269795,1
"735","NR1 M Order1 - NR2 F Order2",0.0847186102023266,3.44943697280609,19,0.0245601270207899,1
"736","NR1 M Order1 - NR3 F Order2",-0.730963239433986,3.46073154230348,19,-0.211216394712736,1
"737","NR1 M Order1 - NR4 F Order2",-0.191957089246947,3.44974471797339,19,-0.0556438533688706,1
"738","NR1 M Order1 - NR5 F Order2",-0.0932413255012943,3.45066280576666,19,-0.0270212798959874,1
"739","NR1 M Order1 - NR6 F Order2",-0.0574922166057066,3.45072417989693,19,-0.016660913364401,1
"740","NR1 M Order1 - PR0 F Order2",-2.14534708641712,4.99902813582025,19,-0.429152832936617,1
"741","NR1 M Order1 - PR1 F Order2",-12.783977551175,9.86759602838185,19,-1.29555136979715,0.999998685769316
"742","NR1 M Order1 - PR2 F Order2",-5.9859852586104,5.74352169827173,19,-1.0422151378677,1
"743","NR1 M Order1 - PR3 F Order2",-0.00278913187815588,4.44628040912585,19,-0.000627295541781683,1
"744","NR1 M Order1 - PR4 F Order2",-5.5992492613489,5.6504934592491,19,-0.990931022525772,1
"745","NR1 M Order1 - PR5 F Order2",-11.4427997472102,5.08911719119467,19,-2.24848422964378,0.965852099288409
"746","NR1 M Order1 - PR6 F Order2",-0.122513809894577,5.54547264044424,19,-0.0220925821545055,1
"747","NR1 M Order1 - NR0 M Order2",-0.552246826713673,3.45046837479099,19,-0.16004981548255,1
"748","NR1 M Order1 - NR1 M Order2",-0.348906438376385,4.87722431250234,19,-0.0715379109142046,1
"749","NR1 M Order1 - NR2 M Order2",-0.168412305792577,3.44943697280609,19,-0.0488231288526995,1
"750","NR1 M Order1 - NR3 M Order2",-0.352647768179398,3.46073154230348,19,-0.101899775775348,1
"751","NR1 M Order1 - NR4 M Order2",-0.190548441724393,3.44974471797339,19,-0.0552355195245677,1
"752","NR1 M Order1 - NR5 M Order2",-0.12419555930623,3.45066280576666,19,-0.0359917981840119,1
"753","NR1 M Order1 - NR6 M Order2",-0.216754233483269,3.45072417989693,19,-0.0628141289141639,1
"754","NR1 M Order1 - PR0 M Order2",0.10535807273416,4.99902813582025,19,0.0210757110925667,1
"755","NR1 M Order1 - PR1 M Order2",-15.1654571549268,9.86759602838185,19,-1.53689481321559,0.999924285917283
"756","NR1 M Order1 - PR2 M Order2",-0.287071712659435,5.74352169827173,19,-0.0499818278297472,1
"757","NR1 M Order1 - PR3 M Order2",0.161402394109379,4.44628040912585,19,0.0363005432086797,1
"758","NR1 M Order1 - PR4 M Order2",-6.4914038634523,5.6504934592491,19,-1.14882070216836,1
"759","NR1 M Order1 - PR5 M Order2",0.0155788143141165,5.08911719119467,19,0.00306120172297689,1
"760","NR1 M Order1 - PR6 M Order2",-7.1363622106707,5.54547264044424,19,-1.28688078967765,0.999998898315208
"761","NR2 M Order1 - NR3 M Order1",-0.0460418466953412,0.274035897562623,19,-0.168013924835595,1
"762","NR2 M Order1 - NR4 M Order1",-0.0354209926041269,0.0723890797098224,19,-0.489314033913884,1
"763","NR2 M Order1 - NR5 M Order1",-0.00687705731328141,0.0992521563657464,19,-0.0692887445985486,1
"764","NR2 M Order1 - NR6 M Order1",-0.215538167035715,0.0983732076345115,19,-2.19102509940013,0.974600616349459
"765","NR2 M Order1 - PR0 M Order1",-0.286661162563644,3.62640330503727,19,-0.0790483403115853,1
"766","NR2 M Order1 - PR1 M Order1",-0.133522208228515,9.2761589588438,19,-0.0143941267954681,1
"767","NR2 M Order1 - PR2 M Order1",0.0530922506297887,4.59650076915754,19,0.0115505801687312,1
"768","NR2 M Order1 - PR3 M Order1",-0.0651974099936453,2.81047710750411,19,-0.0231979864982942,1
"769","NR2 M Order1 - PR4 M Order1",-0.204160544994738,4.5040526769903,19,-0.0453281876647949,1
"770","NR2 M Order1 - PR5 M Order1",-0.0652036272405837,3.73158378191401,19,-0.0174734458748074,1
"771","NR2 M Order1 - PR6 M Order1",-0.070715727181602,4.38148767074769,19,-0.016139661342362,1
"772","NR2 M Order1 - NR0 F Order2",-0.101462733866289,0.130500729233455,19,-0.777487868935818,1
"773","NR2 M Order1 - NR1 F Order2",-0.210688615100696,3.44943697280609,19,-0.061079131684874,1
"774","NR2 M Order1 - NR2 F Order2",0.0108071069843531,0.0995683898600494,19,0.108539537493207,1
"775","NR2 M Order1 - NR3 F Order2",-0.804874742651959,0.29658260702863,19,-2.71382988610072,0.815061042482421
"776","NR2 M Order1 - NR4 F Order2",-0.265868592464921,0.109713509118207,19,-2.42329859469238,0.926496932294619
"777","NR2 M Order1 - NR5 F Order2",-0.167152828719268,0.135544214185463,19,-1.2331978146301,0.999999650920902
"778","NR2 M Order1 - NR6 F Order2",-0.13140371982368,0.137097777600823,19,-0.958467176661885,1
"779","NR2 M Order1 - PR0 F Order2",-2.21925858963509,3.61961057817276,19,-0.613120815542374,1
"780","NR2 M Order1 - PR1 F Order2",-12.857889054393,9.24558001502528,19,-1.39070658990537,0.999992181042541
"781","NR2 M Order1 - PR2 F Order2",-6.05989676182837,4.59340178227595,19,-1.31926120314818,0.999997897256574
"782","NR2 M Order1 - PR3 F Order2",-0.0767006350961294,2.80725985820231,19,-0.0273222426744799,1
"783","NR2 M Order1 - PR4 F Order2",-5.67316076456687,4.47653602330134,19,-1.26731042373765,0.999999266954318
"784","NR2 M Order1 - PR5 F Order2",-11.5167112504282,3.74304851967095,19,-3.07682660000375,0.617334776211472
"785","NR2 M Order1 - PR6 F Order2",-0.19642531311255,4.34322060697052,19,-0.0452257278383013,1
"786","NR2 M Order1 - NR0 M Order2",-0.626158329931646,0.130500729233455,19,-4.79812131019974,0.0464512495715758
"787","NR2 M Order1 - NR1 M Order2",-0.422817941594358,3.44943697280609,19,-0.122575929036442,1
"788","NR2 M Order1 - NR2 M Order2",-0.242323809010551,0.0995683898600494,19,-2.43374236895017,0.923488442862461
"789","NR2 M Order1 - NR3 M Order2",-0.426559271397372,0.29658260702863,19,-1.43824776399041,0.999982677697136
"790","NR2 M Order1 - NR4 M Order2",-0.264459944942367,0.109713509118207,19,-2.41045926857953,0.930090732662324
"791","NR2 M Order1 - NR5 M Order2",-0.198107062524203,0.135544214185463,19,-1.46156782651848,0.999974942655462
"792","NR2 M Order1 - NR6 M Order2",-0.290665736701242,0.137097777600823,19,-2.12013456226512,0.982970366706505
"793","NR2 M Order1 - PR0 M Order2",0.0314465695161864,3.61961057817277,19,0.0086878322507448,1
"794","NR2 M Order1 - PR1 M Order2",-15.2393686581447,9.24558001502528,19,-1.64828692557728,0.999686738700587
"795","NR2 M Order1 - PR2 M Order2",-0.360983215877409,4.59340178227595,19,-0.0785873374435249,1
"796","NR2 M Order1 - PR3 M Order2",0.0874908908914052,2.80725985820231,19,0.0311659394963999,1
"797","NR2 M Order1 - PR4 M Order2",-6.56531536667027,4.47653602330134,19,-1.46660617327692,0.999972909204259
"798","NR2 M Order1 - PR5 M Order2",-0.058332688903857,3.74304851967095,19,-0.0155842727117481,1
"799","NR2 M Order1 - PR6 M Order2",-7.21027371388867,4.34322060697052,19,-1.66012145510563,0.999640600184136
"800","NR3 M Order1 - NR4 M Order1",0.0106208540912143,0.307907865480882,19,0.0344936108553998,1
"801","NR3 M Order1 - NR5 M Order1",0.0391647893820598,0.281734545645663,19,0.139013088694197,1
"802","NR3 M Order1 - NR6 M Order1",-0.169496320340374,0.321648136759976,19,-0.526961921955288,1
"803","NR3 M Order1 - PR0 M Order1",-0.240619315868303,3.56228626286838,19,-0.0675463166383924,1
"804","NR3 M Order1 - PR1 M Order1",-0.0874803615331741,9.33801377027233,19,-0.00936819795786431,1
"805","NR3 M Order1 - PR2 M Order1",0.0991340973251299,4.46487646067636,19,0.0222030997269995,1
"806","NR3 M Order1 - PR3 M Order1",-0.0191555632983041,2.86894426885364,19,-0.00667686838892768,1
"807","NR3 M Order1 - PR4 M Order1",-0.158118698299397,4.53764402742894,19,-0.0348459899770913,1
"808","NR3 M Order1 - PR5 M Order1",-0.0191617805452425,3.60687732680884,19,-0.0053125678555294,1
"809","NR3 M Order1 - PR6 M Order1",-0.0246738804862607,4.37380917478909,19,-0.00564127960325351,1
"810","NR3 M Order1 - NR0 F Order2",-0.0554208871709478,0.308346913172549,19,-0.179735501811023,1
"811","NR3 M Order1 - NR1 F Order2",-0.164646768405355,3.46073154230348,19,-0.0475757123581349,1
"812","NR3 M Order1 - NR2 F Order2",0.0568489536796943,0.29658260702863,19,0.191679998531426,1
"813","NR3 M Order1 - NR3 F Order2",-0.758832895956618,0.407441555716245,19,-1.86243372898638,0.997307339940421
"814","NR3 M Order1 - NR4 F Order2",-0.219826745769579,0.300140688037471,19,-0.732412347046179,1
"815","NR3 M Order1 - NR5 F Order2",-0.121110982023927,0.310515076174621,19,-0.390032534059051,1
"816","NR3 M Order1 - NR6 F Order2",-0.0853618731283389,0.311196367516815,19,-0.274302279970304,1
"817","NR3 M Order1 - PR0 F Order2",-2.17321674293975,3.63037575412694,19,-0.598620333024558,1
"818","NR3 M Order1 - PR1 F Order2",-12.8118472076977,9.24979984609221,19,-1.38509453403041,0.999992910059473
"819","NR3 M Order1 - PR2 F Order2",-6.01385491513303,4.6018895371302,19,-1.30682296187478,0.999998353070576
"820","NR3 M Order1 - PR3 F Order2",-0.0306587884007881,2.82112659942914,19,-0.0108675691502083,1
"821","NR3 M Order1 - PR4 F Order2",-5.62711891787153,4.48524493717424,19,-1.25458453143401,0.999999441496508
"822","NR3 M Order1 - PR5 F Order2",-11.4706694037329,3.75345968396404,19,-3.05602573879751,0.629445838756173
"823","NR3 M Order1 - PR6 F Order2",-0.150383466417209,4.35219629834707,19,-0.0345534659073911,1
"824","NR3 M Order1 - NR0 M Order2",-0.580116483236305,0.308346913172549,19,-1.88137600363029,0.996840348503163
"825","NR3 M Order1 - NR1 M Order2",-0.376776094899017,3.46073154230348,19,-0.108871806522223,1
"826","NR3 M Order1 - NR2 M Order2",-0.19628196231521,0.29658260702863,19,-0.661812114613525,1
"827","NR3 M Order1 - NR3 M Order2",-0.380517424702031,0.407441555716245,19,-0.933919035413841,1
"828","NR3 M Order1 - NR4 M Order2",-0.218418098247026,0.300140688037471,19,-0.727719056270562,1
"829","NR3 M Order1 - NR5 M Order2",-0.152065215828862,0.310515076174621,19,-0.489719268069763,1
"830","NR3 M Order1 - NR6 M Order2",-0.244623890005901,0.311196367516815,19,-0.786075660065933,1
"831","NR3 M Order1 - PR0 M Order2",0.0774884162115276,3.63037575412694,19,0.0213444616919999,1
"832","NR3 M Order1 - PR1 M Order2",-15.1933268114494,9.24979984609221,19,-1.6425573595377,0.999707157007212
"833","NR3 M Order1 - PR2 M Order2",-0.314941369182067,4.6018895371302,19,-0.068437403079968,1
"834","NR3 M Order1 - PR3 M Order2",0.133532737586746,2.82112659942914,19,0.0473331248635801,1
"835","NR3 M Order1 - PR4 M Order2",-6.51927351997493,4.48524493717424,19,-1.45349331224755,0.999977915909436
"836","NR3 M Order1 - PR5 M Order2",-0.0122908422085158,3.75345968396404,19,-0.00327453689219739,1
"837","NR3 M Order1 - PR6 M Order2",-7.16423186719333,4.35219629834707,19,-1.64611873547943,0.999694607046315
"838","NR4 M Order1 - NR5 M Order1",0.0285439352908455,0.124636734996036,19,0.229017033314884,1
"839","NR4 M Order1 - NR6 M Order1",-0.180117174431588,0.0931973072229758,19,-1.93264354731468,0.995231329937546
"840","NR4 M Order1 - PR0 M Order1",-0.251240169959517,3.64011325248867,19,-0.0690198772765516,1
"841","NR4 M Order1 - PR1 M Order1",-0.0981012156243885,9.25905324240447,19,-0.0105951670279966,1
"842","NR4 M Order1 - PR2 M Order1",0.0885132432339155,4.59802066548112,19,0.0192502926092556,1
"843","NR4 M Order1 - PR3 M Order1",-0.0297764173895184,2.82320265783673,19,-0.0105470350514385,1
"844","NR4 M Order1 - PR4 M Order1",-0.168739552390611,4.48870247324489,19,-0.037592055476252,1
"845","NR4 M Order1 - PR5 M Order1",-0.0297826346364568,3.7432294862967,19,-0.00795640094882928,1
"846","NR4 M Order1 - PR6 M Order1",-0.0352947345774751,4.36124198698469,19,-0.00809281729443255,1
"847","NR4 M Order1 - NR0 F Order2",-0.0660417412621622,0.138396640689619,19,-0.47719179405715,1
"848","NR4 M Order1 - NR1 F Order2",-0.175267622496569,3.44974471797339,19,-0.0508059687963036,1
"849","NR4 M Order1 - NR2 F Order2",0.04622809958848,0.109713509118207,19,0.421352848523632,1
"850","NR4 M Order1 - NR3 F Order2",-0.769453750047832,0.300140688037471,19,-2.56364358687606,0.879678897757478
"851","NR4 M Order1 - NR4 F Order2",-0.230447599860794,0.118996823095152,19,-1.93658615303135,0.995084051744679
"852","NR4 M Order1 - NR5 F Order2",-0.131731836115141,0.143162229037071,19,-0.920157760892571,1
"853","NR4 M Order1 - NR6 F Order2",-0.0959827272195532,0.144633987868664,19,-0.663624979397726,1
"854","NR4 M Order1 - PR0 F Order2",-2.18383759703096,3.61990385610501,19,-0.603286077155861,1
"855","NR4 M Order1 - PR1 F Order2",-12.8224680617889,9.24569483619585,19,-1.386858239317,0.999992687909643
"856","NR4 M Order1 - PR2 F Order2",-6.02447576922424,4.59363288947208,19,-1.31148394183424,0.999998194129791
"857","NR4 M Order1 - PR3 F Order2",-0.0412796424920025,2.80763799327793,19,-0.0147026228419883,1
"858","NR4 M Order1 - PR4 F Order2",-5.63773977196274,4.476773163534,19,-1.25933112222114,0.99999938146324
"859","NR4 M Order1 - PR5 F Order2",-11.4812902578241,3.74333212665328,19,-3.06713106648352,0.622982430413125
"860","NR4 M Order1 - PR6 F Order2",-0.161004320508423,4.3434650258333,19,-0.0370681747293532,1
"861","NR4 M Order1 - NR0 M Order2",-0.590737337327519,0.138396640689619,19,-4.26843696771773,0.118840410356902
"862","NR4 M Order1 - NR1 M Order2",-0.387396948990231,3.44974471797339,19,-0.112297280135503,1
"863","NR4 M Order1 - NR2 M Order2",-0.206902816406424,0.109713509118207,19,-1.88584631071734,0.996720905740308
"864","NR4 M Order1 - NR3 M Order2",-0.391138278793245,0.300140688037471,19,-1.30318312172461,0.999998468117646
"865","NR4 M Order1 - NR4 M Order2",-0.22903895233824,0.118996823095152,19,-1.92474846286523,0.995515452375433
"866","NR4 M Order1 - NR5 M Order2",-0.162686069920076,0.143162229037071,19,-1.13637564191564,1
"867","NR4 M Order1 - NR6 M Order2",-0.255244744097115,0.144633987868664,19,-1.76476323344477,0.998903109651012
"868","NR4 M Order1 - PR0 M Order2",0.0668675621203133,3.61990385610501,19,0.0184721928477577,1
"869","NR4 M Order1 - PR1 M Order2",-15.2039476655406,9.24569483619585,19,-1.64443537612975,0.999700596393721
"870","NR4 M Order1 - PR2 M Order2",-0.325562223273282,4.59363288947208,19,-0.0708724948437699,1
"871","NR4 M Order1 - PR3 M Order2",0.122911883495532,2.80763799327793,19,0.0437776820907142,1
"872","NR4 M Order1 - PR4 M Order2",-6.52989437406614,4.476773163534,19,-1.45861631481712,0.999976068995207
"873","NR4 M Order1 - PR5 M Order2",-0.0229116962997301,3.74333212665328,19,-0.00612066883849131,1
"874","NR4 M Order1 - PR6 M Order2",-7.17485272128455,4.3434650258333,19,-1.65187302732063,0.999673336096982
"875","NR5 M Order1 - NR6 M Order1",-0.208661109722434,0.116151332430789,19,-1.7964590276807,0.998511150191543
"876","NR5 M Order1 - PR0 M Order1",-0.279784105250363,3.58817034543326,19,-0.0779740308612855,1
"877","NR5 M Order1 - PR1 M Order1",-0.126645150915234,9.28916114037529,19,-0.0136336477536999,1
"878","NR5 M Order1 - PR2 M Order1",0.0599693079430701,4.60468765824366,19,0.0130235343619254,1
"879","NR5 M Order1 - PR3 M Order1",-0.0583203526803639,2.84708907568312,19,-0.0204842037358353,1
"880","NR5 M Order1 - PR4 M Order1",-0.197283487681457,4.48136354021459,19,-0.0440230938443369,1
"881","NR5 M Order1 - PR5 M Order1",-0.0583265699273023,3.72234963353542,19,-0.0156692883983348,1
"882","NR5 M Order1 - PR6 M Order1",-0.0638386698683206,4.36754089975591,19,-0.0146166163828914,1
"883","NR5 M Order1 - NR0 F Order2",-0.0945856765530076,0.159652153353143,19,-0.592448486077032,1
"884","NR5 M Order1 - NR1 F Order2",-0.203811557787415,3.45066280576666,19,-0.0590644665270712,1
"885","NR5 M Order1 - NR2 F Order2",0.0176841642976345,0.135544214185463,19,0.130467865440848,1
"886","NR5 M Order1 - NR3 F Order2",-0.797997685338678,0.310515076174621,19,-2.56991607354329,0.877268391768899
"887","NR5 M Order1 - NR4 F Order2",-0.258991535151639,0.143162229037071,19,-1.80907727473686,0.998325087024608
"888","NR5 M Order1 - NR5 F Order2",-0.160275771405986,0.163800499812994,19,-0.978481577217214,1
"889","NR5 M Order1 - NR6 F Order2",-0.124526662510399,0.165088371373991,19,-0.754303052807373,1
"890","NR5 M Order1 - PR0 F Order2",-2.21238153232181,3.62077879845759,19,-0.611023665202706,1
"891","NR5 M Order1 - PR1 F Order2",-12.8510119970797,9.24603743146083,19,-1.38989400511753,0.999992290655183
"892","NR5 M Order1 - PR2 F Order2",-6.05301970451509,4.59432239869556,19,-1.31749998786191,0.999997968159192
"893","NR5 M Order1 - PR3 F Order2",-0.069823577782848,2.80876597124322,19,-0.0248591653764384,1
"894","NR5 M Order1 - PR4 F Order2",-5.66628370725359,4.47748066859639,19,-1.2655071292647,0.999999294419509
"895","NR5 M Order1 - PR5 F Order2",-11.5098341931149,3.7441782263069,19,-3.07406151562068,0.618945810845365
"896","NR5 M Order1 - PR6 F Order2",-0.189548255799269,4.34419424180747,19,-0.0436325461635906,1
"897","NR5 M Order1 - NR0 M Order2",-0.619281272618365,0.159652153353143,19,-3.87894093259453,0.223412517152716
"898","NR5 M Order1 - NR1 M Order2",-0.415940884281077,3.45066280576666,19,-0.120539417408727,1
"899","NR5 M Order1 - NR2 M Order2",-0.235446751697269,0.135544214185463,19,-1.73704759817421,0.999170161274021
"900","NR5 M Order1 - NR3 M Order2",-0.419682214084091,0.310515076174621,19,-1.35156791500867,0.999996120942786
"901","NR5 M Order1 - NR4 M Order2",-0.257582887629086,0.143162229037071,19,-1.79923775538858,0.998471752327912
"902","NR5 M Order1 - NR5 M Order2",-0.191230005210922,0.163800499812994,19,-1.16745678694047,0.999999926135951
"903","NR5 M Order1 - NR6 M Order2",-0.283788679387961,0.165088371373991,19,-1.71901071544928,0.999312224682861
"904","NR5 M Order1 - PR0 M Order2",0.0383236268294678,3.62077879845759,19,0.0105843601508585,1
"905","NR5 M Order1 - PR1 M Order2",-15.2324916008315,9.24603743146083,19,-1.64746159787337,0.999689754422008
"906","NR5 M Order1 - PR2 M Order2",-0.354106158564127,4.59432239869556,19,-0.0770747300330222,1
"907","NR5 M Order1 - PR3 M Order2",0.0943679482046867,2.80876597124322,19,0.0335976543332008,1
"908","NR5 M Order1 - PR4 M Order2",-6.55843830935699,4.47748066859639,19,-1.46476083199103,0.999973670594995
"909","NR5 M Order1 - PR5 M Order2",-0.0514556315905756,3.7441782263069,19,-0.0137428371408829,1
"910","NR5 M Order1 - PR6 M Order2",-7.20339665657539,4.34419424180747,19,-1.65816633778749,0.999648608491263
"911","NR6 M Order1 - PR0 M Order1",-0.0711229955279288,3.61852800489468,19,-0.0196552287094981,1
"912","NR6 M Order1 - PR1 M Order1",0.0820159588071999,9.26439437276394,19,0.00885281384915085,1
"913","NR6 M Order1 - PR2 M Order1",0.268630417665504,4.62560799467398,19,0.0580746180771934,1
"914","NR6 M Order1 - PR3 M Order1",0.15034075704207,2.83024876446537,19,0.0531192730934622,1
"915","NR6 M Order1 - PR4 M Order1",0.011377622040977,4.51548420949376,19,0.00251969036167942,1
"916","NR6 M Order1 - PR5 M Order1",0.150334539795132,3.77214060652745,19,0.0398539067008762,1
"917","NR6 M Order1 - PR6 M Order1",0.144822439854113,4.38811895709454,19,0.0330033076291084,1
"918","NR6 M Order1 - NR0 F Order2",0.114075433169426,0.160973217319607,19,0.708660950367495,1
"919","NR6 M Order1 - NR1 F Order2",0.00484955193501918,3.45072417989693,19,0.00140537222976889,1
"920","NR6 M Order1 - NR2 F Order2",0.226345274020068,0.137097777600823,19,1.65097697410603,0.999676731012892
"921","NR6 M Order1 - NR3 F Order2",-0.589336575616244,0.311196367516815,19,-1.89377716815541,0.996499797501104
"922","NR6 M Order1 - NR4 F Order2",-0.0503304254292054,0.144633987868664,19,-0.347984772949137,1
"923","NR6 M Order1 - NR5 F Order2",0.0483853383164475,0.165088371373991,19,0.293087501643804,1
"924","NR6 M Order1 - NR6 F Order2",0.0841344472120351,0.166366273585865,19,0.505718168704499,1
"925","NR6 M Order1 - PR0 F Order2",-2.00372042259937,3.62083728907886,19,-0.553385933315198,1
"926","NR6 M Order1 - PR1 F Order2",-12.6423508873573,9.24606033673795,19,-1.3673229923803,0.999994829428788
"927","NR6 M Order1 - PR2 F Order2",-5.84435859479266,4.59436849521015,19,-1.27207005726373,0.99999918963599
"928","NR6 M Order1 - PR3 F Order2",0.138837531939586,2.8088413710706,19,0.0494287549911255,1
"929","NR6 M Order1 - PR4 F Order2",-5.45762259753115,4.47752796800626,19,-1.21889190565152,0.999999747454231
"930","NR6 M Order1 - PR5 F Order2",-11.3011730833925,3.74423478924261,19,-3.01828643755498,0.651341371192579
"931","NR6 M Order1 - PR6 F Order2",0.0191128539231649,4.34424299241848,19,0.00439958214964503,1
"932","NR6 M Order1 - NR0 M Order2",-0.410620162895931,0.160973217319607,19,-2.55086013520285,0.884509141414138
"933","NR6 M Order1 - NR1 M Order2",-0.207279774558643,3.45072417989694,19,-0.0600684852664272,1
"934","NR6 M Order1 - NR2 M Order2",-0.0267856419748355,0.137097777600823,19,-0.195376193863807,1
"935","NR6 M Order1 - NR3 M Order2",-0.211021104361657,0.311196367516815,19,-0.678096296706467,1
"936","NR6 M Order1 - NR4 M Order2",-0.0489217779066517,0.144633987868664,19,-0.338245378057856,1
"937","NR6 M Order1 - NR5 M Order2",0.0174311045115119,0.165088371373991,19,0.105586507192706,1
"938","NR6 M Order1 - NR6 M Order2",-0.075127569665527,0.166366273585865,19,-0.451579325822624,1
"939","NR6 M Order1 - PR0 M Order2",0.246984736551902,3.62083728907886,19,0.0682120506483003,1
"940","NR6 M Order1 - PR1 M Order2",-15.023830491109,9.24606033673795,19,-1.62488994706361,0.999762981754719
"941","NR6 M Order1 - PR2 M Order2",-0.145445048841693,4.59436849521015,19,-0.0316572449496218,1
"942","NR6 M Order1 - PR3 M Order2",0.30302905792712,2.80884137107061,19,0.107884005500681,1
"943","NR6 M Order1 - PR4 M Order2",-6.34977719963455,4.47752796800626,19,-1.41814350351494,0.999987536347001
"944","NR6 M Order1 - PR5 M Order2",0.157205478131858,3.74423478924261,19,0.0419860096870843,1
"945","NR6 M Order1 - PR6 M Order2",-6.99473554685296,4.34424299241848,19,-1.61011609135587,0.999802260588879
"946","PR0 M Order1 - PR1 M Order1",0.153138954335129,10.3336646124266,19,0.0148194237067626,1
"947","PR0 M Order1 - PR2 M Order1",0.339753413193433,6.42470398215469,19,0.052882345106815,1
"948","PR0 M Order1 - PR3 M Order1",0.221463752569999,5.07614485453716,19,0.0436283358565014,1
"949","PR0 M Order1 - PR4 M Order1",0.0825006175689059,5.87022422665714,19,0.0140540828396749,1
"950","PR0 M Order1 - PR5 M Order1",0.22145753532306,5.45114461432528,19,0.040625877864455,1
"951","PR0 M Order1 - PR6 M Order1",0.215945435382042,6.01246131315467,19,0.0359163118288304,1
"952","PR0 M Order1 - NR0 F Order2",0.185198428697355,3.62059350296209,19,0.0511514006048566,1
"953","PR0 M Order1 - NR1 F Order2",0.075972547462948,4.99902813582025,19,0.0151974634666629,1
"954","PR0 M Order1 - NR2 F Order2",0.297468269547997,3.61961057817277,19,0.0821823959024243,1
"955","PR0 M Order1 - NR3 F Order2",-0.518213580088315,3.63037575412694,19,-0.142743786094103,1
"956","PR0 M Order1 - NR4 F Order2",0.0207925700987234,3.61990385610501,19,0.00574395644891412,1
"957","PR0 M Order1 - NR5 F Order2",0.119508333844376,3.62077879845759,19,0.0330062510019351,1
"958","PR0 M Order1 - NR6 F Order2",0.155257442739964,3.62083728907886,19,0.042878878652805,1
"959","PR0 M Order1 - PR0 F Order2",-1.93259742707145,5.117933920146,19,-0.377612813534785,1
"960","PR0 M Order1 - PR1 F Order2",-12.5712278918294,9.92836425034838,19,-1.26619325951788,0.999999284086743
"961","PR0 M Order1 - PR2 F Order2",-5.77323559926473,5.84730765453441,19,-0.987332280145676,1
"962","PR0 M Order1 - PR3 F Order2",0.209960527467515,4.57956054494696,19,0.0458473090172774,1
"963","PR0 M Order1 - PR4 F Order2",-5.38649960200322,5.75595705693462,19,-0.935813027915787,1
"964","PR0 M Order1 - PR5 F Order2",-11.2300500878646,5.20596572155174,19,-2.15715021736971,0.978912564716259
"965","PR0 M Order1 - PR6 F Order2",0.0902358494510937,5.65289590512458,19,0.0159627650969641,1
"966","PR0 M Order1 - NR0 M Order2",-0.339497167368002,3.62059350296209,19,-0.0937683744640903,1
"967","PR0 M Order1 - NR1 M Order2",-0.136156779030714,4.99902813582025,19,-0.0272366498710201,1
"968","PR0 M Order1 - NR2 M Order2",0.0443373535530933,3.61961057817277,19,0.0122492054312305,1
"969","PR0 M Order1 - NR3 M Order2",-0.139898108833728,3.63037575412694,19,-0.0385354349820936,1
"970","PR0 M Order1 - NR4 M Order2",0.0222012176212771,3.61990385610501,19,0.00613309593398028,1
"971","PR0 M Order1 - NR5 M Order2",0.0885541000394408,3.62077879845759,19,0.0244571969094505,1
"972","PR0 M Order1 - NR6 M Order2",-0.00400457413759817,3.62083728907886,19,-0.00110598014157574,1
"973","PR0 M Order1 - PR0 M Order2",0.31810773207983,5.117933920146,19,0.0621554981059145,1
"974","PR0 M Order1 - PR1 M Order2",-14.9527074955811,9.92836425034838,19,-1.50605951983041,0.999951104809417
"975","PR0 M Order1 - PR2 M Order2",-0.0743220533137645,5.84730765453441,19,-0.0127104742395639,1
"976","PR0 M Order1 - PR3 M Order2",0.374152053455049,4.57956054494696,19,0.0817004273189236,1
"977","PR0 M Order1 - PR4 M Order2",-6.27865420410663,5.75595705693462,19,-1.09080977185927,1
"978","PR0 M Order1 - PR5 M Order2",0.228328473659787,5.20596572155174,19,0.043859004433039,1
"979","PR0 M Order1 - PR6 M Order2",-6.92361255132503,5.65289590512458,19,-1.22479038488016,0.999999711127763
"980","PR1 M Order1 - PR2 M Order1",0.186614458858304,10.8829476119464,19,0.017147418650941,1
"981","PR1 M Order1 - PR3 M Order1",0.06832479823487,8.7895535747104,19,0.00777340938355008,1
"982","PR1 M Order1 - PR4 M Order1",-0.0706383367662228,11.1467750090973,19,-0.00633710976570102,1
"983","PR1 M Order1 - PR5 M Order1",0.0683185809879316,10.6487225087506,19,0.00641565980630921,1
"984","PR1 M Order1 - PR6 M Order1",0.0628064810469134,10.9202504361452,19,0.00575137735294317,1
"985","PR1 M Order1 - NR0 F Order2",0.0320594743622263,9.24596487070474,19,0.00346740170555966,1
"986","PR1 M Order1 - NR1 F Order2",-0.0771664068721807,9.86759602838185,19,-0.00782018301623105,1
"987","PR1 M Order1 - NR2 F Order2",0.144329315212868,9.24558001502528,19,0.0156106285358316,1
"988","PR1 M Order1 - NR3 F Order2",-0.671352534423444,9.24979984609221,19,-0.0725802228798575,1
"989","PR1 M Order1 - NR4 F Order2",-0.132346384236405,9.24569483619585,19,-0.0143143794578082,1
"990","PR1 M Order1 - NR5 F Order2",-0.0336306204907524,9.24603743146083,19,-0.00363730092377951,1
"991","PR1 M Order1 - NR6 F Order2",0.00211848840483526,9.24606033673795,19,0.000229123359320698,1
"992","PR1 M Order1 - PR0 F Order2",-2.08573638140657,9.92836425034838,19,-0.210078551593571,1
"993","PR1 M Order1 - PR1 F Order2",-12.7243668461645,13.0748455350039,19,-0.973194429876738,1
"994","PR1 M Order1 - PR2 F Order2",-5.92637455359986,10.323283193025,19,-0.57407846348767,1
"995","PR1 M Order1 - PR3 F Order2",0.056821573132386,9.66186026919504,19,0.00588101789399196,1
"996","PR1 M Order1 - PR4 F Order2",-5.53963855633835,10.2718163300309,19,-0.539304673910741,1
"997","PR1 M Order1 - PR5 F Order2",-11.3831890421997,9.97402868306415,19,-1.14128296638331,1
"998","PR1 M Order1 - PR6 F Order2",-0.062903104884035,10.2144212362125,19,-0.00615826422558616,1
"999","PR1 M Order1 - NR0 M Order2",-0.492636121703131,9.24596487070474,19,-0.0532812019721184,1
"1000","PR1 M Order1 - NR1 M Order2",-0.289295733365843,9.86759602838185,19,-0.0293177520171834,1
"1001","PR1 M Order1 - NR2 M Order2",-0.108801600782035,9.24558001502528,19,-0.0117679583763505,1
"1002","PR1 M Order1 - NR3 M Order2",-0.293037063168857,9.24979984609221,19,-0.0316803680127908,1
"1003","PR1 M Order1 - NR4 M Order2",-0.130937736713852,9.24569483619585,19,-0.0141620223286242,1
"1004","PR1 M Order1 - NR5 M Order2",-0.0645848542956879,9.24603743146083,19,-0.00698513874451013,1
"1005","PR1 M Order1 - NR6 M Order2",-0.157143528472727,9.24606033673795,19,-0.0169957282074332,1
"1006","PR1 M Order1 - PR0 M Order2",0.164968777744702,9.92836425034838,19,0.016615907070383,1
"1007","PR1 M Order1 - PR1 M Order2",-15.1058464499162,13.0748455350039,19,-1.15533651311405,0.999999945575172
"1008","PR1 M Order1 - PR2 M Order2",-0.227461007648893,10.323283193025,19,-0.022033785511433,1
"1009","PR1 M Order1 - PR3 M Order2",0.221013099119921,9.66186026919504,19,0.0228747977058391,1
"1010","PR1 M Order1 - PR4 M Order2",-6.43179315844175,10.2718163300309,19,-0.626159283985405,1
"1011","PR1 M Order1 - PR5 M Order2",0.0751895193246583,9.97402868306415,19,0.00753853048892167,1
"1012","PR1 M Order1 - PR6 M Order2",-7.07675150566016,10.2144212362125,19,-0.69281962648764,1
"1013","PR2 M Order1 - PR3 M Order1",-0.118289660623434,5.86226073468463,19,-0.0201781643596235,1
"1014","PR2 M Order1 - PR4 M Order1",-0.257252795624527,6.75499554990137,19,-0.0380833405032048,1
"1015","PR2 M Order1 - PR5 M Order1",-0.118295877870372,4.29492749812373,19,-0.0275431606056332,1
"1016","PR2 M Order1 - PR6 M Order1",-0.123807977811391,4.98500178419776,19,-0.0248360949847313,1
"1017","PR2 M Order1 - NR0 F Order2",-0.154554984496078,4.59417636900098,19,-0.0336415000388168,1
"1018","PR2 M Order1 - NR1 F Order2",-0.263780865730485,5.74352169827173,19,-0.0459266769741391,1
"1019","PR2 M Order1 - NR2 F Order2",-0.0422851436454356,4.59340178227595,19,-0.00920562703846125,1
"1020","PR2 M Order1 - NR3 F Order2",-0.857966993281748,4.6018895371302,19,-0.186437980824891,1
"1021","PR2 M Order1 - NR4 F Order2",-0.318960843094709,4.59363288947208,19,-0.0694354230669412,1
"1022","PR2 M Order1 - NR5 F Order2",-0.220245079349056,4.59432239869556,19,-0.0479385337458228,1
"1023","PR2 M Order1 - NR6 F Order2",-0.184495970453469,4.59436849521015,19,-0.0401569814536676,1
"1024","PR2 M Order1 - PR0 F Order2",-2.27235084026488,5.84730765453441,19,-0.388614893300977,1
"1025","PR2 M Order1 - PR1 F Order2",-12.9109813050228,10.323283193025,19,-1.25066619442798,0.999999486945509
"1026","PR2 M Order1 - PR2 F Order2",-6.11298901245816,6.49528798457562,19,-0.941142105935055,1
"1027","PR2 M Order1 - PR3 F Order2",-0.129792885725918,5.38239110253339,19,-0.0241143542439395,1
"1028","PR2 M Order1 - PR4 F Order2",-5.72625301519666,6.41317400645508,19,-0.892889076365773,1
"1029","PR2 M Order1 - PR5 F Order2",-11.569803501058,5.92451164989718,19,-1.95287041105891,0.994436038016096
"1030","PR2 M Order1 - PR6 F Order2",-0.249517563742339,6.32083786455323,19,-0.0394753937830954,1
"1031","PR2 M Order1 - NR0 M Order2",-0.679250580561435,4.59417636900098,19,-0.14785034922574,1
"1032","PR2 M Order1 - NR1 M Order2",-0.475910192224147,5.74352169827173,19,-0.0828603454858284,1
"1033","PR2 M Order1 - NR2 M Order2",-0.295416059640339,4.59340178227595,19,-0.0643131329770082,1
"1034","PR2 M Order1 - NR3 M Order2",-0.479651522027161,4.6018895371302,19,-0.104229255864815,1
"1035","PR2 M Order1 - NR4 M Order2",-0.317552195572156,4.59363288947208,19,-0.0691287708906687,1
"1036","PR2 M Order1 - NR5 M Order2",-0.251199313153992,4.59432239869556,19,-0.0546760308386964,1
"1037","PR2 M Order1 - NR6 M Order2",-0.343757987331031,4.59436849521015,19,-0.0748215968504518,1
"1038","PR2 M Order1 - PR0 M Order2",-0.0216456811136023,5.84730765453441,19,-0.00370182011832688,1
"1039","PR2 M Order1 - PR1 M Order2",-15.2924609087745,10.323283193025,19,-1.48135633042665,0.999966074813475
"1040","PR2 M Order1 - PR2 M Order2",-0.414075466507197,6.49528798457562,19,-0.0637501320173183,1
"1041","PR2 M Order1 - PR3 M Order2",0.0343986402616166,5.38239110253339,19,0.00639095888914981,1
"1042","PR2 M Order1 - PR4 M Order2",-6.61840761730006,6.41317400645508,19,-1.03200187779692,1
"1043","PR2 M Order1 - PR5 M Order2",-0.111424939533646,5.92451164989718,19,-0.0188074471143254,1
"1044","PR2 M Order1 - PR6 M Order2",-7.26336596451846,6.32083786455323,19,-1.14911442441054,1
"1045","PR3 M Order1 - PR4 M Order1",-0.138963135001093,5.33140535200217,19,-0.0260650102226623,1
"1046","PR3 M Order1 - PR5 M Order1",-6.21724693838921e-06,4.7318050707607,19,-1.31392710507192e-06,1
"1047","PR3 M Order1 - PR6 M Order1",-0.00551831718795665,5.5374488312503,19,-0.000996545043777978,1
"1048","PR3 M Order1 - NR0 F Order2",-0.0362653238726437,2.80852710286819,19,-0.0129125774985785,1
"1049","PR3 M Order1 - NR1 F Order2",-0.145491205107051,4.44628040912585,19,-0.0327220039492864,1
"1050","PR3 M Order1 - NR2 F Order2",0.0760045169779984,2.80725985820231,19,0.0270742720008363,1
"1051","PR3 M Order1 - NR3 F Order2",-0.739677332658314,2.82112659942914,19,-0.262192179822058,1
"1052","PR3 M Order1 - NR4 F Order2",-0.200671182471275,2.80763799327793,19,-0.0714733106446499,1
"1053","PR3 M Order1 - NR5 F Order2",-0.101955418725622,2.80876597124322,19,-0.0362990080944675,1
"1054","PR3 M Order1 - NR6 F Order2",-0.0662063098300348,2.80884137107061,19,-0.0235706830979921,1
"1055","PR3 M Order1 - PR0 F Order2",-2.15406117964144,4.57956054494696,19,-0.470364166714253,1
"1056","PR3 M Order1 - PR1 F Order2",-12.7926916443994,9.66186026919504,19,-1.32404022496438,0.999997693269975
"1057","PR3 M Order1 - PR2 F Order2",-5.99469935183473,5.38239110253339,19,-1.11376138181656,1
"1058","PR3 M Order1 - PR3 F Order2",-0.011503225102484,3.96881619109386,19,-0.00289840207976817,1
"1059","PR3 M Order1 - PR4 F Order2",-5.60796335457322,5.28300755395345,19,-1.06150962255895,1
"1060","PR3 M Order1 - PR5 F Order2",-11.4515138404346,4.67773516435311,19,-2.44808939328189,0.919230579609562
"1061","PR3 M Order1 - PR6 F Order2",-0.131227903118905,5.17052795060892,19,-0.0253799813814856,1
"1062","PR3 M Order1 - NR0 M Order2",-0.560960919938001,2.80852710286819,19,-0.199734914206498,1
"1063","PR3 M Order1 - NR1 M Order2",-0.357620531600713,4.44628040912585,19,-0.0804313940404452,1
"1064","PR3 M Order1 - NR2 M Order2",-0.177126399016905,2.80725985820231,19,-0.0630958329345159,1
"1065","PR3 M Order1 - NR3 M Order2",-0.361361861403727,2.82112659942914,19,-0.128091331128794,1
"1066","PR3 M Order1 - NR4 M Order2",-0.199262534948722,2.80763799327793,19,-0.070971590862425,1
"1067","PR3 M Order1 - NR5 M Order2",-0.132909652530558,2.80876597124322,19,-0.0473195894180281,1
"1068","PR3 M Order1 - NR6 M Order2",-0.225468326707597,2.80884137107061,19,-0.0802709362763546,1
"1069","PR3 M Order1 - PR0 M Order2",0.0966439795098317,4.57956054494696,19,0.0211033304530645,1
"1070","PR3 M Order1 - PR1 M Order2",-15.1741712481511,9.66186026919504,19,-1.57052273841415,0.999880770401727
"1071","PR3 M Order1 - PR2 M Order2",-0.295785805883763,5.38239110253339,19,-0.0549543502597837,1
"1072","PR3 M Order1 - PR3 M Order2",0.152688300885051,3.96881619109386,19,0.0384720011039281,1
"1073","PR3 M Order1 - PR4 M Order2",-6.50011795667662,5.28300755395345,19,-1.23038210532415,0.999999672270504
"1074","PR3 M Order1 - PR5 M Order2",0.00686472108978831,4.67773516435311,19,0.00146753094149092,1
"1075","PR3 M Order1 - PR6 M Order2",-7.14507630389503,5.17052795060892,19,-1.38188524888519,0.999993298596005
"1076","PR4 M Order1 - PR5 M Order1",0.138956917754154,4.72058786786061,19,0.0294363587001994,1
"1077","PR4 M Order1 - PR6 M Order1",0.133444817813136,3.79738527243323,19,0.0351412375198974,1
"1078","PR4 M Order1 - NR0 F Order2",0.102697811128449,4.47733082806997,19,0.0229372845277817,1
"1079","PR4 M Order1 - NR1 F Order2",-0.00652807010595785,5.6504934592491,19,-0.00115530973587312,1
"1080","PR4 M Order1 - NR2 F Order2",0.214967651979091,4.47653602330134,19,0.0480209811470606,1
"1081","PR4 M Order1 - NR3 F Order2",-0.600714197657221,4.48524493717424,19,-0.13393119128867,1
"1082","PR4 M Order1 - NR4 F Order2",-0.0617080474701824,4.476773163534,19,-0.0137840460563942,1
"1083","PR4 M Order1 - NR5 F Order2",0.0370077162754704,4.47748066859639,19,0.00826529895149088,1
"1084","PR4 M Order1 - NR6 F Order2",0.0727568251710581,4.47752796800626,19,0.0162493290250636,1
"1085","PR4 M Order1 - PR0 F Order2",-2.01509804464035,5.75595705693462,19,-0.350089138037022,1
"1086","PR4 M Order1 - PR1 F Order2",-12.6537285093983,10.2718163300309,19,-1.23188812015685,0.999999661007187
"1087","PR4 M Order1 - PR2 F Order2",-5.85573621683363,6.41317400645508,19,-0.913079266356976,1
"1088","PR4 M Order1 - PR3 F Order2",0.127459909898609,5.28300755395345,19,0.0241263917563825,1
"1089","PR4 M Order1 - PR4 F Order2",-5.46900021957213,6.32999491876335,19,-0.863981770879617,1
"1090","PR4 M Order1 - PR5 F Order2",-11.3125507054335,5.83436998520544,19,-1.93894983247881,0.994993994737876
"1091","PR4 M Order1 - PR6 F Order2",0.00773523188218783,6.23642735422041,19,0.00124033063208106,1
"1092","PR4 M Order1 - NR0 M Order2",-0.421997784936908,4.47733082806997,19,-0.0942520892785619,1
"1093","PR4 M Order1 - NR1 M Order2",-0.21865739659962,5.6504934592491,19,-0.0386970444575433,1
"1094","PR4 M Order1 - NR2 M Order2",-0.0381632640158126,4.47653602330134,19,-0.00852517746247646,1
"1095","PR4 M Order1 - NR3 M Order2",-0.222398726402634,4.48524493717424,19,-0.0495845220311977,1
"1096","PR4 M Order1 - NR4 M Order2",-0.0602993999476287,4.476773163534,19,-0.0134693891660188,1
"1097","PR4 M Order1 - NR5 M Order2",0.00605348247053491,4.47748066859639,19,0.00135198405500488,1
"1098","PR4 M Order1 - NR6 M Order2",-0.086505191706504,4.47752796800626,19,-0.0193198551353824,1
"1099","PR4 M Order1 - PR0 M Order2",0.235607114510925,5.75595705693462,19,0.040932743622031,1
"1100","PR4 M Order1 - PR1 M Order2",-15.03520811315,10.2718163300309,19,-1.46373412744859,0.999974085823834
"1101","PR4 M Order1 - PR2 M Order2",-0.15682267088267,6.41317400645508,19,-0.0244532069026699,1
"1102","PR4 M Order1 - PR3 M Order2",0.291651435886143,5.28300755395345,19,0.0552055685909233,1
"1103","PR4 M Order1 - PR4 M Order2",-6.36115482167553,6.32999491876335,19,-1.00492257945102,1
"1104","PR4 M Order1 - PR5 M Order2",0.145827856090881,5.83436998520544,19,0.0249946192066437,1
"1105","PR4 M Order1 - PR6 M Order2",-7.00611316889393,6.23642735422041,19,-1.12341774720628,1
"1106","PR5 M Order1 - PR6 M Order1",-0.00551209994101826,5.77033256578729,19,-0.00095524822498098,1
"1107","PR5 M Order1 - NR0 F Order2",-0.0362591066257053,3.74399903801831,19,-0.00968459293325492,1
"1108","PR5 M Order1 - NR1 F Order2",-0.145484987860112,5.08911719119467,19,-0.0285874705561574,1
"1109","PR5 M Order1 - NR2 F Order2",0.0760107342249368,3.74304851967095,19,0.0203071731038151,1
"1110","PR5 M Order1 - NR3 F Order2",-0.739671115411376,3.75345968396404,19,-0.197063823163329,1
"1111","PR5 M Order1 - NR4 F Order2",-0.200664965224337,3.74333212665328,19,-0.0536059741521629,1
"1112","PR5 M Order1 - NR5 F Order2",-0.101949201478684,3.7441782263069,19,-0.0272287255885365,1
"1113","PR5 M Order1 - NR6 F Order2",-0.0662000925830964,3.74423478924261,19,-0.0176805398991786,1
"1114","PR5 M Order1 - PR0 F Order2",-2.15405496239451,5.20596572155174,19,-0.413766643425468,1
"1115","PR5 M Order1 - PR1 F Order2",-12.7926854271524,9.97402868306415,19,-1.28259962284592,0.999998991130695
"1116","PR5 M Order1 - PR2 F Order2",-5.99469313458779,5.92451164989718,19,-1.01184595268571,1
"1117","PR5 M Order1 - PR3 F Order2",-0.0114970078555456,4.67773516435311,19,-0.00245781504330538,1
"1118","PR5 M Order1 - PR4 F Order2",-5.60795713732629,5.83436998520544,19,-0.96119326534771,1
"1119","PR5 M Order1 - PR5 F Order2",-11.4515076231876,5.29253347433556,19,-2.16371000367179,0.978123742299264
"1120","PR5 M Order1 - PR6 F Order2",-0.131221685871967,5.73271869161264,19,-0.0228899572665153,1
"1121","PR5 M Order1 - NR0 M Order2",-0.560954702691062,3.74399903801831,19,-0.149827683446194,1
"1122","PR5 M Order1 - NR1 M Order2",-0.357614314353775,5.08911719119467,19,-0.0702704026884129,1
"1123","PR5 M Order1 - NR2 M Order2",-0.177120181769967,3.74304851967095,19,-0.0473197664521692,1
"1124","PR5 M Order1 - NR3 M Order2",-0.361355644156788,3.75345968396404,19,-0.0962726856240425,1
"1125","PR5 M Order1 - NR4 M Order2",-0.199256317701783,3.74333212665328,19,-0.0532296656989205,1
"1126","PR5 M Order1 - NR5 M Order2",-0.13290343528362,3.7441782263069,19,-0.0354960226919299,1
"1127","PR5 M Order1 - NR6 M Order2",-0.225462109460659,3.74423478924261,19,-0.0602158043369565,1
"1128","PR5 M Order1 - PR0 M Order2",0.0966501967567701,5.20596572155174,19,0.0185652772081568,1
"1129","PR5 M Order1 - PR1 M Order2",-15.1741650309042,9.97402868306415,19,-1.5213676953496,0.999939093333352
"1130","PR5 M Order1 - PR2 M Order2",-0.295779588636825,5.92451164989718,19,-0.0499247205703373,1
"1131","PR5 M Order1 - PR3 M Order2",0.152694518131989,4.67773516435311,19,0.0326428309357068,1
"1132","PR5 M Order1 - PR4 M Order2",-6.50011173942969,5.83436998520544,19,-1.11410687973379,1
"1133","PR5 M Order1 - PR5 M Order2",0.0068709383367267,5.29253347433556,19,0.00129823238153242,1
"1134","PR5 M Order1 - PR6 M Order2",-7.14507008664809,5.73271869161264,19,-1.24636677133693,0.999999532861274
"1135","PR6 M Order1 - NR0 F Order2",-0.0307470066846871,4.34403980378685,19,-0.00707797535784176,1
"1136","PR6 M Order1 - NR1 F Order2",-0.139972887919094,5.54547264044424,19,-0.0252409302136384,1
"1137","PR6 M Order1 - NR2 F Order2",0.0815228341659551,4.34322060697052,19,0.0187701343180951,1
"1138","PR6 M Order1 - NR3 F Order2",-0.734159015470357,4.35219629834707,19,-0.168687018034822,1
"1139","PR6 M Order1 - NR4 F Order2",-0.195152865283319,4.3434650258333,19,-0.044930226011404,1
"1140","PR6 M Order1 - NR5 F Order2",-0.0964371015376658,4.34419424180747,19,-0.0221990767838092,1
"1141","PR6 M Order1 - NR6 F Order2",-0.0606879926420781,4.34424299241848,19,-0.0139697509434877,1
"1142","PR6 M Order1 - PR0 F Order2",-2.14854286245349,5.65289590512458,19,-0.380078264046176,1
"1143","PR6 M Order1 - PR1 F Order2",-12.7871733272114,10.2144212362125,19,-1.25187448525012,0.999999473309039
"1144","PR6 M Order1 - PR2 F Order2",-5.98918103464677,6.32083786455323,19,-0.94752960967938,1
"1145","PR6 M Order1 - PR3 F Order2",-0.00598490791452738,5.17052795060892,19,-0.00115750421846623,1
"1146","PR6 M Order1 - PR4 F Order2",-5.60244503738527,6.23642735422041,19,-0.89834206656699,1
"1147","PR6 M Order1 - PR5 F Order2",-11.4459955232466,5.73271869161264,19,-1.99660861433737,0.992347861542298
"1148","PR6 M Order1 - PR6 F Order2",-0.125709585930948,6.14143441040995,19,-0.0204690919954899,1
"1149","PR6 M Order1 - NR0 M Order2",-0.555442602750044,4.34403980378685,19,-0.127863147631807,1
"1150","PR6 M Order1 - NR1 M Order2",-0.352102214412756,5.54547264044424,19,-0.0634936347615899,1
"1151","PR6 M Order1 - NR2 M Order2",-0.171608081828949,4.34322060697052,19,-0.039511712012402,1
"1152","PR6 M Order1 - NR3 M Order2",-0.35584354421577,4.35219629834707,19,-0.0817618323766593,1
"1153","PR6 M Order1 - NR4 M Order2",-0.193744217760765,4.3434650258333,19,-0.0446059117797535,1
"1154","PR6 M Order1 - NR5 M Order2",-0.127391335342601,4.34419424180747,19,-0.0293245026008778,1
"1155","PR6 M Order1 - NR6 M Order2",-0.21995000951964,4.34424299241848,19,-0.0506302271543038,1
"1156","PR6 M Order1 - PR0 M Order2",0.102162296697788,5.65289590512458,19,0.018072559341695,1
"1157","PR6 M Order1 - PR1 M Order2",-15.1686529309631,10.2144212362125,19,-1.48502324117853,0.999964151652788
"1158","PR6 M Order1 - PR2 M Order2",-0.290267488695807,6.32083786455323,19,-0.0459223120282208,1
"1159","PR6 M Order1 - PR3 M Order2",0.158206618073007,5.17052795060892,19,0.0305977686581069,1
"1160","PR6 M Order1 - PR4 M Order2",-6.49459963948867,6.23642735422041,19,-1.04139746534425,1
"1161","PR6 M Order1 - PR5 M Order2",0.012383038277745,5.73271869161264,19,0.00216006382728359,1
"1162","PR6 M Order1 - PR6 M Order2",-7.13955798670707,6.14143441040995,19,-1.16252287488494,0.999999934722239
"1163","NR0 F Order2 - NR1 F Order2",-0.109225881234407,3.4626792064066,19,-0.0315437482722392,1
"1164","NR0 F Order2 - NR2 F Order2",0.112269840850642,0.0962814359519684,19,1.16605906154796,0.9999999286696
"1165","NR0 F Order2 - NR3 F Order2",-0.70341200878567,0.287613216032145,19,-2.44568736614333,0.919953538998445
"1166","NR0 F Order2 - NR4 F Order2",-0.164405858598632,0.102529268607895,19,-1.60350172034654,0.999817907357878
"1167","NR0 F Order2 - NR5 F Order2",-0.0656900948529787,0.152903328769467,19,-0.429618474506986,1
"1168","NR0 F Order2 - NR6 F Order2",-0.029940985957391,0.147449587830391,19,-0.203059136332288,1
"1169","NR0 F Order2 - PR0 F Order2",-2.1177958557688,3.62984722048336,19,-0.583439392109399,1
"1170","NR0 F Order2 - PR1 F Order2",-12.7564263205267,9.24342970292201,19,-1.38005337093592,0.999993511477005
"1171","NR0 F Order2 - PR2 F Order2",-5.95843402796208,4.58990215166852,19,-1.29816144899648,0.999998614758919
"1172","NR0 F Order2 - PR3 F Order2",0.0247620987701597,2.82608569657775,19,0.00876197731729981,1
"1173","NR0 F Order2 - PR4 F Order2",-5.57169803070058,4.51367730034673,19,-1.23440327253182,0.999999641392333
"1174","NR0 F Order2 - PR5 F Order2",-11.4152485165619,3.73244596399579,19,-3.05838279419892,0.628074585764182
"1175","NR0 F Order2 - PR6 F Order2",-0.0949625792462613,4.38809165929533,19,-0.0216409743960342,1
"1176","NR0 F Order2 - NR0 M Order2",-0.524695596065357,0.155393102812204,19,-3.37656940089203,0.446847906441038
"1177","NR0 F Order2 - NR1 M Order2",-0.321355207728069,3.45046837479099,19,-0.0931337931035335,1
"1178","NR0 F Order2 - NR2 M Order2",-0.140861075144262,0.130500729233455,19,-1.07938918021119,1
"1179","NR0 F Order2 - NR3 M Order2",-0.325096537531083,0.308346913172549,19,-1.0543207135956,1
"1180","NR0 F Order2 - NR4 M Order2",-0.162997211076078,0.138396640689619,19,-1.17775410056108,0.999999904716441
"1181","NR0 F Order2 - NR5 M Order2",-0.0966443286579142,0.159652153353143,19,-0.605343095148498,1
"1182","NR0 F Order2 - NR6 M Order2",-0.189203002834953,0.160973217319607,19,-1.17536945577286,0.999999910137614
"1183","NR0 F Order2 - PR0 M Order2",0.132909303382475,3.62059350296209,19,0.0367092586543447,1
"1184","NR0 F Order2 - PR1 M Order2",-15.1379059242785,9.24596487070474,19,-1.63724458571565,0.999725040991178
"1185","NR0 F Order2 - PR2 M Order2",-0.259520482011119,4.59417636900098,19,-0.0564890115586819,1
"1186","NR0 F Order2 - PR3 M Order2",0.188953624757694,2.80852710286819,19,0.0672785477358316,1
"1187","NR0 F Order2 - PR4 M Order2",-6.46385263280398,4.47733082806997,19,-1.44368439166474,0.999981098132909
"1188","NR0 F Order2 - PR5 M Order2",0.043130044962432,3.74399903801831,19,0.0115197799263487,1
"1189","NR0 F Order2 - PR6 M Order2",-7.10881098002238,4.34403980378685,19,-1.63645162132847,0.99972762663223
"1190","NR1 F Order2 - NR2 F Order2",0.221495722085049,3.472877928487,19,0.0637787237691785,1
"1191","NR1 F Order2 - NR3 F Order2",-0.594186127551263,3.50468265854281,19,-0.169540636183681,1
"1192","NR1 F Order2 - NR4 F Order2",-0.0551799773642246,3.45851344013875,19,-0.0159548251927599,1
"1193","NR1 F Order2 - NR5 F Order2",0.0435357863814283,3.48977812121381,19,0.0124752304786316,1
"1194","NR1 F Order2 - NR6 F Order2",0.0792848952770159,3.47758188106913,19,0.0227988579387931,1
"1195","NR1 F Order2 - PR0 F Order2",-2.00856997453439,5.54370236744961,19,-0.362315622557212,1
"1196","NR1 F Order2 - PR1 F Order2",-12.6472004392923,10.1263046743264,19,-1.24894528122951,0.999999505801467
"1197","NR1 F Order2 - PR2 F Order2",-5.84920814672768,3.15318957027682,19,-1.85501315933066,0.997473904375967
"1198","NR1 F Order2 - PR3 F Order2",0.133987980004567,5.0048976227721,19,0.026771372783916,1
"1199","NR1 F Order2 - PR4 F Order2",-5.46247214946617,5.67316925278915,19,-0.962860776061036,1
"1200","NR1 F Order2 - PR5 F Order2",-11.3060226353275,5.10765772999611,19,-2.21354351309208,0.971395106920031
"1201","NR1 F Order2 - PR6 F Order2",0.0142633019881457,3.76573872864844,19,0.00378765044946836,1
"1202","NR1 F Order2 - NR0 M Order2",-0.41546971483095,3.45046837479099,19,-0.12040965738633,1
"1203","NR1 F Order2 - NR1 M Order2",-0.212129326493662,4.87722431250234,19,-0.0434938630872251,1
"1204","NR1 F Order2 - NR2 M Order2",-0.0316351939098547,3.44943697280609,19,-0.0091711181155804,1
"1205","NR1 F Order2 - NR3 M Order2",-0.215870656296676,3.46073154230348,19,-0.062377174784552,1
"1206","NR1 F Order2 - NR4 M Order2",-0.0537713298416709,3.44974471797339,19,-0.0155870460679362,1
"1207","NR1 F Order2 - NR5 M Order2",0.0125815525764928,3.45066280576666,19,0.0036461263486733,1
"1208","NR1 F Order2 - NR6 M Order2",-0.0799771216005462,3.45072417989693,19,-0.0231769093764356,1
"1209","NR1 F Order2 - PR0 M Order2",0.242135184616882,4.99902813582025,19,0.0484364516538478,1
"1210","NR1 F Order2 - PR1 M Order2",-15.028680043044,9.86759602838185,19,-1.52303357371112,0.999937639050573
"1211","NR1 F Order2 - PR2 M Order2",-0.150294600776712,5.74352169827173,19,-0.0261676735411198,1
"1212","NR1 F Order2 - PR3 M Order2",0.298179505992101,4.44628040912585,19,0.0670626857856507,1
"1213","NR1 F Order2 - PR4 M Order2",-6.35462675156957,5.6504934592491,19,-1.12461447790332,1
"1214","NR1 F Order2 - PR5 M Order2",0.152355926196839,5.08911719119467,19,0.0299375943750027,1
"1215","NR1 F Order2 - PR6 M Order2",-6.99958509878798,5.54547264044424,19,-1.26221614506554,0.999999342117505
"1216","NR2 F Order2 - NR3 F Order2",-0.815681849636312,0.274035897562623,19,-2.97655109017209,0.675358330198109
"1217","NR2 F Order2 - NR4 F Order2",-0.276675699449274,0.0723890797098224,19,-3.82206405383728,0.243542716630345
"1218","NR2 F Order2 - NR5 F Order2",-0.177959935703621,0.0992521563657464,19,-1.79300825513387,0.998558878186665
"1219","NR2 F Order2 - NR6 F Order2",-0.142210826808033,0.0983732076345115,19,-1.44562559489158,0.999980503367054
"1220","NR2 F Order2 - PR0 F Order2",-2.23006569661944,3.62640330503727,19,-0.614952477437289,1
"1221","NR2 F Order2 - PR1 F Order2",-12.8686961613774,9.2761589588438,19,-1.38728715392576,0.999992632936486
"1222","NR2 F Order2 - PR2 F Order2",-6.07070386881272,4.59650076915754,19,-1.32072290938078,0.999997836695226
"1223","NR2 F Order2 - PR3 F Order2",-0.0875077420804825,2.81047710750411,19,-0.0311362586255667,1
"1224","NR2 F Order2 - PR4 F Order2",-5.68396787155122,4.5040526769903,19,-1.26196745002311,0.999999345598098
"1225","NR2 F Order2 - PR5 F Order2",-11.5275183574126,3.73158378191401,19,-3.08917581142982,0.610137034584113
"1226","NR2 F Order2 - PR6 F Order2",-0.207232420096903,4.38148767074769,19,-0.0472972733623007,1
"1227","NR2 F Order2 - NR0 M Order2",-0.636965436915999,0.130500729233455,19,-4.88093392778305,0.0398834408497404
"1228","NR2 F Order2 - NR1 M Order2",-0.433625048578711,3.44943697280609,19,-0.125708935109477,1
"1229","NR2 F Order2 - NR2 M Order2",-0.253130915994904,0.0995683898600494,19,-2.54228190644338,0.887688016382092
"1230","NR2 F Order2 - NR3 M Order2",-0.437366378381725,0.29658260702863,19,-1.47468653932058,0.999969336556273
"1231","NR2 F Order2 - NR4 M Order2",-0.27526705192672,0.109713509118207,19,-2.50896224301916,0.899554469630931
"1232","NR2 F Order2 - NR5 M Order2",-0.208914169508556,0.135544214185463,19,-1.54129905701989,0.999919539685303
"1233","NR2 F Order2 - NR6 M Order2",-0.301472843685595,0.137097777600823,19,-2.19896229509548,0.973502565463117
"1234","NR2 F Order2 - PR0 M Order2",0.0206394625318333,3.61961057817277,19,0.00570212239302616,1
"1235","NR2 F Order2 - PR1 M Order2",-15.2501757651291,9.24558001502528,19,-1.64945582000757,0.999682423827912
"1236","NR2 F Order2 - PR2 M Order2",-0.371790322861762,4.59340178227595,19,-0.0809400832943349,1
"1237","NR2 F Order2 - PR3 M Order2",0.0766837839070522,2.80725985820231,19,0.0273162399565526,1
"1238","NR2 F Order2 - PR4 M Order2",-6.57612247365462,4.47653602330134,19,-1.46902034059918,0.999971883215737
"1239","NR2 F Order2 - PR5 M Order2",-0.0691397958882101,3.74304851967095,19,-0.0184715200791167,1
"1240","NR2 F Order2 - PR6 M Order2",-7.22108082087303,4.34322060697052,19,-1.66260972543826,0.999630178510674
"1241","NR3 F Order2 - NR4 F Order2",0.539006150187039,0.307907865480882,19,1.75054362234376,0.999048051212915
"1242","NR3 F Order2 - NR5 F Order2",0.637721913932692,0.281734545645663,19,2.26355597419265,0.963238248007171
"1243","NR3 F Order2 - NR6 F Order2",0.673471022828279,0.321648136759976,19,2.09381291498307,0.985472650854567
"1244","NR3 F Order2 - PR0 F Order2",-1.41438384698313,3.56228626286838,19,-0.397043848420048,1
"1245","NR3 F Order2 - PR1 F Order2",-12.0530143117411,9.33801377027233,19,-1.29074711263673,0.999998807788695
"1246","NR3 F Order2 - PR2 F Order2",-5.25502201917641,4.46487646067636,19,-1.17696918726848,0.999999906533598
"1247","NR3 F Order2 - PR3 F Order2",0.72817410755583,2.86894426885364,19,0.253812566337091,1
"1248","NR3 F Order2 - PR4 F Order2",-4.86828602191491,4.53764402742894,19,-1.07286644621908,1
"1249","NR3 F Order2 - PR5 F Order2",-10.7118365077763,3.60687732680884,19,-2.96983665847418,0.679196007088102
"1250","NR3 F Order2 - PR6 F Order2",0.608449429539409,4.37380917478909,19,0.139112020032001,1
"1251","NR3 F Order2 - NR0 M Order2",0.178716412720313,0.308346913172549,19,0.579595271058558,1
"1252","NR3 F Order2 - NR1 M Order2",0.382056801057601,3.46073154230348,19,0.110397699557852,1
"1253","NR3 F Order2 - NR2 M Order2",0.562550933641409,0.29658260702863,19,1.89677654828594,0.996413037724619
"1254","NR3 F Order2 - NR3 M Order2",0.378315471254587,0.407441555716245,19,0.928514693572537,1
"1255","NR3 F Order2 - NR4 M Order2",0.540414797709592,0.300140688037471,19,1.80053827837605,0.998453012594749
"1256","NR3 F Order2 - NR5 M Order2",0.606767680127756,0.310515076174621,19,1.95406834219713,0.994385759439001
"1257","NR3 F Order2 - NR6 M Order2",0.514209005950717,0.311196367516815,19,1.65236185130899,0.999671470990999
"1258","NR3 F Order2 - PR0 M Order2",0.836321312168146,3.63037575412694,19,0.230367699877191,1
"1259","NR3 F Order2 - PR1 M Order2",-14.4344939154928,9.24979984609221,19,-1.56051959563114,0.999895584119048
"1260","NR3 F Order2 - PR2 M Order2",0.443891526774551,4.6018895371302,19,0.0964585358238232,1
"1261","NR3 F Order2 - PR3 M Order2",0.892365633543365,2.82112659942914,19,0.316315344984496,1
"1262","NR3 F Order2 - PR4 M Order2",-5.76044062401831,4.48524493717424,19,-1.28430904102362,0.999998954977032
"1263","NR3 F Order2 - PR5 M Order2",0.746542053748102,3.75345968396404,19,0.198894384542763,1
"1264","NR3 F Order2 - PR6 M Order2",-6.40539897123671,4.35219629834707,19,-1.47176242341584,0.999970675573274
"1265","NR4 F Order2 - NR5 F Order2",0.0987157637456529,0.124636734996036,19,0.792027837930707,1
"1266","NR4 F Order2 - NR6 F Order2",0.134464872641241,0.0931973072229758,19,1.44279783019408,0.999981364276891
"1267","NR4 F Order2 - PR0 F Order2",-1.95338999717017,3.64011325248867,19,-0.536628907310693,1
"1268","NR4 F Order2 - PR1 F Order2",-12.5920204619281,9.25905324240447,19,-1.3599684689423,0.999995474564828
"1269","NR4 F Order2 - PR2 F Order2",-5.79402816936345,4.59802066548112,19,-1.26011355556994,0.999999371013095
"1270","NR4 F Order2 - PR3 F Order2",0.189167957368791,2.82320265783673,19,0.0670047390482908,1
"1271","NR4 F Order2 - PR4 F Order2",-5.40729217210195,4.48870247324489,19,-1.20464481759091,0.9999998184509
"1272","NR4 F Order2 - PR5 F Order2",-11.2508426579633,3.7432294862967,19,-3.00565132304889,0.658638715417033
"1273","NR4 F Order2 - PR6 F Order2",0.0694432793523703,4.36124198698469,19,0.0159228218841355,1
"1274","NR4 F Order2 - NR0 M Order2",-0.360289737466726,0.138396640689619,19,-2.60331273701031,0.86399256528883
"1275","NR4 F Order2 - NR1 M Order2",-0.156949349129438,3.44974471797339,19,-0.0454959314269608,1
"1276","NR4 F Order2 - NR2 M Order2",0.0235447834543699,0.109713509118207,19,0.214602409891041,1
"1277","NR4 F Order2 - NR3 M Order2",-0.160690678932451,0.300140688037471,19,-0.535384522448985,1
"1278","NR4 F Order2 - NR4 M Order2",0.00140864752255371,0.118996823095152,19,0.0118376901661259,1
"1279","NR4 F Order2 - NR5 M Order2",0.0677615299407174,0.143162229037071,19,0.473319886093495,1
"1280","NR4 F Order2 - NR6 M Order2",-0.0247971442363216,0.144633987868664,19,-0.171447559468794,1
"1281","NR4 F Order2 - PR0 M Order2",0.297315161981107,3.61990385610501,19,0.0821334416049979,1
"1282","NR4 F Order2 - PR1 M Order2",-14.9735000656798,9.24569483619585,19,-1.61951052148728,0.99977801224728
"1283","NR4 F Order2 - PR2 M Order2",-0.0951146234124879,4.59363288947208,19,-0.0207057520052324,1
"1284","NR4 F Order2 - PR3 M Order2",0.353359483356326,2.80763799327793,19,0.125856497241575,1
"1285","NR4 F Order2 - PR4 M Order2",-6.29944677420535,4.476773163534,19,-1.40714004129539,0.999989637056726
"1286","NR4 F Order2 - PR5 M Order2",0.207535903561064,3.74333212665328,19,0.0554414881018347,1
"1287","NR4 F Order2 - PR6 M Order2",-6.94440512142375,4.3434650258333,19,-1.59881686168095,0.99982832017151
"1288","NR5 F Order2 - NR6 F Order2",0.0357491088955877,0.116151332430789,19,0.307780445970254,1
"1289","NR5 F Order2 - PR0 F Order2",-2.05210576091582,3.58817034543326,19,-0.571908678618778,1
"1290","NR5 F Order2 - PR1 F Order2",-12.6907362256737,9.28916114037529,19,-1.36618754200673,0.999994934214903
"1291","NR5 F Order2 - PR2 F Order2",-5.8927439331091,4.60468765824366,19,-1.27972717597022,0.999999049312464
"1292","NR5 F Order2 - PR3 F Order2",0.0904521936231384,2.84708907568312,19,0.0317700610057083,1
"1293","NR5 F Order2 - PR4 F Order2",-5.5060079358476,4.48136354021459,19,-1.22864567590603,0.999999684827009
"1294","NR5 F Order2 - PR5 F Order2",-11.349558421709,3.72234963353542,19,-3.04903073033722,0.633513183885282
"1295","NR5 F Order2 - PR6 F Order2",-0.0292724843932826,4.36754089975591,19,-0.00670228054302103,1
"1296","NR5 F Order2 - NR0 M Order2",-0.459005501212378,0.159652153353143,19,-2.87503482773001,0.732262517925533
"1297","NR5 F Order2 - NR1 M Order2",-0.255665112875091,3.45066280576666,19,-0.0740915955183536,1
"1298","NR5 F Order2 - NR2 M Order2",-0.075170980291283,0.135544214185463,19,-0.554586418483548,1
"1299","NR5 F Order2 - NR3 M Order2",-0.259406442678104,0.310515076174621,19,-0.835406917673217,1
"1300","NR5 F Order2 - NR4 M Order2",-0.0973071162230991,0.143162229037071,19,-0.679698247768285,1
"1301","NR5 F Order2 - NR5 M Order2",-0.0309542338049355,0.163800499812994,19,-0.188975209723261,1
"1302","NR5 F Order2 - NR6 M Order2",-0.123512907981974,0.165088371373991,19,-0.748162374817839,1
"1303","NR5 F Order2 - PR0 M Order2",0.198599398235454,3.62077879845759,19,0.0548499119360882,1
"1304","NR5 F Order2 - PR1 M Order2",-15.0722158294255,9.24603743146083,19,-1.63012706158211,0.99974749918292
"1305","NR5 F Order2 - PR2 M Order2",-0.193830387158141,4.59432239869556,19,-0.0421891130698999,1
"1306","NR5 F Order2 - PR3 M Order2",0.254643719610673,2.80876597124322,19,0.0906603548383073,1
"1307","NR5 F Order2 - PR4 M Order2",-6.398162537951,4.47748066859639,19,-1.42896486026744,0.999985101068806
"1308","NR5 F Order2 - PR5 M Order2",0.108820139815411,3.7441782263069,19,0.0290638247535418,1
"1309","NR5 F Order2 - PR6 M Order2",-7.04312088516941,4.34419424180747,19,-1.62127209170072,0.999773185135318
"1310","NR6 F Order2 - PR0 F Order2",-2.08785486981141,3.61852800489468,19,-0.576990109510616,1
"1311","NR6 F Order2 - PR1 F Order2",-12.7264853345693,9.26439437276394,19,-1.37369857353908,0.999994203437357
"1312","NR6 F Order2 - PR2 F Order2",-5.92849304200469,4.62560799467398,19,-1.28166784751991,0.999999010353957
"1313","NR6 F Order2 - PR3 F Order2",0.0547030847275507,2.83024876446537,19,0.0193280129345394,1
"1314","NR6 F Order2 - PR4 F Order2",-5.54175704474319,4.51548420949376,19,-1.22727857913703,0.999999694397413
"1315","NR6 F Order2 - PR5 F Order2",-11.3853075306045,3.77214060652745,19,-3.01826170289172,0.651355675735169
"1316","NR6 F Order2 - PR6 F Order2",-0.0650215932888703,4.38811895709454,19,-0.0148176459947026,1
"1317","NR6 F Order2 - NR0 M Order2",-0.494754610107966,0.160973217319607,19,-3.07352128724399,0.619260534811394
"1318","NR6 F Order2 - NR1 M Order2",-0.291414221770678,3.45072417989694,19,-0.0844501636695235,1
"1319","NR6 F Order2 - NR2 M Order2",-0.110920089186871,0.137097777600823,19,-0.809058258477595,1
"1320","NR6 F Order2 - NR3 M Order2",-0.295155551573692,0.311196367516815,19,-0.948454359955675,1
"1321","NR6 F Order2 - NR4 M Order2",-0.133056225118687,0.144633987868664,19,-0.919951299686968,1
"1322","NR6 F Order2 - NR5 M Order2",-0.0667033427005232,0.165088371373991,19,-0.404046282275167,1
"1323","NR6 F Order2 - NR6 M Order2",-0.159262016877562,0.166366273585865,19,-0.957297494527122,1
"1324","NR6 F Order2 - PR0 M Order2",0.162850289339867,3.62083728907886,19,0.0449758650660869,1
"1325","NR6 F Order2 - PR1 M Order2",-15.1079649383211,9.24606033673795,19,-1.63398943853867,0.999735520076755
"1326","NR6 F Order2 - PR2 M Order2",-0.229579496053728,4.59436849521015,19,-0.0499697610875305,1
"1327","NR6 F Order2 - PR3 M Order2",0.218894610715085,2.80884137107061,19,0.0779305705795883,1
"1328","NR6 F Order2 - PR4 M Order2",-6.43391164684659,4.47752796800626,19,-1.4369338824502,0.999983041074558
"1329","NR6 F Order2 - PR5 M Order2",0.0730710309198231,3.74423478924261,19,0.0195156113419383,1
"1330","NR6 F Order2 - PR6 M Order2",-7.07886999406499,4.34424299241848,19,-1.62948297469063,0.999749449874848
"1331","PR0 F Order2 - PR1 F Order2",-10.6386304647579,10.3336646124266,19,-1.02951187828997,1
"1332","PR0 F Order2 - PR2 F Order2",-3.84063817219328,6.42470398215469,19,-0.597792238033234,1
"1333","PR0 F Order2 - PR3 F Order2",2.14255795453896,5.07614485453716,19,0.422083690662196,1
"1334","PR0 F Order2 - PR4 F Order2",-3.45390217493178,5.87022422665714,19,-0.588376532406946,1
"1335","PR0 F Order2 - PR5 F Order2",-9.29745266079313,5.45114461432528,19,-1.70559640563562,0.999403817364968
"1336","PR0 F Order2 - PR6 F Order2",2.02283327652254,6.01246131315467,19,0.336440131780437,1
"1337","PR0 F Order2 - NR0 M Order2",1.59310025970344,3.62059350296209,19,0.440010804416483,1
"1338","PR0 F Order2 - NR1 M Order2",1.79644064804073,4.99902813582025,19,0.359357979037653,1
"1339","PR0 F Order2 - NR2 M Order2",1.97693478062454,3.61961057817276,19,0.546173334928899,1
"1340","PR0 F Order2 - NR3 M Order2",1.79269931823772,3.63037575412694,19,0.493805445951376,1
"1341","PR0 F Order2 - NR4 M Order2",1.95479864469272,3.61990385610501,19,0.540013967883687,1
"1342","PR0 F Order2 - NR5 M Order2",2.02115152711089,3.62077879845759,19,0.558209059324992,1
"1343","PR0 F Order2 - NR6 M Order2",1.92859285293385,3.62083728907886,19,0.53263726010303,1
"1344","PR0 F Order2 - PR0 M Order2",2.25070515915128,5.117933920146,19,0.4397683116407,1
"1345","PR0 F Order2 - PR1 M Order2",-13.0201100685097,9.92836425034838,19,-1.31140535743869,0.999998196922404
"1346","PR0 F Order2 - PR2 M Order2",1.85827537375768,5.84730765453441,19,0.317800171214977,1
"1347","PR0 F Order2 - PR3 M Order2",2.3067494805265,4.57956054494696,19,0.50370542279908,1
"1348","PR0 F Order2 - PR4 M Order2",-4.34605677703518,5.75595705693462,19,-0.755053718095268,1
"1349","PR0 F Order2 - PR5 M Order2",2.16092590073123,5.20596572155174,19,0.415086463551882,1
"1350","PR0 F Order2 - PR6 M Order2",-4.99101512425358,5.65289590512458,19,-0.882912972044829,1
"1351","PR1 F Order2 - PR2 F Order2",6.79799229256464,10.8829476119464,19,0.624646238772881,1
"1352","PR1 F Order2 - PR3 F Order2",12.7811884192969,8.7895535747104,19,1.4541339683134,0.999977692164683
"1353","PR1 F Order2 - PR4 F Order2",7.18472828982614,11.1467750090973,19,0.644556679753776,1
"1354","PR1 F Order2 - PR5 F Order2",1.34117780396479,10.6487225087506,19,0.125947295824703,1
"1355","PR1 F Order2 - PR6 F Order2",12.6614637412805,10.9202504361452,19,1.15944811113232,0.99999993959203
"1356","PR1 F Order2 - NR0 M Order2",12.2317307244614,9.24596487070474,19,1.32292636793558,0.999997742372384
"1357","PR1 F Order2 - NR1 M Order2",12.4350711127987,9.86759602838185,19,1.26019256129173,0.999999369948882
"1358","PR1 F Order2 - NR2 M Order2",12.6155652453825,9.24558001502528,19,1.36449689742347,0.999995086651126
"1359","PR1 F Order2 - NR3 M Order2",12.4313297829956,9.24979984609221,19,1.34395662499092,0.999996632570578
"1360","PR1 F Order2 - NR4 M Order2",12.5934291094506,9.24569483619585,19,1.36208574180372,0.999995296816788
"1361","PR1 F Order2 - NR5 M Order2",12.6597819918688,9.24603743146083,19,1.36921163100555,0.999994650746227
"1362","PR1 F Order2 - NR6 M Order2",12.5672233176918,9.24606033673795,19,1.3591976322886,0.999995537739419
"1363","PR1 F Order2 - PR0 M Order2",12.8893356239092,9.92836425034838,19,1.29823355579011,0.999998612747991
"1364","PR1 F Order2 - PR1 M Order2",-2.38147960375173,13.0748455350039,19,-0.182142083237317,1
"1365","PR1 F Order2 - PR2 M Order2",12.4969058385156,10.323283193025,19,1.21055536352614,0.999999791611574
"1366","PR1 F Order2 - PR3 M Order2",12.9453799452844,9.66186026919504,19,1.33984342399965,0.999996882607504
"1367","PR1 F Order2 - PR4 M Order2",6.29257368772274,10.2718163300309,19,0.612605744256312,1
"1368","PR1 F Order2 - PR5 M Order2",12.7995563654892,9.97402868306415,19,1.28328850579934,0.999998976697909
"1369","PR1 F Order2 - PR6 M Order2",5.64761534050434,10.2144212362125,19,0.552906054087747,1
"1370","PR2 F Order2 - PR3 F Order2",5.98319612673224,5.86226073468463,19,1.02062948025018,1
"1371","PR2 F Order2 - PR4 F Order2",0.386735997261502,6.75499554990136,19,0.0572518507828105,1
"1372","PR2 F Order2 - PR5 F Order2",-5.45681448859985,4.29492749812373,19,-1.27052540257867,0.999999215516226
"1373","PR2 F Order2 - PR6 F Order2",5.86347144871582,4.98500178419776,19,1.17622253763334,0.999999908232154
"1374","PR2 F Order2 - NR0 M Order2",5.43373843189672,4.59417636900098,19,1.18274484814311,0.999999892369995
"1375","PR2 F Order2 - NR1 M Order2",5.63707882023401,5.74352169827173,19,0.981467315067384,1
"1376","PR2 F Order2 - NR2 M Order2",5.81757295281782,4.59340178227595,19,1.26650644306045,0.999999279321554
"1377","PR2 F Order2 - NR3 M Order2",5.633337490431,4.6018895371302,19,1.22413574793106,0.999999715386241
"1378","PR2 F Order2 - NR4 M Order2",5.795436816886,4.59363288947208,19,1.26162385117197,0.999999350378947
"1379","PR2 F Order2 - NR5 M Order2",5.86178969930417,4.59432239869556,19,1.27587687380591,0.999999122454288
"1380","PR2 F Order2 - NR6 M Order2",5.76923102512713,4.59436849521015,19,1.25571795800485,0.999999427672146
"1381","PR2 F Order2 - PR0 M Order2",6.09134333134456,5.84730765453441,19,1.04173470787379,1
"1382","PR2 F Order2 - PR1 M Order2",-9.17947189631637,10.323283193025,19,-0.889200821548574,1
"1383","PR2 F Order2 - PR2 M Order2",5.69891354595096,6.49528798457562,19,0.877391973917737,1
"1384","PR2 F Order2 - PR3 M Order2",6.14738765271978,5.38239110253339,19,1.14212949888133,1
"1385","PR2 F Order2 - PR4 M Order2",-0.505418604841898,6.41317400645508,19,-0.0788094326355682,1
"1386","PR2 F Order2 - PR5 M Order2",6.00156407292451,5.92451164989718,19,1.01300570031433,1
"1387","PR2 F Order2 - PR6 M Order2",-1.1503769520603,6.32083786455323,19,-0.181997541577759,1
"1388","PR3 F Order2 - PR4 F Order2",-5.59646012947074,5.33140535200217,19,-1.04971574284237,1
"1389","PR3 F Order2 - PR5 F Order2",-11.4400106153321,4.7318050707607,19,-2.41768425458257,0.928082613114535
"1390","PR3 F Order2 - PR6 F Order2",-0.119724678016421,5.5374488312503,19,-0.0216209091343221,1
"1391","PR3 F Order2 - NR0 M Order2",-0.549457694835517,2.80852710286819,19,-0.195639092916136,1
"1392","PR3 F Order2 - NR1 M Order2",-0.346117306498229,4.44628040912585,19,-0.0778442371263482,1
"1393","PR3 F Order2 - NR2 M Order2",-0.165623173914421,2.80725985820231,19,-0.0589981627210251,1
"1394","PR3 F Order2 - NR3 M Order2",-0.349858636301243,2.82112659942914,19,-0.124013802277444,1
"1395","PR3 F Order2 - NR4 M Order2",-0.187759309846238,2.80763799327793,19,-0.0668744725266477,1
"1396","PR3 F Order2 - NR5 M Order2",-0.121406427428074,2.80876597124322,19,-0.0432241164522286,1
"1397","PR3 F Order2 - NR6 M Order2",-0.213965101605113,2.8088413710706,19,-0.0761755732483956,1
"1398","PR3 F Order2 - PR0 M Order2",0.108147204612316,4.57956054494696,19,0.0236151926698828,1
"1399","PR3 F Order2 - PR1 M Order2",-15.1626680230486,9.66186026919504,19,-1.56933215763758,0.999882625972804
"1400","PR3 F Order2 - PR2 M Order2",-0.284282580781279,5.38239110253339,19,-0.0528171541914657,1
"1401","PR3 F Order2 - PR3 M Order2",0.164191525987535,3.96881619109386,19,0.0413704031836963,1
"1402","PR3 F Order2 - PR4 M Order2",-6.48861473157414,5.28300755395345,19,-1.22820470448097,0.999999687943979
"1403","PR3 F Order2 - PR5 M Order2",0.0183679461922723,4.67773516435311,19,0.00392667509957513,1
"1404","PR3 F Order2 - PR6 M Order2",-7.13357307879254,5.17052795060892,19,-1.37966048089005,0.999993556347152
"1405","PR4 F Order2 - PR5 F Order2",-5.84355048586135,4.72058786786061,19,-1.23788618058489,0.999999612490815
"1406","PR4 F Order2 - PR6 F Order2",5.47673545145432,3.79738527243323,19,1.44223855588533,0.999981530424502
"1407","PR4 F Order2 - NR0 M Order2",5.04700243463522,4.47733082806997,19,1.12723464681095,1
"1408","PR4 F Order2 - NR1 M Order2",5.25034282297251,5.6504934592491,19,0.929183063539062,1
"1409","PR4 F Order2 - NR2 M Order2",5.43083695555632,4.47653602330134,19,1.21317843245037,0.999999778558338
"1410","PR4 F Order2 - NR3 M Order2",5.2466014931695,4.48524493717424,19,1.16974692946756,0.999999921802477
"1411","PR4 F Order2 - NR4 M Order2",5.4087008196245,4.476773163534,19,1.20816950558979,0.999999802860733
"1412","PR4 F Order2 - NR5 M Order2",5.47505370204267,4.47748066859639,19,1.22279784264462,0.999999723908591
"1413","PR4 F Order2 - NR6 M Order2",5.38249502786563,4.47752796800626,19,1.20211310042633,0.999999828933341
"1414","PR4 F Order2 - PR0 M Order2",5.70460733408306,5.75595705693462,19,0.991078855810834,1
"1415","PR4 F Order2 - PR1 M Order2",-9.56620789357787,10.2718163300309,19,-0.931306361622713,1
"1416","PR4 F Order2 - PR2 M Order2",5.31217754868946,6.41317400645508,19,0.828322690658724,1
"1417","PR4 F Order2 - PR3 M Order2",5.76065165545827,5.28300755395345,19,1.09041139855032,1
"1418","PR4 F Order2 - PR4 M Order2",-0.8921546021034,6.32999491876335,19,-0.140940808571407,1
"1419","PR4 F Order2 - PR5 M Order2",5.61482807566301,5.83436998520544,19,0.962370931206089,1
"1420","PR4 F Order2 - PR6 M Order2",-1.5371129493218,6.23642735422041,19,-0.246473319100171,1
"1421","PR5 F Order2 - PR6 F Order2",11.3202859373157,5.77033256578729,19,1.96180823345165,0.994051975109019
"1422","PR5 F Order2 - NR0 M Order2",10.8905529204966,3.74399903801831,19,2.90880227529677,0.713635019447437
"1423","PR5 F Order2 - NR1 M Order2",11.0938933088339,5.08911719119467,19,2.17992490485949,0.976079495558433
"1424","PR5 F Order2 - NR2 M Order2",11.2743874414177,3.74304851967095,19,3.01208690781513,0.654924389091209
"1425","PR5 F Order2 - NR3 M Order2",11.0901519790308,3.75345968396404,19,2.95464795490184,0.687845164313515
"1426","PR5 F Order2 - NR4 M Order2",11.2522513054859,3.74333212665328,19,3.00594521799643,0.658469211741284
"1427","PR5 F Order2 - NR5 M Order2",11.318604187904,3.7441782263069,19,3.02298755662286,0.648621350264762
"1428","PR5 F Order2 - NR6 M Order2",11.226045513727,3.74423478924261,19,2.99822157146235,0.662919836988825
"1429","PR5 F Order2 - PR0 M Order2",11.5481578199444,5.20596572155174,19,2.21825467888449,0.970688771749873
"1430","PR5 F Order2 - PR1 M Order2",-3.72265740771652,9.97402868306415,19,-0.373235081430794,1
"1431","PR5 F Order2 - PR2 M Order2",11.1557280345508,5.92451164989718,19,1.88297849574562,0.996797962429877
"1432","PR5 F Order2 - PR3 M Order2",11.6042021413196,4.67773516435311,19,2.48073089510282,0.909003502499908
"1433","PR5 F Order2 - PR4 M Order2",4.95139588375795,5.83436998520544,19,0.848659906093289,1
"1434","PR5 F Order2 - PR5 M Order2",11.4583785615244,5.29253347433556,19,2.16500823605332,0.977965050240446
"1435","PR5 F Order2 - PR6 M Order2",4.30643753653955,5.73271869161264,19,0.75120335886011,1
"1436","PR6 F Order2 - NR0 M Order2",-0.429733016819096,4.34403980378685,19,-0.0989247419981011,1
"1437","PR6 F Order2 - NR1 M Order2",-0.226392628481808,5.54547264044424,19,-0.0408247670055536,1
"1438","PR6 F Order2 - NR2 M Order2",-0.0458984958980004,4.34322060697052,19,-0.0105678481595747,1
"1439","PR6 F Order2 - NR3 M Order2",-0.230133958284822,4.35219629834707,19,-0.0528776604980398,1
"1440","PR6 F Order2 - NR4 M Order2",-0.0680346318298166,4.3434650258333,19,-0.0156636766786821,1
"1441","PR6 F Order2 - NR5 M Order2",-0.00168174941165292,4.34419424180747,19,-0.000387125740250787,1
"1442","PR6 F Order2 - NR6 M Order2",-0.0942404235886919,4.34424299241848,19,-0.021693175025697,1
"1443","PR6 F Order2 - PR0 M Order2",0.227871882628737,5.65289590512458,19,0.0403106454555729,1
"1444","PR6 F Order2 - PR1 M Order2",-15.0429433450322,10.2144212362125,19,-1.47271617227822,0.999970244725002
"1445","PR6 F Order2 - PR2 M Order2",-0.164557902764858,6.32083786455323,19,-0.0260341913985306,1
"1446","PR6 F Order2 - PR3 M Order2",0.283916204003956,5.17052795060892,19,0.0549104862629201,1
"1447","PR6 F Order2 - PR4 M Order2",-6.36889005355772,6.23642735422041,19,-1.02124015751545,1
"1448","PR6 F Order2 - PR5 M Order2",0.138092624208693,5.73271869161264,19,0.0240885052341278,1
"1449","PR6 F Order2 - PR6 M Order2",-7.01384840077612,6.14143441040995,19,-1.14205378288945,1
"1450","NR0 M Order2 - NR1 M Order2",0.203340388337288,3.4626792064066,19,0.0587234266348064,1
"1451","NR0 M Order2 - NR2 M Order2",0.383834520921095,0.0962814359519684,19,3.98658907738536,0.188902317003491
"1452","NR0 M Order2 - NR3 M Order2",0.199599058534274,0.287613216032145,19,0.693984307424753,1
"1453","NR0 M Order2 - NR4 M Order2",0.361698384989279,0.102529268607895,19,3.5277573896731,0.369202886473942
"1454","NR0 M Order2 - NR5 M Order2",0.428051267407443,0.152903328769467,19,2.79948952617517,0.772491359674616
"1455","NR0 M Order2 - NR6 M Order2",0.335492593230404,0.147449587830391,19,2.2753037032312,0.961104686854298
"1456","NR0 M Order2 - PR0 M Order2",0.657604899447833,3.62984722048336,19,0.181165999421944,1
"1457","NR0 M Order2 - PR1 M Order2",-14.6132103282131,9.24342970292201,19,-1.58092945993775,0.99986341488663
"1458","NR0 M Order2 - PR2 M Order2",0.265175114054238,4.58990215166852,19,0.0577735876042241,1
"1459","NR0 M Order2 - PR3 M Order2",0.713649220823051,2.82608569657775,19,0.252522144564563,1
"1460","NR0 M Order2 - PR4 M Order2",-5.93915703673862,4.51367730034673,19,-1.31581339150727,0.999998033994522
"1461","NR0 M Order2 - PR5 M Order2",0.567825641027789,3.73244596399579,19,0.152132313904928,1
"1462","NR0 M Order2 - PR6 M Order2",-6.58411538395703,4.38809165929533,19,-1.5004507414994,0.9999549442701
"1463","NR1 M Order2 - NR2 M Order2",0.180494132583808,3.472877928487,19,0.0519724955211547,1
"1464","NR1 M Order2 - NR3 M Order2",-0.00374132980301357,3.50468265854281,19,-0.0010675231304877,1
"1465","NR1 M Order2 - NR4 M Order2",0.158357996651991,3.45851344013875,19,0.0457878795016735,1
"1466","NR1 M Order2 - NR5 M Order2",0.224710879070155,3.48977812121381,19,0.0643911650726942,1
"1467","NR1 M Order2 - NR6 M Order2",0.132152204893116,3.47758188106913,19,0.0380011770858686,1
"1468","NR1 M Order2 - PR0 M Order2",0.454264511110545,5.54370236744961,19,0.0819424422526366,1
"1469","NR1 M Order2 - PR1 M Order2",-14.8165507165504,10.1263046743264,19,-1.46317449386204,0.99997430966464
"1470","NR1 M Order2 - PR2 M Order2",0.0618347257169499,3.15318957027682,19,0.0196102150976991,1
"1471","NR1 M Order2 - PR3 M Order2",0.510308832485764,5.0048976227721,19,0.10196189232001,1
"1472","NR1 M Order2 - PR4 M Order2",-6.14249742507591,5.67316925278915,19,-1.08272768736029,1
"1473","NR1 M Order2 - PR5 M Order2",0.364485252690501,5.10765772999612,19,0.0713605476243958,1
"1474","NR1 M Order2 - PR6 M Order2",-6.78745577229431,3.76573872864844,19,-1.802423445009,0.998425504194555
"1475","NR2 M Order2 - NR3 M Order2",-0.184235462386821,0.274035897562623,19,-0.67230411791112,1
"1476","NR2 M Order2 - NR4 M Order2",-0.0221361359318162,0.0723890797098224,19,-0.305793857589442,1
"1477","NR2 M Order2 - NR5 M Order2",0.0442167464863475,0.0992521563657464,19,0.445499101534961,1
"1478","NR2 M Order2 - NR6 M Order2",-0.0483419276906915,0.0983732076345115,19,-0.491413555104328,1
"1479","NR2 M Order2 - PR0 M Order2",0.273770378526737,3.62640330503727,19,0.0754936380480503,1
"1480","NR2 M Order2 - PR1 M Order2",-14.9970448491342,9.2761589588438,19,-1.61673004049118,0.999785448039706
"1481","NR2 M Order2 - PR2 M Order2",-0.118659406866858,4.59650076915754,19,-0.0258151608856591,1
"1482","NR2 M Order2 - PR3 M Order2",0.329814699901956,2.81047710750411,19,0.117351854253264,1
"1483","NR2 M Order2 - PR4 M Order2",-6.32299155765972,4.5040526769903,19,-1.40384493946125,0.999990200457407
"1484","NR2 M Order2 - PR5 M Order2",0.183991120106694,3.73158378191401,19,0.0493064422132097,1
"1485","NR2 M Order2 - PR6 M Order2",-6.96794990487812,4.38148767074769,19,-1.59031599047934,0.999845881987313
"1486","NR3 M Order2 - NR4 M Order2",0.162099326455005,0.307907865480882,19,0.526453996885864,1
"1487","NR3 M Order2 - NR5 M Order2",0.228452208873169,0.281734545645663,19,0.810877517166435,1
"1488","NR3 M Order2 - NR6 M Order2",0.13589353469613,0.321648136759976,19,0.422491285244217,1
"1489","NR3 M Order2 - PR0 M Order2",0.458005840913558,3.56228626286838,19,0.128570756844445,1
"1490","NR3 M Order2 - PR1 M Order2",-14.8128093867474,9.33801377027233,19,-1.58629123399926,0.999853629124028
"1491","NR3 M Order2 - PR2 M Order2",0.0655760555199634,4.46487646067636,19,0.0146870929347124,1
"1492","NR3 M Order2 - PR3 M Order2",0.514050162288777,2.86894426885364,19,0.179177465337861,1
"1493","NR3 M Order2 - PR4 M Order2",-6.1387560952729,4.53764402742894,19,-1.35285096366432,0.999996028009939
"1494","NR3 M Order2 - PR5 M Order2",0.368226582493515,3.60687732680884,19,0.102090132025449,1
"1495","NR3 M Order2 - PR6 M Order2",-6.7837144424913,4.37380917478909,19,-1.55098546173278,0.999908159892053
"1496","NR4 M Order2 - NR5 M Order2",0.0663528824181636,0.124636734996036,19,0.532370191021724,1
"1497","NR4 M Order2 - NR6 M Order2",-0.0262057917588753,0.0931973072229758,19,-0.281186147322665,1
"1498","NR4 M Order2 - PR0 M Order2",0.295906514458553,3.64011325248867,19,0.081290469261155,1
"1499","NR4 M Order2 - PR1 M Order2",-14.9749087132024,9.25905324240447,19,-1.61732612624156,0.99978387261944
"1500","NR4 M Order2 - PR2 M Order2",-0.0965232709350416,4.59802066548112,19,-0.0209923525702427,1
"1501","NR4 M Order2 - PR3 M Order2",0.351950835833772,2.82320265783673,19,0.124663681105859,1
"1502","NR4 M Order2 - PR4 M Order2",-6.3008554217279,4.48870247324489,19,-1.40371420455787,0.999990222225854
"1503","NR4 M Order2 - PR5 M Order2",0.20612725603851,3.7432294862967,19,0.0550666895505886,1
"1504","NR4 M Order2 - PR6 M Order2",-6.94581376894631,4.36124198698469,19,-1.59262287891265,0.999841280336884
"1505","NR5 M Order2 - NR6 M Order2",-0.0925586741770389,0.116151332430789,19,-0.796880003354171,1
"1506","NR5 M Order2 - PR0 M Order2",0.22955363204039,3.58817034543326,19,0.0639751210063221,1
"1507","NR5 M Order2 - PR1 M Order2",-15.0412615956205,9.28916114037529,19,-1.61922711516369,0.999778780367969
"1508","NR5 M Order2 - PR2 M Order2",-0.162876153353205,4.60468765824366,19,-0.0353718135608204,1
"1509","NR5 M Order2 - PR3 M Order2",0.285597953415609,2.84708907568312,19,0.100312264851455,1
"1510","NR5 M Order2 - PR4 M Order2",-6.36720830414607,4.48136354021459,19,-1.42081941065669,0.999986970313742
"1511","NR5 M Order2 - PR5 M Order2",0.139774373620346,3.72234963353542,19,0.037550038921946,1
"1512","NR5 M Order2 - PR6 M Order2",-7.01216665136447,4.36754089975591,19,-1.60551825668224,0.999813256820466
"1513","NR6 M Order2 - PR0 M Order2",0.322112306217429,3.61852800489468,19,0.0890174971097963,1
"1514","NR6 M Order2 - PR1 M Order2",-14.9487029214435,9.26439437276394,19,-1.61356504483344,0.999793645201876
"1515","NR6 M Order2 - PR2 M Order2",-0.0703174791761663,4.62560799467398,19,-0.0152017808809418,1
"1516","NR6 M Order2 - PR3 M Order2",0.378156627592648,2.83024876446537,19,0.133612505141074,1
"1517","NR6 M Order2 - PR4 M Order2",-6.27464962996903,4.51548420949376,19,-1.38958511177531,0.999992331955023
"1518","NR6 M Order2 - PR5 M Order2",0.232333047797385,3.77214060652745,19,0.0615918312788626,1
"1519","NR6 M Order2 - PR6 M Order2",-6.91960797718743,4.38811895709454,19,-1.57689617005484,0.999870388666858
"1520","PR0 M Order2 - PR1 M Order2",-15.2708152276609,10.3336646124266,19,-1.47777345214952,0.999967863897357
"1521","PR0 M Order2 - PR2 M Order2",-0.392429785393595,6.42470398215469,19,-0.061081380011221,1
"1522","PR0 M Order2 - PR3 M Order2",0.0560443213752189,5.07614485453716,19,0.0110407253892933,1
"1523","PR0 M Order2 - PR4 M Order2",-6.59676193618646,5.87022422665714,19,-1.12376660268445,1
"1524","PR0 M Order2 - PR5 M Order2",-0.0897792584200434,5.45114461432528,19,-0.0164697994223285,1
"1525","PR0 M Order2 - PR6 M Order2",-7.24172028340486,6.01246131315467,19,-1.20445187190821,0.999999819270323
"1526","PR1 M Order2 - PR2 M Order2",14.8783854422673,10.8829476119464,19,1.36712827928484,0.999994847537357
"1527","PR1 M Order2 - PR3 M Order2",15.3268595490361,8.7895535747104,19,1.74375859009894,0.99911123359115
"1528","PR1 M Order2 - PR4 M Order2",8.67405329147447,11.1467750090973,19,0.778167073830343,1
"1529","PR1 M Order2 - PR5 M Order2",15.1810359692409,10.6487225087506,19,1.42562039312845,0.999985896095648
"1530","PR1 M Order2 - PR6 M Order2",8.02909494425607,10.9202504361452,19,0.73524824281322,1
"1531","PR2 M Order2 - PR3 M Order2",0.448474106768814,5.86226073468463,19,0.0765019037988831,1
"1532","PR2 M Order2 - PR4 M Order2",-6.20433215079286,6.75499554990137,19,-0.918480568189783,1
"1533","PR2 M Order2 - PR5 M Order2",0.302650526973551,4.29492749812373,19,0.0704669699560159,1
"1534","PR2 M Order2 - PR6 M Order2",-6.84929049801126,4.98500178419776,19,-1.37397954795587,0.99999417432367
"1535","PR3 M Order2 - PR4 M Order2",-6.65280625756168,5.33140535200217,19,-1.24785226751953,0.999999517444259
"1536","PR3 M Order2 - PR5 M Order2",-0.145823579795262,4.7318050707607,19,-0.0308177487480099,1
"1537","PR3 M Order2 - PR6 M Order2",-7.29776460478008,5.5374488312503,19,-1.31789291913553,0.999997952533558
"1538","PR4 M Order2 - PR5 M Order2",6.50698267776641,4.72058786786061,19,1.37842634432635,0.999993695460412
"1539","PR4 M Order2 - PR6 M Order2",-0.644958347218404,3.79738527243323,19,-0.169842747297837,1
"1540","PR5 M Order2 - PR6 M Order2",-7.15194102498482,5.7703325657873,19,-1.23943307312809,0.999999598976798
