"sex","order","diet","term","group1","group2","null.value","estimate","conf.low","conf.high","p.adj","p.adj.signif"
"F","1","NR","hour","0","1",0,-0.885714285714282,-3.36398508678215,1.59255651535358,1,"ns"
"F","1","NR","hour","0","2",0,-0.171428571428569,-2.64969937249643,2.3068422296393,1,"ns"
"F","1","NR","hour","0","3",0,-0.114285714285712,-2.59255651535358,2.36398508678215,1,"ns"
"F","1","NR","hour","0","4",0,-0.171428571428569,-2.64969937249643,2.3068422296393,1,"ns"
"F","1","NR","hour","0","5",0,-0.657142857142855,-3.13541365821072,1.82112794392501,1,"ns"
"F","1","NR","hour","0","6",0,-0.657142857142856,-3.13541365821072,1.82112794392501,1,"ns"
"F","1","NR","hour","0","7",0,-0.885714285714283,-3.36398508678215,1.59255651535358,1,"ns"
"F","1","NR","hour","0","8",0,-0.771428571428568,-3.24969937249643,1.7068422296393,1,"ns"
"F","1","NR","hour","0","9",0,-0.799999999999998,-3.27827080106786,1.67827080106787,1,"ns"
"F","1","NR","hour","0","10",0,-0.914285714285712,-3.39255651535358,1.56398508678215,0.999,"ns"
"F","1","NR","hour","0","11",0,-0.771428571428569,-3.24969937249643,1.7068422296393,1,"ns"
"F","1","NR","hour","0","12",0,-0.742857142857141,-3.22112794392501,1.73541365821072,1,"ns"
"F","1","NR","hour","0","13",0,1.05714285714286,-1.42112794392501,3.53541365821072,0.995,"ns"
"F","1","NR","hour","0","14",0,1.08571428571429,-1.39255651535358,3.56398508678215,0.993,"ns"
"F","1","NR","hour","0","15",0,0.714285714285716,-1.76398508678215,3.19255651535358,1,"ns"
"F","1","NR","hour","0","16",0,0.428571428571431,-2.04969937249643,2.9068422296393,1,"ns"
"F","1","NR","hour","0","17",0,0.371428571428573,-2.10684222963929,2.84969937249644,1,"ns"
"F","1","NR","hour","0","18",0,-0.228571428571427,-2.70684222963929,2.24969937249644,1,"ns"
"F","1","NR","hour","0","19",0,-0.314285714285713,-2.79255651535358,2.16398508678215,1,"ns"
"F","1","NR","hour","0","20",0,-0.828571428571426,-3.30684222963929,1.64969937249644,1,"ns"
"F","1","NR","hour","0","21",0,-0.514285714285712,-2.99255651535358,1.96398508678215,1,"ns"
"F","1","NR","hour","0","22",0,-0.514285714285712,-2.99255651535358,1.96398508678215,1,"ns"
"F","1","NR","hour","0","23",0,-0.142857142857141,-2.62112794392501,2.33541365821072,1,"ns"
"F","1","NR","hour","1","2",0,0.714285714285713,-1.76398508678215,3.19255651535358,1,"ns"
"F","1","NR","hour","1","3",0,0.77142857142857,-1.7068422296393,3.24969937249643,1,"ns"
"F","1","NR","hour","1","4",0,0.714285714285712,-1.76398508678215,3.19255651535358,1,"ns"
"F","1","NR","hour","1","5",0,0.228571428571426,-2.24969937249644,2.70684222963929,1,"ns"
"F","1","NR","hour","1","6",0,0.228571428571426,-2.24969937249644,2.70684222963929,1,"ns"
"F","1","NR","hour","1","7",0,-1.08246744900953e-15,-2.47827080106787,2.47827080106786,1,"ns"
"F","1","NR","hour","1","8",0,0.114285714285713,-2.36398508678215,2.59255651535358,1,"ns"
"F","1","NR","hour","1","9",0,0.0857142857142841,-2.39255651535358,2.56398508678215,1,"ns"
"F","1","NR","hour","1","10",0,-0.0285714285714306,-2.5068422296393,2.44969937249643,1,"ns"
"F","1","NR","hour","1","11",0,0.114285714285712,-2.36398508678215,2.59255651535358,1,"ns"
"F","1","NR","hour","1","12",0,0.142857142857141,-2.33541365821072,2.62112794392501,1,"ns"
"F","1","NR","hour","1","13",0,1.94285714285714,-0.535413658210724,4.42112794392501,0.356,"ns"
"F","1","NR","hour","1","14",0,1.97142857142857,-0.506842229639296,4.44969937249643,0.329,"ns"
"F","1","NR","hour","1","15",0,1.6,-0.878270801067867,4.07827080106786,0.731,"ns"
"F","1","NR","hour","1","16",0,1.31428571428571,-1.16398508678215,3.79255651535358,0.942,"ns"
"F","1","NR","hour","1","17",0,1.25714285714285,-1.22112794392501,3.73541365821072,0.963,"ns"
"F","1","NR","hour","1","18",0,0.657142857142855,-1.82112794392501,3.13541365821072,1,"ns"
"F","1","NR","hour","1","19",0,0.571428571428569,-1.9068422296393,3.04969937249643,1,"ns"
"F","1","NR","hour","1","20",0,0.0571428571428555,-2.42112794392501,2.53541365821072,1,"ns"
"F","1","NR","hour","1","21",0,0.371428571428569,-2.1068422296393,2.84969937249643,1,"ns"
"F","1","NR","hour","1","22",0,0.371428571428569,-2.1068422296393,2.84969937249643,1,"ns"
"F","1","NR","hour","1","23",0,0.742857142857141,-1.73541365821072,3.22112794392501,1,"ns"
"F","1","NR","hour","2","3",0,0.0571428571428571,-2.42112794392501,2.53541365821072,1,"ns"
"F","1","NR","hour","2","4",0,-4.44089209850063e-16,-2.47827080106787,2.47827080106786,1,"ns"
"F","1","NR","hour","2","5",0,-0.485714285714286,-2.96398508678215,1.99255651535358,1,"ns"
"F","1","NR","hour","2","6",0,-0.485714285714287,-2.96398508678215,1.99255651535358,1,"ns"
"F","1","NR","hour","2","7",0,-0.714285714285714,-3.19255651535358,1.76398508678215,1,"ns"
"F","1","NR","hour","2","8",0,-0.599999999999999,-3.07827080106786,1.87827080106787,1,"ns"
"F","1","NR","hour","2","9",0,-0.628571428571429,-3.10684222963929,1.84969937249644,1,"ns"
"F","1","NR","hour","2","10",0,-0.742857142857143,-3.22112794392501,1.73541365821072,1,"ns"
"F","1","NR","hour","2","11",0,-0.6,-3.07827080106786,1.87827080106786,1,"ns"
"F","1","NR","hour","2","12",0,-0.571428571428572,-3.04969937249644,1.90684222963929,1,"ns"
"F","1","NR","hour","2","13",0,1.22857142857143,-1.24969937249644,3.70684222963929,0.971,"ns"
"F","1","NR","hour","2","14",0,1.25714285714286,-1.22112794392501,3.73541365821072,0.963,"ns"
"F","1","NR","hour","2","15",0,0.885714285714285,-1.59255651535358,3.36398508678215,1,"ns"
"F","1","NR","hour","2","16",0,0.6,-1.87827080106786,3.07827080106786,1,"ns"
"F","1","NR","hour","2","17",0,0.542857142857142,-1.93541365821072,3.02112794392501,1,"ns"
"F","1","NR","hour","2","18",0,-0.0571428571428575,-2.53541365821072,2.42112794392501,1,"ns"
"F","1","NR","hour","2","19",0,-0.142857142857143,-2.62112794392501,2.33541365821072,1,"ns"
"F","1","NR","hour","2","20",0,-0.657142857142857,-3.13541365821072,1.82112794392501,1,"ns"
"F","1","NR","hour","2","21",0,-0.342857142857143,-2.82112794392501,2.13541365821072,1,"ns"
"F","1","NR","hour","2","22",0,-0.342857142857143,-2.82112794392501,2.13541365821072,1,"ns"
"F","1","NR","hour","2","23",0,0.0285714285714279,-2.44969937249644,2.50684222963929,1,"ns"
"F","1","NR","hour","3","4",0,-0.0571428571428575,-2.53541365821072,2.42112794392501,1,"ns"
"F","1","NR","hour","3","5",0,-0.542857142857143,-3.02112794392501,1.93541365821072,1,"ns"
"F","1","NR","hour","3","6",0,-0.542857142857144,-3.02112794392501,1.93541365821072,1,"ns"
"F","1","NR","hour","3","7",0,-0.771428571428571,-3.24969937249644,1.70684222963929,1,"ns"
"F","1","NR","hour","3","8",0,-0.657142857142856,-3.13541365821072,1.82112794392501,1,"ns"
"F","1","NR","hour","3","9",0,-0.685714285714285,-3.16398508678215,1.79255651535358,1,"ns"
"F","1","NR","hour","3","10",0,-0.8,-3.27827080106786,1.67827080106786,1,"ns"
"F","1","NR","hour","3","11",0,-0.657142857142857,-3.13541365821072,1.82112794392501,1,"ns"
"F","1","NR","hour","3","12",0,-0.628571428571429,-3.10684222963929,1.84969937249644,1,"ns"
"F","1","NR","hour","3","13",0,1.17142857142857,-1.30684222963929,3.64969937249644,0.983,"ns"
"F","1","NR","hour","3","14",0,1.2,-1.27827080106787,3.67827080106786,0.977,"ns"
"F","1","NR","hour","3","15",0,0.828571428571428,-1.64969937249644,3.30684222963929,1,"ns"
"F","1","NR","hour","3","16",0,0.542857142857143,-1.93541365821072,3.02112794392501,1,"ns"
"F","1","NR","hour","3","17",0,0.485714285714285,-1.99255651535358,2.96398508678215,1,"ns"
"F","1","NR","hour","3","18",0,-0.114285714285715,-2.59255651535358,2.36398508678215,1,"ns"
"F","1","NR","hour","3","19",0,-0.200000000000001,-2.67827080106787,2.27827080106786,1,"ns"
"F","1","NR","hour","3","20",0,-0.714285714285714,-3.19255651535358,1.76398508678215,1,"ns"
"F","1","NR","hour","3","21",0,-0.4,-2.87827080106787,2.07827080106786,1,"ns"
"F","1","NR","hour","3","22",0,-0.4,-2.87827080106787,2.07827080106786,1,"ns"
"F","1","NR","hour","3","23",0,-0.0285714285714291,-2.50684222963929,2.44969937249644,1,"ns"
"F","1","NR","hour","4","5",0,-0.485714285714286,-2.96398508678215,1.99255651535358,1,"ns"
"F","1","NR","hour","4","6",0,-0.485714285714286,-2.96398508678215,1.99255651535358,1,"ns"
"F","1","NR","hour","4","7",0,-0.714285714285713,-3.19255651535358,1.76398508678215,1,"ns"
"F","1","NR","hour","4","8",0,-0.599999999999999,-3.07827080106786,1.87827080106787,1,"ns"
"F","1","NR","hour","4","9",0,-0.628571428571428,-3.10684222963929,1.84969937249644,1,"ns"
"F","1","NR","hour","4","10",0,-0.742857142857143,-3.22112794392501,1.73541365821072,1,"ns"
"F","1","NR","hour","4","11",0,-0.6,-3.07827080106786,1.87827080106787,1,"ns"
"F","1","NR","hour","4","12",0,-0.571428571428571,-3.04969937249644,1.90684222963929,1,"ns"
"F","1","NR","hour","4","13",0,1.22857142857143,-1.24969937249644,3.70684222963929,0.971,"ns"
"F","1","NR","hour","4","14",0,1.25714285714286,-1.22112794392501,3.73541365821072,0.963,"ns"
"F","1","NR","hour","4","15",0,0.885714285714286,-1.59255651535358,3.36398508678215,1,"ns"
"F","1","NR","hour","4","16",0,0.6,-1.87827080106786,3.07827080106787,1,"ns"
"F","1","NR","hour","4","17",0,0.542857142857143,-1.93541365821072,3.02112794392501,1,"ns"
"F","1","NR","hour","4","18",0,-0.0571428571428571,-2.53541365821072,2.42112794392501,1,"ns"
"F","1","NR","hour","4","19",0,-0.142857142857143,-2.62112794392501,2.33541365821072,1,"ns"
"F","1","NR","hour","4","20",0,-0.657142857142857,-3.13541365821072,1.82112794392501,1,"ns"
"F","1","NR","hour","4","21",0,-0.342857142857143,-2.82112794392501,2.13541365821072,1,"ns"
"F","1","NR","hour","4","22",0,-0.342857142857143,-2.82112794392501,2.13541365821072,1,"ns"
"F","1","NR","hour","4","23",0,0.0285714285714284,-2.44969937249644,2.50684222963929,1,"ns"
"F","1","NR","hour","5","6",0,-4.9960036108132e-16,-2.47827080106787,2.47827080106786,1,"ns"
"F","1","NR","hour","5","7",0,-0.228571428571427,-2.70684222963929,2.24969937249644,1,"ns"
"F","1","NR","hour","5","8",0,-0.114285714285713,-2.59255651535358,2.36398508678215,1,"ns"
"F","1","NR","hour","5","9",0,-0.142857142857142,-2.62112794392501,2.33541365821072,1,"ns"
"F","1","NR","hour","5","10",0,-0.257142857142857,-2.73541365821072,2.22112794392501,1,"ns"
"F","1","NR","hour","5","11",0,-0.114285714285714,-2.59255651535358,2.36398508678215,1,"ns"
"F","1","NR","hour","5","12",0,-0.0857142857142852,-2.56398508678215,2.39255651535358,1,"ns"
"F","1","NR","hour","5","13",0,1.71428571428571,-0.76398508678215,4.19255651535358,0.606,"ns"
"F","1","NR","hour","5","14",0,1.74285714285714,-0.735413658210722,4.22112794392501,0.574,"ns"
"F","1","NR","hour","5","15",0,1.37142857142857,-1.10684222963929,3.84969937249644,0.915,"ns"
"F","1","NR","hour","5","16",0,1.08571428571429,-1.39255651535358,3.56398508678215,0.993,"ns"
"F","1","NR","hour","5","17",0,1.02857142857143,-1.44969937249644,3.50684222963929,0.997,"ns"
"F","1","NR","hour","5","18",0,0.428571428571429,-2.04969937249644,2.90684222963929,1,"ns"
"F","1","NR","hour","5","19",0,0.342857142857143,-2.13541365821072,2.82112794392501,1,"ns"
"F","1","NR","hour","5","20",0,-0.171428571428571,-2.64969937249644,2.30684222963929,1,"ns"
"F","1","NR","hour","5","21",0,0.142857142857143,-2.33541365821072,2.62112794392501,1,"ns"
"F","1","NR","hour","5","22",0,0.142857142857143,-2.33541365821072,2.62112794392501,1,"ns"
"F","1","NR","hour","5","23",0,0.514285714285714,-1.96398508678215,2.99255651535358,1,"ns"
"F","1","NR","hour","6","7",0,-0.228571428571427,-2.70684222963929,2.24969937249644,1,"ns"
"F","1","NR","hour","6","8",0,-0.114285714285713,-2.59255651535358,2.36398508678215,1,"ns"
"F","1","NR","hour","6","9",0,-0.142857142857142,-2.62112794392501,2.33541365821072,1,"ns"
"F","1","NR","hour","6","10",0,-0.257142857142856,-2.73541365821072,2.22112794392501,1,"ns"
"F","1","NR","hour","6","11",0,-0.114285714285713,-2.59255651535358,2.36398508678215,1,"ns"
"F","1","NR","hour","6","12",0,-0.0857142857142847,-2.56398508678215,2.39255651535358,1,"ns"
"F","1","NR","hour","6","13",0,1.71428571428571,-0.76398508678215,4.19255651535358,0.606,"ns"
"F","1","NR","hour","6","14",0,1.74285714285714,-0.735413658210722,4.22112794392501,0.574,"ns"
"F","1","NR","hour","6","15",0,1.37142857142857,-1.10684222963929,3.84969937249644,0.915,"ns"
"F","1","NR","hour","6","16",0,1.08571428571429,-1.39255651535358,3.56398508678215,0.993,"ns"
"F","1","NR","hour","6","17",0,1.02857142857143,-1.44969937249644,3.50684222963929,0.997,"ns"
"F","1","NR","hour","6","18",0,0.428571428571429,-2.04969937249644,2.90684222963929,1,"ns"
"F","1","NR","hour","6","19",0,0.342857142857143,-2.13541365821072,2.82112794392501,1,"ns"
"F","1","NR","hour","6","20",0,-0.17142857142857,-2.64969937249644,2.30684222963929,1,"ns"
"F","1","NR","hour","6","21",0,0.142857142857144,-2.33541365821072,2.62112794392501,1,"ns"
"F","1","NR","hour","6","22",0,0.142857142857144,-2.33541365821072,2.62112794392501,1,"ns"
"F","1","NR","hour","6","23",0,0.514285714285715,-1.96398508678215,2.99255651535358,1,"ns"
"F","1","NR","hour","7","8",0,0.114285714285714,-2.36398508678215,2.59255651535358,1,"ns"
"F","1","NR","hour","7","9",0,0.0857142857142852,-2.39255651535358,2.56398508678215,1,"ns"
"F","1","NR","hour","7","10",0,-0.0285714285714295,-2.50684222963929,2.44969937249644,1,"ns"
"F","1","NR","hour","7","11",0,0.114285714285713,-2.36398508678215,2.59255651535358,1,"ns"
"F","1","NR","hour","7","12",0,0.142857142857142,-2.33541365821072,2.62112794392501,1,"ns"
"F","1","NR","hour","7","13",0,1.94285714285714,-0.535413658210723,4.42112794392501,0.356,"ns"
"F","1","NR","hour","7","14",0,1.97142857142857,-0.506842229639295,4.44969937249643,0.329,"ns"
"F","1","NR","hour","7","15",0,1.6,-0.878270801067866,4.07827080106786,0.731,"ns"
"F","1","NR","hour","7","16",0,1.31428571428571,-1.16398508678215,3.79255651535358,0.942,"ns"
"F","1","NR","hour","7","17",0,1.25714285714286,-1.22112794392501,3.73541365821072,0.963,"ns"
"F","1","NR","hour","7","18",0,0.657142857142856,-1.82112794392501,3.13541365821072,1,"ns"
"F","1","NR","hour","7","19",0,0.57142857142857,-1.90684222963929,3.04969937249643,1,"ns"
"F","1","NR","hour","7","20",0,0.0571428571428566,-2.42112794392501,2.53541365821072,1,"ns"
"F","1","NR","hour","7","21",0,0.37142857142857,-2.10684222963929,2.84969937249644,1,"ns"
"F","1","NR","hour","7","22",0,0.371428571428571,-2.10684222963929,2.84969937249644,1,"ns"
"F","1","NR","hour","7","23",0,0.742857142857142,-1.73541365821072,3.22112794392501,1,"ns"
"F","1","NR","hour","8","9",0,-0.0285714285714291,-2.50684222963929,2.44969937249644,1,"ns"
"F","1","NR","hour","8","10",0,-0.142857142857144,-2.62112794392501,2.33541365821072,1,"ns"
"F","1","NR","hour","8","11",0,-7.7715611723761e-16,-2.47827080106787,2.47827080106786,1,"ns"
"F","1","NR","hour","8","12",0,0.0285714285714279,-2.44969937249644,2.50684222963929,1,"ns"
"F","1","NR","hour","8","13",0,1.82857142857143,-0.649699372496437,4.30684222963929,0.477,"ns"
"F","1","NR","hour","8","14",0,1.85714285714286,-0.621127943925009,4.33541365821072,0.445,"ns"
"F","1","NR","hour","8","15",0,1.48571428571428,-0.99255651535358,3.96398508678215,0.837,"ns"
"F","1","NR","hour","8","16",0,1.2,-1.27827080106787,3.67827080106786,0.977,"ns"
"F","1","NR","hour","8","17",0,1.14285714285714,-1.33541365821072,3.62112794392501,0.987,"ns"
"F","1","NR","hour","8","18",0,0.542857142857142,-1.93541365821072,3.02112794392501,1,"ns"
"F","1","NR","hour","8","19",0,0.457142857142856,-2.02112794392501,2.93541365821072,1,"ns"
"F","1","NR","hour","8","20",0,-0.0571428571428577,-2.53541365821072,2.42112794392501,1,"ns"
"F","1","NR","hour","8","21",0,0.257142857142856,-2.22112794392501,2.73541365821072,1,"ns"
"F","1","NR","hour","8","22",0,0.257142857142856,-2.22112794392501,2.73541365821072,1,"ns"
"F","1","NR","hour","8","23",0,0.628571428571427,-1.84969937249644,3.10684222963929,1,"ns"
"F","1","NR","hour","9","10",0,-0.114285714285715,-2.59255651535358,2.36398508678215,1,"ns"
"F","1","NR","hour","9","11",0,0.0285714285714283,-2.44969937249644,2.50684222963929,1,"ns"
"F","1","NR","hour","9","12",0,0.057142857142857,-2.42112794392501,2.53541365821072,1,"ns"
"F","1","NR","hour","9","13",0,1.85714285714286,-0.621127943925008,4.33541365821072,0.445,"ns"
"F","1","NR","hour","9","14",0,1.88571428571428,-0.59255651535358,4.36398508678215,0.415,"ns"
"F","1","NR","hour","9","15",0,1.51428571428571,-0.963985086782151,3.99255651535358,0.812,"ns"
"F","1","NR","hour","9","16",0,1.22857142857143,-1.24969937249644,3.70684222963929,0.971,"ns"
"F","1","NR","hour","9","17",0,1.17142857142857,-1.30684222963929,3.64969937249644,0.983,"ns"
"F","1","NR","hour","9","18",0,0.571428571428571,-1.90684222963929,3.04969937249644,1,"ns"
"F","1","NR","hour","9","19",0,0.485714285714285,-1.99255651535358,2.96398508678215,1,"ns"
"F","1","NR","hour","9","20",0,-0.0285714285714286,-2.50684222963929,2.44969937249644,1,"ns"
"F","1","NR","hour","9","21",0,0.285714285714285,-2.19255651535358,2.76398508678215,1,"ns"
"F","1","NR","hour","9","22",0,0.285714285714285,-2.19255651535358,2.76398508678215,1,"ns"
"F","1","NR","hour","9","23",0,0.657142857142856,-1.82112794392501,3.13541365821072,1,"ns"
"F","1","NR","hour","10","11",0,0.142857142857143,-2.33541365821072,2.62112794392501,1,"ns"
"F","1","NR","hour","10","12",0,0.171428571428572,-2.30684222963929,2.64969937249644,1,"ns"
"F","1","NR","hour","10","13",0,1.97142857142857,-0.506842229639294,4.44969937249644,0.329,"ns"
"F","1","NR","hour","10","14",0,2,-0.478270801067866,4.47827080106786,0.302,"ns"
"F","1","NR","hour","10","15",0,1.62857142857143,-0.849699372496436,4.10684222963929,0.701,"ns"
"F","1","NR","hour","10","16",0,1.34285714285714,-1.13541365821072,3.82112794392501,0.929,"ns"
"F","1","NR","hour","10","17",0,1.28571428571429,-1.19255651535358,3.76398508678215,0.953,"ns"
"F","1","NR","hour","10","18",0,0.685714285714286,-1.79255651535358,3.16398508678215,1,"ns"
"F","1","NR","hour","10","19",0,0.6,-1.87827080106787,3.07827080106786,1,"ns"
"F","1","NR","hour","10","20",0,0.0857142857142861,-2.39255651535358,2.56398508678215,1,"ns"
"F","1","NR","hour","10","21",0,0.4,-2.07827080106786,2.87827080106786,1,"ns"
"F","1","NR","hour","10","22",0,0.4,-2.07827080106786,2.87827080106787,1,"ns"
"F","1","NR","hour","10","23",0,0.771428571428571,-1.70684222963929,3.24969937249644,1,"ns"
"F","1","NR","hour","11","12",0,0.0285714285714287,-2.44969937249644,2.50684222963929,1,"ns"
"F","1","NR","hour","11","13",0,1.82857142857143,-0.649699372496436,4.30684222963929,0.477,"ns"
"F","1","NR","hour","11","14",0,1.85714285714286,-0.621127943925008,4.33541365821072,0.445,"ns"
"F","1","NR","hour","11","15",0,1.48571428571429,-0.992556515353579,3.96398508678215,0.837,"ns"
"F","1","NR","hour","11","16",0,1.2,-1.27827080106786,3.67827080106786,0.977,"ns"
"F","1","NR","hour","11","17",0,1.14285714285714,-1.33541365821072,3.62112794392501,0.987,"ns"
"F","1","NR","hour","11","18",0,0.542857142857143,-1.93541365821072,3.02112794392501,1,"ns"
"F","1","NR","hour","11","19",0,0.457142857142857,-2.02112794392501,2.93541365821072,1,"ns"
"F","1","NR","hour","11","20",0,-0.0571428571428569,-2.53541365821072,2.42112794392501,1,"ns"
"F","1","NR","hour","11","21",0,0.257142857142857,-2.22112794392501,2.73541365821072,1,"ns"
"F","1","NR","hour","11","22",0,0.257142857142857,-2.22112794392501,2.73541365821072,1,"ns"
"F","1","NR","hour","11","23",0,0.628571428571428,-1.84969937249644,3.10684222963929,1,"ns"
"F","1","NR","hour","12","13",0,1.8,-0.678270801067865,4.27827080106786,0.509,"ns"
"F","1","NR","hour","12","14",0,1.82857142857143,-0.649699372496437,4.30684222963929,0.477,"ns"
"F","1","NR","hour","12","15",0,1.45714285714286,-1.02112794392501,3.93541365821072,0.859,"ns"
"F","1","NR","hour","12","16",0,1.17142857142857,-1.30684222963929,3.64969937249644,0.983,"ns"
"F","1","NR","hour","12","17",0,1.11428571428571,-1.36398508678215,3.59255651535358,0.991,"ns"
"F","1","NR","hour","12","18",0,0.514285714285714,-1.96398508678215,2.99255651535358,1,"ns"
"F","1","NR","hour","12","19",0,0.428571428571428,-2.04969937249644,2.90684222963929,1,"ns"
"F","1","NR","hour","12","20",0,-0.0857142857142856,-2.56398508678215,2.39255651535358,1,"ns"
"F","1","NR","hour","12","21",0,0.228571428571428,-2.24969937249644,2.70684222963929,1,"ns"
"F","1","NR","hour","12","22",0,0.228571428571428,-2.24969937249644,2.70684222963929,1,"ns"
"F","1","NR","hour","12","23",0,0.599999999999999,-1.87827080106787,3.07827080106786,1,"ns"
"F","1","NR","hour","13","14",0,0.028571428571428,-2.44969937249644,2.50684222963929,1,"ns"
"F","1","NR","hour","13","15",0,-0.342857142857143,-2.82112794392501,2.13541365821072,1,"ns"
"F","1","NR","hour","13","16",0,-0.628571428571428,-3.10684222963929,1.84969937249644,1,"ns"
"F","1","NR","hour","13","17",0,-0.685714285714286,-3.16398508678215,1.79255651535358,1,"ns"
"F","1","NR","hour","13","18",0,-1.28571428571429,-3.76398508678215,1.19255651535358,0.953,"ns"
"F","1","NR","hour","13","19",0,-1.37142857142857,-3.84969937249644,1.10684222963929,0.915,"ns"
"F","1","NR","hour","13","20",0,-1.88571428571429,-4.36398508678215,0.59255651535358,0.415,"ns"
"F","1","NR","hour","13","21",0,-1.57142857142857,-4.04969937249644,0.906842229639294,0.759,"ns"
"F","1","NR","hour","13","22",0,-1.57142857142857,-4.04969937249644,0.906842229639294,0.759,"ns"
"F","1","NR","hour","13","23",0,-1.2,-3.67827080106786,1.27827080106786,0.977,"ns"
"F","1","NR","hour","14","15",0,-0.371428571428571,-2.84969937249644,2.10684222963929,1,"ns"
"F","1","NR","hour","14","16",0,-0.657142857142856,-3.13541365821072,1.82112794392501,1,"ns"
"F","1","NR","hour","14","17",0,-0.714285714285714,-3.19255651535358,1.76398508678215,1,"ns"
"F","1","NR","hour","14","18",0,-1.31428571428571,-3.79255651535358,1.16398508678215,0.942,"ns"
"F","1","NR","hour","14","19",0,-1.4,-3.87827080106786,1.07827080106787,0.898,"ns"
"F","1","NR","hour","14","20",0,-1.91428571428571,-4.39255651535358,0.563985086782152,0.385,"ns"
"F","1","NR","hour","14","21",0,-1.6,-4.07827080106786,0.878270801067865,0.731,"ns"
"F","1","NR","hour","14","22",0,-1.6,-4.07827080106786,0.878270801067865,0.731,"ns"
"F","1","NR","hour","14","23",0,-1.22857142857143,-3.70684222963929,1.24969937249644,0.971,"ns"
"F","1","NR","hour","15","16",0,-0.285714285714285,-2.76398508678215,2.19255651535358,1,"ns"
"F","1","NR","hour","15","17",0,-0.342857142857143,-2.82112794392501,2.13541365821072,1,"ns"
"F","1","NR","hour","15","18",0,-0.942857142857143,-3.42112794392501,1.53541365821072,0.999,"ns"
"F","1","NR","hour","15","19",0,-1.02857142857143,-3.50684222963929,1.44969937249644,0.997,"ns"
"F","1","NR","hour","15","20",0,-1.54285714285714,-4.02112794392501,0.935413658210722,0.787,"ns"
"F","1","NR","hour","15","21",0,-1.22857142857143,-3.70684222963929,1.24969937249644,0.971,"ns"
"F","1","NR","hour","15","22",0,-1.22857142857143,-3.70684222963929,1.24969937249644,0.971,"ns"
"F","1","NR","hour","15","23",0,-0.857142857142857,-3.33541365821072,1.62112794392501,1,"ns"
"F","1","NR","hour","16","17",0,-0.0571428571428576,-2.53541365821072,2.42112794392501,1,"ns"
"F","1","NR","hour","16","18",0,-0.657142857142857,-3.13541365821072,1.82112794392501,1,"ns"
"F","1","NR","hour","16","19",0,-0.742857142857143,-3.22112794392501,1.73541365821072,1,"ns"
"F","1","NR","hour","16","20",0,-1.25714285714286,-3.73541365821072,1.22112794392501,0.963,"ns"
"F","1","NR","hour","16","21",0,-0.942857142857143,-3.42112794392501,1.53541365821072,0.999,"ns"
"F","1","NR","hour","16","22",0,-0.942857142857143,-3.42112794392501,1.53541365821072,0.999,"ns"
"F","1","NR","hour","16","23",0,-0.571428571428572,-3.04969937249644,1.90684222963929,1,"ns"
"F","1","NR","hour","17","18",0,-0.6,-3.07827080106786,1.87827080106787,1,"ns"
"F","1","NR","hour","17","19",0,-0.685714285714286,-3.16398508678215,1.79255651535358,1,"ns"
"F","1","NR","hour","17","20",0,-1.2,-3.67827080106786,1.27827080106787,0.977,"ns"
"F","1","NR","hour","17","21",0,-0.885714285714285,-3.36398508678215,1.59255651535358,1,"ns"
"F","1","NR","hour","17","22",0,-0.885714285714285,-3.36398508678215,1.59255651535358,1,"ns"
"F","1","NR","hour","17","23",0,-0.514285714285714,-2.99255651535358,1.96398508678215,1,"ns"
"F","1","NR","hour","18","19",0,-0.085714285714286,-2.56398508678215,2.39255651535358,1,"ns"
"F","1","NR","hour","18","20",0,-0.6,-3.07827080106786,1.87827080106787,1,"ns"
"F","1","NR","hour","18","21",0,-0.285714285714286,-2.76398508678215,2.19255651535358,1,"ns"
"F","1","NR","hour","18","22",0,-0.285714285714286,-2.76398508678215,2.19255651535358,1,"ns"
"F","1","NR","hour","18","23",0,0.0857142857142854,-2.39255651535358,2.56398508678215,1,"ns"
"F","1","NR","hour","19","20",0,-0.514285714285714,-2.99255651535358,1.96398508678215,1,"ns"
"F","1","NR","hour","19","21",0,-0.2,-2.67827080106786,2.27827080106786,1,"ns"
"F","1","NR","hour","19","22",0,-0.2,-2.67827080106786,2.27827080106786,1,"ns"
"F","1","NR","hour","19","23",0,0.171428571428571,-2.30684222963929,2.64969937249644,1,"ns"
"F","1","NR","hour","20","21",0,0.314285714285714,-2.16398508678215,2.79255651535358,1,"ns"
"F","1","NR","hour","20","22",0,0.314285714285714,-2.16398508678215,2.79255651535358,1,"ns"
"F","1","NR","hour","20","23",0,0.685714285714285,-1.79255651535358,3.16398508678215,1,"ns"
"F","1","NR","hour","21","22",0,1.66533453693773e-16,-2.47827080106786,2.47827080106786,1,"ns"
"F","1","NR","hour","21","23",0,0.371428571428571,-2.10684222963929,2.84969937249644,1,"ns"
"F","1","NR","hour","22","23",0,0.371428571428571,-2.10684222963929,2.84969937249644,1,"ns"
"F","1","PR","hour","0","1",0,-0.942857142857141,-3.2101845101937,1.32447022447942,0.997,"ns"
"F","1","PR","hour","0","2",0,-0.514285714285712,-2.78161308162227,1.75304165305084,1,"ns"
"F","1","PR","hour","0","3",0,0.200000000000002,-2.06732736733655,2.46732736733656,1,"ns"
"F","1","PR","hour","0","4",0,-0.742857142857141,-3.0101845101937,1.52447022447942,1,"ns"
"F","1","PR","hour","0","5",0,-0.514285714285713,-2.78161308162227,1.75304165305084,1,"ns"
"F","1","PR","hour","0","6",0,-0.77142857142857,-3.03875593876513,1.49589879590799,1,"ns"
"F","1","PR","hour","0","7",0,-1.22857142857143,-3.49589879590798,1.03875593876513,0.929,"ns"
"F","1","PR","hour","0","8",0,-0.999999999999997,-3.26732736733655,1.26732736733656,0.993,"ns"
"F","1","PR","hour","0","9",0,-0.914285714285712,-3.18161308162227,1.35304165305085,0.998,"ns"
"F","1","PR","hour","0","10",0,-1.05714285714285,-3.32447022447941,1.2101845101937,0.985,"ns"
"F","1","PR","hour","0","11",0,-0.799999999999999,-3.06732736733656,1.46732736733656,1,"ns"
"F","1","PR","hour","0","12",0,-0.885714285714283,-3.15304165305084,1.38161308162227,0.999,"ns"
"F","1","PR","hour","0","13",0,0.714285714285716,-1.55304165305084,2.98161308162227,1,"ns"
"F","1","PR","hour","0","14",0,1.25714285714286,-1.0101845101937,3.52447022447941,0.913,"ns"
"F","1","PR","hour","0","15",0,0.400000000000002,-1.86732736733655,2.66732736733656,1,"ns"
"F","1","PR","hour","0","16",0,-0.0285714285714262,-2.29589879590798,2.23875593876513,1,"ns"
"F","1","PR","hour","0","17",0,-0.114285714285712,-2.38161308162227,2.15304165305084,1,"ns"
"F","1","PR","hour","0","18",0,-0.285714285714283,-2.55304165305084,1.98161308162227,1,"ns"
"F","1","PR","hour","0","19",0,-0.142857142857141,-2.4101845101937,2.12447022447942,1,"ns"
"F","1","PR","hour","0","20",0,-0.228571428571426,-2.49589879590798,2.03875593876513,1,"ns"
"F","1","PR","hour","0","21",0,-0.971428571428568,-3.23875593876513,1.29589879590799,0.995,"ns"
"F","1","PR","hour","0","22",0,-0.599999999999998,-2.86732736733655,1.66732736733656,1,"ns"
"F","1","PR","hour","0","23",0,-0.199999999999998,-2.46732736733655,2.06732736733656,1,"ns"
"F","1","PR","hour","1","2",0,0.428571428571428,-1.83875593876513,2.69589879590798,1,"ns"
"F","1","PR","hour","1","3",0,1.14285714285714,-1.12447022447941,3.4101845101937,0.965,"ns"
"F","1","PR","hour","1","4",0,0.2,-2.06732736733656,2.46732736733656,1,"ns"
"F","1","PR","hour","1","5",0,0.428571428571427,-1.83875593876513,2.69589879590798,1,"ns"
"F","1","PR","hour","1","6",0,0.171428571428571,-2.09589879590799,2.43875593876513,1,"ns"
"F","1","PR","hour","1","7",0,-0.285714285714287,-2.55304165305084,1.98161308162227,1,"ns"
"F","1","PR","hour","1","8",0,-0.0571428571428562,-2.32447022447941,2.2101845101937,1,"ns"
"F","1","PR","hour","1","9",0,0.0285714285714291,-2.23875593876513,2.29589879590799,1,"ns"
"F","1","PR","hour","1","10",0,-0.114285714285714,-2.38161308162227,2.15304165305084,1,"ns"
"F","1","PR","hour","1","11",0,0.142857142857142,-2.12447022447941,2.4101845101937,1,"ns"
"F","1","PR","hour","1","12",0,0.0571428571428578,-2.2101845101937,2.32447022447941,1,"ns"
"F","1","PR","hour","1","13",0,1.65714285714286,-0.6101845101937,3.92447022447941,0.496,"ns"
"F","1","PR","hour","1","14",0,2.2,-0.0673273673365582,4.46732736733655,0.0689,"ns"
"F","1","PR","hour","1","15",0,1.34285714285714,-0.924470224479414,3.6101845101937,0.851,"ns"
"F","1","PR","hour","1","16",0,0.914285714285714,-1.35304165305084,3.18161308162227,0.998,"ns"
"F","1","PR","hour","1","17",0,0.828571428571429,-1.43875593876513,3.09589879590799,0.999,"ns"
"F","1","PR","hour","1","18",0,0.657142857142857,-1.6101845101937,2.92447022447941,1,"ns"
"F","1","PR","hour","1","19",0,0.8,-1.46732736733656,3.06732736733656,1,"ns"
"F","1","PR","hour","1","20",0,0.714285714285714,-1.55304165305084,2.98161308162227,1,"ns"
"F","1","PR","hour","1","21",0,-0.0285714285714276,-2.29589879590798,2.23875593876513,1,"ns"
"F","1","PR","hour","1","22",0,0.342857142857143,-1.92447022447941,2.6101845101937,1,"ns"
"F","1","PR","hour","1","23",0,0.742857142857143,-1.52447022447941,3.0101845101937,1,"ns"
"F","1","PR","hour","2","3",0,0.714285714285715,-1.55304165305084,2.98161308162227,1,"ns"
"F","1","PR","hour","2","4",0,-0.228571428571428,-2.49589879590799,2.03875593876513,1,"ns"
"F","1","PR","hour","2","5",0,-7.7715611723761e-16,-2.26732736733656,2.26732736733656,1,"ns"
"F","1","PR","hour","2","6",0,-0.257142857142857,-2.52447022447941,2.0101845101937,1,"ns"
"F","1","PR","hour","2","7",0,-0.714285714285715,-2.98161308162227,1.55304165305084,1,"ns"
"F","1","PR","hour","2","8",0,-0.485714285714284,-2.75304165305084,1.78161308162227,1,"ns"
"F","1","PR","hour","2","9",0,-0.399999999999999,-2.66732736733656,1.86732736733656,1,"ns"
"F","1","PR","hour","2","10",0,-0.542857142857142,-2.8101845101937,1.72447022447941,1,"ns"
"F","1","PR","hour","2","11",0,-0.285714285714286,-2.55304165305084,1.98161308162227,1,"ns"
"F","1","PR","hour","2","12",0,-0.37142857142857,-2.63875593876513,1.89589879590799,1,"ns"
"F","1","PR","hour","2","13",0,1.22857142857143,-1.03875593876513,3.49589879590798,0.929,"ns"
"F","1","PR","hour","2","14",0,1.77142857142857,-0.495898795907986,4.03875593876513,0.363,"ns"
"F","1","PR","hour","2","15",0,0.914285714285714,-1.35304165305084,3.18161308162227,0.998,"ns"
"F","1","PR","hour","2","16",0,0.485714285714286,-1.78161308162227,2.75304165305084,1,"ns"
"F","1","PR","hour","2","17",0,0.4,-1.86732736733656,2.66732736733656,1,"ns"
"F","1","PR","hour","2","18",0,0.228571428571429,-2.03875593876513,2.49589879590799,1,"ns"
"F","1","PR","hour","2","19",0,0.371428571428572,-1.89589879590798,2.63875593876513,1,"ns"
"F","1","PR","hour","2","20",0,0.285714285714286,-1.98161308162227,2.55304165305084,1,"ns"
"F","1","PR","hour","2","21",0,-0.457142857142856,-2.72447022447941,1.8101845101937,1,"ns"
"F","1","PR","hour","2","22",0,-0.0857142857142855,-2.35304165305084,2.18161308162227,1,"ns"
"F","1","PR","hour","2","23",0,0.314285714285714,-1.95304165305084,2.58161308162227,1,"ns"
"F","1","PR","hour","3","4",0,-0.942857142857143,-3.2101845101937,1.32447022447941,0.997,"ns"
"F","1","PR","hour","3","5",0,-0.714285714285715,-2.98161308162227,1.55304165305084,1,"ns"
"F","1","PR","hour","3","6",0,-0.971428571428572,-3.23875593876513,1.29589879590798,0.995,"ns"
"F","1","PR","hour","3","7",0,-1.42857142857143,-3.69589879590799,0.838755938765127,0.769,"ns"
"F","1","PR","hour","3","8",0,-1.2,-3.46732736733656,1.06732736733656,0.943,"ns"
"F","1","PR","hour","3","9",0,-1.11428571428571,-3.38161308162227,1.15304165305084,0.973,"ns"
"F","1","PR","hour","3","10",0,-1.25714285714286,-3.52447022447941,1.0101845101937,0.913,"ns"
"F","1","PR","hour","3","11",0,-1,-3.26732736733656,1.26732736733656,0.993,"ns"
"F","1","PR","hour","3","12",0,-1.08571428571429,-3.35304165305084,1.18161308162227,0.98,"ns"
"F","1","PR","hour","3","13",0,0.514285714285713,-1.75304165305084,2.78161308162227,1,"ns"
"F","1","PR","hour","3","14",0,1.05714285714286,-1.2101845101937,3.32447022447941,0.985,"ns"
"F","1","PR","hour","3","15",0,0.2,-2.06732736733656,2.46732736733656,1,"ns"
"F","1","PR","hour","3","16",0,-0.228571428571428,-2.49589879590799,2.03875593876513,1,"ns"
"F","1","PR","hour","3","17",0,-0.314285714285714,-2.58161308162227,1.95304165305084,1,"ns"
"F","1","PR","hour","3","18",0,-0.485714285714286,-2.75304165305084,1.78161308162227,1,"ns"
"F","1","PR","hour","3","19",0,-0.342857142857143,-2.6101845101937,1.92447022447941,1,"ns"
"F","1","PR","hour","3","20",0,-0.428571428571429,-2.69589879590799,1.83875593876513,1,"ns"
"F","1","PR","hour","3","21",0,-1.17142857142857,-3.43875593876513,1.09589879590799,0.955,"ns"
"F","1","PR","hour","3","22",0,-0.8,-3.06732736733656,1.46732736733656,1,"ns"
"F","1","PR","hour","3","23",0,-0.4,-2.66732736733656,1.86732736733656,1,"ns"
"F","1","PR","hour","4","5",0,0.228571428571428,-2.03875593876513,2.49589879590798,1,"ns"
"F","1","PR","hour","4","6",0,-0.0285714285714288,-2.29589879590799,2.23875593876513,1,"ns"
"F","1","PR","hour","4","7",0,-0.485714285714286,-2.75304165305084,1.78161308162227,1,"ns"
"F","1","PR","hour","4","8",0,-0.257142857142856,-2.52447022447941,2.0101845101937,1,"ns"
"F","1","PR","hour","4","9",0,-0.171428571428571,-2.43875593876513,2.09589879590799,1,"ns"
"F","1","PR","hour","4","10",0,-0.314285714285714,-2.58161308162227,1.95304165305084,1,"ns"
"F","1","PR","hour","4","11",0,-0.0571428571428578,-2.32447022447941,2.2101845101937,1,"ns"
"F","1","PR","hour","4","12",0,-0.142857142857142,-2.4101845101937,2.12447022447941,1,"ns"
"F","1","PR","hour","4","13",0,1.45714285714286,-0.8101845101937,3.72447022447941,0.738,"ns"
"F","1","PR","hour","4","14",0,2,-0.267327367336558,4.26732736733656,0.163,"ns"
"F","1","PR","hour","4","15",0,1.14285714285714,-1.12447022447941,3.4101845101937,0.965,"ns"
"F","1","PR","hour","4","16",0,0.714285714285715,-1.55304165305084,2.98161308162227,1,"ns"
"F","1","PR","hour","4","17",0,0.628571428571429,-1.63875593876513,2.89589879590799,1,"ns"
"F","1","PR","hour","4","18",0,0.457142857142858,-1.8101845101937,2.72447022447941,1,"ns"
"F","1","PR","hour","4","19",0,0.6,-1.66732736733656,2.86732736733656,1,"ns"
"F","1","PR","hour","4","20",0,0.514285714285714,-1.75304165305084,2.78161308162227,1,"ns"
"F","1","PR","hour","4","21",0,-0.228571428571427,-2.49589879590798,2.03875593876513,1,"ns"
"F","1","PR","hour","4","22",0,0.142857142857143,-2.12447022447941,2.4101845101937,1,"ns"
"F","1","PR","hour","4","23",0,0.542857142857143,-1.72447022447941,2.8101845101937,1,"ns"
"F","1","PR","hour","5","6",0,-0.257142857142856,-2.52447022447941,2.0101845101937,1,"ns"
"F","1","PR","hour","5","7",0,-0.714285714285714,-2.98161308162227,1.55304165305084,1,"ns"
"F","1","PR","hour","5","8",0,-0.485714285714284,-2.75304165305084,1.78161308162227,1,"ns"
"F","1","PR","hour","5","9",0,-0.399999999999998,-2.66732736733656,1.86732736733656,1,"ns"
"F","1","PR","hour","5","10",0,-0.542857142857142,-2.8101845101937,1.72447022447942,1,"ns"
"F","1","PR","hour","5","11",0,-0.285714285714285,-2.55304165305084,1.98161308162227,1,"ns"
"F","1","PR","hour","5","12",0,-0.37142857142857,-2.63875593876513,1.89589879590799,1,"ns"
"F","1","PR","hour","5","13",0,1.22857142857143,-1.03875593876513,3.49589879590799,0.929,"ns"
"F","1","PR","hour","5","14",0,1.77142857142857,-0.495898795907986,4.03875593876513,0.363,"ns"
"F","1","PR","hour","5","15",0,0.914285714285715,-1.35304165305084,3.18161308162227,0.998,"ns"
"F","1","PR","hour","5","16",0,0.485714285714287,-1.78161308162227,2.75304165305084,1,"ns"
"F","1","PR","hour","5","17",0,0.400000000000001,-1.86732736733656,2.66732736733656,1,"ns"
"F","1","PR","hour","5","18",0,0.22857142857143,-2.03875593876513,2.49589879590799,1,"ns"
"F","1","PR","hour","5","19",0,0.371428571428572,-1.89589879590798,2.63875593876513,1,"ns"
"F","1","PR","hour","5","20",0,0.285714285714287,-1.98161308162227,2.55304165305084,1,"ns"
"F","1","PR","hour","5","21",0,-0.457142857142855,-2.72447022447941,1.8101845101937,1,"ns"
"F","1","PR","hour","5","22",0,-0.0857142857142847,-2.35304165305084,2.18161308162227,1,"ns"
"F","1","PR","hour","5","23",0,0.314285714285715,-1.95304165305084,2.58161308162227,1,"ns"
"F","1","PR","hour","6","7",0,-0.457142857142858,-2.72447022447941,1.8101845101937,1,"ns"
"F","1","PR","hour","6","8",0,-0.228571428571427,-2.49589879590798,2.03875593876513,1,"ns"
"F","1","PR","hour","6","9",0,-0.142857142857142,-2.4101845101937,2.12447022447941,1,"ns"
"F","1","PR","hour","6","10",0,-0.285714285714285,-2.55304165305084,1.98161308162227,1,"ns"
"F","1","PR","hour","6","11",0,-0.028571428571429,-2.29589879590799,2.23875593876513,1,"ns"
"F","1","PR","hour","6","12",0,-0.114285714285713,-2.38161308162227,2.15304165305084,1,"ns"
"F","1","PR","hour","6","13",0,1.48571428571429,-0.781613081622271,3.75304165305084,0.706,"ns"
"F","1","PR","hour","6","14",0,2.02857142857143,-0.238755938765129,4.29589879590798,0.146,"ns"
"F","1","PR","hour","6","15",0,1.17142857142857,-1.09589879590799,3.43875593876513,0.955,"ns"
"F","1","PR","hour","6","16",0,0.742857142857143,-1.52447022447941,3.0101845101937,1,"ns"
"F","1","PR","hour","6","17",0,0.657142857142858,-1.6101845101937,2.92447022447941,1,"ns"
"F","1","PR","hour","6","18",0,0.485714285714286,-1.78161308162227,2.75304165305084,1,"ns"
"F","1","PR","hour","6","19",0,0.628571428571429,-1.63875593876513,2.89589879590799,1,"ns"
"F","1","PR","hour","6","20",0,0.542857142857143,-1.72447022447941,2.8101845101937,1,"ns"
"F","1","PR","hour","6","21",0,-0.199999999999999,-2.46732736733655,2.06732736733656,1,"ns"
"F","1","PR","hour","6","22",0,0.171428571428572,-2.09589879590798,2.43875593876513,1,"ns"
"F","1","PR","hour","6","23",0,0.571428571428572,-1.69589879590798,2.83875593876513,1,"ns"
"F","1","PR","hour","7","8",0,0.22857142857143,-2.03875593876513,2.49589879590799,1,"ns"
"F","1","PR","hour","7","9",0,0.314285714285716,-1.95304165305084,2.58161308162227,1,"ns"
"F","1","PR","hour","7","10",0,0.171428571428572,-2.09589879590798,2.43875593876513,1,"ns"
"F","1","PR","hour","7","11",0,0.428571428571429,-1.83875593876513,2.69589879590799,1,"ns"
"F","1","PR","hour","7","12",0,0.342857142857144,-1.92447022447941,2.6101845101937,1,"ns"
"F","1","PR","hour","7","13",0,1.94285714285714,-0.324470224479414,4.2101845101937,0.204,"ns"
"F","1","PR","hour","7","14",0,2.48571428571428,0.218386918377728,4.75304165305084,0.0161,"*"
"F","1","PR","hour","7","15",0,1.62857142857143,-0.638755938765128,3.89589879590799,0.531,"ns"
"F","1","PR","hour","7","16",0,1.2,-1.06732736733656,3.46732736733656,0.943,"ns"
"F","1","PR","hour","7","17",0,1.11428571428572,-1.15304165305084,3.38161308162227,0.973,"ns"
"F","1","PR","hour","7","18",0,0.942857142857144,-1.32447022447941,3.2101845101937,0.997,"ns"
"F","1","PR","hour","7","19",0,1.08571428571429,-1.18161308162227,3.35304165305084,0.98,"ns"
"F","1","PR","hour","7","20",0,1,-1.26732736733656,3.26732736733656,0.993,"ns"
"F","1","PR","hour","7","21",0,0.257142857142859,-2.0101845101937,2.52447022447942,1,"ns"
"F","1","PR","hour","7","22",0,0.628571428571429,-1.63875593876513,2.89589879590799,1,"ns"
"F","1","PR","hour","7","23",0,1.02857142857143,-1.23875593876513,3.29589879590799,0.989,"ns"
"F","1","PR","hour","8","9",0,0.0857142857142853,-2.18161308162227,2.35304165305084,1,"ns"
"F","1","PR","hour","8","10",0,-0.057142857142858,-2.32447022447941,2.2101845101937,1,"ns"
"F","1","PR","hour","8","11",0,0.199999999999998,-2.06732736733656,2.46732736733655,1,"ns"
"F","1","PR","hour","8","12",0,0.114285714285714,-2.15304165305084,2.38161308162227,1,"ns"
"F","1","PR","hour","8","13",0,1.71428571428571,-0.553041653050844,3.98161308162227,0.428,"ns"
"F","1","PR","hour","8","14",0,2.25714285714285,-0.0101845101937021,4.52447022447941,0.0525,"ns"
"F","1","PR","hour","8","15",0,1.4,-0.867327367336558,3.66732736733656,0.798,"ns"
"F","1","PR","hour","8","16",0,0.971428571428571,-1.29589879590799,3.23875593876513,0.995,"ns"
"F","1","PR","hour","8","17",0,0.885714285714285,-1.38161308162227,3.15304165305084,0.999,"ns"
"F","1","PR","hour","8","18",0,0.714285714285714,-1.55304165305084,2.98161308162227,1,"ns"
"F","1","PR","hour","8","19",0,0.857142857142856,-1.4101845101937,3.12447022447941,0.999,"ns"
"F","1","PR","hour","8","20",0,0.77142857142857,-1.49589879590799,3.03875593876513,1,"ns"
"F","1","PR","hour","8","21",0,0.0285714285714286,-2.23875593876513,2.29589879590799,1,"ns"
"F","1","PR","hour","8","22",0,0.399999999999999,-1.86732736733656,2.66732736733656,1,"ns"
"F","1","PR","hour","8","23",0,0.799999999999999,-1.46732736733656,3.06732736733656,1,"ns"
"F","1","PR","hour","9","10",0,-0.142857142857143,-2.4101845101937,2.12447022447941,1,"ns"
"F","1","PR","hour","9","11",0,0.114285714285713,-2.15304165305084,2.38161308162227,1,"ns"
"F","1","PR","hour","9","12",0,0.0285714285714286,-2.23875593876513,2.29589879590799,1,"ns"
"F","1","PR","hour","9","13",0,1.62857142857143,-0.638755938765129,3.89589879590798,0.531,"ns"
"F","1","PR","hour","9","14",0,2.17142857142857,-0.0958987959079871,4.43875593876513,0.0786,"ns"
"F","1","PR","hour","9","15",0,1.31428571428571,-0.953041653050843,3.58161308162227,0.874,"ns"
"F","1","PR","hour","9","16",0,0.885714285714285,-1.38161308162227,3.15304165305084,0.999,"ns"
"F","1","PR","hour","9","17",0,0.799999999999999,-1.46732736733656,3.06732736733656,1,"ns"
"F","1","PR","hour","9","18",0,0.628571428571428,-1.63875593876513,2.89589879590798,1,"ns"
"F","1","PR","hour","9","19",0,0.771428571428571,-1.49589879590799,3.03875593876513,1,"ns"
"F","1","PR","hour","9","20",0,0.685714285714285,-1.58161308162227,2.95304165305084,1,"ns"
"F","1","PR","hour","9","21",0,-0.0571428571428567,-2.32447022447941,2.2101845101937,1,"ns"
"F","1","PR","hour","9","22",0,0.314285714285714,-1.95304165305084,2.58161308162227,1,"ns"
"F","1","PR","hour","9","23",0,0.714285714285713,-1.55304165305084,2.98161308162227,1,"ns"
"F","1","PR","hour","10","11",0,0.257142857142856,-2.0101845101937,2.52447022447941,1,"ns"
"F","1","PR","hour","10","12",0,0.171428571428572,-2.09589879590798,2.43875593876513,1,"ns"
"F","1","PR","hour","10","13",0,1.77142857142857,-0.495898795907986,4.03875593876513,0.363,"ns"
"F","1","PR","hour","10","14",0,2.31428571428571,0.0469583469491561,4.58161308162227,0.0397,"*"
"F","1","PR","hour","10","15",0,1.45714285714286,-0.8101845101937,3.72447022447941,0.738,"ns"
"F","1","PR","hour","10","16",0,1.02857142857143,-1.23875593876513,3.29589879590799,0.989,"ns"
"F","1","PR","hour","10","17",0,0.942857142857143,-1.32447022447941,3.2101845101937,0.997,"ns"
"F","1","PR","hour","10","18",0,0.771428571428572,-1.49589879590799,3.03875593876513,1,"ns"
"F","1","PR","hour","10","19",0,0.914285714285714,-1.35304165305084,3.18161308162227,0.998,"ns"
"F","1","PR","hour","10","20",0,0.828571428571429,-1.43875593876513,3.09589879590798,0.999,"ns"
"F","1","PR","hour","10","21",0,0.0857142857142866,-2.18161308162227,2.35304165305084,1,"ns"
"F","1","PR","hour","10","22",0,0.457142857142857,-1.8101845101937,2.72447022447941,1,"ns"
"F","1","PR","hour","10","23",0,0.857142857142857,-1.4101845101937,3.12447022447941,0.999,"ns"
"F","1","PR","hour","11","12",0,-0.0857142857142842,-2.35304165305084,2.18161308162227,1,"ns"
"F","1","PR","hour","11","13",0,1.51428571428571,-0.753041653050842,3.78161308162227,0.672,"ns"
"F","1","PR","hour","11","14",0,2.05714285714286,-0.2101845101937,4.32447022447941,0.13,"ns"
"F","1","PR","hour","11","15",0,1.2,-1.06732736733656,3.46732736733656,0.943,"ns"
"F","1","PR","hour","11","16",0,0.771428571428572,-1.49589879590798,3.03875593876513,1,"ns"
"F","1","PR","hour","11","17",0,0.685714285714287,-1.58161308162227,2.95304165305084,1,"ns"
"F","1","PR","hour","11","18",0,0.514285714285715,-1.75304165305084,2.78161308162227,1,"ns"
"F","1","PR","hour","11","19",0,0.657142857142858,-1.6101845101937,2.92447022447941,1,"ns"
"F","1","PR","hour","11","20",0,0.571428571428572,-1.69589879590798,2.83875593876513,1,"ns"
"F","1","PR","hour","11","21",0,-0.17142857142857,-2.43875593876513,2.09589879590799,1,"ns"
"F","1","PR","hour","11","22",0,0.200000000000001,-2.06732736733656,2.46732736733656,1,"ns"
"F","1","PR","hour","11","23",0,0.600000000000001,-1.66732736733656,2.86732736733656,1,"ns"
"F","1","PR","hour","12","13",0,1.6,-0.667327367336558,3.86732736733656,0.567,"ns"
"F","1","PR","hour","12","14",0,2.14285714285714,-0.124470224479416,4.4101845101937,0.0894,"ns"
"F","1","PR","hour","12","15",0,1.28571428571428,-0.981613081622272,3.55304165305084,0.895,"ns"
"F","1","PR","hour","12","16",0,0.857142857142857,-1.4101845101937,3.12447022447941,0.999,"ns"
"F","1","PR","hour","12","17",0,0.771428571428571,-1.49589879590799,3.03875593876513,1,"ns"
"F","1","PR","hour","12","18",0,0.6,-1.66732736733656,2.86732736733656,1,"ns"
"F","1","PR","hour","12","19",0,0.742857142857142,-1.52447022447941,3.0101845101937,1,"ns"
"F","1","PR","hour","12","20",0,0.657142857142857,-1.6101845101937,2.92447022447941,1,"ns"
"F","1","PR","hour","12","21",0,-0.0857142857142854,-2.35304165305084,2.18161308162227,1,"ns"
"F","1","PR","hour","12","22",0,0.285714285714285,-1.98161308162227,2.55304165305084,1,"ns"
"F","1","PR","hour","12","23",0,0.685714285714285,-1.58161308162227,2.95304165305084,1,"ns"
"F","1","PR","hour","13","14",0,0.542857142857142,-1.72447022447941,2.8101845101937,1,"ns"
"F","1","PR","hour","13","15",0,-0.314285714285714,-2.58161308162227,1.95304165305084,1,"ns"
"F","1","PR","hour","13","16",0,-0.742857142857142,-3.0101845101937,1.52447022447941,1,"ns"
"F","1","PR","hour","13","17",0,-0.828571428571428,-3.09589879590798,1.43875593876513,0.999,"ns"
"F","1","PR","hour","13","18",0,-0.999999999999999,-3.26732736733656,1.26732736733656,0.993,"ns"
"F","1","PR","hour","13","19",0,-0.857142857142856,-3.12447022447941,1.4101845101937,0.999,"ns"
"F","1","PR","hour","13","20",0,-0.942857142857142,-3.2101845101937,1.32447022447941,0.997,"ns"
"F","1","PR","hour","13","21",0,-1.68571428571428,-3.95304165305084,0.581613081622273,0.461,"ns"
"F","1","PR","hour","13","22",0,-1.31428571428571,-3.58161308162227,0.953041653050843,0.874,"ns"
"F","1","PR","hour","13","23",0,-0.914285714285714,-3.18161308162227,1.35304165305084,0.998,"ns"
"F","1","PR","hour","14","15",0,-0.857142857142856,-3.12447022447941,1.4101845101937,0.999,"ns"
"F","1","PR","hour","14","16",0,-1.28571428571428,-3.55304165305084,0.981613081622273,0.895,"ns"
"F","1","PR","hour","14","17",0,-1.37142857142857,-3.63875593876513,0.895898795907987,0.826,"ns"
"F","1","PR","hour","14","18",0,-1.54285714285714,-3.8101845101937,0.724470224479415,0.637,"ns"
"F","1","PR","hour","14","19",0,-1.4,-3.66732736733656,0.867327367336558,0.798,"ns"
"F","1","PR","hour","14","20",0,-1.48571428571428,-3.75304165305084,0.781613081622272,0.706,"ns"
"F","1","PR","hour","14","21",0,-2.22857142857143,-4.49589879590798,0.0387559387651306,0.0602,"ns"
"F","1","PR","hour","14","22",0,-1.85714285714286,-4.12447022447941,0.410184510193701,0.276,"ns"
"F","1","PR","hour","14","23",0,-1.45714285714286,-3.72447022447941,0.810184510193701,0.738,"ns"
"F","1","PR","hour","15","16",0,-0.428571428571428,-2.69589879590798,1.83875593876513,1,"ns"
"F","1","PR","hour","15","17",0,-0.514285714285714,-2.78161308162227,1.75304165305084,1,"ns"
"F","1","PR","hour","15","18",0,-0.685714285714285,-2.95304165305084,1.58161308162227,1,"ns"
"F","1","PR","hour","15","19",0,-0.542857142857142,-2.8101845101937,1.72447022447941,1,"ns"
"F","1","PR","hour","15","20",0,-0.628571428571428,-2.89589879590798,1.63875593876513,1,"ns"
"F","1","PR","hour","15","21",0,-1.37142857142857,-3.63875593876513,0.895898795907986,0.826,"ns"
"F","1","PR","hour","15","22",0,-1,-3.26732736733656,1.26732736733656,0.993,"ns"
"F","1","PR","hour","15","23",0,-0.6,-2.86732736733656,1.66732736733656,1,"ns"
"F","1","PR","hour","16","17",0,-0.0857142857142859,-2.35304165305084,2.18161308162227,1,"ns"
"F","1","PR","hour","16","18",0,-0.257142857142857,-2.52447022447941,2.0101845101937,1,"ns"
"F","1","PR","hour","16","19",0,-0.114285714285715,-2.38161308162227,2.15304165305084,1,"ns"
"F","1","PR","hour","16","20",0,-0.2,-2.46732736733656,2.06732736733656,1,"ns"
"F","1","PR","hour","16","21",0,-0.942857142857142,-3.2101845101937,1.32447022447941,0.997,"ns"
"F","1","PR","hour","16","22",0,-0.571428571428572,-2.83875593876513,1.69589879590798,1,"ns"
"F","1","PR","hour","16","23",0,-0.171428571428572,-2.43875593876513,2.09589879590798,1,"ns"
"F","1","PR","hour","17","18",0,-0.171428571428571,-2.43875593876513,2.09589879590799,1,"ns"
"F","1","PR","hour","17","19",0,-0.0285714285714287,-2.29589879590799,2.23875593876513,1,"ns"
"F","1","PR","hour","17","20",0,-0.114285714285714,-2.38161308162227,2.15304165305084,1,"ns"
"F","1","PR","hour","17","21",0,-0.857142857142856,-3.12447022447941,1.4101845101937,0.999,"ns"
"F","1","PR","hour","17","22",0,-0.485714285714286,-2.75304165305084,1.78161308162227,1,"ns"
"F","1","PR","hour","17","23",0,-0.0857142857142861,-2.35304165305084,2.18161308162227,1,"ns"
"F","1","PR","hour","18","19",0,0.142857142857143,-2.12447022447941,2.4101845101937,1,"ns"
"F","1","PR","hour","18","20",0,0.0571428571428569,-2.2101845101937,2.32447022447941,1,"ns"
"F","1","PR","hour","18","21",0,-0.685714285714285,-2.95304165305084,1.58161308162227,1,"ns"
"F","1","PR","hour","18","22",0,-0.314285714285715,-2.58161308162227,1.95304165305084,1,"ns"
"F","1","PR","hour","18","23",0,0.0857142857142852,-2.18161308162227,2.35304165305084,1,"ns"
"F","1","PR","hour","19","20",0,-0.0857142857142856,-2.35304165305084,2.18161308162227,1,"ns"
"F","1","PR","hour","19","21",0,-0.828571428571428,-3.09589879590798,1.43875593876513,0.999,"ns"
"F","1","PR","hour","19","22",0,-0.457142857142857,-2.72447022447941,1.8101845101937,1,"ns"
"F","1","PR","hour","19","23",0,-0.0571428571428574,-2.32447022447941,2.2101845101937,1,"ns"
"F","1","PR","hour","20","21",0,-0.742857142857142,-3.0101845101937,1.52447022447941,1,"ns"
"F","1","PR","hour","20","22",0,-0.371428571428572,-2.63875593876513,1.89589879590799,1,"ns"
"F","1","PR","hour","20","23",0,0.0285714285714282,-2.23875593876513,2.29589879590799,1,"ns"
"F","1","PR","hour","21","22",0,0.37142857142857,-1.89589879590799,2.63875593876513,1,"ns"
"F","1","PR","hour","21","23",0,0.77142857142857,-1.49589879590799,3.03875593876513,1,"ns"
"F","1","PR","hour","22","23",0,0.4,-1.86732736733656,2.66732736733656,1,"ns"
"F","2","NR","hour","0","1",0,-0.452380952380953,-1.29573702376745,0.390975119005547,0.941,"ns"
"F","2","NR","hour","0","2",0,-0.142857142857144,-0.986213214243643,0.700498928529356,1,"ns"
"F","2","NR","hour","0","3",0,-0.0238095238095233,-0.867165595196023,0.819546547576976,1,"ns"
"F","2","NR","hour","0","4",0,-0.11904761904762,-0.962403690434119,0.72430845233888,1,"ns"
"F","2","NR","hour","0","5",0,-0.285714285714286,-1.12907035710079,0.557641785672214,1,"ns"
"F","2","NR","hour","0","6",0,-0.357142857142858,-1.20049892852936,0.486213214243642,0.996,"ns"
"F","2","NR","hour","0","7",0,-0.523809523809523,-1.36716559519602,0.319546547576976,0.8,"ns"
"F","2","NR","hour","0","8",0,-0.166666666666668,-1.01002273805317,0.676689404719832,1,"ns"
"F","2","NR","hour","0","9",0,-0.404761904761905,-1.2481179761484,0.438594166624595,0.982,"ns"
"F","2","NR","hour","0","10",0,-0.42857142857143,-1.27192749995793,0.41478464281507,0.966,"ns"
"F","2","NR","hour","0","11",0,-0.476190476190478,-1.31954654757698,0.367165595196022,0.905,"ns"
"F","2","NR","hour","0","12",0,-0.190476190476191,-1.03383226186269,0.652879880910309,1,"ns"
"F","2","NR","hour","0","13",0,1.04761904761905,0.204262976232547,1.89097511900555,0.00217,"**"
"F","2","NR","hour","0","14",0,0.571428571428571,-0.271927499957929,1.41478464281507,0.657,"ns"
"F","2","NR","hour","0","15",0,0.333333333333333,-0.510022738053166,1.17668940471983,0.999,"ns"
"F","2","NR","hour","0","16",0,0.19047619047619,-0.65287988091031,1.03383226186269,1,"ns"
"F","2","NR","hour","0","17",0,-6.66133814775094e-16,-0.8433560713865,0.843356071386499,1,"ns"
"F","2","NR","hour","0","18",0,0.0952380952380947,-0.748117976148405,0.938594166624594,1,"ns"
"F","2","NR","hour","0","19",0,-0.30952380952381,-1.15287988091031,0.533832261862689,1,"ns"
"F","2","NR","hour","0","20",0,-0.380952380952382,-1.22430845233888,0.462403690434118,0.991,"ns"
"F","2","NR","hour","0","21",0,-0.238095238095239,-1.08145130948174,0.60526083329126,1,"ns"
"F","2","NR","hour","0","22",0,-0.0952380952380961,-0.938594166624596,0.748117976148403,1,"ns"
"F","2","NR","hour","0","23",0,0.238095238095238,-0.605260833291262,1.08145130948174,1,"ns"
"F","2","NR","hour","1","2",0,0.309523809523809,-0.533832261862691,1.15287988091031,1,"ns"
"F","2","NR","hour","1","3",0,0.428571428571429,-0.41478464281507,1.27192749995793,0.966,"ns"
"F","2","NR","hour","1","4",0,0.333333333333333,-0.510022738053167,1.17668940471983,0.999,"ns"
"F","2","NR","hour","1","5",0,0.166666666666667,-0.676689404719833,1.01002273805317,1,"ns"
"F","2","NR","hour","1","6",0,0.0952380952380946,-0.748117976148405,0.938594166624594,1,"ns"
"F","2","NR","hour","1","7",0,-0.0714285714285704,-0.91478464281507,0.771927499957929,1,"ns"
"F","2","NR","hour","1","8",0,0.285714285714285,-0.557641785672214,1.12907035710078,1,"ns"
"F","2","NR","hour","1","9",0,0.0476190476190479,-0.795737023767452,0.890975119005547,1,"ns"
"F","2","NR","hour","1","10",0,0.0238095238095228,-0.819546547576977,0.867165595196022,1,"ns"
"F","2","NR","hour","1","11",0,-0.0238095238095253,-0.867165595196025,0.819546547576974,1,"ns"
"F","2","NR","hour","1","12",0,0.261904761904762,-0.581451309481738,1.10526083329126,1,"ns"
"F","2","NR","hour","1","13",0,1.5,0.656643928613499,2.3433560713865,2.83e-07,"****"
"F","2","NR","hour","1","14",0,1.02380952380952,0.180453452423024,1.86716559519602,0.00324,"**"
"F","2","NR","hour","1","15",0,0.785714285714286,-0.0576417856722135,1.62907035710079,0.104,"ns"
"F","2","NR","hour","1","16",0,0.642857142857142,-0.200498928529357,1.48621321424364,0.42,"ns"
"F","2","NR","hour","1","17",0,0.452380952380952,-0.390975119005548,1.29573702376745,0.941,"ns"
"F","2","NR","hour","1","18",0,0.547619047619047,-0.295737023767452,1.39097511900555,0.732,"ns"
"F","2","NR","hour","1","19",0,0.142857142857142,-0.700498928529357,0.986213214243642,1,"ns"
"F","2","NR","hour","1","20",0,0.0714285714285709,-0.771927499957929,0.91478464281507,1,"ns"
"F","2","NR","hour","1","21",0,0.214285714285714,-0.629070357100786,1.05764178567221,1,"ns"
"F","2","NR","hour","1","22",0,0.357142857142857,-0.486213214243643,1.20049892852936,0.996,"ns"
"F","2","NR","hour","1","23",0,0.69047619047619,-0.152879880910309,1.53383226186269,0.283,"ns"
"F","2","NR","hour","2","3",0,0.11904761904762,-0.724308452338879,0.96240369043412,1,"ns"
"F","2","NR","hour","2","4",0,0.0238095238095239,-0.819546547576976,0.867165595196023,1,"ns"
"F","2","NR","hour","2","5",0,-0.142857142857142,-0.986213214243642,0.700498928529357,1,"ns"
"F","2","NR","hour","2","6",0,-0.214285714285714,-1.05764178567221,0.629070357100785,1,"ns"
"F","2","NR","hour","2","7",0,-0.380952380952379,-1.22430845233888,0.46240369043412,0.991,"ns"
"F","2","NR","hour","2","8",0,-0.0238095238095239,-0.867165595196023,0.819546547576976,1,"ns"
"F","2","NR","hour","2","9",0,-0.261904761904761,-1.10526083329126,0.581451309481738,1,"ns"
"F","2","NR","hour","2","10",0,-0.285714285714286,-1.12907035710079,0.557641785672213,1,"ns"
"F","2","NR","hour","2","11",0,-0.333333333333334,-1.17668940471983,0.510022738053165,0.999,"ns"
"F","2","NR","hour","2","12",0,-0.0476190476190471,-0.890975119005547,0.795737023767452,1,"ns"
"F","2","NR","hour","2","13",0,1.19047619047619,0.34712011908969,2.03383226186269,0.000162,"***"
"F","2","NR","hour","2","14",0,0.714285714285714,-0.129070357100785,1.55764178567221,0.225,"ns"
"F","2","NR","hour","2","15",0,0.476190476190477,-0.367165595196022,1.31954654757698,0.905,"ns"
"F","2","NR","hour","2","16",0,0.333333333333333,-0.510022738053166,1.17668940471983,0.999,"ns"
"F","2","NR","hour","2","17",0,0.142857142857143,-0.700498928529357,0.986213214243642,1,"ns"
"F","2","NR","hour","2","18",0,0.238095238095238,-0.605260833291261,1.08145130948174,1,"ns"
"F","2","NR","hour","2","19",0,-0.166666666666667,-1.01002273805317,0.676689404719833,1,"ns"
"F","2","NR","hour","2","20",0,-0.238095238095238,-1.08145130948174,0.605260833291261,1,"ns"
"F","2","NR","hour","2","21",0,-0.0952380952380955,-0.938594166624595,0.748117976148404,1,"ns"
"F","2","NR","hour","2","22",0,0.0476190476190475,-0.795737023767452,0.890975119005547,1,"ns"
"F","2","NR","hour","2","23",0,0.380952380952381,-0.462403690434118,1.22430845233888,0.991,"ns"
"F","2","NR","hour","3","4",0,-0.0952380952380964,-0.938594166624596,0.748117976148403,1,"ns"
"F","2","NR","hour","3","5",0,-0.261904761904762,-1.10526083329126,0.581451309481737,1,"ns"
"F","2","NR","hour","3","6",0,-0.333333333333335,-1.17668940471983,0.510022738053165,0.999,"ns"
"F","2","NR","hour","3","7",0,-0.5,-1.3433560713865,0.3433560713865,0.858,"ns"
"F","2","NR","hour","3","8",0,-0.142857142857144,-0.986213214243644,0.700498928529355,1,"ns"
"F","2","NR","hour","3","9",0,-0.380952380952381,-1.22430845233888,0.462403690434118,0.991,"ns"
"F","2","NR","hour","3","10",0,-0.404761904761907,-1.24811797614841,0.438594166624593,0.982,"ns"
"F","2","NR","hour","3","11",0,-0.452380952380955,-1.29573702376745,0.390975119005545,0.941,"ns"
"F","2","NR","hour","3","12",0,-0.166666666666667,-1.01002273805317,0.676689404719832,1,"ns"
"F","2","NR","hour","3","13",0,1.07142857142857,0.22807250004207,1.91478464281507,0.00143,"**"
"F","2","NR","hour","3","14",0,0.595238095238094,-0.248117976148406,1.43859416662459,0.577,"ns"
"F","2","NR","hour","3","15",0,0.357142857142857,-0.486213214243643,1.20049892852936,0.996,"ns"
"F","2","NR","hour","3","16",0,0.214285714285713,-0.629070357100786,1.05764178567221,1,"ns"
"F","2","NR","hour","3","17",0,0.0238095238095226,-0.819546547576977,0.867165595196022,1,"ns"
"F","2","NR","hour","3","18",0,0.119047619047618,-0.724308452338882,0.962403690434117,1,"ns"
"F","2","NR","hour","3","19",0,-0.285714285714287,-1.12907035710079,0.557641785672212,1,"ns"
"F","2","NR","hour","3","20",0,-0.357142857142858,-1.20049892852936,0.486213214243641,0.996,"ns"
"F","2","NR","hour","3","21",0,-0.214285714285716,-1.05764178567222,0.629070357100784,1,"ns"
"F","2","NR","hour","3","22",0,-0.0714285714285728,-0.914784642815072,0.771927499957927,1,"ns"
"F","2","NR","hour","3","23",0,0.261904761904761,-0.581451309481739,1.10526083329126,1,"ns"
"F","2","NR","hour","4","5",0,-0.166666666666666,-1.01002273805317,0.676689404719834,1,"ns"
"F","2","NR","hour","4","6",0,-0.238095238095238,-1.08145130948174,0.605260833291261,1,"ns"
"F","2","NR","hour","4","7",0,-0.404761904761903,-1.2481179761484,0.438594166624596,0.982,"ns"
"F","2","NR","hour","4","8",0,-0.0476190476190478,-0.890975119005547,0.795737023767452,1,"ns"
"F","2","NR","hour","4","9",0,-0.285714285714285,-1.12907035710078,0.557641785672214,1,"ns"
"F","2","NR","hour","4","10",0,-0.30952380952381,-1.15287988091031,0.533832261862689,1,"ns"
"F","2","NR","hour","4","11",0,-0.357142857142858,-1.20049892852936,0.486213214243641,0.996,"ns"
"F","2","NR","hour","4","12",0,-0.071428571428571,-0.91478464281507,0.771927499957929,1,"ns"
"F","2","NR","hour","4","13",0,1.16666666666667,0.323310595280167,2.01002273805317,0.000255,"***"
"F","2","NR","hour","4","14",0,0.69047619047619,-0.152879880910309,1.53383226186269,0.283,"ns"
"F","2","NR","hour","4","15",0,0.452380952380953,-0.390975119005546,1.29573702376745,0.941,"ns"
"F","2","NR","hour","4","16",0,0.309523809523809,-0.53383226186269,1.15287988091031,1,"ns"
"F","2","NR","hour","4","17",0,0.119047619047619,-0.724308452338881,0.962403690434118,1,"ns"
"F","2","NR","hour","4","18",0,0.214285714285714,-0.629070357100785,1.05764178567221,1,"ns"
"F","2","NR","hour","4","19",0,-0.190476190476191,-1.03383226186269,0.652879880910309,1,"ns"
"F","2","NR","hour","4","20",0,-0.261904761904762,-1.10526083329126,0.581451309481738,1,"ns"
"F","2","NR","hour","4","21",0,-0.119047619047619,-0.962403690434119,0.72430845233888,1,"ns"
"F","2","NR","hour","4","22",0,0.0238095238095236,-0.819546547576976,0.867165595196023,1,"ns"
"F","2","NR","hour","4","23",0,0.357142857142857,-0.486213214243642,1.20049892852936,0.996,"ns"
"F","2","NR","hour","5","6",0,-0.0714285714285723,-0.914784642815072,0.771927499957927,1,"ns"
"F","2","NR","hour","5","7",0,-0.238095238095237,-1.08145130948174,0.605260833291262,1,"ns"
"F","2","NR","hour","5","8",0,0.119047619047618,-0.724308452338881,0.962403690434118,1,"ns"
"F","2","NR","hour","5","9",0,-0.119047619047619,-0.962403690434118,0.724308452338881,1,"ns"
"F","2","NR","hour","5","10",0,-0.142857142857144,-0.986213214243644,0.700498928529355,1,"ns"
"F","2","NR","hour","5","11",0,-0.190476190476192,-1.03383226186269,0.652879880910307,1,"ns"
"F","2","NR","hour","5","12",0,0.0952380952380951,-0.748117976148404,0.938594166624594,1,"ns"
"F","2","NR","hour","5","13",0,1.33333333333333,0.489977261946833,2.17668940471983,9.63e-06,"****"
"F","2","NR","hour","5","14",0,0.857142857142856,0.0137867857563567,1.70049892852936,0.0415,"*"
"F","2","NR","hour","5","15",0,0.619047619047619,-0.22430845233888,1.46240369043412,0.497,"ns"
"F","2","NR","hour","5","16",0,0.476190476190475,-0.367165595196024,1.31954654757697,0.905,"ns"
"F","2","NR","hour","5","17",0,0.285714285714285,-0.557641785672214,1.12907035710078,1,"ns"
"F","2","NR","hour","5","18",0,0.38095238095238,-0.462403690434119,1.22430845233888,0.991,"ns"
"F","2","NR","hour","5","19",0,-0.0238095238095247,-0.867165595196024,0.819546547576975,1,"ns"
"F","2","NR","hour","5","20",0,-0.095238095238096,-0.938594166624595,0.748117976148403,1,"ns"
"F","2","NR","hour","5","21",0,0.0476190476190467,-0.795737023767453,0.890975119005546,1,"ns"
"F","2","NR","hour","5","22",0,0.19047619047619,-0.65287988091031,1.03383226186269,1,"ns"
"F","2","NR","hour","5","23",0,0.523809523809523,-0.319546547576976,1.36716559519602,0.8,"ns"
"F","2","NR","hour","6","7",0,-0.166666666666665,-1.01002273805316,0.676689404719834,1,"ns"
"F","2","NR","hour","6","8",0,0.19047619047619,-0.652879880910309,1.03383226186269,1,"ns"
"F","2","NR","hour","6","9",0,-0.0476190476190467,-0.890975119005546,0.795737023767453,1,"ns"
"F","2","NR","hour","6","10",0,-0.0714285714285718,-0.914784642815071,0.771927499957928,1,"ns"
"F","2","NR","hour","6","11",0,-0.11904761904762,-0.962403690434119,0.72430845233888,1,"ns"
"F","2","NR","hour","6","12",0,0.166666666666667,-0.676689404719832,1.01002273805317,1,"ns"
"F","2","NR","hour","6","13",0,1.4047619047619,0.561405833375405,2.2481179761484,2.18e-06,"****"
"F","2","NR","hour","6","14",0,0.928571428571428,0.085215357184929,1.77192749995793,0.0148,"*"
"F","2","NR","hour","6","15",0,0.690476190476191,-0.152879880910308,1.53383226186269,0.283,"ns"
"F","2","NR","hour","6","16",0,0.547619047619048,-0.295737023767452,1.39097511900555,0.732,"ns"
"F","2","NR","hour","6","17",0,0.357142857142857,-0.486213214243642,1.20049892852936,0.996,"ns"
"F","2","NR","hour","6","18",0,0.452380952380953,-0.390975119005547,1.29573702376745,0.941,"ns"
"F","2","NR","hour","6","19",0,0.0476190476190476,-0.795737023767452,0.890975119005547,1,"ns"
"F","2","NR","hour","6","20",0,-0.0238095238095237,-0.867165595196023,0.819546547576976,1,"ns"
"F","2","NR","hour","6","21",0,0.119047619047619,-0.724308452338881,0.962403690434118,1,"ns"
"F","2","NR","hour","6","22",0,0.261904761904762,-0.581451309481738,1.10526083329126,1,"ns"
"F","2","NR","hour","6","23",0,0.595238095238096,-0.248117976148404,1.4385941666246,0.577,"ns"
"F","2","NR","hour","7","8",0,0.357142857142855,-0.486213214243644,1.20049892852936,0.996,"ns"
"F","2","NR","hour","7","9",0,0.119047619047618,-0.724308452338881,0.962403690434118,1,"ns"
"F","2","NR","hour","7","10",0,0.0952380952380932,-0.748117976148406,0.938594166624593,1,"ns"
"F","2","NR","hour","7","11",0,0.0476190476190451,-0.795737023767454,0.890975119005545,1,"ns"
"F","2","NR","hour","7","12",0,0.333333333333332,-0.510022738053167,1.17668940471983,0.999,"ns"
"F","2","NR","hour","7","13",0,1.57142857142857,0.72807250004207,2.41478464281507,5.88e-08,"****"
"F","2","NR","hour","7","14",0,1.09523809523809,0.251882023851594,1.93859416662459,0.000941,"***"
"F","2","NR","hour","7","15",0,0.857142857142857,0.0137867857563571,1.70049892852936,0.0415,"*"
"F","2","NR","hour","7","16",0,0.714285714285713,-0.129070357100787,1.55764178567221,0.225,"ns"
"F","2","NR","hour","7","17",0,0.523809523809522,-0.319546547576977,1.36716559519602,0.8,"ns"
"F","2","NR","hour","7","18",0,0.619047619047618,-0.224308452338882,1.46240369043412,0.497,"ns"
"F","2","NR","hour","7","19",0,0.214285714285713,-0.629070357100787,1.05764178567221,1,"ns"
"F","2","NR","hour","7","20",0,0.142857142857141,-0.700498928529358,0.986213214243641,1,"ns"
"F","2","NR","hour","7","21",0,0.285714285714284,-0.557641785672216,1.12907035710078,1,"ns"
"F","2","NR","hour","7","22",0,0.428571428571427,-0.414784642815073,1.27192749995793,0.966,"ns"
"F","2","NR","hour","7","23",0,0.761904761904761,-0.0814513094817388,1.60526083329126,0.136,"ns"
"F","2","NR","hour","8","9",0,-0.238095238095237,-1.08145130948174,0.605260833291262,1,"ns"
"F","2","NR","hour","8","10",0,-0.261904761904762,-1.10526083329126,0.581451309481737,1,"ns"
"F","2","NR","hour","8","11",0,-0.30952380952381,-1.15287988091031,0.533832261862689,1,"ns"
"F","2","NR","hour","8","12",0,-0.0238095238095231,-0.867165595196023,0.819546547576976,1,"ns"
"F","2","NR","hour","8","13",0,1.21428571428571,0.370929642899214,2.05764178567221,0.000103,"***"
"F","2","NR","hour","8","14",0,0.738095238095238,-0.105260833291261,1.58145130948174,0.177,"ns"
"F","2","NR","hour","8","15",0,0.500000000000001,-0.343356071386498,1.3433560713865,0.858,"ns"
"F","2","NR","hour","8","16",0,0.357142857142857,-0.486213214243642,1.20049892852936,0.996,"ns"
"F","2","NR","hour","8","17",0,0.166666666666667,-0.676689404719833,1.01002273805317,1,"ns"
"F","2","NR","hour","8","18",0,0.261904761904762,-0.581451309481737,1.10526083329126,1,"ns"
"F","2","NR","hour","8","19",0,-0.142857142857143,-0.986213214243642,0.700498928529357,1,"ns"
"F","2","NR","hour","8","20",0,-0.214285714285714,-1.05764178567221,0.629070357100785,1,"ns"
"F","2","NR","hour","8","21",0,-0.0714285714285715,-0.914784642815071,0.771927499957928,1,"ns"
"F","2","NR","hour","8","22",0,0.0714285714285715,-0.771927499957928,0.914784642815071,1,"ns"
"F","2","NR","hour","8","23",0,0.404761904761905,-0.438594166624594,1.2481179761484,0.982,"ns"
"F","2","NR","hour","9","10",0,-0.0238095238095251,-0.867165595196025,0.819546547576974,1,"ns"
"F","2","NR","hour","9","11",0,-0.0714285714285732,-0.914784642815073,0.771927499957926,1,"ns"
"F","2","NR","hour","9","12",0,0.214285714285714,-0.629070357100785,1.05764178567221,1,"ns"
"F","2","NR","hour","9","13",0,1.45238095238095,0.609024880994452,2.29573702376745,7.92e-07,"****"
"F","2","NR","hour","9","14",0,0.976190476190475,0.132834404803976,1.81954654757697,0.00708,"**"
"F","2","NR","hour","9","15",0,0.738095238095238,-0.105260833291261,1.58145130948174,0.177,"ns"
"F","2","NR","hour","9","16",0,0.595238095238094,-0.248117976148405,1.43859416662459,0.577,"ns"
"F","2","NR","hour","9","17",0,0.404761904761904,-0.438594166624595,1.2481179761484,0.982,"ns"
"F","2","NR","hour","9","18",0,0.499999999999999,-0.3433560713865,1.3433560713865,0.858,"ns"
"F","2","NR","hour","9","19",0,0.0952380952380943,-0.748117976148405,0.938594166624594,1,"ns"
"F","2","NR","hour","9","20",0,0.023809523809523,-0.819546547576976,0.867165595196023,1,"ns"
"F","2","NR","hour","9","21",0,0.166666666666666,-0.676689404719834,1.01002273805317,1,"ns"
"F","2","NR","hour","9","22",0,0.309523809523809,-0.533832261862691,1.15287988091031,1,"ns"
"F","2","NR","hour","9","23",0,0.642857142857142,-0.200498928529357,1.48621321424364,0.42,"ns"
"F","2","NR","hour","10","11",0,-0.047619047619048,-0.890975119005547,0.795737023767451,1,"ns"
"F","2","NR","hour","10","12",0,0.238095238095239,-0.60526083329126,1.08145130948174,1,"ns"
"F","2","NR","hour","10","13",0,1.47619047619048,0.632834404803977,2.31954654757698,4.75e-07,"****"
"F","2","NR","hour","10","14",0,1,0.156643928613501,1.8433560713865,0.00481,"**"
"F","2","NR","hour","10","15",0,0.761904761904763,-0.0814513094817362,1.60526083329126,0.136,"ns"
"F","2","NR","hour","10","16",0,0.61904761904762,-0.22430845233888,1.46240369043412,0.497,"ns"
"F","2","NR","hour","10","17",0,0.428571428571429,-0.41478464281507,1.27192749995793,0.966,"ns"
"F","2","NR","hour","10","18",0,0.523809523809525,-0.319546547576975,1.36716559519602,0.8,"ns"
"F","2","NR","hour","10","19",0,0.119047619047619,-0.72430845233888,0.962403690434119,1,"ns"
"F","2","NR","hour","10","20",0,0.0476190476190482,-0.795737023767451,0.890975119005548,1,"ns"
"F","2","NR","hour","10","21",0,0.190476190476191,-0.652879880910309,1.03383226186269,1,"ns"
"F","2","NR","hour","10","22",0,0.333333333333334,-0.510022738053166,1.17668940471983,0.999,"ns"
"F","2","NR","hour","10","23",0,0.666666666666667,-0.176689404719832,1.51002273805317,0.348,"ns"
"F","2","NR","hour","11","12",0,0.285714285714287,-0.557641785672212,1.12907035710079,1,"ns"
"F","2","NR","hour","11","13",0,1.52380952380952,0.680453452423025,2.36716559519602,1.68e-07,"****"
"F","2","NR","hour","11","14",0,1.04761904761905,0.204262976232549,1.89097511900555,0.00217,"**"
"F","2","NR","hour","11","15",0,0.809523809523811,-0.0338322618626882,1.65287988091031,0.0774,"ns"
"F","2","NR","hour","11","16",0,0.666666666666668,-0.176689404719832,1.51002273805317,0.348,"ns"
"F","2","NR","hour","11","17",0,0.476190476190477,-0.367165595196022,1.31954654757698,0.905,"ns"
"F","2","NR","hour","11","18",0,0.571428571428573,-0.271927499957927,1.41478464281507,0.657,"ns"
"F","2","NR","hour","11","19",0,0.166666666666667,-0.676689404719832,1.01002273805317,1,"ns"
"F","2","NR","hour","11","20",0,0.0952380952380962,-0.748117976148403,0.938594166624596,1,"ns"
"F","2","NR","hour","11","21",0,0.238095238095239,-0.605260833291261,1.08145130948174,1,"ns"
"F","2","NR","hour","11","22",0,0.380952380952382,-0.462403690434118,1.22430845233888,0.991,"ns"
"F","2","NR","hour","11","23",0,0.714285714285716,-0.129070357100784,1.55764178567222,0.225,"ns"
"F","2","NR","hour","12","13",0,1.23809523809524,0.394739166708738,2.08145130948174,6.48e-05,"****"
"F","2","NR","hour","12","14",0,0.761904761904761,-0.0814513094817383,1.60526083329126,0.136,"ns"
"F","2","NR","hour","12","15",0,0.523809523809524,-0.319546547576975,1.36716559519602,0.8,"ns"
"F","2","NR","hour","12","16",0,0.38095238095238,-0.462403690434119,1.22430845233888,0.991,"ns"
"F","2","NR","hour","12","17",0,0.19047619047619,-0.65287988091031,1.03383226186269,1,"ns"
"F","2","NR","hour","12","18",0,0.285714285714285,-0.557641785672214,1.12907035710078,1,"ns"
"F","2","NR","hour","12","19",0,-0.11904761904762,-0.962403690434119,0.72430845233888,1,"ns"
"F","2","NR","hour","12","20",0,-0.190476190476191,-1.03383226186269,0.652879880910308,1,"ns"
"F","2","NR","hour","12","21",0,-0.0476190476190484,-0.890975119005548,0.795737023767451,1,"ns"
"F","2","NR","hour","12","22",0,0.0952380952380946,-0.748117976148405,0.938594166624594,1,"ns"
"F","2","NR","hour","12","23",0,0.428571428571428,-0.414784642815071,1.27192749995793,0.966,"ns"
"F","2","NR","hour","13","14",0,-0.476190476190476,-1.31954654757698,0.367165595196024,0.905,"ns"
"F","2","NR","hour","13","15",0,-0.714285714285713,-1.55764178567221,0.129070357100787,0.225,"ns"
"F","2","NR","hour","13","16",0,-0.857142857142857,-1.70049892852936,-0.0137867857563571,0.0415,"*"
"F","2","NR","hour","13","17",0,-1.04761904761905,-1.89097511900555,-0.204262976232548,0.00217,"**"
"F","2","NR","hour","13","18",0,-0.952380952380952,-1.79573702376745,-0.109024880994452,0.0103,"*"
"F","2","NR","hour","13","19",0,-1.35714285714286,-2.20049892852936,-0.513786785756357,5.9e-06,"****"
"F","2","NR","hour","13","20",0,-1.42857142857143,-2.27192749995793,-0.585215357184928,1.32e-06,"****"
"F","2","NR","hour","13","21",0,-1.28571428571429,-2.12907035710078,-0.442358214327786,2.53e-05,"****"
"F","2","NR","hour","13","22",0,-1.14285714285714,-1.98621321424364,-0.299501071470643,0.000397,"***"
"F","2","NR","hour","13","23",0,-0.809523809523809,-1.65287988091031,0.0338322618626907,0.0774,"ns"
"F","2","NR","hour","14","15",0,-0.238095238095237,-1.08145130948174,0.605260833291262,1,"ns"
"F","2","NR","hour","14","16",0,-0.380952380952381,-1.22430845233888,0.462403690434119,0.991,"ns"
"F","2","NR","hour","14","17",0,-0.571428571428571,-1.41478464281507,0.271927499957928,0.657,"ns"
"F","2","NR","hour","14","18",0,-0.476190476190476,-1.31954654757698,0.367165595196024,0.905,"ns"
"F","2","NR","hour","14","19",0,-0.880952380952381,-1.72430845233888,-0.0375963095658814,0.0298,"*"
"F","2","NR","hour","14","20",0,-0.952380952380952,-1.79573702376745,-0.109024880994453,0.0103,"*"
"F","2","NR","hour","14","21",0,-0.80952380952381,-1.65287988091031,0.0338322618626899,0.0774,"ns"
"F","2","NR","hour","14","22",0,-0.666666666666667,-1.51002273805317,0.176689404719833,0.348,"ns"
"F","2","NR","hour","14","23",0,-0.333333333333333,-1.17668940471983,0.510022738053167,0.999,"ns"
"F","2","NR","hour","15","16",0,-0.142857142857144,-0.986213214243643,0.700498928529356,1,"ns"
"F","2","NR","hour","15","17",0,-0.333333333333334,-1.17668940471983,0.510022738053165,0.999,"ns"
"F","2","NR","hour","15","18",0,-0.238095238095239,-1.08145130948174,0.605260833291261,1,"ns"
"F","2","NR","hour","15","19",0,-0.642857142857144,-1.48621321424364,0.200498928529356,0.42,"ns"
"F","2","NR","hour","15","20",0,-0.714285714285715,-1.55764178567221,0.129070357100784,0.225,"ns"
"F","2","NR","hour","15","21",0,-0.571428571428573,-1.41478464281507,0.271927499957927,0.657,"ns"
"F","2","NR","hour","15","22",0,-0.42857142857143,-1.27192749995793,0.41478464281507,0.966,"ns"
"F","2","NR","hour","15","23",0,-0.0952380952380959,-0.938594166624595,0.748117976148404,1,"ns"
"F","2","NR","hour","16","17",0,-0.19047619047619,-1.03383226186269,0.652879880910309,1,"ns"
"F","2","NR","hour","16","18",0,-0.0952380952380951,-0.938594166624595,0.748117976148404,1,"ns"
"F","2","NR","hour","16","19",0,-0.5,-1.3433560713865,0.343356071386499,0.858,"ns"
"F","2","NR","hour","16","20",0,-0.571428571428572,-1.41478464281507,0.271927499957928,0.657,"ns"
"F","2","NR","hour","16","21",0,-0.428571428571429,-1.27192749995793,0.414784642815071,0.966,"ns"
"F","2","NR","hour","16","22",0,-0.285714285714286,-1.12907035710079,0.557641785672214,1,"ns"
"F","2","NR","hour","16","23",0,0.0476190476190478,-0.795737023767452,0.890975119005547,1,"ns"
"F","2","NR","hour","17","18",0,0.0952380952380953,-0.748117976148404,0.938594166624595,1,"ns"
"F","2","NR","hour","17","19",0,-0.30952380952381,-1.15287988091031,0.53383226186269,1,"ns"
"F","2","NR","hour","17","20",0,-0.380952380952381,-1.22430845233888,0.462403690434118,0.991,"ns"
"F","2","NR","hour","17","21",0,-0.238095238095238,-1.08145130948174,0.605260833291261,1,"ns"
"F","2","NR","hour","17","22",0,-0.0952380952380954,-0.938594166624595,0.748117976148404,1,"ns"
"F","2","NR","hour","17","23",0,0.238095238095238,-0.605260833291261,1.08145130948174,1,"ns"
"F","2","NR","hour","18","19",0,-0.404761904761905,-1.2481179761484,0.438594166624594,0.982,"ns"
"F","2","NR","hour","18","20",0,-0.476190476190476,-1.31954654757698,0.367165595196023,0.905,"ns"
"F","2","NR","hour","18","21",0,-0.333333333333334,-1.17668940471983,0.510022738053166,0.999,"ns"
"F","2","NR","hour","18","22",0,-0.190476190476191,-1.03383226186269,0.652879880910309,1,"ns"
"F","2","NR","hour","18","23",0,0.142857142857143,-0.700498928529357,0.986213214243642,1,"ns"
"F","2","NR","hour","19","20",0,-0.0714285714285713,-0.914784642815071,0.771927499957928,1,"ns"
"F","2","NR","hour","19","21",0,0.0714285714285714,-0.771927499957928,0.914784642815071,1,"ns"
"F","2","NR","hour","19","22",0,0.214285714285714,-0.629070357100785,1.05764178567221,1,"ns"
"F","2","NR","hour","19","23",0,0.547619047619048,-0.295737023767451,1.39097511900555,0.732,"ns"
"F","2","NR","hour","20","21",0,0.142857142857143,-0.700498928529357,0.986213214243642,1,"ns"
"F","2","NR","hour","20","22",0,0.285714285714286,-0.557641785672214,1.12907035710078,1,"ns"
"F","2","NR","hour","20","23",0,0.619047619047619,-0.22430845233888,1.46240369043412,0.497,"ns"
"F","2","NR","hour","21","22",0,0.142857142857143,-0.700498928529357,0.986213214243642,1,"ns"
"F","2","NR","hour","21","23",0,0.476190476190477,-0.367165595196023,1.31954654757698,0.905,"ns"
"F","2","NR","hour","22","23",0,0.333333333333334,-0.510022738053166,1.17668940471983,0.999,"ns"
"F","2","PR","hour","0","1",0,-1.11904761904762,-2.61220406904132,0.374108830946077,0.455,"ns"
"F","2","PR","hour","0","2",0,0.0952380952380931,-1.3979183547556,1.58839454523179,1,"ns"
"F","2","PR","hour","0","3",0,-0.690476190476192,-2.18363264046989,0.802680259517505,0.988,"ns"
"F","2","PR","hour","0","4",0,-0.642857142857145,-2.13601359285084,0.850299307136552,0.995,"ns"
"F","2","PR","hour","0","5",0,-1.07142857142857,-2.56458502142227,0.421727878565125,0.544,"ns"
"F","2","PR","hour","0","6",0,-1.19047619047619,-2.68363264046989,0.302680259517505,0.331,"ns"
"F","2","PR","hour","0","7",0,-1.28571428571428,-2.77887073570798,0.207442164279414,0.2,"ns"
"F","2","PR","hour","0","8",0,-1.23809523809524,-2.73125168808894,0.255061211898456,0.26,"ns"
"F","2","PR","hour","0","9",0,-1.16666666666667,-2.65982311666036,0.32648978332703,0.371,"ns"
"F","2","PR","hour","0","10",0,-1.0952380952381,-2.58839454523179,0.397918354755601,0.499,"ns"
"F","2","PR","hour","0","11",0,-1.02380952380953,-2.51696597380323,0.469346926184168,0.634,"ns"
"F","2","PR","hour","0","12",0,-0.452380952380952,-1.94553740237465,1.04077549761275,1,"ns"
"F","2","PR","hour","0","13",0,1.71428571428571,0.221129264292014,3.20744216427941,0.00803,"**"
"F","2","PR","hour","0","14",0,1.78571428571428,0.292557835720586,3.27887073570798,0.00418,"**"
"F","2","PR","hour","0","15",0,1.57142857142857,0.0782721214348729,3.06458502142227,0.0271,"*"
"F","2","PR","hour","0","16",0,1.09523809523809,-0.397918354755602,2.58839454523179,0.499,"ns"
"F","2","PR","hour","0","17",0,0.428571428571427,-1.06458502142227,1.92172787856512,1,"ns"
"F","2","PR","hour","0","18",0,0.857142857142854,-0.636013592850843,2.35029930713655,0.891,"ns"
"F","2","PR","hour","0","19",0,-0.0476190476190492,-1.54077549761275,1.44553740237465,1,"ns"
"F","2","PR","hour","0","20",0,-0.666666666666668,-2.15982311666037,0.826489783327029,0.992,"ns"
"F","2","PR","hour","0","21",0,-0.642857142857144,-2.13601359285084,0.850299307136553,0.995,"ns"
"F","2","PR","hour","0","22",0,0.0714285714285698,-1.42172787856513,1.56458502142227,1,"ns"
"F","2","PR","hour","0","23",0,-0.0952380952380969,-1.58839454523179,1.3979183547556,1,"ns"
"F","2","PR","hour","1","2",0,1.21428571428571,-0.278870735707984,2.70744216427941,0.295,"ns"
"F","2","PR","hour","1","3",0,0.428571428571427,-1.06458502142227,1.92172787856512,1,"ns"
"F","2","PR","hour","1","4",0,0.476190476190475,-1.01696597380322,1.96934692618417,1,"ns"
"F","2","PR","hour","1","5",0,0.0476190476190477,-1.44553740237465,1.54077549761274,1,"ns"
"F","2","PR","hour","1","6",0,-0.0714285714285721,-1.56458502142227,1.42172787856513,1,"ns"
"F","2","PR","hour","1","7",0,-0.166666666666664,-1.65982311666036,1.32648978332703,1,"ns"
"F","2","PR","hour","1","8",0,-0.119047619047622,-1.61220406904132,1.37410883094608,1,"ns"
"F","2","PR","hour","1","9",0,-0.0476190476190478,-1.54077549761274,1.44553740237465,1,"ns"
"F","2","PR","hour","1","10",0,0.0238095238095234,-1.46934692618417,1.51696597380322,1,"ns"
"F","2","PR","hour","1","11",0,0.0952380952380905,-1.39791835475561,1.58839454523179,1,"ns"
"F","2","PR","hour","1","12",0,0.666666666666668,-0.826489783327029,2.15982311666037,0.992,"ns"
"F","2","PR","hour","1","13",0,2.83333333333333,1.34017688333963,4.32648978332703,3.09e-08,"****"
"F","2","PR","hour","1","14",0,2.9047619047619,1.41160545476821,4.3979183547556,1.25e-08,"****"
"F","2","PR","hour","1","15",0,2.69047619047619,1.19731974048249,4.18363264046989,1.84e-07,"****"
"F","2","PR","hour","1","16",0,2.21428571428571,0.721129264292017,3.70744216427941,5.07e-05,"****"
"F","2","PR","hour","1","17",0,1.54761904761905,0.0544625976253499,3.04077549761274,0.0328,"*"
"F","2","PR","hour","1","18",0,1.97619047619047,0.483034026196776,3.46934692618417,0.000646,"***"
"F","2","PR","hour","1","19",0,1.07142857142857,-0.421727878565127,2.56458502142227,0.544,"ns"
"F","2","PR","hour","1","20",0,0.452380952380951,-1.04077549761275,1.94553740237465,1,"ns"
"F","2","PR","hour","1","21",0,0.476190476190476,-1.01696597380322,1.96934692618417,1,"ns"
"F","2","PR","hour","1","22",0,1.19047619047619,-0.302680259517508,2.68363264046989,0.331,"ns"
"F","2","PR","hour","1","23",0,1.02380952380952,-0.469346926184174,2.51696597380322,0.634,"ns"
"F","2","PR","hour","2","3",0,-0.785714285714285,-2.27887073570798,0.707442164279412,0.951,"ns"
"F","2","PR","hour","2","4",0,-0.738095238095238,-2.23125168808894,0.755061211898459,0.975,"ns"
"F","2","PR","hour","2","5",0,-1.16666666666667,-2.65982311666036,0.326489783327032,0.371,"ns"
"F","2","PR","hour","2","6",0,-1.28571428571428,-2.77887073570798,0.207442164279412,0.2,"ns"
"F","2","PR","hour","2","7",0,-1.38095238095238,-2.87410883094607,0.112204069041321,0.111,"ns"
"F","2","PR","hour","2","8",0,-1.33333333333333,-2.82648978332703,0.159823116660363,0.15,"ns"
"F","2","PR","hour","2","9",0,-1.26190476190476,-2.75506121189846,0.231251688088937,0.229,"ns"
"F","2","PR","hour","2","10",0,-1.19047619047619,-2.68363264046989,0.302680259517508,0.331,"ns"
"F","2","PR","hour","2","11",0,-1.11904761904762,-2.61220406904132,0.374108830946075,0.455,"ns"
"F","2","PR","hour","2","12",0,-0.547619047619045,-2.04077549761274,0.945537402374652,1,"ns"
"F","2","PR","hour","2","13",0,1.61904761904762,0.12589116905392,3.11220406904131,0.0183,"*"
"F","2","PR","hour","2","14",0,1.69047619047619,0.197319740482493,3.18363264046989,0.00992,"**"
"F","2","PR","hour","2","15",0,1.47619047619048,-0.0169659738032202,2.96934692618417,0.0567,"ns"
"F","2","PR","hour","2","16",0,1,-0.493156449993696,2.4931564499937,0.678,"ns"
"F","2","PR","hour","2","17",0,0.333333333333334,-1.15982311666036,1.82648978332703,1,"ns"
"F","2","PR","hour","2","18",0,0.761904761904761,-0.731251688088936,2.25506121189846,0.964,"ns"
"F","2","PR","hour","2","19",0,-0.142857142857142,-1.63601359285084,1.35029930713655,1,"ns"
"F","2","PR","hour","2","20",0,-0.761904761904762,-2.25506121189846,0.731251688088936,0.964,"ns"
"F","2","PR","hour","2","21",0,-0.738095238095237,-2.23125168808893,0.75506121189846,0.975,"ns"
"F","2","PR","hour","2","22",0,-0.0238095238095233,-1.51696597380322,1.46934692618417,1,"ns"
"F","2","PR","hour","2","23",0,-0.19047619047619,-1.68363264046989,1.30268025951751,1,"ns"
"F","2","PR","hour","3","4",0,0.0476190476190476,-1.44553740237465,1.54077549761274,1,"ns"
"F","2","PR","hour","3","5",0,-0.38095238095238,-1.87410883094608,1.11220406904132,1,"ns"
"F","2","PR","hour","3","6",0,-0.499999999999999,-1.9931564499937,0.993156449993698,1,"ns"
"F","2","PR","hour","3","7",0,-0.595238095238091,-2.08839454523179,0.897918354755606,0.998,"ns"
"F","2","PR","hour","3","8",0,-0.547619047619049,-2.04077549761275,0.945537402374648,1,"ns"
"F","2","PR","hour","3","9",0,-0.476190476190475,-1.96934692618417,1.01696597380322,1,"ns"
"F","2","PR","hour","3","10",0,-0.404761904761904,-1.8979183547556,1.08839454523179,1,"ns"
"F","2","PR","hour","3","11",0,-0.333333333333337,-1.82648978332703,1.15982311666036,1,"ns"
"F","2","PR","hour","3","12",0,0.23809523809524,-1.25506121189846,1.73125168808894,1,"ns"
"F","2","PR","hour","3","13",0,2.4047619047619,0.911605454768206,3.8979183547556,5.76e-06,"****"
"F","2","PR","hour","3","14",0,2.47619047619048,0.983034026196779,3.96934692618417,2.48e-06,"****"
"F","2","PR","hour","3","15",0,2.26190476190476,0.768748311911065,3.75506121189846,2.97e-05,"****"
"F","2","PR","hour","3","16",0,1.78571428571429,0.29255783572059,3.27887073570798,0.00418,"**"
"F","2","PR","hour","3","17",0,1.11904761904762,-0.374108830946078,2.61220406904132,0.455,"ns"
"F","2","PR","hour","3","18",0,1.54761904761905,0.054462597625349,3.04077549761274,0.0328,"*"
"F","2","PR","hour","3","19",0,0.642857142857143,-0.850299307136554,2.13601359285084,0.995,"ns"
"F","2","PR","hour","3","20",0,0.0238095238095239,-1.46934692618417,1.51696597380322,1,"ns"
"F","2","PR","hour","3","21",0,0.0476190476190482,-1.44553740237465,1.54077549761275,1,"ns"
"F","2","PR","hour","3","22",0,0.761904761904762,-0.731251688088935,2.25506121189846,0.964,"ns"
"F","2","PR","hour","3","23",0,0.595238095238095,-0.897918354755602,2.08839454523179,0.998,"ns"
"F","2","PR","hour","4","5",0,-0.428571428571427,-1.92172787856512,1.06458502142227,1,"ns"
"F","2","PR","hour","4","6",0,-0.547619047619047,-2.04077549761274,0.94553740237465,1,"ns"
"F","2","PR","hour","4","7",0,-0.642857142857139,-2.13601359285084,0.850299307136559,0.995,"ns"
"F","2","PR","hour","4","8",0,-0.595238095238097,-2.08839454523179,0.8979183547556,0.998,"ns"
"F","2","PR","hour","4","9",0,-0.523809523809523,-2.01696597380322,0.969346926184175,1,"ns"
"F","2","PR","hour","4","10",0,-0.452380952380951,-1.94553740237465,1.04077549761275,1,"ns"
"F","2","PR","hour","4","11",0,-0.380952380952384,-1.87410883094608,1.11220406904131,1,"ns"
"F","2","PR","hour","4","12",0,0.190476190476193,-1.3026802595175,1.68363264046989,1,"ns"
"F","2","PR","hour","4","13",0,2.35714285714286,0.863986407149158,3.85029930713655,1e-05,"****"
"F","2","PR","hour","4","14",0,2.42857142857143,0.935414978577731,3.92172787856513,4.36e-06,"****"
"F","2","PR","hour","4","15",0,2.21428571428571,0.721129264292018,3.70744216427941,5.07e-05,"****"
"F","2","PR","hour","4","16",0,1.73809523809524,0.244938788101542,3.23125168808894,0.00648,"**"
"F","2","PR","hour","4","17",0,1.07142857142857,-0.421727878565125,2.56458502142227,0.544,"ns"
"F","2","PR","hour","4","18",0,1.5,0.00684355000630155,2.9931564499937,0.0475,"*"
"F","2","PR","hour","4","19",0,0.595238095238096,-0.897918354755602,2.08839454523179,0.998,"ns"
"F","2","PR","hour","4","20",0,-0.0238095238095236,-1.51696597380322,1.46934692618417,1,"ns"
"F","2","PR","hour","4","21",0,6.66133814775094e-16,-1.4931564499937,1.4931564499937,1,"ns"
"F","2","PR","hour","4","22",0,0.714285714285715,-0.778870735707982,2.20744216427941,0.982,"ns"
"F","2","PR","hour","4","23",0,0.547619047619048,-0.945537402374649,2.04077549761274,1,"ns"
"F","2","PR","hour","5","6",0,-0.11904761904762,-1.61220406904132,1.37410883094608,1,"ns"
"F","2","PR","hour","5","7",0,-0.214285714285711,-1.70744216427941,1.27887073570799,1,"ns"
"F","2","PR","hour","5","8",0,-0.166666666666669,-1.65982311666037,1.32648978332703,1,"ns"
"F","2","PR","hour","5","9",0,-0.0952380952380955,-1.58839454523179,1.3979183547556,1,"ns"
"F","2","PR","hour","5","10",0,-0.0238095238095243,-1.51696597380322,1.46934692618417,1,"ns"
"F","2","PR","hour","5","11",0,0.0476190476190428,-1.44553740237465,1.54077549761274,1,"ns"
"F","2","PR","hour","5","12",0,0.61904761904762,-0.874108830946077,2.11220406904132,0.997,"ns"
"F","2","PR","hour","5","13",0,2.78571428571428,1.29255783572059,4.27887073570798,5.63e-08,"****"
"F","2","PR","hour","5","14",0,2.85714285714286,1.36398640714916,4.35029930713655,2.28e-08,"****"
"F","2","PR","hour","5","15",0,2.64285714285714,1.14970069286344,4.13601359285084,3.32e-07,"****"
"F","2","PR","hour","5","16",0,2.16666666666667,0.673510216672969,3.65982311666036,8.57e-05,"****"
"F","2","PR","hour","5","17",0,1.5,0.00684355000630221,2.9931564499937,0.0475,"*"
"F","2","PR","hour","5","18",0,1.92857142857143,0.435414978577729,3.42172787856512,0.00105,"**"
"F","2","PR","hour","5","19",0,1.02380952380952,-0.469346926184174,2.51696597380322,0.634,"ns"
"F","2","PR","hour","5","20",0,0.404761904761904,-1.08839454523179,1.8979183547556,1,"ns"
"F","2","PR","hour","5","21",0,0.428571428571428,-1.06458502142227,1.92172787856513,1,"ns"
"F","2","PR","hour","5","22",0,1.14285714285714,-0.350299307136555,2.63601359285084,0.412,"ns"
"F","2","PR","hour","5","23",0,0.976190476190475,-0.516965973803222,2.46934692618417,0.72,"ns"
"F","2","PR","hour","6","7",0,-0.0952380952380916,-1.58839454523179,1.39791835475561,1,"ns"
"F","2","PR","hour","6","8",0,-0.0476190476190497,-1.54077549761275,1.44553740237465,1,"ns"
"F","2","PR","hour","6","9",0,0.0238095238095243,-1.46934692618417,1.51696597380322,1,"ns"
"F","2","PR","hour","6","10",0,0.0952380952380955,-1.3979183547556,1.58839454523179,1,"ns"
"F","2","PR","hour","6","11",0,0.166666666666663,-1.32648978332703,1.65982311666036,1,"ns"
"F","2","PR","hour","6","12",0,0.73809523809524,-0.755061211898457,2.23125168808894,0.975,"ns"
"F","2","PR","hour","6","13",0,2.9047619047619,1.41160545476821,4.3979183547556,1.25e-08,"****"
"F","2","PR","hour","6","14",0,2.97619047619048,1.48303402619678,4.46934692618417,4.98e-09,"****"
"F","2","PR","hour","6","15",0,2.76190476190476,1.26874831191106,4.25506121189846,7.58e-08,"****"
"F","2","PR","hour","6","16",0,2.28571428571429,0.792557835720589,3.77887073570798,2.27e-05,"****"
"F","2","PR","hour","6","17",0,1.61904761904762,0.125891169053922,3.11220406904132,0.0183,"*"
"F","2","PR","hour","6","18",0,2.04761904761905,0.554462597625349,3.54077549761274,0.000308,"***"
"F","2","PR","hour","6","19",0,1.14285714285714,-0.350299307136555,2.63601359285084,0.412,"ns"
"F","2","PR","hour","6","20",0,0.523809523809523,-0.969346926184174,2.01696597380322,1,"ns"
"F","2","PR","hour","6","21",0,0.547619047619048,-0.945537402374649,2.04077549761274,1,"ns"
"F","2","PR","hour","6","22",0,1.26190476190476,-0.231251688088935,2.75506121189846,0.229,"ns"
"F","2","PR","hour","6","23",0,1.09523809523809,-0.397918354755602,2.58839454523179,0.499,"ns"
"F","2","PR","hour","7","8",0,0.047619047619042,-1.44553740237466,1.54077549761274,1,"ns"
"F","2","PR","hour","7","9",0,0.119047619047616,-1.37410883094608,1.61220406904131,1,"ns"
"F","2","PR","hour","7","10",0,0.190476190476187,-1.30268025951751,1.68363264046988,1,"ns"
"F","2","PR","hour","7","11",0,0.261904761904754,-1.23125168808894,1.75506121189845,1,"ns"
"F","2","PR","hour","7","12",0,0.833333333333331,-0.659823116660366,2.32648978332703,0.915,"ns"
"F","2","PR","hour","7","13",0,2.99999999999999,1.5068435500063,4.49315644999369,3.67e-09,"****"
"F","2","PR","hour","7","14",0,3.07142857142857,1.57827212143487,4.56458502142226,1.45e-09,"****"
"F","2","PR","hour","7","15",0,2.85714285714285,1.36398640714916,4.35029930713655,2.28e-08,"****"
"F","2","PR","hour","7","16",0,2.38095238095238,0.887795930958681,3.87410883094608,7.61e-06,"****"
"F","2","PR","hour","7","17",0,1.71428571428571,0.221129264292014,3.20744216427941,0.00803,"**"
"F","2","PR","hour","7","18",0,2.14285714285714,0.64970069286344,3.63601359285083,0.000111,"***"
"F","2","PR","hour","7","19",0,1.23809523809523,-0.255061211898463,2.73125168808893,0.26,"ns"
"F","2","PR","hour","7","20",0,0.619047619047615,-0.874108830946082,2.11220406904131,0.997,"ns"
"F","2","PR","hour","7","21",0,0.642857142857139,-0.850299307136558,2.13601359285084,0.995,"ns"
"F","2","PR","hour","7","22",0,1.35714285714285,-0.136013592850844,2.85029930713655,0.129,"ns"
"F","2","PR","hour","7","23",0,1.19047619047619,-0.302680259517511,2.68363264046988,0.331,"ns"
"F","2","PR","hour","8","9",0,0.071428571428574,-1.42172787856512,1.56458502142227,1,"ns"
"F","2","PR","hour","8","10",0,0.142857142857145,-1.35029930713655,1.63601359285084,1,"ns"
"F","2","PR","hour","8","11",0,0.214285714285712,-1.27887073570798,1.70744216427941,1,"ns"
"F","2","PR","hour","8","12",0,0.78571428571429,-0.707442164279408,2.27887073570799,0.951,"ns"
"F","2","PR","hour","8","13",0,2.95238095238095,1.45922450238725,4.44553740237465,6.77e-09,"****"
"F","2","PR","hour","8","14",0,3.02380952380953,1.53065307381583,4.51696597380322,2.69e-09,"****"
"F","2","PR","hour","8","15",0,2.80952380952381,1.31636735953011,4.30268025951751,4.17e-08,"****"
"F","2","PR","hour","8","16",0,2.33333333333334,0.840176883339639,3.82648978332703,1.32e-05,"****"
"F","2","PR","hour","8","17",0,1.66666666666667,0.173510216672972,3.15982311666037,0.0122,"*"
"F","2","PR","hour","8","18",0,2.0952380952381,0.602081645244398,3.58839454523179,0.000186,"***"
"F","2","PR","hour","8","19",0,1.19047619047619,-0.302680259517505,2.68363264046989,0.331,"ns"
"F","2","PR","hour","8","20",0,0.571428571428573,-0.921727878565124,2.06458502142227,0.999,"ns"
"F","2","PR","hour","8","21",0,0.595238095238097,-0.8979183547556,2.08839454523179,0.998,"ns"
"F","2","PR","hour","8","22",0,1.30952380952381,-0.183632640469886,2.80268025951751,0.174,"ns"
"F","2","PR","hour","8","23",0,1.14285714285714,-0.350299307136553,2.63601359285084,0.412,"ns"
"F","2","PR","hour","9","10",0,0.0714285714285712,-1.42172787856513,1.56458502142227,1,"ns"
"F","2","PR","hour","9","11",0,0.142857142857138,-1.35029930713656,1.63601359285084,1,"ns"
"F","2","PR","hour","9","12",0,0.714285714285716,-0.778870735707982,2.20744216427941,0.982,"ns"
"F","2","PR","hour","9","13",0,2.88095238095238,1.38779593095868,4.37410883094608,1.69e-08,"****"
"F","2","PR","hour","9","14",0,2.95238095238095,1.45922450238725,4.44553740237465,6.77e-09,"****"
"F","2","PR","hour","9","15",0,2.73809523809524,1.24493878810154,4.23125168808893,1.02e-07,"****"
"F","2","PR","hour","9","16",0,2.26190476190476,0.768748311911065,3.75506121189846,2.97e-05,"****"
"F","2","PR","hour","9","17",0,1.59523809523809,0.102081645244398,3.08839454523179,0.0224,"*"
"F","2","PR","hour","9","18",0,2.02380952380952,0.530653073815824,3.51696597380322,0.000395,"***"
"F","2","PR","hour","9","19",0,1.11904761904762,-0.374108830946079,2.61220406904132,0.455,"ns"
"F","2","PR","hour","9","20",0,0.499999999999999,-0.993156449993698,1.9931564499937,1,"ns"
"F","2","PR","hour","9","21",0,0.523809523809523,-0.969346926184174,2.01696597380322,1,"ns"
"F","2","PR","hour","9","22",0,1.23809523809524,-0.25506121189846,2.73125168808893,0.26,"ns"
"F","2","PR","hour","9","23",0,1.07142857142857,-0.421727878565127,2.56458502142227,0.544,"ns"
"F","2","PR","hour","10","11",0,0.0714285714285671,-1.42172787856513,1.56458502142226,1,"ns"
"F","2","PR","hour","10","12",0,0.642857142857144,-0.850299307136553,2.13601359285084,0.995,"ns"
"F","2","PR","hour","10","13",0,2.80952380952381,1.31636735953011,4.3026802595175,4.17e-08,"****"
"F","2","PR","hour","10","14",0,2.88095238095238,1.38779593095868,4.37410883094608,1.69e-08,"****"
"F","2","PR","hour","10","15",0,2.66666666666667,1.17351021667297,4.15982311666036,2.48e-07,"****"
"F","2","PR","hour","10","16",0,2.19047619047619,0.697319740482494,3.68363264046989,6.6e-05,"****"
"F","2","PR","hour","10","17",0,1.52380952380952,0.0306530738158264,3.01696597380322,0.0396,"*"
"F","2","PR","hour","10","18",0,1.95238095238095,0.459224502387253,3.44553740237465,0.000823,"***"
"F","2","PR","hour","10","19",0,1.04761904761905,-0.44553740237465,2.54077549761274,0.589,"ns"
"F","2","PR","hour","10","20",0,0.428571428571428,-1.06458502142227,1.92172787856513,1,"ns"
"F","2","PR","hour","10","21",0,0.452380952380952,-1.04077549761275,1.94553740237465,1,"ns"
"F","2","PR","hour","10","22",0,1.16666666666667,-0.326489783327031,2.65982311666036,0.371,"ns"
"F","2","PR","hour","10","23",0,0.999999999999999,-0.493156449993698,2.4931564499937,0.678,"ns"
"F","2","PR","hour","11","12",0,0.571428571428577,-0.92172787856512,2.06458502142227,0.999,"ns"
"F","2","PR","hour","11","13",0,2.73809523809524,1.24493878810154,4.23125168808894,1.02e-07,"****"
"F","2","PR","hour","11","14",0,2.80952380952381,1.31636735953012,4.30268025951751,4.17e-08,"****"
"F","2","PR","hour","11","15",0,2.5952380952381,1.1020816452444,4.0883945452318,5.94e-07,"****"
"F","2","PR","hour","11","16",0,2.11904761904762,0.625891169053927,3.61220406904132,0.000144,"***"
"F","2","PR","hour","11","17",0,1.45238095238096,-0.0407754976127406,2.94553740237465,0.0675,"ns"
"F","2","PR","hour","11","18",0,1.88095238095238,0.387795930958686,3.37410883094608,0.00168,"**"
"F","2","PR","hour","11","19",0,0.97619047619048,-0.516965973803217,2.46934692618418,0.72,"ns"
"F","2","PR","hour","11","20",0,0.357142857142861,-1.13601359285084,1.85029930713656,1,"ns"
"F","2","PR","hour","11","21",0,0.380952380952385,-1.11220406904131,1.87410883094608,1,"ns"
"F","2","PR","hour","11","22",0,1.0952380952381,-0.397918354755598,2.5883945452318,0.499,"ns"
"F","2","PR","hour","11","23",0,0.928571428571432,-0.564585021422265,2.42172787856513,0.798,"ns"
"F","2","PR","hour","12","13",0,2.16666666666666,0.673510216672965,3.65982311666036,8.57e-05,"****"
"F","2","PR","hour","12","14",0,2.23809523809524,0.744938788101538,3.73125168808893,3.89e-05,"****"
"F","2","PR","hour","12","15",0,2.02380952380952,0.530653073815825,3.51696597380322,0.000395,"***"
"F","2","PR","hour","12","16",0,1.54761904761905,0.0544625976253494,3.04077549761274,0.0328,"*"
"F","2","PR","hour","12","17",0,0.880952380952379,-0.612204069041318,2.37410883094608,0.864,"ns"
"F","2","PR","hour","12","18",0,1.30952380952381,-0.183632640469891,2.8026802595175,0.174,"ns"
"F","2","PR","hour","12","19",0,0.404761904761903,-1.08839454523179,1.8979183547556,1,"ns"
"F","2","PR","hour","12","20",0,-0.214285714285717,-1.70744216427941,1.27887073570798,1,"ns"
"F","2","PR","hour","12","21",0,-0.190476190476192,-1.68363264046989,1.3026802595175,1,"ns"
"F","2","PR","hour","12","22",0,0.523809523809522,-0.969346926184175,2.01696597380322,1,"ns"
"F","2","PR","hour","12","23",0,0.357142857142855,-1.13601359285084,1.85029930713655,1,"ns"
"F","2","PR","hour","13","14",0,0.071428571428573,-1.42172787856512,1.56458502142227,1,"ns"
"F","2","PR","hour","13","15",0,-0.142857142857141,-1.63601359285084,1.35029930713656,1,"ns"
"F","2","PR","hour","13","16",0,-0.619047619047616,-2.11220406904131,0.874108830946081,0.997,"ns"
"F","2","PR","hour","13","17",0,-1.28571428571428,-2.77887073570798,0.207442164279414,0.2,"ns"
"F","2","PR","hour","13","18",0,-0.857142857142857,-2.35029930713655,0.63601359285084,0.891,"ns"
"F","2","PR","hour","13","19",0,-1.76190476190476,-3.25506121189846,-0.268748311911063,0.00521,"**"
"F","2","PR","hour","13","20",0,-2.38095238095238,-3.87410883094608,-0.887795930958682,7.61e-06,"****"
"F","2","PR","hour","13","21",0,-2.35714285714285,-3.85029930713655,-0.863986407149158,1e-05,"****"
"F","2","PR","hour","13","22",0,-1.64285714285714,-3.13601359285084,-0.149700692863444,0.015,"*"
"F","2","PR","hour","13","23",0,-1.80952380952381,-3.3026802595175,-0.31636735953011,0.00334,"**"
"F","2","PR","hour","14","15",0,-0.214285714285714,-1.70744216427941,1.27887073570798,1,"ns"
"F","2","PR","hour","14","16",0,-0.690476190476189,-2.18363264046989,0.802680259517508,0.988,"ns"
"F","2","PR","hour","14","17",0,-1.35714285714286,-2.85029930713655,0.136013592850841,0.129,"ns"
"F","2","PR","hour","14","18",0,-0.92857142857143,-2.42172787856513,0.564585021422267,0.798,"ns"
"F","2","PR","hour","14","19",0,-1.83333333333333,-3.32648978332703,-0.340176883339636,0.00266,"**"
"F","2","PR","hour","14","20",0,-2.45238095238095,-3.94553740237465,-0.959224502387255,3.29e-06,"****"
"F","2","PR","hour","14","21",0,-2.42857142857143,-3.92172787856513,-0.935414978577731,4.36e-06,"****"
"F","2","PR","hour","14","22",0,-1.71428571428571,-3.20744216427941,-0.221129264292017,0.00803,"**"
"F","2","PR","hour","14","23",0,-1.88095238095238,-3.37410883094608,-0.387795930958683,0.00168,"**"
"F","2","PR","hour","15","16",0,-0.476190476190475,-1.96934692618417,1.01696597380322,1,"ns"
"F","2","PR","hour","15","17",0,-1.14285714285714,-2.63601359285084,0.350299307136554,0.412,"ns"
"F","2","PR","hour","15","18",0,-0.714285714285716,-2.20744216427941,0.778870735707981,0.982,"ns"
"F","2","PR","hour","15","19",0,-1.61904761904762,-3.11220406904132,-0.125891169053922,0.0183,"*"
"F","2","PR","hour","15","20",0,-2.23809523809524,-3.73125168808894,-0.744938788101541,3.89e-05,"****"
"F","2","PR","hour","15","21",0,-2.21428571428571,-3.70744216427941,-0.721129264292017,5.07e-05,"****"
"F","2","PR","hour","15","22",0,-1.5,-2.9931564499937,-0.0068435500063031,0.0475,"*"
"F","2","PR","hour","15","23",0,-1.66666666666667,-3.15982311666036,-0.17351021667297,0.0122,"*"
"F","2","PR","hour","16","17",0,-0.666666666666667,-2.15982311666036,0.82648978332703,0.992,"ns"
"F","2","PR","hour","16","18",0,-0.238095238095241,-1.73125168808894,1.25506121189846,1,"ns"
"F","2","PR","hour","16","19",0,-1.14285714285714,-2.63601359285084,0.350299307136553,0.412,"ns"
"F","2","PR","hour","16","20",0,-1.76190476190476,-3.25506121189846,-0.268748311911066,0.00521,"**"
"F","2","PR","hour","16","21",0,-1.73809523809524,-3.23125168808894,-0.244938788101542,0.00648,"**"
"F","2","PR","hour","16","22",0,-1.02380952380952,-2.51696597380322,0.469346926184172,0.634,"ns"
"F","2","PR","hour","16","23",0,-1.19047619047619,-2.68363264046989,0.302680259517506,0.331,"ns"
"F","2","PR","hour","17","18",0,0.428571428571427,-1.06458502142227,1.92172787856512,1,"ns"
"F","2","PR","hour","17","19",0,-0.476190476190476,-1.96934692618417,1.01696597380322,1,"ns"
"F","2","PR","hour","17","20",0,-1.0952380952381,-2.58839454523179,0.397918354755601,0.499,"ns"
"F","2","PR","hour","17","21",0,-1.07142857142857,-2.56458502142227,0.421727878565126,0.544,"ns"
"F","2","PR","hour","17","22",0,-0.357142857142857,-1.85029930713655,1.13601359285084,1,"ns"
"F","2","PR","hour","17","23",0,-0.523809523809524,-2.01696597380322,0.969346926184173,1,"ns"
"F","2","PR","hour","18","19",0,-0.904761904761903,-2.3979183547556,0.588394545231794,0.833,"ns"
"F","2","PR","hour","18","20",0,-1.52380952380952,-3.01696597380322,-0.0306530738158253,0.0396,"*"
"F","2","PR","hour","18","21",0,-1.5,-2.9931564499937,-0.00684355000630088,0.0475,"*"
"F","2","PR","hour","18","22",0,-0.785714285714284,-2.27887073570798,0.707442164279413,0.951,"ns"
"F","2","PR","hour","18","23",0,-0.952380952380951,-2.44553740237465,0.540775497612746,0.761,"ns"
"F","2","PR","hour","19","20",0,-0.619047619047619,-2.11220406904132,0.874108830946078,0.997,"ns"
"F","2","PR","hour","19","21",0,-0.595238095238095,-2.08839454523179,0.897918354755602,0.998,"ns"
"F","2","PR","hour","19","22",0,0.119047619047619,-1.37410883094608,1.61220406904132,1,"ns"
"F","2","PR","hour","19","23",0,-0.0476190476190477,-1.54077549761274,1.44553740237465,1,"ns"
"F","2","PR","hour","20","21",0,0.0238095238095243,-1.46934692618417,1.51696597380322,1,"ns"
"F","2","PR","hour","20","22",0,0.738095238095238,-0.755061211898459,2.23125168808894,0.975,"ns"
"F","2","PR","hour","20","23",0,0.571428571428572,-0.921727878565126,2.06458502142227,0.999,"ns"
"F","2","PR","hour","21","22",0,0.714285714285714,-0.778870735707983,2.20744216427941,0.982,"ns"
"F","2","PR","hour","21","23",0,0.547619047619047,-0.94553740237465,2.04077549761274,1,"ns"
"F","2","PR","hour","22","23",0,-0.166666666666667,-1.65982311666036,1.32648978332703,1,"ns"
"M","1","NR","hour","0","1",0,0.166666666666665,-1.09124043098459,1.42457376431792,1,"ns"
"M","1","NR","hour","0","2",0,-0.0714285714285714,-1.32933566907983,1.18647852622268,1,"ns"
"M","1","NR","hour","0","3",0,0.0714285714285715,-1.18647852622268,1.32933566907983,1,"ns"
"M","1","NR","hour","0","4",0,-0.452380952380953,-1.71028805003221,0.805526145270303,1,"ns"
"M","1","NR","hour","0","5",0,-0.619047619047618,-1.87695471669887,0.638859478603637,0.976,"ns"
"M","1","NR","hour","0","6",0,-0.595238095238095,-1.85314519288935,0.662669002413161,0.984,"ns"
"M","1","NR","hour","0","7",0,-0.57142857142857,-1.82933566907983,0.686478526222685,0.991,"ns"
"M","1","NR","hour","0","8",0,-0.595238095238097,-1.85314519288935,0.662669002413159,0.984,"ns"
"M","1","NR","hour","0","9",0,-0.619047619047619,-1.87695471669887,0.638859478603637,0.976,"ns"
"M","1","NR","hour","0","10",0,-0.5,-1.75790709765126,0.757907097651256,0.998,"ns"
"M","1","NR","hour","0","11",0,-0.523809523809525,-1.78171662146078,0.734097573841731,0.997,"ns"
"M","1","NR","hour","0","12",0,-0.404761904761904,-1.66266900241316,0.853145192889352,1,"ns"
"M","1","NR","hour","0","13",0,0.714285714285713,-0.543621383365542,1.97219281193697,0.901,"ns"
"M","1","NR","hour","0","14",0,0.785714285714286,-0.47219281193697,2.04362138336554,0.792,"ns"
"M","1","NR","hour","0","15",0,0.761904761904763,-0.496002335746493,2.01981185955602,0.833,"ns"
"M","1","NR","hour","0","16",0,0.547619047619048,-0.710288050032208,1.8055261452703,0.994,"ns"
"M","1","NR","hour","0","17",0,0.119047619047619,-1.13885947860364,1.37695471669887,1,"ns"
"M","1","NR","hour","0","18",0,0.333333333333333,-0.924573764317922,1.59124043098459,1,"ns"
"M","1","NR","hour","0","19",0,-0.166666666666667,-1.42457376431792,1.09124043098459,1,"ns"
"M","1","NR","hour","0","20",0,-0.285714285714286,-1.54362138336554,0.97219281193697,1,"ns"
"M","1","NR","hour","0","21",0,-0.357142857142857,-1.61504995479411,0.900764240508398,1,"ns"
"M","1","NR","hour","0","22",0,-0.404761904761904,-1.66266900241316,0.853145192889351,1,"ns"
"M","1","NR","hour","0","23",0,-0.0476190476190474,-1.3055261452703,1.21028805003221,1,"ns"
"M","1","NR","hour","1","2",0,-0.238095238095237,-1.49600233574649,1.01981185955602,1,"ns"
"M","1","NR","hour","1","3",0,-0.0952380952380939,-1.35314519288935,1.16266900241316,1,"ns"
"M","1","NR","hour","1","4",0,-0.619047619047619,-1.87695471669887,0.638859478603637,0.976,"ns"
"M","1","NR","hour","1","5",0,-0.785714285714284,-2.04362138336554,0.472192811936972,0.792,"ns"
"M","1","NR","hour","1","6",0,-0.761904761904761,-2.01981185955602,0.496002335746495,0.833,"ns"
"M","1","NR","hour","1","7",0,-0.738095238095236,-1.99600233574649,0.51981185955602,0.869,"ns"
"M","1","NR","hour","1","8",0,-0.761904761904762,-2.01981185955602,0.496002335746494,0.833,"ns"
"M","1","NR","hour","1","9",0,-0.785714285714284,-2.04362138336554,0.472192811936972,0.792,"ns"
"M","1","NR","hour","1","10",0,-0.666666666666665,-1.92457376431792,0.59124043098459,0.947,"ns"
"M","1","NR","hour","1","11",0,-0.69047619047619,-1.94838328812745,0.567430907175065,0.926,"ns"
"M","1","NR","hour","1","12",0,-0.571428571428569,-1.82933566907983,0.686478526222686,0.991,"ns"
"M","1","NR","hour","1","13",0,0.547619047619048,-0.710288050032208,1.8055261452703,0.994,"ns"
"M","1","NR","hour","1","14",0,0.61904761904762,-0.638859478603635,1.87695471669888,0.976,"ns"
"M","1","NR","hour","1","15",0,0.595238095238097,-0.662669002413158,1.85314519288935,0.984,"ns"
"M","1","NR","hour","1","16",0,0.380952380952383,-0.876954716698873,1.63885947860364,1,"ns"
"M","1","NR","hour","1","17",0,-0.0476190476190461,-1.3055261452703,1.21028805003221,1,"ns"
"M","1","NR","hour","1","18",0,0.166666666666668,-1.09124043098459,1.42457376431792,1,"ns"
"M","1","NR","hour","1","19",0,-0.333333333333332,-1.59124043098459,0.924573764317924,1,"ns"
"M","1","NR","hour","1","20",0,-0.452380952380951,-1.71028805003221,0.805526145270305,1,"ns"
"M","1","NR","hour","1","21",0,-0.523809523809523,-1.78171662146078,0.734097573841733,0.997,"ns"
"M","1","NR","hour","1","22",0,-0.57142857142857,-1.82933566907983,0.686478526222686,0.991,"ns"
"M","1","NR","hour","1","23",0,-0.214285714285713,-1.47219281193697,1.04362138336554,1,"ns"
"M","1","NR","hour","2","3",0,0.142857142857143,-1.11504995479411,1.4007642405084,1,"ns"
"M","1","NR","hour","2","4",0,-0.380952380952382,-1.63885947860364,0.876954716698874,1,"ns"
"M","1","NR","hour","2","5",0,-0.547619047619047,-1.8055261452703,0.710288050032209,0.994,"ns"
"M","1","NR","hour","2","6",0,-0.523809523809524,-1.78171662146078,0.734097573841732,0.997,"ns"
"M","1","NR","hour","2","7",0,-0.499999999999999,-1.75790709765125,0.757907097651257,0.998,"ns"
"M","1","NR","hour","2","8",0,-0.523809523809525,-1.78171662146078,0.73409757384173,0.997,"ns"
"M","1","NR","hour","2","9",0,-0.547619047619047,-1.8055261452703,0.710288050032209,0.994,"ns"
"M","1","NR","hour","2","10",0,-0.428571428571428,-1.68647852622268,0.829335669079827,1,"ns"
"M","1","NR","hour","2","11",0,-0.452380952380954,-1.71028805003221,0.805526145270302,1,"ns"
"M","1","NR","hour","2","12",0,-0.333333333333333,-1.59124043098459,0.924573764317923,1,"ns"
"M","1","NR","hour","2","13",0,0.785714285714285,-0.472192811936971,2.04362138336554,0.792,"ns"
"M","1","NR","hour","2","14",0,0.857142857142857,-0.400764240508398,2.11504995479411,0.646,"ns"
"M","1","NR","hour","2","15",0,0.833333333333334,-0.424573764317921,2.09124043098459,0.698,"ns"
"M","1","NR","hour","2","16",0,0.61904761904762,-0.638859478603636,1.87695471669888,0.976,"ns"
"M","1","NR","hour","2","17",0,0.190476190476191,-1.06743090717506,1.44838328812745,1,"ns"
"M","1","NR","hour","2","18",0,0.404761904761905,-0.853145192889351,1.66266900241316,1,"ns"
"M","1","NR","hour","2","19",0,-0.0952380952380951,-1.35314519288935,1.16266900241316,1,"ns"
"M","1","NR","hour","2","20",0,-0.214285714285714,-1.47219281193697,1.04362138336554,1,"ns"
"M","1","NR","hour","2","21",0,-0.285714285714286,-1.54362138336554,0.97219281193697,1,"ns"
"M","1","NR","hour","2","22",0,-0.333333333333333,-1.59124043098459,0.924573764317923,1,"ns"
"M","1","NR","hour","2","23",0,0.0238095238095239,-1.23409757384173,1.28171662146078,1,"ns"
"M","1","NR","hour","3","4",0,-0.523809523809525,-1.78171662146078,0.734097573841731,0.997,"ns"
"M","1","NR","hour","3","5",0,-0.69047619047619,-1.94838328812745,0.567430907175066,0.926,"ns"
"M","1","NR","hour","3","6",0,-0.666666666666667,-1.92457376431792,0.591240430984589,0.947,"ns"
"M","1","NR","hour","3","7",0,-0.642857142857142,-1.9007642405084,0.615049954794114,0.964,"ns"
"M","1","NR","hour","3","8",0,-0.666666666666668,-1.92457376431792,0.591240430984588,0.947,"ns"
"M","1","NR","hour","3","9",0,-0.69047619047619,-1.94838328812745,0.567430907175066,0.926,"ns"
"M","1","NR","hour","3","10",0,-0.571428571428571,-1.82933566907983,0.686478526222684,0.991,"ns"
"M","1","NR","hour","3","11",0,-0.595238095238097,-1.85314519288935,0.662669002413159,0.984,"ns"
"M","1","NR","hour","3","12",0,-0.476190476190476,-1.73409757384173,0.78171662146078,0.999,"ns"
"M","1","NR","hour","3","13",0,0.642857142857142,-0.615049954794114,1.9007642405084,0.964,"ns"
"M","1","NR","hour","3","14",0,0.714285714285714,-0.543621383365541,1.97219281193697,0.901,"ns"
"M","1","NR","hour","3","15",0,0.690476190476191,-0.567430907175064,1.94838328812745,0.926,"ns"
"M","1","NR","hour","3","16",0,0.476190476190477,-0.781716621460779,1.73409757384173,0.999,"ns"
"M","1","NR","hour","3","17",0,0.0476190476190478,-1.21028805003221,1.3055261452703,1,"ns"
"M","1","NR","hour","3","18",0,0.261904761904762,-0.996002335746494,1.51981185955602,1,"ns"
"M","1","NR","hour","3","19",0,-0.238095238095238,-1.49600233574649,1.01981185955602,1,"ns"
"M","1","NR","hour","3","20",0,-0.357142857142857,-1.61504995479411,0.900764240508398,1,"ns"
"M","1","NR","hour","3","21",0,-0.428571428571429,-1.68647852622268,0.829335669079827,1,"ns"
"M","1","NR","hour","3","22",0,-0.476190476190476,-1.73409757384173,0.78171662146078,0.999,"ns"
"M","1","NR","hour","3","23",0,-0.119047619047619,-1.37695471669887,1.13885947860364,1,"ns"
"M","1","NR","hour","4","5",0,-0.166666666666665,-1.42457376431792,1.09124043098459,1,"ns"
"M","1","NR","hour","4","6",0,-0.142857142857142,-1.4007642405084,1.11504995479411,1,"ns"
"M","1","NR","hour","4","7",0,-0.119047619047617,-1.37695471669887,1.13885947860364,1,"ns"
"M","1","NR","hour","4","8",0,-0.142857142857143,-1.4007642405084,1.11504995479411,1,"ns"
"M","1","NR","hour","4","9",0,-0.166666666666665,-1.42457376431792,1.09124043098459,1,"ns"
"M","1","NR","hour","4","10",0,-0.0476190476190467,-1.3055261452703,1.21028805003221,1,"ns"
"M","1","NR","hour","4","11",0,-0.0714285714285719,-1.32933566907983,1.18647852622268,1,"ns"
"M","1","NR","hour","4","12",0,0.0476190476190491,-1.21028805003221,1.3055261452703,1,"ns"
"M","1","NR","hour","4","13",0,1.16666666666667,-0.0912404309845891,2.42457376431792,0.108,"ns"
"M","1","NR","hour","4","14",0,1.23809523809524,-0.0198118595560166,2.49600233574649,0.0596,"ns"
"M","1","NR","hour","4","15",0,1.21428571428572,-0.0436213833655397,2.47219281193697,0.0731,"ns"
"M","1","NR","hour","4","16",0,1,-0.257907097651254,2.25790709765126,0.337,"ns"
"M","1","NR","hour","4","17",0,0.571428571428572,-0.686478526222683,1.82933566907983,0.991,"ns"
"M","1","NR","hour","4","18",0,0.785714285714287,-0.472192811936969,2.04362138336554,0.792,"ns"
"M","1","NR","hour","4","19",0,0.285714285714287,-0.972192811936969,1.54362138336554,1,"ns"
"M","1","NR","hour","4","20",0,0.166666666666667,-1.09124043098459,1.42457376431792,1,"ns"
"M","1","NR","hour","4","21",0,0.0952380952380956,-1.16266900241316,1.35314519288935,1,"ns"
"M","1","NR","hour","4","22",0,0.0476190476190488,-1.21028805003221,1.3055261452703,1,"ns"
"M","1","NR","hour","4","23",0,0.404761904761906,-0.85314519288935,1.66266900241316,1,"ns"
"M","1","NR","hour","5","6",0,0.0238095238095232,-1.23409757384173,1.28171662146078,1,"ns"
"M","1","NR","hour","5","7",0,0.0476190476190479,-1.21028805003221,1.3055261452703,1,"ns"
"M","1","NR","hour","5","8",0,0.0238095238095218,-1.23409757384173,1.28171662146078,1,"ns"
"M","1","NR","hour","5","9",0,-2.35922392732846e-16,-1.25790709765126,1.25790709765126,1,"ns"
"M","1","NR","hour","5","10",0,0.119047619047618,-1.13885947860364,1.37695471669887,1,"ns"
"M","1","NR","hour","5","11",0,0.0952380952380933,-1.16266900241316,1.35314519288935,1,"ns"
"M","1","NR","hour","5","12",0,0.214285714285714,-1.04362138336554,1.47219281193697,1,"ns"
"M","1","NR","hour","5","13",0,1.33333333333333,0.0754262356820761,2.59124043098459,0.0248,"*"
"M","1","NR","hour","5","14",0,1.4047619047619,0.146854807110649,2.66266900241316,0.0121,"*"
"M","1","NR","hour","5","15",0,1.38095238095238,0.123045283301126,2.63885947860364,0.0155,"*"
"M","1","NR","hour","5","16",0,1.16666666666667,-0.0912404309845891,2.42457376431792,0.108,"ns"
"M","1","NR","hour","5","17",0,0.738095238095238,-0.519811859556018,1.99600233574649,0.869,"ns"
"M","1","NR","hour","5","18",0,0.952380952380952,-0.305526145270304,2.21028805003221,0.434,"ns"
"M","1","NR","hour","5","19",0,0.452380952380952,-0.805526145270304,1.71028805003221,1,"ns"
"M","1","NR","hour","5","20",0,0.333333333333333,-0.924573764317923,1.59124043098459,1,"ns"
"M","1","NR","hour","5","21",0,0.261904761904761,-0.996002335746495,1.51981185955602,1,"ns"
"M","1","NR","hour","5","22",0,0.214285714285714,-1.04362138336554,1.47219281193697,1,"ns"
"M","1","NR","hour","5","23",0,0.571428571428571,-0.686478526222685,1.82933566907983,0.991,"ns"
"M","1","NR","hour","6","7",0,0.0238095238095247,-1.23409757384173,1.28171662146078,1,"ns"
"M","1","NR","hour","6","8",0,-1.45716771982052e-15,-1.25790709765126,1.25790709765125,1,"ns"
"M","1","NR","hour","6","9",0,-0.0238095238095235,-1.28171662146078,1.23409757384173,1,"ns"
"M","1","NR","hour","6","10",0,0.0952380952380952,-1.16266900241316,1.35314519288935,1,"ns"
"M","1","NR","hour","6","11",0,0.07142857142857,-1.18647852622269,1.32933566907983,1,"ns"
"M","1","NR","hour","6","12",0,0.190476190476191,-1.06743090717506,1.44838328812745,1,"ns"
"M","1","NR","hour","6","13",0,1.30952380952381,0.0516167118725528,2.56743090717506,0.0311,"*"
"M","1","NR","hour","6","14",0,1.38095238095238,0.123045283301125,2.63885947860364,0.0155,"*"
"M","1","NR","hour","6","15",0,1.35714285714286,0.0992357594916022,2.61504995479411,0.0196,"*"
"M","1","NR","hour","6","16",0,1.14285714285714,-0.115049954794112,2.4007642405084,0.13,"ns"
"M","1","NR","hour","6","17",0,0.714285714285714,-0.543621383365541,1.97219281193697,0.901,"ns"
"M","1","NR","hour","6","18",0,0.928571428571429,-0.329335669079827,2.18647852622268,0.486,"ns"
"M","1","NR","hour","6","19",0,0.428571428571429,-0.829335669079827,1.68647852622268,1,"ns"
"M","1","NR","hour","6","20",0,0.309523809523809,-0.948383288127446,1.56743090717506,1,"ns"
"M","1","NR","hour","6","21",0,0.238095238095238,-1.01981185955602,1.49600233574649,1,"ns"
"M","1","NR","hour","6","22",0,0.190476190476191,-1.06743090717506,1.44838328812745,1,"ns"
"M","1","NR","hour","6","23",0,0.547619047619048,-0.710288050032208,1.8055261452703,0.994,"ns"
"M","1","NR","hour","7","8",0,-0.0238095238095261,-1.28171662146078,1.23409757384173,1,"ns"
"M","1","NR","hour","7","9",0,-0.0476190476190482,-1.3055261452703,1.21028805003221,1,"ns"
"M","1","NR","hour","7","10",0,0.0714285714285705,-1.18647852622269,1.32933566907983,1,"ns"
"M","1","NR","hour","7","11",0,0.0476190476190453,-1.21028805003221,1.3055261452703,1,"ns"
"M","1","NR","hour","7","12",0,0.166666666666666,-1.09124043098459,1.42457376431792,1,"ns"
"M","1","NR","hour","7","13",0,1.28571428571428,0.0278071880630282,2.54362138336554,0.0389,"*"
"M","1","NR","hour","7","14",0,1.35714285714286,0.0992357594916007,2.61504995479411,0.0196,"*"
"M","1","NR","hour","7","15",0,1.33333333333333,0.0754262356820774,2.59124043098459,0.0248,"*"
"M","1","NR","hour","7","16",0,1.11904761904762,-0.138859478603637,2.37695471669887,0.155,"ns"
"M","1","NR","hour","7","17",0,0.69047619047619,-0.567430907175066,1.94838328812745,0.926,"ns"
"M","1","NR","hour","7","18",0,0.904761904761904,-0.353145192889352,2.16266900241316,0.539,"ns"
"M","1","NR","hour","7","19",0,0.404761904761904,-0.853145192889352,1.66266900241316,1,"ns"
"M","1","NR","hour","7","20",0,0.285714285714285,-0.972192811936971,1.54362138336554,1,"ns"
"M","1","NR","hour","7","21",0,0.214285714285713,-1.04362138336554,1.47219281193697,1,"ns"
"M","1","NR","hour","7","22",0,0.166666666666666,-1.09124043098459,1.42457376431792,1,"ns"
"M","1","NR","hour","7","23",0,0.523809523809523,-0.734097573841733,1.78171662146078,0.997,"ns"
"M","1","NR","hour","8","9",0,-0.023809523809522,-1.28171662146078,1.23409757384173,1,"ns"
"M","1","NR","hour","8","10",0,0.0952380952380967,-1.16266900241316,1.35314519288935,1,"ns"
"M","1","NR","hour","8","11",0,0.0714285714285715,-1.18647852622268,1.32933566907983,1,"ns"
"M","1","NR","hour","8","12",0,0.190476190476192,-1.06743090717506,1.44838328812745,1,"ns"
"M","1","NR","hour","8","13",0,1.30952380952381,0.0516167118725541,2.56743090717507,0.0311,"*"
"M","1","NR","hour","8","14",0,1.38095238095238,0.123045283301127,2.63885947860364,0.0155,"*"
"M","1","NR","hour","8","15",0,1.35714285714286,0.0992357594916036,2.61504995479411,0.0196,"*"
"M","1","NR","hour","8","16",0,1.14285714285714,-0.115049954794111,2.4007642405084,0.13,"ns"
"M","1","NR","hour","8","17",0,0.714285714285716,-0.54362138336554,1.97219281193697,0.901,"ns"
"M","1","NR","hour","8","18",0,0.92857142857143,-0.329335669079826,2.18647852622269,0.486,"ns"
"M","1","NR","hour","8","19",0,0.42857142857143,-0.829335669079826,1.68647852622269,1,"ns"
"M","1","NR","hour","8","20",0,0.309523809523811,-0.948383288127445,1.56743090717507,1,"ns"
"M","1","NR","hour","8","21",0,0.238095238095239,-1.01981185955602,1.49600233574649,1,"ns"
"M","1","NR","hour","8","22",0,0.190476190476192,-1.06743090717506,1.44838328812745,1,"ns"
"M","1","NR","hour","8","23",0,0.547619047619049,-0.710288050032207,1.8055261452703,0.994,"ns"
"M","1","NR","hour","9","10",0,0.119047619047619,-1.13885947860364,1.37695471669887,1,"ns"
"M","1","NR","hour","9","11",0,0.0952380952380935,-1.16266900241316,1.35314519288935,1,"ns"
"M","1","NR","hour","9","12",0,0.214285714285714,-1.04362138336554,1.47219281193697,1,"ns"
"M","1","NR","hour","9","13",0,1.33333333333333,0.0754262356820763,2.59124043098459,0.0248,"*"
"M","1","NR","hour","9","14",0,1.4047619047619,0.146854807110649,2.66266900241316,0.0121,"*"
"M","1","NR","hour","9","15",0,1.38095238095238,0.123045283301126,2.63885947860364,0.0155,"*"
"M","1","NR","hour","9","16",0,1.16666666666667,-0.0912404309845889,2.42457376431792,0.108,"ns"
"M","1","NR","hour","9","17",0,0.738095238095238,-0.519811859556018,1.99600233574649,0.869,"ns"
"M","1","NR","hour","9","18",0,0.952380952380952,-0.305526145270304,2.21028805003221,0.434,"ns"
"M","1","NR","hour","9","19",0,0.452380952380952,-0.805526145270304,1.71028805003221,1,"ns"
"M","1","NR","hour","9","20",0,0.333333333333333,-0.924573764317923,1.59124043098459,1,"ns"
"M","1","NR","hour","9","21",0,0.261904761904761,-0.996002335746495,1.51981185955602,1,"ns"
"M","1","NR","hour","9","22",0,0.214285714285714,-1.04362138336554,1.47219281193697,1,"ns"
"M","1","NR","hour","9","23",0,0.571428571428571,-0.686478526222685,1.82933566907983,0.991,"ns"
"M","1","NR","hour","10","11",0,-0.0238095238095252,-1.28171662146078,1.23409757384173,1,"ns"
"M","1","NR","hour","10","12",0,0.0952380952380958,-1.16266900241316,1.35314519288935,1,"ns"
"M","1","NR","hour","10","13",0,1.21428571428571,-0.0436213833655426,2.47219281193697,0.0731,"ns"
"M","1","NR","hour","10","14",0,1.28571428571429,0.02780718806303,2.54362138336554,0.0389,"*"
"M","1","NR","hour","10","15",0,1.26190476190476,0.00399766425350689,2.51981185955602,0.0482,"*"
"M","1","NR","hour","10","16",0,1.04761904761905,-0.210288050032208,2.3055261452703,0.253,"ns"
"M","1","NR","hour","10","17",0,0.619047619047619,-0.638859478603636,1.87695471669887,0.976,"ns"
"M","1","NR","hour","10","18",0,0.833333333333333,-0.424573764317922,2.09124043098459,0.698,"ns"
"M","1","NR","hour","10","19",0,0.333333333333333,-0.924573764317922,1.59124043098459,1,"ns"
"M","1","NR","hour","10","20",0,0.214285714285714,-1.04362138336554,1.47219281193697,1,"ns"
"M","1","NR","hour","10","21",0,0.142857142857142,-1.11504995479411,1.4007642405084,1,"ns"
"M","1","NR","hour","10","22",0,0.0952380952380955,-1.16266900241316,1.35314519288935,1,"ns"
"M","1","NR","hour","10","23",0,0.452380952380952,-0.805526145270303,1.71028805003221,1,"ns"
"M","1","NR","hour","11","12",0,0.119047619047621,-1.13885947860363,1.37695471669888,1,"ns"
"M","1","NR","hour","11","13",0,1.23809523809524,-0.0198118595560173,2.49600233574649,0.0596,"ns"
"M","1","NR","hour","11","14",0,1.30952380952381,0.0516167118725552,2.56743090717507,0.0311,"*"
"M","1","NR","hour","11","15",0,1.28571428571429,0.0278071880630322,2.54362138336554,0.0389,"*"
"M","1","NR","hour","11","16",0,1.07142857142857,-0.186478526222682,2.32933566907983,0.217,"ns"
"M","1","NR","hour","11","17",0,0.642857142857144,-0.615049954794111,1.9007642405084,0.964,"ns"
"M","1","NR","hour","11","18",0,0.857142857142859,-0.400764240508397,2.11504995479411,0.646,"ns"
"M","1","NR","hour","11","19",0,0.357142857142859,-0.900764240508397,1.61504995479411,1,"ns"
"M","1","NR","hour","11","20",0,0.238095238095239,-1.01981185955602,1.49600233574649,1,"ns"
"M","1","NR","hour","11","21",0,0.166666666666668,-1.09124043098459,1.42457376431792,1,"ns"
"M","1","NR","hour","11","22",0,0.119047619047621,-1.13885947860364,1.37695471669888,1,"ns"
"M","1","NR","hour","11","23",0,0.476190476190478,-0.781716621460778,1.73409757384173,0.999,"ns"
"M","1","NR","hour","12","13",0,1.11904761904762,-0.138859478603638,2.37695471669887,0.155,"ns"
"M","1","NR","hour","12","14",0,1.19047619047619,-0.0674309071750658,2.44838328812745,0.0891,"ns"
"M","1","NR","hour","12","15",0,1.16666666666667,-0.0912404309845889,2.42457376431792,0.108,"ns"
"M","1","NR","hour","12","16",0,0.952380952380952,-0.305526145270304,2.21028805003221,0.434,"ns"
"M","1","NR","hour","12","17",0,0.523809523809523,-0.734097573841732,1.78171662146078,0.997,"ns"
"M","1","NR","hour","12","18",0,0.738095238095237,-0.519811859556018,1.99600233574649,0.869,"ns"
"M","1","NR","hour","12","19",0,0.238095238095238,-1.01981185955602,1.49600233574649,1,"ns"
"M","1","NR","hour","12","20",0,0.119047619047618,-1.13885947860364,1.37695471669887,1,"ns"
"M","1","NR","hour","12","21",0,0.0476190476190466,-1.21028805003221,1.3055261452703,1,"ns"
"M","1","NR","hour","12","22",0,-2.77555756156289e-16,-1.25790709765126,1.25790709765126,1,"ns"
"M","1","NR","hour","12","23",0,0.357142857142857,-0.900764240508399,1.61504995479411,1,"ns"
"M","1","NR","hour","13","14",0,0.0714285714285725,-1.18647852622268,1.32933566907983,1,"ns"
"M","1","NR","hour","13","15",0,0.0476190476190494,-1.21028805003221,1.30552614527031,1,"ns"
"M","1","NR","hour","13","16",0,-0.166666666666665,-1.42457376431792,1.09124043098459,1,"ns"
"M","1","NR","hour","13","17",0,-0.595238095238094,-1.85314519288935,0.662669002413162,0.984,"ns"
"M","1","NR","hour","13","18",0,-0.38095238095238,-1.63885947860364,0.876954716698876,1,"ns"
"M","1","NR","hour","13","19",0,-0.88095238095238,-2.13885947860364,0.376954716698876,0.593,"ns"
"M","1","NR","hour","13","20",0,-0.999999999999999,-2.25790709765125,0.257907097651257,0.337,"ns"
"M","1","NR","hour","13","21",0,-1.07142857142857,-2.32933566907983,0.186478526222685,0.217,"ns"
"M","1","NR","hour","13","22",0,-1.11904761904762,-2.37695471669887,0.138859478603638,0.155,"ns"
"M","1","NR","hour","13","23",0,-0.761904761904761,-2.01981185955602,0.496002335746495,0.833,"ns"
"M","1","NR","hour","14","15",0,-0.0238095238095231,-1.28171662146078,1.23409757384173,1,"ns"
"M","1","NR","hour","14","16",0,-0.238095238095238,-1.49600233574649,1.01981185955602,1,"ns"
"M","1","NR","hour","14","17",0,-0.666666666666667,-1.92457376431792,0.591240430984589,0.947,"ns"
"M","1","NR","hour","14","18",0,-0.452380952380952,-1.71028805003221,0.805526145270303,1,"ns"
"M","1","NR","hour","14","19",0,-0.952380952380952,-2.21028805003221,0.305526145270303,0.434,"ns"
"M","1","NR","hour","14","20",0,-1.07142857142857,-2.32933566907983,0.186478526222684,0.217,"ns"
"M","1","NR","hour","14","21",0,-1.14285714285714,-2.4007642405084,0.115049954794112,0.13,"ns"
"M","1","NR","hour","14","22",0,-1.19047619047619,-2.44838328812745,0.0674309071750654,0.0891,"ns"
"M","1","NR","hour","14","23",0,-0.833333333333333,-2.09124043098459,0.424573764317922,0.698,"ns"
"M","1","NR","hour","15","16",0,-0.214285714285715,-1.47219281193697,1.04362138336554,1,"ns"
"M","1","NR","hour","15","17",0,-0.642857142857143,-1.9007642405084,0.615049954794112,0.964,"ns"
"M","1","NR","hour","15","18",0,-0.428571428571429,-1.68647852622268,0.829335669079826,1,"ns"
"M","1","NR","hour","15","19",0,-0.928571428571429,-2.18647852622269,0.329335669079826,0.486,"ns"
"M","1","NR","hour","15","20",0,-1.04761904761905,-2.3055261452703,0.210288050032207,0.253,"ns"
"M","1","NR","hour","15","21",0,-1.11904761904762,-2.37695471669888,0.138859478603635,0.155,"ns"
"M","1","NR","hour","15","22",0,-1.16666666666667,-2.42457376431792,0.0912404309845887,0.108,"ns"
"M","1","NR","hour","15","23",0,-0.80952380952381,-2.06743090717507,0.448383288127445,0.747,"ns"
"M","1","NR","hour","16","17",0,-0.428571428571429,-1.68647852622268,0.829335669079827,1,"ns"
"M","1","NR","hour","16","18",0,-0.214285714285715,-1.47219281193697,1.04362138336554,1,"ns"
"M","1","NR","hour","16","19",0,-0.714285714285715,-1.97219281193697,0.543621383365541,0.901,"ns"
"M","1","NR","hour","16","20",0,-0.833333333333334,-2.09124043098459,0.424573764317922,0.698,"ns"
"M","1","NR","hour","16","21",0,-0.904761904761906,-2.16266900241316,0.35314519288935,0.539,"ns"
"M","1","NR","hour","16","22",0,-0.952380952380952,-2.21028805003221,0.305526145270303,0.434,"ns"
"M","1","NR","hour","16","23",0,-0.595238095238096,-1.85314519288935,0.66266900241316,0.984,"ns"
"M","1","NR","hour","17","18",0,0.214285714285714,-1.04362138336554,1.47219281193697,1,"ns"
"M","1","NR","hour","17","19",0,-0.285714285714286,-1.54362138336554,0.97219281193697,1,"ns"
"M","1","NR","hour","17","20",0,-0.404761904761905,-1.66266900241316,0.853145192889351,1,"ns"
"M","1","NR","hour","17","21",0,-0.476190476190477,-1.73409757384173,0.781716621460779,0.999,"ns"
"M","1","NR","hour","17","22",0,-0.523809523809524,-1.78171662146078,0.734097573841732,0.997,"ns"
"M","1","NR","hour","17","23",0,-0.166666666666667,-1.42457376431792,1.09124043098459,1,"ns"
"M","1","NR","hour","18","19",0,-0.5,-1.75790709765126,0.757907097651256,0.998,"ns"
"M","1","NR","hour","18","20",0,-0.619047619047619,-1.87695471669887,0.638859478603636,0.976,"ns"
"M","1","NR","hour","18","21",0,-0.690476190476191,-1.94838328812745,0.567430907175065,0.926,"ns"
"M","1","NR","hour","18","22",0,-0.738095238095238,-1.99600233574649,0.519811859556018,0.869,"ns"
"M","1","NR","hour","18","23",0,-0.380952380952381,-1.63885947860364,0.876954716698875,1,"ns"
"M","1","NR","hour","19","20",0,-0.119047619047619,-1.37695471669887,1.13885947860364,1,"ns"
"M","1","NR","hour","19","21",0,-0.190476190476191,-1.44838328812745,1.06743090717506,1,"ns"
"M","1","NR","hour","19","22",0,-0.238095238095238,-1.49600233574649,1.01981185955602,1,"ns"
"M","1","NR","hour","19","23",0,0.119047619047619,-1.13885947860364,1.37695471669887,1,"ns"
"M","1","NR","hour","20","21",0,-0.0714285714285718,-1.32933566907983,1.18647852622268,1,"ns"
"M","1","NR","hour","20","22",0,-0.119047619047619,-1.37695471669887,1.13885947860364,1,"ns"
"M","1","NR","hour","20","23",0,0.238095238095238,-1.01981185955602,1.49600233574649,1,"ns"
"M","1","NR","hour","21","22",0,-0.0476190476190468,-1.3055261452703,1.21028805003221,1,"ns"
"M","1","NR","hour","21","23",0,0.30952380952381,-0.948383288127446,1.56743090717507,1,"ns"
"M","1","NR","hour","22","23",0,0.357142857142857,-0.900764240508399,1.61504995479411,1,"ns"
"M","1","PR","hour","0","1",0,-0.047619047619047,-1.53726177006933,1.44202367483124,1,"ns"
"M","1","PR","hour","0","2",0,0.452380952380953,-1.03726177006933,1.94202367483124,1,"ns"
"M","1","PR","hour","0","3",0,0.357142857142859,-1.13249986530743,1.84678557959314,1,"ns"
"M","1","PR","hour","0","4",0,0.595238095238097,-0.894404627212187,2.08488081768838,0.998,"ns"
"M","1","PR","hour","0","5",0,-0.285714285714284,-1.77535700816457,1.203928436736,1,"ns"
"M","1","PR","hour","0","6",0,-0.309523809523809,-1.79916653197409,1.18011891292648,1,"ns"
"M","1","PR","hour","0","7",0,-0.428571428571426,-1.91821415102171,1.06107129387886,1,"ns"
"M","1","PR","hour","0","8",0,-0.452380952380953,-1.94202367483124,1.03726177006933,1,"ns"
"M","1","PR","hour","0","9",0,-0.357142857142854,-1.84678557959314,1.13249986530743,1,"ns"
"M","1","PR","hour","0","10",0,-0.190476190476189,-1.68011891292647,1.2991665319741,1,"ns"
"M","1","PR","hour","0","11",0,-0.285714285714286,-1.77535700816457,1.203928436736,1,"ns"
"M","1","PR","hour","0","12",0,-0.0238095238095221,-1.51345224625981,1.46583319864076,1,"ns"
"M","1","PR","hour","0","13",0,1.83333333333333,0.343690610883048,3.32297605578362,0.00255,"**"
"M","1","PR","hour","0","14",0,0.952380952380954,-0.53726177006933,2.44202367483124,0.757,"ns"
"M","1","PR","hour","0","15",0,0.761904761904764,-0.72773796054552,2.25154748435505,0.963,"ns"
"M","1","PR","hour","0","16",0,0.404761904761906,-1.08488081768838,1.89440462721219,1,"ns"
"M","1","PR","hour","0","17",0,0.452380952380954,-1.03726177006933,1.94202367483124,1,"ns"
"M","1","PR","hour","0","18",0,0.642857142857144,-0.84678557959314,2.13249986530743,0.995,"ns"
"M","1","PR","hour","0","19",0,0.214285714285715,-1.27535700816457,1.703928436736,1,"ns"
"M","1","PR","hour","0","20",0,-0.333333333333332,-1.82297605578362,1.15630938911695,1,"ns"
"M","1","PR","hour","0","21",0,-0.261904761904761,-1.75154748435505,1.22773796054552,1,"ns"
"M","1","PR","hour","0","22",0,-0.214285714285713,-1.703928436736,1.27535700816457,1,"ns"
"M","1","PR","hour","0","23",0,0.523809523809525,-0.965833198640759,2.01345224625981,1,"ns"
"M","1","PR","hour","1","2",0,0.5,-0.989642722450284,1.98964272245028,1,"ns"
"M","1","PR","hour","1","3",0,0.404761904761906,-1.08488081768838,1.89440462721219,1,"ns"
"M","1","PR","hour","1","4",0,0.642857142857144,-0.84678557959314,2.13249986530743,0.995,"ns"
"M","1","PR","hour","1","5",0,-0.238095238095237,-1.72773796054552,1.25154748435505,1,"ns"
"M","1","PR","hour","1","6",0,-0.261904761904762,-1.75154748435505,1.22773796054552,1,"ns"
"M","1","PR","hour","1","7",0,-0.380952380952379,-1.87059510340266,1.1086903414979,1,"ns"
"M","1","PR","hour","1","8",0,-0.404761904761906,-1.89440462721219,1.08488081768838,1,"ns"
"M","1","PR","hour","1","9",0,-0.309523809523807,-1.79916653197409,1.18011891292648,1,"ns"
"M","1","PR","hour","1","10",0,-0.142857142857142,-1.63249986530743,1.34678557959314,1,"ns"
"M","1","PR","hour","1","11",0,-0.238095238095239,-1.72773796054552,1.25154748435505,1,"ns"
"M","1","PR","hour","1","12",0,0.0238095238095249,-1.46583319864076,1.51345224625981,1,"ns"
"M","1","PR","hour","1","13",0,1.88095238095238,0.391309658502095,3.37059510340266,0.00161,"**"
"M","1","PR","hour","1","14",0,1,-0.489642722450283,2.48964272245029,0.674,"ns"
"M","1","PR","hour","1","15",0,0.809523809523811,-0.680118912926473,2.2991665319741,0.933,"ns"
"M","1","PR","hour","1","16",0,0.452380952380953,-1.03726177006933,1.94202367483124,1,"ns"
"M","1","PR","hour","1","17",0,0.500000000000001,-0.989642722450283,1.98964272245028,1,"ns"
"M","1","PR","hour","1","18",0,0.690476190476191,-0.799166531974093,2.18011891292648,0.988,"ns"
"M","1","PR","hour","1","19",0,0.261904761904762,-1.22773796054552,1.75154748435505,1,"ns"
"M","1","PR","hour","1","20",0,-0.285714285714285,-1.77535700816457,1.203928436736,1,"ns"
"M","1","PR","hour","1","21",0,-0.214285714285714,-1.703928436736,1.27535700816457,1,"ns"
"M","1","PR","hour","1","22",0,-0.166666666666666,-1.65630938911695,1.32297605578362,1,"ns"
"M","1","PR","hour","1","23",0,0.571428571428572,-0.918214151021712,2.06107129387886,0.999,"ns"
"M","1","PR","hour","2","3",0,-0.0952380952380948,-1.58488081768838,1.39440462721219,1,"ns"
"M","1","PR","hour","2","4",0,0.142857142857144,-1.34678557959314,1.63249986530743,1,"ns"
"M","1","PR","hour","2","5",0,-0.738095238095237,-2.22773796054552,0.751547484355047,0.974,"ns"
"M","1","PR","hour","2","6",0,-0.761904761904762,-2.25154748435505,0.727737960545522,0.963,"ns"
"M","1","PR","hour","2","7",0,-0.88095238095238,-2.37059510340266,0.608690341497905,0.861,"ns"
"M","1","PR","hour","2","8",0,-0.904761904761906,-2.39440462721219,0.584880817688378,0.83,"ns"
"M","1","PR","hour","2","9",0,-0.809523809523808,-2.29916653197409,0.680118912926476,0.933,"ns"
"M","1","PR","hour","2","10",0,-0.642857142857143,-2.13249986530743,0.846785579593142,0.995,"ns"
"M","1","PR","hour","2","11",0,-0.738095238095239,-2.22773796054552,0.751547484355045,0.974,"ns"
"M","1","PR","hour","2","12",0,-0.476190476190475,-1.96583319864076,1.01345224625981,1,"ns"
"M","1","PR","hour","2","13",0,1.38095238095238,-0.108690341497906,2.87059510340266,0.108,"ns"
"M","1","PR","hour","2","14",0,0.5,-0.989642722450284,1.98964272245028,1,"ns"
"M","1","PR","hour","2","15",0,0.30952380952381,-1.18011891292647,1.79916653197409,1,"ns"
"M","1","PR","hour","2","16",0,-0.0476190476190473,-1.53726177006933,1.44202367483124,1,"ns"
"M","1","PR","hour","2","17",0,4.44089209850063e-16,-1.48964272245028,1.48964272245028,1,"ns"
"M","1","PR","hour","2","18",0,0.19047619047619,-1.29916653197409,1.68011891292647,1,"ns"
"M","1","PR","hour","2","19",0,-0.238095238095238,-1.72773796054552,1.25154748435505,1,"ns"
"M","1","PR","hour","2","20",0,-0.785714285714285,-2.27535700816457,0.703928436735999,0.95,"ns"
"M","1","PR","hour","2","21",0,-0.714285714285715,-2.203928436736,0.77535700816457,0.982,"ns"
"M","1","PR","hour","2","22",0,-0.666666666666667,-2.15630938911695,0.822976055783617,0.992,"ns"
"M","1","PR","hour","2","23",0,0.0714285714285714,-1.41821415102171,1.56107129387886,1,"ns"
"M","1","PR","hour","3","4",0,0.238095238095239,-1.25154748435505,1.72773796054552,1,"ns"
"M","1","PR","hour","3","5",0,-0.642857142857143,-2.13249986530743,0.846785579593142,0.995,"ns"
"M","1","PR","hour","3","6",0,-0.666666666666667,-2.15630938911695,0.822976055783617,0.992,"ns"
"M","1","PR","hour","3","7",0,-0.785714285714285,-2.27535700816457,0.703928436735999,0.95,"ns"
"M","1","PR","hour","3","8",0,-0.809523809523811,-2.2991665319741,0.680118912926473,0.933,"ns"
"M","1","PR","hour","3","9",0,-0.714285714285713,-2.203928436736,0.775357008164571,0.982,"ns"
"M","1","PR","hour","3","10",0,-0.547619047619048,-2.03726177006933,0.942023674831236,1,"ns"
"M","1","PR","hour","3","11",0,-0.642857142857144,-2.13249986530743,0.84678557959314,0.995,"ns"
"M","1","PR","hour","3","12",0,-0.380952380952381,-1.87059510340266,1.1086903414979,1,"ns"
"M","1","PR","hour","3","13",0,1.47619047619047,-0.013452246259811,2.96583319864076,0.0553,"ns"
"M","1","PR","hour","3","14",0,0.595238095238095,-0.894404627212189,2.08488081768838,0.998,"ns"
"M","1","PR","hour","3","15",0,0.404761904761905,-1.08488081768838,1.89440462721219,1,"ns"
"M","1","PR","hour","3","16",0,0.0476190476190474,-1.44202367483124,1.53726177006933,1,"ns"
"M","1","PR","hour","3","17",0,0.0952380952380952,-1.39440462721219,1.58488081768838,1,"ns"
"M","1","PR","hour","3","18",0,0.285714285714285,-1.203928436736,1.77535700816457,1,"ns"
"M","1","PR","hour","3","19",0,-0.142857142857143,-1.63249986530743,1.34678557959314,1,"ns"
"M","1","PR","hour","3","20",0,-0.69047619047619,-2.18011891292647,0.799166531974094,0.988,"ns"
"M","1","PR","hour","3","21",0,-0.61904761904762,-2.1086903414979,0.870595103402664,0.997,"ns"
"M","1","PR","hour","3","22",0,-0.571428571428572,-2.06107129387886,0.918214151021712,0.999,"ns"
"M","1","PR","hour","3","23",0,0.166666666666666,-1.32297605578362,1.65630938911695,1,"ns"
"M","1","PR","hour","4","5",0,-0.880952380952381,-2.37059510340267,0.608690341497903,0.861,"ns"
"M","1","PR","hour","4","6",0,-0.904761904761906,-2.39440462721219,0.584880817688378,0.83,"ns"
"M","1","PR","hour","4","7",0,-1.02380952380952,-2.51345224625981,0.465833198640761,0.63,"ns"
"M","1","PR","hour","4","8",0,-1.04761904761905,-2.53726177006933,0.442023674831235,0.584,"ns"
"M","1","PR","hour","4","9",0,-0.952380952380952,-2.44202367483124,0.537261770069333,0.757,"ns"
"M","1","PR","hour","4","10",0,-0.785714285714286,-2.27535700816457,0.703928436735998,0.95,"ns"
"M","1","PR","hour","4","11",0,-0.880952380952383,-2.37059510340267,0.608690341497901,0.861,"ns"
"M","1","PR","hour","4","12",0,-0.619047619047619,-2.1086903414979,0.870595103402665,0.997,"ns"
"M","1","PR","hour","4","13",0,1.23809523809523,-0.25154748435505,2.72773796054552,0.256,"ns"
"M","1","PR","hour","4","14",0,0.357142857142857,-1.13249986530743,1.84678557959314,1,"ns"
"M","1","PR","hour","4","15",0,0.166666666666667,-1.32297605578362,1.65630938911695,1,"ns"
"M","1","PR","hour","4","16",0,-0.190476190476191,-1.68011891292648,1.29916653197409,1,"ns"
"M","1","PR","hour","4","17",0,-0.142857142857143,-1.63249986530743,1.34678557959314,1,"ns"
"M","1","PR","hour","4","18",0,0.0476190476190466,-1.44202367483124,1.53726177006933,1,"ns"
"M","1","PR","hour","4","19",0,-0.380952380952382,-1.87059510340267,1.1086903414979,1,"ns"
"M","1","PR","hour","4","20",0,-0.928571428571429,-2.41821415102171,0.561071293878855,0.795,"ns"
"M","1","PR","hour","4","21",0,-0.857142857142858,-2.34678557959314,0.632499865307426,0.889,"ns"
"M","1","PR","hour","4","22",0,-0.809523809523811,-2.29916653197409,0.680118912926474,0.933,"ns"
"M","1","PR","hour","4","23",0,-0.0714285714285725,-1.56107129387886,1.41821415102171,1,"ns"
"M","1","PR","hour","5","6",0,-0.0238095238095245,-1.51345224625981,1.46583319864076,1,"ns"
"M","1","PR","hour","5","7",0,-0.142857142857142,-1.63249986530743,1.34678557959314,1,"ns"
"M","1","PR","hour","5","8",0,-0.166666666666669,-1.65630938911695,1.32297605578362,1,"ns"
"M","1","PR","hour","5","9",0,-0.0714285714285704,-1.56107129387885,1.41821415102171,1,"ns"
"M","1","PR","hour","5","10",0,0.0952380952380948,-1.39440462721219,1.58488081768838,1,"ns"
"M","1","PR","hour","5","11",0,-1.77635683940025e-15,-1.48964272245029,1.48964272245028,1,"ns"
"M","1","PR","hour","5","12",0,0.261904761904762,-1.22773796054552,1.75154748435505,1,"ns"
"M","1","PR","hour","5","13",0,2.11904761904762,0.629404896597332,3.6086903414979,0.000136,"***"
"M","1","PR","hour","5","14",0,1.23809523809524,-0.251547484355046,2.72773796054552,0.256,"ns"
"M","1","PR","hour","5","15",0,1.04761904761905,-0.442023674831236,2.53726177006933,0.584,"ns"
"M","1","PR","hour","5","16",0,0.69047619047619,-0.799166531974094,2.18011891292647,0.988,"ns"
"M","1","PR","hour","5","17",0,0.738095238095238,-0.751547484355046,2.22773796054552,0.974,"ns"
"M","1","PR","hour","5","18",0,0.928571428571428,-0.561071293878856,2.41821415102171,0.795,"ns"
"M","1","PR","hour","5","19",0,0.499999999999999,-0.989642722450285,1.98964272245028,1,"ns"
"M","1","PR","hour","5","20",0,-0.0476190476190476,-1.53726177006933,1.44202367483124,1,"ns"
"M","1","PR","hour","5","21",0,0.0238095238095228,-1.46583319864076,1.51345224625981,1,"ns"
"M","1","PR","hour","5","22",0,0.0714285714285706,-1.41821415102171,1.56107129387885,1,"ns"
"M","1","PR","hour","5","23",0,0.809523809523809,-0.680118912926475,2.29916653197409,0.933,"ns"
"M","1","PR","hour","6","7",0,-0.119047619047618,-1.6086903414979,1.37059510340267,1,"ns"
"M","1","PR","hour","6","8",0,-0.142857142857144,-1.63249986530743,1.34678557959314,1,"ns"
"M","1","PR","hour","6","9",0,-0.0476190476190458,-1.53726177006933,1.44202367483124,1,"ns"
"M","1","PR","hour","6","10",0,0.119047619047619,-1.37059510340266,1.6086903414979,1,"ns"
"M","1","PR","hour","6","11",0,0.0238095238095228,-1.46583319864076,1.51345224625981,1,"ns"
"M","1","PR","hour","6","12",0,0.285714285714286,-1.203928436736,1.77535700816457,1,"ns"
"M","1","PR","hour","6","13",0,2.14285714285714,0.653214420406856,3.63249986530742,0.000105,"***"
"M","1","PR","hour","6","14",0,1.26190476190476,-0.227737960545522,2.75154748435505,0.225,"ns"
"M","1","PR","hour","6","15",0,1.07142857142857,-0.418214151021712,2.56107129387886,0.539,"ns"
"M","1","PR","hour","6","16",0,0.714285714285715,-0.77535700816457,2.203928436736,0.982,"ns"
"M","1","PR","hour","6","17",0,0.761904761904762,-0.727737960545522,2.25154748435505,0.963,"ns"
"M","1","PR","hour","6","18",0,0.952380952380952,-0.537261770069332,2.44202367483124,0.757,"ns"
"M","1","PR","hour","6","19",0,0.523809523809524,-0.96583319864076,2.01345224625981,1,"ns"
"M","1","PR","hour","6","20",0,-0.0238095238095231,-1.51345224625981,1.46583319864076,1,"ns"
"M","1","PR","hour","6","21",0,0.0476190476190474,-1.44202367483124,1.53726177006933,1,"ns"
"M","1","PR","hour","6","22",0,0.0952380952380951,-1.39440462721219,1.58488081768838,1,"ns"
"M","1","PR","hour","6","23",0,0.833333333333333,-0.656309389116951,2.32297605578362,0.913,"ns"
"M","1","PR","hour","7","8",0,-0.0238095238095263,-1.51345224625981,1.46583319864076,1,"ns"
"M","1","PR","hour","7","9",0,0.0714285714285719,-1.41821415102171,1.56107129387886,1,"ns"
"M","1","PR","hour","7","10",0,0.238095238095237,-1.25154748435505,1.72773796054552,1,"ns"
"M","1","PR","hour","7","11",0,0.14285714285714,-1.34678557959314,1.63249986530742,1,"ns"
"M","1","PR","hour","7","12",0,0.404761904761904,-1.08488081768838,1.89440462721219,1,"ns"
"M","1","PR","hour","7","13",0,2.26190476190476,0.772262039454474,3.75154748435504,2.8e-05,"****"
"M","1","PR","hour","7","14",0,1.38095238095238,-0.108690341497904,2.87059510340266,0.108,"ns"
"M","1","PR","hour","7","15",0,1.19047619047619,-0.299166531974094,2.68011891292647,0.327,"ns"
"M","1","PR","hour","7","16",0,0.833333333333332,-0.656309389116952,2.32297605578362,0.913,"ns"
"M","1","PR","hour","7","17",0,0.88095238095238,-0.608690341497904,2.37059510340266,0.861,"ns"
"M","1","PR","hour","7","18",0,1.07142857142857,-0.418214151021714,2.56107129387885,0.539,"ns"
"M","1","PR","hour","7","19",0,0.642857142857142,-0.846785579593142,2.13249986530743,0.995,"ns"
"M","1","PR","hour","7","20",0,0.0952380952380946,-1.39440462721219,1.58488081768838,1,"ns"
"M","1","PR","hour","7","21",0,0.166666666666665,-1.32297605578362,1.65630938911695,1,"ns"
"M","1","PR","hour","7","22",0,0.214285714285713,-1.27535700816457,1.703928436736,1,"ns"
"M","1","PR","hour","7","23",0,0.952380952380951,-0.537261770069333,2.44202367483124,0.757,"ns"
"M","1","PR","hour","8","9",0,0.0952380952380981,-1.39440462721219,1.58488081768838,1,"ns"
"M","1","PR","hour","8","10",0,0.261904761904763,-1.22773796054552,1.75154748435505,1,"ns"
"M","1","PR","hour","8","11",0,0.166666666666667,-1.32297605578362,1.65630938911695,1,"ns"
"M","1","PR","hour","8","12",0,0.42857142857143,-1.06107129387885,1.91821415102171,1,"ns"
"M","1","PR","hour","8","13",0,2.28571428571428,0.796071563264,3.77535700816457,2.14e-05,"****"
"M","1","PR","hour","8","14",0,1.40476190476191,-0.0848808176883777,2.89440462721219,0.0922,"ns"
"M","1","PR","hour","8","15",0,1.21428571428572,-0.275357008164568,2.703928436736,0.29,"ns"
"M","1","PR","hour","8","16",0,0.857142857142859,-0.632499865307426,2.34678557959314,0.889,"ns"
"M","1","PR","hour","8","17",0,0.904761904761906,-0.584880817688378,2.39440462721219,0.83,"ns"
"M","1","PR","hour","8","18",0,1.0952380952381,-0.394404627212188,2.58488081768838,0.494,"ns"
"M","1","PR","hour","8","19",0,0.666666666666668,-0.822976055783616,2.15630938911695,0.992,"ns"
"M","1","PR","hour","8","20",0,0.119047619047621,-1.37059510340266,1.60869034149791,1,"ns"
"M","1","PR","hour","8","21",0,0.190476190476191,-1.29916653197409,1.68011891292648,1,"ns"
"M","1","PR","hour","8","22",0,0.238095238095239,-1.25154748435505,1.72773796054552,1,"ns"
"M","1","PR","hour","8","23",0,0.976190476190477,-0.513452246259807,2.46583319864076,0.716,"ns"
"M","1","PR","hour","9","10",0,0.166666666666665,-1.32297605578362,1.65630938911695,1,"ns"
"M","1","PR","hour","9","11",0,0.0714285714285686,-1.41821415102172,1.56107129387885,1,"ns"
"M","1","PR","hour","9","12",0,0.333333333333332,-1.15630938911695,1.82297605578362,1,"ns"
"M","1","PR","hour","9","13",0,2.19047619047619,0.700833468025902,3.68011891292647,6.23e-05,"****"
"M","1","PR","hour","9","14",0,1.30952380952381,-0.180118912926476,2.79916653197409,0.171,"ns"
"M","1","PR","hour","9","15",0,1.11904761904762,-0.370595103402666,2.6086903414979,0.45,"ns"
"M","1","PR","hour","9","16",0,0.76190476190476,-0.727737960545524,2.25154748435504,0.963,"ns"
"M","1","PR","hour","9","17",0,0.809523809523808,-0.680118912926476,2.29916653197409,0.933,"ns"
"M","1","PR","hour","9","18",0,0.999999999999998,-0.489642722450286,2.48964272245028,0.674,"ns"
"M","1","PR","hour","9","19",0,0.57142857142857,-0.918214151021714,2.06107129387885,0.999,"ns"
"M","1","PR","hour","9","20",0,0.0238095238095227,-1.46583319864076,1.51345224625981,1,"ns"
"M","1","PR","hour","9","21",0,0.0952380952380932,-1.39440462721219,1.58488081768838,1,"ns"
"M","1","PR","hour","9","22",0,0.142857142857141,-1.34678557959314,1.63249986530743,1,"ns"
"M","1","PR","hour","9","23",0,0.880952380952379,-0.608690341497905,2.37059510340266,0.861,"ns"
"M","1","PR","hour","10","11",0,-0.0952380952380966,-1.58488081768838,1.39440462721219,1,"ns"
"M","1","PR","hour","10","12",0,0.166666666666667,-1.32297605578362,1.65630938911695,1,"ns"
"M","1","PR","hour","10","13",0,2.02380952380952,0.534166801359237,3.51345224625981,0.000376,"***"
"M","1","PR","hour","10","14",0,1.14285714285714,-0.346785579593141,2.63249986530743,0.407,"ns"
"M","1","PR","hour","10","15",0,0.952380952380953,-0.537261770069331,2.44202367483124,0.757,"ns"
"M","1","PR","hour","10","16",0,0.595238095238095,-0.894404627212189,2.08488081768838,0.998,"ns"
"M","1","PR","hour","10","17",0,0.642857142857143,-0.846785579593141,2.13249986530743,0.995,"ns"
"M","1","PR","hour","10","18",0,0.833333333333333,-0.656309389116951,2.32297605578362,0.913,"ns"
"M","1","PR","hour","10","19",0,0.404761904761905,-1.08488081768838,1.89440462721219,1,"ns"
"M","1","PR","hour","10","20",0,-0.142857142857142,-1.63249986530743,1.34678557959314,1,"ns"
"M","1","PR","hour","10","21",0,-0.071428571428572,-1.56107129387886,1.41821415102171,1,"ns"
"M","1","PR","hour","10","22",0,-0.0238095238095242,-1.51345224625981,1.46583319864076,1,"ns"
"M","1","PR","hour","10","23",0,0.714285714285714,-0.77535700816457,2.203928436736,0.982,"ns"
"M","1","PR","hour","11","12",0,0.261904761904764,-1.22773796054552,1.75154748435505,1,"ns"
"M","1","PR","hour","11","13",0,2.11904761904762,0.629404896597334,3.6086903414979,0.000136,"***"
"M","1","PR","hour","11","14",0,1.23809523809524,-0.251547484355045,2.72773796054552,0.256,"ns"
"M","1","PR","hour","11","15",0,1.04761904761905,-0.442023674831235,2.53726177006933,0.584,"ns"
"M","1","PR","hour","11","16",0,0.690476190476192,-0.799166531974092,2.18011891292648,0.988,"ns"
"M","1","PR","hour","11","17",0,0.73809523809524,-0.751547484355045,2.22773796054552,0.974,"ns"
"M","1","PR","hour","11","18",0,0.92857142857143,-0.561071293878855,2.41821415102171,0.795,"ns"
"M","1","PR","hour","11","19",0,0.500000000000001,-0.989642722450283,1.98964272245029,1,"ns"
"M","1","PR","hour","11","20",0,-0.0476190476190459,-1.53726177006933,1.44202367483124,1,"ns"
"M","1","PR","hour","11","21",0,0.0238095238095246,-1.46583319864076,1.51345224625981,1,"ns"
"M","1","PR","hour","11","22",0,0.0714285714285723,-1.41821415102171,1.56107129387886,1,"ns"
"M","1","PR","hour","11","23",0,0.809523809523811,-0.680118912926474,2.29916653197409,0.933,"ns"
"M","1","PR","hour","12","13",0,1.85714285714285,0.36750013469257,3.34678557959314,0.00203,"**"
"M","1","PR","hour","12","14",0,0.976190476190476,-0.513452246259808,2.46583319864076,0.716,"ns"
"M","1","PR","hour","12","15",0,0.785714285714286,-0.703928436735998,2.27535700816457,0.95,"ns"
"M","1","PR","hour","12","16",0,0.428571428571428,-1.06107129387886,1.91821415102171,1,"ns"
"M","1","PR","hour","12","17",0,0.476190476190476,-1.01345224625981,1.96583319864076,1,"ns"
"M","1","PR","hour","12","18",0,0.666666666666666,-0.822976055783618,2.15630938911695,0.992,"ns"
"M","1","PR","hour","12","19",0,0.238095238095237,-1.25154748435505,1.72773796054552,1,"ns"
"M","1","PR","hour","12","20",0,-0.30952380952381,-1.79916653197409,1.18011891292647,1,"ns"
"M","1","PR","hour","12","21",0,-0.238095238095239,-1.72773796054552,1.25154748435504,1,"ns"
"M","1","PR","hour","12","22",0,-0.190476190476191,-1.68011891292648,1.29916653197409,1,"ns"
"M","1","PR","hour","12","23",0,0.547619047619047,-0.942023674831237,2.03726177006933,1,"ns"
"M","1","PR","hour","13","14",0,-0.880952380952378,-2.37059510340266,0.608690341497906,0.861,"ns"
"M","1","PR","hour","13","15",0,-1.07142857142857,-2.56107129387885,0.418214151021716,0.539,"ns"
"M","1","PR","hour","13","16",0,-1.42857142857143,-2.91821415102171,0.0610712938788585,0.0781,"ns"
"M","1","PR","hour","13","17",0,-1.38095238095238,-2.87059510340266,0.108690341497906,0.108,"ns"
"M","1","PR","hour","13","18",0,-1.19047619047619,-2.68011891292647,0.299166531974096,0.327,"ns"
"M","1","PR","hour","13","19",0,-1.61904761904762,-3.1086903414979,-0.129404896597332,0.0178,"*"
"M","1","PR","hour","13","20",0,-2.16666666666666,-3.65630938911695,-0.677023944216379,8.1e-05,"****"
"M","1","PR","hour","13","21",0,-2.09523809523809,-3.58488081768838,-0.605595372787809,0.000176,"***"
"M","1","PR","hour","13","22",0,-2.04761904761905,-3.53726177006933,-0.557976325168761,0.000293,"***"
"M","1","PR","hour","13","23",0,-1.30952380952381,-2.79916653197409,0.180118912926477,0.171,"ns"
"M","1","PR","hour","14","15",0,-0.19047619047619,-1.68011891292647,1.29916653197409,1,"ns"
"M","1","PR","hour","14","16",0,-0.547619047619048,-2.03726177006933,0.942023674831236,1,"ns"
"M","1","PR","hour","14","17",0,-0.5,-1.98964272245028,0.989642722450284,1,"ns"
"M","1","PR","hour","14","18",0,-0.30952380952381,-1.79916653197409,1.18011891292647,1,"ns"
"M","1","PR","hour","14","19",0,-0.738095238095238,-2.22773796054552,0.751547484355046,0.974,"ns"
"M","1","PR","hour","14","20",0,-1.28571428571429,-2.77535700816457,0.203928436735999,0.197,"ns"
"M","1","PR","hour","14","21",0,-1.21428571428571,-2.703928436736,0.275357008164569,0.29,"ns"
"M","1","PR","hour","14","22",0,-1.16666666666667,-2.65630938911695,0.322976055783617,0.366,"ns"
"M","1","PR","hour","14","23",0,-0.428571428571429,-1.91821415102171,1.06107129387886,1,"ns"
"M","1","PR","hour","15","16",0,-0.357142857142858,-1.84678557959314,1.13249986530743,1,"ns"
"M","1","PR","hour","15","17",0,-0.30952380952381,-1.79916653197409,1.18011891292647,1,"ns"
"M","1","PR","hour","15","18",0,-0.11904761904762,-1.6086903414979,1.37059510340266,1,"ns"
"M","1","PR","hour","15","19",0,-0.547619047619048,-2.03726177006933,0.942023674831236,1,"ns"
"M","1","PR","hour","15","20",0,-1.0952380952381,-2.58488081768838,0.394404627212189,0.494,"ns"
"M","1","PR","hour","15","21",0,-1.02380952380953,-2.51345224625981,0.465833198640759,0.63,"ns"
"M","1","PR","hour","15","22",0,-0.976190476190477,-2.46583319864076,0.513452246259807,0.716,"ns"
"M","1","PR","hour","15","23",0,-0.238095238095239,-1.72773796054552,1.25154748435505,1,"ns"
"M","1","PR","hour","16","17",0,0.0476190476190478,-1.44202367483124,1.53726177006933,1,"ns"
"M","1","PR","hour","16","18",0,0.238095238095238,-1.25154748435505,1.72773796054552,1,"ns"
"M","1","PR","hour","16","19",0,-0.190476190476191,-1.68011891292647,1.29916653197409,1,"ns"
"M","1","PR","hour","16","20",0,-0.738095238095238,-2.22773796054552,0.751547484355046,0.974,"ns"
"M","1","PR","hour","16","21",0,-0.666666666666667,-2.15630938911695,0.822976055783617,0.992,"ns"
"M","1","PR","hour","16","22",0,-0.61904761904762,-2.1086903414979,0.870595103402665,0.997,"ns"
"M","1","PR","hour","16","23",0,0.119047619047619,-1.37059510340267,1.6086903414979,1,"ns"
"M","1","PR","hour","17","18",0,0.19047619047619,-1.29916653197409,1.68011891292647,1,"ns"
"M","1","PR","hour","17","19",0,-0.238095238095238,-1.72773796054552,1.25154748435505,1,"ns"
"M","1","PR","hour","17","20",0,-0.785714285714285,-2.27535700816457,0.703928436735999,0.95,"ns"
"M","1","PR","hour","17","21",0,-0.714285714285715,-2.203928436736,0.775357008164569,0.982,"ns"
"M","1","PR","hour","17","22",0,-0.666666666666667,-2.15630938911695,0.822976055783617,0.992,"ns"
"M","1","PR","hour","17","23",0,0.071428571428571,-1.41821415102171,1.56107129387886,1,"ns"
"M","1","PR","hour","18","19",0,-0.428571428571428,-1.91821415102171,1.06107129387886,1,"ns"
"M","1","PR","hour","18","20",0,-0.976190476190475,-2.46583319864076,0.513452246259809,0.716,"ns"
"M","1","PR","hour","18","21",0,-0.904761904761905,-2.39440462721219,0.584880817688379,0.83,"ns"
"M","1","PR","hour","18","22",0,-0.857142857142857,-2.34678557959314,0.632499865307427,0.889,"ns"
"M","1","PR","hour","18","23",0,-0.119047619047619,-1.6086903414979,1.37059510340267,1,"ns"
"M","1","PR","hour","19","20",0,-0.547619047619047,-2.03726177006933,0.942023674831237,1,"ns"
"M","1","PR","hour","19","21",0,-0.476190476190477,-1.96583319864076,1.01345224625981,1,"ns"
"M","1","PR","hour","19","22",0,-0.428571428571429,-1.91821415102171,1.06107129387886,1,"ns"
"M","1","PR","hour","19","23",0,0.309523809523809,-1.18011891292647,1.79916653197409,1,"ns"
"M","1","PR","hour","20","21",0,0.0714285714285705,-1.41821415102171,1.56107129387885,1,"ns"
"M","1","PR","hour","20","22",0,0.119047619047618,-1.37059510340267,1.6086903414979,1,"ns"
"M","1","PR","hour","20","23",0,0.857142857142856,-0.632499865307428,2.34678557959314,0.889,"ns"
"M","1","PR","hour","21","22",0,0.0476190476190477,-1.44202367483124,1.53726177006933,1,"ns"
"M","1","PR","hour","21","23",0,0.785714285714286,-0.703928436735998,2.27535700816457,0.95,"ns"
"M","1","PR","hour","22","23",0,0.738095238095238,-0.751547484355046,2.22773796054552,0.974,"ns"
"M","2","NR","hour","0","1",0,-0.309523809523807,-1.16995017282201,0.550902553774398,1,"ns"
"M","2","NR","hour","0","2",0,0.0714285714285738,-0.788997791869631,0.931854934726779,1,"ns"
"M","2","NR","hour","0","3",0,0.16666666666667,-0.693759696631535,1.02709302996487,1,"ns"
"M","2","NR","hour","0","4",0,-0.404761904761902,-1.26518826806011,0.455664458536303,0.986,"ns"
"M","2","NR","hour","0","5",0,-0.33333333333333,-1.19375969663154,0.527093029964874,0.999,"ns"
"M","2","NR","hour","0","6",0,-0.45238095238095,-1.31280731567916,0.408045410917255,0.951,"ns"
"M","2","NR","hour","0","7",0,-0.428571428571426,-1.28899779186963,0.431854934726779,0.972,"ns"
"M","2","NR","hour","0","8",0,-0.57142857142857,-1.43185493472678,0.288997791869635,0.693,"ns"
"M","2","NR","hour","0","9",0,-0.499999999999997,-1.3604263632982,0.360426363298208,0.879,"ns"
"M","2","NR","hour","0","10",0,-0.547619047619045,-1.40804541091725,0.31280731567916,0.764,"ns"
"M","2","NR","hour","0","11",0,-0.452380952380951,-1.31280731567916,0.408045410917254,0.951,"ns"
"M","2","NR","hour","0","12",0,-0.428571428571424,-1.28899779186963,0.431854934726781,0.972,"ns"
"M","2","NR","hour","0","13",0,1.28571428571429,0.425287922416082,2.14614064901249,4.2e-05,"****"
"M","2","NR","hour","0","14",0,0.785714285714288,-0.0747120775839172,1.64614064901249,0.124,"ns"
"M","2","NR","hour","0","15",0,1.02380952380953,0.163383160511322,1.88423588710773,0.00454,"**"
"M","2","NR","hour","0","16",0,0.380952380952384,-0.479473982345821,1.24137874425059,0.993,"ns"
"M","2","NR","hour","0","17",0,0.142857142857146,-0.717569220441059,1.00328350615535,1,"ns"
"M","2","NR","hour","0","18",0,-0.0238095238095216,-0.884235887107726,0.836616839488683,1,"ns"
"M","2","NR","hour","0","19",0,-0.333333333333331,-1.19375969663154,0.527093029964874,0.999,"ns"
"M","2","NR","hour","0","20",0,-0.214285714285712,-1.07471207758392,0.646140649012493,1,"ns"
"M","2","NR","hour","0","21",0,-0.404761904761902,-1.26518826806011,0.455664458536302,0.986,"ns"
"M","2","NR","hour","0","22",0,-0.309523809523807,-1.16995017282201,0.550902553774398,1,"ns"
"M","2","NR","hour","0","23",0,-0.0714285714285694,-0.931854934726774,0.788997791869635,1,"ns"
"M","2","NR","hour","1","2",0,0.380952380952381,-0.479473982345824,1.24137874425059,0.993,"ns"
"M","2","NR","hour","1","3",0,0.476190476190476,-0.384235887107728,1.33661683948868,0.921,"ns"
"M","2","NR","hour","1","4",0,-0.0952380952380955,-0.9556644585363,0.765188268060109,1,"ns"
"M","2","NR","hour","1","5",0,-0.0238095238095237,-0.884235887107729,0.836616839488681,1,"ns"
"M","2","NR","hour","1","6",0,-0.142857142857143,-1.00328350615535,0.717569220441062,1,"ns"
"M","2","NR","hour","1","7",0,-0.119047619047619,-0.979473982345824,0.741378744250586,1,"ns"
"M","2","NR","hour","1","8",0,-0.261904761904763,-1.12233112520297,0.598521601393441,1,"ns"
"M","2","NR","hour","1","9",0,-0.19047619047619,-1.0509025537744,0.669950172822015,1,"ns"
"M","2","NR","hour","1","10",0,-0.238095238095238,-1.09852160139344,0.622331125202967,1,"ns"
"M","2","NR","hour","1","11",0,-0.142857142857144,-1.00328350615535,0.71756922044106,1,"ns"
"M","2","NR","hour","1","12",0,-0.119047619047617,-0.979473982345822,0.741378744250588,1,"ns"
"M","2","NR","hour","1","13",0,1.59523809523809,0.734811731939889,2.4556644585363,7e-08,"****"
"M","2","NR","hour","1","14",0,1.09523809523809,0.23481173193989,1.9556644585363,0.00138,"**"
"M","2","NR","hour","1","15",0,1.33333333333333,0.472906970035129,2.19375969663154,1.65e-05,"****"
"M","2","NR","hour","1","16",0,0.690476190476191,-0.169950172822014,1.5509025537744,0.319,"ns"
"M","2","NR","hour","1","17",0,0.452380952380953,-0.408045410917252,1.31280731567916,0.951,"ns"
"M","2","NR","hour","1","18",0,0.285714285714285,-0.57471207758392,1.14614064901249,1,"ns"
"M","2","NR","hour","1","19",0,-0.0238095238095242,-0.884235887107729,0.836616839488681,1,"ns"
"M","2","NR","hour","1","20",0,0.0952380952380948,-0.76518826806011,0.9556644585363,1,"ns"
"M","2","NR","hour","1","21",0,-0.0952380952380956,-0.955664458536301,0.765188268060109,1,"ns"
"M","2","NR","hour","1","22",0,-2.22044604925031e-16,-0.860426363298205,0.860426363298205,1,"ns"
"M","2","NR","hour","1","23",0,0.238095238095237,-0.622331125202968,1.09852160139344,1,"ns"
"M","2","NR","hour","2","3",0,0.0952380952380959,-0.765188268060109,0.955664458536301,1,"ns"
"M","2","NR","hour","2","4",0,-0.476190476190476,-1.33661683948868,0.384235887107729,0.921,"ns"
"M","2","NR","hour","2","5",0,-0.404761904761904,-1.26518826806011,0.455664458536301,0.986,"ns"
"M","2","NR","hour","2","6",0,-0.523809523809524,-1.38423588710773,0.336616839488681,0.827,"ns"
"M","2","NR","hour","2","7",0,-0.5,-1.3604263632982,0.360426363298205,0.879,"ns"
"M","2","NR","hour","2","8",0,-0.642857142857144,-1.50328350615535,0.217569220441061,0.461,"ns"
"M","2","NR","hour","2","9",0,-0.571428571428571,-1.43185493472678,0.288997791869634,0.693,"ns"
"M","2","NR","hour","2","10",0,-0.619047619047619,-1.47947398234582,0.241378744250586,0.538,"ns"
"M","2","NR","hour","2","11",0,-0.523809523809525,-1.38423588710773,0.33661683948868,0.827,"ns"
"M","2","NR","hour","2","12",0,-0.499999999999998,-1.3604263632982,0.360426363298207,0.879,"ns"
"M","2","NR","hour","2","13",0,1.21428571428571,0.353859350987508,2.07471207758392,0.000163,"***"
"M","2","NR","hour","2","14",0,0.714285714285714,-0.146140649012491,1.57471207758392,0.258,"ns"
"M","2","NR","hour","2","15",0,0.952380952380953,0.091954589082748,1.81280731567916,0.0138,"*"
"M","2","NR","hour","2","16",0,0.30952380952381,-0.550902553774395,1.16995017282201,1,"ns"
"M","2","NR","hour","2","17",0,0.0714285714285722,-0.788997791869633,0.931854934726777,1,"ns"
"M","2","NR","hour","2","18",0,-0.0952380952380955,-0.9556644585363,0.765188268060109,1,"ns"
"M","2","NR","hour","2","19",0,-0.404761904761905,-1.26518826806011,0.4556644585363,0.986,"ns"
"M","2","NR","hour","2","20",0,-0.285714285714286,-1.14614064901249,0.574712077583919,1,"ns"
"M","2","NR","hour","2","21",0,-0.476190476190476,-1.33661683948868,0.384235887107729,0.921,"ns"
"M","2","NR","hour","2","22",0,-0.380952380952381,-1.24137874425059,0.479473982345824,0.993,"ns"
"M","2","NR","hour","2","23",0,-0.142857142857143,-1.00328350615535,0.717569220441062,1,"ns"
"M","2","NR","hour","3","4",0,-0.571428571428572,-1.43185493472678,0.288997791869633,0.693,"ns"
"M","2","NR","hour","3","5",0,-0.5,-1.36042636329821,0.360426363298205,0.879,"ns"
"M","2","NR","hour","3","6",0,-0.61904761904762,-1.47947398234582,0.241378744250585,0.538,"ns"
"M","2","NR","hour","3","7",0,-0.595238095238095,-1.4556644585363,0.265188268060109,0.617,"ns"
"M","2","NR","hour","3","8",0,-0.73809523809524,-1.59852160139344,0.122331125202965,0.206,"ns"
"M","2","NR","hour","3","9",0,-0.666666666666667,-1.52709302996487,0.193759696631538,0.387,"ns"
"M","2","NR","hour","3","10",0,-0.714285714285715,-1.57471207758392,0.14614064901249,0.258,"ns"
"M","2","NR","hour","3","11",0,-0.619047619047621,-1.47947398234583,0.241378744250584,0.538,"ns"
"M","2","NR","hour","3","12",0,-0.595238095238094,-1.4556644585363,0.265188268060111,0.617,"ns"
"M","2","NR","hour","3","13",0,1.11904761904762,0.258621255749412,1.97947398234582,0.000915,"***"
"M","2","NR","hour","3","14",0,0.619047619047618,-0.241378744250587,1.47947398234582,0.538,"ns"
"M","2","NR","hour","3","15",0,0.857142857142857,-0.00328350615534789,1.71756922044106,0.0522,"ns"
"M","2","NR","hour","3","16",0,0.214285714285714,-0.646140649012491,1.07471207758392,1,"ns"
"M","2","NR","hour","3","17",0,-0.0238095238095237,-0.884235887107729,0.836616839488681,1,"ns"
"M","2","NR","hour","3","18",0,-0.190476190476191,-1.0509025537744,0.669950172822014,1,"ns"
"M","2","NR","hour","3","19",0,-0.500000000000001,-1.36042636329821,0.360426363298204,0.879,"ns"
"M","2","NR","hour","3","20",0,-0.380952380952382,-1.24137874425059,0.479473982345823,0.993,"ns"
"M","2","NR","hour","3","21",0,-0.571428571428572,-1.43185493472678,0.288997791869633,0.693,"ns"
"M","2","NR","hour","3","22",0,-0.476190476190477,-1.33661683948868,0.384235887107728,0.921,"ns"
"M","2","NR","hour","3","23",0,-0.238095238095239,-1.09852160139344,0.622331125202966,1,"ns"
"M","2","NR","hour","4","5",0,0.0714285714285718,-0.788997791869633,0.931854934726777,1,"ns"
"M","2","NR","hour","4","6",0,-0.0476190476190478,-0.908045410917253,0.812807315679157,1,"ns"
"M","2","NR","hour","4","7",0,-0.0238095238095235,-0.884235887107728,0.836616839488681,1,"ns"
"M","2","NR","hour","4","8",0,-0.166666666666668,-1.02709302996487,0.693759696631537,1,"ns"
"M","2","NR","hour","4","9",0,-0.0952380952380947,-0.9556644585363,0.76518826806011,1,"ns"
"M","2","NR","hour","4","10",0,-0.142857142857143,-1.00328350615535,0.717569220441062,1,"ns"
"M","2","NR","hour","4","11",0,-0.0476190476190489,-0.908045410917254,0.812807315679156,1,"ns"
"M","2","NR","hour","4","12",0,-0.0238095238095218,-0.884235887107727,0.836616839488683,1,"ns"
"M","2","NR","hour","4","13",0,1.69047619047619,0.830049827177984,2.55090255377439,8.62e-09,"****"
"M","2","NR","hour","4","14",0,1.19047619047619,0.330049827177985,2.0509025537744,0.000254,"***"
"M","2","NR","hour","4","15",0,1.42857142857143,0.568145065273224,2.28899779186963,2.4e-06,"****"
"M","2","NR","hour","4","16",0,0.785714285714286,-0.0747120775839186,1.64614064901249,0.124,"ns"
"M","2","NR","hour","4","17",0,0.547619047619048,-0.312807315679157,1.40804541091725,0.764,"ns"
"M","2","NR","hour","4","18",0,0.380952380952381,-0.479473982345824,1.24137874425059,0.993,"ns"
"M","2","NR","hour","4","19",0,0.0714285714285713,-0.788997791869634,0.931854934726776,1,"ns"
"M","2","NR","hour","4","20",0,0.19047619047619,-0.669950172822015,1.0509025537744,1,"ns"
"M","2","NR","hour","4","21",0,-1.11022302462516e-16,-0.860426363298205,0.860426363298205,1,"ns"
"M","2","NR","hour","4","22",0,0.0952380952380953,-0.76518826806011,0.9556644585363,1,"ns"
"M","2","NR","hour","4","23",0,0.333333333333333,-0.527093029964872,1.19375969663154,0.999,"ns"
"M","2","NR","hour","5","6",0,-0.11904761904762,-0.979473982345825,0.741378744250585,1,"ns"
"M","2","NR","hour","5","7",0,-0.0952380952380953,-0.9556644585363,0.76518826806011,1,"ns"
"M","2","NR","hour","5","8",0,-0.23809523809524,-1.09852160139344,0.622331125202965,1,"ns"
"M","2","NR","hour","5","9",0,-0.166666666666667,-1.02709302996487,0.693759696631538,1,"ns"
"M","2","NR","hour","5","10",0,-0.214285714285715,-1.07471207758392,0.64614064901249,1,"ns"
"M","2","NR","hour","5","11",0,-0.119047619047621,-0.979473982345826,0.741378744250584,1,"ns"
"M","2","NR","hour","5","12",0,-0.0952380952380935,-0.955664458536298,0.765188268060111,1,"ns"
"M","2","NR","hour","5","13",0,1.61904761904762,0.758621255749413,2.47947398234582,4.16e-08,"****"
"M","2","NR","hour","5","14",0,1.11904761904762,0.258621255749413,1.97947398234582,0.000915,"***"
"M","2","NR","hour","5","15",0,1.35714285714286,0.496716493844652,2.21756922044106,1.03e-05,"****"
"M","2","NR","hour","5","16",0,0.714285714285714,-0.14614064901249,1.57471207758392,0.258,"ns"
"M","2","NR","hour","5","17",0,0.476190476190476,-0.384235887107728,1.33661683948868,0.921,"ns"
"M","2","NR","hour","5","18",0,0.309523809523809,-0.550902553774396,1.16995017282201,1,"ns"
"M","2","NR","hour","5","19",0,-4.44089209850063e-16,-0.860426363298205,0.860426363298204,1,"ns"
"M","2","NR","hour","5","20",0,0.119047619047619,-0.741378744250586,0.979473982345823,1,"ns"
"M","2","NR","hour","5","21",0,-0.0714285714285719,-0.931854934726777,0.788997791869633,1,"ns"
"M","2","NR","hour","5","22",0,0.0238095238095235,-0.836616839488681,0.884235887107728,1,"ns"
"M","2","NR","hour","5","23",0,0.261904761904761,-0.598521601393444,1.12233112520297,1,"ns"
"M","2","NR","hour","6","7",0,0.0238095238095244,-0.83661683948868,0.884235887107729,1,"ns"
"M","2","NR","hour","6","8",0,-0.11904761904762,-0.979473982345825,0.741378744250585,1,"ns"
"M","2","NR","hour","6","9",0,-0.0476190476190469,-0.908045410917252,0.812807315679158,1,"ns"
"M","2","NR","hour","6","10",0,-0.0952380952380949,-0.9556644585363,0.76518826806011,1,"ns"
"M","2","NR","hour","6","11",0,-1.08246744900953e-15,-0.860426363298206,0.860426363298204,1,"ns"
"M","2","NR","hour","6","12",0,0.0238095238095261,-0.836616839488679,0.884235887107731,1,"ns"
"M","2","NR","hour","6","13",0,1.73809523809524,0.877668874797032,2.59852160139344,2.97e-09,"****"
"M","2","NR","hour","6","14",0,1.23809523809524,0.377668874797033,2.09852160139344,0.000104,"***"
"M","2","NR","hour","6","15",0,1.47619047619048,0.615764112892272,2.33661683948868,8.91e-07,"****"
"M","2","NR","hour","6","16",0,0.833333333333334,-0.0270930299648708,1.69375969663154,0.0706,"ns"
"M","2","NR","hour","6","17",0,0.595238095238096,-0.265188268060109,1.4556644585363,0.617,"ns"
"M","2","NR","hour","6","18",0,0.428571428571428,-0.431854934726776,1.28899779186963,0.972,"ns"
"M","2","NR","hour","6","19",0,0.119047619047619,-0.741378744250586,0.979473982345824,1,"ns"
"M","2","NR","hour","6","20",0,0.238095238095238,-0.622331125202967,1.09852160139344,1,"ns"
"M","2","NR","hour","6","21",0,0.0476190476190477,-0.812807315679157,0.908045410917253,1,"ns"
"M","2","NR","hour","6","22",0,0.142857142857143,-0.717569220441062,1.00328350615535,1,"ns"
"M","2","NR","hour","6","23",0,0.380952380952381,-0.479473982345824,1.24137874425059,0.993,"ns"
"M","2","NR","hour","7","8",0,-0.142857142857144,-1.00328350615535,0.71756922044106,1,"ns"
"M","2","NR","hour","7","9",0,-0.0714285714285713,-0.931854934726776,0.788997791869634,1,"ns"
"M","2","NR","hour","7","10",0,-0.119047619047619,-0.979473982345824,0.741378744250586,1,"ns"
"M","2","NR","hour","7","11",0,-0.0238095238095254,-0.88423588710773,0.836616839488679,1,"ns"
"M","2","NR","hour","7","12",0,1.72084568816899e-15,-0.860426363298203,0.860426363298207,1,"ns"
"M","2","NR","hour","7","13",0,1.71428571428571,0.853859350987508,2.57471207758392,5.07e-09,"****"
"M","2","NR","hour","7","14",0,1.21428571428571,0.353859350987509,2.07471207758392,0.000163,"***"
"M","2","NR","hour","7","15",0,1.45238095238095,0.591954589082748,2.31280731567916,1.47e-06,"****"
"M","2","NR","hour","7","16",0,0.80952380952381,-0.0509025537743952,1.66995017282201,0.0943,"ns"
"M","2","NR","hour","7","17",0,0.571428571428572,-0.288997791869633,1.43185493472678,0.693,"ns"
"M","2","NR","hour","7","18",0,0.404761904761904,-0.455664458536301,1.26518826806011,0.986,"ns"
"M","2","NR","hour","7","19",0,0.0952380952380948,-0.76518826806011,0.9556644585363,1,"ns"
"M","2","NR","hour","7","20",0,0.214285714285714,-0.646140649012491,1.07471207758392,1,"ns"
"M","2","NR","hour","7","21",0,0.0238095238095234,-0.836616839488681,0.884235887107728,1,"ns"
"M","2","NR","hour","7","22",0,0.119047619047619,-0.741378744250586,0.979473982345824,1,"ns"
"M","2","NR","hour","7","23",0,0.357142857142856,-0.503283506155349,1.21756922044106,0.997,"ns"
"M","2","NR","hour","8","9",0,0.0714285714285732,-0.788997791869632,0.931854934726778,1,"ns"
"M","2","NR","hour","8","10",0,0.0238095238095252,-0.83661683948868,0.88423588710773,1,"ns"
"M","2","NR","hour","8","11",0,0.119047619047619,-0.741378744250586,0.979473982345824,1,"ns"
"M","2","NR","hour","8","12",0,0.142857142857146,-0.717569220441059,1.00328350615535,1,"ns"
"M","2","NR","hour","8","13",0,1.85714285714286,0.996716493844652,2.71756922044106,1.99e-10,"****"
"M","2","NR","hour","8","14",0,1.35714285714286,0.496716493844653,2.21756922044106,1.03e-05,"****"
"M","2","NR","hour","8","15",0,1.5952380952381,0.734811731939892,2.4556644585363,7e-08,"****"
"M","2","NR","hour","8","16",0,0.952380952380954,0.0919545890827492,1.81280731567916,0.0138,"*"
"M","2","NR","hour","8","17",0,0.714285714285716,-0.146140649012489,1.57471207758392,0.258,"ns"
"M","2","NR","hour","8","18",0,0.547619047619049,-0.312807315679156,1.40804541091725,0.764,"ns"
"M","2","NR","hour","8","19",0,0.238095238095239,-0.622331125202966,1.09852160139344,1,"ns"
"M","2","NR","hour","8","20",0,0.357142857142858,-0.503283506155347,1.21756922044106,0.997,"ns"
"M","2","NR","hour","8","21",0,0.166666666666668,-0.693759696631537,1.02709302996487,1,"ns"
"M","2","NR","hour","8","22",0,0.261904761904763,-0.598521601393442,1.12233112520297,1,"ns"
"M","2","NR","hour","8","23",0,0.500000000000001,-0.360426363298204,1.36042636329821,0.879,"ns"
"M","2","NR","hour","9","10",0,-0.047619047619048,-0.908045410917253,0.812807315679157,1,"ns"
"M","2","NR","hour","9","11",0,0.0476190476190458,-0.812807315679159,0.908045410917251,1,"ns"
"M","2","NR","hour","9","12",0,0.071428571428573,-0.788997791869632,0.931854934726778,1,"ns"
"M","2","NR","hour","9","13",0,1.78571428571428,0.925287922416079,2.64614064901249,1.02e-09,"****"
"M","2","NR","hour","9","14",0,1.28571428571428,0.42528792241608,2.14614064901249,4.2e-05,"****"
"M","2","NR","hour","9","15",0,1.52380952380952,0.663383160511319,2.38423588710773,3.26e-07,"****"
"M","2","NR","hour","9","16",0,0.880952380952381,0.0205260176541761,1.74137874425059,0.0381,"*"
"M","2","NR","hour","9","17",0,0.642857142857143,-0.217569220441062,1.50328350615535,0.461,"ns"
"M","2","NR","hour","9","18",0,0.476190476190475,-0.384235887107729,1.33661683948868,0.921,"ns"
"M","2","NR","hour","9","19",0,0.166666666666666,-0.693759696631539,1.02709302996487,1,"ns"
"M","2","NR","hour","9","20",0,0.285714285714285,-0.57471207758392,1.14614064901249,1,"ns"
"M","2","NR","hour","9","21",0,0.0952380952380946,-0.76518826806011,0.955664458536299,1,"ns"
"M","2","NR","hour","9","22",0,0.19047619047619,-0.669950172822015,1.0509025537744,1,"ns"
"M","2","NR","hour","9","23",0,0.428571428571428,-0.431854934726777,1.28899779186963,0.972,"ns"
"M","2","NR","hour","10","11",0,0.0952380952380938,-0.765188268060111,0.955664458536299,1,"ns"
"M","2","NR","hour","10","12",0,0.119047619047621,-0.741378744250584,0.979473982345826,1,"ns"
"M","2","NR","hour","10","13",0,1.83333333333333,0.972906970035127,2.69375969663154,3.44e-10,"****"
"M","2","NR","hour","10","14",0,1.33333333333333,0.472906970035128,2.19375969663154,1.65e-05,"****"
"M","2","NR","hour","10","15",0,1.57142857142857,0.711002208130367,2.43185493472678,1.17e-07,"****"
"M","2","NR","hour","10","16",0,0.928571428571429,0.0681450652732241,1.78899779186963,0.0196,"*"
"M","2","NR","hour","10","17",0,0.690476190476191,-0.169950172822014,1.5509025537744,0.319,"ns"
"M","2","NR","hour","10","18",0,0.523809523809523,-0.336616839488681,1.38423588710773,0.827,"ns"
"M","2","NR","hour","10","19",0,0.214285714285714,-0.646140649012491,1.07471207758392,1,"ns"
"M","2","NR","hour","10","20",0,0.333333333333333,-0.527093029964872,1.19375969663154,0.999,"ns"
"M","2","NR","hour","10","21",0,0.142857142857143,-0.717569220441062,1.00328350615535,1,"ns"
"M","2","NR","hour","10","22",0,0.238095238095238,-0.622331125202967,1.09852160139344,1,"ns"
"M","2","NR","hour","10","23",0,0.476190476190476,-0.384235887107729,1.33661683948868,0.921,"ns"
"M","2","NR","hour","11","12",0,0.0238095238095272,-0.836616839488678,0.884235887107732,1,"ns"
"M","2","NR","hour","11","13",0,1.73809523809524,0.877668874797033,2.59852160139344,2.97e-09,"****"
"M","2","NR","hour","11","14",0,1.23809523809524,0.377668874797034,2.09852160139344,0.000104,"***"
"M","2","NR","hour","11","15",0,1.47619047619048,0.615764112892273,2.33661683948868,8.91e-07,"****"
"M","2","NR","hour","11","16",0,0.833333333333335,-0.0270930299648697,1.69375969663154,0.0706,"ns"
"M","2","NR","hour","11","17",0,0.595238095238097,-0.265188268060108,1.4556644585363,0.617,"ns"
"M","2","NR","hour","11","18",0,0.42857142857143,-0.431854934726775,1.28899779186963,0.972,"ns"
"M","2","NR","hour","11","19",0,0.11904761904762,-0.741378744250585,0.979473982345825,1,"ns"
"M","2","NR","hour","11","20",0,0.238095238095239,-0.622331125202966,1.09852160139344,1,"ns"
"M","2","NR","hour","11","21",0,0.0476190476190488,-0.812807315679156,0.908045410917254,1,"ns"
"M","2","NR","hour","11","22",0,0.142857142857144,-0.717569220441061,1.00328350615535,1,"ns"
"M","2","NR","hour","11","23",0,0.380952380952382,-0.479473982345823,1.24137874425059,0.993,"ns"
"M","2","NR","hour","12","13",0,1.71428571428571,0.853859350987506,2.57471207758392,5.07e-09,"****"
"M","2","NR","hour","12","14",0,1.21428571428571,0.353859350987507,2.07471207758392,0.000163,"***"
"M","2","NR","hour","12","15",0,1.45238095238095,0.591954589082746,2.31280731567916,1.47e-06,"****"
"M","2","NR","hour","12","16",0,0.809523809523808,-0.0509025537743969,1.66995017282201,0.0943,"ns"
"M","2","NR","hour","12","17",0,0.57142857142857,-0.288997791869635,1.43185493472678,0.693,"ns"
"M","2","NR","hour","12","18",0,0.404761904761902,-0.455664458536302,1.26518826806011,0.986,"ns"
"M","2","NR","hour","12","19",0,0.0952380952380931,-0.765188268060112,0.955664458536298,1,"ns"
"M","2","NR","hour","12","20",0,0.214285714285712,-0.646140649012493,1.07471207758392,1,"ns"
"M","2","NR","hour","12","21",0,0.0238095238095216,-0.836616839488683,0.884235887107726,1,"ns"
"M","2","NR","hour","12","22",0,0.119047619047617,-0.741378744250588,0.979473982345822,1,"ns"
"M","2","NR","hour","12","23",0,0.357142857142855,-0.50328350615535,1.21756922044106,0.997,"ns"
"M","2","NR","hour","13","14",0,-0.499999999999999,-1.3604263632982,0.360426363298206,0.879,"ns"
"M","2","NR","hour","13","15",0,-0.26190476190476,-1.12233112520297,0.598521601393445,1,"ns"
"M","2","NR","hour","13","16",0,-0.904761904761903,-1.76518826806011,-0.0443355414636982,0.0274,"*"
"M","2","NR","hour","13","17",0,-1.14285714285714,-2.00328350615535,-0.282430779558936,0.000601,"***"
"M","2","NR","hour","13","18",0,-1.30952380952381,-2.16995017282201,-0.449097446225604,2.64e-05,"****"
"M","2","NR","hour","13","19",0,-1.61904761904762,-2.47947398234582,-0.758621255749413,4.16e-08,"****"
"M","2","NR","hour","13","20",0,-1.5,-2.3604263632982,-0.639573636701794,5.4e-07,"****"
"M","2","NR","hour","13","21",0,-1.69047619047619,-2.55090255377439,-0.830049827177984,8.62e-09,"****"
"M","2","NR","hour","13","22",0,-1.59523809523809,-2.4556644585363,-0.734811731939889,7e-08,"****"
"M","2","NR","hour","13","23",0,-1.35714285714286,-2.21756922044106,-0.496716493844651,1.03e-05,"****"
"M","2","NR","hour","14","15",0,0.238095238095239,-0.622331125202966,1.09852160139344,1,"ns"
"M","2","NR","hour","14","16",0,-0.404761904761904,-1.26518826806011,0.455664458536301,0.986,"ns"
"M","2","NR","hour","14","17",0,-0.642857142857142,-1.50328350615535,0.217569220441063,0.461,"ns"
"M","2","NR","hour","14","18",0,-0.809523809523809,-1.66995017282201,0.0509025537743956,0.0943,"ns"
"M","2","NR","hour","14","19",0,-1.11904761904762,-1.97947398234582,-0.258621255749414,0.000915,"***"
"M","2","NR","hour","14","20",0,-1,-1.8604263632982,-0.139573636701795,0.00664,"**"
"M","2","NR","hour","14","21",0,-1.19047619047619,-2.0509025537744,-0.330049827177985,0.000254,"***"
"M","2","NR","hour","14","22",0,-1.09523809523809,-1.9556644585363,-0.23481173193989,0.00138,"**"
"M","2","NR","hour","14","23",0,-0.857142857142857,-1.71756922044106,0.00328350615534778,0.0522,"ns"
"M","2","NR","hour","15","16",0,-0.642857142857143,-1.50328350615535,0.217569220441062,0.461,"ns"
"M","2","NR","hour","15","17",0,-0.880952380952381,-1.74137874425059,-0.0205260176541758,0.0381,"*"
"M","2","NR","hour","15","18",0,-1.04761904761905,-1.90804541091725,-0.187192684320843,0.00308,"**"
"M","2","NR","hour","15","19",0,-1.35714285714286,-2.21756922044106,-0.496716493844653,1.03e-05,"****"
"M","2","NR","hour","15","20",0,-1.23809523809524,-2.09852160139344,-0.377668874797034,0.000104,"***"
"M","2","NR","hour","15","21",0,-1.42857142857143,-2.28899779186963,-0.568145065273224,2.4e-06,"****"
"M","2","NR","hour","15","22",0,-1.33333333333333,-2.19375969663154,-0.472906970035129,1.65e-05,"****"
"M","2","NR","hour","15","23",0,-1.0952380952381,-1.9556644585363,-0.234811731939891,0.00138,"**"
"M","2","NR","hour","16","17",0,-0.238095238095238,-1.09852160139344,0.622331125202967,1,"ns"
"M","2","NR","hour","16","18",0,-0.404761904761906,-1.26518826806011,0.455664458536299,0.986,"ns"
"M","2","NR","hour","16","19",0,-0.714285714285715,-1.57471207758392,0.14614064901249,0.258,"ns"
"M","2","NR","hour","16","20",0,-0.595238095238096,-1.4556644585363,0.265188268060109,0.617,"ns"
"M","2","NR","hour","16","21",0,-0.785714285714286,-1.64614064901249,0.0747120775839186,0.124,"ns"
"M","2","NR","hour","16","22",0,-0.690476190476191,-1.5509025537744,0.169950172822014,0.319,"ns"
"M","2","NR","hour","16","23",0,-0.452380952380953,-1.31280731567916,0.408045410917252,0.951,"ns"
"M","2","NR","hour","17","18",0,-0.166666666666668,-1.02709302996487,0.693759696631537,1,"ns"
"M","2","NR","hour","17","19",0,-0.476190476190477,-1.33661683948868,0.384235887107728,0.921,"ns"
"M","2","NR","hour","17","20",0,-0.357142857142858,-1.21756922044106,0.503283506155347,0.997,"ns"
"M","2","NR","hour","17","21",0,-0.547619047619048,-1.40804541091725,0.312807315679157,0.764,"ns"
"M","2","NR","hour","17","22",0,-0.452380952380953,-1.31280731567916,0.408045410917252,0.951,"ns"
"M","2","NR","hour","17","23",0,-0.214285714285715,-1.07471207758392,0.646140649012489,1,"ns"
"M","2","NR","hour","18","19",0,-0.309523809523809,-1.16995017282201,0.550902553774396,1,"ns"
"M","2","NR","hour","18","20",0,-0.19047619047619,-1.0509025537744,0.669950172822015,1,"ns"
"M","2","NR","hour","18","21",0,-0.380952380952381,-1.24137874425059,0.479473982345824,0.993,"ns"
"M","2","NR","hour","18","22",0,-0.285714285714285,-1.14614064901249,0.57471207758392,1,"ns"
"M","2","NR","hour","18","23",0,-0.0476190476190478,-0.908045410917253,0.812807315679157,1,"ns"
"M","2","NR","hour","19","20",0,0.119047619047619,-0.741378744250586,0.979473982345824,1,"ns"
"M","2","NR","hour","19","21",0,-0.0714285714285715,-0.931854934726776,0.788997791869633,1,"ns"
"M","2","NR","hour","19","22",0,0.0238095238095239,-0.836616839488681,0.884235887107729,1,"ns"
"M","2","NR","hour","19","23",0,0.261904761904762,-0.598521601393443,1.12233112520297,1,"ns"
"M","2","NR","hour","20","21",0,-0.19047619047619,-1.0509025537744,0.669950172822015,1,"ns"
"M","2","NR","hour","20","22",0,-0.095238095238095,-0.9556644585363,0.76518826806011,1,"ns"
"M","2","NR","hour","20","23",0,0.142857142857143,-0.717569220441062,1.00328350615535,1,"ns"
"M","2","NR","hour","21","22",0,0.0952380952380954,-0.765188268060109,0.9556644585363,1,"ns"
"M","2","NR","hour","21","23",0,0.333333333333333,-0.527093029964872,1.19375969663154,0.999,"ns"
"M","2","NR","hour","22","23",0,0.238095238095238,-0.622331125202967,1.09852160139344,1,"ns"
"M","2","PR","hour","0","1",0,-0.0238095238095235,-1.36151500779621,1.31389596017717,1,"ns"
"M","2","PR","hour","0","2",0,-0.452380952380952,-1.79008643636764,0.885324531605738,1,"ns"
"M","2","PR","hour","0","3",0,-0.547619047619048,-1.88532453160574,0.790086436367642,0.998,"ns"
"M","2","PR","hour","0","4",0,-0.904761904761905,-2.2424673887486,0.432943579224785,0.66,"ns"
"M","2","PR","hour","0","5",0,-0.976190476190476,-2.31389596017717,0.361515007796214,0.509,"ns"
"M","2","PR","hour","0","6",0,-1.16666666666667,-2.50437215065336,0.171038817320023,0.182,"ns"
"M","2","PR","hour","0","7",0,-1.02380952380952,-2.36151500779621,0.31389596017717,0.412,"ns"
"M","2","PR","hour","0","8",0,-1.14285714285714,-2.48056262684383,0.194848341129546,0.212,"ns"
"M","2","PR","hour","0","9",0,-0.999999999999998,-2.33770548398669,0.337705483986692,0.46,"ns"
"M","2","PR","hour","0","10",0,-1.04761904761905,-2.38532453160574,0.290086436367643,0.366,"ns"
"M","2","PR","hour","0","11",0,-0.809523809523812,-2.1472292935105,0.528181674462878,0.834,"ns"
"M","2","PR","hour","0","12",0,-0.261904761904759,-1.59961024589145,1.07580072208193,1,"ns"
"M","2","PR","hour","0","13",0,2.69047619047619,1.3527707064895,4.02818167446288,3.52e-09,"****"
"M","2","PR","hour","0","14",0,2.23809523809524,0.90038975410855,3.57580072208193,1.91e-06,"****"
"M","2","PR","hour","0","15",0,1.73809523809524,0.400389754108548,3.07580072208193,0.000932,"***"
"M","2","PR","hour","0","16",0,0.952380952380954,-0.385324531605736,2.29008643636764,0.56,"ns"
"M","2","PR","hour","0","17",0,1.16666666666667,-0.171038817320021,2.50437215065336,0.182,"ns"
"M","2","PR","hour","0","18",0,0.595238095238096,-0.742467388748594,1.93294357922479,0.993,"ns"
"M","2","PR","hour","0","19",0,-0.166666666666666,-1.50437215065336,1.17103881732002,1,"ns"
"M","2","PR","hour","0","20",0,-0.523809523809523,-1.86151500779621,0.813895960177168,0.999,"ns"
"M","2","PR","hour","0","21",0,-0.452380952380951,-1.79008643636764,0.885324531605739,1,"ns"
"M","2","PR","hour","0","22",0,-0.476190476190475,-1.81389596017717,0.861515007796215,1,"ns"
"M","2","PR","hour","0","23",0,0.238095238095239,-1.09961024589145,1.57580072208193,1,"ns"
"M","2","PR","hour","1","2",0,-0.428571428571429,-1.76627691255812,0.909134055415261,1,"ns"
"M","2","PR","hour","1","3",0,-0.523809523809524,-1.86151500779621,0.813895960177166,0.999,"ns"
"M","2","PR","hour","1","4",0,-0.880952380952382,-2.21865786493907,0.456753103034309,0.708,"ns"
"M","2","PR","hour","1","5",0,-0.952380952380953,-2.29008643636764,0.385324531605738,0.56,"ns"
"M","2","PR","hour","1","6",0,-1.14285714285714,-2.48056262684383,0.194848341129547,0.212,"ns"
"M","2","PR","hour","1","7",0,-0.999999999999996,-2.33770548398669,0.337705483986694,0.46,"ns"
"M","2","PR","hour","1","8",0,-1.11904761904762,-2.45675310303431,0.218657864939069,0.246,"ns"
"M","2","PR","hour","1","9",0,-0.976190476190475,-2.31389596017716,0.361515007796215,0.509,"ns"
"M","2","PR","hour","1","10",0,-1.02380952380952,-2.36151500779621,0.313895960177166,0.412,"ns"
"M","2","PR","hour","1","11",0,-0.785714285714289,-2.12341976970098,0.551991198272402,0.868,"ns"
"M","2","PR","hour","1","12",0,-0.238095238095236,-1.57580072208193,1.09961024589145,1,"ns"
"M","2","PR","hour","1","13",0,2.71428571428571,1.37658023029902,4.0519911982724,2.5e-09,"****"
"M","2","PR","hour","1","14",0,2.26190476190476,0.924199277918073,3.59961024589145,1.39e-06,"****"
"M","2","PR","hour","1","15",0,1.76190476190476,0.424199277918071,3.09961024589145,0.000712,"***"
"M","2","PR","hour","1","16",0,0.976190476190477,-0.361515007796213,2.31389596017717,0.509,"ns"
"M","2","PR","hour","1","17",0,1.19047619047619,-0.147229293510498,2.52818167446288,0.155,"ns"
"M","2","PR","hour","1","18",0,0.61904761904762,-0.71865786493907,1.95675310303431,0.988,"ns"
"M","2","PR","hour","1","19",0,-0.142857142857142,-1.48056262684383,1.19484834112955,1,"ns"
"M","2","PR","hour","1","20",0,-0.499999999999999,-1.83770548398669,0.837705483986691,0.999,"ns"
"M","2","PR","hour","1","21",0,-0.428571428571428,-1.76627691255812,0.909134055415262,1,"ns"
"M","2","PR","hour","1","22",0,-0.452380952380952,-1.79008643636764,0.885324531605738,1,"ns"
"M","2","PR","hour","1","23",0,0.261904761904762,-1.07580072208193,1.59961024589145,1,"ns"
"M","2","PR","hour","2","3",0,-0.0952380952380956,-1.43294357922479,1.24246738874859,1,"ns"
"M","2","PR","hour","2","4",0,-0.452380952380953,-1.79008643636764,0.885324531605737,1,"ns"
"M","2","PR","hour","2","5",0,-0.523809523809524,-1.86151500779621,0.813895960177166,0.999,"ns"
"M","2","PR","hour","2","6",0,-0.714285714285715,-2.0519911982724,0.623419769700975,0.943,"ns"
"M","2","PR","hour","2","7",0,-0.571428571428568,-1.90913405541526,0.766276912558123,0.996,"ns"
"M","2","PR","hour","2","8",0,-0.690476190476192,-2.02818167446288,0.647229293510498,0.96,"ns"
"M","2","PR","hour","2","9",0,-0.547619047619046,-1.88532453160574,0.790086436367644,0.998,"ns"
"M","2","PR","hour","2","10",0,-0.595238095238095,-1.93294357922479,0.742467388748595,0.993,"ns"
"M","2","PR","hour","2","11",0,-0.35714285714286,-1.69484834112955,0.98056262684383,1,"ns"
"M","2","PR","hour","2","12",0,0.190476190476193,-1.1472292935105,1.52818167446288,1,"ns"
"M","2","PR","hour","2","13",0,3.14285714285714,1.80515165887045,4.48056262684383,4.67e-12,"****"
"M","2","PR","hour","2","14",0,2.69047619047619,1.3527707064895,4.02818167446288,3.52e-09,"****"
"M","2","PR","hour","2","15",0,2.19047619047619,0.8527707064895,3.52818167446288,3.59e-06,"****"
"M","2","PR","hour","2","16",0,1.40476190476191,0.067056420775216,2.7424673887486,0.0279,"*"
"M","2","PR","hour","2","17",0,1.61904761904762,0.281342135060931,2.95675310303431,0.00341,"**"
"M","2","PR","hour","2","18",0,1.04761904761905,-0.290086436367642,2.38532453160574,0.366,"ns"
"M","2","PR","hour","2","19",0,0.285714285714287,-1.0519911982724,1.62341976970098,1,"ns"
"M","2","PR","hour","2","20",0,-0.0714285714285703,-1.40913405541526,1.26627691255812,1,"ns"
"M","2","PR","hour","2","21",0,1.11022302462516e-15,-1.33770548398669,1.33770548398669,1,"ns"
"M","2","PR","hour","2","22",0,-0.0238095238095229,-1.36151500779621,1.31389596017717,1,"ns"
"M","2","PR","hour","2","23",0,0.690476190476191,-0.647229293510499,2.02818167446288,0.96,"ns"
"M","2","PR","hour","3","4",0,-0.357142857142857,-1.69484834112955,0.980562626843833,1,"ns"
"M","2","PR","hour","3","5",0,-0.428571428571428,-1.76627691255812,0.909134055415262,1,"ns"
"M","2","PR","hour","3","6",0,-0.619047619047619,-1.95675310303431,0.718657864939071,0.988,"ns"
"M","2","PR","hour","3","7",0,-0.476190476190472,-1.81389596017716,0.861515007796218,1,"ns"
"M","2","PR","hour","3","8",0,-0.595238095238096,-1.93294357922479,0.742467388748594,0.993,"ns"
"M","2","PR","hour","3","9",0,-0.45238095238095,-1.79008643636764,0.88532453160574,1,"ns"
"M","2","PR","hour","3","10",0,-0.499999999999999,-1.83770548398669,0.837705483986691,0.999,"ns"
"M","2","PR","hour","3","11",0,-0.261904761904764,-1.59961024589145,1.07580072208193,1,"ns"
"M","2","PR","hour","3","12",0,0.285714285714288,-1.0519911982724,1.62341976970098,1,"ns"
"M","2","PR","hour","3","13",0,3.23809523809524,1.90038975410855,4.57580072208193,1.3e-12,"****"
"M","2","PR","hour","3","14",0,2.78571428571429,1.4480088017276,4.12341976970098,8.84e-10,"****"
"M","2","PR","hour","3","15",0,2.28571428571429,0.948008801727596,3.62341976970098,1.01e-06,"****"
"M","2","PR","hour","3","16",0,1.5,0.162294516013312,2.83770548398669,0.0114,"*"
"M","2","PR","hour","3","17",0,1.71428571428572,0.376580230299026,3.05199119827241,0.00122,"**"
"M","2","PR","hour","3","18",0,1.14285714285714,-0.194848341129546,2.48056262684383,0.212,"ns"
"M","2","PR","hour","3","19",0,0.380952380952382,-0.956753103034308,1.71865786493907,1,"ns"
"M","2","PR","hour","3","20",0,0.0238095238095253,-1.31389596017716,1.36151500779622,1,"ns"
"M","2","PR","hour","3","21",0,0.0952380952380967,-1.24246738874859,1.43294357922479,1,"ns"
"M","2","PR","hour","3","22",0,0.0714285714285726,-1.26627691255812,1.40913405541526,1,"ns"
"M","2","PR","hour","3","23",0,0.785714285714287,-0.551991198272404,2.12341976970098,0.868,"ns"
"M","2","PR","hour","4","5",0,-0.0714285714285711,-1.40913405541526,1.26627691255812,1,"ns"
"M","2","PR","hour","4","6",0,-0.261904761904762,-1.59961024589145,1.07580072208193,1,"ns"
"M","2","PR","hour","4","7",0,-0.119047619047615,-1.45675310303431,1.21865786493908,1,"ns"
"M","2","PR","hour","4","8",0,-0.238095238095239,-1.57580072208193,1.09961024589145,1,"ns"
"M","2","PR","hour","4","9",0,-0.0952380952380933,-1.43294357922478,1.2424673887486,1,"ns"
"M","2","PR","hour","4","10",0,-0.142857142857142,-1.48056262684383,1.19484834112955,1,"ns"
"M","2","PR","hour","4","11",0,0.095238095238093,-1.2424673887486,1.43294357922478,1,"ns"
"M","2","PR","hour","4","12",0,0.642857142857146,-0.694848341129545,1.98056262684384,0.981,"ns"
"M","2","PR","hour","4","13",0,3.59523809523809,2.2575326112514,4.93294357922478,2.53e-13,"****"
"M","2","PR","hour","4","14",0,3.14285714285715,1.80515165887045,4.48056262684384,4.67e-12,"****"
"M","2","PR","hour","4","15",0,2.64285714285714,1.30515165887045,3.98056262684383,6.98e-09,"****"
"M","2","PR","hour","4","16",0,1.85714285714286,0.519437373156169,3.19484834112955,0.000236,"***"
"M","2","PR","hour","4","17",0,2.07142857142857,0.733723087441884,3.40913405541526,1.68e-05,"****"
"M","2","PR","hour","4","18",0,1.5,0.162294516013311,2.83770548398669,0.0114,"*"
"M","2","PR","hour","4","19",0,0.738095238095239,-0.599610245891451,2.07580072208193,0.923,"ns"
"M","2","PR","hour","4","20",0,0.380952380952382,-0.956753103034308,1.71865786493907,1,"ns"
"M","2","PR","hour","4","21",0,0.452380952380954,-0.885324531605736,1.79008643636764,1,"ns"
"M","2","PR","hour","4","22",0,0.42857142857143,-0.90913405541526,1.76627691255812,1,"ns"
"M","2","PR","hour","4","23",0,1.14285714285714,-0.194848341129546,2.48056262684383,0.212,"ns"
"M","2","PR","hour","5","6",0,-0.190476190476191,-1.52818167446288,1.1472292935105,1,"ns"
"M","2","PR","hour","5","7",0,-0.0476190476190438,-1.38532453160573,1.29008643636765,1,"ns"
"M","2","PR","hour","5","8",0,-0.166666666666668,-1.50437215065336,1.17103881732002,1,"ns"
"M","2","PR","hour","5","9",0,-0.0238095238095222,-1.36151500779621,1.31389596017717,1,"ns"
"M","2","PR","hour","5","10",0,-0.0714285714285712,-1.40913405541526,1.26627691255812,1,"ns"
"M","2","PR","hour","5","11",0,0.166666666666664,-1.17103881732003,1.50437215065335,1,"ns"
"M","2","PR","hour","5","12",0,0.714285714285717,-0.623419769700973,2.05199119827241,0.943,"ns"
"M","2","PR","hour","5","13",0,3.66666666666666,2.32896118267997,5.00437215065335,2.34e-13,"****"
"M","2","PR","hour","5","14",0,3.21428571428572,1.87658023029903,4.55199119827241,1.76e-12,"****"
"M","2","PR","hour","5","15",0,2.71428571428571,1.37658023029902,4.0519911982724,2.5e-09,"****"
"M","2","PR","hour","5","16",0,1.92857142857143,0.59086594458474,3.26627691255812,9.99e-05,"****"
"M","2","PR","hour","5","17",0,2.14285714285715,0.805151658870455,3.48056262684384,6.7e-06,"****"
"M","2","PR","hour","5","18",0,1.57142857142857,0.233723087441882,2.90913405541526,0.0056,"**"
"M","2","PR","hour","5","19",0,0.809523809523811,-0.52818167446288,2.1472292935105,0.834,"ns"
"M","2","PR","hour","5","20",0,0.452380952380954,-0.885324531605737,1.79008643636764,1,"ns"
"M","2","PR","hour","5","21",0,0.523809523809525,-0.813895960177165,1.86151500779622,0.999,"ns"
"M","2","PR","hour","5","22",0,0.500000000000001,-0.837705483986689,1.83770548398669,0.999,"ns"
"M","2","PR","hour","5","23",0,1.21428571428571,-0.123419769700975,2.5519911982724,0.131,"ns"
"M","2","PR","hour","6","7",0,0.142857142857147,-1.19484834112954,1.48056262684384,1,"ns"
"M","2","PR","hour","6","8",0,0.0238095238095228,-1.31389596017717,1.36151500779621,1,"ns"
"M","2","PR","hour","6","9",0,0.166666666666669,-1.17103881732002,1.50437215065336,1,"ns"
"M","2","PR","hour","6","10",0,0.11904761904762,-1.21865786493907,1.45675310303431,1,"ns"
"M","2","PR","hour","6","11",0,0.357142857142855,-0.980562626843835,1.69484834112955,1,"ns"
"M","2","PR","hour","6","12",0,0.904761904761908,-0.432943579224783,2.2424673887486,0.66,"ns"
"M","2","PR","hour","6","13",0,3.85714285714286,2.51943737315617,5.19484834112955,1.82e-13,"****"
"M","2","PR","hour","6","14",0,3.40476190476191,2.06705642077522,4.7424673887486,3.28e-13,"****"
"M","2","PR","hour","6","15",0,2.90476190476191,1.56705642077521,4.2424673887486,1.54e-10,"****"
"M","2","PR","hour","6","16",0,2.11904761904762,0.781342135060931,3.45675310303431,9.12e-06,"****"
"M","2","PR","hour","6","17",0,2.33333333333334,0.995627849346645,3.67103881732003,5.3e-07,"****"
"M","2","PR","hour","6","18",0,1.76190476190476,0.424199277918073,3.09961024589145,0.000712,"***"
"M","2","PR","hour","6","19",0,1,-0.337705483986689,2.33770548398669,0.46,"ns"
"M","2","PR","hour","6","20",0,0.642857142857144,-0.694848341129546,1.98056262684383,0.981,"ns"
"M","2","PR","hour","6","21",0,0.714285714285716,-0.623419769700974,2.05199119827241,0.943,"ns"
"M","2","PR","hour","6","22",0,0.690476190476192,-0.647229293510498,2.02818167446288,0.96,"ns"
"M","2","PR","hour","6","23",0,1.40476190476191,0.0670564207752156,2.7424673887486,0.0279,"*"
"M","2","PR","hour","7","8",0,-0.119047619047624,-1.45675310303431,1.21865786493907,1,"ns"
"M","2","PR","hour","7","9",0,0.0238095238095216,-1.31389596017717,1.36151500779621,1,"ns"
"M","2","PR","hour","7","10",0,-0.0238095238095273,-1.36151500779622,1.31389596017716,1,"ns"
"M","2","PR","hour","7","11",0,0.214285714285708,-1.12341976970098,1.5519911982724,1,"ns"
"M","2","PR","hour","7","12",0,0.761904761904761,-0.57580072208193,2.09961024589145,0.898,"ns"
"M","2","PR","hour","7","13",0,3.71428571428571,2.37658023029902,5.0519911982724,2.24e-13,"****"
"M","2","PR","hour","7","14",0,3.26190476190476,1.92419927791807,4.59961024589145,9.87e-13,"****"
"M","2","PR","hour","7","15",0,2.76190476190476,1.42419927791807,4.09961024589145,1.25e-09,"****"
"M","2","PR","hour","7","16",0,1.97619047619047,0.638484992203784,3.31389596017716,5.57e-05,"****"
"M","2","PR","hour","7","17",0,2.19047619047619,0.852770706489499,3.52818167446288,3.59e-06,"****"
"M","2","PR","hour","7","18",0,1.61904761904762,0.281342135060926,2.95675310303431,0.00341,"**"
"M","2","PR","hour","7","19",0,0.857142857142854,-0.480562626843836,2.19484834112954,0.753,"ns"
"M","2","PR","hour","7","20",0,0.499999999999997,-0.837705483986693,1.83770548398669,0.999,"ns"
"M","2","PR","hour","7","21",0,0.571428571428569,-0.766276912558121,1.90913405541526,0.996,"ns"
"M","2","PR","hour","7","22",0,0.547619047619045,-0.790086436367645,1.88532453160573,0.998,"ns"
"M","2","PR","hour","7","23",0,1.26190476190476,-0.0758007220819314,2.59961024589145,0.0919,"ns"
"M","2","PR","hour","8","9",0,0.142857142857146,-1.19484834112954,1.48056262684384,1,"ns"
"M","2","PR","hour","8","10",0,0.0952380952380969,-1.24246738874859,1.43294357922479,1,"ns"
"M","2","PR","hour","8","11",0,0.333333333333332,-1.00437215065336,1.67103881732002,1,"ns"
"M","2","PR","hour","8","12",0,0.880952380952385,-0.456753103034305,2.21865786493907,0.708,"ns"
"M","2","PR","hour","8","13",0,3.83333333333333,2.49562784934664,5.17103881732002,1.89e-13,"****"
"M","2","PR","hour","8","14",0,3.38095238095238,2.04324689696569,4.71865786493907,3.71e-13,"****"
"M","2","PR","hour","8","15",0,2.88095238095238,1.54324689696569,4.21865786493907,2.19e-10,"****"
"M","2","PR","hour","8","16",0,2.0952380952381,0.757532611251408,3.43294357922479,1.24e-05,"****"
"M","2","PR","hour","8","17",0,2.30952380952381,0.971818325537123,3.6472292935105,7.33e-07,"****"
"M","2","PR","hour","8","18",0,1.73809523809524,0.40038975410855,3.07580072208193,0.000932,"***"
"M","2","PR","hour","8","19",0,0.976190476190479,-0.361515007796212,2.31389596017717,0.509,"ns"
"M","2","PR","hour","8","20",0,0.619047619047622,-0.718657864939069,1.95675310303431,0.988,"ns"
"M","2","PR","hour","8","21",0,0.690476190476193,-0.647229293510497,2.02818167446288,0.96,"ns"
"M","2","PR","hour","8","22",0,0.666666666666669,-0.671038817320021,2.00437215065336,0.972,"ns"
"M","2","PR","hour","8","23",0,1.38095238095238,0.0432468969656929,2.71865786493907,0.0345,"*"
"M","2","PR","hour","9","10",0,-0.0476190476190489,-1.38532453160574,1.29008643636764,1,"ns"
"M","2","PR","hour","9","11",0,0.190476190476186,-1.1472292935105,1.52818167446288,1,"ns"
"M","2","PR","hour","9","12",0,0.738095238095239,-0.599610245891451,2.07580072208193,0.923,"ns"
"M","2","PR","hour","9","13",0,3.69047619047619,2.3527707064895,5.02818167446288,2.28e-13,"****"
"M","2","PR","hour","9","14",0,3.23809523809524,1.90038975410855,4.57580072208193,1.3e-12,"****"
"M","2","PR","hour","9","15",0,2.73809523809524,1.40038975410855,4.07580072208193,1.77e-09,"****"
"M","2","PR","hour","9","16",0,1.95238095238095,0.614675468394262,3.29008643636764,7.46e-05,"****"
"M","2","PR","hour","9","17",0,2.16666666666667,0.828961182679977,3.50437215065336,4.91e-06,"****"
"M","2","PR","hour","9","18",0,1.59523809523809,0.257532611251404,2.93294357922478,0.00438,"**"
"M","2","PR","hour","9","19",0,0.833333333333333,-0.504372150653357,2.17103881732002,0.796,"ns"
"M","2","PR","hour","9","20",0,0.476190476190476,-0.861515007796214,1.81389596017717,1,"ns"
"M","2","PR","hour","9","21",0,0.547619047619047,-0.790086436367643,1.88532453160574,0.998,"ns"
"M","2","PR","hour","9","22",0,0.523809523809523,-0.813895960177167,1.86151500779621,0.999,"ns"
"M","2","PR","hour","9","23",0,1.23809523809524,-0.099610245891453,2.57580072208193,0.11,"ns"
"M","2","PR","hour","10","11",0,0.238095238095235,-1.09961024589145,1.57580072208193,1,"ns"
"M","2","PR","hour","10","12",0,0.785714285714288,-0.551991198272402,2.12341976970098,0.868,"ns"
"M","2","PR","hour","10","13",0,3.73809523809524,2.40038975410855,5.07580072208193,2.28e-13,"****"
"M","2","PR","hour","10","14",0,3.28571428571429,1.9480088017276,4.62341976970098,7.6e-13,"****"
"M","2","PR","hour","10","15",0,2.78571428571429,1.4480088017276,4.12341976970098,8.84e-10,"****"
"M","2","PR","hour","10","16",0,2,0.662294516013311,3.33770548398669,4.14e-05,"****"
"M","2","PR","hour","10","17",0,2.21428571428572,0.876580230299026,3.55199119827241,2.62e-06,"****"
"M","2","PR","hour","10","18",0,1.64285714285714,0.305151658870453,2.98056262684383,0.00265,"**"
"M","2","PR","hour","10","19",0,0.880952380952382,-0.456753103034308,2.21865786493907,0.708,"ns"
"M","2","PR","hour","10","20",0,0.523809523809525,-0.813895960177165,1.86151500779622,0.999,"ns"
"M","2","PR","hour","10","21",0,0.595238095238096,-0.742467388748594,1.93294357922479,0.993,"ns"
"M","2","PR","hour","10","22",0,0.571428571428572,-0.766276912558118,1.90913405541526,0.996,"ns"
"M","2","PR","hour","10","23",0,1.28571428571429,-0.0519911982724042,2.62341976970098,0.0764,"ns"
"M","2","PR","hour","11","12",0,0.547619047619053,-0.790086436367638,1.88532453160574,0.998,"ns"
"M","2","PR","hour","11","13",0,3.5,2.16229451601331,4.83770548398669,2.7e-13,"****"
"M","2","PR","hour","11","14",0,3.04761904761905,1.70991356363236,4.38532453160574,1.87e-11,"****"
"M","2","PR","hour","11","15",0,2.54761904761905,1.20991356363236,3.88532453160574,2.71e-08,"****"
"M","2","PR","hour","11","16",0,1.76190476190477,0.424199277918076,3.09961024589146,0.000712,"***"
"M","2","PR","hour","11","17",0,1.97619047619048,0.638484992203791,3.31389596017717,5.57e-05,"****"
"M","2","PR","hour","11","18",0,1.40476190476191,0.067056420775218,2.7424673887486,0.0279,"*"
"M","2","PR","hour","11","19",0,0.642857142857146,-0.694848341129544,1.98056262684384,0.981,"ns"
"M","2","PR","hour","11","20",0,0.285714285714289,-1.0519911982724,1.62341976970098,1,"ns"
"M","2","PR","hour","11","21",0,0.357142857142861,-0.980562626843829,1.69484834112955,1,"ns"
"M","2","PR","hour","11","22",0,0.333333333333337,-1.00437215065335,1.67103881732003,1,"ns"
"M","2","PR","hour","11","23",0,1.04761904761905,-0.290086436367639,2.38532453160574,0.366,"ns"
"M","2","PR","hour","12","13",0,2.95238095238095,1.61467546839426,4.29008643636764,7.63e-11,"****"
"M","2","PR","hour","12","14",0,2.5,1.16229451601331,3.83770548398669,5.3e-08,"****"
"M","2","PR","hour","12","15",0,2,0.662294516013307,3.33770548398669,4.14e-05,"****"
"M","2","PR","hour","12","16",0,1.21428571428571,-0.123419769700977,2.5519911982724,0.131,"ns"
"M","2","PR","hour","12","17",0,1.42857142857143,0.090865944584738,2.76627691255812,0.0225,"*"
"M","2","PR","hour","12","18",0,0.857142857142856,-0.480562626843835,2.19484834112955,0.753,"ns"
"M","2","PR","hour","12","19",0,0.0952380952380938,-1.2424673887486,1.43294357922478,1,"ns"
"M","2","PR","hour","12","20",0,-0.261904761904763,-1.59961024589145,1.07580072208193,1,"ns"
"M","2","PR","hour","12","21",0,-0.190476190476192,-1.52818167446288,1.1472292935105,1,"ns"
"M","2","PR","hour","12","22",0,-0.214285714285716,-1.55199119827241,1.12341976970097,1,"ns"
"M","2","PR","hour","12","23",0,0.499999999999998,-0.837705483986692,1.83770548398669,0.999,"ns"
"M","2","PR","hour","13","14",0,-0.452380952380949,-1.79008643636764,0.885324531605742,1,"ns"
"M","2","PR","hour","13","15",0,-0.95238095238095,-2.29008643636764,0.38532453160574,0.56,"ns"
"M","2","PR","hour","13","16",0,-1.73809523809523,-3.07580072208193,-0.400389754108544,0.000932,"***"
"M","2","PR","hour","13","17",0,-1.52380952380952,-2.86151500779621,-0.18610403982283,0.00905,"**"
"M","2","PR","hour","13","18",0,-2.09523809523809,-3.43294357922478,-0.757532611251402,1.24e-05,"****"
"M","2","PR","hour","13","19",0,-2.85714285714285,-4.19484834112954,-1.51943737315616,3.11e-10,"****"
"M","2","PR","hour","13","20",0,-3.21428571428571,-4.5519911982724,-1.87658023029902,1.76e-12,"****"
"M","2","PR","hour","13","21",0,-3.14285714285714,-4.48056262684383,-1.80515165887045,4.67e-12,"****"
"M","2","PR","hour","13","22",0,-3.16666666666666,-4.50437215065335,-1.82896118267997,3.34e-12,"****"
"M","2","PR","hour","13","23",0,-2.45238095238095,-3.79008643636764,-1.11467546839426,1.03e-07,"****"
"M","2","PR","hour","14","15",0,-0.500000000000002,-1.83770548398669,0.837705483986688,0.999,"ns"
"M","2","PR","hour","14","16",0,-1.28571428571429,-2.62341976970098,0.0519911982724042,0.0764,"ns"
"M","2","PR","hour","14","17",0,-1.07142857142857,-2.40913405541526,0.266276912558119,0.323,"ns"
"M","2","PR","hour","14","18",0,-1.64285714285714,-2.98056262684383,-0.305151658870453,0.00265,"**"
"M","2","PR","hour","14","19",0,-2.40476190476191,-3.7424673887486,-1.06705642077522,1.99e-07,"****"
"M","2","PR","hour","14","20",0,-2.76190476190476,-4.09961024589145,-1.42419927791807,1.25e-09,"****"
"M","2","PR","hour","14","21",0,-2.69047619047619,-4.02818167446288,-1.3527707064895,3.52e-09,"****"
"M","2","PR","hour","14","22",0,-2.71428571428572,-4.05199119827241,-1.37658023029903,2.5e-09,"****"
"M","2","PR","hour","14","23",0,-2,-3.33770548398669,-0.662294516013311,4.14e-05,"****"
"M","2","PR","hour","15","16",0,-0.785714285714284,-2.12341976970097,0.551991198272406,0.868,"ns"
"M","2","PR","hour","15","17",0,-0.571428571428569,-1.90913405541526,0.766276912558121,0.996,"ns"
"M","2","PR","hour","15","18",0,-1.14285714285714,-2.48056262684383,0.194848341129548,0.212,"ns"
"M","2","PR","hour","15","19",0,-1.9047619047619,-3.24246738874859,-0.567056420775214,0.000133,"***"
"M","2","PR","hour","15","20",0,-2.26190476190476,-3.59961024589145,-0.924199277918071,1.39e-06,"****"
"M","2","PR","hour","15","21",0,-2.19047619047619,-3.52818167446288,-0.852770706489499,3.59e-06,"****"
"M","2","PR","hour","15","22",0,-2.21428571428571,-3.5519911982724,-0.876580230299023,2.62e-06,"****"
"M","2","PR","hour","15","23",0,-1.5,-2.83770548398669,-0.162294516013309,0.0114,"*"
"M","2","PR","hour","16","17",0,0.214285714285715,-1.12341976970098,1.55199119827241,1,"ns"
"M","2","PR","hour","16","18",0,-0.357142857142858,-1.69484834112955,0.980562626843833,1,"ns"
"M","2","PR","hour","16","19",0,-1.11904761904762,-2.45675310303431,0.218657864939071,0.246,"ns"
"M","2","PR","hour","16","20",0,-1.47619047619048,-2.81389596017717,-0.138484992203786,0.0144,"*"
"M","2","PR","hour","16","21",0,-1.40476190476191,-2.7424673887486,-0.0670564207752149,0.0279,"*"
"M","2","PR","hour","16","22",0,-1.42857142857143,-2.76627691255812,-0.0908659445847391,0.0225,"*"
"M","2","PR","hour","16","23",0,-0.714285714285715,-2.05199119827241,0.623419769700975,0.943,"ns"
"M","2","PR","hour","17","18",0,-0.571428571428573,-1.90913405541526,0.766276912558118,0.996,"ns"
"M","2","PR","hour","17","19",0,-1.33333333333333,-2.67103881732002,0.00437215065335583,0.0519,"ns"
"M","2","PR","hour","17","20",0,-1.69047619047619,-3.02818167446288,-0.352770706489501,0.00158,"**"
"M","2","PR","hour","17","21",0,-1.61904761904762,-2.95675310303431,-0.28134213506093,0.00341,"**"
"M","2","PR","hour","17","22",0,-1.64285714285714,-2.98056262684383,-0.305151658870454,0.00265,"**"
"M","2","PR","hour","17","23",0,-0.92857142857143,-2.26627691255812,0.40913405541526,0.61,"ns"
"M","2","PR","hour","18","19",0,-0.761904761904762,-2.09961024589145,0.575800722081928,0.898,"ns"
"M","2","PR","hour","18","20",0,-1.11904761904762,-2.45675310303431,0.218657864939071,0.246,"ns"
"M","2","PR","hour","18","21",0,-1.04761904761905,-2.38532453160574,0.290086436367643,0.366,"ns"
"M","2","PR","hour","18","22",0,-1.07142857142857,-2.40913405541526,0.266276912558119,0.323,"ns"
"M","2","PR","hour","18","23",0,-0.357142857142857,-1.69484834112955,0.980562626843833,1,"ns"
"M","2","PR","hour","19","20",0,-0.357142857142857,-1.69484834112955,0.980562626843833,1,"ns"
"M","2","PR","hour","19","21",0,-0.285714285714286,-1.62341976970098,1.0519911982724,1,"ns"
"M","2","PR","hour","19","22",0,-0.30952380952381,-1.6472292935105,1.02818167446288,1,"ns"
"M","2","PR","hour","19","23",0,0.404761904761904,-0.932943579224786,1.74246738874859,1,"ns"
"M","2","PR","hour","20","21",0,0.0714285714285714,-1.26627691255812,1.40913405541526,1,"ns"
"M","2","PR","hour","20","22",0,0.0476190476190473,-1.29008643636764,1.38532453160574,1,"ns"
"M","2","PR","hour","20","23",0,0.761904761904761,-0.575800722081929,2.09961024589145,0.898,"ns"
"M","2","PR","hour","21","22",0,-0.0238095238095241,-1.36151500779621,1.31389596017717,1,"ns"
"M","2","PR","hour","21","23",0,0.69047619047619,-0.6472292935105,2.02818167446288,0.96,"ns"
"M","2","PR","hour","22","23",0,0.714285714285714,-0.623419769700976,2.0519911982724,0.943,"ns"
