"contrast","estimate","SE","df","t.ratio","p.value","contrast_pretty"
"NR X0 Order1 F - PR X0 Order1 F",0.2737440438,0.122452707506708,19,2.23550829845886,1,"NANA OrderNA SexNA - NANA OrderNA SexNA"
"NR X0 Order1 F - NR X1 Order1 F",0.1437169866,0.101351348515312,19,1.41800764079905,1,"NANA OrderNA SexNA - NANA OrderNA SexNA"
"NR X0 Order1 F - PR X1 Order1 F",0.3160717796,0.181212007761616,19,1.74420990917882,1,"NANA OrderNA SexNA - NANA OrderNA SexNA"
"NR X0 Order1 F - NR X2 Order1 F",0.2721048276,0.105471028688242,19,2.57990114426877,1,"NANA OrderNA SexNA - NANA OrderNA SexNA"
"NR X0 Order1 F - PR X2 Order1 F",0.2464100958,0.118437936550945,19,2.08049973661951,1,"NANA OrderNA SexNA - NANA OrderNA SexNA"
"NR X0 Order1 F - NR X3 Order1 F",0.1713073518,0.200324666747548,19,0.85514856747963,1,"NANA OrderNA SexNA - NANA OrderNA SexNA"
"NR X0 Order1 F - PR X3 Order1 F",0.3031826296,0.190935392018638,19,1.58788072967847,1,"NANA OrderNA SexNA - NANA OrderNA SexNA"
"NR X0 Order1 F - NR X4 Order1 F",0.2389000236,0.11231518642654,19,2.1270500561939,1,"NANA OrderNA SexNA - NANA OrderNA SexNA"
"NR X0 Order1 F - PR X4 Order1 F",0.306491915,0.153519115858211,19,1.99644137661055,1,"NANA OrderNA SexNA - NANA OrderNA SexNA"
"NR X0 Order1 F - NR X5 Order1 F",0.1385302548,0.167497204604665,19,0.827060100059376,1,"NANA OrderNA SexNA - NANA OrderNA SexNA"
"NR X0 Order1 F - PR X5 Order1 F",0.281087865,0.128513425761806,19,2.18722567960319,1,"NANA OrderNA SexNA - NANA OrderNA SexNA"
"NR X0 Order1 F - NR X6 Order1 F",0.120589477,0.161522930706062,19,0.746578064630632,1,"NANA OrderNA SexNA - NANA OrderNA SexNA"
"NR X0 Order1 F - PR X6 Order1 F",0.2937719502,0.146331998101958,19,2.00757150869567,1,"NANA OrderNA SexNA - NANA OrderNA SexNA"
"NR X0 Order1 F - NR X0 Order2 F",0.2610649118,0.162977661159633,19,1.60184475554777,1,"NANA OrderNA SexNA - NANA OrderNA SexNA"
"NR X0 Order1 F - PR X0 Order2 F",0.463345625633333,0.149913947225061,19,3.09074395151325,1,"NANA OrderNA SexNA - NANA OrderNA SexNA"
"NR X0 Order1 F - NR X1 Order2 F",0.151839030633333,0.142646340662598,19,1.06444392423973,1,"NANA OrderNA SexNA - NANA OrderNA SexNA"
"NR X0 Order1 F - PR X1 Order2 F",0.400588110466667,0.178674303911697,19,2.24200179710588,1,"NANA OrderNA SexNA - NANA OrderNA SexNA"
"NR X0 Order1 F - NR X2 Order2 F",0.3733347528,0.139445838832661,19,2.67727424443273,1,"NANA OrderNA SexNA - NANA OrderNA SexNA"
"NR X0 Order1 F - PR X2 Order2 F",0.426342223966667,0.139336312448569,19,3.05980699843795,1,"NANA OrderNA SexNA - NANA OrderNA SexNA"
"NR X0 Order1 F - NR X3 Order2 F",0.0976529031333336,0.198878326572151,19,0.491018326714984,1,"NANA OrderNA SexNA - NANA OrderNA SexNA"
"NR X0 Order1 F - PR X3 Order2 F",0.285827010633333,0.207070760468597,19,1.38033496369315,1,"NANA OrderNA SexNA - NANA OrderNA SexNA"
"NR X0 Order1 F - NR X4 Order2 F",0.0966590534666668,0.146861607592061,19,0.658164206775929,1,"NANA OrderNA SexNA - NANA OrderNA SexNA"
"NR X0 Order1 F - PR X4 Order2 F",0.433041398633333,0.142070740515023,19,3.04806884981037,1,"NANA OrderNA SexNA - NANA OrderNA SexNA"
"NR X0 Order1 F - NR X5 Order2 F",0.195374817133333,0.167043442594382,19,1.16960482913266,1,"NANA OrderNA SexNA - NANA OrderNA SexNA"
"NR X0 Order1 F - PR X5 Order2 F",0.425391489133333,0.141904114461217,19,2.99773893624201,1,"NANA OrderNA SexNA - NANA OrderNA SexNA"
"NR X0 Order1 F - NR X6 Order2 F",0.2311239258,0.168306501179942,19,1.37323231235671,1,"NANA OrderNA SexNA - NANA OrderNA SexNA"
"NR X0 Order1 F - PR X6 Order2 F",0.166102332633333,0.160495898739006,19,1.03493194491807,1,"NANA OrderNA SexNA - NANA OrderNA SexNA"
"NR X0 Order1 F - NR X0 Order1 M",0.228044562133333,0.162977661159633,19,1.39923815638739,1,"NANA OrderNA SexNA - NANA OrderNA SexNA"
"NR X0 Order1 F - PR X0 Order1 M",0.3878248888,0.149913947225061,19,2.58698337265292,1,"NANA OrderNA SexNA - NANA OrderNA SexNA"
"NR X0 Order1 F - NR X1 Order1 M",0.288616142633333,0.142646340662598,19,2.02329860894223,1,"NANA OrderNA SexNA - NANA OrderNA SexNA"
"NR X0 Order1 F - PR X1 Order1 M",0.229005437633333,0.178674303911697,19,1.28169206550546,1,"NANA OrderNA SexNA - NANA OrderNA SexNA"
"NR X0 Order1 F - NR X2 Order1 M",0.362527645966667,0.139445838832661,19,2.59977385486354,1,"NANA OrderNA SexNA - NANA OrderNA SexNA"
"NR X0 Order1 F - PR X2 Order1 M",0.415619896466667,0.139336312448569,19,2.98285414019464,1,"NANA OrderNA SexNA - NANA OrderNA SexNA"
"NR X0 Order1 F - NR X3 Order1 M",0.316485798966667,0.198878326572151,19,1.59135389170649,1,"NANA OrderNA SexNA - NANA OrderNA SexNA"
"NR X0 Order1 F - PR X3 Order1 M",0.297330235633333,0.207070760468597,19,1.43588710912386,1,"NANA OrderNA SexNA - NANA OrderNA SexNA"
"NR X0 Order1 F - NR X4 Order1 M",0.327106653466667,0.146861607592061,19,2.22731222155264,1,"NANA OrderNA SexNA - NANA OrderNA SexNA"
"NR X0 Order1 F - PR X4 Order1 M",0.1583671008,0.142070740515023,19,1.11470595722878,1,"NANA OrderNA SexNA - NANA OrderNA SexNA"
"NR X0 Order1 F - NR X5 Order1 M",0.355650588466667,0.167043442594382,19,2.12909039075699,1,"NANA OrderNA SexNA - NANA OrderNA SexNA"
"NR X0 Order1 F - PR X5 Order1 M",0.297324018633333,0.141904114461217,19,2.09524593252434,1,"NANA OrderNA SexNA - NANA OrderNA SexNA"
"NR X0 Order1 F - NR X6 Order1 M",0.1469894788,0.168306501179942,19,0.873344034660006,1,"NANA OrderNA SexNA - NANA OrderNA SexNA"
"NR X0 Order1 F - PR X6 Order1 M",0.291811918633333,0.160495898739006,19,1.81818925546421,1,"NANA OrderNA SexNA - NANA OrderNA SexNA"
"NR X0 Order1 F - NR X0 Order2 M",-0.263630684033333,0.162977661159633,19,-1.61758784705539,1,"NANA OrderNA SexNA - NANA OrderNA SexNA"
"NR X0 Order1 F - PR X0 Order2 M",0.393974215133333,0.149913947225061,19,2.62800241355711,1,"NANA OrderNA SexNA - NANA OrderNA SexNA"
"NR X0 Order1 F - NR X1 Order2 M",-0.0602902958666668,0.142646340662598,19,-0.422655748381739,1,"NANA OrderNA SexNA - NANA OrderNA SexNA"
"NR X0 Order1 F - PR X1 Order2 M",0.4715678118,0.178674303911697,19,2.63925926378901,1,"NANA OrderNA SexNA - NANA OrderNA SexNA"
"NR X0 Order1 F - NR X2 Order2 M",0.120203836966667,0.139445838832661,19,0.862010928206433,1,"NANA OrderNA SexNA - NANA OrderNA SexNA"
"NR X0 Order1 F - PR X2 Order2 M",0.472954294633333,0.139336312448569,19,3.39433623814258,1,"NANA OrderNA SexNA - NANA OrderNA SexNA"
"NR X0 Order1 F - NR X3 Order2 M",-0.0640316256999997,0.198878326572151,19,-0.32196381980703,1,"NANA OrderNA SexNA - NANA OrderNA SexNA"
"NR X0 Order1 F - PR X3 Order2 M",0.450018536633333,0.207070760468597,19,2.17325968965851,1,"NANA OrderNA SexNA - NANA OrderNA SexNA"
"NR X0 Order1 F - NR X4 Order2 M",0.0980677008000001,0.146861607592061,19,0.667755871721107,1,"NANA OrderNA SexNA - NANA OrderNA SexNA"
"NR X0 Order1 F - PR X4 Order2 M",0.4081255763,0.142070740515023,19,2.87269267986144,1,"NANA OrderNA SexNA - NANA OrderNA SexNA"
"NR X0 Order1 F - NR X5 Order2 M",0.1644205833,0.167043442594382,19,0.984298340278156,1,"NANA OrderNA SexNA - NANA OrderNA SexNA"
"NR X0 Order1 F - PR X5 Order2 M",0.304194956966667,0.141904114461217,19,2.1436655175337,1,"NANA OrderNA SexNA - NANA OrderNA SexNA"
"NR X0 Order1 F - NR X6 Order2 M",0.0718619089666665,0.168306501179942,19,0.426970488144343,1,"NANA OrderNA SexNA - NANA OrderNA SexNA"
"NR X0 Order1 F - PR X6 Order2 M",0.193274387466667,0.160495898739006,19,1.20423256285797,1,"NANA OrderNA SexNA - NANA OrderNA SexNA"
"PR X0 Order1 F - NR X1 Order1 F",-0.1300270572,0.118254272972176,19,-1.09955483156701,1,"NANA OrderNA SexNA - NANA OrderNA SexNA"
"PR X0 Order1 F - PR X1 Order1 F",0.0423277358000001,0.157814502484981,19,0.268211952219209,1,"NANA OrderNA SexNA - NANA OrderNA SexNA"
"PR X0 Order1 F - NR X2 Order1 F",-0.00163921619999988,0.118629487341492,19,-0.0138179489495824,1,"NANA OrderNA SexNA - NANA OrderNA SexNA"
"PR X0 Order1 F - PR X2 Order1 F",-0.0273339479999999,0.0911436055828783,19,-0.2998997880893,1,"NANA OrderNA SexNA - NANA OrderNA SexNA"
"PR X0 Order1 F - NR X3 Order1 F",-0.102436692,0.21961019533559,19,-0.466447797851391,1,"NANA OrderNA SexNA - NANA OrderNA SexNA"
"PR X0 Order1 F - PR X3 Order1 F",0.0294385858,0.178521303654372,19,0.164902368498242,1,"NANA OrderNA SexNA - NANA OrderNA SexNA"
"PR X0 Order1 F - NR X4 Order1 F",-0.0348440201999998,0.0876230649255789,19,-0.397658084998442,1,"NANA OrderNA SexNA - NANA OrderNA SexNA"
"PR X0 Order1 F - PR X4 Order1 F",0.0327478712000001,0.108356006588405,19,0.302224788741009,1,"NANA OrderNA SexNA - NANA OrderNA SexNA"
"PR X0 Order1 F - NR X5 Order1 F",-0.135213789,0.178449972052042,19,-0.757712581543956,1,"NANA OrderNA SexNA - NANA OrderNA SexNA"
"PR X0 Order1 F - PR X5 Order1 F",0.00734382120000009,0.133389168806918,19,0.0550556035822544,1,"NANA OrderNA SexNA - NANA OrderNA SexNA"
"PR X0 Order1 F - NR X6 Order1 F",-0.1531545668,0.16965413040628,19,-0.902745877351953,1,"NANA OrderNA SexNA - NANA OrderNA SexNA"
"PR X0 Order1 F - PR X6 Order1 F",0.0200279064000001,0.130193273947088,19,0.153832112772121,1,"NANA OrderNA SexNA - NANA OrderNA SexNA"
"PR X0 Order1 F - NR X0 Order2 F",-0.0126791319999998,0.147162108844991,19,-0.0861575856687063,1,"NANA OrderNA SexNA - NANA OrderNA SexNA"
"PR X0 Order1 F - PR X0 Order2 F",0.189601581833333,0.132548707331453,19,1.43042950512685,1,"NANA OrderNA SexNA - NANA OrderNA SexNA"
"PR X0 Order1 F - NR X1 Order2 F",-0.121905013166667,0.124269653363445,19,-0.98097170038881,1,"NANA OrderNA SexNA - NANA OrderNA SexNA"
"PR X0 Order1 F - PR X1 Order2 F",0.126844066666667,0.164376017475088,19,0.771670153682187,1,"NANA OrderNA SexNA - NANA OrderNA SexNA"
"PR X0 Order1 F - NR X2 Order2 F",0.0995907090000002,0.120582379352812,19,0.825914279802094,1,"NANA OrderNA SexNA - NANA OrderNA SexNA"
"PR X0 Order1 F - PR X2 Order2 F",0.152598180166667,0.120455702270196,19,1.26684065005384,1,"NANA OrderNA SexNA - NANA OrderNA SexNA"
"PR X0 Order1 F - NR X3 Order2 F",-0.176091140666666,0.186138542550381,19,-0.946021916009174,1,"NANA OrderNA SexNA - NANA OrderNA SexNA"
"PR X0 Order1 F - PR X3 Order2 F",0.0120829668333334,0.194867308914769,19,0.0620061256073395,1,"NANA OrderNA SexNA - NANA OrderNA SexNA"
"PR X0 Order1 F - NR X4 Order2 F",-0.177084990333333,0.129086405276332,19,-1.37183299786102,1,"NANA OrderNA SexNA - NANA OrderNA SexNA"
"PR X0 Order1 F - PR X4 Order2 F",0.159297354833333,0.123608509226217,19,1.28872482833525,1,"NANA OrderNA SexNA - NANA OrderNA SexNA"
"PR X0 Order1 F - NR X5 Order2 F",-0.0783692266666665,0.151652497362963,19,-0.51676845439016,1,"NANA OrderNA SexNA - NANA OrderNA SexNA"
"PR X0 Order1 F - PR X5 Order2 F",0.151647445333333,0.123416959708393,19,1.22874073135202,1,"NANA OrderNA SexNA - NANA OrderNA SexNA"
"PR X0 Order1 F - NR X6 Order2 F",-0.042620118,0.153042629950203,19,-0.278485269195045,1,"NANA OrderNA SexNA - NANA OrderNA SexNA"
"PR X0 Order1 F - PR X6 Order2 F",-0.107641711166667,0.144408800821426,19,-0.745395783043549,1,"NANA OrderNA SexNA - NANA OrderNA SexNA"
"PR X0 Order1 F - NR X0 Order1 M",-0.0456994816666665,0.147162108844991,19,-0.310538371767984,1,"NANA OrderNA SexNA - NANA OrderNA SexNA"
"PR X0 Order1 F - PR X0 Order1 M",0.114080845,0.132548707331453,19,0.860671124575573,1,"NANA OrderNA SexNA - NANA OrderNA SexNA"
"PR X0 Order1 F - NR X1 Order1 M",0.0148720988333333,0.124269653363445,19,0.11967603055782,1,"NANA OrderNA SexNA - NANA OrderNA SexNA"
"PR X0 Order1 F - PR X1 Order1 M",-0.0447386061666666,0.164376017475088,19,-0.272172345174667,1,"NANA OrderNA SexNA - NANA OrderNA SexNA"
"PR X0 Order1 F - NR X2 Order1 M",0.0887836021666669,0.120582379352812,19,0.736290017191445,1,"NANA OrderNA SexNA - NANA OrderNA SexNA"
"PR X0 Order1 F - PR X2 Order1 M",0.141875852666667,0.120455702270196,19,1.17782595587234,1,"NANA OrderNA SexNA - NANA OrderNA SexNA"
"PR X0 Order1 F - NR X3 Order1 M",0.042741755166667,0.186138542550381,19,0.229623347110384,1,"NANA OrderNA SexNA - NANA OrderNA SexNA"
"PR X0 Order1 F - PR X3 Order1 M",0.0235861918333334,0.194867308914769,19,0.121037191741841,1,"NANA OrderNA SexNA - NANA OrderNA SexNA"
"PR X0 Order1 F - NR X4 Order1 M",0.0533626096666668,0.129086405276332,19,0.413386750931942,1,"NANA OrderNA SexNA - NANA OrderNA SexNA"
"PR X0 Order1 F - PR X4 Order1 M",-0.115376943,0.123608509226217,19,-0.933406152393986,1,"NANA OrderNA SexNA - NANA OrderNA SexNA"
"PR X0 Order1 F - NR X5 Order1 M",0.0819065446666669,0.151652497362963,19,0.54009360934316,1,"NANA OrderNA SexNA - NANA OrderNA SexNA"
"PR X0 Order1 F - PR X5 Order1 M",0.0235799748333334,0.123416959708393,19,0.191059436961076,1,"NANA OrderNA SexNA - NANA OrderNA SexNA"
"PR X0 Order1 F - NR X6 Order1 M",-0.126754565,0.153042629950203,19,-0.8282304416831,1,"NANA OrderNA SexNA - NANA OrderNA SexNA"
"PR X0 Order1 F - PR X6 Order1 M",0.0180678748333335,0.144408800821426,19,0.125116161415093,1,"NANA OrderNA SexNA - NANA OrderNA SexNA"
"PR X0 Order1 F - NR X0 Order2 M",-0.537374727833333,0.147162108844991,19,-3.65158349558146,1,"NANA OrderNA SexNA - NANA OrderNA SexNA"
"PR X0 Order1 F - PR X0 Order2 M",0.120230171333333,0.132548707331453,19,0.907064080471824,1,"NANA OrderNA SexNA - NANA OrderNA SexNA"
"PR X0 Order1 F - NR X1 Order2 M",-0.334034339666667,0.124269653363445,19,-2.68797997440078,1,"NANA OrderNA SexNA - NANA OrderNA SexNA"
"PR X0 Order1 F - PR X1 Order2 M",0.197823768,0.164376017475088,19,1.20348315428667,1,"NANA OrderNA SexNA - NANA OrderNA SexNA"
"PR X0 Order1 F - NR X2 Order2 M",-0.153540206833333,0.120582379352812,19,-1.27332208617389,1,"NANA OrderNA SexNA - NANA OrderNA SexNA"
"PR X0 Order1 F - PR X2 Order2 M",0.199210250833333,0.120455702270196,19,1.6538050675798,1,"NANA OrderNA SexNA - NANA OrderNA SexNA"
"PR X0 Order1 F - NR X3 Order2 M",-0.3377756695,0.186138542550381,19,-1.81464657921976,1,"NANA OrderNA SexNA - NANA OrderNA SexNA"
"PR X0 Order1 F - PR X3 Order2 M",0.176274492833333,0.194867308914769,19,0.904587300019792,1,"NANA OrderNA SexNA - NANA OrderNA SexNA"
"PR X0 Order1 F - NR X4 Order2 M",-0.175676343,0.129086405276332,19,-1.3609205603327,1,"NANA OrderNA SexNA - NANA OrderNA SexNA"
"PR X0 Order1 F - PR X4 Order2 M",0.1343815325,0.123608509226217,19,1.08715438234165,1,"NANA OrderNA SexNA - NANA OrderNA SexNA"
"PR X0 Order1 F - NR X5 Order2 M",-0.1093234605,0.151652497362963,19,-0.720881372882019,1,"NANA OrderNA SexNA - NANA OrderNA SexNA"
"PR X0 Order1 F - PR X5 Order2 M",0.0304509131666667,0.123416959708393,19,0.246731998897197,1,"NANA OrderNA SexNA - NANA OrderNA SexNA"
"PR X0 Order1 F - NR X6 Order2 M",-0.201882134833333,0.153042629950203,19,-1.31912353374365,1,"NANA OrderNA SexNA - NANA OrderNA SexNA"
"PR X0 Order1 F - PR X6 Order2 M",-0.0804696563333334,0.144408800821426,19,-0.557235126083772,1,"NANA OrderNA SexNA - NANA OrderNA SexNA"
"NR X1 Order1 F - PR X1 Order1 F",0.172354793,0.148781616066817,19,1.15844146310789,1,"NANA OrderNA SexNA - NANA OrderNA SexNA"
"NR X1 Order1 F - NR X2 Order1 F",0.128387841,0.0842884422256796,19,1.52319627234593,1,"NANA OrderNA SexNA - NANA OrderNA SexNA"
"NR X1 Order1 F - PR X2 Order1 F",0.1026931092,0.0906856225419436,19,1.13240783182034,1,"NANA OrderNA SexNA - NANA OrderNA SexNA"
"NR X1 Order1 F - NR X3 Order1 F",0.0275903652000004,0.186784576831973,19,0.147712223717593,1,"NANA OrderNA SexNA - NANA OrderNA SexNA"
"NR X1 Order1 F - PR X3 Order1 F",0.159465643,0.151643550440886,19,1.0515820985223,1,"NANA OrderNA SexNA - NANA OrderNA SexNA"
"NR X1 Order1 F - NR X4 Order1 F",0.0951830370000003,0.0870442391952554,19,1.09350185468895,1,"NANA OrderNA SexNA - NANA OrderNA SexNA"
"NR X1 Order1 F - PR X4 Order1 F",0.1627749284,0.0993059109301159,19,1.63912628035353,1,"NANA OrderNA SexNA - NANA OrderNA SexNA"
"NR X1 Order1 F - NR X5 Order1 F",-0.00518673179999971,0.121486023688944,19,-0.0426940617735581,1,"NANA OrderNA SexNA - NANA OrderNA SexNA"
"NR X1 Order1 F - PR X5 Order1 F",0.1373708784,0.0903410202891603,19,1.52058143643174,1,"NANA OrderNA SexNA - NANA OrderNA SexNA"
"NR X1 Order1 F - NR X6 Order1 F",-0.0231275096,0.127427260983559,19,-0.181495775876278,1,"NANA OrderNA SexNA - NANA OrderNA SexNA"
"NR X1 Order1 F - PR X6 Order1 F",0.1500549636,0.0916725520937705,19,1.63685814535316,1,"NANA OrderNA SexNA - NANA OrderNA SexNA"
"NR X1 Order1 F - NR X0 Order2 F",0.1173479252,0.13822167195452,19,0.848983546072367,1,"NANA OrderNA SexNA - NANA OrderNA SexNA"
"NR X1 Order1 F - PR X0 Order2 F",0.319628639033333,0.122546742647192,19,2.60821815520249,1,"NANA OrderNA SexNA - NANA OrderNA SexNA"
"NR X1 Order1 F - NR X1 Order2 F",0.00812204403333333,0.113540702240513,19,0.0715342064392771,1,"NANA OrderNA SexNA - NANA OrderNA SexNA"
"NR X1 Order1 F - PR X1 Order2 F",0.256871123866667,0.156422566911454,19,1.64216154317474,1,"NANA OrderNA SexNA - NANA OrderNA SexNA"
"NR X1 Order1 F - NR X2 Order2 F",0.2296177662,0.109492714500022,19,2.09710543069926,1,"NANA OrderNA SexNA - NANA OrderNA SexNA"
"NR X1 Order1 F - PR X2 Order2 F",0.282625237366667,0.109353191666288,19,2.58451749839319,1,"NANA OrderNA SexNA - NANA OrderNA SexNA"
"NR X1 Order1 F - NR X3 Order2 F",-0.0460640834666663,0.179153848244959,19,-0.257120256795614,1,"NANA OrderNA SexNA - NANA OrderNA SexNA"
"NR X1 Order1 F - PR X3 Order2 F",0.142110024033333,0.188206834099832,19,0.755073665167507,1,"NANA OrderNA SexNA - NANA OrderNA SexNA"
"NR X1 Order1 F - NR X4 Order2 F",-0.0470579331333331,0.118793284092004,19,-0.396132942135748,1,"NANA OrderNA SexNA - NANA OrderNA SexNA"
"NR X1 Order1 F - PR X4 Order2 F",0.289324412033334,0.112816700321033,19,2.56455304232465,1,"NANA OrderNA SexNA - NANA OrderNA SexNA"
"NR X1 Order1 F - NR X5 Order2 F",0.0516578305333336,0.142993091702437,19,0.361261022601228,1,"NANA OrderNA SexNA - NANA OrderNA SexNA"
"NR X1 Order1 F - PR X5 Order2 F",0.281674502533334,0.112606794918695,19,2.50139880756493,1,"NANA OrderNA SexNA - NANA OrderNA SexNA"
"NR X1 Order1 F - NR X6 Order2 F",0.0874069392,0.144466573643431,19,0.605032271449421,1,"NANA OrderNA SexNA - NANA OrderNA SexNA"
"NR X1 Order1 F - PR X6 Order2 F",0.0223853460333335,0.135286533228109,19,0.165466181290855,1,"NANA OrderNA SexNA - NANA OrderNA SexNA"
"NR X1 Order1 F - NR X0 Order1 M",0.0843275755333336,0.13822167195452,19,0.610089390042107,1,"NANA OrderNA SexNA - NANA OrderNA SexNA"
"NR X1 Order1 F - PR X0 Order1 M",0.2441079022,0.122546742647192,19,1.99195749252004,1,"NANA OrderNA SexNA - NANA OrderNA SexNA"
"NR X1 Order1 F - NR X1 Order1 M",0.144899156033333,0.113540702240513,19,1.27618689310547,1,"NANA OrderNA SexNA - NANA OrderNA SexNA"
"NR X1 Order1 F - PR X1 Order1 M",0.0852884510333335,0.156422566911454,19,0.545243903851882,1,"NANA OrderNA SexNA - NANA OrderNA SexNA"
"NR X1 Order1 F - NR X2 Order1 M",0.218810659366667,0.109492714500022,19,1.99840382408843,1,"NANA OrderNA SexNA - NANA OrderNA SexNA"
"NR X1 Order1 F - PR X2 Order1 M",0.271902909866667,0.109353191666288,19,2.48646523913476,1,"NANA OrderNA SexNA - NANA OrderNA SexNA"
"NR X1 Order1 F - NR X3 Order1 M",0.172768812366667,0.179153848244959,19,0.964360040597276,1,"NANA OrderNA SexNA - NANA OrderNA SexNA"
"NR X1 Order1 F - PR X3 Order1 M",0.153613249033333,0.188206834099832,19,0.816193788966509,1,"NANA OrderNA SexNA - NANA OrderNA SexNA"
"NR X1 Order1 F - NR X4 Order1 M",0.183389666866667,0.118793284092004,19,1.54377133579904,1,"NANA OrderNA SexNA - NANA OrderNA SexNA"
"NR X1 Order1 F - PR X4 Order1 M",0.0146501142000002,0.112816700321033,19,0.129857673184126,1,"NANA OrderNA SexNA - NANA OrderNA SexNA"
"NR X1 Order1 F - NR X5 Order1 M",0.211933601866667,0.142993091702437,19,1.48212476101777,1,"NANA OrderNA SexNA - NANA OrderNA SexNA"
"NR X1 Order1 F - PR X5 Order1 M",0.153607032033334,0.112606794918695,19,1.36410091543979,1,"NANA OrderNA SexNA - NANA OrderNA SexNA"
"NR X1 Order1 F - NR X6 Order1 M",0.00327249220000002,0.144466573643431,19,0.0226522448582266,1,"NANA OrderNA SexNA - NANA OrderNA SexNA"
"NR X1 Order1 F - PR X6 Order1 M",0.148094932033334,0.135286533228109,19,1.0946760812004,1,"NANA OrderNA SexNA - NANA OrderNA SexNA"
"NR X1 Order1 F - NR X0 Order2 M",-0.407347670633333,0.13822167195452,19,-2.94706079642391,1,"NANA OrderNA SexNA - NANA OrderNA SexNA"
"NR X1 Order1 F - PR X0 Order2 M",0.250257228533333,0.122546742647192,19,2.0421369277339,1,"NANA OrderNA SexNA - NANA OrderNA SexNA"
"NR X1 Order1 F - NR X1 Order2 M",-0.204007282466667,0.113540702240513,19,-1.79677664873447,1,"NANA OrderNA SexNA - NANA OrderNA SexNA"
"NR X1 Order1 F - PR X1 Order2 M",0.3278508252,0.156422566911454,19,2.09593047648672,1,"NANA OrderNA SexNA - NANA OrderNA SexNA"
"NR X1 Order1 F - NR X2 Order2 M",-0.0235131496333331,0.109492714500022,19,-0.214746248101542,1,"NANA OrderNA SexNA - NANA OrderNA SexNA"
"NR X1 Order1 F - PR X2 Order2 M",0.329237308033334,0.109353191666288,19,3.0107699923205,1,"NANA OrderNA SexNA - NANA OrderNA SexNA"
"NR X1 Order1 F - NR X3 Order2 M",-0.2077486123,0.179153848244959,19,-1.15961010235148,1,"NANA OrderNA SexNA - NANA OrderNA SexNA"
"NR X1 Order1 F - PR X3 Order2 M",0.306301550033333,0.188206834099832,19,1.62747304845933,1,"NANA OrderNA SexNA - NANA OrderNA SexNA"
"NR X1 Order1 F - NR X4 Order2 M",-0.0456492857999998,0.118793284092004,19,-0.384274971004633,1,"NANA OrderNA SexNA - NANA OrderNA SexNA"
"NR X1 Order1 F - PR X4 Order2 M",0.2644085897,0.112816700321033,19,2.34370079028721,1,"NANA OrderNA SexNA - NANA OrderNA SexNA"
"NR X1 Order1 F - NR X5 Order2 M",0.0207035967000003,0.142993091702437,19,0.144787391149522,1,"NANA OrderNA SexNA - NANA OrderNA SexNA"
"NR X1 Order1 F - PR X5 Order2 M",0.160477970366667,0.112606794918695,19,1.42511800005084,1,"NANA OrderNA SexNA - NANA OrderNA SexNA"
"NR X1 Order1 F - NR X6 Order2 M",-0.0718550776333334,0.144466573643431,19,-0.497382029774475,1,"NANA OrderNA SexNA - NANA OrderNA SexNA"
"NR X1 Order1 F - PR X6 Order2 M",0.0495574008666667,0.135286533228109,19,0.366314367617856,1,"NANA OrderNA SexNA - NANA OrderNA SexNA"
"PR X1 Order1 F - NR X2 Order1 F",-0.043966952,0.153362713376399,19,-0.28668605968187,1,"NANA OrderNA SexNA - NANA OrderNA SexNA"
"PR X1 Order1 F - PR X2 Order1 F",-0.0696616838,0.138834653393219,19,-0.501760058439434,1,"NANA OrderNA SexNA - NANA OrderNA SexNA"
"PR X1 Order1 F - NR X3 Order1 F",-0.1447644278,0.247436449712639,19,-0.58505700339672,1,"NANA OrderNA SexNA - NANA OrderNA SexNA"
"PR X1 Order1 F - PR X3 Order1 F",-0.0128891500000001,0.205716474681086,19,-0.0626549235785886,1,"NANA OrderNA SexNA - NANA OrderNA SexNA"
"PR X1 Order1 F - NR X4 Order1 F",-0.0771717559999999,0.144343855463778,19,-0.534638317315598,1,"NANA OrderNA SexNA - NANA OrderNA SexNA"
"PR X1 Order1 F - PR X4 Order1 F",-0.0095798646,0.159163373465211,19,-0.0601888763189222,1,"NANA OrderNA SexNA - NANA OrderNA SexNA"
"PR X1 Order1 F - NR X5 Order1 F",-0.1775415248,0.151463622123262,19,-1.17217271257065,1,"NANA OrderNA SexNA - NANA OrderNA SexNA"
"PR X1 Order1 F - PR X5 Order1 F",-0.0349839146,0.122091529549005,19,-0.286538425140772,1,"NANA OrderNA SexNA - NANA OrderNA SexNA"
"PR X1 Order1 F - NR X6 Order1 F",-0.1954823026,0.167185241458053,19,-1.16925573630282,1,"NANA OrderNA SexNA - NANA OrderNA SexNA"
"PR X1 Order1 F - PR X6 Order1 F",-0.0222998294,0.146842497018902,19,-0.151862232342245,1,"NANA OrderNA SexNA - NANA OrderNA SexNA"
"PR X1 Order1 F - NR X0 Order2 F",-0.0550068677999999,0.181650941771802,19,-0.302816309475026,1,"NANA OrderNA SexNA - NANA OrderNA SexNA"
"PR X1 Order1 F - PR X0 Order2 F",0.147273846033333,0.170028051162497,19,0.866173816769698,1,"NANA OrderNA SexNA - NANA OrderNA SexNA"
"PR X1 Order1 F - NR X1 Order2 F",-0.164232748966667,0.163656118473915,19,-1.00352342764895,1,"NANA OrderNA SexNA - NANA OrderNA SexNA"
"PR X1 Order1 F - PR X1 Order2 F",0.0845163308666668,0.195856716728959,19,0.431521227753586,1,"NANA OrderNA SexNA - NANA OrderNA SexNA"
"PR X1 Order1 F - NR X2 Order2 F",0.0572629732000001,0.160874138932467,19,0.355948902539508,1,"NANA OrderNA SexNA - NANA OrderNA SexNA"
"PR X1 Order1 F - PR X2 Order2 F",0.110270444366667,0.160779210647034,19,0.685850141463551,1,"NANA OrderNA SexNA - NANA OrderNA SexNA"
"PR X1 Order1 F - NR X3 Order2 F",-0.218418876466667,0.21444797828298,19,-1.01851683664952,1,"NANA OrderNA SexNA - NANA OrderNA SexNA"
"PR X1 Order1 F - PR X3 Order2 F",-0.0302447689666667,0.222066761246615,19,-0.136196740101408,1,"NANA OrderNA SexNA - NANA OrderNA SexNA"
"PR X1 Order1 F - NR X4 Order2 F",-0.219412726133333,0.167342996250345,19,-1.31115571640113,1,"NANA OrderNA SexNA - NANA OrderNA SexNA"
"PR X1 Order1 F - PR X4 Order2 F",0.116969619033333,0.163154656445978,19,0.71692479749766,1,"NANA OrderNA SexNA - NANA OrderNA SexNA"
"PR X1 Order1 F - NR X5 Order2 F",-0.120696962466667,0.185307469691055,19,-0.651333498147123,1,"NANA OrderNA SexNA - NANA OrderNA SexNA"
"PR X1 Order1 F - PR X5 Order2 F",0.109319709533333,0.163009583492936,19,0.670633635095881,1,"NANA OrderNA SexNA - NANA OrderNA SexNA"
"PR X1 Order1 F - NR X6 Order2 F",-0.0849478538000002,0.186446842153339,19,-0.455614333924393,1,"NANA OrderNA SexNA - NANA OrderNA SexNA"
"PR X1 Order1 F - PR X6 Order2 F",-0.149969446966667,0.179427645923251,19,-0.835821292727738,1,"NANA OrderNA SexNA - NANA OrderNA SexNA"
"PR X1 Order1 F - NR X0 Order1 M",-0.0880272174666666,0.181650941771802,19,-0.484595436764927,1,"NANA OrderNA SexNA - NANA OrderNA SexNA"
"PR X1 Order1 F - PR X0 Order1 M",0.0717531091999999,0.170028051162497,19,0.422007478821392,1,"NANA OrderNA SexNA - NANA OrderNA SexNA"
"PR X1 Order1 F - NR X1 Order1 M",-0.0274556369666668,0.163656118473915,19,-0.167764194963739,1,"NANA OrderNA SexNA - NANA OrderNA SexNA"
"PR X1 Order1 F - PR X1 Order1 M",-0.0870663419666667,0.195856716728959,19,-0.444541006409065,1,"NANA OrderNA SexNA - NANA OrderNA SexNA"
"PR X1 Order1 F - NR X2 Order1 M",0.0464558663666668,0.160874138932467,19,0.288771499726058,1,"NANA OrderNA SexNA - NANA OrderNA SexNA"
"PR X1 Order1 F - PR X2 Order1 M",0.0995481168666667,0.160779210647034,19,0.619160378173575,1,"NANA OrderNA SexNA - NANA OrderNA SexNA"
"PR X1 Order1 F - NR X3 Order1 M",0.000414019366666899,0.21444797828298,19,0.00193062844416547,1,"NANA OrderNA SexNA - NANA OrderNA SexNA"
"PR X1 Order1 F - PR X3 Order1 M",-0.0187415439666668,0.222066761246615,19,-0.0843959891226288,1,"NANA OrderNA SexNA - NANA OrderNA SexNA"
"PR X1 Order1 F - NR X4 Order1 M",0.0110348738666667,0.167342996250345,19,0.0659416534538355,1,"NANA OrderNA SexNA - NANA OrderNA SexNA"
"PR X1 Order1 F - PR X4 Order1 M",-0.1577046788,0.163154656445978,19,-0.966596248218126,1,"NANA OrderNA SexNA - NANA OrderNA SexNA"
"PR X1 Order1 F - NR X5 Order1 M",0.0395788088666668,0.185307469691055,19,0.213584530254786,1,"NANA OrderNA SexNA - NANA OrderNA SexNA"
"PR X1 Order1 F - PR X5 Order1 M",-0.0187477609666667,0.163009583492936,19,-0.11501017648744,1,"NANA OrderNA SexNA - NANA OrderNA SexNA"
"PR X1 Order1 F - NR X6 Order1 M",-0.1690823008,0.186446842153339,19,-0.906865993798607,1,"NANA OrderNA SexNA - NANA OrderNA SexNA"
"PR X1 Order1 F - PR X6 Order1 M",-0.0242598609666667,0.179427645923251,19,-0.135206928909069,1,"NANA OrderNA SexNA - NANA OrderNA SexNA"
"PR X1 Order1 F - NR X0 Order2 M",-0.579702463633334,0.181650941771802,19,-3.19129897141729,1,"NANA OrderNA SexNA - NANA OrderNA SexNA"
"PR X1 Order1 F - PR X0 Order2 M",0.0779024355333331,0.170028051162497,19,0.458174018938095,1,"NANA OrderNA SexNA - NANA OrderNA SexNA"
"PR X1 Order1 F - NR X1 Order2 M",-0.376362075466667,0.163656118473915,19,-2.29971283063672,1,"NANA OrderNA SexNA - NANA OrderNA SexNA"
"PR X1 Order1 F - PR X1 Order2 M",0.1554960322,0.195856716728959,19,0.793927493511426,1,"NANA OrderNA SexNA - NANA OrderNA SexNA"
"PR X1 Order1 F - NR X2 Order2 M",-0.195867942633333,0.160874138932467,19,-1.21752286559592,1,"NANA OrderNA SexNA - NANA OrderNA SexNA"
"PR X1 Order1 F - PR X2 Order2 M",0.156882515033333,0.160779210647034,19,0.975763684881774,1,"NANA OrderNA SexNA - NANA OrderNA SexNA"
"PR X1 Order1 F - NR X3 Order2 M",-0.3801034053,0.21444797828298,19,-1.77247371760449,1,"NANA OrderNA SexNA - NANA OrderNA SexNA"
"PR X1 Order1 F - PR X3 Order2 M",0.133946757033333,0.222066761246615,19,0.603182377594003,1,"NANA OrderNA SexNA - NANA OrderNA SexNA"
"PR X1 Order1 F - NR X4 Order2 M",-0.2180040788,0.167342996250345,19,-1.30273799134005,1,"NANA OrderNA SexNA - NANA OrderNA SexNA"
"PR X1 Order1 F - PR X4 Order2 M",0.0920537967,0.163154656445978,19,0.564211887697361,1,"NANA OrderNA SexNA - NANA OrderNA SexNA"
"PR X1 Order1 F - NR X5 Order2 M",-0.1516511963,0.185307469691055,19,-0.818376056576853,1,"NANA OrderNA SexNA - NANA OrderNA SexNA"
"PR X1 Order1 F - PR X5 Order2 M",-0.0118768226333334,0.163009583492936,19,-0.0728596587933008,1,"NANA OrderNA SexNA - NANA OrderNA SexNA"
"PR X1 Order1 F - NR X6 Order2 M",-0.244209870633334,0.186446842153339,19,-1.30980963696069,1,"NANA OrderNA SexNA - NANA OrderNA SexNA"
"PR X1 Order1 F - PR X6 Order2 M",-0.122797392133334,0.179427645923251,19,-0.684383900270637,1,"NANA OrderNA SexNA - NANA OrderNA SexNA"
"NR X2 Order1 F - PR X2 Order1 F",-0.0256947318,0.0788193576724828,19,-0.325995194058407,1,"NANA OrderNA SexNA - NANA OrderNA SexNA"
"NR X2 Order1 F - NR X3 Order1 F",-0.1007974758,0.182453436383175,19,-0.552455891202357,1,"NANA OrderNA SexNA - NANA OrderNA SexNA"
"NR X2 Order1 F - PR X3 Order1 F",0.0310778019999999,0.178560611657523,19,0.17404623400152,1,"NANA OrderNA SexNA - NANA OrderNA SexNA"
"NR X2 Order1 F - NR X4 Order1 F",-0.0332048039999999,0.0792982637678688,19,-0.418733051926596,1,"NANA OrderNA SexNA - NANA OrderNA SexNA"
"NR X2 Order1 F - PR X4 Order1 F",0.0343870874,0.103827808873298,19,0.331193422775229,1,"NANA OrderNA SexNA - NANA OrderNA SexNA"
"NR X2 Order1 F - NR X5 Order1 F",-0.1335745728,0.108725289895123,19,-1.22855108437832,1,"NANA OrderNA SexNA - NANA OrderNA SexNA"
"NR X2 Order1 F - PR X5 Order1 F",0.00898303739999997,0.098888015141068,19,0.0908405066800591,1,"NANA OrderNA SexNA - NANA OrderNA SexNA"
"NR X2 Order1 F - NR X6 Order1 F",-0.1515153506,0.107762449753757,19,-1.40601249272099,1,"NANA OrderNA SexNA - NANA OrderNA SexNA"
"NR X2 Order1 F - PR X6 Order1 F",0.0216671226,0.133033337266593,19,0.162869871907219,1,"NANA OrderNA SexNA - NANA OrderNA SexNA"
"NR X2 Order1 F - NR X0 Order2 F",-0.0110399158,0.134245397514703,19,-0.0822368290040696,1,"NANA OrderNA SexNA - NANA OrderNA SexNA"
"NR X2 Order1 F - PR X0 Order2 F",0.191240798033333,0.118043637225454,19,1.62008561010432,1,"NANA OrderNA SexNA - NANA OrderNA SexNA"
"NR X2 Order1 F - NR X1 Order2 F",-0.120265796966667,0.108665022989213,19,-1.10675720354474,1,"NANA OrderNA SexNA - NANA OrderNA SexNA"
"NR X2 Order1 F - PR X1 Order2 F",0.128483282866667,0.152920291639618,19,0.840197736278577,1,"NANA OrderNA SexNA - NANA OrderNA SexNA"
"NR X2 Order1 F - NR X2 Order2 F",0.1012299252,0.104428208279951,19,0.969373379734939,1,"NANA OrderNA SexNA - NANA OrderNA SexNA"
"NR X2 Order1 F - PR X2 Order2 F",0.154237396366667,0.10428190966597,19,1.47904269168748,1,"NANA OrderNA SexNA - NANA OrderNA SexNA"
"NR X2 Order1 F - NR X3 Order2 F",-0.174451924466667,0.176104223393294,19,-0.990617494033986,1,"NANA OrderNA SexNA - NANA OrderNA SexNA"
"NR X2 Order1 F - PR X3 Order2 F",0.0137221830333332,0.185306256121749,19,0.0740513748457448,1,"NANA OrderNA SexNA - NANA OrderNA SexNA"
"NR X2 Order1 F - NR X4 Order2 F",-0.175445774133333,0.114142194219933,19,-1.53708079060823,1,"NANA OrderNA SexNA - NANA OrderNA SexNA"
"NR X2 Order1 F - PR X4 Order2 F",0.160936571033333,0.107908313059297,19,1.49141958085191,1,"NANA OrderNA SexNA - NANA OrderNA SexNA"
"NR X2 Order1 F - NR X5 Order2 F",-0.0767300104666666,0.139153226446961,19,-0.5514066215052,1,"NANA OrderNA SexNA - NANA OrderNA SexNA"
"NR X2 Order1 F - PR X5 Order2 F",0.153286661533333,0.107688840730312,19,1.42342196734398,1,"NANA OrderNA SexNA - NANA OrderNA SexNA"
"NR X2 Order1 F - NR X6 Order2 F",-0.0409809018000002,0.140666936613585,19,-0.291332866035006,1,"NANA OrderNA SexNA - NANA OrderNA SexNA"
"NR X2 Order1 F - PR X6 Order2 F",-0.106002494966667,0.131221348220698,19,-0.807814402183887,1,"NANA OrderNA SexNA - NANA OrderNA SexNA"
"NR X2 Order1 F - NR X0 Order1 M",-0.0440602654666666,0.134245397514703,19,-0.328206897833061,1,"NANA OrderNA SexNA - NANA OrderNA SexNA"
"NR X2 Order1 F - PR X0 Order1 M",0.1157200612,0.118043637225454,19,0.98031595704717,1,"NANA OrderNA SexNA - NANA OrderNA SexNA"
"NR X2 Order1 F - NR X1 Order1 M",0.0165113150333332,0.108665022989213,19,0.151946915199864,1,"NANA OrderNA SexNA - NANA OrderNA SexNA"
"NR X2 Order1 F - PR X1 Order1 M",-0.0430993899666667,0.152920291639618,19,-0.28184219049384,1,"NANA OrderNA SexNA - NANA OrderNA SexNA"
"NR X2 Order1 F - NR X2 Order1 M",0.0904228183666668,0.104428208279951,19,0.865884992724011,1,"NANA OrderNA SexNA - NANA OrderNA SexNA"
"NR X2 Order1 F - PR X2 Order1 M",0.143515068866667,0.10428190966597,19,1.37622210147826,1,"NANA OrderNA SexNA - NANA OrderNA SexNA"
"NR X2 Order1 F - NR X3 Order1 M",0.0443809713666669,0.176104223393294,19,0.252015371985433,1,"NANA OrderNA SexNA - NANA OrderNA SexNA"
"NR X2 Order1 F - PR X3 Order1 M",0.0252254080333332,0.185306256121749,19,0.136128205065887,1,"NANA OrderNA SexNA - NANA OrderNA SexNA"
"NR X2 Order1 F - NR X4 Order1 M",0.0550018258666667,0.114142194219933,19,0.48187111035107,1,"NANA OrderNA SexNA - NANA OrderNA SexNA"
"NR X2 Order1 F - PR X4 Order1 M",-0.1137377268,0.107908313059297,19,-1.05402191523001,1,"NANA OrderNA SexNA - NANA OrderNA SexNA"
"NR X2 Order1 F - NR X5 Order1 M",0.0835457608666668,0.139153226446961,19,0.60038680381235,1,"NANA OrderNA SexNA - NANA OrderNA SexNA"
"NR X2 Order1 F - PR X5 Order1 M",0.0252191910333333,0.107688840730312,19,0.234185741645138,1,"NANA OrderNA SexNA - NANA OrderNA SexNA"
"NR X2 Order1 F - NR X6 Order1 M",-0.1251153488,0.140666936613585,19,-0.889443900692135,1,"NANA OrderNA SexNA - NANA OrderNA SexNA"
"NR X2 Order1 F - PR X6 Order1 M",0.0197070910333333,0.131221348220698,19,0.150182049647809,1,"NANA OrderNA SexNA - NANA OrderNA SexNA"
"NR X2 Order1 F - NR X0 Order2 M",-0.535735511633334,0.134245397514703,19,-3.99071790580127,1,"NANA OrderNA SexNA - NANA OrderNA SexNA"
"NR X2 Order1 F - PR X0 Order2 M",0.121869387533333,0.118043637225454,19,1.03240962747168,1,"NANA OrderNA SexNA - NANA OrderNA SexNA"
"NR X2 Order1 F - NR X1 Order2 M",-0.332395123466667,0.108665022989213,19,-3.05889709791588,1,"NANA OrderNA SexNA - NANA OrderNA SexNA"
"NR X2 Order1 F - PR X1 Order2 M",0.1994629842,0.152920291639618,19,1.30435916686628,1,"NANA OrderNA SexNA - NANA OrderNA SexNA"
"NR X2 Order1 F - NR X2 Order2 M",-0.151900990633333,0.104428208279951,19,-1.45459730790475,1,"NANA OrderNA SexNA - NANA OrderNA SexNA"
"NR X2 Order1 F - PR X2 Order2 M",0.200849467033333,0.10428190966597,19,1.92602405994178,1,"NANA OrderNA SexNA - NANA OrderNA SexNA"
"NR X2 Order1 F - NR X3 Order2 M",-0.3361364533,0.176104223393294,19,-1.90873589981601,1,"NANA OrderNA SexNA - NANA OrderNA SexNA"
"NR X2 Order1 F - PR X3 Order2 M",0.177913709033333,0.185306256121749,19,0.960106327529714,1,"NANA OrderNA SexNA - NANA OrderNA SexNA"
"NR X2 Order1 F - NR X4 Order2 M",-0.1740371268,0.114142194219933,19,-1.52473962840297,1,"NANA OrderNA SexNA - NANA OrderNA SexNA"
"NR X2 Order1 F - PR X4 Order2 M",0.1360207487,0.107908313059297,19,1.26052150055626,1,"NANA OrderNA SexNA - NANA OrderNA SexNA"
"NR X2 Order1 F - NR X5 Order2 M",-0.1076842443,0.139153226446961,19,-0.77385373698859,1,"NANA OrderNA SexNA - NANA OrderNA SexNA"
"NR X2 Order1 F - PR X5 Order2 M",0.0320901293666666,0.107688840730312,19,0.297989365927252,1,"NANA OrderNA SexNA - NANA OrderNA SexNA"
"NR X2 Order1 F - NR X6 Order2 M",-0.200242918633334,0.140666936613585,19,-1.42352512576147,1,"NANA OrderNA SexNA - NANA OrderNA SexNA"
"NR X2 Order1 F - PR X6 Order2 M",-0.0788304401333335,0.131221348220698,19,-0.600744019187721,1,"NANA OrderNA SexNA - NANA OrderNA SexNA"
"PR X2 Order1 F - NR X3 Order1 F",-0.0751027439999998,0.196765487468547,19,-0.381686569968246,1,"NANA OrderNA SexNA - NANA OrderNA SexNA"
"PR X2 Order1 F - PR X3 Order1 F",0.0567725337999999,0.13387047941325,19,0.424085534382428,1,"NANA OrderNA SexNA - NANA OrderNA SexNA"
"PR X2 Order1 F - NR X4 Order1 F",-0.00751007219999991,0.0631516425974925,19,-0.118921248776799,1,"NANA OrderNA SexNA - NANA OrderNA SexNA"
"PR X2 Order1 F - PR X4 Order1 F",0.0600818192,0.0849629453892926,19,0.707153205726456,1,"NANA OrderNA SexNA - NANA OrderNA SexNA"
"PR X2 Order1 F - NR X5 Order1 F",-0.107879841,0.136126575476388,19,-0.792496546853281,1,"NANA OrderNA SexNA - NANA OrderNA SexNA"
"PR X2 Order1 F - PR X5 Order1 F",0.0346777692,0.0990302158537119,19,0.350173620253704,1,"NANA OrderNA SexNA - NANA OrderNA SexNA"
"PR X2 Order1 F - NR X6 Order1 F",-0.1258206188,0.10139943405202,19,-1.24084143049015,1,"NANA OrderNA SexNA - NANA OrderNA SexNA"
"PR X2 Order1 F - PR X6 Order1 F",0.0473618544,0.11020435776795,19,0.429763898263684,1,"NANA OrderNA SexNA - NANA OrderNA SexNA"
"PR X2 Order1 F - NR X0 Order2 F",0.0146548160000001,0.134108858591464,19,0.109275525523956,1,"NANA OrderNA SexNA - NANA OrderNA SexNA"
"PR X2 Order1 F - PR X0 Order2 F",0.216935529833333,0.117888334826816,19,1.84017808167384,1,"NANA OrderNA SexNA - NANA OrderNA SexNA"
"PR X2 Order1 F - NR X1 Order2 F",-0.0945710651666668,0.10849629680349,19,-0.871652470664091,1,"NANA OrderNA SexNA - NANA OrderNA SexNA"
"PR X2 Order1 F - PR X1 Order2 F",0.154178014666667,0.15280044107911,19,1.00901550792542,1,"NANA OrderNA SexNA - NANA OrderNA SexNA"
"PR X2 Order1 F - NR X2 Order2 F",0.126924657,0.104252625306923,19,1.21747204568068,1,"NANA OrderNA SexNA - NANA OrderNA SexNA"
"PR X2 Order1 F - PR X2 Order2 F",0.179932128166667,0.104106079949282,19,1.72835369705905,1,"NANA OrderNA SexNA - NANA OrderNA SexNA"
"PR X2 Order1 F - NR X3 Order2 F",-0.148757192666667,0.176000161067484,19,-0.845210548470059,1,"NANA OrderNA SexNA - NANA OrderNA SexNA"
"PR X2 Order1 F - PR X3 Order2 F",0.0394169148333333,0.185207364207485,19,0.212825850645847,1,"NANA OrderNA SexNA - NANA OrderNA SexNA"
"PR X2 Order1 F - NR X4 Order2 F",-0.149751042333333,0.113981576143541,19,-1.31381796427123,1,"NANA OrderNA SexNA - NANA OrderNA SexNA"
"PR X2 Order1 F - PR X4 Order2 F",0.186631302833333,0.107738401817217,19,1.73226351686525,1,"NANA OrderNA SexNA - NANA OrderNA SexNA"
"PR X2 Order1 F - NR X5 Order2 F",-0.0510352786666666,0.139021507794384,19,-0.367103475400001,1,"NANA OrderNA SexNA - NANA OrderNA SexNA"
"PR X2 Order1 F - PR X5 Order2 F",0.178981393333333,0.107518582657434,19,1.66465543824725,1,"NANA OrderNA SexNA - NANA OrderNA SexNA"
"PR X2 Order1 F - NR X6 Order2 F",-0.0152861700000001,0.140536636700453,19,-0.108770000185659,1,"NANA OrderNA SexNA - NANA OrderNA SexNA"
"PR X2 Order1 F - PR X6 Order2 F",-0.0803077631666666,0.131081659387126,19,-0.612654459381631,1,"NANA OrderNA SexNA - NANA OrderNA SexNA"
"PR X2 Order1 F - NR X0 Order1 M",-0.0183655336666666,0.134108858591464,19,-0.136944970373758,1,"NANA OrderNA SexNA - NANA OrderNA SexNA"
"PR X2 Order1 F - PR X0 Order1 M",0.141414793,0.117888334826816,19,1.19956561612093,1,"NANA OrderNA SexNA - NANA OrderNA SexNA"
"PR X2 Order1 F - NR X1 Order1 M",0.0422060468333333,0.10849629680349,19,0.389009100557389,1,"NANA OrderNA SexNA - NANA OrderNA SexNA"
"PR X2 Order1 F - PR X1 Order1 M",-0.0174046581666667,0.15280044107911,19,-0.113904502132004,1,"NANA OrderNA SexNA - NANA OrderNA SexNA"
"PR X2 Order1 F - NR X2 Order1 M",0.116117550166667,0.104252625306923,19,1.113809362832,1,"NANA OrderNA SexNA - NANA OrderNA SexNA"
"PR X2 Order1 F - PR X2 Order1 M",0.169209800666667,0.104106079949282,19,1.62535944825799,1,"NANA OrderNA SexNA - NANA OrderNA SexNA"
"PR X2 Order1 F - NR X3 Order1 M",0.0700757031666669,0.176000161067484,19,0.398157039980196,1,"NANA OrderNA SexNA - NANA OrderNA SexNA"
"PR X2 Order1 F - PR X3 Order1 M",0.0509201398333333,0.185207364207485,19,0.274935826937681,1,"NANA OrderNA SexNA - NANA OrderNA SexNA"
"PR X2 Order1 F - NR X4 Order1 M",0.0806965576666668,0.113981576143541,19,0.70797895938062,1,"NANA OrderNA SexNA - NANA OrderNA SexNA"
"PR X2 Order1 F - PR X4 Order1 M",-0.088042995,0.107738401817217,19,-0.81719232432433,1,"NANA OrderNA SexNA - NANA OrderNA SexNA"
"PR X2 Order1 F - NR X5 Order1 M",0.109240492666667,0.139021507794384,19,0.785781239175137,1,"NANA OrderNA SexNA - NANA OrderNA SexNA"
"PR X2 Order1 F - PR X5 Order1 M",0.0509139228333334,0.107518582657434,19,0.473536030469736,1,"NANA OrderNA SexNA - NANA OrderNA SexNA"
"PR X2 Order1 F - NR X6 Order1 M",-0.0994206170000001,0.140536636700453,19,-0.707435579320931,1,"NANA OrderNA SexNA - NANA OrderNA SexNA"
"PR X2 Order1 F - PR X6 Order1 M",0.0454018228333334,0.131081659387126,19,0.346362893524619,1,"NANA OrderNA SexNA - NANA OrderNA SexNA"
"PR X2 Order1 F - NR X0 Order2 M",-0.510040779833334,0.134108858591464,19,-3.80318485438065,1,"NANA OrderNA SexNA - NANA OrderNA SexNA"
"PR X2 Order1 F - PR X0 Order2 M",0.147564119333333,0.117888334826816,19,1.25172791311467,1,"NANA OrderNA SexNA - NANA OrderNA SexNA"
"PR X2 Order1 F - NR X1 Order2 M",-0.306700391666667,0.10849629680349,19,-2.82682820246083,1,"NANA OrderNA SexNA - NANA OrderNA SexNA"
"PR X2 Order1 F - PR X1 Order2 M",0.225157716,0.15280044107911,19,1.47354100819269,1,"NANA OrderNA SexNA - NANA OrderNA SexNA"
"PR X2 Order1 F - NR X2 Order2 M",-0.126206258833333,0.104252625306923,19,-1.21058110970135,1,"NANA OrderNA SexNA - NANA OrderNA SexNA"
"PR X2 Order1 F - PR X2 Order2 M",0.226544198833333,0.104106079949282,19,2.17608999343459,1,"NANA OrderNA SexNA - NANA OrderNA SexNA"
"PR X2 Order1 F - NR X3 Order2 M",-0.3104417215,0.176000161067484,19,-1.76387180339549,1,"NANA OrderNA SexNA - NANA OrderNA SexNA"
"PR X2 Order1 F - PR X3 Order2 M",0.203608440833333,0.185207364207485,19,1.09935391448708,1,"NANA OrderNA SexNA - NANA OrderNA SexNA"
"PR X2 Order1 F - NR X4 Order2 M",-0.148342395,0.113981576143541,19,-1.30145941141565,1,"NANA OrderNA SexNA - NANA OrderNA SexNA"
"PR X2 Order1 F - PR X4 Order2 M",0.1617154805,0.107738401817217,19,1.5010012936182,1,"NANA OrderNA SexNA - NANA OrderNA SexNA"
"PR X2 Order1 F - NR X5 Order2 M",-0.0819895124999999,0.139021507794384,19,-0.589761352763232,1,"NANA OrderNA SexNA - NANA OrderNA SexNA"
"PR X2 Order1 F - PR X5 Order2 M",0.0577848611666666,0.107518582657434,19,0.53744068921347,1,"NANA OrderNA SexNA - NANA OrderNA SexNA"
"PR X2 Order1 F - NR X6 Order2 M",-0.174548186833334,0.140536636700453,19,-1.24201198300607,1,"NANA OrderNA SexNA - NANA OrderNA SexNA"
"PR X2 Order1 F - PR X6 Order2 M",-0.0531357083333335,0.131081659387126,19,-0.405363409204387,1,"NANA OrderNA SexNA - NANA OrderNA SexNA"
"NR X3 Order1 F - PR X3 Order1 F",0.1318752778,0.259697159968632,19,0.507804081553792,1,"NANA OrderNA SexNA - NANA OrderNA SexNA"
"NR X3 Order1 F - NR X4 Order1 F",0.0675926717999999,0.210371949726478,19,0.321300781249035,1,"NANA OrderNA SexNA - NANA OrderNA SexNA"
"NR X3 Order1 F - PR X4 Order1 F",0.1351845632,0.172805816401878,19,0.782291742342828,1,"NANA OrderNA SexNA - NANA OrderNA SexNA"
"NR X3 Order1 F - NR X5 Order1 F",-0.0327770970000001,0.210236426505661,19,-0.155905889121063,1,"NANA OrderNA SexNA - NANA OrderNA SexNA"
"NR X3 Order1 F - PR X5 Order1 F",0.1097805132,0.166087189344576,19,0.660981220967268,1,"NANA OrderNA SexNA - NANA OrderNA SexNA"
"NR X3 Order1 F - NR X6 Order1 F",-0.0507178748000004,0.205670788157,19,-0.246597366862253,1,"NANA OrderNA SexNA - NANA OrderNA SexNA"
"NR X3 Order1 F - PR X6 Order1 F",0.1224645984,0.218044869407865,19,0.561648612657438,1,"NANA OrderNA SexNA - NANA OrderNA SexNA"
"NR X3 Order1 F - NR X0 Order2 F",0.0897575599999999,0.205306509708665,19,0.437188085888598,1,"NANA OrderNA SexNA - NANA OrderNA SexNA"
"NR X3 Order1 F - PR X0 Order2 F",0.292038273833333,0.195098017581645,19,1.49687976050869,1,"NANA OrderNA SexNA - NANA OrderNA SexNA"
"NR X3 Order1 F - NR X1 Order2 F",-0.019468321166667,0.189570629043952,19,-0.102696927603449,1,"NANA OrderNA SexNA - NANA OrderNA SexNA"
"NR X3 Order1 F - PR X1 Order2 F",0.229280758666667,0.217976034852502,19,1.05186223256981,1,"NANA OrderNA SexNA - NANA OrderNA SexNA"
"NR X3 Order1 F - NR X2 Order2 F",0.202027401,0.187174215263306,19,1.07935487116,1,"NANA OrderNA SexNA - NANA OrderNA SexNA"
"NR X3 Order1 F - PR X2 Order2 F",0.255034872166666,0.187092631758856,19,1.36314760110586,1,"NANA OrderNA SexNA - NANA OrderNA SexNA"
"NR X3 Order1 F - NR X3 Order2 F",-0.0736544486666667,0.234822557842786,19,-0.313660022032373,1,"NANA OrderNA SexNA - NANA OrderNA SexNA"
"NR X3 Order1 F - PR X3 Order2 F",0.114519658833333,0.241800216568829,19,0.473612722347313,1,"NANA OrderNA SexNA - NANA OrderNA SexNA"
"NR X3 Order1 F - NR X4 Order2 F",-0.0746482983333335,0.192762487730923,19,-0.3872553172147,1,"NANA OrderNA SexNA - NANA OrderNA SexNA"
"NR X3 Order1 F - PR X4 Order2 F",0.261734046833333,0.189137886744504,19,1.3838266427651,1,"NANA OrderNA SexNA - NANA OrderNA SexNA"
"NR X3 Order1 F - NR X5 Order2 F",0.0240674653333332,0.208548691210165,19,0.115404537873984,1,"NANA OrderNA SexNA - NANA OrderNA SexNA"
"NR X3 Order1 F - PR X5 Order2 F",0.254084137333333,0.189012757751195,19,1.34426977499473,1,"NANA OrderNA SexNA - NANA OrderNA SexNA"
"NR X3 Order1 F - NR X6 Order2 F",0.0598165739999997,0.209561740857256,19,0.285436519830898,1,"NANA OrderNA SexNA - NANA OrderNA SexNA"
"NR X3 Order1 F - PR X6 Order2 F",-0.00520501916666683,0.203342023211463,19,-0.0255973609609163,1,"NANA OrderNA SexNA - NANA OrderNA SexNA"
"NR X3 Order1 F - NR X0 Order1 M",0.0567372103333332,0.205306509708665,19,0.276353684127429,1,"NANA OrderNA SexNA - NANA OrderNA SexNA"
"NR X3 Order1 F - PR X0 Order1 M",0.216517537,0.195098017581645,19,1.1097885036653,1,"NANA OrderNA SexNA - NANA OrderNA SexNA"
"NR X3 Order1 F - NR X1 Order1 M",0.117308790833333,0.189570629043952,19,0.618813111635215,1,"NANA OrderNA SexNA - NANA OrderNA SexNA"
"NR X3 Order1 F - PR X1 Order1 M",0.0576980858333331,0.217976034852502,19,0.264699217381285,1,"NANA OrderNA SexNA - NANA OrderNA SexNA"
"NR X3 Order1 F - NR X2 Order1 M",0.191220294166667,0.187174215263306,19,1.0216166468104,1,"NANA OrderNA SexNA - NANA OrderNA SexNA"
"NR X3 Order1 F - PR X2 Order1 M",0.244312544666666,0.187092631758856,19,1.305837340412,1,"NANA OrderNA SexNA - NANA OrderNA SexNA"
"NR X3 Order1 F - NR X3 Order1 M",0.145178447166667,0.234822557842786,19,0.618247448202415,1,"NANA OrderNA SexNA - NANA OrderNA SexNA"
"NR X3 Order1 F - PR X3 Order1 M",0.126022883833333,0.241800216568829,19,0.521185984121979,1,"NANA OrderNA SexNA - NANA OrderNA SexNA"
"NR X3 Order1 F - NR X4 Order1 M",0.155799301666667,0.192762487730923,19,0.808244920993893,1,"NANA OrderNA SexNA - NANA OrderNA SexNA"
"NR X3 Order1 F - PR X4 Order1 M",-0.0129402510000002,0.189137886744504,19,-0.0684170222197759,1,"NANA OrderNA SexNA - NANA OrderNA SexNA"
"NR X3 Order1 F - NR X5 Order1 M",0.184343236666667,0.208548691210165,19,0.883933797891329,1,"NANA OrderNA SexNA - NANA OrderNA SexNA"
"NR X3 Order1 F - PR X5 Order1 M",0.126016666833333,0.189012757751195,19,0.666709847169225,1,"NANA OrderNA SexNA - NANA OrderNA SexNA"
"NR X3 Order1 F - NR X6 Order1 M",-0.0243178730000003,0.209561740857256,19,-0.116041567991004,1,"NANA OrderNA SexNA - NANA OrderNA SexNA"
"NR X3 Order1 F - PR X6 Order1 M",0.120504566833333,0.203342023211463,19,0.592620083788662,1,"NANA OrderNA SexNA - NANA OrderNA SexNA"
"NR X3 Order1 F - NR X0 Order2 M",-0.434938035833334,0.205306509708665,19,-2.11848146681039,1,"NANA OrderNA SexNA - NANA OrderNA SexNA"
"NR X3 Order1 F - PR X0 Order2 M",0.222666863333333,0.195098017581645,19,1.1413076672609,1,"NANA OrderNA SexNA - NANA OrderNA SexNA"
"NR X3 Order1 F - NR X1 Order2 M",-0.231597647666667,0.189570629043952,19,-1.22169583355115,1,"NANA OrderNA SexNA - NANA OrderNA SexNA"
"NR X3 Order1 F - PR X1 Order2 M",0.30026046,0.217976034852502,19,1.37749299001231,1,"NANA OrderNA SexNA - NANA OrderNA SexNA"
"NR X3 Order1 F - NR X2 Order2 M",-0.0511035148333335,0.187174215263306,19,-0.273026467675818,1,"NANA OrderNA SexNA - NANA OrderNA SexNA"
"NR X3 Order1 F - PR X2 Order2 M",0.301646942833333,0.187092631758856,19,1.61228659834197,1,"NANA OrderNA SexNA - NANA OrderNA SexNA"
"NR X3 Order1 F - NR X3 Order2 M",-0.2353389775,0.234822557842786,19,-1.002199191006,1,"NANA OrderNA SexNA - NANA OrderNA SexNA"
"NR X3 Order1 F - PR X3 Order2 M",0.278711184833333,0.241800216568829,19,1.15265068323045,1,"NANA OrderNA SexNA - NANA OrderNA SexNA"
"NR X3 Order1 F - NR X4 Order2 M",-0.0732396510000001,0.192762487730923,19,-0.37994763328763,1,"NANA OrderNA SexNA - NANA OrderNA SexNA"
"NR X3 Order1 F - PR X4 Order2 M",0.2368182245,0.189137886744504,19,1.25209300249772,1,"NANA OrderNA SexNA - NANA OrderNA SexNA"
"NR X3 Order1 F - NR X5 Order2 M",-0.0068867685000001,0.208548691210165,19,-0.0330223530056104,1,"NANA OrderNA SexNA - NANA OrderNA SexNA"
"NR X3 Order1 F - PR X5 Order2 M",0.132887605166666,0.189012757751195,19,0.703061564455831,1,"NANA OrderNA SexNA - NANA OrderNA SexNA"
"NR X3 Order1 F - NR X6 Order2 M",-0.0994454428333337,0.209561740857256,19,-0.47454006836616,1,"NANA OrderNA SexNA - NANA OrderNA SexNA"
"NR X3 Order1 F - PR X6 Order2 M",0.0219670356666663,0.203342023211463,19,0.108029984750481,1,"NANA OrderNA SexNA - NANA OrderNA SexNA"
"PR X3 Order1 F - NR X4 Order1 F",-0.0642826059999998,0.149383901824604,19,-0.430318161561183,1,"NANA OrderNA SexNA - NANA OrderNA SexNA"
"PR X3 Order1 F - PR X4 Order1 F",0.00330928540000013,0.161782134909301,19,0.020455196748735,1,"NANA OrderNA SexNA - NANA OrderNA SexNA"
"PR X3 Order1 F - NR X5 Order1 F",-0.1646523748,0.20357289433112,19,-0.808812859595077,1,"NANA OrderNA SexNA - NANA OrderNA SexNA"
"PR X3 Order1 F - PR X5 Order1 F",-0.0220947645999999,0.176798262155547,19,-0.124971616409673,1,"NANA OrderNA SexNA - NANA OrderNA SexNA"
"PR X3 Order1 F - NR X6 Order1 F",-0.1825931526,0.164377239904916,19,-1.11081773063972,1,"NANA OrderNA SexNA - NANA OrderNA SexNA"
"PR X3 Order1 F - PR X6 Order1 F",-0.00941067939999986,0.13131101859852,19,-0.0716670961846146,1,"NANA OrderNA SexNA - NANA OrderNA SexNA"
"PR X3 Order1 F - NR X0 Order2 F",-0.0421177177999998,0.214805996661729,19,-0.196073286847414,1,"NANA OrderNA SexNA - NANA OrderNA SexNA"
"PR X3 Order1 F - PR X0 Order2 F",0.160162996033333,0.205070938305194,19,0.781012645463068,1,"NANA OrderNA SexNA - NANA OrderNA SexNA"
"PR X3 Order1 F - NR X1 Order2 F",-0.151343598966667,0.199819610321921,19,-0.757401131564831,1,"NANA OrderNA SexNA - NANA OrderNA SexNA"
"PR X3 Order1 F - PR X1 Order2 F",0.0974054808666669,0.226945819620243,19,0.429201476500687,1,"NANA OrderNA SexNA - NANA OrderNA SexNA"
"PR X3 Order1 F - NR X2 Order2 F",0.0701521232000002,0.197547564228261,19,0.355115100882445,1,"NANA OrderNA SexNA - NANA OrderNA SexNA"
"PR X3 Order1 F - PR X2 Order2 F",0.123159594366667,0.197470266449255,19,0.623686778679239,1,"NANA OrderNA SexNA - NANA OrderNA SexNA"
"PR X3 Order1 F - NR X3 Order2 F",-0.205529726466666,0.243171723160637,19,-0.845204054958706,1,"NANA OrderNA SexNA - NANA OrderNA SexNA"
"PR X3 Order1 F - PR X3 Order2 F",-0.0173556189666666,0.249916382027704,19,-0.0694457035023124,1,"NANA OrderNA SexNA - NANA OrderNA SexNA"
"PR X3 Order1 F - NR X4 Order2 F",-0.206523576133333,0.202850264848975,19,-1.01810848650897,1,"NANA OrderNA SexNA - NANA OrderNA SexNA"
"PR X3 Order1 F - PR X4 Order2 F",0.129858769033333,0.199409110813076,19,0.651217833046064,1,"NANA OrderNA SexNA - NANA OrderNA SexNA"
"PR X3 Order1 F - NR X5 Order2 F",-0.107807812466666,0.217906883504302,19,-0.494742574135058,1,"NANA OrderNA SexNA - NANA OrderNA SexNA"
"PR X3 Order1 F - PR X5 Order2 F",0.122208859533333,0.199290430943878,19,0.613219907019762,1,"NANA OrderNA SexNA - NANA OrderNA SexNA"
"PR X3 Order1 F - NR X6 Order2 F",-0.0720587038,0.218876623932773,19,-0.329220647254375,1,"NANA OrderNA SexNA - NANA OrderNA SexNA"
"PR X3 Order1 F - PR X6 Order2 F",-0.137080296966667,0.212929170563396,19,-0.643783548322484,1,"NANA OrderNA SexNA - NANA OrderNA SexNA"
"PR X3 Order1 F - NR X0 Order1 M",-0.0751380674666665,0.214805996661729,19,-0.349795017990079,1,"NANA OrderNA SexNA - NANA OrderNA SexNA"
"PR X3 Order1 F - PR X0 Order1 M",0.0846422592000001,0.205070938305194,19,0.412746242346793,1,"NANA OrderNA SexNA - NANA OrderNA SexNA"
"PR X3 Order1 F - NR X1 Order1 M",-0.0145664869666666,0.199819610321921,19,-0.0728981852341678,1,"NANA OrderNA SexNA - NANA OrderNA SexNA"
"PR X3 Order1 F - PR X1 Order1 M",-0.0741771919666666,0.226945819620243,19,-0.326849783312995,1,"NANA OrderNA SexNA - NANA OrderNA SexNA"
"PR X3 Order1 F - NR X2 Order1 M",0.059345016366667,0.197547564228261,19,0.300408747627459,1,"NANA OrderNA SexNA - NANA OrderNA SexNA"
"PR X3 Order1 F - PR X2 Order1 M",0.112437266866667,0.197470266449255,19,0.569388338246662,1,"NANA OrderNA SexNA - NANA OrderNA SexNA"
"PR X3 Order1 F - NR X3 Order1 M",0.013303169366667,0.243171723160637,19,0.0547068927001808,1,"NANA OrderNA SexNA - NANA OrderNA SexNA"
"PR X3 Order1 F - PR X3 Order1 M",-0.00585239396666662,0.249916382027704,19,-0.0234174083314709,1,"NANA OrderNA SexNA - NANA OrderNA SexNA"
"PR X3 Order1 F - NR X4 Order1 M",0.0239240238666669,0.202850264848975,19,0.117939327732595,1,"NANA OrderNA SexNA - NANA OrderNA SexNA"
"PR X3 Order1 F - PR X4 Order1 M",-0.1448155288,0.199409110813076,19,-0.726223231273263,1,"NANA OrderNA SexNA - NANA OrderNA SexNA"
"PR X3 Order1 F - NR X5 Order1 M",0.052467958866667,0.217906883504302,19,0.240781557805315,1,"NANA OrderNA SexNA - NANA OrderNA SexNA"
"PR X3 Order1 F - PR X5 Order1 M",-0.00585861096666654,0.199290430943878,19,-0.0293973520902083,1,"NANA OrderNA SexNA - NANA OrderNA SexNA"
"PR X3 Order1 F - NR X6 Order1 M",-0.1561931508,0.218876623932773,19,-0.713612755869143,1,"NANA OrderNA SexNA - NANA OrderNA SexNA"
"PR X3 Order1 F - PR X6 Order1 M",-0.0113707109666665,0.212929170563396,19,-0.053401377258834,1,"NANA OrderNA SexNA - NANA OrderNA SexNA"
"PR X3 Order1 F - NR X0 Order2 M",-0.566813313633333,0.214805996661729,19,-2.63872202099617,1,"NANA OrderNA SexNA - NANA OrderNA SexNA"
"PR X3 Order1 F - PR X0 Order2 M",0.0907915855333333,0.205070938305194,19,0.442732579680373,1,"NANA OrderNA SexNA - NANA OrderNA SexNA"
"PR X3 Order1 F - NR X1 Order2 M",-0.363472925466667,0.199819610321921,19,-1.81900527621433,1,"NANA OrderNA SexNA - NANA OrderNA SexNA"
"PR X3 Order1 F - PR X1 Order2 M",0.1683851822,0.226945819620243,19,0.741962035175467,1,"NANA OrderNA SexNA - NANA OrderNA SexNA"
"PR X3 Order1 F - NR X2 Order2 M",-0.182978792633333,0.197547564228261,19,-0.926251828759102,1,"NANA OrderNA SexNA - NANA OrderNA SexNA"
"PR X3 Order1 F - PR X2 Order2 M",0.169771665033334,0.197470266449255,19,0.859732799707144,1,"NANA OrderNA SexNA - NANA OrderNA SexNA"
"PR X3 Order1 F - NR X3 Order2 M",-0.3672142553,0.243171723160637,19,-1.51010261607358,1,"NANA OrderNA SexNA - NANA OrderNA SexNA"
"PR X3 Order1 F - PR X3 Order2 M",0.146835907033333,0.249916382027704,19,0.587540143795199,1,"NANA OrderNA SexNA - NANA OrderNA SexNA"
"PR X3 Order1 F - NR X4 Order2 M",-0.2051149288,0.202850264848975,19,-1.01116421490853,1,"NANA OrderNA SexNA - NANA OrderNA SexNA"
"PR X3 Order1 F - PR X4 Order2 M",0.1049429467,0.199409110813076,19,0.526269568487133,1,"NANA OrderNA SexNA - NANA OrderNA SexNA"
"PR X3 Order1 F - NR X5 Order2 M",-0.1387620463,0.217906883504302,19,-0.636795148773997,1,"NANA OrderNA SexNA - NANA OrderNA SexNA"
"PR X3 Order1 F - PR X5 Order2 M",0.00101232736666672,0.199290430943878,19,0.00507965867639576,1,"NANA OrderNA SexNA - NANA OrderNA SexNA"
"PR X3 Order1 F - NR X6 Order2 M",-0.231320720633333,0.218876623932773,19,-1.05685438891082,1,"NANA OrderNA SexNA - NANA OrderNA SexNA"
"PR X3 Order1 F - PR X6 Order2 M",-0.109908242133333,0.212929170563396,19,-0.516172781035701,1,"NANA OrderNA SexNA - NANA OrderNA SexNA"
"NR X4 Order1 F - PR X4 Order1 F",0.0675918913999999,0.095745469633256,19,0.705953938697092,1,"NANA OrderNA SexNA - NANA OrderNA SexNA"
"NR X4 Order1 F - NR X5 Order1 F",-0.1003697688,0.136532702546906,19,-0.735133538908146,1,"NANA OrderNA SexNA - NANA OrderNA SexNA"
"NR X4 Order1 F - PR X5 Order1 F",0.0421878413999999,0.109560533875932,19,0.385064218907275,1,"NANA OrderNA SexNA - NANA OrderNA SexNA"
"NR X4 Order1 F - NR X6 Order1 F",-0.1183105466,0.102092534954066,19,-1.15885599915049,1,"NANA OrderNA SexNA - NANA OrderNA SexNA"
"NR X4 Order1 F - PR X6 Order1 F",0.0548719265999999,0.1048821782211,19,0.523176840247594,1,"NANA OrderNA SexNA - NANA OrderNA SexNA"
"NR X4 Order1 F - NR X0 Order2 F",0.0221648882,0.143421248544338,19,0.15454396349888,1,"NANA OrderNA SexNA - NANA OrderNA SexNA"
"NR X4 Order1 F - PR X0 Order2 F",0.224445602033333,0.128382740543855,19,1.74825370670961,1,"NANA OrderNA SexNA - NANA OrderNA SexNA"
"NR X4 Order1 F - NR X1 Order2 F",-0.0870609929666669,0.119816171702247,19,-0.726621387829185,1,"NANA OrderNA SexNA - NANA OrderNA SexNA"
"NR X4 Order1 F - PR X1 Order2 F",0.161688086866667,0.16103553451112,19,1.00405222584896,1,"NANA OrderNA SexNA - NANA OrderNA SexNA"
"NR X4 Order1 F - NR X2 Order2 F",0.1344347292,0.115987406491813,19,1.15904591081179,1,"NANA OrderNA SexNA - NANA OrderNA SexNA"
"NR X4 Order1 F - PR X2 Order2 F",0.187442200366667,0.115855705356783,19,1.6178935667383,1,"NANA OrderNA SexNA - NANA OrderNA SexNA"
"NR X4 Order1 F - NR X3 Order2 F",-0.141247120466667,0.183195320019621,19,-0.771019262127101,1,"NANA OrderNA SexNA - NANA OrderNA SexNA"
"NR X4 Order1 F - PR X3 Order2 F",0.0469269870333332,0.192057898400445,19,0.244337709743598,1,"NANA OrderNA SexNA - NANA OrderNA SexNA"
"NR X4 Order1 F - NR X4 Order2 F",-0.142240970133333,0.124804920902491,19,-1.13970642427204,1,"NANA OrderNA SexNA - NANA OrderNA SexNA"
"NR X4 Order1 F - PR X4 Order2 F",0.194141375033333,0.11913031439327,19,1.62965552489384,1,"NANA OrderNA SexNA - NANA OrderNA SexNA"
"NR X4 Order1 F - NR X5 Order2 F",-0.0435252064666667,0.148025160735381,19,-0.294039244750257,1,"NANA OrderNA SexNA - NANA OrderNA SexNA"
"NR X4 Order1 F - PR X5 Order2 F",0.186491465533333,0.118931552575314,19,1.56805710087099,1,"NANA OrderNA SexNA - NANA OrderNA SexNA"
"NR X4 Order1 F - NR X6 Order2 F",-0.00777609780000022,0.149449037589362,19,-0.052031768992494,1,"NANA OrderNA SexNA - NANA OrderNA SexNA"
"NR X4 Order1 F - PR X6 Order2 F",-0.0727976909666667,0.140594701212364,19,-0.517784029831311,1,"NANA OrderNA SexNA - NANA OrderNA SexNA"
"NR X4 Order1 F - NR X0 Order1 M",-0.0108554614666667,0.143421248544338,19,-0.0756893527064141,1,"NANA OrderNA SexNA - NANA OrderNA SexNA"
"NR X4 Order1 F - PR X0 Order1 M",0.1489248652,0.128382740543855,19,1.16000690255656,1,"NANA OrderNA SexNA - NANA OrderNA SexNA"
"NR X4 Order1 F - NR X1 Order1 M",0.0497161190333332,0.119816171702247,19,0.414936634404257,1,"NANA OrderNA SexNA - NANA OrderNA SexNA"
"NR X4 Order1 F - PR X1 Order1 M",-0.00989458596666679,0.16103553451112,19,-0.0614434944231738,1,"NANA OrderNA SexNA - NANA OrderNA SexNA"
"NR X4 Order1 F - NR X2 Order1 M",0.123627622366667,0.115987406491813,19,1.06587108123151,1,"NANA OrderNA SexNA - NANA OrderNA SexNA"
"NR X4 Order1 F - PR X2 Order1 M",0.176719872866667,0.115855705356783,19,1.52534458551221,1,"NANA OrderNA SexNA - NANA OrderNA SexNA"
"NR X4 Order1 F - NR X3 Order1 M",0.0775857753666668,0.183195320019621,19,0.423513959627117,1,"NANA OrderNA SexNA - NANA OrderNA SexNA"
"NR X4 Order1 F - PR X3 Order1 M",0.0584302120333332,0.192057898400445,19,0.304232278495025,1,"NANA OrderNA SexNA - NANA OrderNA SexNA"
"NR X4 Order1 F - NR X4 Order1 M",0.0882066298666667,0.124804920902491,19,0.706756025554325,1,"NANA OrderNA SexNA - NANA OrderNA SexNA"
"NR X4 Order1 F - PR X4 Order1 M",-0.0805329228000001,0.11913031439327,19,-0.676006969428005,1,"NANA OrderNA SexNA - NANA OrderNA SexNA"
"NR X4 Order1 F - NR X5 Order1 M",0.116750564866667,0.148025160735381,19,0.788721081515174,1,"NANA OrderNA SexNA - NANA OrderNA SexNA"
"NR X4 Order1 F - PR X5 Order1 M",0.0584239950333333,0.118931552575314,19,0.491240497313241,1,"NANA OrderNA SexNA - NANA OrderNA SexNA"
"NR X4 Order1 F - NR X6 Order1 M",-0.0919105448000002,0.149449037589362,19,-0.614995896143146,1,"NANA OrderNA SexNA - NANA OrderNA SexNA"
"NR X4 Order1 F - PR X6 Order1 M",0.0529118950333333,0.140594701212364,19,0.376343450905818,1,"NANA OrderNA SexNA - NANA OrderNA SexNA"
"NR X4 Order1 F - NR X0 Order2 M",-0.502530707633334,0.143421248544338,19,-3.50387904675073,1,"NANA OrderNA SexNA - NANA OrderNA SexNA"
"NR X4 Order1 F - PR X0 Order2 M",0.155074191533333,0.128382740543855,19,1.20790529066764,1,"NANA OrderNA SexNA - NANA OrderNA SexNA"
"NR X4 Order1 F - NR X1 Order2 M",-0.299190319466667,0.119816171702247,19,-2.49707794211768,1,"NANA OrderNA SexNA - NANA OrderNA SexNA"
"NR X4 Order1 F - PR X1 Order2 M",0.2326677882,0.16103553451112,19,1.4448226530023,1,"NANA OrderNA SexNA - NANA OrderNA SexNA"
"NR X4 Order1 F - NR X2 Order2 M",-0.118696186633333,0.115987406491813,19,-1.02335408837434,1,"NANA OrderNA SexNA - NANA OrderNA SexNA"
"NR X4 Order1 F - PR X2 Order2 M",0.234054271033333,0.115855705356783,19,2.02022222654079,1,"NANA OrderNA SexNA - NANA OrderNA SexNA"
"NR X4 Order1 F - NR X3 Order2 M",-0.3029316493,0.183195320019621,19,-1.65359928008834,1,"NANA OrderNA SexNA - NANA OrderNA SexNA"
"NR X4 Order1 F - PR X3 Order2 M",0.211118513033333,0.192057898400445,19,1.09924410707206,1,"NANA OrderNA SexNA - NANA OrderNA SexNA"
"NR X4 Order1 F - NR X4 Order2 M",-0.1408323228,0.124804920902491,19,-1.12841963106592,1,"NANA OrderNA SexNA - NANA OrderNA SexNA"
"NR X4 Order1 F - PR X4 Order2 M",0.1692255527,0.11913031439327,19,1.4205078997891,1,"NANA OrderNA SexNA - NANA OrderNA SexNA"
"NR X4 Order1 F - NR X5 Order2 M",-0.0744794403,0.148025160735381,19,-0.503153922819542,1,"NANA OrderNA SexNA - NANA OrderNA SexNA"
"NR X4 Order1 F - PR X5 Order2 M",0.0652949333666665,0.118931552575314,19,0.549012704810341,1,"NANA OrderNA SexNA - NANA OrderNA SexNA"
"NR X4 Order1 F - NR X6 Order2 M",-0.167038114633334,0.149449037589362,19,-1.11769280905175,1,"NANA OrderNA SexNA - NANA OrderNA SexNA"
"NR X4 Order1 F - PR X6 Order2 M",-0.0456256361333336,0.140594701212364,19,-0.324518888264626,1,"NANA OrderNA SexNA - NANA OrderNA SexNA"
"PR X4 Order1 F - NR X5 Order1 F",-0.1679616602,0.148662632251125,19,-1.12981761224484,1,"NANA OrderNA SexNA - NANA OrderNA SexNA"
"PR X4 Order1 F - PR X5 Order1 F",-0.02540405,0.0885662501206504,19,-0.286836689657664,1,"NANA OrderNA SexNA - NANA OrderNA SexNA"
"PR X4 Order1 F - NR X6 Order1 F",-0.185902438,0.138280097375273,19,-1.34439041864055,1,"NANA OrderNA SexNA - NANA OrderNA SexNA"
"PR X4 Order1 F - PR X6 Order1 F",-0.0127199648,0.107087585178975,19,-0.118780947191415,1,"NANA OrderNA SexNA - NANA OrderNA SexNA"
"PR X4 Order1 F - NR X0 Order2 F",-0.0454270031999999,0.137508438887115,19,-0.330357929794348,1,"NANA OrderNA SexNA - NANA OrderNA SexNA"
"PR X4 Order1 F - PR X0 Order2 F",0.156853710633333,0.121741711425072,19,1.28841387883619,1,"NANA OrderNA SexNA - NANA OrderNA SexNA"
"PR X4 Order1 F - NR X1 Order2 F",-0.154652884366667,0.11267134166476,19,-1.37260178215342,1,"NANA OrderNA SexNA - NANA OrderNA SexNA"
"PR X4 Order1 F - PR X1 Order2 F",0.0940961954666668,0.1557926814919,19,0.603983412863709,1,"NANA OrderNA SexNA - NANA OrderNA SexNA"
"PR X4 Order1 F - NR X2 Order2 F",0.0668428378000001,0.108590951261382,19,0.615547032451235,1,"NANA OrderNA SexNA - NANA OrderNA SexNA"
"PR X4 Order1 F - PR X2 Order2 F",0.119850308966667,0.108450268302445,19,1.10511768059834,1,"NANA OrderNA SexNA - NANA OrderNA SexNA"
"PR X4 Order1 F - NR X3 Order2 F",-0.208839011866667,0.178604147511323,19,-1.16928422310813,1,"NANA OrderNA SexNA - NANA OrderNA SexNA"
"PR X4 Order1 F - PR X3 Order2 F",-0.0206649043666667,0.187683650244634,19,-0.11010497898848,1,"NANA OrderNA SexNA - NANA OrderNA SexNA"
"PR X4 Order1 F - NR X4 Order2 F",-0.209832861533333,0.117962640325791,19,-1.77880777298485,1,"NANA OrderNA SexNA - NANA OrderNA SexNA"
"PR X4 Order1 F - PR X4 Order2 F",0.126549483633333,0.111941717150463,19,1.13049439346402,1,"NANA OrderNA SexNA - NANA OrderNA SexNA"
"PR X4 Order1 F - NR X5 Order2 F",-0.111117097866667,0.14230377522009,19,-0.780844342989568,1,"NANA OrderNA SexNA - NANA OrderNA SexNA"
"PR X4 Order1 F - PR X5 Order2 F",0.118899574133333,0.111730167945499,19,1.06416714768863,1,"NANA OrderNA SexNA - NANA OrderNA SexNA"
"PR X4 Order1 F - NR X6 Order2 F",-0.0753679892000002,0.143784321355081,19,-0.524173904982838,1,"NANA OrderNA SexNA - NANA OrderNA SexNA"
"PR X4 Order1 F - PR X6 Order2 F",-0.140389582366667,0.134557743144527,19,-1.04334079247952,1,"NANA OrderNA SexNA - NANA OrderNA SexNA"
"PR X4 Order1 F - NR X0 Order1 M",-0.0784473528666666,0.137508438887115,19,-0.570491189497587,1,"NANA OrderNA SexNA - NANA OrderNA SexNA"
"PR X4 Order1 F - PR X0 Order1 M",0.0813329737999999,0.121741711425072,19,0.668078120867042,1,"NANA OrderNA SexNA - NANA OrderNA SexNA"
"PR X4 Order1 F - NR X1 Order1 M",-0.0178757723666668,0.11267134166476,19,-0.158654118274848,1,"NANA OrderNA SexNA - NANA OrderNA SexNA"
"PR X4 Order1 F - PR X1 Order1 M",-0.0774864773666667,0.1557926814919,19,-0.497369174370974,1,"NANA OrderNA SexNA - NANA OrderNA SexNA"
"PR X4 Order1 F - NR X2 Order1 M",0.0560357309666668,0.108590951261382,19,0.516025785903535,1,"NANA OrderNA SexNA - NANA OrderNA SexNA"
"PR X4 Order1 F - PR X2 Order1 M",0.109127981466667,0.108450268302445,19,1.00624906858074,1,"NANA OrderNA SexNA - NANA OrderNA SexNA"
"PR X4 Order1 F - NR X3 Order1 M",0.0099938839666669,0.178604147511323,19,0.0559554977077637,1,"NANA OrderNA SexNA - NANA OrderNA SexNA"
"PR X4 Order1 F - PR X3 Order1 M",-0.00916167936666675,0.187683650244634,19,-0.0488144777380718,1,"NANA OrderNA SexNA - NANA OrderNA SexNA"
"PR X4 Order1 F - NR X4 Order1 M",0.0206147384666667,0.117962640325791,19,0.17475650264976,1,"NANA OrderNA SexNA - NANA OrderNA SexNA"
"PR X4 Order1 F - PR X4 Order1 M",-0.1481248142,0.111941717150463,19,-1.32323157059404,1,"NANA OrderNA SexNA - NANA OrderNA SexNA"
"PR X4 Order1 F - NR X5 Order1 M",0.0491586734666668,0.14230377522009,19,0.345448835708237,1,"NANA OrderNA SexNA - NANA OrderNA SexNA"
"PR X4 Order1 F - PR X5 Order1 M",-0.00916789636666667,0.111730167945499,19,-0.0820539030348424,1,"NANA OrderNA SexNA - NANA OrderNA SexNA"
"PR X4 Order1 F - NR X6 Order1 M",-0.1595024362,0.143784321355081,19,-1.10931730731686,1,"NANA OrderNA SexNA - NANA OrderNA SexNA"
"PR X4 Order1 F - PR X6 Order1 M",-0.0146799963666667,0.134557743144527,19,-0.109098116716323,1,"NANA OrderNA SexNA - NANA OrderNA SexNA"
"PR X4 Order1 F - NR X0 Order2 M",-0.570122599033334,0.137508438887115,19,-4.1460917136974,0.828757039757823,"NANA OrderNA SexNA - NANA OrderNA SexNA"
"PR X4 Order1 F - PR X0 Order2 M",0.0874823001333332,0.121741711425072,19,0.718589373430778,1,"NANA OrderNA SexNA - NANA OrderNA SexNA"
"PR X4 Order1 F - NR X1 Order2 M",-0.366782210866667,0.11267134166476,19,-3.25532833325072,1,"NANA OrderNA SexNA - NANA OrderNA SexNA"
"PR X4 Order1 F - PR X1 Order2 M",0.1650758968,0.1557926814919,19,1.05958697943447,1,"NANA OrderNA SexNA - NANA OrderNA SexNA"
"PR X4 Order1 F - NR X2 Order2 M",-0.186288078033333,0.108590951261382,19,-1.71550277320007,1,"NANA OrderNA SexNA - NANA OrderNA SexNA"
"PR X4 Order1 F - PR X2 Order2 M",0.166462379633333,0.108450268302445,19,1.53491902084653,1,"NANA OrderNA SexNA - NANA OrderNA SexNA"
"PR X4 Order1 F - NR X3 Order2 M",-0.3705235407,0.178604147511323,19,-2.07455171597575,1,"NANA OrderNA SexNA - NANA OrderNA SexNA"
"PR X4 Order1 F - PR X3 Order2 M",0.143526621633333,0.187683650244634,19,0.764726290469388,1,"NANA OrderNA SexNA - NANA OrderNA SexNA"
"PR X4 Order1 F - NR X4 Order2 M",-0.2084242142,0.117962640325791,19,-1.76686630296144,1,"NANA OrderNA SexNA - NANA OrderNA SexNA"
"PR X4 Order1 F - PR X4 Order2 M",0.1016336613,0.111941717150463,19,0.907915868070815,1,"NANA OrderNA SexNA - NANA OrderNA SexNA"
"PR X4 Order1 F - NR X5 Order2 M",-0.1420713317,0.14230377522009,19,-0.99836656814107,1,"NANA OrderNA SexNA - NANA OrderNA SexNA"
"PR X4 Order1 F - PR X5 Order2 M",-0.00229695803333341,0.111730167945499,19,-0.0205580827055933,1,"NANA OrderNA SexNA - NANA OrderNA SexNA"
"PR X4 Order1 F - NR X6 Order2 M",-0.234630006033334,0.143784321355081,19,-1.63181912897099,1,"NANA OrderNA SexNA - NANA OrderNA SexNA"
"PR X4 Order1 F - PR X6 Order2 M",-0.113217527533334,0.134557743144527,19,-0.841404774541496,1,"NANA OrderNA SexNA - NANA OrderNA SexNA"
"NR X5 Order1 F - PR X5 Order1 F",0.1425576102,0.124708245888593,19,1.1431289822435,1,"NANA OrderNA SexNA - NANA OrderNA SexNA"
"NR X5 Order1 F - NR X6 Order1 F",-0.0179407778000003,0.127237409750262,19,-0.141002381573265,1,"NANA OrderNA SexNA - NANA OrderNA SexNA"
"NR X5 Order1 F - PR X6 Order1 F",0.1552416954,0.161748032025256,19,0.959774863756981,1,"NANA OrderNA SexNA - NANA OrderNA SexNA"
"NR X5 Order1 F - NR X0 Order2 F",0.122534657,0.167844780821825,19,0.730047466474851,1,"NANA OrderNA SexNA - NANA OrderNA SexNA"
"NR X5 Order1 F - PR X0 Order2 F",0.324815370833333,0.155191314140517,19,2.09299967999003,1,"NANA OrderNA SexNA - NANA OrderNA SexNA"
"NR X5 Order1 F - NR X1 Order2 F",0.013308775833333,0.148182761873614,19,0.0898132526689182,1,"NANA OrderNA SexNA - NANA OrderNA SexNA"
"NR X5 Order1 F - PR X1 Order2 F",0.262057855666667,0.183124709666368,19,1.43103492775008,1,"NANA OrderNA SexNA - NANA OrderNA SexNA"
"NR X5 Order1 F - NR X2 Order2 F",0.234804498,0.145104425776083,19,1.6181759911468,1,"NANA OrderNA SexNA - NANA OrderNA SexNA"
"NR X5 Order1 F - PR X2 Order2 F",0.287811969166667,0.14499917371774,19,1.98492144325546,1,"NANA OrderNA SexNA - NANA OrderNA SexNA"
"NR X5 Order1 F - NR X3 Order2 F",-0.0408773516666666,0.202886030056782,19,-0.201479380592278,1,"NANA OrderNA SexNA - NANA OrderNA SexNA"
"NR X5 Order1 F - PR X3 Order2 F",0.147296755833333,0.210922858536256,19,0.698344204395534,1,"NANA OrderNA SexNA - NANA OrderNA SexNA"
"NR X5 Order1 F - NR X4 Order2 F",-0.0418712013333334,0.152244816649326,19,-0.275025463952429,1,"NANA OrderNA SexNA - NANA OrderNA SexNA"
"NR X5 Order1 F - PR X4 Order2 F",0.294511143833333,0.14762874964772,19,1.9949443759167,1,"NANA OrderNA SexNA - NANA OrderNA SexNA"
"NR X5 Order1 F - NR X5 Order2 F",0.0568445623333333,0.17179541357628,19,0.330885214861068,1,"NANA OrderNA SexNA - NANA OrderNA SexNA"
"NR X5 Order1 F - PR X5 Order2 F",0.286861234333333,0.147468403778859,19,1.94523862049464,1,"NANA OrderNA SexNA - NANA OrderNA SexNA"
"NR X5 Order1 F - NR X6 Order2 F",0.0925936709999998,0.173023786663846,19,0.535149951260126,1,"NANA OrderNA SexNA - NANA OrderNA SexNA"
"NR X5 Order1 F - PR X6 Order2 F",0.0275720778333332,0.165436047837536,19,0.166663059192577,1,"NANA OrderNA SexNA - NANA OrderNA SexNA"
"NR X5 Order1 F - NR X0 Order1 M",0.0895143073333333,0.167844780821825,19,0.53331600121875,1,"NANA OrderNA SexNA - NANA OrderNA SexNA"
"NR X5 Order1 F - PR X0 Order1 M",0.249294634,0.155191314140517,19,1.6063697596779,1,"NANA OrderNA SexNA - NANA OrderNA SexNA"
"NR X5 Order1 F - NR X1 Order1 M",0.150085887833333,0.148182761873614,19,1.01284309953234,1,"NANA OrderNA SexNA - NANA OrderNA SexNA"
"NR X5 Order1 F - PR X1 Order1 M",0.0904751828333332,0.183124709666368,19,0.494063215161778,1,"NANA OrderNA SexNA - NANA OrderNA SexNA"
"NR X5 Order1 F - NR X2 Order1 M",0.223997391166667,0.145104425776083,19,1.54369785737843,1,"NANA OrderNA SexNA - NANA OrderNA SexNA"
"NR X5 Order1 F - PR X2 Order1 M",0.277089641666667,0.14499917371774,19,1.91097393565882,1,"NANA OrderNA SexNA - NANA OrderNA SexNA"
"NR X5 Order1 F - NR X3 Order1 M",0.177955544166667,0.202886030056782,19,0.877120736784403,1,"NANA OrderNA SexNA - NANA OrderNA SexNA"
"NR X5 Order1 F - PR X3 Order1 M",0.158799980833333,0.210922858536256,19,0.75288179733273,1,"NANA OrderNA SexNA - NANA OrderNA SexNA"
"NR X5 Order1 F - NR X4 Order1 M",0.188576398666667,0.152244816649326,19,1.2386392050445,1,"NANA OrderNA SexNA - NANA OrderNA SexNA"
"NR X5 Order1 F - PR X4 Order1 M",0.0198368459999999,0.14762874964772,19,0.134369802950548,1,"NANA OrderNA SexNA - NANA OrderNA SexNA"
"NR X5 Order1 F - NR X5 Order1 M",0.217120333666667,0.17179541357628,19,1.26383079237597,1,"NANA OrderNA SexNA - NANA OrderNA SexNA"
"NR X5 Order1 F - PR X5 Order1 M",0.158793763833333,0.147468403778859,19,1.07679855321047,1,"NANA OrderNA SexNA - NANA OrderNA SexNA"
"NR X5 Order1 F - NR X6 Order1 M",0.00845922399999973,0.173023786663846,19,0.04889052634384,1,"NANA OrderNA SexNA - NANA OrderNA SexNA"
"NR X5 Order1 F - PR X6 Order1 M",0.153281663833333,0.165436047837536,19,0.926531223617364,1,"NANA OrderNA SexNA - NANA OrderNA SexNA"
"NR X5 Order1 F - NR X0 Order2 M",-0.402160938833334,0.167844780821825,19,-2.39602885990388,1,"NANA OrderNA SexNA - NANA OrderNA SexNA"
"NR X5 Order1 F - PR X0 Order2 M",0.255443960333333,0.155191314140517,19,1.64599392529174,1,"NANA OrderNA SexNA - NANA OrderNA SexNA"
"NR X5 Order1 F - NR X1 Order2 M",-0.198820550666667,0.148182761873614,19,-1.34172523276521,1,"NANA OrderNA SexNA - NANA OrderNA SexNA"
"NR X5 Order1 F - PR X1 Order2 M",0.333037557,0.183124709666368,19,1.81863800689025,1,"NANA OrderNA SexNA - NANA OrderNA SexNA"
"NR X5 Order1 F - NR X2 Order2 M",-0.0183264178333334,0.145104425776083,19,-0.126298131399615,1,"NANA OrderNA SexNA - NANA OrderNA SexNA"
"NR X5 Order1 F - PR X2 Order2 M",0.334424039833333,0.14499917371774,19,2.30638583144159,1,"NANA OrderNA SexNA - NANA OrderNA SexNA"
"NR X5 Order1 F - NR X3 Order2 M",-0.2025618805,0.202886030056782,19,-0.998402307163825,1,"NANA OrderNA SexNA - NANA OrderNA SexNA"
"NR X5 Order1 F - PR X3 Order2 M",0.311488281833333,0.210922858536256,19,1.47678769382784,1,"NANA OrderNA SexNA - NANA OrderNA SexNA"
"NR X5 Order1 F - NR X4 Order2 M",-0.0404625540000001,0.152244816649326,19,-0.265772949716901,1,"NANA OrderNA SexNA - NANA OrderNA SexNA"
"NR X5 Order1 F - PR X4 Order2 M",0.2695953215,0.14762874964772,19,1.8261708653858,1,"NANA OrderNA SexNA - NANA OrderNA SexNA"
"NR X5 Order1 F - NR X5 Order2 M",0.0258903285,0.17179541357628,19,0.150704421969358,1,"NANA OrderNA SexNA - NANA OrderNA SexNA"
"NR X5 Order1 F - PR X5 Order2 M",0.165664702166666,0.147468403778859,19,1.12339116666031,1,"NANA OrderNA SexNA - NANA OrderNA SexNA"
"NR X5 Order1 F - NR X6 Order2 M",-0.0666683458333337,0.173023786663846,19,-0.385313182186089,1,"NANA OrderNA SexNA - NANA OrderNA SexNA"
"NR X5 Order1 F - PR X6 Order2 M",0.0547441326666664,0.165436047837536,19,0.330908126628043,1,"NANA OrderNA SexNA - NANA OrderNA SexNA"
"PR X5 Order1 F - NR X6 Order1 F",-0.160498388,0.126443518846676,19,-1.26932870473669,1,"NANA OrderNA SexNA - NANA OrderNA SexNA"
"PR X5 Order1 F - PR X6 Order1 F",0.0126840852,0.103385510973564,19,0.122687261305343,1,"NANA OrderNA SexNA - NANA OrderNA SexNA"
"PR X5 Order1 F - NR X0 Order2 F",-0.0200229531999999,0.137301819484717,19,-0.145831666871892,1,"NANA OrderNA SexNA - NANA OrderNA SexNA"
"PR X5 Order1 F - PR X0 Order2 F",0.182257760633333,0.121508284365091,19,1.4999616000314,1,"NANA OrderNA SexNA - NANA OrderNA SexNA"
"PR X5 Order1 F - NR X1 Order2 F",-0.129248834366667,0.112419082460139,19,-1.14970547293423,1,"NANA OrderNA SexNA - NANA OrderNA SexNA"
"PR X5 Order1 F - PR X1 Order2 F",0.119500245466667,0.155610341799892,19,0.767945395430974,1,"NANA OrderNA SexNA - NANA OrderNA SexNA"
"PR X5 Order1 F - NR X2 Order2 F",0.0922468878000001,0.10832919073128,19,0.851542296007973,1,"NANA OrderNA SexNA - NANA OrderNA SexNA"
"PR X5 Order1 F - PR X2 Order2 F",0.145254358966667,0.108188167391424,19,1.34260855386465,1,"NANA OrderNA SexNA - NANA OrderNA SexNA"
"PR X5 Order1 F - NR X3 Order2 F",-0.183434961866666,0.178445118669267,19,-1.0279629010567,1,"NANA OrderNA SexNA - NANA OrderNA SexNA"
"PR X5 Order1 F - PR X3 Order2 F",0.00473914563333328,0.18753232104838,19,0.0252710871749444,1,"NANA OrderNA SexNA - NANA OrderNA SexNA"
"PR X5 Order1 F - NR X4 Order2 F",-0.184428811533333,0.117721720091384,19,-1.56665066896887,1,"NANA OrderNA SexNA - NANA OrderNA SexNA"
"PR X5 Order1 F - PR X4 Order2 F",0.151953533633333,0.111687810020774,19,1.36052030749882,1,"NANA OrderNA SexNA - NANA OrderNA SexNA"
"PR X5 Order1 F - NR X5 Order2 F",-0.0857130478666666,0.142104128407772,19,-0.603170708881242,1,"NANA OrderNA SexNA - NANA OrderNA SexNA"
"PR X5 Order1 F - PR X5 Order2 F",0.144303624133333,0.111475778973604,19,1.29448410643089,1,"NANA OrderNA SexNA - NANA OrderNA SexNA"
"PR X5 Order1 F - NR X6 Order2 F",-0.0499639392000001,0.143586733148239,19,-0.347970443400347,1,"NANA OrderNA SexNA - NANA OrderNA SexNA"
"PR X5 Order1 F - PR X6 Order2 F",-0.114985532366667,0.134346585772735,19,-0.855887268777931,1,"NANA OrderNA SexNA - NANA OrderNA SexNA"
"PR X5 Order1 F - NR X0 Order1 M",-0.0530433028666666,0.137301819484717,19,-0.386326292439051,1,"NANA OrderNA SexNA - NANA OrderNA SexNA"
"PR X5 Order1 F - PR X0 Order1 M",0.1067370238,0.121508284365091,19,0.878434127826965,1,"NANA OrderNA SexNA - NANA OrderNA SexNA"
"PR X5 Order1 F - NR X1 Order1 M",0.00752827763333325,0.112419082460139,19,0.0669661899793798,1,"NANA OrderNA SexNA - NANA OrderNA SexNA"
"PR X5 Order1 F - PR X1 Order1 M",-0.0520824273666667,0.155610341799892,19,-0.334697724869999,1,"NANA OrderNA SexNA - NANA OrderNA SexNA"
"PR X5 Order1 F - NR X2 Order1 M",0.0814397809666669,0.10832919073128,19,0.751780571948377,1,"NANA OrderNA SexNA - NANA OrderNA SexNA"
"PR X5 Order1 F - PR X2 Order1 M",0.134532031466667,0.108188167391424,19,1.24350041885755,1,"NANA OrderNA SexNA - NANA OrderNA SexNA"
"PR X5 Order1 F - NR X3 Order1 M",0.0353979339666669,0.178445118669267,19,0.198368743458173,1,"NANA OrderNA SexNA - NANA OrderNA SexNA"
"PR X5 Order1 F - PR X3 Order1 M",0.0162423706333333,0.18753232104838,19,0.0866110467919982,1,"NANA OrderNA SexNA - NANA OrderNA SexNA"
"PR X5 Order1 F - NR X4 Order1 M",0.0460187884666668,0.117721720091384,19,0.390911621329891,1,"NANA OrderNA SexNA - NANA OrderNA SexNA"
"PR X5 Order1 F - PR X4 Order1 M",-0.1227207642,0.111687810020774,19,-1.09878387065852,1,"NANA OrderNA SexNA - NANA OrderNA SexNA"
"PR X5 Order1 F - NR X5 Order1 M",0.0745627234666669,0.142104128407772,19,0.524704836531611,1,"NANA OrderNA SexNA - NANA OrderNA SexNA"
"PR X5 Order1 F - PR X5 Order1 M",0.0162361536333334,0.111475778973604,19,0.145647366475706,1,"NANA OrderNA SexNA - NANA OrderNA SexNA"
"PR X5 Order1 F - NR X6 Order1 M",-0.1340983862,0.143586733148239,19,-0.93391905547121,1,"NANA OrderNA SexNA - NANA OrderNA SexNA"
"PR X5 Order1 F - PR X6 Order1 M",0.0107240536333334,0.134346585772735,19,0.0798237898763909,1,"NANA OrderNA SexNA - NANA OrderNA SexNA"
"PR X5 Order1 F - NR X0 Order2 M",-0.544718549033333,0.137301819484717,19,-3.96730757886253,1,"NANA OrderNA SexNA - NANA OrderNA SexNA"
"PR X5 Order1 F - PR X0 Order2 M",0.112886350133333,0.121508284365091,19,0.929042416516619,1,"NANA OrderNA SexNA - NANA OrderNA SexNA"
"PR X5 Order1 F - NR X1 Order2 M",-0.341378160866667,0.112419082460139,19,-3.0366567080612,1,"NANA OrderNA SexNA - NANA OrderNA SexNA"
"PR X5 Order1 F - PR X1 Order2 M",0.1904799468,0.155610341799892,19,1.22408282506666,1,"NANA OrderNA SexNA - NANA OrderNA SexNA"
"PR X5 Order1 F - NR X2 Order2 M",-0.160884028033333,0.10832919073128,19,-1.48514012656496,1,"NANA OrderNA SexNA - NANA OrderNA SexNA"
"PR X5 Order1 F - PR X2 Order2 M",0.191866429633333,0.108188167391424,19,1.7734511477504,1,"NANA OrderNA SexNA - NANA OrderNA SexNA"
"PR X5 Order1 F - NR X3 Order2 M",-0.3451194907,0.178445118669267,19,-1.93403716096964,1,"NANA OrderNA SexNA - NANA OrderNA SexNA"
"PR X5 Order1 F - PR X3 Order2 M",0.168930671633333,0.18753232104838,19,0.900808301678046,1,"NANA OrderNA SexNA - NANA OrderNA SexNA"
"PR X5 Order1 F - NR X4 Order2 M",-0.1830201642,0.117721720091384,19,-1.55468476044969,1,"NANA OrderNA SexNA - NANA OrderNA SexNA"
"PR X5 Order1 F - PR X4 Order2 M",0.1270377113,0.111687810020774,19,1.13743577993311,1,"NANA OrderNA SexNA - NANA OrderNA SexNA"
"PR X5 Order1 F - NR X5 Order2 M",-0.1166672817,0.142104128407772,19,-0.820998538235428,1,"NANA OrderNA SexNA - NANA OrderNA SexNA"
"PR X5 Order1 F - PR X5 Order2 M",0.0231070919666666,0.111475778973604,19,0.207283520953354,1,"NANA OrderNA SexNA - NANA OrderNA SexNA"
"PR X5 Order1 F - NR X6 Order2 M",-0.209225956033334,0.143586733148239,19,-1.45713988643595,1,"NANA OrderNA SexNA - NANA OrderNA SexNA"
"PR X5 Order1 F - PR X6 Order2 M",-0.0878134775333335,0.134346585772735,19,-0.653633860721115,1,"NANA OrderNA SexNA - NANA OrderNA SexNA"
"NR X6 Order1 F - PR X6 Order1 F",0.1731824732,0.146319216155114,19,1.1835935002304,1,"NANA OrderNA SexNA - NANA OrderNA SexNA"
"NR X6 Order1 F - NR X0 Order2 F",0.1404754348,0.16935214908559,19,0.829487169536918,1,"NANA OrderNA SexNA - NANA OrderNA SexNA"
"NR X6 Order1 F - PR X0 Order2 F",0.342756148633333,0.156820355615724,19,2.18566108517973,1,"NANA OrderNA SexNA - NANA OrderNA SexNA"
"NR X6 Order1 F - NR X1 Order2 F",0.0312495536333333,0.149887994406736,19,0.208486034902399,1,"NANA OrderNA SexNA - NANA OrderNA SexNA"
"NR X6 Order1 F - PR X1 Order2 F",0.279998633466667,0.184507287772525,19,1.51754782614263,1,"NANA OrderNA SexNA - NANA OrderNA SexNA"
"NR X6 Order1 F - NR X2 Order2 F",0.2527452758,0.146845409634037,19,1.72116565597715,1,"NANA OrderNA SexNA - NANA OrderNA SexNA"
"NR X6 Order1 F - PR X2 Order2 F",0.305752746966667,0.146741406322854,19,2.08361603332303,1,"NANA OrderNA SexNA - NANA OrderNA SexNA"
"NR X6 Order1 F - NR X3 Order2 F",-0.0229365738666663,0.204134811198342,19,-0.112359933771319,1,"NANA OrderNA SexNA - NANA OrderNA SexNA"
"NR X6 Order1 F - PR X3 Order2 F",0.165237533633333,0.212124331946825,19,0.778965487442313,1,"NANA OrderNA SexNA - NANA OrderNA SexNA"
"NR X6 Order1 F - NR X4 Order2 F",-0.0239304235333331,0.153905049128897,19,-0.155488229065773,1,"NANA OrderNA SexNA - NANA OrderNA SexNA"
"NR X6 Order1 F - PR X4 Order2 F",0.312451921633334,0.149340308267161,19,2.09221425386625,1,"NANA OrderNA SexNA - NANA OrderNA SexNA"
"NR X6 Order1 F - NR X5 Order2 F",0.0747853401333336,0.173268416269747,19,0.431615534691022,1,"NANA OrderNA SexNA - NANA OrderNA SexNA"
"NR X6 Order1 F - PR X5 Order2 F",0.304802012133334,0.149181802053287,19,2.0431581328161,1,"NANA OrderNA SexNA - NANA OrderNA SexNA"
"NR X6 Order1 F - NR X6 Order2 F",0.1105344488,0.174486419821938,19,0.633484536577686,1,"NANA OrderNA SexNA - NANA OrderNA SexNA"
"NR X6 Order1 F - PR X6 Order2 F",0.0455128556333335,0.166965163656629,19,0.272588931945903,1,"NANA OrderNA SexNA - NANA OrderNA SexNA"
"NR X6 Order1 F - NR X0 Order1 M",0.107455085133334,0.16935214908559,19,0.634506770144535,1,"NANA OrderNA SexNA - NANA OrderNA SexNA"
"NR X6 Order1 F - PR X0 Order1 M",0.2672354118,0.156820355615724,19,1.70408625047912,1,"NANA OrderNA SexNA - NANA OrderNA SexNA"
"NR X6 Order1 F - NR X1 Order1 M",0.168026665633333,0.149887994406736,19,1.12101483710147,1,"NANA OrderNA SexNA - NANA OrderNA SexNA"
"NR X6 Order1 F - PR X1 Order1 M",0.108415960633333,0.184507287772525,19,0.587597172676439,1,"NANA OrderNA SexNA - NANA OrderNA SexNA"
"NR X6 Order1 F - NR X2 Order1 M",0.241938168966667,0.146845409634037,19,1.6475705271933,1,"NANA OrderNA SexNA - NANA OrderNA SexNA"
"NR X6 Order1 F - PR X2 Order1 M",0.295030419466667,0.146741406322854,19,2.01054649031749,1,"NANA OrderNA SexNA - NANA OrderNA SexNA"
"NR X6 Order1 F - NR X3 Order1 M",0.195896321966667,0.204134811198342,19,0.959641919066561,1,"NANA OrderNA SexNA - NANA OrderNA SexNA"
"NR X6 Order1 F - PR X3 Order1 M",0.176740758633333,0.212124331946825,19,0.833194179146024,1,"NANA OrderNA SexNA - NANA OrderNA SexNA"
"NR X6 Order1 F - NR X4 Order1 M",0.206517176466667,0.153905049128897,19,1.34184796168517,1,"NANA OrderNA SexNA - NANA OrderNA SexNA"
"NR X6 Order1 F - PR X4 Order1 M",0.0377776238000002,0.149340308267161,19,0.25296334417911,1,"NANA OrderNA SexNA - NANA OrderNA SexNA"
"NR X6 Order1 F - NR X5 Order1 M",0.235061111466667,0.173268416269747,19,1.35662988401025,1,"NANA OrderNA SexNA - NANA OrderNA SexNA"
"NR X6 Order1 F - PR X5 Order1 M",0.176734541633334,0.149181802053287,19,1.18469236328306,1,"NANA OrderNA SexNA - NANA OrderNA SexNA"
"NR X6 Order1 F - NR X6 Order1 M",0.0264000018,0.174486419821938,19,0.15130118336396,1,"NANA OrderNA SexNA - NANA OrderNA SexNA"
"NR X6 Order1 F - PR X6 Order1 M",0.171222441633334,0.166965163656629,19,1.02549800140022,1,"NANA OrderNA SexNA - NANA OrderNA SexNA"
"NR X6 Order1 F - NR X0 Order2 M",-0.384220161033333,0.16935214908559,19,-2.26876460149998,1,"NANA OrderNA SexNA - NANA OrderNA SexNA"
"NR X6 Order1 F - PR X0 Order2 M",0.273384738133333,0.156820355615724,19,1.74329880237768,1,"NANA OrderNA SexNA - NANA OrderNA SexNA"
"NR X6 Order1 F - NR X1 Order2 M",-0.180879772866667,0.149887994406736,19,-1.20676624957588,1,"NANA OrderNA SexNA - NANA OrderNA SexNA"
"NR X6 Order1 F - PR X1 Order2 M",0.3509783348,0.184507287772525,19,1.90224645886462,1,"NANA OrderNA SexNA - NANA OrderNA SexNA"
"NR X6 Order1 F - NR X2 Order2 M",-0.000385640033333105,0.146845409634037,19,-0.00262616335297224,1,"NANA OrderNA SexNA - NANA OrderNA SexNA"
"NR X6 Order1 F - PR X2 Order2 M",0.352364817633334,0.146741406322854,19,2.40126373641313,1,"NANA OrderNA SexNA - NANA OrderNA SexNA"
"NR X6 Order1 F - NR X3 Order2 M",-0.1846211027,0.204134811198342,19,-0.904407737299727,1,"NANA OrderNA SexNA - NANA OrderNA SexNA"
"NR X6 Order1 F - PR X3 Order2 M",0.329429059633333,0.212124331946825,19,1.55299986856724,1,"NANA OrderNA SexNA - NANA OrderNA SexNA"
"NR X6 Order1 F - NR X4 Order2 M",-0.0225217761999998,0.153905049128897,19,-0.146335525231128,1,"NANA OrderNA SexNA - NANA OrderNA SexNA"
"NR X6 Order1 F - PR X4 Order2 M",0.2875360993,0.149340308267161,19,1.92537502189707,1,"NANA OrderNA SexNA - NANA OrderNA SexNA"
"NR X6 Order1 F - NR X5 Order2 M",0.0438311063000003,0.173268416269747,19,0.252966508516839,1,"NANA OrderNA SexNA - NANA OrderNA SexNA"
"NR X6 Order1 F - PR X5 Order2 M",0.183605479966667,0.149181802053287,19,1.2307498464262,1,"NANA OrderNA SexNA - NANA OrderNA SexNA"
"NR X6 Order1 F - NR X6 Order2 M",-0.0487275680333334,0.174486419821938,19,-0.27926281072796,1,"NANA OrderNA SexNA - NANA OrderNA SexNA"
"NR X6 Order1 F - PR X6 Order2 M",0.0726849104666667,0.166965163656629,19,0.43532979499931,1,"NANA OrderNA SexNA - NANA OrderNA SexNA"
"PR X6 Order1 F - NR X0 Order2 F",-0.0327070383999999,0.159994926816561,19,-0.204425471799487,1,"NANA OrderNA SexNA - NANA OrderNA SexNA"
"PR X6 Order1 F - PR X0 Order2 F",0.169573675433333,0.14666577699849,19,1.15619116404421,1,"NANA OrderNA SexNA - NANA OrderNA SexNA"
"PR X6 Order1 F - NR X1 Order2 F",-0.141932919566667,0.139228722160345,19,-1.01942269787701,1,"NANA OrderNA SexNA - NANA OrderNA SexNA"
"PR X6 Order1 F - PR X1 Order2 F",0.106816160266667,0.17595785134032,19,0.607055379757246,1,"NANA OrderNA SexNA - NANA OrderNA SexNA"
"PR X6 Order1 F - NR X2 Order2 F",0.0795628026000001,0.135947786071407,19,0.585245298207428,1,"NANA OrderNA SexNA - NANA OrderNA SexNA"
"PR X6 Order1 F - PR X2 Order2 F",0.132570273766667,0.135835439178212,19,0.975962345089772,1,"NANA OrderNA SexNA - NANA OrderNA SexNA"
"PR X6 Order1 F - NR X3 Order2 F",-0.196119047066667,0.196441460364434,19,-0.998358730905536,1,"NANA OrderNA SexNA - NANA OrderNA SexNA"
"PR X6 Order1 F - PR X3 Order2 F",-0.00794493956666675,0.204731429954014,19,-0.0388066432616198,1,"NANA OrderNA SexNA - NANA OrderNA SexNA"
"PR X6 Order1 F - NR X4 Order2 F",-0.197112896733333,0.143544384614993,19,-1.37318430994022,1,"NANA OrderNA SexNA - NANA OrderNA SexNA"
"PR X6 Order1 F - PR X4 Order2 F",0.139269448433333,0.138638933494381,19,1.00454789230601,1,"NANA OrderNA SexNA - NANA OrderNA SexNA"
"PR X6 Order1 F - NR X5 Order2 F",-0.0983971330666666,0.164134610255593,19,-0.59949046038152,1,"NANA OrderNA SexNA - NANA OrderNA SexNA"
"PR X6 Order1 F - PR X5 Order2 F",0.131619538933333,0.138468177827957,19,0.950539979639704,1,"NANA OrderNA SexNA - NANA OrderNA SexNA"
"PR X6 Order1 F - NR X6 Order2 F",-0.0626480244000002,0.165419880635329,19,-0.378721252605114,1,"NANA OrderNA SexNA - NANA OrderNA SexNA"
"PR X6 Order1 F - PR X6 Order2 F",-0.127669617566667,0.15746616170471,19,-0.810774938466339,1,"NANA OrderNA SexNA - NANA OrderNA SexNA"
"PR X6 Order1 F - NR X0 Order1 M",-0.0657273880666666,0.159994926816561,19,-0.410809201106889,1,"NANA OrderNA SexNA - NANA OrderNA SexNA"
"PR X6 Order1 F - PR X0 Order1 M",0.0940529385999999,0.14666577699849,19,0.641273925825029,1,"NANA OrderNA SexNA - NANA OrderNA SexNA"
"PR X6 Order1 F - NR X1 Order1 M",-0.00515580756666677,0.139228722160345,19,-0.037031206540336,1,"NANA OrderNA SexNA - NANA OrderNA SexNA"
"PR X6 Order1 F - PR X1 Order1 M",-0.0647665125666667,0.17595785134032,19,-0.368079696775803,1,"NANA OrderNA SexNA - NANA OrderNA SexNA"
"PR X6 Order1 F - NR X2 Order1 M",0.0687556957666668,0.135947786071407,19,0.505750757357334,1,"NANA OrderNA SexNA - NANA OrderNA SexNA"
"PR X6 Order1 F - PR X2 Order1 M",0.121847946266667,0.135835439178212,19,0.897026188480946,1,"NANA OrderNA SexNA - NANA OrderNA SexNA"
"PR X6 Order1 F - NR X3 Order1 M",0.0227138487666669,0.196441460364434,19,0.115626552177573,1,"NANA OrderNA SexNA - NANA OrderNA SexNA"
"PR X6 Order1 F - PR X3 Order1 M",0.00355828543333325,0.204731429954014,19,0.0173802597585163,1,"NANA OrderNA SexNA - NANA OrderNA SexNA"
"PR X6 Order1 F - NR X4 Order1 M",0.0333347032666667,0.143544384614993,19,0.232225756208264,1,"NANA OrderNA SexNA - NANA OrderNA SexNA"
"PR X6 Order1 F - PR X4 Order1 M",-0.1354048494,0.138638933494381,19,-0.976672612715156,1,"NANA OrderNA SexNA - NANA OrderNA SexNA"
"PR X6 Order1 F - NR X5 Order1 M",0.0618786382666668,0.164134610255593,19,0.376999331038765,1,"NANA OrderNA SexNA - NANA OrderNA SexNA"
"PR X6 Order1 F - PR X5 Order1 M",0.00355206843333333,0.138468177827957,19,0.025652597506892,1,"NANA OrderNA SexNA - NANA OrderNA SexNA"
"PR X6 Order1 F - NR X6 Order1 M",-0.1467824714,0.165419880635329,19,-0.887332712587217,1,"NANA OrderNA SexNA - NANA OrderNA SexNA"
"PR X6 Order1 F - PR X6 Order1 M",-0.00196003156666666,0.15746616170471,19,-0.0124473191284247,1,"NANA OrderNA SexNA - NANA OrderNA SexNA"
"PR X6 Order1 F - NR X0 Order2 M",-0.557402634233333,0.159994926816561,19,-3.48387692862544,1,"NANA OrderNA SexNA - NANA OrderNA SexNA"
"PR X6 Order1 F - PR X0 Order2 M",0.100202264933333,0.14666577699849,19,0.683201405153738,1,"NANA OrderNA SexNA - NANA OrderNA SexNA"
"PR X6 Order1 F - NR X1 Order2 M",-0.354062246066667,0.139228722160345,19,-2.54302589704807,1,"NANA OrderNA SexNA - NANA OrderNA SexNA"
"PR X6 Order1 F - PR X1 Order2 M",0.1777958616,0.17595785134032,19,1.0104457416687,1,"NANA OrderNA SexNA - NANA OrderNA SexNA"
"PR X6 Order1 F - NR X2 Order2 M",-0.173568113233333,0.135947786071407,19,-1.27672629506571,1,"NANA OrderNA SexNA - NANA OrderNA SexNA"
"PR X6 Order1 F - PR X2 Order2 M",0.179182344433333,0.135835439178212,19,1.31911337363331,1,"NANA OrderNA SexNA - NANA OrderNA SexNA"
"PR X6 Order1 F - NR X3 Order2 M",-0.3578035759,0.196441460364434,19,-1.82142596189323,1,"NANA OrderNA SexNA - NANA OrderNA SexNA"
"PR X6 Order1 F - PR X3 Order2 M",0.156246586433333,0.204731429954014,19,0.76317830861841,1,"NANA OrderNA SexNA - NANA OrderNA SexNA"
"PR X6 Order1 F - NR X4 Order2 M",-0.1957042494,0.143544384614993,19,-1.36337098748172,1,"NANA OrderNA SexNA - NANA OrderNA SexNA"
"PR X6 Order1 F - PR X4 Order2 M",0.1143536261,0.138638933494381,19,0.824830537986175,1,"NANA OrderNA SexNA - NANA OrderNA SexNA"
"PR X6 Order1 F - NR X5 Order2 M",-0.1293513669,0.164134610255593,19,-0.788080994609073,1,"NANA OrderNA SexNA - NANA OrderNA SexNA"
"PR X6 Order1 F - PR X5 Order2 M",0.0104230067666666,0.138468177827957,19,0.0752736616467711,1,"NANA OrderNA SexNA - NANA OrderNA SexNA"
"PR X6 Order1 F - NR X6 Order2 M",-0.221910041233334,0.165419880635329,19,-1.34149559521529,1,"NANA OrderNA SexNA - NANA OrderNA SexNA"
"PR X6 Order1 F - PR X6 Order2 M",-0.100497562733334,0.15746616170471,19,-0.638216881934245,1,"NANA OrderNA SexNA - NANA OrderNA SexNA"
"NR X0 Order2 F - PR X0 Order2 F",0.202280713833333,0.111783516881677,19,1.80957550340314,1,"NANA OrderNA SexNA - NANA OrderNA SexNA"
"NR X0 Order2 F - NR X1 Order2 F",-0.109225881166667,0.0925206996923402,19,-1.18055615154097,1,"NANA OrderNA SexNA - NANA OrderNA SexNA"
"NR X0 Order2 F - PR X1 Order2 F",0.139523198666667,0.165423173903064,19,0.843432001543059,1,"NANA OrderNA SexNA - NANA OrderNA SexNA"
"NR X0 Order2 F - NR X2 Order2 F",0.112269841,0.0962814359597078,19,1.16605906300549,1,"NANA OrderNA SexNA - NANA OrderNA SexNA"
"NR X0 Order2 F - PR X2 Order2 F",0.165277312166667,0.108118549188864,19,1.52866749883923,1,"NANA OrderNA SexNA - NANA OrderNA SexNA"
"NR X0 Order2 F - NR X3 Order2 F",-0.163412008666667,0.182870564670562,19,-0.893593832124105,1,"NANA OrderNA SexNA - NANA OrderNA SexNA"
"NR X0 Order2 F - PR X3 Order2 F",0.0247620988333332,0.1742993687245,19,0.14206648603801,1,"NANA OrderNA SexNA - NANA OrderNA SexNA"
"NR X0 Order2 F - NR X4 Order2 F",-0.164405858333333,0.10252926859369,19,-1.60350171798116,1,"NANA OrderNA SexNA - NANA OrderNA SexNA"
"NR X0 Order2 F - PR X4 Order2 F",0.171976486833333,0.140143137939652,19,1.22714882342216,1,"NANA OrderNA SexNA - NANA OrderNA SexNA"
"NR X0 Order2 F - NR X5 Order2 F",-0.0656900946666666,0.152903328801722,19,-0.429618473197863,1,"NANA OrderNA SexNA - NANA OrderNA SexNA"
"NR X0 Order2 F - PR X5 Order2 F",0.164326577333333,0.117316170386678,19,1.40071549209037,1,"NANA OrderNA SexNA - NANA OrderNA SexNA"
"NR X0 Order2 F - NR X6 Order2 F",-0.0299409860000002,0.147449587836757,19,-0.203059136612495,1,"NANA OrderNA SexNA - NANA OrderNA SexNA"
"NR X0 Order2 F - PR X6 Order2 F",-0.0949625791666667,0.133582227075409,19,-0.710892318879059,1,"NANA OrderNA SexNA - NANA OrderNA SexNA"
"NR X0 Order2 F - NR X0 Order1 M",-0.0330203496666667,0.155393102798455,19,-0.212495593897074,1,"NANA OrderNA SexNA - NANA OrderNA SexNA"
"NR X0 Order2 F - PR X0 Order1 M",0.126759977,0.141631528738714,19,0.894998296840038,1,"NANA OrderNA SexNA - NANA OrderNA SexNA"
"NR X0 Order2 F - NR X1 Order1 M",0.0275512308333332,0.133915185340188,19,0.205736420132968,1,"NANA OrderNA SexNA - NANA OrderNA SexNA"
"NR X0 Order2 F - PR X1 Order1 M",-0.0320594741666668,0.171784182154808,19,-0.186626462137099,1,"NANA OrderNA SexNA - NANA OrderNA SexNA"
"NR X0 Order2 F - NR X2 Order1 M",0.101462734166667,0.13050072922406,19,0.777487871293524,1,"NANA OrderNA SexNA - NANA OrderNA SexNA"
"NR X0 Order2 F - PR X2 Order1 M",0.154554984666667,0.130383688884124,19,1.18538588675785,1,"NANA OrderNA SexNA - NANA OrderNA SexNA"
"NR X0 Order2 F - NR X3 Order1 M",0.0554208871666668,0.192711927862304,19,0.287584104323143,1,"NANA OrderNA SexNA - NANA OrderNA SexNA"
"NR X0 Order2 F - PR X3 Order1 M",0.0362653238333332,0.201155656647557,19,0.180284882054663,1,"NANA OrderNA SexNA - NANA OrderNA SexNA"
"NR X0 Order2 F - NR X4 Order1 M",0.0660417416666667,0.138396640655731,19,0.477191797096788,1,"NANA OrderNA SexNA - NANA OrderNA SexNA"
"NR X0 Order2 F - PR X4 Order1 M",-0.102697811,0.133301889224248,19,-0.770415270163468,1,"NANA OrderNA SexNA - NANA OrderNA SexNA"
"NR X0 Order2 F - NR X5 Order1 M",0.0945856766666668,0.1596521533649,19,0.592448486745319,1,"NANA OrderNA SexNA - NANA OrderNA SexNA"
"NR X0 Order2 F - PR X5 Order1 M",0.0362591068333333,0.133124288021717,19,0.272370334310581,1,"NANA OrderNA SexNA - NANA OrderNA SexNA"
"NR X0 Order2 F - NR X6 Order1 M",-0.114075433,0.160973217336614,19,-0.708660949240114,1,"NANA OrderNA SexNA - NANA OrderNA SexNA"
"NR X0 Order2 F - PR X6 Order1 M",0.0307470068333333,0.152788192843257,19,0.201239416876121,1,"NANA OrderNA SexNA - NANA OrderNA SexNA"
"NR X0 Order2 F - NR X0 Order2 M",-0.524695595833334,0.155393102798455,19,-3.37656939969765,1,"NANA OrderNA SexNA - NANA OrderNA SexNA"
"NR X0 Order2 F - PR X0 Order2 M",0.132909303333333,0.141631528738714,19,0.938416075269004,1,"NANA OrderNA SexNA - NANA OrderNA SexNA"
"NR X0 Order2 F - NR X1 Order2 M",-0.321355207666667,0.133915185340188,19,-2.39969206517036,1,"NANA OrderNA SexNA - NANA OrderNA SexNA"
"NR X0 Order2 F - PR X1 Order2 M",0.2105029,0.171784182154808,19,1.2253916359441,1,"NANA OrderNA SexNA - NANA OrderNA SexNA"
"NR X0 Order2 F - NR X2 Order2 M",-0.140861074833333,0.13050072922406,19,-1.07938917790632,1,"NANA OrderNA SexNA - NANA OrderNA SexNA"
"NR X0 Order2 F - PR X2 Order2 M",0.211889382833333,0.130383688884124,19,1.62512185877519,1,"NANA OrderNA SexNA - NANA OrderNA SexNA"
"NR X0 Order2 F - NR X3 Order2 M",-0.3250965375,0.192711927862304,19,-1.68695597156958,1,"NANA OrderNA SexNA - NANA OrderNA SexNA"
"NR X0 Order2 F - PR X3 Order2 M",0.188953624833333,0.201155656647557,19,0.939340349570169,1,"NANA OrderNA SexNA - NANA OrderNA SexNA"
"NR X0 Order2 F - NR X4 Order2 M",-0.162997211,0.138396640655731,19,-1.17775410029976,1,"NANA OrderNA SexNA - NANA OrderNA SexNA"
"NR X0 Order2 F - PR X4 Order2 M",0.1470606645,0.133301889224248,19,1.10321515588279,1,"NANA OrderNA SexNA - NANA OrderNA SexNA"
"NR X0 Order2 F - NR X5 Order2 M",-0.0966443285,0.1596521533649,19,-0.605343094114804,1,"NANA OrderNA SexNA - NANA OrderNA SexNA"
"NR X0 Order2 F - PR X5 Order2 M",0.0431300451666665,0.133124288021717,19,0.323983292662797,1,"NANA OrderNA SexNA - NANA OrderNA SexNA"
"NR X0 Order2 F - NR X6 Order2 M",-0.189203002833334,0.160973217336614,19,-1.17536945563862,1,"NANA OrderNA SexNA - NANA OrderNA SexNA"
"NR X0 Order2 F - PR X6 Order2 M",-0.0677905243333336,0.152788192843257,19,-0.443689548726314,1,"NANA OrderNA SexNA - NANA OrderNA SexNA"
"PR X0 Order2 F - NR X1 Order2 F",-0.311506595,0.107950888047057,19,-2.88563253749437,1,"NANA OrderNA SexNA - NANA OrderNA SexNA"
"PR X0 Order2 F - PR X1 Order2 F",-0.0627575151666664,0.144064271520799,19,-0.43562164653438,1,"NANA OrderNA SexNA - NANA OrderNA SexNA"
"PR X0 Order2 F - NR X2 Order2 F",-0.0900108728333331,0.108293410337015,19,-0.831175900299144,1,"NANA OrderNA SexNA - NANA OrderNA SexNA"
"PR X0 Order2 F - PR X2 Order2 F",-0.0370034016666666,0.0832023479168271,19,-0.444739873250415,1,"NANA OrderNA SexNA - NANA OrderNA SexNA"
"PR X0 Order2 F - NR X3 Order2 F",-0.3656927225,0.200475763072364,19,-1.82412435745661,1,"NANA OrderNA SexNA - NANA OrderNA SexNA"
"PR X0 Order2 F - PR X3 Order2 F",-0.177518615,0.162966908344549,19,-1.08929240177206,1,"NANA OrderNA SexNA - NANA OrderNA SexNA"
"PR X0 Order2 F - NR X4 Order2 F",-0.366686572166667,0.0799885486957988,19,-4.58423834593121,0.308099976624609,"NANA OrderNA SexNA - NANA OrderNA SexNA"
"PR X0 Order2 F - PR X4 Order2 F",-0.0303042269999999,0.0989150484160797,19,-0.306366194883989,1,"NANA OrderNA SexNA - NANA OrderNA SexNA"
"PR X0 Order2 F - NR X5 Order2 F",-0.2679708085,0.16290179179845,19,-1.64498380000354,1,"NANA OrderNA SexNA - NANA OrderNA SexNA"
"PR X0 Order2 F - PR X5 Order2 F",-0.0379541364999999,0.121767094470689,19,-0.311694523590164,1,"NANA OrderNA SexNA - NANA OrderNA SexNA"
"PR X0 Order2 F - NR X6 Order2 F",-0.232221699833333,0.154872323662405,19,-1.4994396309281,1,"NANA OrderNA SexNA - NANA OrderNA SexNA"
"PR X0 Order2 F - PR X6 Order2 F",-0.297243293,0.11884965496045,19,-2.50100257420953,1,"NANA OrderNA SexNA - NANA OrderNA SexNA"
"PR X0 Order2 F - NR X0 Order1 M",-0.2353010635,0.141631528738714,19,-1.66136075487888,1,"NANA OrderNA SexNA - NANA OrderNA SexNA"
"PR X0 Order2 F - PR X0 Order1 M",-0.0755207368333333,0.126380233693403,19,-0.597567630841272,1,"NANA OrderNA SexNA - NANA OrderNA SexNA"
"PR X0 Order2 F - NR X1 Order1 M",-0.174729483,0.117667966754894,19,-1.48493670638473,1,"NANA OrderNA SexNA - NANA OrderNA SexNA"
"PR X0 Order2 F - PR X1 Order1 M",-0.234340188,0.159443653916142,19,-1.46973668907042,1,"NANA OrderNA SexNA - NANA OrderNA SexNA"
"PR X0 Order2 F - NR X2 Order1 M",-0.100817979666666,0.113766927810966,19,-0.886180031460329,1,"NANA OrderNA SexNA - NANA OrderNA SexNA"
"PR X0 Order2 F - PR X2 Order1 M",-0.0477257291666666,0.113632653152895,19,-0.420000130617831,1,"NANA OrderNA SexNA - NANA OrderNA SexNA"
"PR X0 Order2 F - NR X3 Order1 M",-0.146859826666666,0.181797581600911,19,-0.807820573703001,1,"NANA OrderNA SexNA - NANA OrderNA SexNA"
"PR X0 Order2 F - PR X3 Order1 M",-0.16601539,0.190725120885645,19,-0.870443228606154,1,"NANA OrderNA SexNA - NANA OrderNA SexNA"
"PR X0 Order2 F - NR X4 Order1 M",-0.136238972166666,0.122744057617164,19,-1.10994352648495,1,"NANA OrderNA SexNA - NANA OrderNA SexNA"
"PR X0 Order2 F - PR X4 Order1 M",-0.304978524833333,0.116969514003812,19,-2.6073334358164,1,"NANA OrderNA SexNA - NANA OrderNA SexNA"
"PR X0 Order2 F - NR X5 Order1 M",-0.107695037166666,0.146291775604727,19,-0.736166040240383,1,"NANA OrderNA SexNA - NANA OrderNA SexNA"
"PR X0 Order2 F - PR X5 Order1 M",-0.166021607,0.116767074112625,19,-1.42181867843899,1,"NANA OrderNA SexNA - NANA OrderNA SexNA"
"PR X0 Order2 F - NR X6 Order1 M",-0.316356146833333,0.147732360149139,19,-2.14141401730782,1,"NANA OrderNA SexNA - NANA OrderNA SexNA"
"PR X0 Order2 F - PR X6 Order1 M",-0.171533707,0.138768531763661,19,-1.23611387120634,1,"NANA OrderNA SexNA - NANA OrderNA SexNA"
"PR X0 Order2 F - NR X0 Order2 M",-0.726976309666667,0.141631528738714,19,-5.13287059838077,0.0904809569141271,"NANA OrderNA SexNA - NANA OrderNA SexNA"
"PR X0 Order2 F - PR X0 Order2 M",-0.0693714105000001,0.126380233693403,19,-0.548910288204516,1,"NANA OrderNA SexNA - NANA OrderNA SexNA"
"PR X0 Order2 F - NR X1 Order2 M",-0.5236359215,0.117667966754894,19,-4.45011446990283,0.416826822849688,"NANA OrderNA SexNA - NANA OrderNA SexNA"
"PR X0 Order2 F - PR X1 Order2 M",0.0082221861666668,0.159443653916142,19,0.0515679737933703,1,"NANA OrderNA SexNA - NANA OrderNA SexNA"
"PR X0 Order2 F - NR X2 Order2 M",-0.343141788666667,0.113766927810966,19,-3.01618225321887,1,"NANA OrderNA SexNA - NANA OrderNA SexNA"
"PR X0 Order2 F - PR X2 Order2 M",0.00960866900000014,0.113632653152895,19,0.0845590482435668,1,"NANA OrderNA SexNA - NANA OrderNA SexNA"
"PR X0 Order2 F - NR X3 Order2 M",-0.527377251333333,0.181797581600911,19,-2.90090355817302,1,"NANA OrderNA SexNA - NANA OrderNA SexNA"
"PR X0 Order2 F - PR X3 Order2 M",-0.013327089,0.190725120885645,19,-0.0698758975121618,1,"NANA OrderNA SexNA - NANA OrderNA SexNA"
"PR X0 Order2 F - NR X4 Order2 M",-0.365277924833333,0.122744057617164,19,-2.97593164120929,1,"NANA OrderNA SexNA - NANA OrderNA SexNA"
"PR X0 Order2 F - PR X4 Order2 M",-0.0552200493333333,0.116969514003812,19,-0.472089243112815,1,"NANA OrderNA SexNA - NANA OrderNA SexNA"
"PR X0 Order2 F - NR X5 Order2 M",-0.298925042333333,0.146291775604727,19,-2.04334824085405,1,"NANA OrderNA SexNA - NANA OrderNA SexNA"
"PR X0 Order2 F - PR X5 Order2 M",-0.159150668666667,0.116767074112625,19,-1.36297556375491,1,"NANA OrderNA SexNA - NANA OrderNA SexNA"
"PR X0 Order2 F - NR X6 Order2 M",-0.391483716666667,0.147732360149139,19,-2.64995236163191,1,"NANA OrderNA SexNA - NANA OrderNA SexNA"
"PR X0 Order2 F - PR X6 Order2 M",-0.270071238166667,0.138768531763661,19,-1.94619943537796,1,"NANA OrderNA SexNA - NANA OrderNA SexNA"
"NR X1 Order2 F - PR X1 Order2 F",0.248749079833334,0.135818412103115,19,1.83148275687748,1,"NANA OrderNA SexNA - NANA OrderNA SexNA"
"NR X1 Order2 F - NR X2 Order2 F",0.221495722166667,0.0769444685732927,19,2.878643861913,1,"NANA OrderNA SexNA - NANA OrderNA SexNA"
"NR X1 Order2 F - PR X2 Order2 F",0.274503193333334,0.0827842685127025,19,3.31588595593151,1,"NANA OrderNA SexNA - NANA OrderNA SexNA"
"NR X1 Order2 F - NR X3 Order2 F",-0.0541861274999997,0.170510210208215,19,-0.317788169012469,1,"NANA OrderNA SexNA - NANA OrderNA SexNA"
"NR X1 Order2 F - PR X3 Order2 F",0.13398798,0.13843098879441,19,0.967904521717979,1,"NANA OrderNA SexNA - NANA OrderNA SexNA"
"NR X1 Order2 F - NR X4 Order2 F",-0.0551799771666664,0.0794601555135279,19,-0.69443580634916,1,"NANA OrderNA SexNA - NANA OrderNA SexNA"
"NR X1 Order2 F - PR X4 Order2 F",0.281202368,0.0906534791833722,19,3.10194788477108,1,"NANA OrderNA SexNA - NANA OrderNA SexNA"
"NR X1 Order2 F - NR X5 Order2 F",0.0435357865000003,0.110901059326736,19,0.392564207810996,1,"NANA OrderNA SexNA - NANA OrderNA SexNA"
"NR X1 Order2 F - PR X5 Order2 F",0.2735524585,0.0824696911340083,19,3.31700597805676,1,"NANA OrderNA SexNA - NANA OrderNA SexNA"
"NR X1 Order2 F - NR X6 Order2 F",0.0792848951666667,0.116324642136322,19,0.681582970818446,1,"NANA OrderNA SexNA - NANA OrderNA SexNA"
"NR X1 Order2 F - PR X6 Order2 F",0.0142633020000002,0.0836852078097092,19,0.170439942414116,1,"NANA OrderNA SexNA - NANA OrderNA SexNA"
"NR X1 Order2 F - NR X0 Order1 M",0.0762055315000003,0.133915185340188,19,0.569058178924322,1,"NANA OrderNA SexNA - NANA OrderNA SexNA"
"NR X1 Order2 F - PR X0 Order1 M",0.235985858166667,0.117667966754894,19,2.005523377983,1,"NANA OrderNA SexNA - NANA OrderNA SexNA"
"NR X1 Order2 F - NR X1 Order1 M",0.136777112,0.108256811943002,19,1.26345039674745,1,"NANA OrderNA SexNA - NANA OrderNA SexNA"
"NR X1 Order2 F - PR X1 Order1 M",0.0771664070000001,0.152630487472071,19,0.505576626780546,1,"NANA OrderNA SexNA - NANA OrderNA SexNA"
"NR X1 Order2 F - NR X2 Order1 M",0.210688615333334,0.104003369153971,19,2.02578644372013,1,"NANA OrderNA SexNA - NANA OrderNA SexNA"
"NR X1 Order2 F - PR X2 Order1 M",0.263780865833334,0.103856472087192,19,2.5398596787678,1,"NANA OrderNA SexNA - NANA OrderNA SexNA"
"NR X1 Order2 F - NR X3 Order1 M",0.164646768333334,0.175852630369215,19,0.936276972301447,1,"NANA OrderNA SexNA - NANA OrderNA SexNA"
"NR X1 Order2 F - PR X3 Order1 M",0.145491205,0.185067173395704,19,0.786153494055458,1,"NANA OrderNA SexNA - NANA OrderNA SexNA"
"NR X1 Order2 F - NR X4 Order1 M",0.175267622833334,0.113753639995199,19,1.54076496225291,1,"NANA OrderNA SexNA - NANA OrderNA SexNA"
"NR X1 Order2 F - PR X4 Order1 M",0.00652807016666686,0.107497228513667,19,0.0607277997482224,1,"NANA OrderNA SexNA - NANA OrderNA SexNA"
"NR X1 Order2 F - NR X5 Order1 M",0.203811557833334,0.138834687817618,19,1.46801610632837,1,"NANA OrderNA SexNA - NANA OrderNA SexNA"
"NR X1 Order2 F - PR X5 Order1 M",0.145484988,0.107276915171228,19,1.35616304558895,1,"NANA OrderNA SexNA - NANA OrderNA SexNA"
"NR X1 Order2 F - NR X6 Order1 M",-0.00484955183333331,0.140351833500908,19,-0.0345528213801492,1,"NANA OrderNA SexNA - NANA OrderNA SexNA"
"NR X1 Order2 F - PR X6 Order1 M",0.139972888,0.130883506751897,19,1.06944634563721,1,"NANA OrderNA SexNA - NANA OrderNA SexNA"
"NR X1 Order2 F - NR X0 Order2 M",-0.415469714666667,0.133915185340188,19,-3.10248396110747,1,"NANA OrderNA SexNA - NANA OrderNA SexNA"
"NR X1 Order2 F - PR X0 Order2 M",0.2421351845,0.117667966754894,19,2.05778336430657,1,"NANA OrderNA SexNA - NANA OrderNA SexNA"
"NR X1 Order2 F - NR X1 Order2 M",-0.2121293265,0.108256811943002,19,-1.95950095603857,1,"NANA OrderNA SexNA - NANA OrderNA SexNA"
"NR X1 Order2 F - PR X1 Order2 M",0.319728781166667,0.152630487472071,19,2.09478975309682,1,"NANA OrderNA SexNA - NANA OrderNA SexNA"
"NR X1 Order2 F - NR X2 Order2 M",-0.0316351936666664,0.104003369153971,19,-0.304174700531407,1,"NANA OrderNA SexNA - NANA OrderNA SexNA"
"NR X1 Order2 F - PR X2 Order2 M",0.321115264,0.103856472087192,19,3.09191384558498,1,"NANA OrderNA SexNA - NANA OrderNA SexNA"
"NR X1 Order2 F - NR X3 Order2 M",-0.215870656333333,0.175852630369215,19,-1.22756569452557,1,"NANA OrderNA SexNA - NANA OrderNA SexNA"
"NR X1 Order2 F - PR X3 Order2 M",0.298179506,0.185067173395704,19,1.61119608912188,1,"NANA OrderNA SexNA - NANA OrderNA SexNA"
"NR X1 Order2 F - NR X4 Order2 M",-0.0537713298333331,0.113753639995199,19,-0.472699861170181,1,"NANA OrderNA SexNA - NANA OrderNA SexNA"
"NR X1 Order2 F - PR X4 Order2 M",0.256286545666667,0.107497228513667,19,2.38412235562039,1,"NANA OrderNA SexNA - NANA OrderNA SexNA"
"NR X1 Order2 F - NR X5 Order2 M",0.0125815526666669,0.138834687817618,19,0.09062254444073,1,"NANA OrderNA SexNA - NANA OrderNA SexNA"
"NR X1 Order2 F - PR X5 Order2 M",0.152355926333333,0.107276915171228,19,1.42021166520452,1,"NANA OrderNA SexNA - NANA OrderNA SexNA"
"NR X1 Order2 F - NR X6 Order2 M",-0.0799771216666667,0.140351833500908,19,-0.569833109206581,1,"NANA OrderNA SexNA - NANA OrderNA SexNA"
"NR X1 Order2 F - PR X6 Order2 M",0.0414353568333334,0.130883506751897,19,0.316581957968762,1,"NANA OrderNA SexNA - NANA OrderNA SexNA"
"PR X1 Order2 F - NR X2 Order2 F",-0.0272533576666667,0.140000362660755,19,-0.194666336205901,1,"NANA OrderNA SexNA - NANA OrderNA SexNA"
"PR X1 Order2 F - PR X2 Order2 F",0.0257541134999999,0.126738119044795,19,0.203207319897948,1,"NANA OrderNA SexNA - NANA OrderNA SexNA"
"PR X1 Order2 F - NR X3 Order2 F",-0.302935207333333,0.225877541761008,19,-1.34114797324055,1,"NANA OrderNA SexNA - NANA OrderNA SexNA"
"PR X1 Order2 F - PR X3 Order2 F",-0.114761099833334,0.187792589388786,19,-0.611105583062942,1,"NANA OrderNA SexNA - NANA OrderNA SexNA"
"PR X1 Order2 F - NR X4 Order2 F",-0.303929057,0.13176730945796,19,-2.30655887450572,1,"NANA OrderNA SexNA - NANA OrderNA SexNA"
"PR X1 Order2 F - PR X4 Order2 F",0.0324532881666665,0.145295616625859,19,0.223360407700632,1,"NANA OrderNA SexNA - NANA OrderNA SexNA"
"PR X1 Order2 F - NR X5 Order2 F",-0.205213293333333,0.138266737463916,19,-1.4841841002207,1,"NANA OrderNA SexNA - NANA OrderNA SexNA"
"PR X1 Order2 F - PR X5 Order2 F",0.0248033786666665,0.111453808023831,19,0.222544021657502,1,"NANA OrderNA SexNA - NANA OrderNA SexNA"
"PR X1 Order2 F - NR X6 Order2 F",-0.169464184666667,0.152618546714206,19,-1.11037739721114,1,"NANA OrderNA SexNA - NANA OrderNA SexNA"
"PR X1 Order2 F - PR X6 Order2 F",-0.234485777833333,0.134048246696063,19,-1.74926404196094,1,"NANA OrderNA SexNA - NANA OrderNA SexNA"
"PR X1 Order2 F - NR X0 Order1 M",-0.172543548333333,0.171784182154808,19,-1.00442046624433,1,"NANA OrderNA SexNA - NANA OrderNA SexNA"
"PR X1 Order2 F - PR X0 Order1 M",-0.0127632216666669,0.159443653916142,19,-0.0800484770211023,1,"NANA OrderNA SexNA - NANA OrderNA SexNA"
"PR X1 Order2 F - NR X1 Order1 M",-0.111971967833334,0.152630487472071,19,-0.733614690536991,1,"NANA OrderNA SexNA - NANA OrderNA SexNA"
"PR X1 Order2 F - PR X1 Order1 M",-0.171582672833334,0.186742052253534,19,-0.918821822737499,1,"NANA OrderNA SexNA - NANA OrderNA SexNA"
"PR X1 Order2 F - NR X2 Order1 M",-0.0380604645,0.149643674003536,19,-0.254340617827256,1,"NANA OrderNA SexNA - NANA OrderNA SexNA"
"PR X1 Order2 F - PR X2 Order1 M",0.0150317859999998,0.149541616843932,19,0.100519081692742,1,"NANA OrderNA SexNA - NANA OrderNA SexNA"
"PR X1 Order2 F - NR X3 Order1 M",-0.0841023114999999,0.206156920770735,19,-0.407952889408593,1,"NANA OrderNA SexNA - NANA OrderNA SexNA"
"PR X1 Order2 F - PR X3 Order1 M",-0.103257874833334,0.214070985989637,19,-0.482353432231738,1,"NANA OrderNA SexNA - NANA OrderNA SexNA"
"PR X1 Order2 F - NR X4 Order1 M",-0.0734814570000001,0.156577198167731,19,-0.469298581529632,1,"NANA OrderNA SexNA - NANA OrderNA SexNA"
"PR X1 Order2 F - PR X4 Order1 M",-0.242221009666667,0.152092677378035,19,-1.59258824186922,1,"NANA OrderNA SexNA - NANA OrderNA SexNA"
"PR X1 Order2 F - NR X5 Order1 M",-0.044937522,0.175646232283288,19,-0.25584108133628,1,"NANA OrderNA SexNA - NANA OrderNA SexNA"
"PR X1 Order2 F - PR X5 Order1 M",-0.103264091833333,0.151937042562222,19,-0.679650532167258,1,"NANA OrderNA SexNA - NANA OrderNA SexNA"
"PR X1 Order2 F - NR X6 Order1 M",-0.253598631666667,0.176847859871038,19,-1.43399321796486,1,"NANA OrderNA SexNA - NANA OrderNA SexNA"
"PR X1 Order2 F - PR X6 Order1 M",-0.108776191833333,0.169431463174859,19,-0.642007038097009,1,"NANA OrderNA SexNA - NANA OrderNA SexNA"
"PR X1 Order2 F - NR X0 Order2 M",-0.6642187945,0.171784182154808,19,-3.8665887986207,1,"NANA OrderNA SexNA - NANA OrderNA SexNA"
"PR X1 Order2 F - PR X0 Order2 M",-0.00661389533333365,0.159443653916142,19,-0.0414810823189751,1,"NANA OrderNA SexNA - NANA OrderNA SexNA"
"PR X1 Order2 F - NR X1 Order2 M",-0.460878406333334,0.152630487472071,19,-3.01956977250477,1,"NANA OrderNA SexNA - NANA OrderNA SexNA"
"PR X1 Order2 F - PR X1 Order2 M",0.0709797013333332,0.186742052253534,19,0.380094898159126,1,"NANA OrderNA SexNA - NANA OrderNA SexNA"
"PR X1 Order2 F - NR X2 Order2 M",-0.2803842735,0.149643674003536,19,-1.87367942792807,1,"NANA OrderNA SexNA - NANA OrderNA SexNA"
"PR X1 Order2 F - PR X2 Order2 M",0.0723661841666666,0.149541616843932,19,0.483920033058029,1,"NANA OrderNA SexNA - NANA OrderNA SexNA"
"PR X1 Order2 F - NR X3 Order2 M",-0.464619736166667,0.206156920770735,19,-2.25371883917186,1,"NANA OrderNA SexNA - NANA OrderNA SexNA"
"PR X1 Order2 F - PR X3 Order2 M",0.0494304261666664,0.214070985989637,19,0.230906705727321,1,"NANA OrderNA SexNA - NANA OrderNA SexNA"
"PR X1 Order2 F - NR X4 Order2 M",-0.302520409666667,0.156577198167731,19,-1.93208470458513,1,"NANA OrderNA SexNA - NANA OrderNA SexNA"
"PR X1 Order2 F - PR X4 Order2 M",0.00753746583333316,0.152092677378035,19,0.0495583742969975,1,"NANA OrderNA SexNA - NANA OrderNA SexNA"
"PR X1 Order2 F - NR X5 Order2 M",-0.236167527166667,0.175646232283288,19,-1.34456358156187,1,"NANA OrderNA SexNA - NANA OrderNA SexNA"
"PR X1 Order2 F - PR X5 Order2 M",-0.0963931535000002,0.151937042562222,19,-0.634428259721621,1,"NANA OrderNA SexNA - NANA OrderNA SexNA"
"PR X1 Order2 F - NR X6 Order2 M",-0.3287262015,0.176847859871038,19,-1.85880791398729,1,"NANA OrderNA SexNA - NANA OrderNA SexNA"
"PR X1 Order2 F - PR X6 Order2 M",-0.207313723,0.169431463174859,19,-1.22358456401953,1,"NANA OrderNA SexNA - NANA OrderNA SexNA"
"NR X2 Order2 F - PR X2 Order2 F",0.0530074711666666,0.0719519002754779,19,0.736707035724144,1,"NANA OrderNA SexNA - NANA OrderNA SexNA"
"NR X2 Order2 F - NR X3 Order2 F",-0.275681849666667,0.166556438002332,19,-1.65518579151415,1,"NANA OrderNA SexNA - NANA OrderNA SexNA"
"NR X2 Order2 F - PR X3 Order2 F",-0.0875077421666669,0.163002791477909,19,-0.536848120042941,1,"NANA OrderNA SexNA - NANA OrderNA SexNA"
"NR X2 Order2 F - NR X4 Order2 F",-0.276675699333333,0.0723890797277606,19,-3.82206405128854,1,"NANA OrderNA SexNA - NANA OrderNA SexNA"
"NR X2 Order2 F - PR X4 Order2 F",0.0597066458333332,0.094781388360401,19,0.629940612457606,1,"NANA OrderNA SexNA - NANA OrderNA SexNA"
"NR X2 Order2 F - NR X5 Order2 F",-0.177959935666667,0.099252156411412,19,-1.79300825393659,1,"NANA OrderNA SexNA - NANA OrderNA SexNA"
"NR X2 Order2 F - PR X5 Order2 F",0.0520567363333332,0.0902719942661255,19,0.576665407212206,1,"NANA OrderNA SexNA - NANA OrderNA SexNA"
"NR X2 Order2 F - NR X6 Order2 F",-0.142210827,0.0983732076369164,19,-1.44562559680765,1,"NANA OrderNA SexNA - NANA OrderNA SexNA"
"NR X2 Order2 F - PR X6 Order2 F",-0.207232420166667,0.121442266201843,19,-1.7064274790643,1,"NANA OrderNA SexNA - NANA OrderNA SexNA"
"NR X2 Order2 F - NR X0 Order1 M",-0.145290190666667,0.13050072922406,19,-1.11332857318532,1,"NANA OrderNA SexNA - NANA OrderNA SexNA"
"NR X2 Order2 F - PR X0 Order1 M",0.0144901359999998,0.113766927810966,19,0.127366856772968,1,"NANA OrderNA SexNA - NANA OrderNA SexNA"
"NR X2 Order2 F - NR X1 Order1 M",-0.0847186101666669,0.104003369153971,19,-0.814575632076363,1,"NANA OrderNA SexNA - NANA OrderNA SexNA"
"NR X2 Order2 F - PR X1 Order1 M",-0.144329315166667,0.149643674003536,19,-0.964486578719366,1,"NANA OrderNA SexNA - NANA OrderNA SexNA"
"NR X2 Order2 F - NR X2 Order1 M",-0.0108071068333333,0.09956838985688,19,-0.108539535979918,1,"NANA OrderNA SexNA - NANA OrderNA SexNA"
"NR X2 Order2 F - PR X2 Order1 M",0.0422851436666665,0.0994149398114404,19,0.425339931270576,1,"NANA OrderNA SexNA - NANA OrderNA SexNA"
"NR X2 Order2 F - NR X3 Order1 M",-0.0568489538333332,0.173266589598474,19,-0.328101072255616,1,"NANA OrderNA SexNA - NANA OrderNA SexNA"
"NR X2 Order2 F - PR X3 Order1 M",-0.0760045171666669,0.182611670306117,19,-0.416208433115245,1,"NANA OrderNA SexNA - NANA OrderNA SexNA"
"NR X2 Order2 F - NR X4 Order1 M",-0.0462280993333334,0.109713509083758,19,-0.421352846330362,1,"NANA OrderNA SexNA - NANA OrderNA SexNA"
"NR X2 Order2 F - PR X4 Order1 M",-0.214967652,0.103212487623514,19,-2.08276786026253,1,"NANA OrderNA SexNA - NANA OrderNA SexNA"
"NR X2 Order2 F - NR X5 Order1 M",-0.0176841643333333,0.135544214206029,19,-0.130467865684426,1,"NANA OrderNA SexNA - NANA OrderNA SexNA"
"NR X2 Order2 F - PR X5 Order1 M",-0.0760107341666668,0.102983008268206,19,-0.73809005431951,1,"NANA OrderNA SexNA - NANA OrderNA SexNA"
"NR X2 Order2 F - NR X6 Order1 M",-0.226345274,0.137097777627433,19,-1.6509769736392,1,"NANA OrderNA SexNA - NANA OrderNA SexNA"
"NR X2 Order2 F - PR X6 Order1 M",-0.0815228341666668,0.127387816540627,19,-0.639957857670534,1,"NANA OrderNA SexNA - NANA OrderNA SexNA"
"NR X2 Order2 F - NR X0 Order2 M",-0.636965436833334,0.13050072922406,19,-4.88093392750099,0.158569276792406,"NANA OrderNA SexNA - NANA OrderNA SexNA"
"NR X2 Order2 F - PR X0 Order2 M",0.020639462333333,0.113766927810966,19,0.181418824701212,1,"NANA OrderNA SexNA - NANA OrderNA SexNA"
"NR X2 Order2 F - NR X1 Order2 M",-0.433625048666667,0.104003369153971,19,-4.16933655317177,0.786456439677134,"NANA OrderNA SexNA - NANA OrderNA SexNA"
"NR X2 Order2 F - PR X1 Order2 M",0.0982330589999999,0.149643674003536,19,0.65644645290972,1,"NANA OrderNA SexNA - NANA OrderNA SexNA"
"NR X2 Order2 F - NR X2 Order2 M",-0.253130915833333,0.09956838985688,19,-2.54228190490159,1,"NANA OrderNA SexNA - NANA OrderNA SexNA"
"NR X2 Order2 F - PR X2 Order2 M",0.0996195418333333,0.0994149398114404,19,1.00205806111517,1,"NANA OrderNA SexNA - NANA OrderNA SexNA"
"NR X2 Order2 F - NR X3 Order2 M",-0.4373663785,0.173266589598474,19,-2.52423955197333,1,"NANA OrderNA SexNA - NANA OrderNA SexNA"
"NR X2 Order2 F - PR X3 Order2 M",0.0766837838333331,0.182611670306117,19,0.419928166172434,1,"NANA OrderNA SexNA - NANA OrderNA SexNA"
"NR X2 Order2 F - NR X4 Order2 M",-0.275267052,0.109713509083758,19,-2.50896224447488,1,"NANA OrderNA SexNA - NANA OrderNA SexNA"
"NR X2 Order2 F - PR X4 Order2 M",0.0347908234999998,0.103212487623514,19,0.337079594737659,1,"NANA OrderNA SexNA - NANA OrderNA SexNA"
"NR X2 Order2 F - NR X5 Order2 M",-0.2089141695,0.135544214206029,19,-1.5412990567229,1,"NANA OrderNA SexNA - NANA OrderNA SexNA"
"NR X2 Order2 F - PR X5 Order2 M",-0.0691397958333335,0.102983008268206,19,-0.671370908618903,1,"NANA OrderNA SexNA - NANA OrderNA SexNA"
"NR X2 Order2 F - NR X6 Order2 M",-0.301472843833334,0.137097777627433,19,-2.19896229574628,1,"NANA OrderNA SexNA - NANA OrderNA SexNA"
"NR X2 Order2 F - PR X6 Order2 M",-0.180060365333334,0.127387816540627,19,-1.41348184012486,1,"NANA OrderNA SexNA - NANA OrderNA SexNA"
"PR X2 Order2 F - NR X3 Order2 F",-0.328689320833333,0.179621493375039,19,-1.82989972222895,1,"NANA OrderNA SexNA - NANA OrderNA SexNA"
"PR X2 Order2 F - PR X3 Order2 F",-0.140515213333333,0.122206468931113,19,-1.1498181279793,1,"NANA OrderNA SexNA - NANA OrderNA SexNA"
"PR X2 Order2 F - NR X4 Order2 F",-0.3296831705,0.057649298656918,19,-5.7187715753839,0.0251774757808182,"NANA OrderNA SexNA - NANA OrderNA SexNA"
"PR X2 Order2 F - PR X4 Order2 F",0.00669917466666667,0.0775602029029918,19,0.0863738672144223,1,"NANA OrderNA SexNA - NANA OrderNA SexNA"
"PR X2 Order2 F - NR X5 Order2 F",-0.230967406833333,0.124265993440579,19,-1.85865336475805,1,"NANA OrderNA SexNA - NANA OrderNA SexNA"
"PR X2 Order2 F - PR X5 Order2 F",-0.000950734833333324,0.0904018051628062,19,-0.0105167682395405,1,"NANA OrderNA SexNA - NANA OrderNA SexNA"
"PR X2 Order2 F - NR X6 Order2 F",-0.195218298166667,0.0925645955809148,19,-2.10899531231698,1,"NANA OrderNA SexNA - NANA OrderNA SexNA"
"PR X2 Order2 F - PR X6 Order2 F",-0.260239891333333,0.100602354474794,19,-2.58681710474816,1,"NANA OrderNA SexNA - NANA OrderNA SexNA"
"PR X2 Order2 F - NR X0 Order1 M",-0.198297661833333,0.130383688884124,19,-1.52087783012158,1,"NANA OrderNA SexNA - NANA OrderNA SexNA"
"PR X2 Order2 F - PR X0 Order1 M",-0.0385173351666667,0.113632653152895,19,-0.338963617392977,1,"NANA OrderNA SexNA - NANA OrderNA SexNA"
"PR X2 Order2 F - NR X1 Order1 M",-0.137726081333333,0.103856472087192,19,-1.32611938924428,1,"NANA OrderNA SexNA - NANA OrderNA SexNA"
"PR X2 Order2 F - PR X1 Order1 M",-0.197336786333333,0.149541616843932,19,-1.31961115907475,1,"NANA OrderNA SexNA - NANA OrderNA SexNA"
"PR X2 Order2 F - NR X2 Order1 M",-0.0638145779999998,0.0994149398114404,19,-0.641901288891152,1,"NANA OrderNA SexNA - NANA OrderNA SexNA"
"PR X2 Order2 F - PR X2 Order1 M",-0.0107223275,0.099261252544651,19,-0.108021279453196,1,"NANA OrderNA SexNA - NANA OrderNA SexNA"
"PR X2 Order2 F - NR X3 Order1 M",-0.109856425,0.173178454405006,19,-0.63435388297832,1,"NANA OrderNA SexNA - NANA OrderNA SexNA"
"PR X2 Order2 F - PR X3 Order1 M",-0.129011988333333,0.18252804751876,19,-0.706806379003608,1,"NANA OrderNA SexNA - NANA OrderNA SexNA"
"PR X2 Order2 F - NR X4 Order1 M",-0.0992355704999999,0.109574267391995,19,-0.905646671083739,1,"NANA OrderNA SexNA - NANA OrderNA SexNA"
"PR X2 Order2 F - PR X4 Order1 M",-0.267975123166667,0.103064463324925,19,-2.60007294970177,1,"NANA OrderNA SexNA - NANA OrderNA SexNA"
"PR X2 Order2 F - NR X5 Order1 M",-0.0706916354999998,0.135431532531204,19,-0.521973237537662,1,"NANA OrderNA SexNA - NANA OrderNA SexNA"
"PR X2 Order2 F - PR X5 Order1 M",-0.129018205333333,0.102834653648418,19,-1.25461797901741,1,"NANA OrderNA SexNA - NANA OrderNA SexNA"
"PR X2 Order2 F - NR X6 Order1 M",-0.279352745166667,0.136986373882229,19,-2.03927396024684,1,"NANA OrderNA SexNA - NANA OrderNA SexNA"
"PR X2 Order2 F - PR X6 Order1 M",-0.134530305333333,0.127267913481793,19,-1.05706380856617,1,"NANA OrderNA SexNA - NANA OrderNA SexNA"
"PR X2 Order2 F - NR X0 Order2 M",-0.689972908,0.130383688884124,19,-5.29186521646278,0.0638528656086614,"NANA OrderNA SexNA - NANA OrderNA SexNA"
"PR X2 Order2 F - PR X0 Order2 M",-0.0323680088333335,0.113632653152895,19,-0.284847778655504,1,"NANA OrderNA SexNA - NANA OrderNA SexNA"
"PR X2 Order2 F - NR X1 Order2 M",-0.486632519833334,0.103856472087192,19,-4.68562536405803,0.245462279882799,"NANA OrderNA SexNA - NANA OrderNA SexNA"
"PR X2 Order2 F - PR X1 Order2 M",0.0452255878333334,0.149541616843932,19,0.302428105217913,1,"NANA OrderNA SexNA - NANA OrderNA SexNA"
"PR X2 Order2 F - NR X2 Order2 M",-0.306138387,0.0994149398114404,19,-3.07940021470264,1,"NANA OrderNA SexNA - NANA OrderNA SexNA"
"PR X2 Order2 F - PR X2 Order2 M",0.0466120706666667,0.099261252544651,19,0.469589789285593,1,"NANA OrderNA SexNA - NANA OrderNA SexNA"
"PR X2 Order2 F - NR X3 Order2 M",-0.490373849666666,0.173178454405006,19,-2.83161003689204,1,"NANA OrderNA SexNA - NANA OrderNA SexNA"
"PR X2 Order2 F - PR X3 Order2 M",0.0236763126666666,0.18252804751876,19,0.129713285100653,1,"NANA OrderNA SexNA - NANA OrderNA SexNA"
"PR X2 Order2 F - NR X4 Order2 M",-0.328274523166667,0.109574267391995,19,-2.99590890251892,1,"NANA OrderNA SexNA - NANA OrderNA SexNA"
"PR X2 Order2 F - PR X4 Order2 M",-0.0182166476666667,0.103064463324925,19,-0.176750036617726,1,"NANA OrderNA SexNA - NANA OrderNA SexNA"
"PR X2 Order2 F - NR X5 Order2 M",-0.261921640666667,0.135431532531204,19,-1.93397826762625,1,"NANA OrderNA SexNA - NANA OrderNA SexNA"
"PR X2 Order2 F - PR X5 Order2 M",-0.122147267,0.102834653648418,19,-1.18780258080715,1,"NANA OrderNA SexNA - NANA OrderNA SexNA"
"PR X2 Order2 F - NR X6 Order2 M",-0.354480315,0.136986373882229,19,-2.58770492972357,1,"NANA OrderNA SexNA - NANA OrderNA SexNA"
"PR X2 Order2 F - PR X6 Order2 M",-0.2330678365,0.127267913481793,19,-1.83131655201798,1,"NANA OrderNA SexNA - NANA OrderNA SexNA"
"NR X3 Order2 F - PR X3 Order2 F",0.1881741075,0.237069987724746,19,0.79374917637606,1,"NANA OrderNA SexNA - NANA OrderNA SexNA"
"NR X3 Order2 F - NR X4 Order2 F",-0.000993849666666755,0.192042437219224,19,-0.0051751564969582,1,"NANA OrderNA SexNA - NANA OrderNA SexNA"
"NR X3 Order2 F - PR X4 Order2 F",0.3353884955,0.157749406185674,19,2.1260840443687,1,"NANA OrderNA SexNA - NANA OrderNA SexNA"
"NR X3 Order2 F - NR X5 Order2 F",0.0977219139999999,0.191918722010712,19,0.509183851247954,1,"NANA OrderNA SexNA - NANA OrderNA SexNA"
"NR X3 Order2 F - PR X5 Order2 F",0.327738586,0.151616166861093,19,2.16163350376919,1,"NANA OrderNA SexNA - NANA OrderNA SexNA"
"NR X3 Order2 F - NR X6 Order2 F",0.133471022666666,0.187750883489092,19,0.710894245535846,1,"NANA OrderNA SexNA - NANA OrderNA SexNA"
"NR X3 Order2 F - PR X6 Order2 F",0.0684494294999999,0.19904682253826,19,0.343886069755486,1,"NANA OrderNA SexNA - NANA OrderNA SexNA"
"NR X3 Order2 F - NR X0 Order1 M",0.130391659,0.192711927862304,19,0.676614366564621,1,"NANA OrderNA SexNA - NANA OrderNA SexNA"
"NR X3 Order2 F - PR X0 Order1 M",0.290171985666666,0.181797581600911,19,1.59612676423641,1,"NANA OrderNA SexNA - NANA OrderNA SexNA"
"NR X3 Order2 F - NR X1 Order1 M",0.1909632395,0.175852630369215,19,1.08592768330539,1,"NANA OrderNA SexNA - NANA OrderNA SexNA"
"NR X3 Order2 F - PR X1 Order1 M",0.1313525345,0.206156920770735,19,0.637148314055755,1,"NANA OrderNA SexNA - NANA OrderNA SexNA"
"NR X3 Order2 F - NR X2 Order1 M",0.264874742833333,0.173266589598474,19,1.52871216226481,1,"NANA OrderNA SexNA - NANA OrderNA SexNA"
"NR X3 Order2 F - PR X2 Order1 M",0.317966993333333,0.173178454405006,19,1.83606554536926,1,"NANA OrderNA SexNA - NANA OrderNA SexNA"
"NR X3 Order2 F - NR X3 Order1 M",0.218832895833333,0.223894524014056,19,0.977392800458108,1,"NANA OrderNA SexNA - NANA OrderNA SexNA"
"NR X3 Order2 F - PR X3 Order1 M",0.1996773325,0.231202225215037,19,0.863647970145112,1,"NANA OrderNA SexNA - NANA OrderNA SexNA"
"NR X3 Order2 F - NR X4 Order1 M",0.229453750333333,0.179288875527363,19,1.279799149046,1,"NANA OrderNA SexNA - NANA OrderNA SexNA"
"NR X3 Order2 F - PR X4 Order1 M",0.0607141976666665,0.175386043953983,19,0.346174623122215,1,"NANA OrderNA SexNA - NANA OrderNA SexNA"
"NR X3 Order2 F - NR X5 Order1 M",0.257997685333333,0.196162383797517,19,1.31522507189576,1,"NANA OrderNA SexNA - NANA OrderNA SexNA"
"NR X3 Order2 F - PR X5 Order1 M",0.1996711155,0.175251096442687,19,1.13934303153019,1,"NANA OrderNA SexNA - NANA OrderNA SexNA"
"NR X3 Order2 F - NR X6 Order1 M",0.0493365756666664,0.197239061655585,19,0.250135927703899,1,"NANA OrderNA SexNA - NANA OrderNA SexNA"
"NR X3 Order2 F - PR X6 Order1 M",0.1941590155,0.190617687047616,19,1.01857817344882,1,"NANA OrderNA SexNA - NANA OrderNA SexNA"
"NR X3 Order2 F - NR X0 Order2 M",-0.361283587166667,0.192711927862304,19,-1.87473391592455,1,"NANA OrderNA SexNA - NANA OrderNA SexNA"
"NR X3 Order2 F - PR X0 Order2 M",0.296321312,0.181797581600911,19,1.62995189149708,1,"NANA OrderNA SexNA - NANA OrderNA SexNA"
"NR X3 Order2 F - NR X1 Order2 M",-0.157943199,0.175852630369215,19,-0.898156590938604,1,"NANA OrderNA SexNA - NANA OrderNA SexNA"
"NR X3 Order2 F - PR X1 Order2 M",0.373914908666667,0.206156920770735,19,1.81373929756398,1,"NANA OrderNA SexNA - NANA OrderNA SexNA"
"NR X3 Order2 F - NR X2 Order2 M",0.0225509338333332,0.173266589598474,19,0.130151657544553,1,"NANA OrderNA SexNA - NANA OrderNA SexNA"
"NR X3 Order2 F - PR X2 Order2 M",0.3753013915,0.173178454405006,19,2.16713674220868,1,"NANA OrderNA SexNA - NANA OrderNA SexNA"
"NR X3 Order2 F - NR X3 Order2 M",-0.161684528833333,0.223894524014056,19,-0.722145972731261,1,"NANA OrderNA SexNA - NANA OrderNA SexNA"
"NR X3 Order2 F - PR X3 Order2 M",0.3523656335,0.231202225215037,19,1.52405814075652,1,"NANA OrderNA SexNA - NANA OrderNA SexNA"
"NR X3 Order2 F - NR X4 Order2 M",0.00041479766666657,0.179288875527363,19,0.00231357168952327,1,"NANA OrderNA SexNA - NANA OrderNA SexNA"
"NR X3 Order2 F - PR X4 Order2 M",0.310472673166666,0.175386043953983,19,1.77022450684917,1,"NANA OrderNA SexNA - NANA OrderNA SexNA"
"NR X3 Order2 F - NR X5 Order2 M",0.0667676801666666,0.196162383797517,19,0.34036943716786,1,"NANA OrderNA SexNA - NANA OrderNA SexNA"
"NR X3 Order2 F - PR X5 Order2 M",0.206542053833333,0.175251096442687,19,1.17854928172092,1,"NANA OrderNA SexNA - NANA OrderNA SexNA"
"NR X3 Order2 F - NR X6 Order2 M",-0.025790994166667,0.197239061655585,19,-0.130760073335285,1,"NANA OrderNA SexNA - NANA OrderNA SexNA"
"NR X3 Order2 F - PR X6 Order2 M",0.095621484333333,0.190617687047616,19,0.501640145856175,1,"NANA OrderNA SexNA - NANA OrderNA SexNA"
"PR X3 Order2 F - NR X4 Order2 F",-0.189167957166667,0.136368221262455,19,-1.38718504513301,1,"NANA OrderNA SexNA - NANA OrderNA SexNA"
"PR X3 Order2 F - PR X4 Order2 F",0.147214388,0.147686207818613,19,0.996805254697901,1,"NANA OrderNA SexNA - NANA OrderNA SexNA"
"PR X3 Order2 F - NR X5 Order2 F",-0.0904521934999998,0.18583577720295,19,-0.486731860040156,1,"NANA OrderNA SexNA - NANA OrderNA SexNA"
"PR X3 Order2 F - PR X5 Order2 F",0.1395644785,0.161393993850508,19,0.864743942263875,1,"NANA OrderNA SexNA - NANA OrderNA SexNA"
"PR X3 Order2 F - NR X6 Order2 F",-0.0547030848333334,0.150055203727268,19,-0.364553067634754,1,"NANA OrderNA SexNA - NANA OrderNA SexNA"
"PR X3 Order2 F - PR X6 Order2 F",-0.119724678,0.119870011558983,19,-0.998787573663395,1,"NANA OrderNA SexNA - NANA OrderNA SexNA"
"PR X3 Order2 F - NR X0 Order1 M",-0.0577824484999999,0.201155656647557,19,-0.287252416675709,1,"NANA OrderNA SexNA - NANA OrderNA SexNA"
"PR X3 Order2 F - PR X0 Order1 M",0.101997878166667,0.190725120885645,19,0.534789951596478,1,"NANA OrderNA SexNA - NANA OrderNA SexNA"
"PR X3 Order2 F - NR X1 Order1 M",0.00278913199999997,0.185067173395704,19,0.0150709169477417,1,"NANA OrderNA SexNA - NANA OrderNA SexNA"
"PR X3 Order2 F - PR X1 Order1 M",-0.056821573,0.214070985989637,19,-0.265433322210002,1,"NANA OrderNA SexNA - NANA OrderNA SexNA"
"PR X3 Order2 F - NR X2 Order1 M",0.0767006353333336,0.182611670306117,19,0.420020446693018,1,"NANA OrderNA SexNA - NANA OrderNA SexNA"
"PR X3 Order2 F - PR X2 Order1 M",0.129792885833333,0.18252804751876,19,0.711084611914195,1,"NANA OrderNA SexNA - NANA OrderNA SexNA"
"PR X3 Order2 F - NR X3 Order1 M",0.0306587883333336,0.231202225215037,19,0.132605939691188,1,"NANA OrderNA SexNA - NANA OrderNA SexNA"
"PR X3 Order2 F - PR X3 Order1 M",0.011503225,0.238285920703026,19,0.0482748832413661,1,"NANA OrderNA SexNA - NANA OrderNA SexNA"
"PR X3 Order2 F - NR X4 Order1 M",0.0412796428333335,0.188335370944415,19,0.219181572884239,1,"NANA OrderNA SexNA - NANA OrderNA SexNA"
"PR X3 Order2 F - PR X4 Order1 M",-0.127459909833333,0.184623875689827,19,-0.690376092242097,1,"NANA OrderNA SexNA - NANA OrderNA SexNA"
"PR X3 Order2 F - NR X5 Order1 M",0.0698235778333336,0.204463668846151,19,0.341496258124335,1,"NANA OrderNA SexNA - NANA OrderNA SexNA"
"PR X3 Order2 F - PR X5 Order1 M",0.0114970080000001,0.184495685221275,19,0.0623158638437051,1,"NANA OrderNA SexNA - NANA OrderNA SexNA"
"PR X3 Order2 F - NR X6 Order1 M",-0.138837531833333,0.205496857649161,19,-0.675618758464748,1,"NANA OrderNA SexNA - NANA OrderNA SexNA"
"PR X3 Order2 F - PR X6 Order1 M",0.00598490800000009,0.199150228913469,19,0.0300522275703763,1,"NANA OrderNA SexNA - NANA OrderNA SexNA"
"PR X3 Order2 F - NR X0 Order2 M",-0.549457694666667,0.201155656647557,19,-2.7315050634115,1,"NANA OrderNA SexNA - NANA OrderNA SexNA"
"PR X3 Order2 F - PR X0 Order2 M",0.1081472045,0.190725120885645,19,0.567031778497824,1,"NANA OrderNA SexNA - NANA OrderNA SexNA"
"PR X3 Order2 F - NR X1 Order2 M",-0.3461173065,0.185067173395704,19,-1.87022528171403,1,"NANA OrderNA SexNA - NANA OrderNA SexNA"
"PR X3 Order2 F - PR X1 Order2 M",0.185740801166667,0.214070985989637,19,0.867659857350584,1,"NANA OrderNA SexNA - NANA OrderNA SexNA"
"PR X3 Order2 F - NR X2 Order2 M",-0.165623173666667,0.182611670306117,19,-0.906969271947556,1,"NANA OrderNA SexNA - NANA OrderNA SexNA"
"PR X3 Order2 F - PR X2 Order2 M",0.187127284,0.18252804751876,19,1.02519742332075,1,"NANA OrderNA SexNA - NANA OrderNA SexNA"
"PR X3 Order2 F - NR X3 Order2 M",-0.349858636333333,0.231202225215037,19,-1.51321483176875,1,"NANA OrderNA SexNA - NANA OrderNA SexNA"
"PR X3 Order2 F - PR X3 Order2 M",0.164191526,0.238285920703026,19,0.689052569768194,1,"NANA OrderNA SexNA - NANA OrderNA SexNA"
"PR X3 Order2 F - NR X4 Order2 M",-0.187759309833333,0.188335370944415,19,-0.996941301529326,1,"NANA OrderNA SexNA - NANA OrderNA SexNA"
"PR X3 Order2 F - PR X4 Order2 M",0.122298565666667,0.184623875689827,19,0.662420097128346,1,"NANA OrderNA SexNA - NANA OrderNA SexNA"
"PR X3 Order2 F - NR X5 Order2 M",-0.121406427333333,0.204463668846151,19,-0.593779951315878,1,"NANA OrderNA SexNA - NANA OrderNA SexNA"
"PR X3 Order2 F - PR X5 Order2 M",0.0183679463333333,0.184495685221275,19,0.0995575929664896,1,"NANA OrderNA SexNA - NANA OrderNA SexNA"
"PR X3 Order2 F - NR X6 Order2 M",-0.213965101666667,0.205496857649161,19,-1.04120863021644,1,"NANA OrderNA SexNA - NANA OrderNA SexNA"
"PR X3 Order2 F - PR X6 Order2 M",-0.0925526231666668,0.199150228913469,19,-0.464737719216387,1,"NANA OrderNA SexNA - NANA OrderNA SexNA"
"NR X4 Order2 F - PR X4 Order2 F",0.336382345166667,0.0874032558284337,19,3.84862488220074,1,"NANA OrderNA SexNA - NANA OrderNA SexNA"
"NR X4 Order2 F - NR X5 Order2 F",0.0987157636666667,0.124636735036805,19,0.792027837037899,1,"NANA OrderNA SexNA - NANA OrderNA SexNA"
"NR X4 Order2 F - PR X5 Order2 F",0.328732435666667,0.100014626360262,19,3.28684361107887,1,"NANA OrderNA SexNA - NANA OrderNA SexNA"
"NR X4 Order2 F - NR X6 Order2 F",0.134464872333333,0.0931973072453775,19,1.44279782654345,1,"NANA OrderNA SexNA - NANA OrderNA SexNA"
"NR X4 Order2 F - PR X6 Order2 F",0.0694432791666666,0.0957438914866221,19,0.725302451032812,1,"NANA OrderNA SexNA - NANA OrderNA SexNA"
"NR X4 Order2 F - NR X0 Order1 M",0.131385508666667,0.138396640655731,19,0.949340302222329,1,"NANA OrderNA SexNA - NANA OrderNA SexNA"
"NR X4 Order2 F - PR X0 Order1 M",0.291165835333333,0.122744057617164,19,2.37213793470535,1,"NANA OrderNA SexNA - NANA OrderNA SexNA"
"NR X4 Order2 F - NR X1 Order1 M",0.191957089166667,0.113753639995199,19,1.68748085050086,1,"NANA OrderNA SexNA - NANA OrderNA SexNA"
"NR X4 Order2 F - PR X1 Order1 M",0.132346384166667,0.156577198167731,19,0.845246854046352,1,"NANA OrderNA SexNA - NANA OrderNA SexNA"
"NR X4 Order2 F - NR X2 Order1 M",0.2658685925,0.109713509083758,19,2.42329859577302,1,"NANA OrderNA SexNA - NANA OrderNA SexNA"
"NR X4 Order2 F - PR X2 Order1 M",0.318960843,0.109574267391995,19,2.91091011230709,1,"NANA OrderNA SexNA - NANA OrderNA SexNA"
"NR X4 Order2 F - NR X3 Order1 M",0.2198267455,0.179288875527363,19,1.22610365452624,1,"NANA OrderNA SexNA - NANA OrderNA SexNA"
"NR X4 Order2 F - PR X3 Order1 M",0.200671182166667,0.188335370944415,19,1.06549917394908,1,"NANA OrderNA SexNA - NANA OrderNA SexNA"
"NR X4 Order2 F - NR X4 Order1 M",0.2304476,0.118996823034281,19,1.93658615519183,1,"NANA OrderNA SexNA - NANA OrderNA SexNA"
"NR X4 Order2 F - PR X4 Order1 M",0.0617080473333333,0.113031002022517,19,0.545939133770047,1,"NANA OrderNA SexNA - NANA OrderNA SexNA"
"NR X4 Order2 F - NR X5 Order1 M",0.258991535,0.143162229032347,19,1.80907727373735,1,"NANA OrderNA SexNA - NANA OrderNA SexNA"
"NR X4 Order2 F - PR X5 Order1 M",0.200664965166667,0.112821495331118,19,1.77860579296292,1,"NANA OrderNA SexNA - NANA OrderNA SexNA"
"NR X4 Order2 F - NR X6 Order1 M",0.0503304253333331,0.144633987869938,19,0.347984772283212,1,"NANA OrderNA SexNA - NANA OrderNA SexNA"
"NR X4 Order2 F - PR X6 Order1 M",0.195152865166667,0.135465293045003,19,1.44061154543721,1,"NANA OrderNA SexNA - NANA OrderNA SexNA"
"NR X4 Order2 F - NR X0 Order2 M",-0.3602897375,0.138396640655731,19,-2.6033127378882,1,"NANA OrderNA SexNA - NANA OrderNA SexNA"
"NR X4 Order2 F - PR X0 Order2 M",0.297315161666666,0.122744057617164,19,2.42223670488381,1,"NANA OrderNA SexNA - NANA OrderNA SexNA"
"NR X4 Order2 F - NR X1 Order2 M",-0.156949349333334,0.113753639995199,19,-1.37973034832079,1,"NANA OrderNA SexNA - NANA OrderNA SexNA"
"NR X4 Order2 F - PR X1 Order2 M",0.374908758333333,0.156577198167731,19,2.39440201204596,1,"NANA OrderNA SexNA - NANA OrderNA SexNA"
"NR X4 Order2 F - NR X2 Order2 M",0.0235447835,0.109713509083758,19,0.214602410374327,1,"NANA OrderNA SexNA - NANA OrderNA SexNA"
"NR X4 Order2 F - PR X2 Order2 M",0.376295241166667,0.109574267391995,19,3.43415703452065,1,"NANA OrderNA SexNA - NANA OrderNA SexNA"
"NR X4 Order2 F - NR X3 Order2 M",-0.160690679166666,0.179288875527363,19,-0.896266869285717,1,"NANA OrderNA SexNA - NANA OrderNA SexNA"
"NR X4 Order2 F - PR X3 Order2 M",0.353359483166667,0.188335370944415,19,1.87622474416108,1,"NANA OrderNA SexNA - NANA OrderNA SexNA"
"NR X4 Order2 F - NR X4 Order2 M",0.00140864733333333,0.118996823034281,19,0.0118376885820516,1,"NANA OrderNA SexNA - NANA OrderNA SexNA"
"NR X4 Order2 F - PR X4 Order2 M",0.311466522833333,0.113031002022517,19,2.75558490378848,1,"NANA OrderNA SexNA - NANA OrderNA SexNA"
"NR X4 Order2 F - NR X5 Order2 M",0.0677615298333334,0.143162229032347,19,0.473319885359029,1,"NANA OrderNA SexNA - NANA OrderNA SexNA"
"NR X4 Order2 F - PR X5 Order2 M",0.2075359035,0.112821495331118,19,1.83950676146337,1,"NANA OrderNA SexNA - NANA OrderNA SexNA"
"NR X4 Order2 F - NR X6 Order2 M",-0.0247971445000003,0.144633987869938,19,-0.17144756129036,1,"NANA OrderNA SexNA - NANA OrderNA SexNA"
"NR X4 Order2 F - PR X6 Order2 M",0.0966153339999998,0.135465293045003,19,0.713210976983625,1,"NANA OrderNA SexNA - NANA OrderNA SexNA"
"PR X4 Order2 F - NR X5 Order2 F",-0.2376665815,0.135709795236727,19,-1.75128538868858,1,"NANA OrderNA SexNA - NANA OrderNA SexNA"
"PR X4 Order2 F - PR X5 Order2 F",-0.00764990949999999,0.0808495550412081,19,-0.0946190674283974,1,"NANA OrderNA SexNA - NANA OrderNA SexNA"
"PR X4 Order2 F - NR X6 Order2 F",-0.201917472833334,0.126231880977414,19,-1.59957588582129,1,"NANA OrderNA SexNA - NANA OrderNA SexNA"
"PR X4 Order2 F - PR X6 Order2 F",-0.266939066,0.0977571433854676,19,-2.73063488514009,1,"NANA OrderNA SexNA - NANA OrderNA SexNA"
"PR X4 Order2 F - NR X0 Order1 M",-0.2049968365,0.133301889224248,19,-1.53783894356622,1,"NANA OrderNA SexNA - NANA OrderNA SexNA"
"PR X4 Order2 F - PR X0 Order1 M",-0.0452165098333334,0.116969514003812,19,-0.386566621383585,1,"NANA OrderNA SexNA - NANA OrderNA SexNA"
"PR X4 Order2 F - NR X1 Order1 M",-0.144425256,0.107497228513667,19,-1.34352539127684,1,"NANA OrderNA SexNA - NANA OrderNA SexNA"
"PR X4 Order2 F - PR X1 Order1 M",-0.204035961,0.152092677378035,19,-1.34152389528167,1,"NANA OrderNA SexNA - NANA OrderNA SexNA"
"PR X4 Order2 F - NR X2 Order1 M",-0.0705137526666665,0.103212487623514,19,-0.683190128348402,1,"NANA OrderNA SexNA - NANA OrderNA SexNA"
"PR X4 Order2 F - PR X2 Order1 M",-0.0174215021666667,0.103064463324925,19,-0.169035005904441,1,"NANA OrderNA SexNA - NANA OrderNA SexNA"
"PR X4 Order2 F - NR X3 Order1 M",-0.116555599666666,0.175386043953984,19,-0.664565988484508,1,"NANA OrderNA SexNA - NANA OrderNA SexNA"
"PR X4 Order2 F - PR X3 Order1 M",-0.135711163,0.184623875689827,19,-0.735068324684065,1,"NANA OrderNA SexNA - NANA OrderNA SexNA"
"PR X4 Order2 F - NR X4 Order1 M",-0.105934745166667,0.113031002022517,19,-0.937218491131869,1,"NANA OrderNA SexNA - NANA OrderNA SexNA"
"PR X4 Order2 F - PR X4 Order1 M",-0.274674297833333,0.106732239478878,19,-2.57348950208893,1,"NANA OrderNA SexNA - NANA OrderNA SexNA"
"PR X4 Order2 F - NR X5 Order1 M",-0.0773908101666665,0.138243218088528,19,-0.559816323988545,1,"NANA OrderNA SexNA - NANA OrderNA SexNA"
"PR X4 Order2 F - PR X5 Order1 M",-0.13571738,0.106510343792102,19,-1.27421783808065,1,"NANA OrderNA SexNA - NANA OrderNA SexNA"
"PR X4 Order2 F - NR X6 Order1 M",-0.286051919833334,0.139766784226881,19,-2.0466373424532,1,"NANA OrderNA SexNA - NANA OrderNA SexNA"
"PR X4 Order2 F - PR X6 Order1 M",-0.14122948,0.130255937084384,19,-1.08424600951976,1,"NANA OrderNA SexNA - NANA OrderNA SexNA"
"PR X4 Order2 F - NR X0 Order2 M",-0.696672082666667,0.133301889224248,19,-5.22627313626953,0.0737561456093223,"NANA OrderNA SexNA - NANA OrderNA SexNA"
"PR X4 Order2 F - PR X0 Order2 M",-0.0390671835000002,0.116969514003812,19,-0.33399457826872,1,"NANA OrderNA SexNA - NANA OrderNA SexNA"
"PR X4 Order2 F - NR X1 Order2 M",-0.4933316945,0.107497228513667,19,-4.58925035855486,0.304823612372629,"NANA OrderNA SexNA - NANA OrderNA SexNA"
"PR X4 Order2 F - PR X1 Order2 M",0.0385264131666667,0.152092677378035,19,0.253308797180992,1,"NANA OrderNA SexNA - NANA OrderNA SexNA"
"PR X4 Order2 F - NR X2 Order2 M",-0.312837561666667,0.103212487623514,19,-3.03100495753767,1,"NANA OrderNA SexNA - NANA OrderNA SexNA"
"PR X4 Order2 F - PR X2 Order2 M",0.039912896,0.103064463324925,19,0.387261474153018,1,"NANA OrderNA SexNA - NANA OrderNA SexNA"
"PR X4 Order2 F - NR X3 Order2 M",-0.497073024333333,0.175386043953983,19,-2.83416521136512,1,"NANA OrderNA SexNA - NANA OrderNA SexNA"
"PR X4 Order2 F - PR X3 Order2 M",0.0169771379999999,0.184623875689827,19,0.0919552681719343,1,"NANA OrderNA SexNA - NANA OrderNA SexNA"
"PR X4 Order2 F - NR X4 Order2 M",-0.334973697833333,0.113031002022517,19,-2.96355594340925,1,"NANA OrderNA SexNA - NANA OrderNA SexNA"
"PR X4 Order2 F - PR X4 Order2 M",-0.0249158223333334,0.106732239478878,19,-0.23344232684506,1,"NANA OrderNA SexNA - NANA OrderNA SexNA"
"PR X4 Order2 F - NR X5 Order2 M",-0.268620815333333,0.138243218088528,19,-1.9431030255771,1,"NANA OrderNA SexNA - NANA OrderNA SexNA"
"PR X4 Order2 F - PR X5 Order2 M",-0.128846441666667,0.106510343792102,19,-1.20970825066683,1,"NANA OrderNA SexNA - NANA OrderNA SexNA"
"PR X4 Order2 F - NR X6 Order2 M",-0.361179489666667,0.139766784226881,19,-2.58415825809063,1,"NANA OrderNA SexNA - NANA OrderNA SexNA"
"PR X4 Order2 F - PR X6 Order2 M",-0.239767011166667,0.130255937084384,19,-1.84073767794046,1,"NANA OrderNA SexNA - NANA OrderNA SexNA"
"NR X5 Order2 F - PR X5 Order2 F",0.230016672,0.113842532300139,19,2.02048098678599,1,"NANA OrderNA SexNA - NANA OrderNA SexNA"
"NR X5 Order2 F - NR X6 Order2 F",0.0357491086666664,0.116151332464577,19,0.307780443909836,1,"NANA OrderNA SexNA - NANA OrderNA SexNA"
"NR X5 Order2 F - PR X6 Order2 F",-0.0292724845000001,0.147655076287168,19,-0.198249089947096,1,"NANA OrderNA SexNA - NANA OrderNA SexNA"
"NR X5 Order2 F - NR X0 Order1 M",0.032669745,0.1596521533649,19,0.2046307820561,1,"NANA OrderNA SexNA - NANA OrderNA SexNA"
"NR X5 Order2 F - PR X0 Order1 M",0.192450071666667,0.146291775604727,19,1.31552215338925,1,"NANA OrderNA SexNA - NANA OrderNA SexNA"
"NR X5 Order2 F - NR X1 Order1 M",0.0932413254999998,0.138834687817618,19,0.671599633821252,1,"NANA OrderNA SexNA - NANA OrderNA SexNA"
"NR X5 Order2 F - PR X1 Order1 M",0.0336306204999999,0.175646232283288,19,0.191467929956842,1,"NANA OrderNA SexNA - NANA OrderNA SexNA"
"NR X5 Order2 F - NR X2 Order1 M",0.167152828833333,0.135544214206029,19,1.23319781528453,1,"NANA OrderNA SexNA - NANA OrderNA SexNA"
"NR X5 Order2 F - PR X2 Order1 M",0.220245079333333,0.135431532531204,19,1.62624667399808,1,"NANA OrderNA SexNA - NANA OrderNA SexNA"
"NR X5 Order2 F - NR X3 Order1 M",0.121110981833333,0.196162383797517,19,0.617401662279689,1,"NANA OrderNA SexNA - NANA OrderNA SexNA"
"NR X5 Order2 F - PR X3 Order1 M",0.1019554185,0.204463668846151,19,0.498648092716738,1,"NANA OrderNA SexNA - NANA OrderNA SexNA"
"NR X5 Order2 F - NR X4 Order1 M",0.131731836333333,0.143162229032347,19,0.92015776244703,1,"NANA OrderNA SexNA - NANA OrderNA SexNA"
"NR X5 Order2 F - PR X4 Order1 M",-0.0370077163333334,0.138243218088528,19,-0.267700049557834,1,"NANA OrderNA SexNA - NANA OrderNA SexNA"
"NR X5 Order2 F - NR X5 Order1 M",0.160275771333333,0.163800499848957,19,0.978481576558839,1,"NANA OrderNA SexNA - NANA OrderNA SexNA"
"NR X5 Order2 F - PR X5 Order1 M",0.1019492015,0.138071973035833,19,0.738377233687693,1,"NANA OrderNA SexNA - NANA OrderNA SexNA"
"NR X5 Order2 F - NR X6 Order1 M",-0.0483853383333336,0.165088371414886,19,-0.293087501673486,1,"NANA OrderNA SexNA - NANA OrderNA SexNA"
"NR X5 Order2 F - PR X6 Order1 M",0.0964371014999999,0.157117871513799,19,0.613788237906024,1,"NANA OrderNA SexNA - NANA OrderNA SexNA"
"NR X5 Order2 F - NR X0 Order2 M",-0.459005501166667,0.1596521533649,19,-2.87503482723196,1,"NANA OrderNA SexNA - NANA OrderNA SexNA"
"NR X5 Order2 F - PR X0 Order2 M",0.198599398,0.146291775604727,19,1.35755682217301,1,"NANA OrderNA SexNA - NANA OrderNA SexNA"
"NR X5 Order2 F - NR X1 Order2 M",-0.255665113,0.138834687817618,19,-1.84150745767411,1,"NANA OrderNA SexNA - NANA OrderNA SexNA"
"NR X5 Order2 F - PR X1 Order2 M",0.276192994666667,0.175646232283288,19,1.57243905022234,1,"NANA OrderNA SexNA - NANA OrderNA SexNA"
"NR X5 Order2 F - NR X2 Order2 M",-0.0751709801666667,0.135544214206029,19,-0.554586417480024,1,"NANA OrderNA SexNA - NANA OrderNA SexNA"
"NR X5 Order2 F - PR X2 Order2 M",0.2775794775,0.135431532531204,19,2.0495926783967,1,"NANA OrderNA SexNA - NANA OrderNA SexNA"
"NR X5 Order2 F - NR X3 Order2 M",-0.259406442833333,0.196162383797517,19,-1.32240666029578,1,"NANA OrderNA SexNA - NANA OrderNA SexNA"
"NR X5 Order2 F - PR X3 Order2 M",0.2546437195,0.204463668846151,19,1.2454228222404,1,"NANA OrderNA SexNA - NANA OrderNA SexNA"
"NR X5 Order2 F - NR X4 Order2 M",-0.0973071163333334,0.143162229032347,19,-0.679698248560711,1,"NANA OrderNA SexNA - NANA OrderNA SexNA"
"NR X5 Order2 F - PR X4 Order2 M",0.212750759166667,0.138243218088528,19,1.53895982825302,1,"NANA OrderNA SexNA - NANA OrderNA SexNA"
"NR X5 Order2 F - NR X5 Order2 M",-0.0309542338333333,0.163800499848957,19,-0.188975209855139,1,"NANA OrderNA SexNA - NANA OrderNA SexNA"
"NR X5 Order2 F - PR X5 Order2 M",0.108820139833333,0.138071973035833,19,0.788140688082237,1,"NANA OrderNA SexNA - NANA OrderNA SexNA"
"NR X5 Order2 F - NR X6 Order2 M",-0.123512908166667,0.165088371414886,19,-0.748162375751256,1,"NANA OrderNA SexNA - NANA OrderNA SexNA"
"NR X5 Order2 F - PR X6 Order2 M",-0.00210042966666691,0.157117871513799,19,-0.0133684961897058,1,"NANA OrderNA SexNA - NANA OrderNA SexNA"
"PR X5 Order2 F - NR X6 Order2 F",-0.194267563333334,0.115426612537757,19,-1.68303963065525,1,"NANA OrderNA SexNA - NANA OrderNA SexNA"
"PR X5 Order2 F - PR X6 Order2 F",-0.2592891565,0.094377627465698,19,-2.7473582824938,1,"NANA OrderNA SexNA - NANA OrderNA SexNA"
"PR X5 Order2 F - NR X0 Order1 M",-0.197346927,0.133124288021717,19,-1.48242615928812,1,"NANA OrderNA SexNA - NANA OrderNA SexNA"
"PR X5 Order2 F - PR X0 Order1 M",-0.0375666003333334,0.116767074112625,19,-0.321722545664709,1,"NANA OrderNA SexNA - NANA OrderNA SexNA"
"PR X5 Order2 F - NR X1 Order1 M",-0.1367753465,0.107276915171228,19,-1.27497464185737,1,"NANA OrderNA SexNA - NANA OrderNA SexNA"
"PR X5 Order2 F - PR X1 Order1 M",-0.1963860515,0.151937042562222,19,-1.29254886226692,1,"NANA OrderNA SexNA - NANA OrderNA SexNA"
"PR X5 Order2 F - NR X2 Order1 M",-0.0628638431666665,0.102983008268206,19,-0.610429275895161,1,"NANA OrderNA SexNA - NANA OrderNA SexNA"
"PR X5 Order2 F - PR X2 Order1 M",-0.00977159266666669,0.102834653648418,19,-0.0950223715448573,1,"NANA OrderNA SexNA - NANA OrderNA SexNA"
"PR X5 Order2 F - NR X3 Order1 M",-0.108905690166666,0.175251096442687,19,-0.621426583783356,1,"NANA OrderNA SexNA - NANA OrderNA SexNA"
"PR X5 Order2 F - PR X3 Order1 M",-0.1280612535,0.184495685221275,19,-0.69411516776888,1,"NANA OrderNA SexNA - NANA OrderNA SexNA"
"PR X5 Order2 F - NR X4 Order1 M",-0.0982848356666666,0.112821495331118,19,-0.871153456867521,1,"NANA OrderNA SexNA - NANA OrderNA SexNA"
"PR X5 Order2 F - PR X4 Order1 M",-0.267024388333333,0.106510343792102,19,-2.50702775736541,1,"NANA OrderNA SexNA - NANA OrderNA SexNA"
"PR X5 Order2 F - NR X5 Order1 M",-0.0697409006666665,0.138071973035833,19,-0.505105410846612,1,"NANA OrderNA SexNA - NANA OrderNA SexNA"
"PR X5 Order2 F - PR X5 Order1 M",-0.1280674705,0.106287984858342,19,-1.20491013796794,1,"NANA OrderNA SexNA - NANA OrderNA SexNA"
"PR X5 Order2 F - NR X6 Order1 M",-0.278402010333334,0.139597408155234,19,-1.99432076864742,1,"NANA OrderNA SexNA - NANA OrderNA SexNA"
"PR X5 Order2 F - PR X6 Order1 M",-0.1335795705,0.130074177053965,19,-1.02694918795896,1,"NANA OrderNA SexNA - NANA OrderNA SexNA"
"PR X5 Order2 F - NR X0 Order2 M",-0.689022173166667,0.133124288021717,19,-5.17578109453823,0.0823721087941114,"NANA OrderNA SexNA - NANA OrderNA SexNA"
"PR X5 Order2 F - PR X0 Order2 M",-0.0314172740000002,0.116767074112625,19,-0.269059358031849,1,"NANA OrderNA SexNA - NANA OrderNA SexNA"
"PR X5 Order2 F - NR X1 Order2 M",-0.485681785,0.107276915171228,19,-4.52736531643167,0.350018534559103,"NANA OrderNA SexNA - NANA OrderNA SexNA"
"PR X5 Order2 F - PR X1 Order2 M",0.0461763226666667,0.151937042562222,19,0.303917477186357,1,"NANA OrderNA SexNA - NANA OrderNA SexNA"
"PR X5 Order2 F - NR X2 Order2 M",-0.305187652166667,0.102983008268206,19,-2.96347579371389,1,"NANA OrderNA SexNA - NANA OrderNA SexNA"
"PR X5 Order2 F - PR X2 Order2 M",0.0475628055,0.102834653648418,19,0.462517291715814,1,"NANA OrderNA SexNA - NANA OrderNA SexNA"
"PR X5 Order2 F - NR X3 Order2 M",-0.489423114833333,0.175251096442687,19,-2.79269644965326,1,"NANA OrderNA SexNA - NANA OrderNA SexNA"
"PR X5 Order2 F - PR X3 Order2 M",0.0246270474999999,0.184495685221275,19,0.133483053928678,1,"NANA OrderNA SexNA - NANA OrderNA SexNA"
"PR X5 Order2 F - NR X4 Order2 M",-0.327323788333333,0.112821495331118,19,-2.90125376704745,1,"NANA OrderNA SexNA - NANA OrderNA SexNA"
"PR X5 Order2 F - PR X4 Order2 M",-0.0172659128333334,0.106510343792102,19,-0.162105502795435,1,"NANA OrderNA SexNA - NANA OrderNA SexNA"
"PR X5 Order2 F - NR X5 Order2 M",-0.260970905833333,0.138071973035833,19,-1.89010774667213,1,"NANA OrderNA SexNA - NANA OrderNA SexNA"
"PR X5 Order2 F - PR X5 Order2 M",-0.121196532166667,0.106287984858342,19,-1.14026559378461,1,"NANA OrderNA SexNA - NANA OrderNA SexNA"
"PR X5 Order2 F - NR X6 Order2 M",-0.353529580166667,0.139597408155234,19,-2.53249386817797,1,"NANA OrderNA SexNA - NANA OrderNA SexNA"
"PR X5 Order2 F - PR X6 Order2 M",-0.232117101666667,0.130074177053965,19,-1.78449794512531,1,"NANA OrderNA SexNA - NANA OrderNA SexNA"
"NR X6 Order2 F - PR X6 Order2 F",-0.0650215931666665,0.133570558807717,19,-0.486795845933901,1,"NANA OrderNA SexNA - NANA OrderNA SexNA"
"NR X6 Order2 F - NR X0 Order1 M",-0.00307936366666645,0.160973217336614,19,-0.0191296646586067,1,"NANA OrderNA SexNA - NANA OrderNA SexNA"
"NR X6 Order2 F - PR X0 Order1 M",0.156700963,0.147732360149139,19,1.06070845170149,1,"NANA OrderNA SexNA - NANA OrderNA SexNA"
"NR X6 Order2 F - NR X1 Order1 M",0.0574922168333334,0.140351833500908,19,0.409629253849124,1,"NANA OrderNA SexNA - NANA OrderNA SexNA"
"NR X6 Order2 F - PR X1 Order1 M",-0.00211848816666658,0.176847859871038,19,-0.0119791563675774,1,"NANA OrderNA SexNA - NANA OrderNA SexNA"
"NR X6 Order2 F - NR X2 Order1 M",0.131403720166667,0.137097777627433,19,0.95846717897762,1,"NANA OrderNA SexNA - NANA OrderNA SexNA"
"NR X6 Order2 F - PR X2 Order1 M",0.184495970666667,0.136986373882229,19,1.34681987294067,1,"NANA OrderNA SexNA - NANA OrderNA SexNA"
"NR X6 Order2 F - NR X3 Order1 M",0.0853618731666671,0.197239061655585,19,0.432783812953462,1,"NANA OrderNA SexNA - NANA OrderNA SexNA"
"NR X6 Order2 F - PR X3 Order1 M",0.0662063098333334,0.205496857649161,19,0.3221767504901,1,"NANA OrderNA SexNA - NANA OrderNA SexNA"
"NR X6 Order2 F - NR X4 Order1 M",0.0959827276666669,0.144633987869938,19,0.663624982483229,1,"NANA OrderNA SexNA - NANA OrderNA SexNA"
"NR X6 Order2 F - PR X4 Order1 M",-0.0727568249999998,0.139766784226881,19,-0.520558767968038,1,"NANA OrderNA SexNA - NANA OrderNA SexNA"
"NR X6 Order2 F - NR X5 Order1 M",0.124526662666667,0.165088371414886,19,0.754303053567093,1,"NANA OrderNA SexNA - NANA OrderNA SexNA"
"NR X6 Order2 F - PR X5 Order1 M",0.0662000928333335,0.139597408155234,19,0.474221503881493,1,"NANA OrderNA SexNA - NANA OrderNA SexNA"
"NR X6 Order2 F - NR X6 Order1 M",-0.084134447,0.166366273631619,19,-0.505718167290909,1,"NANA OrderNA SexNA - NANA OrderNA SexNA"
"NR X6 Order2 F - PR X6 Order1 M",0.0606879928333335,0.158460064920717,19,0.382986040449356,1,"NANA OrderNA SexNA - NANA OrderNA SexNA"
"NR X6 Order2 F - NR X0 Order2 M",-0.494754609833333,0.160973217336614,19,-3.07352128521319,1,"NANA OrderNA SexNA - NANA OrderNA SexNA"
"NR X6 Order2 F - PR X0 Order2 M",0.162850289333333,0.147732360149139,19,1.10233322725591,1,"NANA OrderNA SexNA - NANA OrderNA SexNA"
"NR X6 Order2 F - NR X1 Order2 M",-0.291414221666667,0.140351833500908,19,-2.07631218201921,1,"NANA OrderNA SexNA - NANA OrderNA SexNA"
"NR X6 Order2 F - PR X1 Order2 M",0.240443886,0.176847859871038,19,1.35960868384463,1,"NANA OrderNA SexNA - NANA OrderNA SexNA"
"NR X6 Order2 F - NR X2 Order2 M",-0.110920088833333,0.137097777627433,19,-0.809058255741835,1,"NANA OrderNA SexNA - NANA OrderNA SexNA"
"NR X6 Order2 F - PR X2 Order2 M",0.241830368833334,0.136986373882229,19,1.76536075800679,1,"NANA OrderNA SexNA - NANA OrderNA SexNA"
"NR X6 Order2 F - NR X3 Order2 M",-0.2951555515,0.197239061655585,19,-1.49643558949492,1,"NANA OrderNA SexNA - NANA OrderNA SexNA"
"NR X6 Order2 F - PR X3 Order2 M",0.218894610833333,0.205496857649161,19,1.06519687618312,1,"NANA OrderNA SexNA - NANA OrderNA SexNA"
"NR X6 Order2 F - NR X4 Order2 M",-0.133056225,0.144633987869938,19,-0.919951298858266,1,"NANA OrderNA SexNA - NANA OrderNA SexNA"
"NR X6 Order2 F - PR X4 Order2 M",0.1770016505,0.139766784226881,19,1.26640711868047,1,"NANA OrderNA SexNA - NANA OrderNA SexNA"
"NR X6 Order2 F - NR X5 Order2 M",-0.0667033424999998,0.165088371414886,19,-0.404046280960435,1,"NANA OrderNA SexNA - NANA OrderNA SexNA"
"NR X6 Order2 F - PR X5 Order2 M",0.0730710311666667,0.139597408155234,19,0.523441173674307,1,"NANA OrderNA SexNA - NANA OrderNA SexNA"
"NR X6 Order2 F - NR X6 Order2 M",-0.159262016833333,0.166366273631619,19,-0.957297493997996,1,"NANA OrderNA SexNA - NANA OrderNA SexNA"
"NR X6 Order2 F - PR X6 Order2 M",-0.0378495383333333,0.158460064920717,19,-0.238858531026544,1,"NANA OrderNA SexNA - NANA OrderNA SexNA"
"PR X6 Order2 F - NR X0 Order1 M",0.0619422295000001,0.152788192843257,19,0.405412410130053,1,"NANA OrderNA SexNA - NANA OrderNA SexNA"
"PR X6 Order2 F - PR X0 Order1 M",0.221722556166667,0.138768531763661,19,1.59778700076099,1,"NANA OrderNA SexNA - NANA OrderNA SexNA"
"PR X6 Order2 F - NR X1 Order1 M",0.12251381,0.130883506751897,19,0.936052318893297,1,"NANA OrderNA SexNA - NANA OrderNA SexNA"
"PR X6 Order2 F - PR X1 Order1 M",0.0629031049999999,0.169431463174859,19,0.371259881850173,1,"NANA OrderNA SexNA - NANA OrderNA SexNA"
"PR X6 Order2 F - NR X2 Order1 M",0.196425313333333,0.127387816540627,19,1.5419474064907,1,"NANA OrderNA SexNA - NANA OrderNA SexNA"
"PR X6 Order2 F - PR X2 Order1 M",0.249517563833333,0.127267913481793,19,1.96056929831752,1,"NANA OrderNA SexNA - NANA OrderNA SexNA"
"PR X6 Order2 F - NR X3 Order1 M",0.150383466333334,0.190617687047616,19,0.788927138202908,1,"NANA OrderNA SexNA - NANA OrderNA SexNA"
"PR X6 Order2 F - PR X3 Order1 M",0.131227903,0.199150228913469,19,0.658939252623299,1,"NANA OrderNA SexNA - NANA OrderNA SexNA"
"PR X6 Order2 F - NR X4 Order1 M",0.161004320833333,0.135465293045003,19,1.18852819946911,1,"NANA OrderNA SexNA - NANA OrderNA SexNA"
"PR X6 Order2 F - PR X4 Order1 M",-0.00773523183333334,0.130255937084384,19,-0.059384869561241,1,"NANA OrderNA SexNA - NANA OrderNA SexNA"
"PR X6 Order2 F - NR X5 Order1 M",0.189548255833333,0.157117871513799,19,1.20640799170122,1,"NANA OrderNA SexNA - NANA OrderNA SexNA"
"PR X6 Order2 F - PR X5 Order1 M",0.131221686,0.130074177053965,19,1.00882195814746,1,"NANA OrderNA SexNA - NANA OrderNA SexNA"
"PR X6 Order2 F - NR X6 Order1 M",-0.0191128538333335,0.158460064920717,19,-0.120616218622,1,"NANA OrderNA SexNA - NANA OrderNA SexNA"
"PR X6 Order2 F - PR X6 Order1 M",0.125709586,0.150138094257538,19,0.837293070900217,1,"NANA OrderNA SexNA - NANA OrderNA SexNA"
"PR X6 Order2 F - NR X0 Order2 M",-0.429733016666667,0.152788192843257,19,-2.81260618814651,1,"NANA OrderNA SexNA - NANA OrderNA SexNA"
"PR X6 Order2 F - PR X0 Order2 M",0.2278718825,0.138768531763661,19,1.64210055121208,1,"NANA OrderNA SexNA - NANA OrderNA SexNA"
"PR X6 Order2 F - NR X1 Order2 M",-0.2263926285,0.130883506751897,19,-1.72972618260565,1,"NANA OrderNA SexNA - NANA OrderNA SexNA"
"PR X6 Order2 F - PR X1 Order2 M",0.305465479166667,0.169431463174859,19,1.80288521059053,1,"NANA OrderNA SexNA - NANA OrderNA SexNA"
"PR X6 Order2 F - NR X2 Order2 M",-0.0458984956666666,0.127387816540627,19,-0.360305223161027,1,"NANA OrderNA SexNA - NANA OrderNA SexNA"
"PR X6 Order2 F - PR X2 Order2 M",0.306851962,0.127267913481793,19,2.4110708945024,1,"NANA OrderNA SexNA - NANA OrderNA SexNA"
"PR X6 Order2 F - NR X3 Order2 M",-0.230133958333333,0.190617687047616,19,-1.2073064252209,1,"NANA OrderNA SexNA - NANA OrderNA SexNA"
"PR X6 Order2 F - PR X3 Order2 M",0.283916204,0.199150228913469,19,1.42563835125373,1,"NANA OrderNA SexNA - NANA OrderNA SexNA"
"PR X6 Order2 F - NR X4 Order2 M",-0.0680346318333333,0.135465293045003,19,-0.502229244879213,1,"NANA OrderNA SexNA - NANA OrderNA SexNA"
"PR X6 Order2 F - PR X4 Order2 M",0.242023243666667,0.130255937084384,19,1.85805921084332,1,"NANA OrderNA SexNA - NANA OrderNA SexNA"
"PR X6 Order2 F - NR X5 Order2 M",-0.00168174933333327,0.157117871513799,19,-0.0107037431014686,1,"NANA OrderNA SexNA - NANA OrderNA SexNA"
"PR X6 Order2 F - PR X5 Order2 M",0.138092624333333,0.130074177053965,19,1.06164518939098,1,"NANA OrderNA SexNA - NANA OrderNA SexNA"
"PR X6 Order2 F - NR X6 Order2 M",-0.0942404236666669,0.158460064920717,19,-0.594726650615841,1,"NANA OrderNA SexNA - NANA OrderNA SexNA"
"PR X6 Order2 F - PR X6 Order2 M",0.0271720548333332,0.150138094257538,19,0.180980416513905,1,"NANA OrderNA SexNA - NANA OrderNA SexNA"
"NR X0 Order1 M - PR X0 Order1 M",0.159780326666667,0.111783516881677,19,1.42937287288782,1,"NANA OrderNA SexNA - NANA OrderNA SexNA"
"NR X0 Order1 M - NR X1 Order1 M",0.0605715804999998,0.0925206996923403,19,0.654681392395636,1,"NANA OrderNA SexNA - NANA OrderNA SexNA"
"NR X0 Order1 M - PR X1 Order1 M",0.000960875499999871,0.165423173903064,19,0.00580859064258393,1,"NANA OrderNA SexNA - NANA OrderNA SexNA"
"NR X0 Order1 M - NR X2 Order1 M",0.134483083833333,0.0962814359597078,19,1.39677064942833,1,"NANA OrderNA SexNA - NANA OrderNA SexNA"
"NR X0 Order1 M - PR X2 Order1 M",0.187575334333333,0.108118549188864,19,1.73490428553266,1,"NANA OrderNA SexNA - NANA OrderNA SexNA"
"NR X0 Order1 M - NR X3 Order1 M",0.0884412368333335,0.182870564670562,19,0.483627515410469,1,"NANA OrderNA SexNA - NANA OrderNA SexNA"
"NR X0 Order1 M - PR X3 Order1 M",0.0692856734999998,0.1742993687245,19,0.397509606644151,1,"NANA OrderNA SexNA - NANA OrderNA SexNA"
"NR X0 Order1 M - NR X4 Order1 M",0.0990620913333333,0.10252926859369,19,0.966183536585085,1,"NANA OrderNA SexNA - NANA OrderNA SexNA"
"NR X0 Order1 M - PR X4 Order1 M",-0.0696774613333334,0.140143137939652,19,-0.497187820664739,1,"NANA OrderNA SexNA - NANA OrderNA SexNA"
"NR X0 Order1 M - NR X5 Order1 M",0.127606026333333,0.152903328801722,19,0.834553618507593,1,"NANA OrderNA SexNA - NANA OrderNA SexNA"
"NR X0 Order1 M - PR X5 Order1 M",0.0692794564999999,0.117316170386678,19,0.590536294115745,1,"NANA OrderNA SexNA - NANA OrderNA SexNA"
"NR X0 Order1 M - NR X6 Order1 M",-0.0810550833333336,0.147449587836757,19,-0.549713868465136,1,"NANA OrderNA SexNA - NANA OrderNA SexNA"
"NR X0 Order1 M - PR X6 Order1 M",0.0637673564999999,0.133582227075409,19,0.47736407676451,1,"NANA OrderNA SexNA - NANA OrderNA SexNA"
"NR X0 Order1 M - NR X0 Order2 M",-0.491675246166667,0.155393102798455,19,-3.16407380580058,1,"NANA OrderNA SexNA - NANA OrderNA SexNA"
"NR X0 Order1 M - PR X0 Order2 M",0.165929653,0.141631528738714,19,1.17155872338363,1,"NANA OrderNA SexNA - NANA OrderNA SexNA"
"NR X0 Order1 M - NR X1 Order2 M",-0.288334858,0.133915185340188,19,-2.15311547579565,1,"NANA OrderNA SexNA - NANA OrderNA SexNA"
"NR X0 Order1 M - PR X1 Order2 M",0.243523249666667,0.171784182154808,19,1.41761160202287,1,"NANA OrderNA SexNA - NANA OrderNA SexNA"
"NR X0 Order1 M - NR X2 Order2 M",-0.107840725166667,0.13050072922406,19,-0.82636109244656,1,"NANA OrderNA SexNA - NANA OrderNA SexNA"
"NR X0 Order1 M - PR X2 Order2 M",0.2449097325,0.130383688884124,19,1.8783770776547,1,"NANA OrderNA SexNA - NANA OrderNA SexNA"
"NR X0 Order1 M - NR X3 Order2 M",-0.292076187833333,0.192711927862304,19,-1.51561032611342,1,"NANA OrderNA SexNA - NANA OrderNA SexNA"
"NR X0 Order1 M - PR X3 Order2 M",0.2219739745,0.201155656647557,19,1.1034935740779,1,"NANA OrderNA SexNA - NANA OrderNA SexNA"
"NR X0 Order1 M - NR X4 Order2 M",-0.129976861333333,0.138396640655731,19,-0.93916196749788,1,"NANA OrderNA SexNA - NANA OrderNA SexNA"
"NR X0 Order1 M - PR X4 Order2 M",0.180081014166667,0.133301889224248,19,1.35092619628011,1,"NANA OrderNA SexNA - NANA OrderNA SexNA"
"NR X0 Order1 M - NR X5 Order2 M",-0.0636239788333333,0.1596521533649,19,-0.398516258580707,1,"NANA OrderNA SexNA - NANA OrderNA SexNA"
"NR X0 Order1 M - PR X5 Order2 M",0.0761503948333332,0.133124288021717,19,0.572024804526356,1,"NANA OrderNA SexNA - NANA OrderNA SexNA"
"NR X0 Order1 M - NR X6 Order2 M",-0.156182653166667,0.160973217336614,19,-0.970239992408615,1,"NANA OrderNA SexNA - NANA OrderNA SexNA"
"NR X0 Order1 M - PR X6 Order2 M",-0.0347701746666669,0.152788192843257,19,-0.22757108399297,1,"NANA OrderNA SexNA - NANA OrderNA SexNA"
"PR X0 Order1 M - NR X1 Order1 M",-0.0992087461666667,0.107950888047057,19,-0.919017415803199,1,"NANA OrderNA SexNA - NANA OrderNA SexNA"
"PR X0 Order1 M - PR X1 Order1 M",-0.158819451166667,0.144064271520799,19,-1.10242081183701,1,"NANA OrderNA SexNA - NANA OrderNA SexNA"
"PR X0 Order1 M - NR X2 Order1 M",-0.0252972428333331,0.108293410337015,19,-0.233599096700406,1,"NANA OrderNA SexNA - NANA OrderNA SexNA"
"PR X0 Order1 M - PR X2 Order1 M",0.0277950076666667,0.0832023479168271,19,0.33406518400721,1,"NANA OrderNA SexNA - NANA OrderNA SexNA"
"PR X0 Order1 M - NR X3 Order1 M",-0.071339089833333,0.200475763072364,19,-0.355848950217401,1,"NANA OrderNA SexNA - NANA OrderNA SexNA"
"PR X0 Order1 M - PR X3 Order1 M",-0.0904946531666667,0.162966908344549,19,-0.555294655129252,1,"NANA OrderNA SexNA - NANA OrderNA SexNA"
"PR X0 Order1 M - NR X4 Order1 M",-0.0607182353333332,0.0799885486957988,19,-0.759086598311069,1,"NANA OrderNA SexNA - NANA OrderNA SexNA"
"PR X0 Order1 M - PR X4 Order1 M",-0.229457788,0.0989150484160797,19,-2.31974600098056,1,"NANA OrderNA SexNA - NANA OrderNA SexNA"
"PR X0 Order1 M - NR X5 Order1 M",-0.0321743003333331,0.16290179179845,19,-0.197507344628478,1,"NANA OrderNA SexNA - NANA OrderNA SexNA"
"PR X0 Order1 M - PR X5 Order1 M",-0.0905008701666666,0.121767094470689,19,-0.743229281769972,1,"NANA OrderNA SexNA - NANA OrderNA SexNA"
"PR X0 Order1 M - NR X6 Order1 M",-0.24083541,0.154872323662405,19,-1.55505776826194,1,"NANA OrderNA SexNA - NANA OrderNA SexNA"
"PR X0 Order1 M - PR X6 Order1 M",-0.0960129701666666,0.11884965496045,19,-0.807852325685061,1,"NANA OrderNA SexNA - NANA OrderNA SexNA"
"PR X0 Order1 M - NR X0 Order2 M",-0.651455572833333,0.141631528738714,19,-4.59965078845656,0.297926314445808,"NANA OrderNA SexNA - NANA OrderNA SexNA"
"PR X0 Order1 M - PR X0 Order2 M",0.00614932633333322,0.126380233693403,19,0.048657342636756,1,"NANA OrderNA SexNA - NANA OrderNA SexNA"
"PR X0 Order1 M - NR X1 Order2 M",-0.448115184666667,0.117667966754894,19,-3.80830226802596,1,"NANA OrderNA SexNA - NANA OrderNA SexNA"
"PR X0 Order1 M - PR X1 Order2 M",0.0837429230000001,0.159443653916142,19,0.5252195427235,1,"NANA OrderNA SexNA - NANA OrderNA SexNA"
"PR X0 Order1 M - NR X2 Order2 M",-0.267621051833333,0.113766927810966,19,-2.35236247460256,1,"NANA OrderNA SexNA - NANA OrderNA SexNA"
"PR X0 Order1 M - PR X2 Order2 M",0.0851294058333334,0.113632653152895,19,0.749163233201905,1,"NANA OrderNA SexNA - NANA OrderNA SexNA"
"PR X0 Order1 M - NR X3 Order2 M",-0.4518565145,0.181797581600911,19,-2.48549243901347,1,"NANA OrderNA SexNA - NANA OrderNA SexNA"
"PR X0 Order1 M - PR X3 Order2 M",0.0621936478333333,0.190725120885645,19,0.326090488471224,1,"NANA OrderNA SexNA - NANA OrderNA SexNA"
"PR X0 Order1 M - NR X4 Order2 M",-0.289757188,0.122744057617164,19,-2.36066163710953,1,"NANA OrderNA SexNA - NANA OrderNA SexNA"
"PR X0 Order1 M - PR X4 Order2 M",0.0203006875,0.116969514003812,19,0.173555371866711,1,"NANA OrderNA SexNA - NANA OrderNA SexNA"
"PR X0 Order1 M - NR X5 Order2 M",-0.2234043055,0.146291775604727,19,-1.52711459394428,1,"NANA OrderNA SexNA - NANA OrderNA SexNA"
"PR X0 Order1 M - PR X5 Order2 M",-0.0836299318333334,0.116767074112625,19,-0.716211590201105,1,"NANA OrderNA SexNA - NANA OrderNA SexNA"
"PR X0 Order1 M - NR X6 Order2 M",-0.315962979833333,0.147732360149139,19,-2.13875267080525,1,"NANA OrderNA SexNA - NANA OrderNA SexNA"
"PR X0 Order1 M - PR X6 Order2 M",-0.194550501333333,0.138768531763661,19,-1.40197852395437,1,"NANA OrderNA SexNA - NANA OrderNA SexNA"
"NR X1 Order1 M - PR X1 Order1 M",-0.059610705,0.135818412103115,19,-0.438900028920549,1,"NANA OrderNA SexNA - NANA OrderNA SexNA"
"NR X1 Order1 M - NR X2 Order1 M",0.0739115033333336,0.0769444685732927,19,0.960582413574406,1,"NANA OrderNA SexNA - NANA OrderNA SexNA"
"NR X1 Order1 M - PR X2 Order1 M",0.127003753833333,0.0827842685127025,19,1.53415324088834,1,"NANA OrderNA SexNA - NANA OrderNA SexNA"
"NR X1 Order1 M - NR X3 Order1 M",0.0278696563333337,0.170510210208215,19,0.163448606973748,1,"NANA OrderNA SexNA - NANA OrderNA SexNA"
"NR X1 Order1 M - PR X3 Order1 M",0.00871409300000002,0.13843098879441,19,0.062949004958288,1,"NANA OrderNA SexNA - NANA OrderNA SexNA"
"NR X1 Order1 M - NR X4 Order1 M",0.0384905108333335,0.0794601555135279,19,0.4844001447591,1,"NANA OrderNA SexNA - NANA OrderNA SexNA"
"NR X1 Order1 M - PR X4 Order1 M",-0.130249041833333,0.0906534791833722,19,-1.43677929415007,1,"NANA OrderNA SexNA - NANA OrderNA SexNA"
"NR X1 Order1 M - NR X5 Order1 M",0.0670344458333336,0.110901059326736,19,0.60445270983244,1,"NANA OrderNA SexNA - NANA OrderNA SexNA"
"NR X1 Order1 M - PR X5 Order1 M",0.0087078760000001,0.0824696911340083,19,0.105588803356258,1,"NANA OrderNA SexNA - NANA OrderNA SexNA"
"NR X1 Order1 M - NR X6 Order1 M",-0.141626663833333,0.116324642136322,19,-1.21751213872087,1,"NANA OrderNA SexNA - NANA OrderNA SexNA"
"NR X1 Order1 M - PR X6 Order1 M",0.00319577600000012,0.0836852078097092,19,0.038188063143333,1,"NANA OrderNA SexNA - NANA OrderNA SexNA"
"NR X1 Order1 M - NR X0 Order2 M",-0.552246826666667,0.133915185340188,19,-4.12385514953948,0.87133386664532,"NANA OrderNA SexNA - NANA OrderNA SexNA"
"NR X1 Order1 M - PR X0 Order2 M",0.1053580725,0.117667966754894,19,0.895384490831424,1,"NANA OrderNA SexNA - NANA OrderNA SexNA"
"NR X1 Order1 M - NR X1 Order2 M",-0.3489064385,0.108256811943002,19,-3.22295135278602,1,"NANA OrderNA SexNA - NANA OrderNA SexNA"
"NR X1 Order1 M - PR X1 Order2 M",0.182951669166667,0.152630487472071,19,1.19865743860737,1,"NANA OrderNA SexNA - NANA OrderNA SexNA"
"NR X1 Order1 M - NR X2 Order2 M",-0.168412305666667,0.104003369153971,19,-1.6192966346825,1,"NANA OrderNA SexNA - NANA OrderNA SexNA"
"NR X1 Order1 M - PR X2 Order2 M",0.184338152,0.103856472087192,19,1.77493177165925,1,"NANA OrderNA SexNA - NANA OrderNA SexNA"
"NR X1 Order1 M - NR X3 Order2 M",-0.352647768333333,0.175852630369215,19,-2.00535964456673,1,"NANA OrderNA SexNA - NANA OrderNA SexNA"
"NR X1 Order1 M - PR X3 Order2 M",0.161402394,0.185067173395704,19,0.872128703532393,1,"NANA OrderNA SexNA - NANA OrderNA SexNA"
"NR X1 Order1 M - NR X4 Order2 M",-0.190548441833333,0.113753639995199,19,-1.67509753394596,1,"NANA OrderNA SexNA - NANA OrderNA SexNA"
"NR X1 Order1 M - PR X4 Order2 M",0.119509433666667,0.107497228513667,19,1.11174432419411,1,"NANA OrderNA SexNA - NANA OrderNA SexNA"
"NR X1 Order1 M - NR X5 Order2 M",-0.124195559333333,0.138834687817618,19,-0.894557126072733,1,"NANA OrderNA SexNA - NANA OrderNA SexNA"
"NR X1 Order1 M - PR X5 Order2 M",0.0155788143333334,0.107276915171228,19,0.14522056593879,1,"NANA OrderNA SexNA - NANA OrderNA SexNA"
"NR X1 Order1 M - NR X6 Order2 M",-0.216754233666667,0.140351833500908,19,-1.54436339205547,1,"NANA OrderNA SexNA - NANA OrderNA SexNA"
"NR X1 Order1 M - PR X6 Order2 M",-0.0953417551666667,0.130883506751897,19,-0.728447437975486,1,"NANA OrderNA SexNA - NANA OrderNA SexNA"
"PR X1 Order1 M - NR X2 Order1 M",0.133522208333334,0.140000362660755,19,0.953727588955469,1,"NANA OrderNA SexNA - NANA OrderNA SexNA"
"PR X1 Order1 M - PR X2 Order1 M",0.186614458833333,0.126738119044795,19,1.47244144255743,1,"NANA OrderNA SexNA - NANA OrderNA SexNA"
"PR X1 Order1 M - NR X3 Order1 M",0.0874803613333336,0.225877541761008,19,0.387291098757808,1,"NANA OrderNA SexNA - NANA OrderNA SexNA"
"PR X1 Order1 M - PR X3 Order1 M",0.068324798,0.187792589388786,19,0.363831172584492,1,"NANA OrderNA SexNA - NANA OrderNA SexNA"
"PR X1 Order1 M - NR X4 Order1 M",0.0981012158333335,0.13176730945796,19,0.744503445026568,1,"NANA OrderNA SexNA - NANA OrderNA SexNA"
"PR X1 Order1 M - PR X4 Order1 M",-0.0706383368333333,0.145295616625859,19,-0.486169772177157,1,"NANA OrderNA SexNA - NANA OrderNA SexNA"
"PR X1 Order1 M - NR X5 Order1 M",0.126645150833334,0.138266737463916,19,0.915948066442119,1,"NANA OrderNA SexNA - NANA OrderNA SexNA"
"PR X1 Order1 M - PR X5 Order1 M",0.0683185810000001,0.111453808023831,19,0.612976642174416,1,"NANA OrderNA SexNA - NANA OrderNA SexNA"
"PR X1 Order1 M - NR X6 Order1 M",-0.0820159588333334,0.152618546714206,19,-0.537391821630414,1,"NANA OrderNA SexNA - NANA OrderNA SexNA"
"PR X1 Order1 M - PR X6 Order1 M",0.0628064810000001,0.134048246696063,19,0.46853638557769,1,"NANA OrderNA SexNA - NANA OrderNA SexNA"
"PR X1 Order1 M - NR X0 Order2 M",-0.492636121666667,0.171784182154808,19,-2.86776183631805,1,"NANA OrderNA SexNA - NANA OrderNA SexNA"
"PR X1 Order1 M - PR X0 Order2 M",0.1649687775,0.159443653916142,19,1.03465251484241,1,"NANA OrderNA SexNA - NANA OrderNA SexNA"
"PR X1 Order1 M - NR X1 Order2 M",-0.2892957335,0.152630487472071,19,-1.89539939425887,1,"NANA OrderNA SexNA - NANA OrderNA SexNA"
"PR X1 Order1 M - PR X1 Order2 M",0.242562374166667,0.186742052253534,19,1.29891672089663,1,"NANA OrderNA SexNA - NANA OrderNA SexNA"
"PR X1 Order1 M - NR X2 Order2 M",-0.108801600666667,0.149643674003536,19,-0.727071166831252,1,"NANA OrderNA SexNA - NANA OrderNA SexNA"
"PR X1 Order1 M - PR X2 Order2 M",0.243948857,0.149541616843932,19,1.63131081600245,1,"NANA OrderNA SexNA - NANA OrderNA SexNA"
"PR X1 Order1 M - NR X3 Order2 M",-0.293037063333333,0.206156920770735,19,-1.42142724211144,1,"NANA OrderNA SexNA - NANA OrderNA SexNA"
"PR X1 Order1 M - PR X3 Order2 M",0.221013099,0.214070985989637,19,1.03242902338339,1,"NANA OrderNA SexNA - NANA OrderNA SexNA"
"PR X1 Order1 M - NR X4 Order2 M",-0.130937736833333,0.156577198167731,19,-0.836250350405864,1,"NANA OrderNA SexNA - NANA OrderNA SexNA"
"PR X1 Order1 M - PR X4 Order2 M",0.179120138666667,0.152092677378035,19,1.17770389577306,1,"NANA OrderNA SexNA - NANA OrderNA SexNA"
"PR X1 Order1 M - NR X5 Order2 M",-0.0645848543333332,0.175646232283288,19,-0.367698489707246,1,"NANA OrderNA SexNA - NANA OrderNA SexNA"
"PR X1 Order1 M - PR X5 Order2 M",0.0751895193333333,0.151937042562222,19,0.494872863558216,1,"NANA OrderNA SexNA - NANA OrderNA SexNA"
"PR X1 Order1 M - NR X6 Order2 M",-0.157143528666667,0.176847859871038,19,-0.888580324247409,1,"NANA OrderNA SexNA - NANA OrderNA SexNA"
"PR X1 Order1 M - PR X6 Order2 M",-0.0357310501666668,0.169431463174859,19,-0.21088792776222,1,"NANA OrderNA SexNA - NANA OrderNA SexNA"
"NR X2 Order1 M - PR X2 Order1 M",0.0530922504999998,0.0719519002754779,19,0.737885313615467,1,"NANA OrderNA SexNA - NANA OrderNA SexNA"
"NR X2 Order1 M - NR X3 Order1 M",-0.0460418469999999,0.166556438002332,19,-0.276433907642498,1,"NANA OrderNA SexNA - NANA OrderNA SexNA"
"NR X2 Order1 M - PR X3 Order1 M",-0.0651974103333336,0.163002791477909,19,-0.399977262611295,1,"NANA OrderNA SexNA - NANA OrderNA SexNA"
"NR X2 Order1 M - NR X4 Order1 M",-0.0354209925000001,0.0723890797277606,19,-0.489314032354199,1,"NANA OrderNA SexNA - NANA OrderNA SexNA"
"NR X2 Order1 M - PR X4 Order1 M",-0.204160545166667,0.094781388360401,19,-2.1540151362877,1,"NANA OrderNA SexNA - NANA OrderNA SexNA"
"NR X2 Order1 M - NR X5 Order1 M",-0.0068770575,0.099252156411412,19,-0.0692887464479238,1,"NANA OrderNA SexNA - NANA OrderNA SexNA"
"NR X2 Order1 M - PR X5 Order1 M",-0.0652036273333335,0.0902719942661255,19,-0.722301837501347,1,"NANA OrderNA SexNA - NANA OrderNA SexNA"
"NR X2 Order1 M - NR X6 Order1 M",-0.215538167166667,0.0983732076369164,19,-2.19102510067774,1,"NANA OrderNA SexNA - NANA OrderNA SexNA"
"NR X2 Order1 M - PR X6 Order1 M",-0.0707157273333335,0.121442266201843,19,-0.582299141353311,1,"NANA OrderNA SexNA - NANA OrderNA SexNA"
"NR X2 Order1 M - NR X0 Order2 M",-0.62615833,0.13050072922406,19,-4.79812131106895,0.190740130657299,"NANA OrderNA SexNA - NANA OrderNA SexNA"
"NR X2 Order1 M - PR X0 Order2 M",0.0314465691666663,0.113766927810966,19,0.27641222077226,1,"NANA OrderNA SexNA - NANA OrderNA SexNA"
"NR X2 Order1 M - NR X1 Order2 M",-0.422817941833334,0.104003369153971,19,-4.06542543066444,0.994378473342635,"NANA OrderNA SexNA - NANA OrderNA SexNA"
"NR X2 Order1 M - PR X1 Order2 M",0.109040165833333,0.149643674003536,19,0.728665388359527,1,"NANA OrderNA SexNA - NANA OrderNA SexNA"
"NR X2 Order1 M - NR X2 Order2 M",-0.242323809,0.09956838985688,19,-2.43374236892168,1,"NANA OrderNA SexNA - NANA OrderNA SexNA"
"NR X2 Order1 M - PR X2 Order2 M",0.110426648666667,0.0994149398114404,19,1.11076513123794,1,"NANA OrderNA SexNA - NANA OrderNA SexNA"
"NR X2 Order1 M - NR X3 Order2 M",-0.426559271666667,0.173266589598474,19,-2.46186684146764,1,"NANA OrderNA SexNA - NANA OrderNA SexNA"
"NR X2 Order1 M - PR X3 Order2 M",0.0874908906666664,0.182611670306117,19,0.479108977646405,1,"NANA OrderNA SexNA - NANA OrderNA SexNA"
"NR X2 Order1 M - NR X4 Order2 M",-0.264459945166667,0.109713509083758,19,-2.41045927138081,1,"NANA OrderNA SexNA - NANA OrderNA SexNA"
"NR X2 Order1 M - PR X4 Order2 M",0.0455979303333331,0.103212487623514,19,0.441786952172489,1,"NANA OrderNA SexNA - NANA OrderNA SexNA"
"NR X2 Order1 M - NR X5 Order2 M",-0.198107062666667,0.135544214206029,19,-1.46156782734777,1,"NANA OrderNA SexNA - NANA OrderNA SexNA"
"NR X2 Order1 M - PR X5 Order2 M",-0.0583326890000002,0.102983008268206,19,-0.566430229422704,1,"NANA OrderNA SexNA - NANA OrderNA SexNA"
"NR X2 Order1 M - NR X6 Order2 M",-0.290665737,0.137097777627433,19,-2.12013456403277,1,"NANA OrderNA SexNA - NANA OrderNA SexNA"
"NR X2 Order1 M - PR X6 Order2 M",-0.1692532585,0.127387816540627,19,-1.32864557299341,1,"NANA OrderNA SexNA - NANA OrderNA SexNA"
"PR X2 Order1 M - NR X3 Order1 M",-0.0991340974999998,0.179621493375039,19,-0.551905541131503,1,"NANA OrderNA SexNA - NANA OrderNA SexNA"
"PR X2 Order1 M - PR X3 Order1 M",-0.118289660833333,0.122206468931113,19,-0.967949257252596,1,"NANA OrderNA SexNA - NANA OrderNA SexNA"
"PR X2 Order1 M - NR X4 Order1 M",-0.0885132429999999,0.057649298656918,19,-1.53537415132765,1,"NANA OrderNA SexNA - NANA OrderNA SexNA"
"PR X2 Order1 M - PR X4 Order1 M",-0.257252795666667,0.0775602029029918,19,-3.31681437177807,1,"NANA OrderNA SexNA - NANA OrderNA SexNA"
"PR X2 Order1 M - NR X5 Order1 M",-0.0599693079999998,0.124265993440579,19,-0.482588247513395,1,"NANA OrderNA SexNA - NANA OrderNA SexNA"
"PR X2 Order1 M - PR X5 Order1 M",-0.118295877833333,0.0904018051628062,19,-1.30855658933239,1,"NANA OrderNA SexNA - NANA OrderNA SexNA"
"PR X2 Order1 M - NR X6 Order1 M",-0.268630417666667,0.0925645955809148,19,-2.90208600794723,1,"NANA OrderNA SexNA - NANA OrderNA SexNA"
"PR X2 Order1 M - PR X6 Order1 M",-0.123807977833333,0.100602354474794,19,-1.23066680178299,1,"NANA OrderNA SexNA - NANA OrderNA SexNA"
"PR X2 Order1 M - NR X0 Order2 M",-0.6792505805,0.130383688884124,19,-5.20962849197856,0.0764727697212858,"NANA OrderNA SexNA - NANA OrderNA SexNA"
"PR X2 Order1 M - PR X0 Order2 M",-0.0216456813333335,0.113632653152895,19,-0.190488215603035,1,"NANA OrderNA SexNA - NANA OrderNA SexNA"
"PR X2 Order1 M - NR X1 Order2 M",-0.475910192333334,0.103856472087192,19,-4.58238357965582,0.309193295666053,"NANA OrderNA SexNA - NANA OrderNA SexNA"
"PR X2 Order1 M - PR X1 Order2 M",0.0559479153333334,0.149541616843932,19,0.374129399655502,1,"NANA OrderNA SexNA - NANA OrderNA SexNA"
"PR X2 Order1 M - NR X2 Order2 M",-0.2954160595,0.0994149398114404,19,-2.97154592720484,1,"NANA OrderNA SexNA - NANA OrderNA SexNA"
"PR X2 Order1 M - PR X2 Order2 M",0.0573343981666667,0.099261252544651,19,0.577611068738789,1,"NANA OrderNA SexNA - NANA OrderNA SexNA"
"PR X2 Order1 M - NR X3 Order2 M",-0.479651522166666,0.173178454405006,19,-2.76969513219538,1,"NANA OrderNA SexNA - NANA OrderNA SexNA"
"PR X2 Order1 M - PR X3 Order2 M",0.0343986401666666,0.18252804751876,19,0.188456736563355,1,"NANA OrderNA SexNA - NANA OrderNA SexNA"
"PR X2 Order1 M - NR X4 Order2 M",-0.317552195666667,0.109574267391995,19,-2.89805447232098,1,"NANA OrderNA SexNA - NANA OrderNA SexNA"
"PR X2 Order1 M - PR X4 Order2 M",-0.00749432016666669,0.103064463324925,19,-0.072714880812408,1,"NANA OrderNA SexNA - NANA OrderNA SexNA"
"PR X2 Order1 M - NR X5 Order2 M",-0.251199313166667,0.135431532531204,19,-1.85480669436262,1,"NANA OrderNA SexNA - NANA OrderNA SexNA"
"PR X2 Order1 M - PR X5 Order2 M",-0.1114249395,0.102834653648418,19,-1.0835349325039,1,"NANA OrderNA SexNA - NANA OrderNA SexNA"
"PR X2 Order1 M - NR X6 Order2 M",-0.3437579875,0.136986373882229,19,-2.5094319804066,1,"NANA OrderNA SexNA - NANA OrderNA SexNA"
"PR X2 Order1 M - PR X6 Order2 M",-0.222345509,0.127267913481793,19,-1.74706650653001,1,"NANA OrderNA SexNA - NANA OrderNA SexNA"
"NR X3 Order1 M - PR X3 Order1 M",-0.0191555633333337,0.237069987724746,19,-0.080801300566036,1,"NANA OrderNA SexNA - NANA OrderNA SexNA"
"NR X3 Order1 M - NR X4 Order1 M",0.0106208544999998,0.192042437219224,19,0.055304726672864,1,"NANA OrderNA SexNA - NANA OrderNA SexNA"
"NR X3 Order1 M - PR X4 Order1 M",-0.158118698166667,0.157749406185674,19,-1.00234100393733,1,"NANA OrderNA SexNA - NANA OrderNA SexNA"
"NR X3 Order1 M - NR X5 Order1 M",0.0391647894999999,0.191918722010712,19,0.204069666000662,1,"NANA OrderNA SexNA - NANA OrderNA SexNA"
"NR X3 Order1 M - PR X5 Order1 M",-0.0191617803333336,0.151616166861093,19,-0.126383490164931,1,"NANA OrderNA SexNA - NANA OrderNA SexNA"
"NR X3 Order1 M - NR X6 Order1 M",-0.169496320166667,0.187750883489092,19,-0.902772423845956,1,"NANA OrderNA SexNA - NANA OrderNA SexNA"
"NR X3 Order1 M - PR X6 Order1 M",-0.0246738803333336,0.19904682253826,19,-0.123960181924486,1,"NANA OrderNA SexNA - NANA OrderNA SexNA"
"NR X3 Order1 M - NR X0 Order2 M",-0.580116483,0.192711927862304,19,-3.01027803226847,1,"NANA OrderNA SexNA - NANA OrderNA SexNA"
"NR X3 Order1 M - PR X0 Order2 M",0.0774884161666663,0.181797581600911,19,0.426234581804128,1,"NANA OrderNA SexNA - NANA OrderNA SexNA"
"NR X3 Order1 M - NR X1 Order2 M",-0.376776094833334,0.175852630369215,19,-2.14256729650427,1,"NANA OrderNA SexNA - NANA OrderNA SexNA"
"NR X3 Order1 M - PR X1 Order2 M",0.155082012833333,0.206156920770735,19,0.7522522758564,1,"NANA OrderNA SexNA - NANA OrderNA SexNA"
"NR X3 Order1 M - NR X2 Order2 M",-0.196281962,0.173266589598474,19,-1.13283214297033,1,"NANA OrderNA SexNA - NANA OrderNA SexNA"
"NR X3 Order1 M - PR X2 Order2 M",0.156468495666666,0.173178454405006,19,0.903510175121087,1,"NANA OrderNA SexNA - NANA OrderNA SexNA"
"NR X3 Order1 M - NR X3 Order2 M",-0.380517424666667,0.223894524014056,19,-1.69953877318937,1,"NANA OrderNA SexNA - NANA OrderNA SexNA"
"NR X3 Order1 M - PR X3 Order2 M",0.133532737666666,0.231202225215037,19,0.577558185447696,1,"NANA OrderNA SexNA - NANA OrderNA SexNA"
"NR X3 Order1 M - NR X4 Order2 M",-0.218418098166667,0.179288875527363,19,-1.21824679598334,1,"NANA OrderNA SexNA - NANA OrderNA SexNA"
"NR X3 Order1 M - PR X4 Order2 M",0.0916397773333331,0.175386043953984,19,0.522503246366494,1,"NANA OrderNA SexNA - NANA OrderNA SexNA"
"NR X3 Order1 M - NR X5 Order2 M",-0.152065215666667,0.196162383797517,19,-0.77520069201255,1,"NANA OrderNA SexNA - NANA OrderNA SexNA"
"NR X3 Order1 M - PR X5 Order2 M",-0.0122908420000003,0.175251096442687,19,-0.0701327538000302,1,"NANA OrderNA SexNA - NANA OrderNA SexNA"
"NR X3 Order1 M - NR X6 Order2 M",-0.24462389,0.197239061655585,19,-1.24024058899224,1,"NANA OrderNA SexNA - NANA OrderNA SexNA"
"NR X3 Order1 M - PR X6 Order2 M",-0.1232114115,0.190617687047616,19,-0.646379742658519,1,"NANA OrderNA SexNA - NANA OrderNA SexNA"
"PR X3 Order1 M - NR X4 Order1 M",0.0297764178333335,0.136368221262455,19,0.218353055848882,1,"NANA OrderNA SexNA - NANA OrderNA SexNA"
"PR X3 Order1 M - PR X4 Order1 M",-0.138963134833333,0.147686207818613,19,-0.940935087208728,1,"NANA OrderNA SexNA - NANA OrderNA SexNA"
"PR X3 Order1 M - NR X5 Order1 M",0.0583203528333336,0.18583577720295,19,0.313827367965009,1,"NANA OrderNA SexNA - NANA OrderNA SexNA"
"PR X3 Order1 M - PR X5 Order1 M",-6.21699999991607e-06,0.161393993850508,19,-3.85206404005008e-05,1,"NANA OrderNA SexNA - NANA OrderNA SexNA"
"PR X3 Order1 M - NR X6 Order1 M",-0.150340756833333,0.150055203727268,19,-1.00190298702726,1,"NANA OrderNA SexNA - NANA OrderNA SexNA"
"PR X3 Order1 M - PR X6 Order1 M",-0.0055183169999999,0.119870011558983,19,-0.0460358427285591,1,"NANA OrderNA SexNA - NANA OrderNA SexNA"
"PR X3 Order1 M - NR X0 Order2 M",-0.560960919666667,0.201155656647557,19,-2.78869075329818,1,"NANA OrderNA SexNA - NANA OrderNA SexNA"
"PR X3 Order1 M - PR X0 Order2 M",0.0966439794999999,0.190725120885645,19,0.506718669524114,1,"NANA OrderNA SexNA - NANA OrderNA SexNA"
"PR X3 Order1 M - NR X1 Order2 M",-0.3576205315,0.185067173395704,19,-1.93238230712774,1,"NANA OrderNA SexNA - NANA OrderNA SexNA"
"PR X3 Order1 M - PR X1 Order2 M",0.174237576166667,0.214070985989637,19,0.813924294136254,1,"NANA OrderNA SexNA - NANA OrderNA SexNA"
"PR X3 Order1 M - NR X2 Order2 M",-0.177126398666667,0.182611670306117,19,-0.9699620969993,1,"NANA OrderNA SexNA - NANA OrderNA SexNA"
"PR X3 Order1 M - PR X2 Order2 M",0.175624059,0.18252804751876,19,0.962175738947459,1,"NANA OrderNA SexNA - NANA OrderNA SexNA"
"PR X3 Order1 M - NR X3 Order2 M",-0.361361861333333,0.231202225215037,19,-1.56296878629623,1,"NANA OrderNA SexNA - NANA OrderNA SexNA"
"PR X3 Order1 M - PR X3 Order2 M",0.152688301,0.238285920703026,19,0.640777686526828,1,"NANA OrderNA SexNA - NANA OrderNA SexNA"
"PR X3 Order1 M - NR X4 Order2 M",-0.199262534833333,0.188335370944415,19,-1.05801971150785,1,"NANA OrderNA SexNA - NANA OrderNA SexNA"
"PR X3 Order1 M - PR X4 Order2 M",0.110795340666667,0.184623875689827,19,0.600113827383875,1,"NANA OrderNA SexNA - NANA OrderNA SexNA"
"PR X3 Order1 M - NR X5 Order2 M",-0.132909652333333,0.204463668846151,19,-0.65004043546407,1,"NANA OrderNA SexNA - NANA OrderNA SexNA"
"PR X3 Order1 M - PR X5 Order2 M",0.00686472133333334,0.184495685221275,19,0.0372080318577647,1,"NANA OrderNA SexNA - NANA OrderNA SexNA"
"PR X3 Order1 M - NR X6 Order2 M",-0.225468326666667,0.205496857649161,19,-1.09718625017421,1,"NANA OrderNA SexNA - NANA OrderNA SexNA"
"PR X3 Order1 M - PR X6 Order2 M",-0.104055848166667,0.199150228913469,19,-0.522499264672597,1,"NANA OrderNA SexNA - NANA OrderNA SexNA"
"NR X4 Order1 M - PR X4 Order1 M",-0.168739552666667,0.0874032558284337,19,-1.93058657903878,1,"NANA OrderNA SexNA - NANA OrderNA SexNA"
"NR X4 Order1 M - NR X5 Order1 M",0.0285439350000001,0.124636735036805,19,0.229017030906426,1,"NANA OrderNA SexNA - NANA OrderNA SexNA"
"NR X4 Order1 M - PR X5 Order1 M",-0.0297826348333334,0.100014626360262,19,-0.297782793549152,1,"NANA OrderNA SexNA - NANA OrderNA SexNA"
"NR X4 Order1 M - NR X6 Order1 M",-0.180117174666667,0.0931973072453775,19,-1.93264354937251,1,"NANA OrderNA SexNA - NANA OrderNA SexNA"
"NR X4 Order1 M - PR X6 Order1 M",-0.0352947348333334,0.0957438914866222,19,-0.368636936365439,1,"NANA OrderNA SexNA - NANA OrderNA SexNA"
"NR X4 Order1 M - NR X0 Order2 M",-0.5907373375,0.138396640655731,19,-4.2684369700092,0.628600548942426,"NANA OrderNA SexNA - NANA OrderNA SexNA"
"NR X4 Order1 M - PR X0 Order2 M",0.0668675616666664,0.122744057617164,19,0.544772292563645,1,"NANA OrderNA SexNA - NANA OrderNA SexNA"
"NR X4 Order1 M - NR X1 Order2 M",-0.387396949333334,0.113753639995199,19,-3.4055784882988,1,"NANA OrderNA SexNA - NANA OrderNA SexNA"
"NR X4 Order1 M - PR X1 Order2 M",0.144461158333333,0.156577198167731,19,0.922619385349978,1,"NANA OrderNA SexNA - NANA OrderNA SexNA"
"NR X4 Order1 M - NR X2 Order2 M",-0.2069028165,0.109713509083758,19,-1.8858463121624,1,"NANA OrderNA SexNA - NANA OrderNA SexNA"
"NR X4 Order1 M - PR X2 Order2 M",0.145847641166667,0.109574267391995,19,1.33103916309936,1,"NANA OrderNA SexNA - NANA OrderNA SexNA"
"NR X4 Order1 M - NR X3 Order2 M",-0.391138279166666,0.179288875527363,19,-2.18160930518509,1,"NANA OrderNA SexNA - NANA OrderNA SexNA"
"NR X4 Order1 M - PR X3 Order2 M",0.122911883166666,0.188335370944415,19,0.652622407306287,1,"NANA OrderNA SexNA - NANA OrderNA SexNA"
"NR X4 Order1 M - NR X4 Order2 M",-0.229038952666667,0.118996823034281,19,-1.92474846660978,1,"NANA OrderNA SexNA - NANA OrderNA SexNA"
"NR X4 Order1 M - PR X4 Order2 M",0.0810189228333332,0.113031002022517,19,0.716784965041657,1,"NANA OrderNA SexNA - NANA OrderNA SexNA"
"NR X4 Order1 M - NR X5 Order2 M",-0.162686070166667,0.143162229032347,19,-1.1363756436756,1,"NANA OrderNA SexNA - NANA OrderNA SexNA"
"NR X4 Order1 M - PR X5 Order2 M",-0.0229116965000001,0.112821495331118,19,-0.203079177711277,1,"NANA OrderNA SexNA - NANA OrderNA SexNA"
"NR X4 Order1 M - NR X6 Order2 M",-0.2552447445,0.144633987869938,19,-1.76476323621478,1,"NANA OrderNA SexNA - NANA OrderNA SexNA"
"NR X4 Order1 M - PR X6 Order2 M",-0.133832266,0.135465293045003,19,-0.987945052136265,1,"NANA OrderNA SexNA - NANA OrderNA SexNA"
"PR X4 Order1 M - NR X5 Order1 M",0.197283487666667,0.135709795236727,19,1.45371590401807,1,"NANA OrderNA SexNA - NANA OrderNA SexNA"
"PR X4 Order1 M - PR X5 Order1 M",0.138956917833333,0.0808495550412081,19,1.71870974135242,1,"NANA OrderNA SexNA - NANA OrderNA SexNA"
"PR X4 Order1 M - NR X6 Order1 M",-0.0113776220000002,0.126231880977414,19,-0.090132713795463,1,"NANA OrderNA SexNA - NANA OrderNA SexNA"
"PR X4 Order1 M - PR X6 Order1 M",0.133444817833333,0.0977571433854676,19,1.3650646204661,1,"NANA OrderNA SexNA - NANA OrderNA SexNA"
"PR X4 Order1 M - NR X0 Order2 M",-0.421997784833334,0.133301889224248,19,-3.16572996293716,1,"NANA OrderNA SexNA - NANA OrderNA SexNA"
"PR X4 Order1 M - PR X0 Order2 M",0.235607114333333,0.116969514003812,19,2.01426086395174,1,"NANA OrderNA SexNA - NANA OrderNA SexNA"
"PR X4 Order1 M - NR X1 Order2 M",-0.218657396666667,0.107497228513667,19,-2.03407473559997,1,"NANA OrderNA SexNA - NANA OrderNA SexNA"
"PR X4 Order1 M - PR X1 Order2 M",0.313200711,0.152092677378035,19,2.05927541285582,1,"NANA OrderNA SexNA - NANA OrderNA SexNA"
"PR X4 Order1 M - NR X2 Order2 M",-0.0381632638333333,0.103212487623514,19,-0.369754326361559,1,"NANA OrderNA SexNA - NANA OrderNA SexNA"
"PR X4 Order1 M - PR X2 Order2 M",0.314587193833333,0.103064463324925,19,3.05233427395391,1,"NANA OrderNA SexNA - NANA OrderNA SexNA"
"PR X4 Order1 M - NR X3 Order2 M",-0.2223987265,0.175386043953983,19,-1.26805258552015,1,"NANA OrderNA SexNA - NANA OrderNA SexNA"
"PR X4 Order1 M - PR X3 Order2 M",0.291651435833333,0.184623875689827,19,1.57970595484257,1,"NANA OrderNA SexNA - NANA OrderNA SexNA"
"PR X4 Order1 M - NR X4 Order2 M",-0.0602994,0.113031002022517,19,-0.533476647300603,1,"NANA OrderNA SexNA - NANA OrderNA SexNA"
"PR X4 Order1 M - PR X4 Order2 M",0.2497584755,0.106732239478878,19,2.34004717524387,1,"NANA OrderNA SexNA - NANA OrderNA SexNA"
"PR X4 Order1 M - NR X5 Order2 M",0.00605348250000007,0.138243218088528,19,0.0437886399325828,1,"NANA OrderNA SexNA - NANA OrderNA SexNA"
"PR X4 Order1 M - PR X5 Order2 M",0.145827856166667,0.106510343792102,19,1.36914266703812,1,"NANA OrderNA SexNA - NANA OrderNA SexNA"
"PR X4 Order1 M - NR X6 Order2 M",-0.0865051918333336,0.139766784226881,19,-0.618925249742536,1,"NANA OrderNA SexNA - NANA OrderNA SexNA"
"PR X4 Order1 M - PR X6 Order2 M",0.0349072866666665,0.130255937084384,19,0.267989985316773,1,"NANA OrderNA SexNA - NANA OrderNA SexNA"
"NR X5 Order1 M - PR X5 Order1 M",-0.0583265698333335,0.113842532300139,19,-0.512344276386607,1,"NANA OrderNA SexNA - NANA OrderNA SexNA"
"NR X5 Order1 M - NR X6 Order1 M",-0.208661109666667,0.116151332464577,19,-1.79645902667801,1,"NANA OrderNA SexNA - NANA OrderNA SexNA"
"NR X5 Order1 M - PR X6 Order1 M",-0.0638386698333335,0.147655076287168,19,-0.432349983749807,1,"NANA OrderNA SexNA - NANA OrderNA SexNA"
"NR X5 Order1 M - NR X0 Order2 M",-0.6192812725,0.1596521533649,19,-3.87894093156748,1,"NANA OrderNA SexNA - NANA OrderNA SexNA"
"NR X5 Order1 M - PR X0 Order2 M",0.0383236266666663,0.146291775604727,19,0.26196706211438,1,"NANA OrderNA SexNA - NANA OrderNA SexNA"
"NR X5 Order1 M - NR X1 Order2 M",-0.415940884333334,0.138834687817618,19,-2.99594352731027,1,"NANA OrderNA SexNA - NANA OrderNA SexNA"
"NR X5 Order1 M - PR X1 Order2 M",0.115917223333333,0.175646232283288,19,0.659947109747153,1,"NANA OrderNA SexNA - NANA OrderNA SexNA"
"NR X5 Order1 M - NR X2 Order2 M",-0.2354467515,0.135544214206029,19,-1.73704759645526,1,"NANA OrderNA SexNA - NANA OrderNA SexNA"
"NR X5 Order1 M - PR X2 Order2 M",0.117303706166667,0.135431532531204,19,0.86614766867265,1,"NANA OrderNA SexNA - NANA OrderNA SexNA"
"NR X5 Order1 M - NR X3 Order2 M",-0.419682214166667,0.196162383797517,19,-2.13946326529082,1,"NANA OrderNA SexNA - NANA OrderNA SexNA"
"NR X5 Order1 M - PR X3 Order2 M",0.0943679481666664,0.204463668846151,19,0.46153895554752,1,"NANA OrderNA SexNA - NANA OrderNA SexNA"
"NR X5 Order1 M - NR X4 Order2 M",-0.257582887666667,0.143162229032347,19,-1.79923775571046,1,"NANA OrderNA SexNA - NANA OrderNA SexNA"
"NR X5 Order1 M - PR X4 Order2 M",0.0524749878333331,0.138243218088528,19,0.379584536289724,1,"NANA OrderNA SexNA - NANA OrderNA SexNA"
"NR X5 Order1 M - NR X5 Order2 M",-0.191230005166667,0.163800499848957,19,-1.16745678641398,1,"NANA OrderNA SexNA - NANA OrderNA SexNA"
"NR X5 Order1 M - PR X5 Order2 M",-0.0514556315000003,0.138071973035833,19,-0.372672529903273,1,"NANA OrderNA SexNA - NANA OrderNA SexNA"
"NR X5 Order1 M - NR X6 Order2 M",-0.2837886795,0.165088371414886,19,-1.71901071570212,1,"NANA OrderNA SexNA - NANA OrderNA SexNA"
"NR X5 Order1 M - PR X6 Order2 M",-0.162376201,0.157117871513799,19,-1.03346741803169,1,"NANA OrderNA SexNA - NANA OrderNA SexNA"
"PR X5 Order1 M - NR X6 Order1 M",-0.150334539833334,0.115426612537757,19,-1.30242529454945,1,"NANA OrderNA SexNA - NANA OrderNA SexNA"
"PR X5 Order1 M - PR X6 Order1 M",-0.00551209999999999,0.094377627465698,19,-0.0584047315875088,1,"NANA OrderNA SexNA - NANA OrderNA SexNA"
"PR X5 Order1 M - NR X0 Order2 M",-0.560954702666667,0.133124288021717,19,-4.21376678142425,0.711582807045729,"NANA OrderNA SexNA - NANA OrderNA SexNA"
"PR X5 Order1 M - PR X0 Order2 M",0.0966501964999998,0.116767074112625,19,0.827717892518042,1,"NANA OrderNA SexNA - NANA OrderNA SexNA"
"PR X5 Order1 M - NR X1 Order2 M",-0.3576143145,0.107276915171228,19,-3.33356262089752,1,"NANA OrderNA SexNA - NANA OrderNA SexNA"
"PR X5 Order1 M - PR X1 Order2 M",0.174243793166667,0.151937042562222,19,1.1468157483407,1,"NANA OrderNA SexNA - NANA OrderNA SexNA"
"PR X5 Order1 M - NR X2 Order2 M",-0.177120181666667,0.102983008268206,19,-1.71989714269542,1,"NANA OrderNA SexNA - NANA OrderNA SexNA"
"PR X5 Order1 M - PR X2 Order2 M",0.175630276,0.102834653648418,19,1.70788999397483,1,"NANA OrderNA SexNA - NANA OrderNA SexNA"
"PR X5 Order1 M - NR X3 Order2 M",-0.361355644333333,0.175251096442687,19,-2.06193086187914,1,"NANA OrderNA SexNA - NANA OrderNA SexNA"
"PR X5 Order1 M - PR X3 Order2 M",0.152694518,0.184495685221275,19,0.827631918962578,1,"NANA OrderNA SexNA - NANA OrderNA SexNA"
"PR X5 Order1 M - NR X4 Order2 M",-0.199256317833333,0.112821495331118,19,-1.76612016396821,1,"NANA OrderNA SexNA - NANA OrderNA SexNA"
"PR X5 Order1 M - PR X4 Order2 M",0.110801557666667,0.106510343792102,19,1.04028917494568,1,"NANA OrderNA SexNA - NANA OrderNA SexNA"
"PR X5 Order1 M - NR X5 Order2 M",-0.132903435333333,0.138071973035833,19,-0.962566351527706,1,"NANA OrderNA SexNA - NANA OrderNA SexNA"
"PR X5 Order1 M - PR X5 Order2 M",0.00687093833333326,0.106287984858342,19,0.0646445441833398,1,"NANA OrderNA SexNA - NANA OrderNA SexNA"
"PR X5 Order1 M - NR X6 Order2 M",-0.225462109666667,0.139597408155234,19,-1.61508807825394,1,"NANA OrderNA SexNA - NANA OrderNA SexNA"
"PR X5 Order1 M - PR X6 Order2 M",-0.104049631166667,0.130074177053965,19,-0.799925346623556,1,"NANA OrderNA SexNA - NANA OrderNA SexNA"
"NR X6 Order1 M - PR X6 Order1 M",0.144822439833334,0.133570558807717,19,1.08423923000737,1,"NANA OrderNA SexNA - NANA OrderNA SexNA"
"NR X6 Order1 M - NR X0 Order2 M",-0.410620162833333,0.160973217336614,19,-2.55086013454448,1,"NANA OrderNA SexNA - NANA OrderNA SexNA"
"NR X6 Order1 M - PR X0 Order2 M",0.246984736333333,0.147732360149139,19,1.67183910203558,1,"NANA OrderNA SexNA - NANA OrderNA SexNA"
"NR X6 Order1 M - NR X1 Order2 M",-0.207279774666667,0.140351833500908,19,-1.47685833163929,1,"NANA OrderNA SexNA - NANA OrderNA SexNA"
"NR X6 Order1 M - PR X1 Order2 M",0.324578333,0.176847859871038,19,1.83535346843717,1,"NANA OrderNA SexNA - NANA OrderNA SexNA"
"NR X6 Order1 M - NR X2 Order2 M",-0.0267856418333331,0.137097777627433,19,-0.195376192793758,1,"NANA OrderNA SexNA - NANA OrderNA SexNA"
"NR X6 Order1 M - PR X2 Order2 M",0.325964815833334,0.136986373882229,19,2.37954189599598,1,"NANA OrderNA SexNA - NANA OrderNA SexNA"
"NR X6 Order1 M - NR X3 Order2 M",-0.2110211045,0.197239061655585,19,-1.06987481449532,1,"NANA OrderNA SexNA - NANA OrderNA SexNA"
"NR X6 Order1 M - PR X3 Order2 M",0.303029057833333,0.205496857649161,19,1.47461650411553,1,"NANA OrderNA SexNA - NANA OrderNA SexNA"
"NR X6 Order1 M - NR X4 Order2 M",-0.0489217779999998,0.144633987869938,19,-0.338245378700287,1,"NANA OrderNA SexNA - NANA OrderNA SexNA"
"NR X6 Order1 M - PR X4 Order2 M",0.2611360975,0.139766784226881,19,1.86837022075361,1,"NANA OrderNA SexNA - NANA OrderNA SexNA"
"NR X6 Order1 M - NR X5 Order2 M",0.0174311045000002,0.165088371414886,19,0.105586507096819,1,"NANA OrderNA SexNA - NANA OrderNA SexNA"
"NR X6 Order1 M - PR X5 Order2 M",0.157205478166667,0.139597408155234,19,1.1261346485162,1,"NANA OrderNA SexNA - NANA OrderNA SexNA"
"NR X6 Order1 M - NR X6 Order2 M",-0.0751275698333334,0.166366273631619,19,-0.451579326707087,1,"NANA OrderNA SexNA - NANA OrderNA SexNA"
"NR X6 Order1 M - PR X6 Order2 M",0.0462849086666667,0.158460064920717,19,0.292091945625698,1,"NANA OrderNA SexNA - NANA OrderNA SexNA"
"PR X6 Order1 M - NR X0 Order2 M",-0.555442602666667,0.152788192843257,19,-3.63537647988603,1,"NANA OrderNA SexNA - NANA OrderNA SexNA"
"PR X6 Order1 M - PR X0 Order2 M",0.1021622965,0.138768531763661,19,0.736206510233847,1,"NANA OrderNA SexNA - NANA OrderNA SexNA"
"PR X6 Order1 M - NR X1 Order2 M",-0.3521022145,0.130883506751897,19,-2.69019545119192,1,"NANA OrderNA SexNA - NANA OrderNA SexNA"
"PR X6 Order1 M - PR X1 Order2 M",0.179755893166667,0.169431463174859,19,1.06093573058006,1,"NANA OrderNA SexNA - NANA OrderNA SexNA"
"PR X6 Order1 M - NR X2 Order2 M",-0.171608081666667,0.127387816540627,19,-1.34713103911265,1,"NANA OrderNA SexNA - NANA OrderNA SexNA"
"PR X6 Order1 M - PR X2 Order2 M",0.181142376,0.127267913481793,19,1.42331535926307,1,"NANA OrderNA SexNA - NANA OrderNA SexNA"
"PR X6 Order1 M - NR X3 Order2 M",-0.355843544333333,0.190617687047616,19,-1.86679184835793,1,"NANA OrderNA SexNA - NANA OrderNA SexNA"
"PR X6 Order1 M - PR X3 Order2 M",0.158206618,0.199150228913469,19,0.794408416516263,1,"NANA OrderNA SexNA - NANA OrderNA SexNA"
"PR X6 Order1 M - NR X4 Order2 M",-0.193744217833333,0.135465293045003,19,-1.43021296066564,1,"NANA OrderNA SexNA - NANA OrderNA SexNA"
"PR X6 Order1 M - PR X4 Order2 M",0.116313657666667,0.130255937084384,19,0.892962426667087,1,"NANA OrderNA SexNA - NANA OrderNA SexNA"
"PR X6 Order1 M - NR X5 Order2 M",-0.127391335333333,0.157117871513799,19,-0.810801050866736,1,"NANA OrderNA SexNA - NANA OrderNA SexNA"
"PR X6 Order1 M - PR X5 Order2 M",0.0123830383333332,0.130074177053965,19,0.0951998207007359,1,"NANA OrderNA SexNA - NANA OrderNA SexNA"
"PR X6 Order1 M - NR X6 Order2 M",-0.219950009666667,0.158460064920717,19,-1.38804694909544,1,"NANA OrderNA SexNA - NANA OrderNA SexNA"
"PR X6 Order1 M - PR X6 Order2 M",-0.0985375311666668,0.150138094257538,19,-0.656312654386311,1,"NANA OrderNA SexNA - NANA OrderNA SexNA"
"NR X0 Order2 M - PR X0 Order2 M",0.657604899166667,0.111783516881677,19,5.88284317322691,0.017712956048619,"NANA OrderNA SexNA - NANA OrderNA SexNA"
"NR X0 Order2 M - NR X1 Order2 M",0.203340388166667,0.0925206996923402,19,2.19778264586018,1,"NANA OrderNA SexNA - NANA OrderNA SexNA"
"NR X0 Order2 M - PR X1 Order2 M",0.735198495833334,0.165423173903064,19,4.4443500779652,0.422043423737974,"NANA OrderNA SexNA - NANA OrderNA SexNA"
"NR X0 Order2 M - NR X2 Order2 M",0.383834521,0.0962814359597078,19,3.98658907788443,1,"NANA OrderNA SexNA - NANA OrderNA SexNA"
"NR X0 Order2 M - PR X2 Order2 M",0.736584978666667,0.108118549188864,19,6.812753076995,0.002570828870125,"NANA OrderNA SexNA - NANA OrderNA SexNA"
"NR X0 Order2 M - NR X3 Order2 M",0.199599058333334,0.182870564670562,19,1.09147723523962,1,"NANA OrderNA SexNA - NANA OrderNA SexNA"
"NR X0 Order2 M - PR X3 Order2 M",0.713649220666667,0.1742993687245,19,4.09438786777634,0.931356449412843,"NANA OrderNA SexNA - NANA OrderNA SexNA"
"NR X0 Order2 M - NR X4 Order2 M",0.361698384833334,0.10252926859369,19,3.52775738864087,1,"NANA OrderNA SexNA - NANA OrderNA SexNA"
"NR X0 Order2 M - PR X4 Order2 M",0.671756260333333,0.140143137939652,19,4.79335820654026,0.192668778116421,"NANA OrderNA SexNA - NANA OrderNA SexNA"
"NR X0 Order2 M - NR X5 Order2 M",0.428051267333334,0.152903328801722,19,2.79948952509994,1,"NANA OrderNA SexNA - NANA OrderNA SexNA"
"NR X0 Order2 M - PR X5 Order2 M",0.567825641,0.117316170386678,19,4.84013106742599,0.173665062185476,"NANA OrderNA SexNA - NANA OrderNA SexNA"
"NR X0 Order2 M - NR X6 Order2 M",0.335492593,0.147449587836757,19,2.27530370157038,1,"NANA OrderNA SexNA - NANA OrderNA SexNA"
"NR X0 Order2 M - PR X6 Order2 M",0.4569050715,0.133582227075409,19,3.42040315918726,1,"NANA OrderNA SexNA - NANA OrderNA SexNA"
"PR X0 Order2 M - NR X1 Order2 M",-0.454264511,0.107950888047057,19,-4.20806645705389,0.720419166600768,"NANA OrderNA SexNA - NANA OrderNA SexNA"
"PR X0 Order2 M - PR X1 Order2 M",0.0775935966666669,0.144064271520799,19,0.538604026158314,1,"NANA OrderNA SexNA - NANA OrderNA SexNA"
"PR X0 Order2 M - NR X2 Order2 M",-0.273770378166666,0.108293410337015,19,-2.52804281733005,1,"NANA OrderNA SexNA - NANA OrderNA SexNA"
"PR X0 Order2 M - PR X2 Order2 M",0.0789800795000002,0.0832023479168271,19,0.949253013616303,1,"NANA OrderNA SexNA - NANA OrderNA SexNA"
"PR X0 Order2 M - NR X3 Order2 M",-0.458005840833333,0.200475763072364,19,-2.28459457549495,1,"NANA OrderNA SexNA - NANA OrderNA SexNA"
"PR X0 Order2 M - PR X3 Order2 M",0.0560443215000001,0.162966908344549,19,0.343900010556191,1,"NANA OrderNA SexNA - NANA OrderNA SexNA"
"PR X0 Order2 M - NR X4 Order2 M",-0.295906514333333,0.0799885486957988,19,-3.69936096051302,1,"NANA OrderNA SexNA - NANA OrderNA SexNA"
"PR X0 Order2 M - PR X4 Order2 M",0.0141513611666668,0.0989150484160797,19,0.143065806399245,1,"NANA OrderNA SexNA - NANA OrderNA SexNA"
"PR X0 Order2 M - NR X5 Order2 M",-0.229553631833333,0.16290179179845,19,-1.4091535108303,1,"NANA OrderNA SexNA - NANA OrderNA SexNA"
"PR X0 Order2 M - PR X5 Order2 M",-0.0897792581666666,0.121767094470689,19,-0.737303115894562,1,"NANA OrderNA SexNA - NANA OrderNA SexNA"
"PR X0 Order2 M - NR X6 Order2 M",-0.322112306166667,0.154872323662405,19,-2.0798571271444,1,"NANA OrderNA SexNA - NANA OrderNA SexNA"
"PR X0 Order2 M - PR X6 Order2 M",-0.200699827666667,0.11884965496045,19,-1.6886866666416,1,"NANA OrderNA SexNA - NANA OrderNA SexNA"
"NR X1 Order2 M - PR X1 Order2 M",0.531858107666667,0.135818412103115,19,3.91594997637637,1,"NANA OrderNA SexNA - NANA OrderNA SexNA"
"NR X1 Order2 M - NR X2 Order2 M",0.180494132833334,0.0769444685732927,19,2.34577138786014,1,"NANA OrderNA SexNA - NANA OrderNA SexNA"
"NR X1 Order2 M - PR X2 Order2 M",0.5332445905,0.0827842685127025,19,6.44137588071071,0.00547906051662848,"NANA OrderNA SexNA - NANA OrderNA SexNA"
"NR X1 Order2 M - NR X3 Order2 M",-0.0037413298333329,0.170510210208214,19,-0.0219419695088304,1,"NANA OrderNA SexNA - NANA OrderNA SexNA"
"NR X1 Order2 M - PR X3 Order2 M",0.5103088325,0.13843098879441,19,3.68637713957157,1,"NANA OrderNA SexNA - NANA OrderNA SexNA"
"NR X1 Order2 M - NR X4 Order2 M",0.158357996666667,0.0794601555135279,19,1.99292331663895,1,"NANA OrderNA SexNA - NANA OrderNA SexNA"
"NR X1 Order2 M - PR X4 Order2 M",0.468415872166667,0.0906534791833722,19,5.16710308734167,0.0839173206474302,"NANA OrderNA SexNA - NANA OrderNA SexNA"
"NR X1 Order2 M - NR X5 Order2 M",0.224710879166667,0.110901059326736,19,2.02622842857277,1,"NANA OrderNA SexNA - NANA OrderNA SexNA"
"NR X1 Order2 M - PR X5 Order2 M",0.364485252833333,0.0824696911340083,19,4.41962674797783,0.446141875031094,"NANA OrderNA SexNA - NANA OrderNA SexNA"
"NR X1 Order2 M - NR X6 Order2 M",0.132152204833333,0.116324642136322,19,1.13606371278119,1,"NANA OrderNA SexNA - NANA OrderNA SexNA"
"NR X1 Order2 M - PR X6 Order2 M",0.253564683333333,0.0836852078097092,19,3.02998211953911,1,"NANA OrderNA SexNA - NANA OrderNA SexNA"
"PR X1 Order2 M - NR X2 Order2 M",-0.351363974833333,0.140000362660755,19,-2.50973617607511,1,"NANA OrderNA SexNA - NANA OrderNA SexNA"
"PR X1 Order2 M - PR X2 Order2 M",0.00138648283333333,0.126738119044795,19,0.0109397460194536,1,"NANA OrderNA SexNA - NANA OrderNA SexNA"
"PR X1 Order2 M - NR X3 Order2 M",-0.5355994375,0.225877541761008,19,-2.37119384833174,1,"NANA OrderNA SexNA - NANA OrderNA SexNA"
"PR X1 Order2 M - PR X3 Order2 M",-0.0215492751666668,0.187792589388786,19,-0.114750402221961,1,"NANA OrderNA SexNA - NANA OrderNA SexNA"
"PR X1 Order2 M - NR X4 Order2 M",-0.373500111,0.13176730945796,19,-2.83454304816904,1,"NANA OrderNA SexNA - NANA OrderNA SexNA"
"PR X1 Order2 M - PR X4 Order2 M",-0.0634422355000001,0.145295616625859,19,-0.436642460201439,1,"NANA OrderNA SexNA - NANA OrderNA SexNA"
"PR X1 Order2 M - NR X5 Order2 M",-0.3071472285,0.138266737463916,19,-2.22141083339121,1,"NANA OrderNA SexNA - NANA OrderNA SexNA"
"PR X1 Order2 M - PR X5 Order2 M",-0.167372854833333,0.111453808023831,19,-1.5017239679917,1,"NANA OrderNA SexNA - NANA OrderNA SexNA"
"PR X1 Order2 M - NR X6 Order2 M",-0.399705902833334,0.152618546714206,19,-2.61898643014748,1,"NANA OrderNA SexNA - NANA OrderNA SexNA"
"PR X1 Order2 M - PR X6 Order2 M",-0.278293424333334,0.134048246696063,19,-2.07606911088011,1,"NANA OrderNA SexNA - NANA OrderNA SexNA"
"NR X2 Order2 M - PR X2 Order2 M",0.352750457666667,0.0719519002754779,19,4.90258709382396,0.151153404148479,"NANA OrderNA SexNA - NANA OrderNA SexNA"
"NR X2 Order2 M - NR X3 Order2 M",-0.184235462666666,0.166556438002332,19,-1.10614434888483,1,"NANA OrderNA SexNA - NANA OrderNA SexNA"
"NR X2 Order2 M - PR X3 Order2 M",0.329814699666667,0.163002791477909,19,2.02336841397815,1,"NANA OrderNA SexNA - NANA OrderNA SexNA"
"NR X2 Order2 M - NR X4 Order2 M",-0.0221361361666667,0.0723890797277606,19,-0.305793860757946,1,"NANA OrderNA SexNA - NANA OrderNA SexNA"
"NR X2 Order2 M - PR X4 Order2 M",0.287921739333333,0.094781388360401,19,3.0377455354265,1,"NANA OrderNA SexNA - NANA OrderNA SexNA"
"NR X2 Order2 M - NR X5 Order2 M",0.0442167463333334,0.099252156411412,19,0.445499099788318,1,"NANA OrderNA SexNA - NANA OrderNA SexNA"
"NR X2 Order2 M - PR X5 Order2 M",0.18399112,0.0902719942661255,19,2.03818605643724,1,"NANA OrderNA SexNA - NANA OrderNA SexNA"
"NR X2 Order2 M - NR X6 Order2 M",-0.0483419280000003,0.0983732076369164,19,-0.491413558236552,1,"NANA OrderNA SexNA - NANA OrderNA SexNA"
"NR X2 Order2 M - PR X6 Order2 M",0.0730705504999998,0.121442266201843,19,0.601689615858723,1,"NANA OrderNA SexNA - NANA OrderNA SexNA"
"PR X2 Order2 M - NR X3 Order2 M",-0.536985920333333,0.179621493375039,19,-2.98954156456175,1,"NANA OrderNA SexNA - NANA OrderNA SexNA"
"PR X2 Order2 M - PR X3 Order2 M",-0.0229357580000001,0.122206468931113,19,-0.187680392049695,1,"NANA OrderNA SexNA - NANA OrderNA SexNA"
"PR X2 Order2 M - NR X4 Order2 M",-0.374886593833333,0.057649298656918,19,-6.50288212636124,0.00482965711747978,"NANA OrderNA SexNA - NANA OrderNA SexNA"
"PR X2 Order2 M - PR X4 Order2 M",-0.0648287183333334,0.0775602029029918,19,-0.835850293151215,1,"NANA OrderNA SexNA - NANA OrderNA SexNA"
"PR X2 Order2 M - NR X5 Order2 M",-0.308533711333333,0.124265993440579,19,-2.4828491109345,1,"NANA OrderNA SexNA - NANA OrderNA SexNA"
"PR X2 Order2 M - PR X5 Order2 M",-0.168759337666667,0.0904018051628062,19,-1.86676955579311,1,"NANA OrderNA SexNA - NANA OrderNA SexNA"
"PR X2 Order2 M - NR X6 Order2 M",-0.401092385666667,0.0925645955809148,19,-4.33310795720005,0.54284494850391,"NANA OrderNA SexNA - NANA OrderNA SexNA"
"PR X2 Order2 M - PR X6 Order2 M",-0.279679907166667,0.100602354474794,19,-2.78005329623515,1,"NANA OrderNA SexNA - NANA OrderNA SexNA"
"NR X3 Order2 M - PR X3 Order2 M",0.514050162333333,0.237069987724746,19,2.16834769878243,1,"NANA OrderNA SexNA - NANA OrderNA SexNA"
"NR X3 Order2 M - NR X4 Order2 M",0.1620993265,0.192042437219224,19,0.844080760727676,1,"NANA OrderNA SexNA - NANA OrderNA SexNA"
"NR X3 Order2 M - PR X4 Order2 M",0.472157202,0.157749406185674,19,2.99308386266926,1,"NANA OrderNA SexNA - NANA OrderNA SexNA"
"NR X3 Order2 M - NR X5 Order2 M",0.228452209,0.191918722010712,19,1.19035916145403,1,"NANA OrderNA SexNA - NANA OrderNA SexNA"
"NR X3 Order2 M - PR X5 Order2 M",0.368226582666666,0.151616166861093,19,2.42867624403158,1,"NANA OrderNA SexNA - NANA OrderNA SexNA"
"NR X3 Order2 M - NR X6 Order2 M",0.135893534666666,0.187750883489092,19,0.723797045005978,1,"NANA OrderNA SexNA - NANA OrderNA SexNA"
"NR X3 Order2 M - PR X6 Order2 M",0.257306013166666,0.19904682253826,19,1.29269088491582,1,"NANA OrderNA SexNA - NANA OrderNA SexNA"
"PR X3 Order2 M - NR X4 Order2 M",-0.351950835833333,0.136368221262455,19,-2.58088602003518,1,"NANA OrderNA SexNA - NANA OrderNA SexNA"
"PR X3 Order2 M - PR X4 Order2 M",-0.0418929603333333,0.147686207818613,19,-0.283661967844592,1,"NANA OrderNA SexNA - NANA OrderNA SexNA"
"PR X3 Order2 M - NR X5 Order2 M",-0.285597953333333,0.18583577720295,19,-1.53682976244899,1,"NANA OrderNA SexNA - NANA OrderNA SexNA"
"PR X3 Order2 M - PR X5 Order2 M",-0.145823579666667,0.161393993850508,19,-0.903525442227648,1,"NANA OrderNA SexNA - NANA OrderNA SexNA"
"PR X3 Order2 M - NR X6 Order2 M",-0.378156627666667,0.150055203727268,19,-2.5201167188709,1,"NANA OrderNA SexNA - NANA OrderNA SexNA"
"PR X3 Order2 M - PR X6 Order2 M",-0.256744149166667,0.119870011558983,19,-2.14185471268044,1,"NANA OrderNA SexNA - NANA OrderNA SexNA"
"NR X4 Order2 M - PR X4 Order2 M",0.3100578755,0.0874032558284337,19,3.54744079681221,1,"NANA OrderNA SexNA - NANA OrderNA SexNA"
"NR X4 Order2 M - NR X5 Order2 M",0.0663528825,0.124636735036805,19,0.532370191504182,1,"NANA OrderNA SexNA - NANA OrderNA SexNA"
"NR X4 Order2 M - PR X5 Order2 M",0.206127256166667,0.100014626360262,19,2.06097111660626,1,"NANA OrderNA SexNA - NANA OrderNA SexNA"
"NR X4 Order2 M - NR X6 Order2 M",-0.0262057918333336,0.0931973072453775,19,-0.281186148054008,1,"NANA OrderNA SexNA - NANA OrderNA SexNA"
"NR X4 Order2 M - PR X6 Order2 M",0.0952066866666665,0.0957438914866221,19,0.994389147844166,1,"NANA OrderNA SexNA - NANA OrderNA SexNA"
"PR X4 Order2 M - NR X5 Order2 M",-0.243704993,0.135709795236727,19,-1.79578041934917,1,"NANA OrderNA SexNA - NANA OrderNA SexNA"
"PR X4 Order2 M - PR X5 Order2 M",-0.103930619333333,0.0808495550412081,19,-1.28548164897582,1,"NANA OrderNA SexNA - NANA OrderNA SexNA"
"PR X4 Order2 M - NR X6 Order2 M",-0.336263667333334,0.126231880977414,19,-2.66385690151841,1,"NANA OrderNA SexNA - NANA OrderNA SexNA"
"PR X4 Order2 M - PR X6 Order2 M",-0.214851188833333,0.0977571433854676,19,-2.19780551469421,1,"NANA OrderNA SexNA - NANA OrderNA SexNA"
"NR X5 Order2 M - PR X5 Order2 M",0.139774373666667,0.113842532300139,19,1.22778693378113,1,"NANA OrderNA SexNA - NANA OrderNA SexNA"
"NR X5 Order2 M - NR X6 Order2 M",-0.0925586743333336,0.116151332464577,19,-0.796880004467979,1,"NANA OrderNA SexNA - NANA OrderNA SexNA"
"NR X5 Order2 M - PR X6 Order2 M",0.0288538041666664,0.147655076287168,19,0.195413560388198,1,"NANA OrderNA SexNA - NANA OrderNA SexNA"
"PR X5 Order2 M - NR X6 Order2 M",-0.232333048,0.115426612537757,19,-2.01282046567903,1,"NANA OrderNA SexNA - NANA OrderNA SexNA"
"PR X5 Order2 M - PR X6 Order2 M",-0.1109205695,0.094377627465698,19,-1.17528457197459,1,"NANA OrderNA SexNA - NANA OrderNA SexNA"
"NR X6 Order2 M - PR X6 Order2 M",0.1214124785,0.133570558807717,19,0.908976346163085,1,"NANA OrderNA SexNA - NANA OrderNA SexNA"
